Effective Sparsity,Activation Error,Baseline Error,q0,k0,v0,o0,gate0,up0,down0,q1,k1,v1,o1,gate1,up1,down1
0.0010330578512396697,0.00017142295837402344,0.002338409423828125,0.0,0.0,0.0,0.0,0.0,0.0,0.0,0.0,0.0,0.0,0.0,0.0,0.0,0.009259259259259259
0.0020661157024793393,0.00023424625396728516,0.002338409423828125,0.0,0.0,0.0,0.0,0.0,0.0,0.009259259259259259,0.0,0.0,0.0,0.0,0.0,0.0,0.009259259259259259
0.0030991735537190092,0.0004730224609375,0.002338409423828125,0.0,0.0,0.0,0.0,0.0,0.0,0.009259259259259259,0.0,0.0,0.0,0.0,0.009259259259259259,0.0,0.009259259259259259
0.004132231404958679,0.0005698204040527344,0.002338409423828125,0.0,0.0,0.0,0.0,0.0,0.0,0.009259259259259259,0.0,0.0,0.0,0.0,0.009259259259259259,0.009259259259259259,0.009259259259259259
0.005165289256198348,0.0006513595581054688,0.002338409423828125,0.0,0.0,0.0,0.0,0.009259259259259259,0.0,0.009259259259259259,0.0,0.0,0.0,0.0,0.009259259259259259,0.009259259259259259,0.009259259259259259
0.006198347107438018,0.0007610321044921875,0.002338409423828125,0.0,0.0,0.0,0.0,0.009259259259259259,0.009259259259259259,0.009259259259259259,0.0,0.0,0.0,0.0,0.009259259259259259,0.009259259259259259,0.009259259259259259
0.007231404958677687,0.0017328262329101562,0.002338409423828125,0.0,0.0,0.0,0.0,0.009259259259259259,0.009259259259259259,0.009259259259259259,0.0,0.0,0.0,0.0,0.009259259259259259,0.009259259259259259,0.018518518518518517
0.008264462809917357,0.002201080322265625,0.002338409423828125,0.0,0.0,0.0,0.0,0.009259259259259259,0.009259259259259259,0.009259259259259259,0.0,0.0,0.0,0.0,0.009259259259259259,0.009259259259259259,0.027777777777777776
0.009297520661157025,0.0025920867919921875,0.002338409423828125,0.0,0.0,0.0,0.0,0.009259259259259259,0.009259259259259259,0.018518518518518517,0.0,0.0,0.0,0.0,0.009259259259259259,0.009259259259259259,0.027777777777777776
0.010330578512396696,0.002887725830078125,0.0085906982421875,0.0,0.0,0.0,0.0,0.009259259259259259,0.009259259259259259,0.027777777777777776,0.0,0.0,0.0,0.0,0.009259259259259259,0.009259259259259259,0.027777777777777776
0.011363636363636367,0.0032329559326171875,0.0086669921875,0.0,0.0,0.0,0.0,0.009259259259259259,0.009259259259259259,0.027777777777777776,0.0,0.0,0.0,0.0,0.009259259259259259,0.009259259259259259,0.037037037037037035
0.012396694214876037,0.0035190582275390625,0.00933837890625,0.0,0.0,0.0,0.0,0.009259259259259259,0.009259259259259259,0.037037037037037035,0.0,0.0,0.0,0.0,0.009259259259259259,0.009259259259259259,0.037037037037037035
0.013429752066115705,0.0038509368896484375,0.01059722900390625,0.0,0.0,0.0,0.0,0.009259259259259259,0.009259259259259259,0.037037037037037035,0.0,0.0,0.0,0.0,0.009259259259259259,0.009259259259259259,0.046296296296296294
0.014462809917355374,0.0041351318359375,0.01065826416015625,0.0,0.0,0.0,0.0,0.009259259259259259,0.009259259259259259,0.046296296296296294,0.0,0.0,0.0,0.0,0.009259259259259259,0.009259259259259259,0.046296296296296294
0.015495867768595043,0.00446319580078125,0.01146697998046875,0.0,0.0,0.0,0.0,0.009259259259259259,0.009259259259259259,0.046296296296296294,0.0,0.0,0.0,0.0,0.009259259259259259,0.009259259259259259,0.05555555555555555
0.016528925619834715,0.004749298095703125,0.012054443359375,0.0,0.0,0.0,0.0,0.009259259259259259,0.009259259259259259,0.05555555555555555,0.0,0.0,0.0,0.0,0.009259259259259259,0.009259259259259259,0.05555555555555555
0.017561983471074384,0.00507354736328125,0.012481689453125,0.0,0.0,0.0,0.0,0.009259259259259259,0.009259259259259259,0.05555555555555555,0.0,0.0,0.0,0.0,0.009259259259259259,0.009259259259259259,0.06481481481481481
0.01859504132231405,0.005359649658203125,0.01311492919921875,0.0,0.0,0.0,0.0,0.009259259259259259,0.009259259259259259,0.06481481481481481,0.0,0.0,0.0,0.0,0.009259259259259259,0.009259259259259259,0.06481481481481481
0.019628099173553723,0.00567626953125,0.0140838623046875,0.0,0.0,0.0,0.0,0.009259259259259259,0.009259259259259259,0.06481481481481481,0.0,0.0,0.0,0.0,0.009259259259259259,0.009259259259259259,0.07407407407407407
0.020661157024793392,0.00595855712890625,0.01506805419921875,0.0,0.0,0.0,0.0,0.009259259259259259,0.009259259259259259,0.07407407407407407,0.0,0.0,0.0,0.0,0.009259259259259259,0.009259259259259259,0.07407407407407407
0.021694214876033062,0.006267547607421875,0.01560211181640625,0.0,0.0,0.0,0.0,0.009259259259259259,0.009259259259259259,0.07407407407407407,0.0,0.0,0.0,0.0,0.009259259259259259,0.009259259259259259,0.08333333333333333
0.022727272727272735,0.006542205810546875,0.016448974609375,0.0,0.0,0.0,0.0,0.009259259259259259,0.009259259259259259,0.08333333333333333,0.0,0.0,0.0,0.0,0.009259259259259259,0.009259259259259259,0.08333333333333333
0.023760330578512404,0.0068511962890625,0.016754150390625,0.0,0.0,0.0,0.0,0.009259259259259259,0.009259259259259259,0.08333333333333333,0.0,0.0,0.0,0.0,0.009259259259259259,0.009259259259259259,0.09259259259259259
0.024793388429752074,0.00713348388671875,0.01739501953125,0.0,0.0,0.0,0.0,0.009259259259259259,0.009259259259259259,0.09259259259259259,0.0,0.0,0.0,0.0,0.009259259259259259,0.009259259259259259,0.09259259259259259
0.02582644628099174,0.0074462890625,0.01800537109375,0.0,0.0,0.0,0.0,0.009259259259259259,0.009259259259259259,0.09259259259259259,0.0,0.0,0.0,0.0,0.009259259259259259,0.009259259259259259,0.10185185185185185
0.026859504132231416,0.007732391357421875,0.0187835693359375,0.0,0.0,0.0,0.0,0.009259259259259259,0.009259259259259259,0.10185185185185185,0.0,0.0,0.0,0.0,0.009259259259259259,0.009259259259259259,0.10185185185185185
0.027892561983471082,0.0080413818359375,0.0199432373046875,0.0,0.0,0.0,0.0,0.009259259259259259,0.009259259259259259,0.10185185185185185,0.0,0.0,0.0,0.0,0.009259259259259259,0.009259259259259259,0.1111111111111111
0.028925619834710748,0.00832366943359375,0.020660400390625,0.0,0.0,0.0,0.0,0.009259259259259259,0.009259259259259259,0.1111111111111111,0.0,0.0,0.0,0.0,0.009259259259259259,0.009259259259259259,0.1111111111111111
0.02995867768595042,0.008636474609375,0.02093505859375,0.0,0.0,0.0,0.0,0.009259259259259259,0.009259259259259259,0.1111111111111111,0.0,0.0,0.0,0.0,0.009259259259259259,0.009259259259259259,0.12037037037037036
0.030991735537190087,0.0089263916015625,0.02142333984375,0.0,0.0,0.0,0.0,0.009259259259259259,0.009259259259259259,0.12037037037037036,0.0,0.0,0.0,0.0,0.009259259259259259,0.009259259259259259,0.12037037037037036
0.032024793388429756,0.00923919677734375,0.0225982666015625,0.0,0.0,0.0,0.0,0.009259259259259259,0.009259259259259259,0.12037037037037036,0.0,0.0,0.0,0.0,0.009259259259259259,0.009259259259259259,0.12962962962962962
0.03305785123966943,0.00952911376953125,0.0232696533203125,0.0,0.0,0.0,0.0,0.009259259259259259,0.009259259259259259,0.12962962962962962,0.0,0.0,0.0,0.0,0.009259259259259259,0.009259259259259259,0.12962962962962962
0.0340909090909091,0.00982666015625,0.0240325927734375,0.0,0.0,0.0,0.0,0.009259259259259259,0.009259259259259259,0.12962962962962962,0.0,0.0,0.0,0.0,0.009259259259259259,0.009259259259259259,0.1388888888888889
0.03512396694214877,0.0101165771484375,0.0251007080078125,0.0,0.0,0.0,0.0,0.009259259259259259,0.009259259259259259,0.1388888888888889,0.0,0.0,0.0,0.0,0.009259259259259259,0.009259259259259259,0.1388888888888889
0.03615702479338844,0.0104217529296875,0.0249786376953125,0.0,0.0,0.0,0.0,0.009259259259259259,0.009259259259259259,0.1388888888888889,0.0,0.0,0.0,0.0,0.009259259259259259,0.009259259259259259,0.14814814814814814
0.03719008264462811,0.010711669921875,0.025177001953125,0.0,0.0,0.0,0.0,0.009259259259259259,0.009259259259259259,0.14814814814814814,0.0,0.0,0.0,0.0,0.009259259259259259,0.009259259259259259,0.14814814814814814
0.03822314049586778,0.0110321044921875,0.025848388671875,0.0,0.0,0.0,0.0,0.009259259259259259,0.009259259259259259,0.14814814814814814,0.0,0.0,0.0,0.0,0.009259259259259259,0.009259259259259259,0.15740740740740738
0.039256198347107446,0.01132965087890625,0.025970458984375,0.0,0.0,0.0,0.0,0.009259259259259259,0.009259259259259259,0.15740740740740738,0.0,0.0,0.0,0.0,0.009259259259259259,0.009259259259259259,0.15740740740740738
0.04028925619834711,0.01165008544921875,0.0264739990234375,0.0,0.0,0.0,0.0,0.009259259259259259,0.009259259259259259,0.15740740740740738,0.0,0.0,0.0,0.0,0.009259259259259259,0.009259259259259259,0.16666666666666663
0.04132231404958678,0.0119476318359375,0.027496337890625,0.0,0.0,0.0,0.0,0.009259259259259259,0.009259259259259259,0.16666666666666663,0.0,0.0,0.0,0.0,0.009259259259259259,0.009259259259259259,0.16666666666666663
0.04235537190082645,0.01226806640625,0.02783203125,0.0,0.0,0.0,0.0,0.009259259259259259,0.009259259259259259,0.16666666666666663,0.0,0.0,0.0,0.0,0.009259259259259259,0.009259259259259259,0.17592592592592587
0.04338842975206612,0.01256561279296875,0.0290374755859375,0.0,0.0,0.0,0.0,0.009259259259259259,0.009259259259259259,0.17592592592592587,0.0,0.0,0.0,0.0,0.009259259259259259,0.009259259259259259,0.17592592592592587
0.04442148760330578,0.01288604736328125,0.0305023193359375,0.0,0.0,0.0,0.0,0.009259259259259259,0.009259259259259259,0.17592592592592587,0.0,0.0,0.0,0.0,0.009259259259259259,0.009259259259259259,0.18518518518518512
0.04545454545454545,0.01319122314453125,0.03204345703125,0.0,0.0,0.0,0.0,0.009259259259259259,0.009259259259259259,0.18518518518518512,0.0,0.0,0.0,0.0,0.009259259259259259,0.009259259259259259,0.18518518518518512
0.046487603305785115,0.0135040283203125,0.032562255859375,0.0,0.0,0.0,0.0,0.009259259259259259,0.009259259259259259,0.18518518518518512,0.0,0.0,0.0,0.0,0.009259259259259259,0.009259259259259259,0.19444444444444436
0.04752066115702479,0.01380157470703125,0.03271484375,0.0,0.0,0.0,0.0,0.009259259259259259,0.009259259259259259,0.19444444444444436,0.0,0.0,0.0,0.0,0.009259259259259259,0.009259259259259259,0.19444444444444436
0.04855371900826446,0.014129638671875,0.03369140625,0.0,0.0,0.0,0.0,0.009259259259259259,0.009259259259259259,0.19444444444444436,0.0,0.0,0.0,0.0,0.009259259259259259,0.009259259259259259,0.2037037037037036
0.04958677685950413,0.0144500732421875,0.035247802734375,0.0,0.0,0.0,0.0,0.009259259259259259,0.009259259259259259,0.2037037037037036,0.0,0.0,0.0,0.0,0.009259259259259259,0.009259259259259259,0.2037037037037036
0.05061983471074379,0.0147705078125,0.034759521484375,0.0,0.0,0.0,0.0,0.009259259259259259,0.009259259259259259,0.2037037037037036,0.0,0.0,0.0,0.0,0.009259259259259259,0.009259259259259259,0.21296296296296285
0.05165289256198346,0.01508331298828125,0.036041259765625,0.0,0.0,0.0,0.0,0.009259259259259259,0.009259259259259259,0.21296296296296285,0.0,0.0,0.0,0.0,0.009259259259259259,0.009259259259259259,0.21296296296296285
0.052685950413223125,0.015411376953125,0.0361328125,0.0,0.0,0.0,0.0,0.009259259259259259,0.009259259259259259,0.21296296296296285,0.0,0.0,0.0,0.0,0.009259259259259259,0.009259259259259259,0.2222222222222221
0.053719008264462804,0.0157318115234375,0.036407470703125,0.0,0.0,0.0,0.0,0.009259259259259259,0.009259259259259259,0.2222222222222221,0.0,0.0,0.0,0.0,0.009259259259259259,0.009259259259259259,0.2222222222222221
0.05475206611570247,0.01605224609375,0.037078857421875,0.0,0.0,0.0,0.0,0.009259259259259259,0.009259259259259259,0.2222222222222221,0.0,0.0,0.0,0.0,0.009259259259259259,0.009259259259259259,0.23148148148148134
0.055785123966942136,0.0163726806640625,0.03765869140625,0.0,0.0,0.0,0.0,0.009259259259259259,0.009259259259259259,0.23148148148148134,0.0,0.0,0.0,0.0,0.009259259259259259,0.009259259259259259,0.23148148148148134
0.0568181818181818,0.0167083740234375,0.038055419921875,0.0,0.0,0.0,0.0,0.009259259259259259,0.009259259259259259,0.23148148148148134,0.0,0.0,0.0,0.0,0.009259259259259259,0.009259259259259259,0.2407407407407406
0.05785123966942147,0.01702880859375,0.038848876953125,0.0,0.0,0.0,0.0,0.009259259259259259,0.009259259259259259,0.2407407407407406,0.0,0.0,0.0,0.0,0.009259259259259259,0.009259259259259259,0.2407407407407406
0.05888429752066114,0.0173797607421875,0.039337158203125,0.0,0.0,0.0,0.0,0.009259259259259259,0.009259259259259259,0.2407407407407406,0.0,0.0,0.0,0.0,0.009259259259259259,0.009259259259259259,0.24999999999999983
0.05991735537190081,0.0177154541015625,0.039520263671875,0.0,0.0,0.0,0.0,0.009259259259259259,0.009259259259259259,0.24999999999999983,0.0,0.0,0.0,0.0,0.009259259259259259,0.009259259259259259,0.24999999999999983
0.06095041322314047,0.01806640625,0.039886474609375,0.0,0.0,0.0,0.0,0.009259259259259259,0.009259259259259259,0.24999999999999983,0.0,0.0,0.0,0.0,0.009259259259259259,0.009259259259259259,0.2592592592592591
0.06198347107438014,0.018402099609375,0.040130615234375,0.0,0.0,0.0,0.0,0.009259259259259259,0.009259259259259259,0.2592592592592591,0.0,0.0,0.0,0.0,0.009259259259259259,0.009259259259259259,0.2592592592592591
0.0630165289256198,0.01873779296875,0.040069580078125,0.0,0.0,0.0,0.0,0.009259259259259259,0.009259259259259259,0.2592592592592591,0.0,0.0,0.0,0.0,0.009259259259259259,0.009259259259259259,0.2685185185185183
0.06404958677685949,0.019073486328125,0.040557861328125,0.0,0.0,0.0,0.0,0.009259259259259259,0.009259259259259259,0.2685185185185183,0.0,0.0,0.0,0.0,0.009259259259259259,0.009259259259259259,0.2685185185185183
0.06508264462809915,0.0194091796875,0.040435791015625,0.0,0.0,0.0,0.0,0.009259259259259259,0.009259259259259259,0.2685185185185183,0.0,0.0,0.0,0.0,0.009259259259259259,0.009259259259259259,0.27777777777777757
0.06611570247933882,0.019744873046875,0.040771484375,0.0,0.0,0.0,0.0,0.009259259259259259,0.009259259259259259,0.27777777777777757,0.0,0.0,0.0,0.0,0.009259259259259259,0.009259259259259259,0.27777777777777757
0.06714876033057848,0.0200958251953125,0.041107177734375,0.0,0.0,0.0,0.0,0.009259259259259259,0.009259259259259259,0.27777777777777757,0.0,0.0,0.0,0.0,0.009259259259259259,0.009259259259259259,0.2870370370370368
0.06818181818181815,0.02044677734375,0.041595458984375,0.0,0.0,0.0,0.0,0.009259259259259259,0.009259259259259259,0.2870370370370368,0.0,0.0,0.0,0.0,0.009259259259259259,0.009259259259259259,0.2870370370370368
0.06921487603305781,0.020782470703125,0.0419921875,0.0,0.0,0.0,0.0,0.009259259259259259,0.009259259259259259,0.2870370370370368,0.0,0.0,0.0,0.0,0.009259259259259259,0.009259259259259259,0.29629629629629606
0.07024793388429748,0.0211334228515625,0.04193115234375,0.0,0.0,0.0,0.0,0.009259259259259259,0.009259259259259259,0.29629629629629606,0.0,0.0,0.0,0.0,0.009259259259259259,0.009259259259259259,0.29629629629629606
0.07128099173553715,0.021484375,0.042327880859375,0.0,0.0,0.0,0.0,0.009259259259259259,0.009259259259259259,0.29629629629629606,0.0,0.0,0.0,0.0,0.009259259259259259,0.009259259259259259,0.3055555555555553
0.07231404958677683,0.0218353271484375,0.042633056640625,0.0,0.0,0.0,0.0,0.009259259259259259,0.009259259259259259,0.3055555555555553,0.0,0.0,0.0,0.0,0.009259259259259259,0.009259259259259259,0.3055555555555553
0.07334710743801649,0.022186279296875,0.042999267578125,0.0,0.0,0.0,0.0,0.009259259259259259,0.009259259259259259,0.3055555555555553,0.0,0.0,0.0,0.0,0.009259259259259259,0.009259259259259259,0.31481481481481455
0.07438016528925616,0.022552490234375,0.0433349609375,0.0,0.0,0.0,0.0,0.009259259259259259,0.009259259259259259,0.31481481481481455,0.0,0.0,0.0,0.0,0.009259259259259259,0.009259259259259259,0.31481481481481455
0.07541322314049584,0.022918701171875,0.04339599609375,0.0,0.0,0.0,0.0,0.009259259259259259,0.009259259259259259,0.31481481481481455,0.0,0.0,0.0,0.0,0.009259259259259259,0.009259259259259259,0.3240740740740738
0.0764462809917355,0.023284912109375,0.04376220703125,0.0,0.0,0.0,0.0,0.009259259259259259,0.009259259259259259,0.3240740740740738,0.0,0.0,0.0,0.0,0.009259259259259259,0.009259259259259259,0.3240740740740738
0.07747933884297517,0.023651123046875,0.044677734375,0.0,0.0,0.0,0.0,0.009259259259259259,0.009259259259259259,0.3240740740740738,0.0,0.0,0.0,0.0,0.009259259259259259,0.009259259259259259,0.33333333333333304
0.07851239669421484,0.024017333984375,0.0450439453125,0.0,0.0,0.0,0.0,0.009259259259259259,0.009259259259259259,0.3240740740740738,0.0,0.0,0.0,0.0,0.009259259259259259,0.009259259259259259,0.3425925925925923
0.0795454545454545,0.024383544921875,0.04541015625,0.0,0.0,0.0,0.0,0.009259259259259259,0.009259259259259259,0.33333333333333304,0.0,0.0,0.0,0.0,0.009259259259259259,0.009259259259259259,0.3425925925925923
0.08057851239669417,0.024749755859375,0.046051025390625,0.0,0.0,0.0,0.0,0.009259259259259259,0.009259259259259259,0.3425925925925923,0.0,0.0,0.0,0.0,0.009259259259259259,0.009259259259259259,0.3425925925925923
0.08161157024793383,0.0251312255859375,0.046478271484375,0.0,0.0,0.0,0.0,0.009259259259259259,0.009259259259259259,0.3425925925925923,0.0,0.0,0.0,0.0,0.009259259259259259,0.009259259259259259,0.3518518518518515
0.0826446280991735,0.0254974365234375,0.04681396484375,0.0,0.0,0.0,0.0,0.009259259259259259,0.009259259259259259,0.3518518518518515,0.0,0.0,0.0,0.0,0.009259259259259259,0.009259259259259259,0.3518518518518515
0.08367768595041318,0.02587890625,0.047271728515625,0.0,0.0,0.0,0.0,0.009259259259259259,0.009259259259259259,0.3518518518518515,0.0,0.0,0.0,0.0,0.009259259259259259,0.009259259259259259,0.36111111111111077
0.08471074380165283,0.0262603759765625,0.04766845703125,0.0,0.0,0.0,0.0,0.009259259259259259,0.009259259259259259,0.36111111111111077,0.0,0.0,0.0,0.0,0.009259259259259259,0.009259259259259259,0.36111111111111077
0.08574380165289251,0.0266571044921875,0.048309326171875,0.0,0.0,0.0,0.0,0.009259259259259259,0.009259259259259259,0.36111111111111077,0.0,0.0,0.0,0.0,0.009259259259259259,0.009259259259259259,0.37037037037037
0.08677685950413216,0.02703857421875,0.04876708984375,0.0,0.0,0.0,0.0,0.009259259259259259,0.009259259259259259,0.37037037037037,0.0,0.0,0.0,0.0,0.009259259259259259,0.009259259259259259,0.37037037037037
0.08780991735537184,0.027435302734375,0.04827880859375,0.0,0.0,0.0,0.0,0.009259259259259259,0.009259259259259259,0.37037037037037,0.0,0.0,0.0,0.0,0.009259259259259259,0.009259259259259259,0.37962962962962926
0.0888429752066115,0.0278167724609375,0.0484619140625,0.0,0.0,0.0,0.0,0.009259259259259259,0.009259259259259259,0.37962962962962926,0.0,0.0,0.0,0.0,0.009259259259259259,0.009259259259259259,0.37962962962962926
0.08987603305785118,0.0281982421875,0.048919677734375,0.0,0.0,0.0,0.0,0.009259259259259259,0.009259259259259259,0.37962962962962926,0.0,0.0,0.0,0.0,0.009259259259259259,0.009259259259259259,0.3888888888888885
0.09090909090909083,0.028594970703125,0.049346923828125,0.0,0.0,0.0,0.0,0.009259259259259259,0.009259259259259259,0.3888888888888885,0.0,0.0,0.0,0.0,0.009259259259259259,0.009259259259259259,0.3888888888888885
0.09194214876033051,0.0289764404296875,0.0496826171875,0.0,0.0,0.0,0.0,0.009259259259259259,0.009259259259259259,0.3888888888888885,0.0,0.0,0.0,0.0,0.018518518518518517,0.009259259259259259,0.3888888888888885
0.09297520661157017,0.0291290283203125,0.05035400390625,0.0,0.0,0.0,0.0,0.009259259259259259,0.009259259259259259,0.3888888888888885,0.0,0.0,0.0,0.0,0.027777777777777776,0.009259259259259259,0.3888888888888885
0.09400826446280984,0.029266357421875,0.051116943359375,0.0,0.0,0.0,0.0,0.009259259259259259,0.009259259259259259,0.3888888888888885,0.0,0.0,0.0,0.0,0.037037037037037035,0.009259259259259259,0.3888888888888885
0.09504132231404952,0.0294342041015625,0.052276611328125,0.0,0.0,0.0,0.0,0.009259259259259259,0.009259259259259259,0.3888888888888885,0.0,0.0,0.0,0.0,0.046296296296296294,0.009259259259259259,0.3888888888888885
0.09607438016528917,0.0295867919921875,0.052703857421875,0.0,0.0,0.0,0.0,0.009259259259259259,0.009259259259259259,0.3888888888888885,0.0,0.0,0.0,0.0,0.05555555555555555,0.009259259259259259,0.3888888888888885
0.09710743801652885,0.02972412109375,0.0533447265625,0.0,0.0,0.0,0.0,0.009259259259259259,0.009259259259259259,0.3888888888888885,0.0,0.0,0.0,0.0,0.06481481481481481,0.009259259259259259,0.3888888888888885
0.09814049586776852,0.0299072265625,0.053619384765625,0.0,0.0,0.0,0.0,0.009259259259259259,0.009259259259259259,0.3888888888888885,0.0,0.0,0.0,0.0,0.07407407407407407,0.009259259259259259,0.3888888888888885
0.09917355371900818,0.03009033203125,0.053680419921875,0.0,0.0,0.0,0.0,0.009259259259259259,0.009259259259259259,0.3888888888888885,0.0,0.0,0.0,0.0,0.08333333333333333,0.009259259259259259,0.3888888888888885
0.10020661157024788,0.0302886962890625,0.05426025390625,0.0,0.0,0.0,0.0,0.009259259259259259,0.009259259259259259,0.3888888888888885,0.0,0.0,0.0,0.0,0.09259259259259259,0.009259259259259259,0.3888888888888885
0.10123966942148754,0.030548095703125,0.055023193359375,0.0,0.0,0.0,0.0,0.009259259259259259,0.009259259259259259,0.3888888888888885,0.0,0.0,0.0,0.0,0.10185185185185185,0.009259259259259259,0.3888888888888885
0.1022727272727272,0.030792236328125,0.05450439453125,0.0,0.0,0.0,0.0,0.009259259259259259,0.009259259259259259,0.3888888888888885,0.0,0.0,0.0,0.025,0.10185185185185185,0.009259259259259259,0.3888888888888885
0.10330578512396686,0.03094482421875,0.054901123046875,0.0,0.0,0.0,0.0,0.009259259259259259,0.009259259259259259,0.3888888888888885,0.0,0.0,0.0,0.05,0.10185185185185185,0.009259259259259259,0.3888888888888885
0.10433884297520653,0.03106689453125,0.05609130859375,0.0,0.0,0.0,0.0,0.009259259259259259,0.009259259259259259,0.3888888888888885,0.0,0.0,0.0,0.07500000000000001,0.10185185185185185,0.009259259259259259,0.3888888888888885
0.1053719008264462,0.0312347412109375,0.05767822265625,0.0,0.0,0.0,0.0,0.009259259259259259,0.009259259259259259,0.3888888888888885,0.025,0.0,0.0,0.07500000000000001,0.10185185185185185,0.009259259259259259,0.3888888888888885
0.10640495867768586,0.031341552734375,0.058135986328125,0.0,0.0,0.0,0.025,0.009259259259259259,0.009259259259259259,0.3888888888888885,0.025,0.0,0.0,0.07500000000000001,0.10185185185185185,0.009259259259259259,0.3888888888888885
0.10743801652892555,0.03155517578125,0.058319091796875,0.0,0.0,0.0,0.025,0.009259259259259259,0.009259259259259259,0.3888888888888885,0.025,0.0,0.0,0.07500000000000001,0.1111111111111111,0.009259259259259259,0.3888888888888885
0.10847107438016522,0.03173828125,0.058807373046875,0.0,0.0,0.0,0.025,0.009259259259259259,0.009259259259259259,0.3888888888888885,0.025,0.0,0.0,0.1,0.1111111111111111,0.009259259259259259,0.3888888888888885
0.10950413223140489,0.031982421875,0.05926513671875,0.0,0.0,0.0,0.025,0.009259259259259259,0.009259259259259259,0.3888888888888885,0.025,0.0,0.0,0.1,0.12037037037037036,0.009259259259259259,0.3888888888888885
0.11053719008264455,0.0322265625,0.05963134765625,0.0,0.0,0.0,0.025,0.009259259259259259,0.009259259259259259,0.3888888888888885,0.025,0.0,0.0,0.1,0.12962962962962962,0.009259259259259259,0.3888888888888885
0.11157024793388422,0.032470703125,0.05987548828125,0.0,0.0,0.0,0.025,0.009259259259259259,0.009259259259259259,0.3888888888888885,0.025,0.0,0.0,0.1,0.1388888888888889,0.009259259259259259,0.3888888888888885
0.1126033057851239,0.032745361328125,0.060516357421875,0.0,0.0,0.0,0.025,0.009259259259259259,0.009259259259259259,0.3888888888888885,0.025,0.0,0.0,0.1,0.14814814814814814,0.009259259259259259,0.3888888888888885
0.11363636363636358,0.03302001953125,0.0604248046875,0.0,0.0,0.0,0.025,0.009259259259259259,0.009259259259259259,0.3888888888888885,0.025,0.0,0.0,0.1,0.14814814814814814,0.018518518518518517,0.3888888888888885
0.11466942148760323,0.033172607421875,0.060882568359375,0.0,0.0,0.0,0.025,0.009259259259259259,0.009259259259259259,0.3888888888888885,0.025,0.0,0.0,0.1,0.14814814814814814,0.027777777777777776,0.3888888888888885
0.11570247933884291,0.033355712890625,0.06097412109375,0.0,0.0,0.0,0.025,0.009259259259259259,0.009259259259259259,0.3888888888888885,0.025,0.0,0.0,0.1,0.14814814814814814,0.037037037037037035,0.3888888888888885
0.11673553719008258,0.033538818359375,0.061737060546875,0.0,0.0,0.0,0.025,0.009259259259259259,0.009259259259259259,0.3888888888888885,0.025,0.0,0.0,0.1,0.14814814814814814,0.046296296296296294,0.3888888888888885
0.11776859504132224,0.03375244140625,0.0626220703125,0.0,0.0,0.0,0.025,0.009259259259259259,0.009259259259259259,0.3888888888888885,0.025,0.0,0.0,0.1,0.14814814814814814,0.05555555555555555,0.3888888888888885
0.11880165289256193,0.033966064453125,0.0634765625,0.0,0.0,0.0,0.025,0.009259259259259259,0.009259259259259259,0.3888888888888885,0.025,0.0,0.0,0.1,0.14814814814814814,0.06481481481481481,0.3888888888888885
0.11983471074380157,0.034210205078125,0.06341552734375,0.025,0.0,0.0,0.025,0.009259259259259259,0.009259259259259259,0.3888888888888885,0.025,0.0,0.0,0.1,0.14814814814814814,0.06481481481481481,0.3888888888888885
0.12086776859504127,0.034423828125,0.06390380859375,0.025,0.0,0.0,0.025,0.009259259259259259,0.009259259259259259,0.3888888888888885,0.025,0.0,0.0,0.125,0.14814814814814814,0.06481481481481481,0.3888888888888885
0.1219008264462809,0.034454345703125,0.0640869140625,0.025,0.0,0.0,0.025,0.009259259259259259,0.009259259259259259,0.3888888888888885,0.025,0.0,0.0,0.15,0.14814814814814814,0.06481481481481481,0.3888888888888885
0.1229338842975206,0.034698486328125,0.06451416015625,0.025,0.0,0.0,0.025,0.009259259259259259,0.009259259259259259,0.3888888888888885,0.025,0.0,0.0,0.175,0.14814814814814814,0.06481481481481481,0.3888888888888885
0.12396694214876028,0.034912109375,0.0650634765625,0.025,0.0,0.0,0.025,0.009259259259259259,0.009259259259259259,0.3888888888888885,0.025,0.0,0.0,0.19999999999999998,0.14814814814814814,0.06481481481481481,0.3888888888888885
0.12499999999999993,0.0350341796875,0.06549072265625,0.025,0.0,0.0,0.025,0.009259259259259259,0.009259259259259259,0.3888888888888885,0.025,0.0,0.0,0.22499999999999998,0.14814814814814814,0.06481481481481481,0.3888888888888885
0.1260330578512396,0.0352783203125,0.06591796875,0.025,0.0,0.0,0.025,0.009259259259259259,0.009259259259259259,0.3888888888888885,0.025,0.0,0.0,0.22499999999999998,0.14814814814814814,0.07407407407407407,0.3888888888888885
0.12706611570247928,0.0355224609375,0.0662841796875,0.025,0.0,0.0,0.025,0.009259259259259259,0.009259259259259259,0.3888888888888885,0.025,0.0,0.0,0.22499999999999998,0.14814814814814814,0.08333333333333333,0.3888888888888885
0.12809917355371894,0.0357666015625,0.0667724609375,0.025,0.0,0.0,0.025,0.009259259259259259,0.009259259259259259,0.3888888888888885,0.025,0.0,0.0,0.22499999999999998,0.14814814814814814,0.09259259259259259,0.3888888888888885
0.1291322314049586,0.036041259765625,0.06719970703125,0.025,0.0,0.0,0.025,0.009259259259259259,0.009259259259259259,0.3888888888888885,0.025,0.0,0.0,0.22499999999999998,0.14814814814814814,0.10185185185185185,0.3888888888888885
0.1301652892561983,0.036346435546875,0.0675048828125,0.025,0.0,0.0,0.025,0.009259259259259259,0.009259259259259259,0.3888888888888885,0.025,0.0,0.0,0.22499999999999998,0.15740740740740738,0.10185185185185185,0.3888888888888885
0.13119834710743797,0.036651611328125,0.0670166015625,0.025,0.0,0.0,0.025,0.009259259259259259,0.009259259259259259,0.3888888888888885,0.025,0.0,0.0,0.22499999999999998,0.16666666666666663,0.10185185185185185,0.3888888888888885
0.13223140495867763,0.0369873046875,0.0675048828125,0.025,0.0,0.0,0.025,0.009259259259259259,0.009259259259259259,0.3888888888888885,0.025,0.0,0.0,0.22499999999999998,0.17592592592592587,0.10185185185185185,0.3888888888888885
0.1332644628099173,0.037322998046875,0.0684814453125,0.025,0.0,0.0,0.025,0.009259259259259259,0.009259259259259259,0.3888888888888885,0.025,0.0,0.0,0.22499999999999998,0.18518518518518512,0.10185185185185185,0.3888888888888885
0.13429752066115697,0.03765869140625,0.06805419921875,0.025,0.0,0.0,0.025,0.009259259259259259,0.009259259259259259,0.3888888888888885,0.025,0.0,0.0,0.22499999999999998,0.19444444444444436,0.10185185185185185,0.3888888888888885
0.13533057851239663,0.037994384765625,0.068603515625,0.025,0.0,0.0,0.05,0.009259259259259259,0.009259259259259259,0.3888888888888885,0.025,0.0,0.0,0.22499999999999998,0.19444444444444436,0.10185185185185185,0.3888888888888885
0.1363636363636363,0.038177490234375,0.0689697265625,0.025,0.0,0.0,0.07500000000000001,0.009259259259259259,0.009259259259259259,0.3888888888888885,0.025,0.0,0.0,0.22499999999999998,0.19444444444444436,0.10185185185185185,0.3888888888888885
0.13739669421487596,0.038360595703125,0.0694580078125,0.025,0.0,0.0,0.1,0.009259259259259259,0.009259259259259259,0.3888888888888885,0.025,0.0,0.0,0.22499999999999998,0.19444444444444436,0.10185185185185185,0.3888888888888885
0.13842975206611563,0.03863525390625,0.06915283203125,0.025,0.0,0.0,0.125,0.009259259259259259,0.009259259259259259,0.3888888888888885,0.025,0.0,0.0,0.22499999999999998,0.19444444444444436,0.10185185185185185,0.3888888888888885
0.1394628099173553,0.038970947265625,0.06964111328125,0.025,0.0,0.0,0.125,0.009259259259259259,0.009259259259259259,0.3888888888888885,0.05,0.0,0.0,0.22499999999999998,0.19444444444444436,0.10185185185185185,0.3888888888888885
0.14049586776859496,0.038970947265625,0.07000732421875,0.025,0.0,0.0,0.125,0.009259259259259259,0.009259259259259259,0.3888888888888885,0.07500000000000001,0.0,0.0,0.22499999999999998,0.19444444444444436,0.10185185185185185,0.3888888888888885
0.14152892561983463,0.0390625,0.07037353515625,0.025,0.0,0.0,0.125,0.009259259259259259,0.009259259259259259,0.3888888888888885,0.1,0.0,0.0,0.22499999999999998,0.19444444444444436,0.10185185185185185,0.3888888888888885
0.1425619834710743,0.039093017578125,0.07086181640625,0.025,0.0,0.0,0.125,0.009259259259259259,0.009259259259259259,0.3888888888888885,0.125,0.0,0.0,0.22499999999999998,0.19444444444444436,0.10185185185185185,0.3888888888888885
0.14359504132231396,0.03900146484375,0.07135009765625,0.025,0.0,0.0,0.125,0.009259259259259259,0.009259259259259259,0.3888888888888885,0.15,0.0,0.0,0.22499999999999998,0.19444444444444436,0.10185185185185185,0.3888888888888885
0.14462809917355365,0.038818359375,0.0716552734375,0.025,0.0,0.0,0.125,0.009259259259259259,0.009259259259259259,0.3888888888888885,0.175,0.0,0.0,0.22499999999999998,0.19444444444444436,0.10185185185185185,0.3888888888888885
0.14566115702479332,0.038848876953125,0.0721435546875,0.025,0.0,0.0,0.125,0.009259259259259259,0.009259259259259259,0.3888888888888885,0.19999999999999998,0.0,0.0,0.22499999999999998,0.19444444444444436,0.10185185185185185,0.3888888888888885
0.14669421487603299,0.038787841796875,0.0726318359375,0.025,0.0,0.0,0.125,0.009259259259259259,0.009259259259259259,0.3888888888888885,0.22499999999999998,0.0,0.0,0.22499999999999998,0.19444444444444436,0.10185185185185185,0.3888888888888885
0.14772727272727265,0.03900146484375,0.072998046875,0.025,0.0,0.0,0.125,0.009259259259259259,0.009259259259259259,0.3888888888888885,0.24999999999999997,0.0,0.0,0.22499999999999998,0.19444444444444436,0.10185185185185185,0.3888888888888885
0.14876033057851232,0.039031982421875,0.073486328125,0.025,0.0,0.0,0.125,0.009259259259259259,0.009259259259259259,0.3888888888888885,0.27499999999999997,0.0,0.0,0.22499999999999998,0.19444444444444436,0.10185185185185185,0.3888888888888885
0.149793388429752,0.039093017578125,0.07403564453125,0.025,0.0,0.0,0.125,0.009259259259259259,0.009259259259259259,0.3888888888888885,0.3,0.0,0.0,0.22499999999999998,0.19444444444444436,0.10185185185185185,0.3888888888888885
0.15082644628099168,0.039398193359375,0.074462890625,0.025,0.0,0.0,0.125,0.009259259259259259,0.009259259259259259,0.3888888888888885,0.3,0.0,0.0,0.22499999999999998,0.19444444444444436,0.1111111111111111,0.3888888888888885
0.15185950413223134,0.039703369140625,0.074951171875,0.025,0.0,0.0,0.125,0.009259259259259259,0.009259259259259259,0.3888888888888885,0.325,0.0,0.0,0.22499999999999998,0.19444444444444436,0.1111111111111111,0.3888888888888885
0.152892561983471,0.039642333984375,0.07537841796875,0.025,0.0,0.0,0.125,0.009259259259259259,0.009259259259259259,0.3888888888888885,0.35000000000000003,0.0,0.0,0.22499999999999998,0.19444444444444436,0.1111111111111111,0.3888888888888885
0.15392561983471068,0.03955078125,0.0760498046875,0.025,0.0,0.0,0.125,0.009259259259259259,0.009259259259259259,0.3888888888888885,0.37500000000000006,0.0,0.0,0.22499999999999998,0.19444444444444436,0.1111111111111111,0.3888888888888885
0.15495867768595034,0.03961181640625,0.07647705078125,0.025,0.0,0.0,0.125,0.009259259259259259,0.009259259259259259,0.3888888888888885,0.4000000000000001,0.0,0.0,0.22499999999999998,0.19444444444444436,0.1111111111111111,0.3888888888888885
0.15599173553719,0.039703369140625,0.0767822265625,0.025,0.0,0.0,0.125,0.009259259259259259,0.009259259259259259,0.3888888888888885,0.4250000000000001,0.0,0.0,0.22499999999999998,0.19444444444444436,0.1111111111111111,0.3888888888888885
0.15702479338842967,0.039520263671875,0.0772705078125,0.025,0.0,0.0,0.125,0.009259259259259259,0.009259259259259259,0.3888888888888885,0.4500000000000001,0.0,0.0,0.22499999999999998,0.19444444444444436,0.1111111111111111,0.3888888888888885
0.15805785123966934,0.039520263671875,0.07843017578125,0.025,0.0,0.0,0.125,0.009259259259259259,0.009259259259259259,0.3888888888888885,0.47500000000000014,0.0,0.0,0.22499999999999998,0.19444444444444436,0.1111111111111111,0.3888888888888885
0.15909090909090903,0.03961181640625,0.07861328125,0.025,0.0,0.0,0.125,0.009259259259259259,0.009259259259259259,0.3888888888888885,0.5000000000000001,0.0,0.0,0.22499999999999998,0.19444444444444436,0.1111111111111111,0.3888888888888885
0.1601239669421487,0.039520263671875,0.0789794921875,0.025,0.0,0.0,0.125,0.009259259259259259,0.009259259259259259,0.3888888888888885,0.5250000000000001,0.0,0.0,0.22499999999999998,0.19444444444444436,0.1111111111111111,0.3888888888888885
0.16115702479338836,0.03961181640625,0.0794677734375,0.025,0.0,0.0,0.125,0.009259259259259259,0.009259259259259259,0.3888888888888885,0.5500000000000002,0.0,0.0,0.22499999999999998,0.19444444444444436,0.1111111111111111,0.3888888888888885
0.16219008264462803,0.0396728515625,0.08001708984375,0.025,0.0,0.0,0.125,0.009259259259259259,0.009259259259259259,0.3888888888888885,0.5750000000000002,0.0,0.0,0.22499999999999998,0.19444444444444436,0.1111111111111111,0.3888888888888885
0.16322314049586772,0.039703369140625,0.08099365234375,0.025,0.0,0.0,0.125,0.009259259259259259,0.009259259259259259,0.3888888888888885,0.6000000000000002,0.0,0.0,0.22499999999999998,0.19444444444444436,0.1111111111111111,0.3888888888888885
0.1642561983471074,0.0396728515625,0.08306884765625,0.025,0.0,0.0,0.125,0.009259259259259259,0.009259259259259259,0.3888888888888885,0.6250000000000002,0.0,0.0,0.22499999999999998,0.19444444444444436,0.1111111111111111,0.3888888888888885
0.16528925619834706,0.039581298828125,0.0833740234375,0.025,0.0,0.0,0.125,0.009259259259259259,0.009259259259259259,0.3888888888888885,0.6500000000000002,0.0,0.0,0.22499999999999998,0.19444444444444436,0.1111111111111111,0.3888888888888885
0.16632231404958672,0.0396728515625,0.08367919921875,0.025,0.0,0.0,0.125,0.009259259259259259,0.009259259259259259,0.3888888888888885,0.6750000000000003,0.0,0.0,0.22499999999999998,0.19444444444444436,0.1111111111111111,0.3888888888888885
0.1673553719008264,0.039642333984375,0.084228515625,0.025,0.0,0.0,0.125,0.009259259259259259,0.009259259259259259,0.3888888888888885,0.7000000000000003,0.0,0.0,0.22499999999999998,0.19444444444444436,0.1111111111111111,0.3888888888888885
0.16838842975206605,0.0396728515625,0.0845947265625,0.025,0.0,0.0,0.125,0.009259259259259259,0.009259259259259259,0.3888888888888885,0.7250000000000003,0.0,0.0,0.22499999999999998,0.19444444444444436,0.1111111111111111,0.3888888888888885
0.16942148760330572,0.03961181640625,0.0845947265625,0.025,0.0,0.0,0.125,0.009259259259259259,0.009259259259259259,0.3888888888888885,0.7500000000000003,0.0,0.0,0.22499999999999998,0.19444444444444436,0.1111111111111111,0.3888888888888885
0.17045454545454541,0.039581298828125,0.0850830078125,0.025,0.0,0.0,0.125,0.009259259259259259,0.009259259259259259,0.3888888888888885,0.7500000000000003,0.025,0.0,0.22499999999999998,0.19444444444444436,0.1111111111111111,0.3888888888888885
0.1714876033057851,0.039581298828125,0.08544921875,0.025,0.0,0.0,0.125,0.009259259259259259,0.009259259259259259,0.3888888888888885,0.7750000000000004,0.025,0.0,0.22499999999999998,0.19444444444444436,0.1111111111111111,0.3888888888888885
0.17252066115702475,0.039794921875,0.08587646484375,0.025,0.0,0.0,0.125,0.009259259259259259,0.009259259259259259,0.3888888888888885,0.8000000000000004,0.025,0.0,0.22499999999999998,0.19444444444444436,0.1111111111111111,0.3888888888888885
0.17355371900826444,0.040130615234375,0.0865478515625,0.025,0.0,0.0,0.125,0.009259259259259259,0.009259259259259259,0.3888888888888885,0.8000000000000004,0.025,0.0,0.22499999999999998,0.19444444444444436,0.12037037037037036,0.3888888888888885
0.17458677685950408,0.040435791015625,0.0877685546875,0.025,0.0,0.0,0.125,0.009259259259259259,0.009259259259259259,0.3888888888888885,0.8000000000000004,0.025,0.0,0.22499999999999998,0.19444444444444436,0.12962962962962962,0.3888888888888885
0.17561983471074377,0.040740966796875,0.0882568359375,0.025,0.0,0.0,0.125,0.009259259259259259,0.009259259259259259,0.3888888888888885,0.8000000000000004,0.025,0.0,0.22499999999999998,0.19444444444444436,0.1388888888888889,0.3888888888888885
0.17665289256198344,0.04107666015625,0.088623046875,0.025,0.0,0.0,0.125,0.009259259259259259,0.009259259259259259,0.3888888888888885,0.8000000000000004,0.025,0.0,0.22499999999999998,0.19444444444444436,0.1388888888888889,0.39814814814814775
0.1776859504132231,0.0413818359375,0.08917236328125,0.025,0.0,0.0,0.125,0.009259259259259259,0.009259259259259259,0.3888888888888885,0.8000000000000004,0.025,0.0,0.22499999999999998,0.19444444444444436,0.1388888888888889,0.407407407407407
0.17871900826446277,0.041717529296875,0.0894775390625,0.025,0.0,0.0,0.125,0.009259259259259259,0.009259259259259259,0.39814814814814775,0.8000000000000004,0.025,0.0,0.22499999999999998,0.19444444444444436,0.1388888888888889,0.407407407407407
0.17975206611570244,0.04205322265625,0.08990478515625,0.025,0.0,0.0,0.125,0.009259259259259259,0.009259259259259259,0.407407407407407,0.8000000000000004,0.025,0.0,0.22499999999999998,0.19444444444444436,0.1388888888888889,0.407407407407407
0.1807851239669421,0.042388916015625,0.09039306640625,0.025,0.0,0.0,0.125,0.009259259259259259,0.009259259259259259,0.407407407407407,0.8000000000000004,0.025,0.0,0.22499999999999998,0.19444444444444436,0.1388888888888889,0.41666666666666624
0.18181818181818177,0.042724609375,0.09063720703125,0.025,0.0,0.0,0.125,0.009259259259259259,0.009259259259259259,0.407407407407407,0.8000000000000004,0.025,0.0,0.22499999999999998,0.19444444444444436,0.1388888888888889,0.4259259259259255
0.18285123966942143,0.043060302734375,0.09112548828125,0.025,0.0,0.0,0.125,0.009259259259259259,0.009259259259259259,0.407407407407407,0.8000000000000004,0.025,0.0,0.22499999999999998,0.19444444444444436,0.14814814814814814,0.4259259259259255
0.1838842975206611,0.04339599609375,0.091552734375,0.025,0.0,0.0,0.125,0.009259259259259259,0.009259259259259259,0.407407407407407,0.8000000000000004,0.025,0.0,0.22499999999999998,0.19444444444444436,0.14814814814814814,0.43518518518518473
0.18491735537190077,0.04376220703125,0.0921630859375,0.025,0.0,0.0,0.125,0.009259259259259259,0.009259259259259259,0.41666666666666624,0.8000000000000004,0.025,0.0,0.22499999999999998,0.19444444444444436,0.14814814814814814,0.43518518518518473
0.18595041322314046,0.04412841796875,0.09271240234375,0.025,0.0,0.0,0.125,0.009259259259259259,0.009259259259259259,0.4259259259259255,0.8000000000000004,0.025,0.0,0.22499999999999998,0.19444444444444436,0.14814814814814814,0.43518518518518473
0.1869834710743801,0.044464111328125,0.0931396484375,0.025,0.0,0.0,0.125,0.009259259259259259,0.009259259259259259,0.4259259259259255,0.8000000000000004,0.025,0.0,0.22499999999999998,0.19444444444444436,0.15740740740740738,0.43518518518518473
0.1880165289256198,0.044830322265625,0.09356689453125,0.025,0.0,0.0,0.125,0.009259259259259259,0.009259259259259259,0.43518518518518473,0.8000000000000004,0.025,0.0,0.22499999999999998,0.19444444444444436,0.15740740740740738,0.43518518518518473
0.18904958677685949,0.045166015625,0.09417724609375,0.025,0.0,0.0,0.125,0.009259259259259259,0.009259259259259259,0.43518518518518473,0.8000000000000004,0.025,0.0,0.22499999999999998,0.19444444444444436,0.16666666666666663,0.43518518518518473
0.19008264462809912,0.045501708984375,0.094482421875,0.025,0.0,0.0,0.125,0.009259259259259259,0.009259259259259259,0.43518518518518473,0.8000000000000004,0.025,0.0,0.22499999999999998,0.19444444444444436,0.17592592592592587,0.43518518518518473
0.19111570247933882,0.045867919921875,0.09478759765625,0.025,0.0,0.0,0.125,0.009259259259259259,0.009259259259259259,0.43518518518518473,0.8000000000000004,0.025,0.0,0.22499999999999998,0.19444444444444436,0.17592592592592587,0.444444444444444
0.19214876033057846,0.04620361328125,0.09521484375,0.025,0.0,0.0,0.125,0.009259259259259259,0.009259259259259259,0.43518518518518473,0.8000000000000004,0.025,0.0,0.22499999999999998,0.19444444444444436,0.17592592592592587,0.4537037037037032
0.19318181818181812,0.04656982421875,0.09588623046875,0.025,0.0,0.0,0.125,0.009259259259259259,0.009259259259259259,0.444444444444444,0.8000000000000004,0.025,0.0,0.22499999999999998,0.19444444444444436,0.17592592592592587,0.4537037037037032
0.1942148760330578,0.04693603515625,0.0963134765625,0.025,0.0,0.0,0.125,0.009259259259259259,0.009259259259259259,0.444444444444444,0.8000000000000004,0.025,0.0,0.22499999999999998,0.19444444444444436,0.17592592592592587,0.46296296296296247
0.19524793388429745,0.047271728515625,0.0966796875,0.025,0.0,0.0,0.125,0.009259259259259259,0.009259259259259259,0.444444444444444,0.8000000000000004,0.025,0.0,0.22499999999999998,0.19444444444444436,0.17592592592592587,0.4722222222222217
0.19628099173553712,0.04766845703125,0.09716796875,0.025,0.0,0.0,0.125,0.009259259259259259,0.009259259259259259,0.4537037037037032,0.8000000000000004,0.025,0.0,0.22499999999999998,0.19444444444444436,0.17592592592592587,0.4722222222222217
0.19731404958677679,0.04803466796875,0.09747314453125,0.025,0.0,0.0,0.125,0.009259259259259259,0.009259259259259259,0.4537037037037032,0.8000000000000004,0.025,0.0,0.22499999999999998,0.19444444444444436,0.18518518518518512,0.4722222222222217
0.19834710743801648,0.04840087890625,0.09796142578125,0.025,0.0,0.0,0.125,0.009259259259259259,0.009259259259259259,0.4537037037037032,0.8000000000000004,0.025,0.0,0.22499999999999998,0.19444444444444436,0.19444444444444436,0.4722222222222217
0.19938016528925612,0.048675537109375,0.09832763671875,0.025,0.0,0.0,0.125,0.009259259259259259,0.009259259259259259,0.4537037037037032,0.8000000000000004,0.025,0.0,0.22499999999999998,0.19444444444444436,0.2037037037037036,0.4722222222222217
0.2004132231404958,0.049041748046875,0.09869384765625,0.025,0.0,0.0,0.125,0.009259259259259259,0.009259259259259259,0.4537037037037032,0.8000000000000004,0.025,0.0,0.22499999999999998,0.19444444444444436,0.21296296296296285,0.4722222222222217
0.20144628099173545,0.049407958984375,0.09893798828125,0.025,0.0,0.0,0.125,0.009259259259259259,0.009259259259259259,0.4537037037037032,0.8000000000000004,0.025,0.0,0.22499999999999998,0.19444444444444436,0.21296296296296285,0.48148148148148096
0.20247933884297514,0.049774169921875,0.0992431640625,0.025,0.0,0.0,0.125,0.009259259259259259,0.009259259259259259,0.46296296296296247,0.8000000000000004,0.025,0.0,0.22499999999999998,0.19444444444444436,0.21296296296296285,0.48148148148148096
0.20351239669421478,0.0501708984375,0.099609375,0.025,0.0,0.0,0.125,0.009259259259259259,0.009259259259259259,0.4722222222222217,0.8000000000000004,0.025,0.0,0.22499999999999998,0.19444444444444436,0.21296296296296285,0.48148148148148096
0.20454545454545447,0.050537109375,0.10009765625,0.025,0.0,0.0,0.125,0.009259259259259259,0.009259259259259259,0.4722222222222217,0.8000000000000004,0.025,0.0,0.22499999999999998,0.19444444444444436,0.21296296296296285,0.4907407407407402
0.2055785123966941,0.0509033203125,0.10076904296875,0.025,0.0,0.0,0.125,0.009259259259259259,0.009259259259259259,0.4722222222222217,0.8000000000000004,0.025,0.0,0.22499999999999998,0.19444444444444436,0.21296296296296285,0.49999999999999944
0.2066115702479338,0.051300048828125,0.10137939453125,0.025,0.0,0.0,0.125,0.009259259259259259,0.009259259259259259,0.48148148148148096,0.8000000000000004,0.025,0.0,0.22499999999999998,0.19444444444444436,0.21296296296296285,0.49999999999999944
0.20764462809917344,0.05169677734375,0.10186767578125,0.025,0.0,0.0,0.125,0.009259259259259259,0.009259259259259259,0.48148148148148096,0.8000000000000004,0.025,0.0,0.22499999999999998,0.19444444444444436,0.21296296296296285,0.5092592592592587
0.20867768595041314,0.052093505859375,0.102294921875,0.025,0.0,0.0,0.125,0.009259259259259259,0.009259259259259259,0.4907407407407402,0.8000000000000004,0.025,0.0,0.22499999999999998,0.19444444444444436,0.21296296296296285,0.5092592592592587
0.20971074380165283,0.052520751953125,0.1029052734375,0.025,0.0,0.0,0.125,0.009259259259259259,0.009259259259259259,0.49999999999999944,0.8000000000000004,0.025,0.0,0.22499999999999998,0.19444444444444436,0.21296296296296285,0.5092592592592587
0.2107438016528925,0.05291748046875,0.1033935546875,0.025,0.0,0.0,0.125,0.009259259259259259,0.009259259259259259,0.5092592592592587,0.8000000000000004,0.025,0.0,0.22499999999999998,0.19444444444444436,0.21296296296296285,0.5092592592592587
0.21177685950413216,0.0533447265625,0.1036376953125,0.025,0.0,0.0,0.125,0.009259259259259259,0.009259259259259259,0.5092592592592587,0.8000000000000004,0.025,0.0,0.22499999999999998,0.19444444444444436,0.2222222222222221,0.5092592592592587
0.2128099173553718,0.053680419921875,0.10479736328125,0.025,0.0,0.0,0.125,0.009259259259259259,0.009259259259259259,0.5092592592592587,0.8000000000000004,0.025,0.0,0.22499999999999998,0.19444444444444436,0.23148148148148134,0.5092592592592587
0.2138429752066115,0.053985595703125,0.10516357421875,0.025,0.0,0.0,0.125,0.009259259259259259,0.009259259259259259,0.5092592592592587,0.8000000000000004,0.025,0.0,0.22499999999999998,0.19444444444444436,0.2407407407407406,0.5092592592592587
0.21487603305785116,0.054351806640625,0.10552978515625,0.025,0.0,0.0,0.125,0.009259259259259259,0.009259259259259259,0.5092592592592587,0.8000000000000004,0.025,0.0,0.22499999999999998,0.19444444444444436,0.24999999999999983,0.5092592592592587
0.21590909090909086,0.054718017578125,0.1058349609375,0.025,0.0,0.0,0.125,0.009259259259259259,0.009259259259259259,0.5092592592592587,0.8250000000000004,0.025,0.0,0.22499999999999998,0.19444444444444436,0.24999999999999983,0.5092592592592587
0.21694214876033047,0.054779052734375,0.10626220703125,0.025,0.0,0.0,0.125,0.009259259259259259,0.009259259259259259,0.5092592592592587,0.8500000000000004,0.025,0.0,0.22499999999999998,0.19444444444444436,0.24999999999999983,0.5092592592592587
0.21797520661157016,0.055145263671875,0.1060791015625,0.025,0.0,0.0,0.15,0.009259259259259259,0.009259259259259259,0.5092592592592587,0.8500000000000004,0.025,0.0,0.22499999999999998,0.19444444444444436,0.24999999999999983,0.5092592592592587
0.21900826446280983,0.055511474609375,0.10650634765625,0.025,0.0,0.0,0.15,0.009259259259259259,0.009259259259259259,0.5092592592592587,0.8500000000000004,0.05,0.0,0.22499999999999998,0.19444444444444436,0.24999999999999983,0.5092592592592587
0.22004132231404952,0.055694580078125,0.10699462890625,0.025,0.0,0.0,0.15,0.009259259259259259,0.009259259259259259,0.5092592592592587,0.8500000000000004,0.07500000000000001,0.0,0.22499999999999998,0.19444444444444436,0.24999999999999983,0.5092592592592587
0.2210743801652892,0.0557861328125,0.1072998046875,0.025,0.0,0.0,0.15,0.009259259259259259,0.009259259259259259,0.5092592592592587,0.8500000000000004,0.1,0.0,0.22499999999999998,0.19444444444444436,0.24999999999999983,0.5092592592592587
0.22210743801652888,0.055908203125,0.10784912109375,0.025,0.0,0.0,0.15,0.009259259259259259,0.009259259259259259,0.5092592592592587,0.8500000000000004,0.125,0.0,0.22499999999999998,0.19444444444444436,0.24999999999999983,0.5092592592592587
0.2231404958677685,0.055694580078125,0.108154296875,0.025,0.0,0.0,0.15,0.009259259259259259,0.009259259259259259,0.5092592592592587,0.8500000000000004,0.15,0.0,0.22499999999999998,0.19444444444444436,0.24999999999999983,0.5092592592592587
0.22417355371900818,0.05560302734375,0.10833740234375,0.025,0.0,0.0,0.15,0.009259259259259259,0.009259259259259259,0.5092592592592587,0.8500000000000004,0.175,0.0,0.22499999999999998,0.19444444444444436,0.24999999999999983,0.5092592592592587
0.22520661157024788,0.05560302734375,0.10882568359375,0.025,0.0,0.0,0.15,0.009259259259259259,0.009259259259259259,0.5092592592592587,0.8500000000000004,0.19999999999999998,0.0,0.22499999999999998,0.19444444444444436,0.24999999999999983,0.5092592592592587
0.22623966942148754,0.05560302734375,0.1092529296875,0.025,0.0,0.0,0.15,0.009259259259259259,0.009259259259259259,0.5092592592592587,0.8500000000000004,0.22499999999999998,0.0,0.22499999999999998,0.19444444444444436,0.24999999999999983,0.5092592592592587
0.22727272727272724,0.055633544921875,0.10968017578125,0.025,0.0,0.0,0.15,0.009259259259259259,0.009259259259259259,0.5092592592592587,0.8500000000000004,0.24999999999999997,0.0,0.22499999999999998,0.19444444444444436,0.24999999999999983,0.5092592592592587
0.22830578512396685,0.055511474609375,0.1102294921875,0.025,0.0,0.0,0.15,0.009259259259259259,0.009259259259259259,0.5092592592592587,0.8500000000000004,0.27499999999999997,0.0,0.22499999999999998,0.19444444444444436,0.24999999999999983,0.5092592592592587
0.22933884297520654,0.05584716796875,0.11053466796875,0.025,0.0,0.0,0.15,0.009259259259259259,0.009259259259259259,0.5092592592592587,0.8500000000000004,0.3,0.0,0.22499999999999998,0.19444444444444436,0.24999999999999983,0.5092592592592587
0.2303719008264462,0.05560302734375,0.11102294921875,0.025,0.0,0.0,0.15,0.009259259259259259,0.009259259259259259,0.5092592592592587,0.8500000000000004,0.325,0.0,0.22499999999999998,0.19444444444444436,0.24999999999999983,0.5092592592592587
0.2314049586776859,0.055511474609375,0.1114501953125,0.025,0.0,0.0,0.15,0.009259259259259259,0.009259259259259259,0.5092592592592587,0.8500000000000004,0.35000000000000003,0.0,0.22499999999999998,0.19444444444444436,0.24999999999999983,0.5092592592592587
0.2324380165289256,0.055450439453125,0.11181640625,0.025,0.0,0.0,0.15,0.009259259259259259,0.009259259259259259,0.5092592592592587,0.8500000000000004,0.37500000000000006,0.0,0.22499999999999998,0.19444444444444436,0.24999999999999983,0.5092592592592587
0.2334710743801652,0.055450439453125,0.11248779296875,0.025,0.0,0.0,0.15,0.009259259259259259,0.009259259259259259,0.5092592592592587,0.8500000000000004,0.4000000000000001,0.0,0.22499999999999998,0.19444444444444436,0.24999999999999983,0.5092592592592587
0.23450413223140487,0.05548095703125,0.11309814453125,0.025,0.0,0.0,0.15,0.009259259259259259,0.009259259259259259,0.5092592592592587,0.8500000000000004,0.4250000000000001,0.0,0.22499999999999998,0.19444444444444436,0.24999999999999983,0.5092592592592587
0.23553719008264457,0.055389404296875,0.1134033203125,0.025,0.0,0.0,0.15,0.009259259259259259,0.009259259259259259,0.5092592592592587,0.8500000000000004,0.4500000000000001,0.0,0.22499999999999998,0.19444444444444436,0.24999999999999983,0.5092592592592587
0.23657024793388426,0.05517578125,0.11395263671875,0.025,0.0,0.0,0.15,0.009259259259259259,0.009259259259259259,0.5092592592592587,0.8500000000000004,0.47500000000000014,0.0,0.22499999999999998,0.19444444444444436,0.24999999999999983,0.5092592592592587
0.23760330578512392,0.055206298828125,0.1143798828125,0.025,0.0,0.0,0.15,0.009259259259259259,0.009259259259259259,0.5092592592592587,0.8500000000000004,0.5000000000000001,0.0,0.22499999999999998,0.19444444444444436,0.24999999999999983,0.5092592592592587
0.23863636363636362,0.055206298828125,0.11456298828125,0.025,0.0,0.0,0.15,0.009259259259259259,0.009259259259259259,0.5092592592592587,0.8500000000000004,0.5250000000000001,0.0,0.22499999999999998,0.19444444444444436,0.24999999999999983,0.5092592592592587
0.23966942148760323,0.055084228515625,0.11480712890625,0.025,0.0,0.0,0.15,0.009259259259259259,0.009259259259259259,0.5092592592592587,0.8500000000000004,0.5500000000000002,0.0,0.22499999999999998,0.19444444444444436,0.24999999999999983,0.5092592592592587
0.24070247933884292,0.05499267578125,0.11529541015625,0.025,0.0,0.0,0.15,0.009259259259259259,0.009259259259259259,0.5092592592592587,0.8500000000000004,0.5750000000000002,0.0,0.22499999999999998,0.19444444444444436,0.24999999999999983,0.5092592592592587
0.2417355371900826,0.054962158203125,0.1158447265625,0.025,0.0,0.0,0.15,0.009259259259259259,0.009259259259259259,0.5092592592592587,0.8500000000000004,0.6000000000000002,0.0,0.22499999999999998,0.19444444444444436,0.24999999999999983,0.5092592592592587
0.24276859504132228,0.055145263671875,0.1163330078125,0.025,0.0,0.0,0.15,0.009259259259259259,0.009259259259259259,0.5092592592592587,0.8500000000000004,0.6250000000000002,0.0,0.22499999999999998,0.19444444444444436,0.24999999999999983,0.5092592592592587
0.24380165289256198,0.05535888671875,0.11712646484375,0.025,0.0,0.0,0.15,0.009259259259259259,0.009259259259259259,0.5092592592592587,0.8500000000000004,0.6500000000000002,0.0,0.22499999999999998,0.19444444444444436,0.24999999999999983,0.5092592592592587
0.2448347107438016,0.0556640625,0.1177978515625,0.025,0.0,0.0,0.15,0.009259259259259259,0.009259259259259259,0.5092592592592587,0.8500000000000004,0.6500000000000002,0.0,0.22499999999999998,0.2037037037037036,0.24999999999999983,0.5092592592592587
0.24586776859504125,0.055999755859375,0.11822509765625,0.025,0.0,0.0,0.15,0.009259259259259259,0.009259259259259259,0.5092592592592587,0.8500000000000004,0.6500000000000002,0.0,0.22499999999999998,0.21296296296296285,0.24999999999999983,0.5092592592592587
0.24690082644628095,0.05633544921875,0.1185302734375,0.025,0.0,0.0,0.15,0.009259259259259259,0.009259259259259259,0.5092592592592587,0.8500000000000004,0.6500000000000002,0.0,0.22499999999999998,0.21296296296296285,0.2592592592592591,0.5092592592592587
0.24793388429752064,0.056732177734375,0.1190185546875,0.025,0.0,0.0,0.15,0.009259259259259259,0.009259259259259259,0.5092592592592587,0.8500000000000004,0.6500000000000002,0.0,0.22499999999999998,0.2222222222222221,0.2592592592592591,0.5092592592592587
0.24896694214876025,0.05712890625,0.12115478515625,0.025,0.0,0.0,0.15,0.009259259259259259,0.009259259259259259,0.5092592592592587,0.8500000000000004,0.6500000000000002,0.0,0.22499999999999998,0.23148148148148134,0.2592592592592591,0.5092592592592587
0.24999999999999992,0.057464599609375,0.12139892578125,0.025,0.0,0.0,0.15,0.009259259259259259,0.009259259259259259,0.5092592592592587,0.8750000000000004,0.6500000000000002,0.0,0.22499999999999998,0.23148148148148134,0.2592592592592591,0.5092592592592587
0.25103305785123964,0.05780029296875,0.121826171875,0.025,0.0,0.0,0.15,0.009259259259259259,0.009259259259259259,0.5092592592592587,0.8750000000000004,0.6500000000000002,0.0,0.24999999999999997,0.23148148148148134,0.2592592592592591,0.5092592592592587
0.2520661157024793,0.05816650390625,0.12237548828125,0.025,0.0,0.0,0.15,0.009259259259259259,0.009259259259259259,0.5092592592592587,0.8750000000000004,0.6500000000000002,0.0,0.27499999999999997,0.23148148148148134,0.2592592592592591,0.5092592592592587
0.2530991735537189,0.058441162109375,0.12310791015625,0.025,0.0,0.0,0.15,0.009259259259259259,0.009259259259259259,0.5092592592592587,0.8750000000000004,0.6500000000000002,0.0,0.3,0.23148148148148134,0.2592592592592591,0.5092592592592587
0.2541322314049586,0.058746337890625,0.12347412109375,0.025,0.0,0.0,0.15,0.009259259259259259,0.009259259259259259,0.5092592592592587,0.8750000000000004,0.6500000000000002,0.0,0.325,0.23148148148148134,0.2592592592592591,0.5092592592592587
0.2551652892561983,0.059112548828125,0.1239013671875,0.025,0.0,0.0,0.15,0.009259259259259259,0.009259259259259259,0.5092592592592587,0.8750000000000004,0.6500000000000002,0.0,0.325,0.23148148148148134,0.2592592592592591,0.518518518518518
0.25619834710743794,0.059478759765625,0.12396240234375,0.025,0.0,0.0,0.15,0.009259259259259259,0.009259259259259259,0.5092592592592587,0.8750000000000004,0.6500000000000002,0.0,0.325,0.23148148148148134,0.2592592592592591,0.5277777777777773
0.25723140495867763,0.059844970703125,0.12451171875,0.025,0.0,0.0,0.15,0.009259259259259259,0.009259259259259259,0.5092592592592587,0.8750000000000004,0.6500000000000002,0.0,0.325,0.23148148148148134,0.2592592592592591,0.5370370370370366
0.25826446280991733,0.06024169921875,0.1248779296875,0.025,0.0,0.0,0.15,0.009259259259259259,0.009259259259259259,0.5092592592592587,0.8750000000000004,0.6500000000000002,0.0,0.325,0.23148148148148134,0.2592592592592591,0.546296296296296
0.259297520661157,0.0606689453125,0.125732421875,0.025,0.0,0.0,0.15,0.009259259259259259,0.009259259259259259,0.518518518518518,0.8750000000000004,0.6500000000000002,0.0,0.325,0.23148148148148134,0.2592592592592591,0.546296296296296
0.2603305785123967,0.061065673828125,0.1258544921875,0.025,0.0,0.0,0.15,0.009259259259259259,0.009259259259259259,0.5277777777777773,0.8750000000000004,0.6500000000000002,0.0,0.325,0.23148148148148134,0.2592592592592591,0.546296296296296
0.2613636363636363,0.061492919921875,0.1279296875,0.025,0.0,0.0,0.15,0.009259259259259259,0.009259259259259259,0.5370370370370366,0.8750000000000004,0.6500000000000002,0.0,0.325,0.23148148148148134,0.2592592592592591,0.546296296296296
0.262396694214876,0.0618896484375,0.1285400390625,0.025,0.0,0.0,0.15,0.009259259259259259,0.009259259259259259,0.5370370370370366,0.8750000000000004,0.6500000000000002,0.0,0.325,0.2407407407407406,0.2592592592592591,0.546296296296296
0.2634297520661157,0.062255859375,0.129150390625,0.025,0.0,0.0,0.15,0.009259259259259259,0.009259259259259259,0.5370370370370366,0.8750000000000004,0.6500000000000002,0.0,0.325,0.24999999999999983,0.2592592592592591,0.546296296296296
0.2644628099173554,0.0626220703125,0.1295166015625,0.025,0.0,0.0,0.15,0.009259259259259259,0.009259259259259259,0.5370370370370366,0.8750000000000004,0.6500000000000002,0.0,0.35000000000000003,0.24999999999999983,0.2592592592592591,0.546296296296296
0.26549586776859496,0.06298828125,0.1298828125,0.025,0.0,0.0,0.15,0.009259259259259259,0.009259259259259259,0.5370370370370366,0.8750000000000004,0.6500000000000002,0.0,0.35000000000000003,0.2592592592592591,0.2592592592592591,0.546296296296296
0.26652892561983466,0.06329345703125,0.130126953125,0.025,0.0,0.0,0.15,0.009259259259259259,0.009259259259259259,0.5370370370370366,0.8750000000000004,0.6500000000000002,0.0,0.35000000000000003,0.2685185185185183,0.2592592592592591,0.546296296296296
0.26756198347107435,0.063720703125,0.1307373046875,0.025,0.0,0.0,0.15,0.009259259259259259,0.009259259259259259,0.546296296296296,0.8750000000000004,0.6500000000000002,0.0,0.35000000000000003,0.2685185185185183,0.2592592592592591,0.546296296296296
0.26859504132231404,0.06414794921875,0.1309814453125,0.025,0.0,0.0,0.15,0.009259259259259259,0.009259259259259259,0.546296296296296,0.8750000000000004,0.6500000000000002,0.0,0.35000000000000003,0.27777777777777757,0.2592592592592591,0.546296296296296
0.2696280991735537,0.064453125,0.1312255859375,0.025,0.0,0.0,0.15,0.009259259259259259,0.009259259259259259,0.546296296296296,0.8750000000000004,0.6500000000000002,0.0,0.35000000000000003,0.2870370370370368,0.2592592592592591,0.546296296296296
0.2706611570247934,0.06488037109375,0.1314697265625,0.025,0.0,0.0,0.15,0.009259259259259259,0.009259259259259259,0.546296296296296,0.8750000000000004,0.6500000000000002,0.0,0.35000000000000003,0.2870370370370368,0.2592592592592591,0.5555555555555552
0.271694214876033,0.06524658203125,0.1318359375,0.025,0.0,0.0,0.15,0.009259259259259259,0.009259259259259259,0.546296296296296,0.8750000000000004,0.6500000000000002,0.0,0.35000000000000003,0.2870370370370368,0.2592592592592591,0.5648148148148145
0.2727272727272727,0.065673828125,0.132568359375,0.025,0.0,0.0,0.15,0.009259259259259259,0.009259259259259259,0.5555555555555552,0.8750000000000004,0.6500000000000002,0.0,0.35000000000000003,0.2870370370370368,0.2592592592592591,0.5648148148148145
0.2737603305785124,0.06610107421875,0.1329345703125,0.025,0.0,0.0,0.15,0.009259259259259259,0.009259259259259259,0.5648148148148145,0.8750000000000004,0.6500000000000002,0.0,0.35000000000000003,0.2870370370370368,0.2592592592592591,0.5648148148148145
0.2747933884297521,0.0665283203125,0.1334228515625,0.025,0.0,0.0,0.15,0.009259259259259259,0.009259259259259259,0.5648148148148145,0.8750000000000004,0.6500000000000002,0.0,0.35000000000000003,0.2870370370370368,0.2592592592592591,0.5740740740740738
0.27582644628099173,0.06695556640625,0.1336669921875,0.025,0.0,0.0,0.15,0.009259259259259259,0.009259259259259259,0.5648148148148145,0.8750000000000004,0.6500000000000002,0.0,0.35000000000000003,0.2870370370370368,0.2592592592592591,0.5833333333333331
0.2768595041322314,0.0673828125,0.1341552734375,0.025,0.0,0.0,0.15,0.009259259259259259,0.009259259259259259,0.5648148148148145,0.8750000000000004,0.6500000000000002,0.0,0.35000000000000003,0.2870370370370368,0.2592592592592591,0.5925925925925924
0.2778925619834711,0.06781005859375,0.1346435546875,0.025,0.0,0.0,0.15,0.009259259259259259,0.009259259259259259,0.5648148148148145,0.8750000000000004,0.6500000000000002,0.0,0.35000000000000003,0.2870370370370368,0.2592592592592591,0.6018518518518517
0.27892561983471076,0.06829833984375,0.135009765625,0.025,0.0,0.0,0.15,0.009259259259259259,0.009259259259259259,0.5740740740740738,0.8750000000000004,0.6500000000000002,0.0,0.35000000000000003,0.2870370370370368,0.2592592592592591,0.6018518518518517
0.2799586776859504,0.06878662109375,0.1356201171875,0.025,0.0,0.0,0.15,0.009259259259259259,0.009259259259259259,0.5833333333333331,0.8750000000000004,0.6500000000000002,0.0,0.35000000000000003,0.2870370370370368,0.2592592592592591,0.6018518518518517
0.2809917355371901,0.0692138671875,0.1361083984375,0.025,0.0,0.0,0.15,0.009259259259259259,0.009259259259259259,0.5833333333333331,0.8750000000000004,0.6500000000000002,0.0,0.35000000000000003,0.29629629629629606,0.2592592592592591,0.6018518518518517
0.2820247933884298,0.069580078125,0.136474609375,0.025,0.0,0.0,0.15,0.009259259259259259,0.009259259259259259,0.5833333333333331,0.8750000000000004,0.6500000000000002,0.0,0.35000000000000003,0.3055555555555553,0.2592592592592591,0.6018518518518517
0.2830578512396694,0.06988525390625,0.136474609375,0.025,0.0,0.0,0.15,0.009259259259259259,0.009259259259259259,0.5833333333333331,0.8750000000000004,0.6500000000000002,0.0,0.35000000000000003,0.31481481481481455,0.2592592592592591,0.6018518518518517
0.2840909090909091,0.07025146484375,0.13671875,0.025,0.0,0.0,0.15,0.009259259259259259,0.009259259259259259,0.5833333333333331,0.8750000000000004,0.6500000000000002,0.0,0.35000000000000003,0.3240740740740738,0.2592592592592591,0.6018518518518517
0.28512396694214875,0.07061767578125,0.1375732421875,0.025,0.0,0.0,0.15,0.009259259259259259,0.009259259259259259,0.5833333333333331,0.8750000000000004,0.6500000000000002,0.0,0.37500000000000006,0.3240740740740738,0.2592592592592591,0.6018518518518517
0.28615702479338845,0.07098388671875,0.137939453125,0.025,0.0,0.0,0.15,0.009259259259259259,0.009259259259259259,0.5833333333333331,0.8750000000000004,0.6500000000000002,0.0,0.4000000000000001,0.3240740740740738,0.2592592592592591,0.6018518518518517
0.28719008264462814,0.07135009765625,0.13818359375,0.025,0.0,0.0,0.15,0.009259259259259259,0.009259259259259259,0.5833333333333331,0.8750000000000004,0.6500000000000002,0.0,0.4250000000000001,0.3240740740740738,0.2592592592592591,0.6018518518518517
0.2882231404958678,0.0716552734375,0.1385498046875,0.025,0.0,0.0,0.15,0.009259259259259259,0.009259259259259259,0.5833333333333331,0.8750000000000004,0.6750000000000003,0.0,0.4250000000000001,0.3240740740740738,0.2592592592592591,0.6018518518518517
0.2892561983471075,0.07147216796875,0.1387939453125,0.025,0.0,0.0,0.15,0.009259259259259259,0.009259259259259259,0.5833333333333331,0.8750000000000004,0.7000000000000003,0.0,0.4250000000000001,0.3240740740740738,0.2592592592592591,0.6018518518518517
0.2902892561983471,0.07135009765625,0.139404296875,0.025,0.0,0.0,0.15,0.009259259259259259,0.009259259259259259,0.5833333333333331,0.8750000000000004,0.7250000000000003,0.0,0.4250000000000001,0.3240740740740738,0.2592592592592591,0.6018518518518517
0.2913223140495868,0.07147216796875,0.1396484375,0.025,0.0,0.0,0.15,0.009259259259259259,0.009259259259259259,0.5833333333333331,0.8750000000000004,0.7500000000000003,0.0,0.4250000000000001,0.3240740740740738,0.2592592592592591,0.6018518518518517
0.29235537190082644,0.07135009765625,0.1397705078125,0.025,0.0,0.0,0.15,0.009259259259259259,0.009259259259259259,0.5833333333333331,0.8750000000000004,0.7750000000000004,0.0,0.4250000000000001,0.3240740740740738,0.2592592592592591,0.6018518518518517
0.29338842975206614,0.07110595703125,0.1400146484375,0.025,0.0,0.0,0.15,0.009259259259259259,0.009259259259259259,0.5833333333333331,0.8750000000000004,0.8000000000000004,0.0,0.4250000000000001,0.3240740740740738,0.2592592592592591,0.6018518518518517
0.2944214876033058,0.071533203125,0.140380859375,0.025,0.0,0.0,0.15,0.009259259259259259,0.009259259259259259,0.5833333333333331,0.8750000000000004,0.8000000000000004,0.0,0.4250000000000001,0.3240740740740738,0.2685185185185183,0.6018518518518517
0.29545454545454547,0.0718994140625,0.140869140625,0.025,0.0,0.0,0.15,0.009259259259259259,0.009259259259259259,0.5833333333333331,0.8750000000000004,0.8000000000000004,0.0,0.4250000000000001,0.3240740740740738,0.27777777777777757,0.6018518518518517
0.2964876033057851,0.07232666015625,0.1412353515625,0.025,0.0,0.0,0.15,0.009259259259259259,0.009259259259259259,0.5833333333333331,0.8750000000000004,0.8000000000000004,0.0,0.4250000000000001,0.3240740740740738,0.2870370370370368,0.6018518518518517
0.2975206611570248,0.07275390625,0.1416015625,0.025,0.0,0.0,0.15,0.009259259259259259,0.009259259259259259,0.5833333333333331,0.8750000000000004,0.8000000000000004,0.0,0.4250000000000001,0.3240740740740738,0.29629629629629606,0.6018518518518517
0.2985537190082645,0.07318115234375,0.1422119140625,0.025,0.0,0.0,0.15,0.009259259259259259,0.009259259259259259,0.5833333333333331,0.8750000000000004,0.8000000000000004,0.0,0.4250000000000001,0.3240740740740738,0.29629629629629606,0.611111111111111
0.2995867768595042,0.07366943359375,0.1416015625,0.025,0.0,0.0,0.15,0.009259259259259259,0.009259259259259259,0.5925925925925924,0.8750000000000004,0.8000000000000004,0.0,0.4250000000000001,0.3240740740740738,0.29629629629629606,0.611111111111111
0.3006198347107439,0.07415771484375,0.141845703125,0.025,0.0,0.0,0.15,0.009259259259259259,0.009259259259259259,0.6018518518518517,0.8750000000000004,0.8000000000000004,0.0,0.4250000000000001,0.3240740740740738,0.29629629629629606,0.611111111111111
0.3016528925619836,0.07464599609375,0.1424560546875,0.025,0.0,0.0,0.15,0.009259259259259259,0.009259259259259259,0.611111111111111,0.8750000000000004,0.8000000000000004,0.0,0.4250000000000001,0.3240740740740738,0.29629629629629606,0.611111111111111
0.3026859504132232,0.0750732421875,0.142822265625,0.025,0.0,0.0,0.15,0.009259259259259259,0.009259259259259259,0.611111111111111,0.8750000000000004,0.8000000000000004,0.0,0.4250000000000001,0.3240740740740738,0.29629629629629606,0.6203703703703703
0.3037190082644628,0.0755615234375,0.1434326171875,0.025,0.0,0.0,0.15,0.009259259259259259,0.009259259259259259,0.611111111111111,0.8750000000000004,0.8000000000000004,0.0,0.4250000000000001,0.33333333333333304,0.29629629629629606,0.6203703703703703
0.3047520661157025,0.07586669921875,0.1434326171875,0.025,0.0,0.0,0.15,0.009259259259259259,0.009259259259259259,0.611111111111111,0.8750000000000004,0.8000000000000004,0.0,0.4250000000000001,0.3425925925925923,0.29629629629629606,0.6203703703703703
0.3057851239669422,0.0762939453125,0.1439208984375,0.025,0.0,0.0,0.15,0.009259259259259259,0.009259259259259259,0.611111111111111,0.8750000000000004,0.8000000000000004,0.0,0.4250000000000001,0.3518518518518515,0.29629629629629606,0.6203703703703703
0.3068181818181819,0.07672119140625,0.14501953125,0.025,0.0,0.0,0.15,0.009259259259259259,0.009259259259259259,0.611111111111111,0.8750000000000004,0.8000000000000004,0.0,0.4250000000000001,0.36111111111111077,0.29629629629629606,0.6203703703703703
0.3078512396694216,0.0771484375,0.1455078125,0.025,0.0,0.0,0.15,0.009259259259259259,0.009259259259259259,0.611111111111111,0.8750000000000004,0.8000000000000004,0.0,0.4250000000000001,0.36111111111111077,0.29629629629629606,0.6296296296296297
0.3088842975206612,0.07763671875,0.14599609375,0.025,0.0,0.0,0.15,0.009259259259259259,0.009259259259259259,0.611111111111111,0.8750000000000004,0.8000000000000004,0.0,0.4250000000000001,0.36111111111111077,0.29629629629629606,0.638888888888889
0.30991735537190085,0.078125,0.1463623046875,0.025,0.0,0.0,0.15,0.009259259259259259,0.009259259259259259,0.611111111111111,0.8750000000000004,0.8000000000000004,0.0,0.4500000000000001,0.36111111111111077,0.29629629629629606,0.638888888888889
0.31095041322314054,0.07861328125,0.146728515625,0.025,0.0,0.0,0.15,0.009259259259259259,0.009259259259259259,0.611111111111111,0.8750000000000004,0.8000000000000004,0.0,0.4500000000000001,0.36111111111111077,0.3055555555555553,0.638888888888889
0.31198347107438024,0.0789794921875,0.14697265625,0.025,0.0,0.0,0.15,0.009259259259259259,0.009259259259259259,0.611111111111111,0.8750000000000004,0.8000000000000004,0.0,0.4500000000000001,0.36111111111111077,0.31481481481481455,0.638888888888889
0.3130165289256199,0.07940673828125,0.1474609375,0.025,0.0,0.0,0.15,0.009259259259259259,0.009259259259259259,0.611111111111111,0.8750000000000004,0.8000000000000004,0.0,0.4500000000000001,0.36111111111111077,0.3240740740740738,0.638888888888889
0.31404958677685957,0.07989501953125,0.147705078125,0.025,0.0,0.0,0.15,0.009259259259259259,0.009259259259259259,0.611111111111111,0.8750000000000004,0.8000000000000004,0.0,0.4500000000000001,0.36111111111111077,0.33333333333333304,0.638888888888889
0.3150826446280992,0.08038330078125,0.1480712890625,0.025,0.0,0.0,0.15,0.009259259259259259,0.009259259259259259,0.611111111111111,0.8750000000000004,0.8000000000000004,0.0,0.4500000000000001,0.36111111111111077,0.3425925925925923,0.638888888888889
0.3161157024793389,0.08087158203125,0.1485595703125,0.025,0.0,0.0,0.15,0.009259259259259259,0.009259259259259259,0.611111111111111,0.8750000000000004,0.8000000000000004,0.0,0.4500000000000001,0.36111111111111077,0.3518518518518515,0.638888888888889
0.31714876033057854,0.08135986328125,0.14892578125,0.025,0.0,0.0,0.15,0.009259259259259259,0.009259259259259259,0.611111111111111,0.8750000000000004,0.8000000000000004,0.0,0.4500000000000001,0.36111111111111077,0.3518518518518515,0.6481481481481483
0.31818181818181823,0.0819091796875,0.1495361328125,0.025,0.0,0.0,0.15,0.009259259259259259,0.009259259259259259,0.6203703703703703,0.8750000000000004,0.8000000000000004,0.0,0.4500000000000001,0.36111111111111077,0.3518518518518515,0.6481481481481483
0.31921487603305787,0.0823974609375,0.1500244140625,0.025,0.0,0.0,0.15,0.009259259259259259,0.009259259259259259,0.6296296296296297,0.8750000000000004,0.8000000000000004,0.0,0.4500000000000001,0.36111111111111077,0.3518518518518515,0.6481481481481483
0.32024793388429756,0.0828857421875,0.150390625,0.025,0.0,0.0,0.15,0.009259259259259259,0.009259259259259259,0.638888888888889,0.8750000000000004,0.8000000000000004,0.0,0.4500000000000001,0.36111111111111077,0.3518518518518515,0.6481481481481483
0.32128099173553726,0.08343505859375,0.150634765625,0.025,0.0,0.0,0.15,0.009259259259259259,0.009259259259259259,0.6481481481481483,0.8750000000000004,0.8000000000000004,0.0,0.4500000000000001,0.36111111111111077,0.3518518518518515,0.6481481481481483
0.32231404958677695,0.08392333984375,0.151123046875,0.025,0.0,0.0,0.15,0.009259259259259259,0.009259259259259259,0.6481481481481483,0.8750000000000004,0.8000000000000004,0.0,0.4500000000000001,0.36111111111111077,0.3518518518518515,0.6574074074074076
0.32334710743801665,0.08447265625,0.1513671875,0.025,0.0,0.0,0.15,0.009259259259259259,0.009259259259259259,0.6481481481481483,0.8750000000000004,0.8000000000000004,0.0,0.4500000000000001,0.36111111111111077,0.36111111111111077,0.6574074074074076
0.3243801652892563,0.0849609375,0.1517333984375,0.025,0.0,0.0,0.15,0.009259259259259259,0.009259259259259259,0.6481481481481483,0.8750000000000004,0.8000000000000004,0.0,0.4500000000000001,0.36111111111111077,0.37037037037037,0.6574074074074076
0.3254132231404959,0.08544921875,0.1524658203125,0.025,0.0,0.0,0.15,0.009259259259259259,0.009259259259259259,0.6481481481481483,0.8750000000000004,0.8000000000000004,0.0,0.4500000000000001,0.36111111111111077,0.37962962962962926,0.6574074074074076
0.3264462809917356,0.08587646484375,0.152587890625,0.025,0.0,0.0,0.15,0.009259259259259259,0.009259259259259259,0.6481481481481483,0.8750000000000004,0.8000000000000004,0.0,0.4500000000000001,0.36111111111111077,0.3888888888888885,0.6574074074074076
0.3274793388429753,0.08636474609375,0.153076171875,0.025,0.0,0.0,0.15,0.009259259259259259,0.009259259259259259,0.6481481481481483,0.8750000000000004,0.8000000000000004,0.0,0.4500000000000001,0.36111111111111077,0.39814814814814775,0.6574074074074076
0.328512396694215,0.08685302734375,0.1536865234375,0.025,0.0,0.0,0.15,0.009259259259259259,0.009259259259259259,0.6481481481481483,0.8750000000000004,0.8000000000000004,0.0,0.4500000000000001,0.36111111111111077,0.39814814814814775,0.6666666666666669
0.3295454545454546,0.08740234375,0.1544189453125,0.025,0.0,0.0,0.175,0.009259259259259259,0.009259259259259259,0.6481481481481483,0.8750000000000004,0.8000000000000004,0.0,0.4500000000000001,0.36111111111111077,0.39814814814814775,0.6666666666666669
0.3305785123966943,0.0877685546875,0.15478515625,0.025,0.0,0.0,0.19999999999999998,0.009259259259259259,0.009259259259259259,0.6481481481481483,0.8750000000000004,0.8000000000000004,0.0,0.4500000000000001,0.36111111111111077,0.39814814814814775,0.6666666666666669
0.331611570247934,0.08819580078125,0.1551513671875,0.025,0.0,0.0,0.19999999999999998,0.009259259259259259,0.009259259259259259,0.6481481481481483,0.8750000000000004,0.8000000000000004,0.0,0.4500000000000001,0.37037037037037,0.39814814814814775,0.6666666666666669
0.33264462809917367,0.08856201171875,0.15625,0.025,0.0,0.0,0.19999999999999998,0.009259259259259259,0.009259259259259259,0.6481481481481483,0.8750000000000004,0.8000000000000004,0.0,0.4500000000000001,0.37962962962962926,0.39814814814814775,0.6666666666666669
0.33367768595041325,0.08880615234375,0.156494140625,0.025,0.0,0.0,0.19999999999999998,0.009259259259259259,0.009259259259259259,0.6481481481481483,0.8750000000000004,0.8000000000000004,0.0,0.4500000000000001,0.3888888888888885,0.39814814814814775,0.6666666666666669
0.334710743801653,0.08917236328125,0.1573486328125,0.025,0.0,0.0,0.19999999999999998,0.009259259259259259,0.009259259259259259,0.6481481481481483,0.8750000000000004,0.8000000000000004,0.0,0.4500000000000001,0.39814814814814775,0.39814814814814775,0.6666666666666669
0.33574380165289264,0.08953857421875,0.1575927734375,0.025,0.0,0.0,0.19999999999999998,0.009259259259259259,0.009259259259259259,0.6481481481481483,0.8750000000000004,0.8000000000000004,0.0,0.4500000000000001,0.407407407407407,0.39814814814814775,0.6666666666666669
0.33677685950413233,0.09002685546875,0.1583251953125,0.025,0.0,0.0,0.19999999999999998,0.009259259259259259,0.009259259259259259,0.6481481481481483,0.8750000000000004,0.8000000000000004,0.0,0.4500000000000001,0.41666666666666624,0.39814814814814775,0.6666666666666669
0.33780991735537197,0.09039306640625,0.1585693359375,0.025,0.0,0.0,0.19999999999999998,0.009259259259259259,0.009259259259259259,0.6481481481481483,0.8750000000000004,0.8000000000000004,0.0,0.4500000000000001,0.4259259259259255,0.39814814814814775,0.6666666666666669
0.3388429752066116,0.0906982421875,0.1588134765625,0.025,0.0,0.0,0.19999999999999998,0.009259259259259259,0.009259259259259259,0.6481481481481483,0.8750000000000004,0.8000000000000004,0.0,0.4500000000000001,0.43518518518518473,0.39814814814814775,0.6666666666666669
0.3398760330578513,0.09112548828125,0.159423828125,0.025,0.0,0.0,0.19999999999999998,0.009259259259259259,0.009259259259259259,0.6481481481481483,0.8750000000000004,0.8000000000000004,0.0,0.4500000000000001,0.444444444444444,0.39814814814814775,0.6666666666666669
0.340909090909091,0.09149169921875,0.15966796875,0.025,0.0,0.0,0.19999999999999998,0.009259259259259259,0.009259259259259259,0.6481481481481483,0.8750000000000004,0.8000000000000004,0.0,0.4500000000000001,0.4537037037037032,0.39814814814814775,0.6666666666666669
0.34194214876033063,0.09185791015625,0.160400390625,0.025,0.0,0.0,0.19999999999999998,0.009259259259259259,0.009259259259259259,0.6481481481481483,0.8750000000000004,0.8000000000000004,0.0,0.4500000000000001,0.46296296296296247,0.39814814814814775,0.6666666666666669
0.3429752066115703,0.09234619140625,0.16064453125,0.025,0.0,0.0,0.19999999999999998,0.009259259259259259,0.009259259259259259,0.6481481481481483,0.8750000000000004,0.8000000000000004,0.0,0.4500000000000001,0.4722222222222217,0.39814814814814775,0.6666666666666669
0.34400826446280997,0.0927734375,0.1611328125,0.025,0.0,0.0,0.19999999999999998,0.009259259259259259,0.009259259259259259,0.6481481481481483,0.8750000000000004,0.8000000000000004,0.0,0.4500000000000001,0.48148148148148096,0.39814814814814775,0.6666666666666669
0.34504132231404966,0.093017578125,0.161376953125,0.025,0.0,0.0,0.19999999999999998,0.009259259259259259,0.009259259259259259,0.6481481481481483,0.8750000000000004,0.8000000000000004,0.0,0.4500000000000001,0.4907407407407402,0.39814814814814775,0.6666666666666669
0.3460743801652893,0.093505859375,0.1630859375,0.025,0.0,0.0,0.19999999999999998,0.009259259259259259,0.009259259259259259,0.6481481481481483,0.8750000000000004,0.8000000000000004,0.0,0.4500000000000001,0.49999999999999944,0.39814814814814775,0.6666666666666669
0.347107438016529,0.09393310546875,0.1639404296875,0.025,0.0,0.0,0.19999999999999998,0.009259259259259259,0.009259259259259259,0.6481481481481483,0.8750000000000004,0.8000000000000004,0.0,0.4500000000000001,0.5092592592592587,0.39814814814814775,0.6666666666666669
0.3481404958677687,0.09442138671875,0.1634521484375,0.025,0.0,0.0,0.19999999999999998,0.009259259259259259,0.009259259259259259,0.6481481481481483,0.8750000000000004,0.8000000000000004,0.0,0.4500000000000001,0.5092592592592587,0.39814814814814775,0.6759259259259262
0.3491735537190084,0.09490966796875,0.1639404296875,0.025,0.0,0.0,0.19999999999999998,0.009259259259259259,0.009259259259259259,0.6481481481481483,0.8750000000000004,0.8000000000000004,0.0,0.4500000000000001,0.5092592592592587,0.39814814814814775,0.6851851851851855
0.35020661157024807,0.095458984375,0.164306640625,0.025,0.0,0.0,0.19999999999999998,0.009259259259259259,0.009259259259259259,0.6574074074074076,0.8750000000000004,0.8000000000000004,0.0,0.4500000000000001,0.5092592592592587,0.39814814814814775,0.6851851851851855
0.35123966942148765,0.09600830078125,0.1646728515625,0.025,0.0,0.0,0.19999999999999998,0.009259259259259259,0.009259259259259259,0.6666666666666669,0.8750000000000004,0.8000000000000004,0.0,0.4500000000000001,0.5092592592592587,0.39814814814814775,0.6851851851851855
0.3522727272727273,0.09649658203125,0.1651611328125,0.025,0.0,0.0,0.19999999999999998,0.009259259259259259,0.009259259259259259,0.6666666666666669,0.8750000000000004,0.8000000000000004,0.0,0.4500000000000001,0.5092592592592587,0.39814814814814775,0.6944444444444448
0.353305785123967,0.0970458984375,0.16552734375,0.025,0.0,0.0,0.19999999999999998,0.009259259259259259,0.009259259259259259,0.6666666666666669,0.8750000000000004,0.8000000000000004,0.0,0.4500000000000001,0.5092592592592587,0.39814814814814775,0.703703703703704
0.3543388429752066,0.09759521484375,0.16650390625,0.025,0.0,0.0,0.19999999999999998,0.009259259259259259,0.009259259259259259,0.6759259259259262,0.8750000000000004,0.8000000000000004,0.0,0.4500000000000001,0.5092592592592587,0.39814814814814775,0.703703703703704
0.3553719008264463,0.09814453125,0.166748046875,0.025,0.0,0.0,0.19999999999999998,0.009259259259259259,0.009259259259259259,0.6759259259259262,0.8750000000000004,0.8000000000000004,0.0,0.4500000000000001,0.5092592592592587,0.39814814814814775,0.7129629629629634
0.356404958677686,0.0987548828125,0.167236328125,0.025,0.0,0.0,0.19999999999999998,0.009259259259259259,0.009259259259259259,0.6851851851851855,0.8750000000000004,0.8000000000000004,0.0,0.4500000000000001,0.5092592592592587,0.39814814814814775,0.7129629629629634
0.3574380165289257,0.09930419921875,0.16748046875,0.025,0.0,0.0,0.19999999999999998,0.009259259259259259,0.009259259259259259,0.6851851851851855,0.8750000000000004,0.8000000000000004,0.0,0.4500000000000001,0.5092592592592587,0.39814814814814775,0.7222222222222227
0.3584710743801654,0.09991455078125,0.1676025390625,0.025,0.0,0.0,0.19999999999999998,0.009259259259259259,0.009259259259259259,0.6944444444444448,0.8750000000000004,0.8000000000000004,0.0,0.4500000000000001,0.5092592592592587,0.39814814814814775,0.7222222222222227
0.3595041322314051,0.10052490234375,0.1680908203125,0.025,0.0,0.0,0.19999999999999998,0.009259259259259259,0.009259259259259259,0.6944444444444448,0.8750000000000004,0.8000000000000004,0.0,0.4500000000000001,0.5092592592592587,0.39814814814814775,0.731481481481482
0.36053719008264473,0.10113525390625,0.16845703125,0.025,0.0,0.0,0.19999999999999998,0.009259259259259259,0.009259259259259259,0.703703703703704,0.8750000000000004,0.8000000000000004,0.0,0.4500000000000001,0.5092592592592587,0.39814814814814775,0.731481481481482
0.3615702479338844,0.10174560546875,0.1689453125,0.025,0.0,0.0,0.19999999999999998,0.009259259259259259,0.009259259259259259,0.703703703703704,0.8750000000000004,0.8250000000000004,0.0,0.4500000000000001,0.5092592592592587,0.39814814814814775,0.731481481481482
0.3626033057851241,0.1016845703125,0.1693115234375,0.025,0.0,0.0,0.19999999999999998,0.009259259259259259,0.009259259259259259,0.703703703703704,0.8750000000000004,0.8500000000000004,0.0,0.4500000000000001,0.5092592592592587,0.39814814814814775,0.731481481481482
0.36363636363636376,0.101806640625,0.1697998046875,0.025,0.0,0.0,0.19999999999999998,0.009259259259259259,0.009259259259259259,0.703703703703704,0.8750000000000004,0.8750000000000004,0.0,0.4500000000000001,0.5092592592592587,0.39814814814814775,0.731481481481482
0.3646694214876034,0.10162353515625,0.17041015625,0.025,0.0,0.0,0.19999999999999998,0.009259259259259259,0.009259259259259259,0.703703703703704,0.8750000000000004,0.9000000000000005,0.0,0.4500000000000001,0.5092592592592587,0.39814814814814775,0.731481481481482
0.3657024793388431,0.1021728515625,0.1708984375,0.025,0.0,0.0,0.19999999999999998,0.009259259259259259,0.009259259259259259,0.703703703703704,0.8750000000000004,0.9000000000000005,0.0,0.47500000000000014,0.5092592592592587,0.39814814814814775,0.731481481481482
0.3667355371900828,0.1024169921875,0.1715087890625,0.025,0.0,0.0,0.19999999999999998,0.009259259259259259,0.009259259259259259,0.703703703703704,0.8750000000000004,0.9000000000000005,0.0,0.5000000000000001,0.5092592592592587,0.39814814814814775,0.731481481481482
0.3677685950413225,0.10247802734375,0.171630859375,0.025,0.0,0.0,0.19999999999999998,0.009259259259259259,0.009259259259259259,0.703703703703704,0.8750000000000004,0.9000000000000005,0.0,0.5250000000000001,0.5092592592592587,0.39814814814814775,0.731481481481482
0.36880165289256206,0.1026611328125,0.1724853515625,0.025,0.0,0.0,0.19999999999999998,0.009259259259259259,0.009259259259259259,0.703703703703704,0.8750000000000004,0.9000000000000005,0.0,0.5500000000000002,0.5092592592592587,0.39814814814814775,0.731481481481482
0.36983471074380175,0.1025390625,0.172607421875,0.025,0.0,0.0,0.19999999999999998,0.009259259259259259,0.009259259259259259,0.703703703703704,0.8750000000000004,0.9000000000000005,0.0,0.5750000000000002,0.5092592592592587,0.39814814814814775,0.731481481481482
0.37086776859504145,0.10284423828125,0.1732177734375,0.025,0.0,0.0,0.19999999999999998,0.009259259259259259,0.009259259259259259,0.703703703703704,0.8750000000000004,0.9000000000000005,0.0,0.6000000000000002,0.5092592592592587,0.39814814814814775,0.731481481481482
0.37190082644628114,0.1026611328125,0.17333984375,0.025,0.0,0.0,0.19999999999999998,0.009259259259259259,0.009259259259259259,0.703703703703704,0.8750000000000004,0.9000000000000005,0.0,0.6250000000000002,0.5092592592592587,0.39814814814814775,0.731481481481482
0.37293388429752083,0.102783203125,0.1737060546875,0.025,0.0,0.0,0.19999999999999998,0.009259259259259259,0.009259259259259259,0.703703703703704,0.8750000000000004,0.9000000000000005,0.0,0.6500000000000002,0.5092592592592587,0.39814814814814775,0.731481481481482
0.3739669421487604,0.10260009765625,0.17431640625,0.025,0.0,0.0,0.19999999999999998,0.009259259259259259,0.009259259259259259,0.703703703703704,0.8750000000000004,0.9000000000000005,0.0,0.6750000000000003,0.5092592592592587,0.39814814814814775,0.731481481481482
0.3750000000000001,0.10284423828125,0.1746826171875,0.025,0.0,0.0,0.19999999999999998,0.009259259259259259,0.009259259259259259,0.703703703703704,0.8750000000000004,0.9000000000000005,0.0,0.7000000000000003,0.5092592592592587,0.39814814814814775,0.731481481481482
0.3760330578512398,0.10302734375,0.17529296875,0.025,0.0,0.0,0.19999999999999998,0.009259259259259259,0.009259259259259259,0.703703703703704,0.8750000000000004,0.9000000000000005,0.0,0.7250000000000003,0.5092592592592587,0.39814814814814775,0.731481481481482
0.3770661157024795,0.10345458984375,0.1756591796875,0.025,0.0,0.0,0.19999999999999998,0.009259259259259259,0.009259259259259259,0.703703703703704,0.8750000000000004,0.9250000000000005,0.0,0.7250000000000003,0.5092592592592587,0.39814814814814775,0.731481481481482
0.37809917355371914,0.1038818359375,0.1759033203125,0.025,0.0,0.0,0.19999999999999998,0.009259259259259259,0.009259259259259259,0.703703703703704,0.8750000000000004,0.9250000000000005,0.0,0.7250000000000003,0.5092592592592587,0.407407407407407,0.731481481481482
0.3791322314049588,0.10430908203125,0.1766357421875,0.025,0.0,0.0,0.19999999999999998,0.009259259259259259,0.009259259259259259,0.703703703703704,0.8750000000000004,0.9250000000000005,0.0,0.7250000000000003,0.5092592592592587,0.41666666666666624,0.731481481481482
0.38016528925619847,0.10479736328125,0.177001953125,0.025,0.0,0.0,0.19999999999999998,0.009259259259259259,0.009259259259259259,0.703703703703704,0.8750000000000004,0.9250000000000005,0.0,0.7250000000000003,0.5092592592592587,0.4259259259259255,0.731481481481482
0.38119834710743816,0.10528564453125,0.1776123046875,0.025,0.0,0.0,0.19999999999999998,0.009259259259259259,0.009259259259259259,0.703703703703704,0.8750000000000004,0.9250000000000005,0.0,0.7250000000000003,0.5092592592592587,0.43518518518518473,0.731481481481482
0.3822314049586778,0.10577392578125,0.177978515625,0.025,0.0,0.0,0.19999999999999998,0.009259259259259259,0.009259259259259259,0.703703703703704,0.8750000000000004,0.9250000000000005,0.0,0.7250000000000003,0.5092592592592587,0.444444444444444,0.731481481481482
0.3832644628099175,0.10614013671875,0.1785888671875,0.025,0.0,0.0,0.19999999999999998,0.009259259259259259,0.009259259259259259,0.703703703703704,0.8750000000000004,0.9250000000000005,0.0,0.7250000000000003,0.5092592592592587,0.4537037037037032,0.731481481481482
0.38429752066115713,0.1065673828125,0.178955078125,0.025,0.0,0.0,0.19999999999999998,0.009259259259259259,0.009259259259259259,0.703703703703704,0.8750000000000004,0.9250000000000005,0.0,0.7250000000000003,0.5092592592592587,0.46296296296296247,0.731481481481482
0.3853305785123968,0.107177734375,0.1793212890625,0.025,0.0,0.0,0.19999999999999998,0.009259259259259259,0.009259259259259259,0.7129629629629634,0.8750000000000004,0.9250000000000005,0.0,0.7250000000000003,0.5092592592592587,0.46296296296296247,0.731481481481482
0.38636363636363646,0.10772705078125,0.1798095703125,0.025,0.0,0.0,0.19999999999999998,0.009259259259259259,0.009259259259259259,0.7129629629629634,0.8750000000000004,0.9250000000000005,0.0,0.7250000000000003,0.5092592592592587,0.4722222222222217,0.731481481481482
0.38739669421487616,0.10821533203125,0.1798095703125,0.025,0.0,0.0,0.19999999999999998,0.009259259259259259,0.009259259259259259,0.7129629629629634,0.8750000000000004,0.9250000000000005,0.0,0.7250000000000003,0.5092592592592587,0.48148148148148096,0.731481481481482
0.38842975206611585,0.108642578125,0.1806640625,0.025,0.0,0.0,0.19999999999999998,0.009259259259259259,0.009259259259259259,0.7129629629629634,0.8750000000000004,0.9250000000000005,0.0,0.7250000000000003,0.5092592592592587,0.4907407407407402,0.731481481481482
0.3894628099173555,0.109130859375,0.180908203125,0.025,0.0,0.0,0.19999999999999998,0.009259259259259259,0.009259259259259259,0.7129629629629634,0.8750000000000004,0.9250000000000005,0.0,0.7250000000000003,0.5092592592592587,0.49999999999999944,0.731481481481482
0.39049586776859513,0.10955810546875,0.1815185546875,0.025,0.0,0.0,0.19999999999999998,0.009259259259259259,0.009259259259259259,0.7129629629629634,0.8750000000000004,0.9250000000000005,0.0,0.7250000000000003,0.5092592592592587,0.5092592592592587,0.731481481481482
0.3915289256198348,0.110107421875,0.181640625,0.025,0.0,0.0,0.19999999999999998,0.009259259259259259,0.009259259259259259,0.7129629629629634,0.8750000000000004,0.9250000000000005,0.0,0.7250000000000003,0.5092592592592587,0.518518518518518,0.731481481481482
0.39256198347107446,0.1107177734375,0.1822509765625,0.025,0.0,0.0,0.19999999999999998,0.009259259259259259,0.009259259259259259,0.7129629629629634,0.8750000000000004,0.9250000000000005,0.0,0.7250000000000003,0.518518518518518,0.518518518518518,0.731481481481482
0.3935950413223142,0.11114501953125,0.1827392578125,0.025,0.0,0.0,0.19999999999999998,0.009259259259259259,0.009259259259259259,0.7129629629629634,0.8750000000000004,0.9250000000000005,0.0,0.7250000000000003,0.5277777777777773,0.518518518518518,0.731481481481482
0.3946280991735538,0.11163330078125,0.18310546875,0.025,0.0,0.0,0.19999999999999998,0.009259259259259259,0.009259259259259259,0.7129629629629634,0.8750000000000004,0.9250000000000005,0.0,0.7250000000000003,0.5370370370370366,0.518518518518518,0.731481481481482
0.3956611570247936,0.11212158203125,0.1837158203125,0.025,0.0,0.025,0.19999999999999998,0.009259259259259259,0.009259259259259259,0.7129629629629634,0.8750000000000004,0.9250000000000005,0.0,0.7250000000000003,0.5370370370370366,0.518518518518518,0.731481481481482
0.3966942148760332,0.112548828125,0.1839599609375,0.025,0.0,0.025,0.19999999999999998,0.009259259259259259,0.009259259259259259,0.7129629629629634,0.8750000000000004,0.9250000000000005,0.0,0.7250000000000003,0.546296296296296,0.518518518518518,0.731481481481482
0.3977272727272729,0.113037109375,0.187255859375,0.025,0.0,0.025,0.19999999999999998,0.009259259259259259,0.009259259259259259,0.7129629629629634,0.8750000000000004,0.9250000000000005,0.0,0.7250000000000003,0.5555555555555552,0.518518518518518,0.731481481481482
0.39876033057851257,0.11358642578125,0.1873779296875,0.025,0.0,0.025,0.19999999999999998,0.009259259259259259,0.009259259259259259,0.7129629629629634,0.8750000000000004,0.9250000000000005,0.0,0.7250000000000003,0.5648148148148145,0.518518518518518,0.731481481481482
0.39979338842975226,0.11407470703125,0.1881103515625,0.025,0.0,0.025,0.19999999999999998,0.009259259259259259,0.009259259259259259,0.7129629629629634,0.8750000000000004,0.9500000000000005,0.0,0.7250000000000003,0.5648148148148145,0.518518518518518,0.731481481481482
0.4008264462809919,0.11444091796875,0.1884765625,0.025,0.0,0.025,0.22499999999999998,0.009259259259259259,0.009259259259259259,0.7129629629629634,0.8750000000000004,0.9500000000000005,0.0,0.7250000000000003,0.5648148148148145,0.518518518518518,0.731481481481482
0.40185950413223154,0.114990234375,0.1888427734375,0.025,0.0,0.025,0.22499999999999998,0.009259259259259259,0.009259259259259259,0.7129629629629634,0.8750000000000004,0.9500000000000005,0.0,0.7250000000000003,0.5740740740740738,0.518518518518518,0.731481481481482
0.40289256198347123,0.11553955078125,0.1893310546875,0.025,0.0,0.025,0.22499999999999998,0.009259259259259259,0.009259259259259259,0.7129629629629634,0.8750000000000004,0.9500000000000005,0.0,0.7250000000000003,0.5833333333333331,0.518518518518518,0.731481481481482
0.4039256198347109,0.1158447265625,0.189453125,0.025,0.0,0.025,0.22499999999999998,0.009259259259259259,0.009259259259259259,0.7129629629629634,0.8750000000000004,0.9500000000000005,0.0,0.7250000000000003,0.5925925925925924,0.518518518518518,0.731481481481482
0.40495867768595056,0.1162109375,0.1900634765625,0.025,0.0,0.025,0.22499999999999998,0.009259259259259259,0.009259259259259259,0.7129629629629634,0.8750000000000004,0.9500000000000005,0.0,0.7250000000000003,0.6018518518518517,0.518518518518518,0.731481481481482
0.40599173553719026,0.11669921875,0.1905517578125,0.025,0.0,0.025,0.22499999999999998,0.009259259259259259,0.009259259259259259,0.7129629629629634,0.8750000000000004,0.9500000000000005,0.0,0.7250000000000003,0.611111111111111,0.518518518518518,0.731481481481482
0.40702479338842995,0.11724853515625,0.1910400390625,0.025,0.0,0.025,0.22499999999999998,0.009259259259259259,0.009259259259259259,0.7129629629629634,0.8750000000000004,0.9500000000000005,0.0,0.7250000000000003,0.611111111111111,0.518518518518518,0.7407407407407413
0.40805785123966964,0.11785888671875,0.19140625,0.025,0.0,0.025,0.22499999999999998,0.009259259259259259,0.009259259259259259,0.7222222222222227,0.8750000000000004,0.9500000000000005,0.0,0.7250000000000003,0.611111111111111,0.518518518518518,0.7407407407407413
0.40909090909090934,0.11846923828125,0.1917724609375,0.025,0.0,0.025,0.22499999999999998,0.009259259259259259,0.009259259259259259,0.7222222222222227,0.8750000000000004,0.9500000000000005,0.0,0.7250000000000003,0.611111111111111,0.5277777777777773,0.7407407407407413
0.41012396694214903,0.11907958984375,0.193115234375,0.025,0.0,0.025,0.22499999999999998,0.009259259259259259,0.009259259259259259,0.7222222222222227,0.8750000000000004,0.9500000000000005,0.0,0.7250000000000003,0.611111111111111,0.5277777777777773,0.7500000000000006
0.4111570247933886,0.11962890625,0.1932373046875,0.025,0.0,0.025,0.22499999999999998,0.009259259259259259,0.009259259259259259,0.7222222222222227,0.8750000000000004,0.9500000000000005,0.0,0.7250000000000003,0.611111111111111,0.5277777777777773,0.7592592592592599
0.41219008264462836,0.1202392578125,0.1939697265625,0.025,0.0,0.025,0.22499999999999998,0.009259259259259259,0.009259259259259259,0.731481481481482,0.8750000000000004,0.9500000000000005,0.0,0.7250000000000003,0.611111111111111,0.5277777777777773,0.7592592592592599
0.413223140495868,0.120849609375,0.1939697265625,0.025,0.0,0.025,0.22499999999999998,0.009259259259259259,0.009259259259259259,0.731481481481482,0.8750000000000004,0.9500000000000005,0.0,0.7250000000000003,0.611111111111111,0.5277777777777773,0.7685185185185192
0.4142561983471076,0.12152099609375,0.1947021484375,0.025,0.0,0.025,0.22499999999999998,0.018518518518518517,0.009259259259259259,0.731481481481482,0.8750000000000004,0.9500000000000005,0.0,0.7250000000000003,0.611111111111111,0.5277777777777773,0.7685185185185192
0.41528925619834733,0.12200927734375,0.1949462890625,0.025,0.0,0.025,0.22499999999999998,0.027777777777777776,0.009259259259259259,0.731481481481482,0.8750000000000004,0.9500000000000005,0.0,0.7250000000000003,0.611111111111111,0.5277777777777773,0.7685185185185192
0.416322314049587,0.12249755859375,0.1954345703125,0.025,0.0,0.025,0.22499999999999998,0.037037037037037035,0.009259259259259259,0.731481481481482,0.8750000000000004,0.9500000000000005,0.0,0.7250000000000003,0.611111111111111,0.5277777777777773,0.7685185185185192
0.4173553719008267,0.123046875,0.1959228515625,0.025,0.0,0.025,0.22499999999999998,0.046296296296296294,0.009259259259259259,0.731481481481482,0.8750000000000004,0.9500000000000005,0.0,0.7250000000000003,0.611111111111111,0.5277777777777773,0.7685185185185192
0.41838842975206636,0.1236572265625,0.1961669921875,0.025,0.0,0.025,0.22499999999999998,0.05555555555555555,0.009259259259259259,0.731481481481482,0.8750000000000004,0.9500000000000005,0.0,0.7250000000000003,0.611111111111111,0.5277777777777773,0.7685185185185192
0.419421487603306,0.124267578125,0.1966552734375,0.025,0.0,0.025,0.22499999999999998,0.05555555555555555,0.009259259259259259,0.731481481481482,0.8750000000000004,0.9500000000000005,0.0,0.7250000000000003,0.611111111111111,0.5277777777777773,0.7777777777777785
0.42045454545454564,0.12493896484375,0.197265625,0.025,0.0,0.025,0.22499999999999998,0.06481481481481481,0.009259259259259259,0.731481481481482,0.8750000000000004,0.9500000000000005,0.0,0.7250000000000003,0.611111111111111,0.5277777777777773,0.7777777777777785
0.42148760330578533,0.1256103515625,0.1966552734375,0.025,0.025,0.025,0.22499999999999998,0.06481481481481481,0.009259259259259259,0.731481481481482,0.8750000000000004,0.9500000000000005,0.0,0.7250000000000003,0.611111111111111,0.5277777777777773,0.7777777777777785
0.422520661157025,0.126220703125,0.19677734375,0.025,0.025,0.025,0.22499999999999998,0.06481481481481481,0.009259259259259259,0.731481481481482,0.8750000000000004,0.9500000000000005,0.0,0.7250000000000003,0.6203703703703703,0.5277777777777773,0.7777777777777785
0.42355371900826466,0.1268310546875,0.1971435546875,0.025,0.025,0.025,0.22499999999999998,0.06481481481481481,0.009259259259259259,0.7407407407407413,0.8750000000000004,0.9500000000000005,0.0,0.7250000000000003,0.6203703703703703,0.5277777777777773,0.7777777777777785
0.4245867768595043,0.1275634765625,0.1976318359375,0.025,0.025,0.025,0.22499999999999998,0.07407407407407407,0.009259259259259259,0.7407407407407413,0.8750000000000004,0.9500000000000005,0.0,0.7250000000000003,0.6203703703703703,0.5277777777777773,0.7777777777777785
0.42561983471074405,0.128173828125,0.197998046875,0.025,0.025,0.025,0.22499999999999998,0.07407407407407407,0.018518518518518517,0.7407407407407413,0.8750000000000004,0.9500000000000005,0.0,0.7250000000000003,0.6203703703703703,0.5277777777777773,0.7777777777777785
0.4266528925619837,0.128662109375,0.1983642578125,0.025,0.025,0.025,0.22499999999999998,0.07407407407407407,0.027777777777777776,0.7407407407407413,0.8750000000000004,0.9500000000000005,0.0,0.7250000000000003,0.6203703703703703,0.5277777777777773,0.7777777777777785
0.4276859504132233,0.129150390625,0.1986083984375,0.025,0.025,0.025,0.22499999999999998,0.07407407407407407,0.037037037037037035,0.7407407407407413,0.8750000000000004,0.9500000000000005,0.0,0.7250000000000003,0.6203703703703703,0.5277777777777773,0.7777777777777785
0.428719008264463,0.1297607421875,0.1990966796875,0.025,0.025,0.025,0.22499999999999998,0.07407407407407407,0.046296296296296294,0.7407407407407413,0.8750000000000004,0.9500000000000005,0.0,0.7250000000000003,0.6203703703703703,0.5277777777777773,0.7777777777777785
0.42975206611570266,0.13037109375,0.1995849609375,0.025,0.025,0.025,0.22499999999999998,0.07407407407407407,0.05555555555555555,0.7407407407407413,0.8750000000000004,0.9500000000000005,0.0,0.7250000000000003,0.6203703703703703,0.5277777777777773,0.7777777777777785
0.4307851239669424,0.1309814453125,0.199951171875,0.025,0.025,0.025,0.22499999999999998,0.07407407407407407,0.06481481481481481,0.7407407407407413,0.8750000000000004,0.9500000000000005,0.0,0.7250000000000003,0.6203703703703703,0.5277777777777773,0.7777777777777785
0.431818181818182,0.131591796875,0.2003173828125,0.025,0.025,0.025,0.22499999999999998,0.07407407407407407,0.07407407407407407,0.7407407407407413,0.8750000000000004,0.9500000000000005,0.0,0.7250000000000003,0.6203703703703703,0.5277777777777773,0.7777777777777785
0.4328512396694217,0.1322021484375,0.2005615234375,0.025,0.025,0.025,0.22499999999999998,0.07407407407407407,0.07407407407407407,0.7407407407407413,0.8750000000000004,0.9500000000000005,0.0,0.7250000000000003,0.6203703703703703,0.5277777777777773,0.7870370370370378
0.4338842975206614,0.1329345703125,0.200927734375,0.025,0.025,0.025,0.22499999999999998,0.08333333333333333,0.07407407407407407,0.7407407407407413,0.8750000000000004,0.9500000000000005,0.0,0.7250000000000003,0.6203703703703703,0.5277777777777773,0.7870370370370378
0.43491735537190107,0.1336669921875,0.2012939453125,0.025,0.025,0.025,0.22499999999999998,0.08333333333333333,0.08333333333333333,0.7407407407407413,0.8750000000000004,0.9500000000000005,0.0,0.7250000000000003,0.6203703703703703,0.5277777777777773,0.7870370370370378
0.43595041322314065,0.13427734375,0.20166015625,0.025,0.025,0.025,0.22499999999999998,0.08333333333333333,0.08333333333333333,0.7500000000000006,0.8750000000000004,0.9500000000000005,0.0,0.7250000000000003,0.6203703703703703,0.5277777777777773,0.7870370370370378
0.43698347107438046,0.135009765625,0.2020263671875,0.025,0.025,0.025,0.22499999999999998,0.08333333333333333,0.09259259259259259,0.7500000000000006,0.8750000000000004,0.9500000000000005,0.0,0.7250000000000003,0.6203703703703703,0.5277777777777773,0.7870370370370378
0.4380165289256201,0.1356201171875,0.2030029296875,0.025,0.025,0.025,0.22499999999999998,0.08333333333333333,0.09259259259259259,0.7500000000000006,0.8750000000000004,0.9500000000000005,0.0,0.7250000000000003,0.6203703703703703,0.5277777777777773,0.7962962962962971
0.43904958677685973,0.1363525390625,0.2041015625,0.025,0.025,0.025,0.22499999999999998,0.08333333333333333,0.09259259259259259,0.7592592592592599,0.8750000000000004,0.9500000000000005,0.0,0.7250000000000003,0.6203703703703703,0.5277777777777773,0.7962962962962971
0.44008264462809943,0.136962890625,0.204345703125,0.025,0.025,0.025,0.22499999999999998,0.08333333333333333,0.09259259259259259,0.7685185185185192,0.8750000000000004,0.9500000000000005,0.0,0.7250000000000003,0.6203703703703703,0.5277777777777773,0.7962962962962971
0.4411157024793391,0.1376953125,0.2049560546875,0.025,0.025,0.025,0.22499999999999998,0.08333333333333333,0.09259259259259259,0.7777777777777785,0.8750000000000004,0.9500000000000005,0.0,0.7250000000000003,0.6203703703703703,0.5277777777777773,0.7962962962962971
0.44214876033057876,0.138427734375,0.205322265625,0.025,0.025,0.025,0.22499999999999998,0.08333333333333333,0.09259259259259259,0.7870370370370378,0.8750000000000004,0.9500000000000005,0.0,0.7250000000000003,0.6203703703703703,0.5277777777777773,0.7962962962962971
0.44318181818181845,0.13916015625,0.2056884765625,0.025,0.025,0.025,0.22499999999999998,0.08333333333333333,0.09259259259259259,0.7962962962962971,0.8750000000000004,0.9500000000000005,0.0,0.7250000000000003,0.6203703703703703,0.5277777777777773,0.7962962962962971
0.4442148760330581,0.139892578125,0.2061767578125,0.025,0.025,0.025,0.22499999999999998,0.08333333333333333,0.09259259259259259,0.7962962962962971,0.8750000000000004,0.9500000000000005,0.0,0.7250000000000003,0.6296296296296297,0.5277777777777773,0.7962962962962971
0.44524793388429784,0.140625,0.2066650390625,0.025,0.025,0.025,0.22499999999999998,0.09259259259259259,0.09259259259259259,0.7962962962962971,0.8750000000000004,0.9500000000000005,0.0,0.7250000000000003,0.6296296296296297,0.5277777777777773,0.7962962962962971
0.4462809917355374,0.141357421875,0.20703125,0.025,0.025,0.025,0.22499999999999998,0.10185185185185185,0.09259259259259259,0.7962962962962971,0.8750000000000004,0.9500000000000005,0.0,0.7250000000000003,0.6296296296296297,0.5277777777777773,0.7962962962962971
0.4473140495867771,0.14208984375,0.207763671875,0.025,0.025,0.025,0.22499999999999998,0.10185185185185185,0.10185185185185185,0.7962962962962971,0.8750000000000004,0.9500000000000005,0.0,0.7250000000000003,0.6296296296296297,0.5277777777777773,0.7962962962962971
0.4483471074380168,0.142822265625,0.2091064453125,0.025,0.025,0.025,0.22499999999999998,0.10185185185185185,0.1111111111111111,0.7962962962962971,0.8750000000000004,0.9500000000000005,0.0,0.7250000000000003,0.6296296296296297,0.5277777777777773,0.7962962962962971
0.4493801652892565,0.1435546875,0.2093505859375,0.025,0.025,0.025,0.22499999999999998,0.10185185185185185,0.1111111111111111,0.7962962962962971,0.8750000000000004,0.9500000000000005,0.0,0.7250000000000003,0.638888888888889,0.5277777777777773,0.7962962962962971
0.4504132231404962,0.1441650390625,0.2098388671875,0.025,0.025,0.025,0.22499999999999998,0.10185185185185185,0.1111111111111111,0.7962962962962971,0.8750000000000004,0.9500000000000005,0.0,0.7250000000000003,0.6481481481481483,0.5277777777777773,0.7962962962962971
0.4514462809917358,0.14453125,0.210205078125,0.025,0.025,0.025,0.22499999999999998,0.10185185185185185,0.1111111111111111,0.7962962962962971,0.8750000000000004,0.9500000000000005,0.0,0.7250000000000003,0.6574074074074076,0.5277777777777773,0.7962962962962971
0.45247933884297553,0.144775390625,0.210693359375,0.025,0.025,0.025,0.22499999999999998,0.10185185185185185,0.1111111111111111,0.7962962962962971,0.8750000000000004,0.9500000000000005,0.0,0.7250000000000003,0.6666666666666669,0.5277777777777773,0.7962962962962971
0.45351239669421517,0.1448974609375,0.2110595703125,0.025,0.025,0.025,0.22499999999999998,0.10185185185185185,0.1111111111111111,0.7962962962962971,0.8750000000000004,0.9500000000000005,0.0,0.7250000000000003,0.6759259259259262,0.5277777777777773,0.7962962962962971
0.45454545454545486,0.1451416015625,0.21142578125,0.025,0.025,0.025,0.22499999999999998,0.10185185185185185,0.1111111111111111,0.7962962962962971,0.8750000000000004,0.9500000000000005,0.0,0.7250000000000003,0.6851851851851855,0.5277777777777773,0.7962962962962971
0.45557851239669456,0.1455078125,0.2119140625,0.025,0.025,0.025,0.22499999999999998,0.10185185185185185,0.1111111111111111,0.7962962962962971,0.8750000000000004,0.9500000000000005,0.0,0.7250000000000003,0.6944444444444448,0.5277777777777773,0.7962962962962971
0.4566115702479342,0.14599609375,0.21142578125,0.025,0.025,0.025,0.22499999999999998,0.10185185185185185,0.1111111111111111,0.7962962962962971,0.8750000000000004,0.9500000000000005,0.0,0.7250000000000003,0.703703703703704,0.5277777777777773,0.7962962962962971
0.4576446280991739,0.1466064453125,0.211669921875,0.025,0.025,0.025,0.22499999999999998,0.10185185185185185,0.1111111111111111,0.7962962962962971,0.8750000000000004,0.9500000000000005,0.0,0.7250000000000003,0.703703703703704,0.5277777777777773,0.8055555555555564
0.4586776859504136,0.1473388671875,0.2120361328125,0.025,0.025,0.025,0.24999999999999997,0.10185185185185185,0.1111111111111111,0.7962962962962971,0.8750000000000004,0.9500000000000005,0.0,0.7250000000000003,0.703703703703704,0.5277777777777773,0.8055555555555564
0.4597107438016532,0.1478271484375,0.2125244140625,0.025,0.025,0.025,0.27499999999999997,0.10185185185185185,0.1111111111111111,0.7962962962962971,0.8750000000000004,0.9500000000000005,0.0,0.7250000000000003,0.703703703703704,0.5277777777777773,0.8055555555555564
0.46074380165289297,0.14794921875,0.2130126953125,0.025,0.025,0.025,0.3,0.10185185185185185,0.1111111111111111,0.7962962962962971,0.8750000000000004,0.9500000000000005,0.0,0.7250000000000003,0.703703703703704,0.5277777777777773,0.8055555555555564
0.46177685950413255,0.1483154296875,0.213623046875,0.025,0.025,0.025,0.325,0.10185185185185185,0.1111111111111111,0.7962962962962971,0.8750000000000004,0.9500000000000005,0.0,0.7250000000000003,0.703703703703704,0.5277777777777773,0.8055555555555564
0.4628099173553722,0.1490478515625,0.2139892578125,0.025,0.025,0.025,0.325,0.10185185185185185,0.12037037037037036,0.7962962962962971,0.8750000000000004,0.9500000000000005,0.0,0.7250000000000003,0.703703703703704,0.5277777777777773,0.8055555555555564
0.46384297520661194,0.1497802734375,0.2139892578125,0.025,0.025,0.025,0.325,0.1111111111111111,0.12037037037037036,0.7962962962962971,0.8750000000000004,0.9500000000000005,0.0,0.7250000000000003,0.703703703703704,0.5277777777777773,0.8055555555555564
0.46487603305785163,0.1505126953125,0.21435546875,0.025,0.025,0.025,0.325,0.1111111111111111,0.12037037037037036,0.7962962962962971,0.8750000000000004,0.9500000000000005,0.0,0.7250000000000003,0.703703703703704,0.5277777777777773,0.8148148148148157
0.4659090909090913,0.151123046875,0.21484375,0.025,0.025,0.025,0.325,0.1111111111111111,0.12037037037037036,0.7962962962962971,0.8750000000000004,0.9500000000000005,0.0,0.7250000000000003,0.703703703703704,0.5277777777777773,0.824074074074075
0.46694214876033097,0.15185546875,0.21435546875,0.025,0.025,0.025,0.325,0.1111111111111111,0.12037037037037036,0.7962962962962971,0.8750000000000004,0.9500000000000005,0.0,0.7250000000000003,0.703703703703704,0.5277777777777773,0.8333333333333343
0.4679752066115706,0.152587890625,0.214599609375,0.025,0.025,0.025,0.325,0.12037037037037036,0.12037037037037036,0.7962962962962971,0.8750000000000004,0.9500000000000005,0.0,0.7250000000000003,0.703703703703704,0.5277777777777773,0.8333333333333343
0.46900826446281035,0.1534423828125,0.2149658203125,0.025,0.025,0.025,0.325,0.12962962962962962,0.12037037037037036,0.7962962962962971,0.8750000000000004,0.9500000000000005,0.0,0.7250000000000003,0.703703703703704,0.5277777777777773,0.8333333333333343
0.47004132231404994,0.1541748046875,0.21533203125,0.025,0.025,0.025,0.325,0.12962962962962962,0.12962962962962962,0.7962962962962971,0.8750000000000004,0.9500000000000005,0.0,0.7250000000000003,0.703703703703704,0.5277777777777773,0.8333333333333343
0.4710743801652896,0.1549072265625,0.2159423828125,0.025,0.025,0.025,0.325,0.12962962962962962,0.12962962962962962,0.7962962962962971,0.8750000000000004,0.9500000000000005,0.0,0.7250000000000003,0.703703703703704,0.5370370370370366,0.8333333333333343
0.4721074380165293,0.1556396484375,0.2164306640625,0.025,0.025,0.025,0.325,0.12962962962962962,0.12962962962962962,0.7962962962962971,0.8750000000000004,0.9500000000000005,0.0,0.7250000000000003,0.703703703703704,0.546296296296296,0.8333333333333343
0.47314049586776896,0.156005859375,0.2169189453125,0.025,0.025,0.025,0.325,0.12962962962962962,0.12962962962962962,0.7962962962962971,0.8750000000000004,0.9500000000000005,0.0,0.7250000000000003,0.703703703703704,0.5555555555555552,0.8333333333333343
0.4741735537190087,0.15673828125,0.21728515625,0.025,0.025,0.025,0.325,0.12962962962962962,0.12962962962962962,0.7962962962962971,0.8750000000000004,0.9500000000000005,0.0,0.7250000000000003,0.703703703703704,0.5648148148148145,0.8333333333333343
0.4752066115702483,0.157470703125,0.217529296875,0.025,0.025,0.025,0.325,0.12962962962962962,0.12962962962962962,0.8055555555555564,0.8750000000000004,0.9500000000000005,0.0,0.7250000000000003,0.703703703703704,0.5648148148148145,0.8333333333333343
0.47623966942148793,0.158203125,0.2177734375,0.025,0.025,0.025,0.325,0.12962962962962962,0.12962962962962962,0.8055555555555564,0.8750000000000004,0.9500000000000005,0.0,0.7250000000000003,0.703703703703704,0.5740740740740738,0.8333333333333343
0.4772727272727277,0.1590576171875,0.2181396484375,0.025,0.025,0.025,0.325,0.1388888888888889,0.12962962962962962,0.8055555555555564,0.8750000000000004,0.9500000000000005,0.0,0.7250000000000003,0.703703703703704,0.5740740740740738,0.8333333333333343
0.47830578512396726,0.1597900390625,0.2183837890625,0.025,0.025,0.025,0.325,0.1388888888888889,0.12962962962962962,0.8055555555555564,0.8750000000000004,0.9500000000000005,0.0,0.7250000000000003,0.7129629629629634,0.5740740740740738,0.8333333333333343
0.4793388429752069,0.160400390625,0.21875,0.025,0.025,0.025,0.325,0.1388888888888889,0.12962962962962962,0.8055555555555564,0.8750000000000004,0.9500000000000005,0.0,0.7250000000000003,0.7222222222222227,0.5740740740740738,0.8333333333333343
0.48037190082644665,0.1610107421875,0.219482421875,0.025,0.025,0.025,0.325,0.1388888888888889,0.12962962962962962,0.8055555555555564,0.8750000000000004,0.9500000000000005,0.0,0.7250000000000003,0.731481481481482,0.5740740740740738,0.8333333333333343
0.4814049586776863,0.16162109375,0.2196044921875,0.025,0.025,0.025,0.325,0.1388888888888889,0.12962962962962962,0.8055555555555564,0.8750000000000004,0.9500000000000005,0.0,0.7250000000000003,0.7407407407407413,0.5740740740740738,0.8333333333333343
0.48243801652892604,0.162353515625,0.219970703125,0.025,0.025,0.025,0.325,0.1388888888888889,0.12962962962962962,0.8055555555555564,0.8750000000000004,0.9500000000000005,0.0,0.7250000000000003,0.7500000000000006,0.5740740740740738,0.8333333333333343
0.4834710743801656,0.1630859375,0.22021484375,0.025,0.05,0.025,0.325,0.1388888888888889,0.12962962962962962,0.8055555555555564,0.8750000000000004,0.9500000000000005,0.0,0.7250000000000003,0.7500000000000006,0.5740740740740738,0.8333333333333343
0.48450413223140537,0.1632080078125,0.2210693359375,0.025,0.07500000000000001,0.025,0.325,0.1388888888888889,0.12962962962962962,0.8055555555555564,0.8750000000000004,0.9500000000000005,0.0,0.7250000000000003,0.7500000000000006,0.5740740740740738,0.8333333333333343
0.485537190082645,0.163330078125,0.221435546875,0.025,0.1,0.025,0.325,0.1388888888888889,0.12962962962962962,0.8055555555555564,0.8750000000000004,0.9500000000000005,0.0,0.7250000000000003,0.7500000000000006,0.5740740740740738,0.8333333333333343
0.4865702479338846,0.1634521484375,0.2220458984375,0.025,0.125,0.025,0.325,0.1388888888888889,0.12962962962962962,0.8055555555555564,0.8750000000000004,0.9500000000000005,0.0,0.7250000000000003,0.7500000000000006,0.5740740740740738,0.8333333333333343
0.4876033057851244,0.1629638671875,0.2220458984375,0.025,0.15,0.025,0.325,0.1388888888888889,0.12962962962962962,0.8055555555555564,0.8750000000000004,0.9500000000000005,0.0,0.7250000000000003,0.7500000000000006,0.5740740740740738,0.8333333333333343
0.488636363636364,0.1629638671875,0.2227783203125,0.025,0.175,0.025,0.325,0.1388888888888889,0.12962962962962962,0.8055555555555564,0.8750000000000004,0.9500000000000005,0.0,0.7250000000000003,0.7500000000000006,0.5740740740740738,0.8333333333333343
0.48966942148760373,0.162841796875,0.222900390625,0.025,0.19999999999999998,0.025,0.325,0.1388888888888889,0.12962962962962962,0.8055555555555564,0.8750000000000004,0.9500000000000005,0.0,0.7250000000000003,0.7500000000000006,0.5740740740740738,0.8333333333333343
0.49070247933884337,0.1627197265625,0.223388671875,0.025,0.22499999999999998,0.025,0.325,0.1388888888888889,0.12962962962962962,0.8055555555555564,0.8750000000000004,0.9500000000000005,0.0,0.7250000000000003,0.7500000000000006,0.5740740740740738,0.8333333333333343
0.49173553719008295,0.162841796875,0.2237548828125,0.025,0.24999999999999997,0.025,0.325,0.1388888888888889,0.12962962962962962,0.8055555555555564,0.8750000000000004,0.9500000000000005,0.0,0.7250000000000003,0.7500000000000006,0.5740740740740738,0.8333333333333343
0.4927685950413227,0.1629638671875,0.22412109375,0.025,0.27499999999999997,0.025,0.325,0.1388888888888889,0.12962962962962962,0.8055555555555564,0.8750000000000004,0.9500000000000005,0.0,0.7250000000000003,0.7500000000000006,0.5740740740740738,0.8333333333333343
0.49380165289256234,0.1629638671875,0.224609375,0.025,0.3,0.025,0.325,0.1388888888888889,0.12962962962962962,0.8055555555555564,0.8750000000000004,0.9500000000000005,0.0,0.7250000000000003,0.7500000000000006,0.5740740740740738,0.8333333333333343
0.4948347107438021,0.1629638671875,0.22509765625,0.025,0.325,0.025,0.325,0.1388888888888889,0.12962962962962962,0.8055555555555564,0.8750000000000004,0.9500000000000005,0.0,0.7250000000000003,0.7500000000000006,0.5740740740740738,0.8333333333333343
0.4958677685950417,0.1629638671875,0.225830078125,0.025,0.35000000000000003,0.025,0.325,0.1388888888888889,0.12962962962962962,0.8055555555555564,0.8750000000000004,0.9500000000000005,0.0,0.7250000000000003,0.7500000000000006,0.5740740740740738,0.8333333333333343
0.4969008264462813,0.162841796875,0.226318359375,0.025,0.37500000000000006,0.025,0.325,0.1388888888888889,0.12962962962962962,0.8055555555555564,0.8750000000000004,0.9500000000000005,0.0,0.7250000000000003,0.7500000000000006,0.5740740740740738,0.8333333333333343
0.49793388429752106,0.1629638671875,0.22705078125,0.025,0.4000000000000001,0.025,0.325,0.1388888888888889,0.12962962962962962,0.8055555555555564,0.8750000000000004,0.9500000000000005,0.0,0.7250000000000003,0.7500000000000006,0.5740740740740738,0.8333333333333343
0.4989669421487607,0.1630859375,0.2276611328125,0.025,0.4250000000000001,0.025,0.325,0.1388888888888889,0.12962962962962962,0.8055555555555564,0.8750000000000004,0.9500000000000005,0.0,0.7250000000000003,0.7500000000000006,0.5740740740740738,0.8333333333333343
0.5000000000000004,0.1630859375,0.228271484375,0.025,0.4500000000000001,0.025,0.325,0.1388888888888889,0.12962962962962962,0.8055555555555564,0.8750000000000004,0.9500000000000005,0.0,0.7250000000000003,0.7500000000000006,0.5740740740740738,0.8333333333333343
0.5010330578512401,0.1629638671875,0.228759765625,0.025,0.47500000000000014,0.025,0.325,0.1388888888888889,0.12962962962962962,0.8055555555555564,0.8750000000000004,0.9500000000000005,0.0,0.7250000000000003,0.7500000000000006,0.5740740740740738,0.8333333333333343
0.5020661157024796,0.1630859375,0.2291259765625,0.025,0.5000000000000001,0.025,0.325,0.1388888888888889,0.12962962962962962,0.8055555555555564,0.8750000000000004,0.9500000000000005,0.0,0.7250000000000003,0.7500000000000006,0.5740740740740738,0.8333333333333343
0.5030991735537195,0.1632080078125,0.2293701171875,0.025,0.5250000000000001,0.025,0.325,0.1388888888888889,0.12962962962962962,0.8055555555555564,0.8750000000000004,0.9500000000000005,0.0,0.7250000000000003,0.7500000000000006,0.5740740740740738,0.8333333333333343
0.504132231404959,0.1634521484375,0.229736328125,0.025,0.5500000000000002,0.025,0.325,0.1388888888888889,0.12962962962962962,0.8055555555555564,0.8750000000000004,0.9500000000000005,0.0,0.7250000000000003,0.7500000000000006,0.5740740740740738,0.8333333333333343
0.5051652892561987,0.1632080078125,0.2320556640625,0.025,0.5750000000000002,0.025,0.325,0.1388888888888889,0.12962962962962962,0.8055555555555564,0.8750000000000004,0.9500000000000005,0.0,0.7250000000000003,0.7500000000000006,0.5740740740740738,0.8333333333333343
0.5061983471074384,0.1630859375,0.232666015625,0.025,0.6000000000000002,0.025,0.325,0.1388888888888889,0.12962962962962962,0.8055555555555564,0.8750000000000004,0.9500000000000005,0.0,0.7250000000000003,0.7500000000000006,0.5740740740740738,0.8333333333333343
0.507231404958678,0.163818359375,0.2330322265625,0.025,0.6250000000000002,0.025,0.325,0.1388888888888889,0.12962962962962962,0.8055555555555564,0.8750000000000004,0.9500000000000005,0.0,0.7250000000000003,0.7500000000000006,0.5740740740740738,0.8333333333333343
0.5082644628099178,0.1644287109375,0.233154296875,0.025,0.6250000000000002,0.025,0.325,0.1388888888888889,0.12962962962962962,0.8055555555555564,0.8750000000000004,0.9500000000000005,0.0,0.7250000000000003,0.7592592592592599,0.5740740740740738,0.8333333333333343
0.5092975206611574,0.1650390625,0.2337646484375,0.025,0.6500000000000002,0.025,0.325,0.1388888888888889,0.12962962962962962,0.8055555555555564,0.8750000000000004,0.9500000000000005,0.0,0.7250000000000003,0.7592592592592599,0.5740740740740738,0.8333333333333343
0.5103305785123969,0.16552734375,0.2337646484375,0.025,0.6750000000000003,0.025,0.325,0.1388888888888889,0.12962962962962962,0.8055555555555564,0.8750000000000004,0.9500000000000005,0.0,0.7250000000000003,0.7592592592592599,0.5740740740740738,0.8333333333333343
0.5113636363636368,0.166015625,0.2344970703125,0.025,0.7000000000000003,0.025,0.325,0.1388888888888889,0.12962962962962962,0.8055555555555564,0.8750000000000004,0.9500000000000005,0.0,0.7250000000000003,0.7592592592592599,0.5740740740740738,0.8333333333333343
0.5123966942148763,0.1661376953125,0.2349853515625,0.025,0.7250000000000003,0.025,0.325,0.1388888888888889,0.12962962962962962,0.8055555555555564,0.8750000000000004,0.9500000000000005,0.0,0.7250000000000003,0.7592592592592599,0.5740740740740738,0.8333333333333343
0.5134297520661161,0.166015625,0.23583984375,0.025,0.7500000000000003,0.025,0.325,0.1388888888888889,0.12962962962962962,0.8055555555555564,0.8750000000000004,0.9500000000000005,0.0,0.7250000000000003,0.7592592592592599,0.5740740740740738,0.8333333333333343
0.5144628099173557,0.1658935546875,0.2362060546875,0.025,0.7750000000000004,0.025,0.325,0.1388888888888889,0.12962962962962962,0.8055555555555564,0.8750000000000004,0.9500000000000005,0.0,0.7250000000000003,0.7592592592592599,0.5740740740740738,0.8333333333333343
0.5154958677685954,0.165771484375,0.2366943359375,0.025,0.8000000000000004,0.025,0.325,0.1388888888888889,0.12962962962962962,0.8055555555555564,0.8750000000000004,0.9500000000000005,0.0,0.7250000000000003,0.7592592592592599,0.5740740740740738,0.8333333333333343
0.5165289256198351,0.166259765625,0.2369384765625,0.025,0.8000000000000004,0.025,0.325,0.1388888888888889,0.12962962962962962,0.8055555555555564,0.8750000000000004,0.9500000000000005,0.0,0.7500000000000003,0.7592592592592599,0.5740740740740738,0.8333333333333343
0.5175619834710747,0.1666259765625,0.2376708984375,0.025,0.8000000000000004,0.025,0.325,0.1388888888888889,0.12962962962962962,0.8055555555555564,0.8750000000000004,0.9500000000000005,0.0,0.7500000000000003,0.7685185185185192,0.5740740740740738,0.8333333333333343
0.5185950413223145,0.167236328125,0.2381591796875,0.025,0.8000000000000004,0.025,0.325,0.1388888888888889,0.12962962962962962,0.8055555555555564,0.8750000000000004,0.9500000000000005,0.0,0.7500000000000003,0.7777777777777785,0.5740740740740738,0.8333333333333343
0.5196280991735541,0.1676025390625,0.2392578125,0.025,0.8000000000000004,0.025,0.325,0.1388888888888889,0.12962962962962962,0.8055555555555564,0.8750000000000004,0.9500000000000005,0.0,0.7500000000000003,0.7870370370370378,0.5740740740740738,0.8333333333333343
0.5206611570247937,0.168212890625,0.2398681640625,0.025,0.8000000000000004,0.025,0.325,0.1388888888888889,0.12962962962962962,0.8055555555555564,0.8750000000000004,0.9500000000000005,0.0,0.7500000000000003,0.7962962962962971,0.5740740740740738,0.8333333333333343
0.5216942148760334,0.1688232421875,0.240478515625,0.025,0.8000000000000004,0.025,0.325,0.1388888888888889,0.1388888888888889,0.8055555555555564,0.8750000000000004,0.9500000000000005,0.0,0.7500000000000003,0.7962962962962971,0.5740740740740738,0.8333333333333343
0.5227272727272732,0.16943359375,0.24072265625,0.025,0.8000000000000004,0.025,0.325,0.1388888888888889,0.1388888888888889,0.8055555555555564,0.8750000000000004,0.9500000000000005,0.0,0.7500000000000003,0.7962962962962971,0.5833333333333331,0.8333333333333343
0.5237603305785128,0.170166015625,0.241455078125,0.025,0.8000000000000004,0.025,0.325,0.1388888888888889,0.1388888888888889,0.8055555555555564,0.8750000000000004,0.9500000000000005,0.0,0.7500000000000003,0.7962962962962971,0.5833333333333331,0.8425925925925936
0.5247933884297524,0.1708984375,0.2393798828125,0.025,0.8000000000000004,0.025,0.325,0.1388888888888889,0.14814814814814814,0.8055555555555564,0.8750000000000004,0.9500000000000005,0.0,0.7500000000000003,0.7962962962962971,0.5833333333333331,0.8425925925925936
0.5258264462809922,0.171630859375,0.2401123046875,0.025,0.8000000000000004,0.025,0.325,0.1388888888888889,0.15740740740740738,0.8055555555555564,0.8750000000000004,0.9500000000000005,0.0,0.7500000000000003,0.7962962962962971,0.5833333333333331,0.8425925925925936
0.5268595041322318,0.17236328125,0.24072265625,0.025,0.8000000000000004,0.025,0.325,0.1388888888888889,0.15740740740740738,0.8055555555555564,0.8750000000000004,0.9500000000000005,0.0,0.7500000000000003,0.7962962962962971,0.5925925925925924,0.8425925925925936
0.5278925619834715,0.173095703125,0.2415771484375,0.025,0.8000000000000004,0.025,0.325,0.1388888888888889,0.15740740740740738,0.8055555555555564,0.8750000000000004,0.9500000000000005,0.025,0.7500000000000003,0.7962962962962971,0.5925925925925924,0.8425925925925936
0.5289256198347112,0.1727294921875,0.2421875,0.025,0.8000000000000004,0.025,0.325,0.1388888888888889,0.15740740740740738,0.8055555555555564,0.8750000000000004,0.9500000000000005,0.05,0.7500000000000003,0.7962962962962971,0.5925925925925924,0.8425925925925936
0.5299586776859508,0.173095703125,0.2432861328125,0.025,0.8000000000000004,0.025,0.325,0.1388888888888889,0.15740740740740738,0.8055555555555564,0.8750000000000004,0.9500000000000005,0.07500000000000001,0.7500000000000003,0.7962962962962971,0.5925925925925924,0.8425925925925936
0.5309917355371905,0.1728515625,0.243408203125,0.025,0.8000000000000004,0.025,0.325,0.1388888888888889,0.15740740740740738,0.8055555555555564,0.8750000000000004,0.9500000000000005,0.1,0.7500000000000003,0.7962962962962971,0.5925925925925924,0.8425925925925936
0.5320247933884302,0.1727294921875,0.24462890625,0.025,0.8000000000000004,0.025,0.325,0.1388888888888889,0.15740740740740738,0.8055555555555564,0.8750000000000004,0.9500000000000005,0.125,0.7500000000000003,0.7962962962962971,0.5925925925925924,0.8425925925925936
0.5330578512396699,0.173095703125,0.2447509765625,0.025,0.8000000000000004,0.025,0.35000000000000003,0.1388888888888889,0.15740740740740738,0.8055555555555564,0.8750000000000004,0.9500000000000005,0.125,0.7500000000000003,0.7962962962962971,0.5925925925925924,0.8425925925925936
0.5340909090909094,0.1734619140625,0.2454833984375,0.025,0.8000000000000004,0.025,0.37500000000000006,0.1388888888888889,0.15740740740740738,0.8055555555555564,0.8750000000000004,0.9500000000000005,0.125,0.7500000000000003,0.7962962962962971,0.5925925925925924,0.8425925925925936
0.5351239669421491,0.1739501953125,0.24609375,0.025,0.8000000000000004,0.025,0.4000000000000001,0.1388888888888889,0.15740740740740738,0.8055555555555564,0.8750000000000004,0.9500000000000005,0.125,0.7500000000000003,0.7962962962962971,0.5925925925925924,0.8425925925925936
0.5361570247933888,0.174072265625,0.246826171875,0.025,0.8000000000000004,0.025,0.4250000000000001,0.1388888888888889,0.15740740740740738,0.8055555555555564,0.8750000000000004,0.9500000000000005,0.125,0.7500000000000003,0.7962962962962971,0.5925925925925924,0.8425925925925936
0.5371900826446285,0.174560546875,0.2471923828125,0.025,0.8000000000000004,0.025,0.4500000000000001,0.1388888888888889,0.15740740740740738,0.8055555555555564,0.8750000000000004,0.9500000000000005,0.125,0.7500000000000003,0.7962962962962971,0.5925925925925924,0.8425925925925936
0.5382231404958682,0.175048828125,0.248046875,0.025,0.8000000000000004,0.025,0.4500000000000001,0.1388888888888889,0.15740740740740738,0.8055555555555564,0.8750000000000004,0.9500000000000005,0.125,0.7500000000000003,0.8055555555555564,0.5925925925925924,0.8425925925925936
0.5392561983471078,0.17578125,0.248291015625,0.025,0.8000000000000004,0.025,0.47500000000000014,0.1388888888888889,0.15740740740740738,0.8055555555555564,0.8750000000000004,0.9500000000000005,0.125,0.7500000000000003,0.8055555555555564,0.5925925925925924,0.8425925925925936
0.5402892561983476,0.17578125,0.2489013671875,0.025,0.8000000000000004,0.025,0.5000000000000001,0.1388888888888889,0.15740740740740738,0.8055555555555564,0.8750000000000004,0.9500000000000005,0.125,0.7500000000000003,0.8055555555555564,0.5925925925925924,0.8425925925925936
0.5413223140495872,0.1763916015625,0.249267578125,0.025,0.8000000000000004,0.025,0.5250000000000001,0.1388888888888889,0.15740740740740738,0.8055555555555564,0.8750000000000004,0.9500000000000005,0.125,0.7500000000000003,0.8055555555555564,0.5925925925925924,0.8425925925925936
0.5423553719008269,0.1768798828125,0.25,0.025,0.8000000000000004,0.025,0.5500000000000002,0.1388888888888889,0.15740740740740738,0.8055555555555564,0.8750000000000004,0.9500000000000005,0.125,0.7500000000000003,0.8055555555555564,0.5925925925925924,0.8425925925925936
0.5433884297520665,0.1773681640625,0.250244140625,0.025,0.8000000000000004,0.025,0.5750000000000002,0.1388888888888889,0.15740740740740738,0.8055555555555564,0.8750000000000004,0.9500000000000005,0.125,0.7500000000000003,0.8055555555555564,0.5925925925925924,0.8425925925925936
0.5444214876033063,0.1778564453125,0.2509765625,0.025,0.8000000000000004,0.025,0.5750000000000002,0.1388888888888889,0.15740740740740738,0.8055555555555564,0.8750000000000004,0.9500000000000005,0.15,0.7500000000000003,0.8055555555555564,0.5925925925925924,0.8425925925925936
0.545454545454546,0.178466796875,0.25146484375,0.025,0.8000000000000004,0.025,0.5750000000000002,0.1388888888888889,0.15740740740740738,0.8055555555555564,0.8750000000000004,0.9500000000000005,0.15,0.7500000000000003,0.8055555555555564,0.6018518518518517,0.8425925925925936
0.5464876033057856,0.17919921875,0.251953125,0.025,0.8000000000000004,0.025,0.5750000000000002,0.1388888888888889,0.15740740740740738,0.8055555555555564,0.8750000000000004,0.9500000000000005,0.15,0.7500000000000003,0.8148148148148157,0.6018518518518517,0.8425925925925936
0.5475206611570252,0.1796875,0.252685546875,0.025,0.8000000000000004,0.025,0.5750000000000002,0.1388888888888889,0.15740740740740738,0.8055555555555564,0.8750000000000004,0.9500000000000005,0.15,0.7500000000000003,0.824074074074075,0.6018518518518517,0.8425925925925936
0.548553719008265,0.1802978515625,0.2529296875,0.025,0.8000000000000004,0.025,0.5750000000000002,0.1388888888888889,0.15740740740740738,0.8055555555555564,0.8750000000000004,0.9500000000000005,0.175,0.7500000000000003,0.824074074074075,0.6018518518518517,0.8425925925925936
0.5495867768595046,0.1800537109375,0.25390625,0.025,0.8000000000000004,0.025,0.5750000000000002,0.1388888888888889,0.15740740740740738,0.8055555555555564,0.8750000000000004,0.9500000000000005,0.19999999999999998,0.7500000000000003,0.824074074074075,0.6018518518518517,0.8425925925925936
0.5506198347107443,0.1798095703125,0.25244140625,0.025,0.8000000000000004,0.025,0.5750000000000002,0.1388888888888889,0.15740740740740738,0.8055555555555564,0.8750000000000004,0.9500000000000005,0.22499999999999998,0.7500000000000003,0.824074074074075,0.6018518518518517,0.8425925925925936
0.5516528925619839,0.180419921875,0.253173828125,0.025,0.8000000000000004,0.025,0.5750000000000002,0.1388888888888889,0.15740740740740738,0.8055555555555564,0.8750000000000004,0.9500000000000005,0.24999999999999997,0.7500000000000003,0.824074074074075,0.6018518518518517,0.8425925925925936
0.5526859504132237,0.1805419921875,0.253662109375,0.025,0.8000000000000004,0.025,0.5750000000000002,0.1388888888888889,0.15740740740740738,0.8055555555555564,0.8750000000000004,0.9500000000000005,0.27499999999999997,0.7500000000000003,0.824074074074075,0.6018518518518517,0.8425925925925936
0.5537190082644633,0.1805419921875,0.25439453125,0.025,0.8000000000000004,0.025,0.5750000000000002,0.1388888888888889,0.15740740740740738,0.8055555555555564,0.8750000000000004,0.9500000000000005,0.3,0.7500000000000003,0.824074074074075,0.6018518518518517,0.8425925925925936
0.5547520661157029,0.1805419921875,0.254638671875,0.025,0.8000000000000004,0.025,0.5750000000000002,0.1388888888888889,0.15740740740740738,0.8055555555555564,0.8750000000000004,0.9500000000000005,0.325,0.7500000000000003,0.824074074074075,0.6018518518518517,0.8425925925925936
0.5557851239669426,0.1806640625,0.25537109375,0.025,0.8000000000000004,0.025,0.5750000000000002,0.1388888888888889,0.15740740740740738,0.8055555555555564,0.8750000000000004,0.9500000000000005,0.35000000000000003,0.7500000000000003,0.824074074074075,0.6018518518518517,0.8425925925925936
0.5568181818181823,0.180908203125,0.255615234375,0.025,0.8000000000000004,0.025,0.5750000000000002,0.1388888888888889,0.15740740740740738,0.8055555555555564,0.8750000000000004,0.9500000000000005,0.37500000000000006,0.7500000000000003,0.824074074074075,0.6018518518518517,0.8425925925925936
0.557851239669422,0.18115234375,0.255615234375,0.025,0.8000000000000004,0.025,0.5750000000000002,0.1388888888888889,0.15740740740740738,0.8055555555555564,0.8750000000000004,0.9500000000000005,0.4000000000000001,0.7500000000000003,0.824074074074075,0.6018518518518517,0.8425925925925936
0.5588842975206616,0.181396484375,0.25634765625,0.025,0.8000000000000004,0.025,0.5750000000000002,0.1388888888888889,0.15740740740740738,0.8055555555555564,0.8750000000000004,0.9500000000000005,0.4250000000000001,0.7500000000000003,0.824074074074075,0.6018518518518517,0.8425925925925936
0.5599173553719012,0.181884765625,0.257080078125,0.025,0.8000000000000004,0.025,0.6000000000000002,0.1388888888888889,0.15740740740740738,0.8055555555555564,0.8750000000000004,0.9500000000000005,0.4250000000000001,0.7500000000000003,0.824074074074075,0.6018518518518517,0.8425925925925936
0.560950413223141,0.182373046875,0.257080078125,0.025,0.8000000000000004,0.025,0.6250000000000002,0.1388888888888889,0.15740740740740738,0.8055555555555564,0.8750000000000004,0.9500000000000005,0.4250000000000001,0.7500000000000003,0.824074074074075,0.6018518518518517,0.8425925925925936
0.5619834710743806,0.1829833984375,0.257568359375,0.025,0.8000000000000004,0.025,0.6500000000000002,0.1388888888888889,0.15740740740740738,0.8055555555555564,0.8750000000000004,0.9500000000000005,0.4250000000000001,0.7500000000000003,0.824074074074075,0.6018518518518517,0.8425925925925936
0.5630165289256203,0.1827392578125,0.25830078125,0.025,0.8000000000000004,0.025,0.6750000000000003,0.1388888888888889,0.15740740740740738,0.8055555555555564,0.8750000000000004,0.9500000000000005,0.4250000000000001,0.7500000000000003,0.824074074074075,0.6018518518518517,0.8425925925925936
0.56404958677686,0.1824951171875,0.25830078125,0.025,0.8000000000000004,0.025,0.7000000000000003,0.1388888888888889,0.15740740740740738,0.8055555555555564,0.8750000000000004,0.9500000000000005,0.4250000000000001,0.7500000000000003,0.824074074074075,0.6018518518518517,0.8425925925925936
0.5650826446280997,0.1817626953125,0.25927734375,0.025,0.8000000000000004,0.025,0.7250000000000003,0.1388888888888889,0.15740740740740738,0.8055555555555564,0.8750000000000004,0.9500000000000005,0.4250000000000001,0.7500000000000003,0.824074074074075,0.6018518518518517,0.8425925925925936
0.5661157024793393,0.1820068359375,0.259521484375,0.025,0.8000000000000004,0.025,0.7500000000000003,0.1388888888888889,0.15740740740740738,0.8055555555555564,0.8750000000000004,0.9500000000000005,0.4250000000000001,0.7500000000000003,0.824074074074075,0.6018518518518517,0.8425925925925936
0.5671487603305789,0.1824951171875,0.260498046875,0.025,0.8000000000000004,0.025,0.7500000000000003,0.1388888888888889,0.15740740740740738,0.8055555555555564,0.8750000000000004,0.9500000000000005,0.4250000000000001,0.7500000000000003,0.8333333333333343,0.6018518518518517,0.8425925925925936
0.5681818181818186,0.18310546875,0.2607421875,0.025,0.8000000000000004,0.025,0.7500000000000003,0.14814814814814814,0.15740740740740738,0.8055555555555564,0.8750000000000004,0.9500000000000005,0.4250000000000001,0.7500000000000003,0.8333333333333343,0.6018518518518517,0.8425925925925936
0.5692148760330583,0.1837158203125,0.261474609375,0.025,0.8000000000000004,0.025,0.7500000000000003,0.14814814814814814,0.16666666666666663,0.8055555555555564,0.8750000000000004,0.9500000000000005,0.4250000000000001,0.7500000000000003,0.8333333333333343,0.6018518518518517,0.8425925925925936
0.570247933884298,0.1844482421875,0.26220703125,0.025,0.8000000000000004,0.025,0.7500000000000003,0.15740740740740738,0.16666666666666663,0.8055555555555564,0.8750000000000004,0.9500000000000005,0.4250000000000001,0.7500000000000003,0.8333333333333343,0.6018518518518517,0.8425925925925936
0.5712809917355377,0.1851806640625,0.262451171875,0.025,0.8000000000000004,0.025,0.7500000000000003,0.16666666666666663,0.16666666666666663,0.8055555555555564,0.8750000000000004,0.9500000000000005,0.4250000000000001,0.7500000000000003,0.8333333333333343,0.6018518518518517,0.8425925925925936
0.5723140495867773,0.1859130859375,0.263427734375,0.025,0.8000000000000004,0.025,0.7500000000000003,0.16666666666666663,0.17592592592592587,0.8055555555555564,0.8750000000000004,0.9500000000000005,0.4250000000000001,0.7500000000000003,0.8333333333333343,0.6018518518518517,0.8425925925925936
0.573347107438017,0.1866455078125,0.263671875,0.025,0.8000000000000004,0.025,0.7500000000000003,0.16666666666666663,0.18518518518518512,0.8055555555555564,0.8750000000000004,0.9500000000000005,0.4250000000000001,0.7500000000000003,0.8333333333333343,0.6018518518518517,0.8425925925925936
0.5743801652892567,0.1873779296875,0.264404296875,0.025,0.8000000000000004,0.025,0.7500000000000003,0.16666666666666663,0.19444444444444436,0.8055555555555564,0.8750000000000004,0.9500000000000005,0.4250000000000001,0.7500000000000003,0.8333333333333343,0.6018518518518517,0.8425925925925936
0.5754132231404963,0.1881103515625,0.264892578125,0.025,0.8000000000000004,0.025,0.7500000000000003,0.16666666666666663,0.2037037037037036,0.8055555555555564,0.8750000000000004,0.9500000000000005,0.4250000000000001,0.7500000000000003,0.8333333333333343,0.6018518518518517,0.8425925925925936
0.5764462809917359,0.1888427734375,0.265869140625,0.025,0.8000000000000004,0.025,0.7500000000000003,0.17592592592592587,0.2037037037037036,0.8055555555555564,0.8750000000000004,0.9500000000000005,0.4250000000000001,0.7500000000000003,0.8333333333333343,0.6018518518518517,0.8425925925925936
0.5774793388429756,0.1895751953125,0.266845703125,0.025,0.8000000000000004,0.025,0.7500000000000003,0.17592592592592587,0.21296296296296285,0.8055555555555564,0.8750000000000004,0.9500000000000005,0.4250000000000001,0.7500000000000003,0.8333333333333343,0.6018518518518517,0.8425925925925936
0.5785123966942153,0.1903076171875,0.26708984375,0.025,0.8000000000000004,0.025,0.7500000000000003,0.17592592592592587,0.21296296296296285,0.8148148148148157,0.8750000000000004,0.9500000000000005,0.4250000000000001,0.7500000000000003,0.8333333333333343,0.6018518518518517,0.8425925925925936
0.579545454545455,0.1910400390625,0.267822265625,0.025,0.8000000000000004,0.025,0.7500000000000003,0.17592592592592587,0.21296296296296285,0.824074074074075,0.8750000000000004,0.9500000000000005,0.4250000000000001,0.7500000000000003,0.8333333333333343,0.6018518518518517,0.8425925925925936
0.5805785123966947,0.1917724609375,0.26806640625,0.025,0.8000000000000004,0.025,0.7500000000000003,0.17592592592592587,0.21296296296296285,0.824074074074075,0.8750000000000004,0.9500000000000005,0.4250000000000001,0.7500000000000003,0.8425925925925936,0.6018518518518517,0.8425925925925936
0.5816115702479343,0.1923828125,0.268798828125,0.025,0.8000000000000004,0.025,0.7500000000000003,0.17592592592592587,0.21296296296296285,0.824074074074075,0.8750000000000004,0.9500000000000005,0.4250000000000001,0.7500000000000003,0.8518518518518529,0.6018518518518517,0.8425925925925936
0.5826446280991741,0.1929931640625,0.26953125,0.025,0.8000000000000004,0.025,0.7500000000000003,0.17592592592592587,0.21296296296296285,0.824074074074075,0.8750000000000004,0.9500000000000005,0.4250000000000001,0.7500000000000003,0.8518518518518529,0.611111111111111,0.8425925925925936
0.5836776859504137,0.1937255859375,0.269775390625,0.025,0.8000000000000004,0.025,0.7500000000000003,0.17592592592592587,0.21296296296296285,0.824074074074075,0.8750000000000004,0.9500000000000005,0.4250000000000001,0.7500000000000003,0.8518518518518529,0.611111111111111,0.8518518518518529
0.5847107438016533,0.1944580078125,0.2705078125,0.025,0.8000000000000004,0.025,0.7500000000000003,0.18518518518518512,0.21296296296296285,0.824074074074075,0.8750000000000004,0.9500000000000005,0.4250000000000001,0.7500000000000003,0.8518518518518529,0.611111111111111,0.8518518518518529
0.585743801652893,0.1951904296875,0.270751953125,0.025,0.8000000000000004,0.025,0.7500000000000003,0.19444444444444436,0.21296296296296285,0.824074074074075,0.8750000000000004,0.9500000000000005,0.4250000000000001,0.7500000000000003,0.8518518518518529,0.611111111111111,0.8518518518518529
0.5867768595041327,0.1959228515625,0.271484375,0.025,0.8000000000000004,0.025,0.7500000000000003,0.19444444444444436,0.21296296296296285,0.824074074074075,0.8750000000000004,0.9500000000000005,0.4250000000000001,0.7500000000000003,0.8518518518518529,0.611111111111111,0.8611111111111122
0.5878099173553724,0.19677734375,0.271728515625,0.025,0.8000000000000004,0.025,0.7500000000000003,0.2037037037037036,0.21296296296296285,0.824074074074075,0.8750000000000004,0.9500000000000005,0.4250000000000001,0.7500000000000003,0.8518518518518529,0.611111111111111,0.8611111111111122
0.588842975206612,0.197509765625,0.2724609375,0.025,0.8000000000000004,0.025,0.7500000000000003,0.2037037037037036,0.21296296296296285,0.824074074074075,0.8750000000000004,0.9500000000000005,0.4250000000000001,0.7500000000000003,0.8518518518518529,0.6203703703703703,0.8611111111111122
0.5898760330578517,0.1983642578125,0.2734375,0.025,0.8000000000000004,0.025,0.7500000000000003,0.21296296296296285,0.21296296296296285,0.824074074074075,0.8750000000000004,0.9500000000000005,0.4250000000000001,0.7500000000000003,0.8518518518518529,0.6203703703703703,0.8611111111111122
0.5909090909090914,0.19921875,0.274169921875,0.025,0.8000000000000004,0.025,0.7500000000000003,0.21296296296296285,0.2222222222222221,0.824074074074075,0.8750000000000004,0.9500000000000005,0.4250000000000001,0.7500000000000003,0.8518518518518529,0.6203703703703703,0.8611111111111122
0.5919421487603311,0.199951171875,0.274658203125,0.025,0.8000000000000004,0.025,0.7500000000000003,0.21296296296296285,0.23148148148148134,0.824074074074075,0.8750000000000004,0.9500000000000005,0.4250000000000001,0.7500000000000003,0.8518518518518529,0.6203703703703703,0.8611111111111122
0.5929752066115707,0.2008056640625,0.27490234375,0.025,0.8000000000000004,0.025,0.7500000000000003,0.21296296296296285,0.23148148148148134,0.8333333333333343,0.8750000000000004,0.9500000000000005,0.4250000000000001,0.7500000000000003,0.8518518518518529,0.6203703703703703,0.8611111111111122
0.5940082644628104,0.2015380859375,0.275634765625,0.025,0.8000000000000004,0.025,0.7500000000000003,0.21296296296296285,0.23148148148148134,0.8333333333333343,0.8750000000000004,0.9500000000000005,0.4250000000000001,0.7500000000000003,0.8518518518518529,0.6203703703703703,0.8703703703703715
0.59504132231405,0.202392578125,0.2763671875,0.025,0.8000000000000004,0.025,0.7500000000000003,0.21296296296296285,0.23148148148148134,0.8425925925925936,0.8750000000000004,0.9500000000000005,0.4250000000000001,0.7500000000000003,0.8518518518518529,0.6203703703703703,0.8703703703703715
0.5960743801652898,0.2032470703125,0.277099609375,0.025,0.8000000000000004,0.025,0.7500000000000003,0.21296296296296285,0.23148148148148134,0.8425925925925936,0.8750000000000004,0.9500000000000005,0.4250000000000001,0.7500000000000003,0.8518518518518529,0.6296296296296297,0.8703703703703715
0.5971074380165293,0.2041015625,0.27783203125,0.025,0.8000000000000004,0.025,0.7500000000000003,0.2222222222222221,0.23148148148148134,0.8425925925925936,0.8750000000000004,0.9500000000000005,0.4250000000000001,0.7500000000000003,0.8518518518518529,0.6296296296296297,0.8703703703703715
0.5981404958677691,0.2049560546875,0.278564453125,0.025,0.8000000000000004,0.025,0.7500000000000003,0.2222222222222221,0.23148148148148134,0.8425925925925936,0.8750000000000004,0.9500000000000005,0.4250000000000001,0.7500000000000003,0.8518518518518529,0.638888888888889,0.8703703703703715
0.5991735537190087,0.205810546875,0.279052734375,0.025,0.8000000000000004,0.025,0.7500000000000003,0.2222222222222221,0.2407407407407406,0.8425925925925936,0.8750000000000004,0.9500000000000005,0.4250000000000001,0.7500000000000003,0.8518518518518529,0.638888888888889,0.8703703703703715
0.6002066115702483,0.2066650390625,0.279541015625,0.05,0.8000000000000004,0.025,0.7500000000000003,0.2222222222222221,0.2407407407407406,0.8425925925925936,0.8750000000000004,0.9500000000000005,0.4250000000000001,0.7500000000000003,0.8518518518518529,0.638888888888889,0.8703703703703715
