Effective Sparsity,Activation Error,Baseline Error,q0,k0,v0,o0,gate0,up0,down0,q1,k1,v1,o1,gate1,up1,down1
0.0010330578512396697,0.0017852783203125,0.0153656005859375,0.0,0.0,0.0,0.0,0.0,0.0,0.0,0.0,0.0,0.0,0.0,0.009259259259259259,0.0,0.0
0.0020661157024793393,0.002552032470703125,0.0153656005859375,0.0,0.0,0.0,0.0,0.0,0.0,0.0,0.0,0.0,0.0,0.0,0.009259259259259259,0.009259259259259259,0.0
0.0030991735537190092,0.003818511962890625,0.0153656005859375,0.0,0.0,0.0,0.0,0.009259259259259259,0.0,0.0,0.0,0.0,0.0,0.0,0.009259259259259259,0.009259259259259259,0.0
0.004132231404958679,0.00490570068359375,0.0153656005859375,0.0,0.0,0.0,0.0,0.009259259259259259,0.009259259259259259,0.0,0.0,0.0,0.0,0.0,0.009259259259259259,0.009259259259259259,0.0
0.005165289256198348,0.007843017578125,0.0153656005859375,0.0,0.0,0.0,0.0,0.009259259259259259,0.009259259259259259,0.0,0.0,0.0,0.0,0.0,0.009259259259259259,0.009259259259259259,0.009259259259259259
0.006198347107438018,0.0114593505859375,0.0153656005859375,0.0,0.0,0.0,0.0,0.009259259259259259,0.009259259259259259,0.009259259259259259,0.0,0.0,0.0,0.0,0.009259259259259259,0.009259259259259259,0.009259259259259259
0.007231404958677687,0.03228759765625,0.0153656005859375,0.0,0.0,0.0,0.0,0.009259259259259259,0.009259259259259259,0.009259259259259259,0.0,0.025,0.0,0.0,0.009259259259259259,0.009259259259259259,0.009259259259259259
0.008264462809917357,0.04852294921875,0.0153656005859375,0.0,0.0,0.0,0.0,0.009259259259259259,0.009259259259259259,0.009259259259259259,0.0,0.025,0.0,0.0,0.018518518518518517,0.009259259259259259,0.009259259259259259
0.009297520661157025,0.06060791015625,0.0153656005859375,0.0,0.0,0.0,0.0,0.009259259259259259,0.009259259259259259,0.009259259259259259,0.025,0.025,0.0,0.0,0.018518518518518517,0.009259259259259259,0.009259259259259259
0.010330578512396695,0.072265625,0.12359619140625,0.0,0.0,0.0,0.0,0.009259259259259259,0.009259259259259259,0.009259259259259259,0.025,0.025,0.0,0.0,0.018518518518518517,0.018518518518518517,0.009259259259259259
0.011363636363636367,0.0828857421875,0.1343994140625,0.0,0.0,0.0,0.0,0.009259259259259259,0.009259259259259259,0.009259259259259259,0.025,0.025,0.025,0.0,0.018518518518518517,0.018518518518518517,0.009259259259259259
0.012396694214876035,0.09625244140625,0.1453857421875,0.0,0.0,0.0,0.0,0.009259259259259259,0.009259259259259259,0.009259259259259259,0.025,0.025,0.025,0.0,0.027777777777777776,0.018518518518518517,0.009259259259259259
0.013429752066115705,0.11163330078125,0.156494140625,0.0,0.0,0.0,0.0,0.009259259259259259,0.009259259259259259,0.009259259259259259,0.025,0.025,0.025,0.025,0.027777777777777776,0.018518518518518517,0.009259259259259259
0.014462809917355376,0.125244140625,0.167724609375,0.0,0.0,0.0,0.0,0.009259259259259259,0.009259259259259259,0.009259259259259259,0.025,0.05,0.025,0.025,0.027777777777777776,0.018518518518518517,0.009259259259259259
0.015495867768595047,0.1373291015625,0.1788330078125,0.0,0.0,0.0,0.0,0.009259259259259259,0.009259259259259259,0.009259259259259259,0.025,0.05,0.025,0.025,0.027777777777777776,0.027777777777777776,0.009259259259259259
0.016528925619834715,0.1492919921875,0.1904296875,0.0,0.0,0.0,0.0,0.009259259259259259,0.009259259259259259,0.009259259259259259,0.025,0.05,0.025,0.025,0.027777777777777776,0.027777777777777776,0.018518518518518517
0.017561983471074384,0.159423828125,0.202392578125,0.0,0.0,0.0,0.0,0.009259259259259259,0.009259259259259259,0.009259259259259259,0.025,0.05,0.025,0.025,0.027777777777777776,0.027777777777777776,0.027777777777777776
0.018595041322314054,0.1700439453125,0.2144775390625,0.0,0.025,0.0,0.0,0.009259259259259259,0.009259259259259259,0.009259259259259259,0.025,0.05,0.025,0.025,0.027777777777777776,0.027777777777777776,0.027777777777777776
0.019628099173553723,0.1806640625,0.2276611328125,0.0,0.025,0.0,0.0,0.009259259259259259,0.009259259259259259,0.009259259259259259,0.025,0.05,0.025,0.025,0.037037037037037035,0.027777777777777776,0.027777777777777776
0.020661157024793392,0.19091796875,0.240234375,0.0,0.025,0.0,0.0,0.009259259259259259,0.009259259259259259,0.009259259259259259,0.025,0.05,0.025,0.025,0.037037037037037035,0.027777777777777776,0.037037037037037035
0.021694214876033062,0.2012939453125,0.25341796875,0.0,0.025,0.0,0.0,0.009259259259259259,0.009259259259259259,0.009259259259259259,0.025,0.07500000000000001,0.025,0.025,0.037037037037037035,0.027777777777777776,0.037037037037037035
0.022727272727272735,0.21142578125,0.266357421875,0.0,0.025,0.0,0.0,0.009259259259259259,0.009259259259259259,0.009259259259259259,0.025,0.07500000000000001,0.025,0.05,0.037037037037037035,0.027777777777777776,0.037037037037037035
0.023760330578512404,0.2216796875,0.279541015625,0.0,0.025,0.0,0.0,0.009259259259259259,0.009259259259259259,0.009259259259259259,0.025,0.1,0.025,0.05,0.037037037037037035,0.027777777777777776,0.037037037037037035
0.024793388429752074,0.2314453125,0.292236328125,0.0,0.025,0.0,0.0,0.009259259259259259,0.009259259259259259,0.009259259259259259,0.025,0.1,0.025,0.05,0.037037037037037035,0.027777777777777776,0.046296296296296294
0.02582644628099174,0.2413330078125,0.30517578125,0.0,0.025,0.0,0.0,0.009259259259259259,0.009259259259259259,0.009259259259259259,0.025,0.125,0.025,0.05,0.037037037037037035,0.027777777777777776,0.046296296296296294
0.02685950413223141,0.2509765625,0.317626953125,0.0,0.025,0.0,0.0,0.009259259259259259,0.009259259259259259,0.009259259259259259,0.025,0.125,0.025,0.05,0.046296296296296294,0.027777777777777776,0.046296296296296294
0.027892561983471082,0.260498046875,0.329833984375,0.0,0.025,0.0,0.0,0.009259259259259259,0.009259259259259259,0.009259259259259259,0.025,0.125,0.025,0.05,0.046296296296296294,0.027777777777777776,0.05555555555555555
0.02892561983471075,0.269775390625,0.3427734375,0.0,0.025,0.0,0.0,0.009259259259259259,0.009259259259259259,0.009259259259259259,0.025,0.125,0.025,0.07500000000000001,0.046296296296296294,0.027777777777777776,0.05555555555555555
0.029958677685950418,0.279296875,0.355712890625,0.0,0.025,0.0,0.0,0.009259259259259259,0.009259259259259259,0.009259259259259259,0.05,0.125,0.025,0.07500000000000001,0.046296296296296294,0.027777777777777776,0.05555555555555555
0.030991735537190087,0.288330078125,0.368408203125,0.0,0.025,0.0,0.0,0.009259259259259259,0.009259259259259259,0.009259259259259259,0.05,0.125,0.05,0.07500000000000001,0.046296296296296294,0.027777777777777776,0.05555555555555555
0.032024793388429756,0.29736328125,0.380859375,0.0,0.025,0.0,0.0,0.009259259259259259,0.009259259259259259,0.009259259259259259,0.05,0.15,0.05,0.07500000000000001,0.046296296296296294,0.027777777777777776,0.05555555555555555
0.03305785123966943,0.30615234375,0.3935546875,0.0,0.025,0.0,0.0,0.009259259259259259,0.009259259259259259,0.009259259259259259,0.05,0.15,0.05,0.07500000000000001,0.046296296296296294,0.037037037037037035,0.05555555555555555
0.0340909090909091,0.31494140625,0.406005859375,0.0,0.025,0.0,0.0,0.009259259259259259,0.009259259259259259,0.009259259259259259,0.05,0.15,0.05,0.07500000000000001,0.05555555555555555,0.037037037037037035,0.05555555555555555
0.03512396694214877,0.323486328125,0.41845703125,0.0,0.025,0.0,0.0,0.009259259259259259,0.009259259259259259,0.009259259259259259,0.05,0.15,0.05,0.07500000000000001,0.05555555555555555,0.037037037037037035,0.06481481481481481
0.036157024793388434,0.33203125,0.430419921875,0.0,0.025,0.0,0.0,0.009259259259259259,0.009259259259259259,0.009259259259259259,0.05,0.15,0.05,0.1,0.05555555555555555,0.037037037037037035,0.06481481481481481
0.0371900826446281,0.340576171875,0.442626953125,0.0,0.025,0.0,0.0,0.009259259259259259,0.009259259259259259,0.009259259259259259,0.05,0.175,0.05,0.1,0.05555555555555555,0.037037037037037035,0.06481481481481481
0.03822314049586778,0.34912109375,0.454833984375,0.0,0.025,0.0,0.0,0.009259259259259259,0.009259259259259259,0.009259259259259259,0.05,0.175,0.05,0.1,0.05555555555555555,0.037037037037037035,0.07407407407407407
0.039256198347107446,0.35791015625,0.466796875,0.0,0.025,0.025,0.0,0.009259259259259259,0.009259259259259259,0.009259259259259259,0.05,0.175,0.05,0.1,0.05555555555555555,0.037037037037037035,0.07407407407407407
0.04028925619834712,0.366455078125,0.479248046875,0.0,0.025,0.025,0.0,0.009259259259259259,0.009259259259259259,0.009259259259259259,0.07500000000000001,0.175,0.05,0.1,0.05555555555555555,0.037037037037037035,0.07407407407407407
0.041322314049586785,0.374755859375,0.4912109375,0.0,0.025,0.025,0.0,0.009259259259259259,0.009259259259259259,0.009259259259259259,0.07500000000000001,0.175,0.05,0.1,0.06481481481481481,0.037037037037037035,0.07407407407407407
0.04235537190082645,0.3828125,0.5029296875,0.0,0.025,0.025,0.0,0.009259259259259259,0.009259259259259259,0.009259259259259259,0.07500000000000001,0.175,0.05,0.1,0.06481481481481481,0.037037037037037035,0.08333333333333333
0.043388429752066124,0.39111328125,0.51416015625,0.0,0.025,0.025,0.0,0.009259259259259259,0.009259259259259259,0.009259259259259259,0.07500000000000001,0.175,0.05,0.125,0.06481481481481481,0.037037037037037035,0.08333333333333333
0.04442148760330579,0.399658203125,0.525390625,0.0,0.025,0.025,0.0,0.009259259259259259,0.018518518518518517,0.009259259259259259,0.07500000000000001,0.175,0.05,0.125,0.06481481481481481,0.037037037037037035,0.08333333333333333
0.04545454545454547,0.407958984375,0.53662109375,0.0,0.025,0.025,0.0,0.009259259259259259,0.018518518518518517,0.009259259259259259,0.07500000000000001,0.175,0.07500000000000001,0.125,0.06481481481481481,0.037037037037037035,0.08333333333333333
0.04648760330578513,0.416259765625,0.5478515625,0.0,0.025,0.025,0.0,0.009259259259259259,0.018518518518518517,0.009259259259259259,0.07500000000000001,0.175,0.07500000000000001,0.125,0.07407407407407407,0.037037037037037035,0.08333333333333333
0.047520661157024795,0.424560546875,0.5595703125,0.0,0.025,0.025,0.0,0.009259259259259259,0.018518518518518517,0.009259259259259259,0.07500000000000001,0.19999999999999998,0.07500000000000001,0.125,0.07407407407407407,0.037037037037037035,0.08333333333333333
0.04855371900826446,0.4326171875,0.5703125,0.0,0.025,0.025,0.0,0.009259259259259259,0.018518518518518517,0.009259259259259259,0.07500000000000001,0.19999999999999998,0.07500000000000001,0.125,0.07407407407407407,0.037037037037037035,0.09259259259259259
0.04958677685950415,0.440673828125,0.5810546875,0.0,0.025,0.025,0.0,0.009259259259259259,0.018518518518518517,0.009259259259259259,0.07500000000000001,0.19999999999999998,0.07500000000000001,0.15,0.07407407407407407,0.037037037037037035,0.09259259259259259
0.05061983471074381,0.448486328125,0.59228515625,0.0,0.025,0.025,0.0,0.009259259259259259,0.018518518518518517,0.009259259259259259,0.07500000000000001,0.19999999999999998,0.07500000000000001,0.15,0.07407407407407407,0.037037037037037035,0.10185185185185185
0.05165289256198348,0.456298828125,0.6025390625,0.0,0.025,0.025,0.0,0.009259259259259259,0.018518518518518517,0.009259259259259259,0.1,0.19999999999999998,0.07500000000000001,0.15,0.07407407407407407,0.037037037037037035,0.10185185185185185
0.052685950413223145,0.464111328125,0.61376953125,0.0,0.025,0.025,0.0,0.009259259259259259,0.018518518518518517,0.009259259259259259,0.1,0.19999999999999998,0.07500000000000001,0.15,0.07407407407407407,0.046296296296296294,0.10185185185185185
0.05371900826446283,0.4716796875,0.62451171875,0.0,0.025,0.025,0.0,0.009259259259259259,0.018518518518518517,0.009259259259259259,0.1,0.22499999999999998,0.07500000000000001,0.15,0.07407407407407407,0.046296296296296294,0.10185185185185185
0.0547520661157025,0.4794921875,0.634765625,0.0,0.025,0.025,0.0,0.009259259259259259,0.018518518518518517,0.009259259259259259,0.1,0.22499999999999998,0.07500000000000001,0.15,0.08333333333333333,0.046296296296296294,0.10185185185185185
0.055785123966942164,0.4873046875,0.6455078125,0.0,0.025,0.025,0.0,0.009259259259259259,0.018518518518518517,0.009259259259259259,0.1,0.22499999999999998,0.07500000000000001,0.15,0.09259259259259259,0.046296296296296294,0.10185185185185185
0.05681818181818183,0.4951171875,0.65576171875,0.0,0.025,0.025,0.025,0.009259259259259259,0.018518518518518517,0.009259259259259259,0.1,0.22499999999999998,0.07500000000000001,0.15,0.09259259259259259,0.046296296296296294,0.10185185185185185
0.057851239669421496,0.5029296875,0.6669921875,0.0,0.025,0.025,0.025,0.009259259259259259,0.018518518518518517,0.009259259259259259,0.1,0.24999999999999997,0.07500000000000001,0.15,0.09259259259259259,0.046296296296296294,0.10185185185185185
0.05888429752066117,0.51025390625,0.67626953125,0.0,0.025,0.025,0.025,0.009259259259259259,0.018518518518518517,0.009259259259259259,0.1,0.24999999999999997,0.07500000000000001,0.15,0.09259259259259259,0.046296296296296294,0.1111111111111111
0.05991735537190084,0.51806640625,0.68701171875,0.0,0.025,0.025,0.025,0.009259259259259259,0.018518518518518517,0.009259259259259259,0.1,0.24999999999999997,0.07500000000000001,0.175,0.09259259259259259,0.046296296296296294,0.1111111111111111
0.06095041322314051,0.52587890625,0.69775390625,0.0,0.025,0.025,0.025,0.009259259259259259,0.018518518518518517,0.009259259259259259,0.125,0.24999999999999997,0.07500000000000001,0.175,0.09259259259259259,0.046296296296296294,0.1111111111111111
0.06198347107438019,0.53369140625,0.7080078125,0.0,0.025,0.025,0.025,0.009259259259259259,0.018518518518518517,0.009259259259259259,0.125,0.24999999999999997,0.07500000000000001,0.175,0.10185185185185185,0.046296296296296294,0.1111111111111111
0.06301652892561985,0.541015625,0.7177734375,0.0,0.025,0.025,0.025,0.009259259259259259,0.018518518518518517,0.009259259259259259,0.125,0.24999999999999997,0.07500000000000001,0.175,0.10185185185185185,0.046296296296296294,0.12037037037037036
0.06404958677685951,0.548828125,0.72802734375,0.0,0.025,0.025,0.025,0.009259259259259259,0.018518518518518517,0.009259259259259259,0.125,0.27499999999999997,0.07500000000000001,0.175,0.10185185185185185,0.046296296296296294,0.12037037037037036
0.06508264462809918,0.55615234375,0.7392578125,0.0,0.025,0.025,0.025,0.009259259259259259,0.018518518518518517,0.009259259259259259,0.125,0.27499999999999997,0.07500000000000001,0.175,0.10185185185185185,0.05555555555555555,0.12037037037037036
0.06611570247933884,0.5634765625,0.7490234375,0.0,0.025,0.025,0.025,0.009259259259259259,0.018518518518518517,0.009259259259259259,0.125,0.27499999999999997,0.1,0.175,0.10185185185185185,0.05555555555555555,0.12037037037037036
0.06714876033057852,0.57080078125,0.7587890625,0.0,0.025,0.025,0.025,0.009259259259259259,0.018518518518518517,0.009259259259259259,0.125,0.27499999999999997,0.1,0.175,0.10185185185185185,0.05555555555555555,0.12962962962962962
0.06818181818181819,0.578125,0.76904296875,0.0,0.025,0.025,0.025,0.009259259259259259,0.018518518518518517,0.009259259259259259,0.125,0.27499999999999997,0.1,0.175,0.1111111111111111,0.05555555555555555,0.12962962962962962
0.06921487603305786,0.5859375,0.77880859375,0.0,0.025,0.025,0.025,0.009259259259259259,0.018518518518518517,0.009259259259259259,0.125,0.27499999999999997,0.1,0.19999999999999998,0.1111111111111111,0.05555555555555555,0.12962962962962962
0.07024793388429752,0.59326171875,0.7890625,0.0,0.025,0.025,0.025,0.009259259259259259,0.018518518518518517,0.009259259259259259,0.125,0.27499999999999997,0.1,0.19999999999999998,0.12037037037037036,0.05555555555555555,0.12962962962962962
0.07128099173553719,0.6005859375,0.798828125,0.0,0.025,0.025,0.025,0.009259259259259259,0.018518518518518517,0.009259259259259259,0.125,0.27499999999999997,0.1,0.19999999999999998,0.12962962962962962,0.05555555555555555,0.12962962962962962
0.07231404958677687,0.60791015625,0.80859375,0.0,0.025,0.025,0.025,0.009259259259259259,0.018518518518518517,0.009259259259259259,0.125,0.27499999999999997,0.1,0.19999999999999998,0.12962962962962962,0.05555555555555555,0.1388888888888889
0.07334710743801653,0.615234375,0.81884765625,0.0,0.025,0.025,0.025,0.009259259259259259,0.018518518518518517,0.009259259259259259,0.125,0.27499999999999997,0.1,0.19999999999999998,0.12962962962962962,0.06481481481481481,0.1388888888888889
0.0743801652892562,0.62255859375,0.82763671875,0.0,0.025,0.025,0.025,0.009259259259259259,0.018518518518518517,0.009259259259259259,0.125,0.27499999999999997,0.1,0.19999999999999998,0.12962962962962962,0.06481481481481481,0.14814814814814814
0.0754132231404959,0.6298828125,0.83837890625,0.0,0.025,0.025,0.025,0.009259259259259259,0.018518518518518517,0.009259259259259259,0.125,0.3,0.1,0.19999999999999998,0.12962962962962962,0.06481481481481481,0.14814814814814814
0.07644628099173556,0.6376953125,0.84716796875,0.0,0.025,0.025,0.025,0.009259259259259259,0.018518518518518517,0.009259259259259259,0.15,0.3,0.1,0.19999999999999998,0.12962962962962962,0.06481481481481481,0.14814814814814814
0.07747933884297523,0.6455078125,0.85693359375,0.0,0.025,0.025,0.025,0.009259259259259259,0.018518518518518517,0.009259259259259259,0.15,0.325,0.1,0.19999999999999998,0.12962962962962962,0.06481481481481481,0.14814814814814814
0.07851239669421489,0.65283203125,0.86669921875,0.0,0.025,0.025,0.025,0.009259259259259259,0.018518518518518517,0.009259259259259259,0.15,0.325,0.1,0.19999999999999998,0.12962962962962962,0.06481481481481481,0.15740740740740738
0.07954545454545456,0.66064453125,0.87646484375,0.0,0.025,0.025,0.025,0.018518518518518517,0.018518518518518517,0.009259259259259259,0.15,0.325,0.1,0.19999999999999998,0.12962962962962962,0.06481481481481481,0.15740740740740738
0.08057851239669424,0.66845703125,0.8857421875,0.0,0.025,0.025,0.025,0.018518518518518517,0.018518518518518517,0.009259259259259259,0.15,0.325,0.125,0.19999999999999998,0.12962962962962962,0.06481481481481481,0.15740740740740738
0.0816115702479339,0.67578125,0.89599609375,0.0,0.025,0.025,0.025,0.018518518518518517,0.018518518518518517,0.009259259259259259,0.15,0.325,0.125,0.22499999999999998,0.12962962962962962,0.06481481481481481,0.15740740740740738
0.08264462809917357,0.68310546875,0.9052734375,0.0,0.025,0.025,0.025,0.018518518518518517,0.018518518518518517,0.009259259259259259,0.15,0.325,0.125,0.22499999999999998,0.1388888888888889,0.06481481481481481,0.15740740740740738
0.08367768595041324,0.68994140625,0.91552734375,0.0,0.025,0.025,0.025,0.018518518518518517,0.018518518518518517,0.009259259259259259,0.15,0.325,0.125,0.22499999999999998,0.14814814814814814,0.06481481481481481,0.15740740740740738
0.0847107438016529,0.697265625,0.92431640625,0.0,0.025,0.025,0.025,0.018518518518518517,0.018518518518518517,0.009259259259259259,0.15,0.325,0.125,0.22499999999999998,0.15740740740740738,0.06481481481481481,0.15740740740740738
0.08574380165289257,0.7041015625,0.93408203125,0.0,0.025,0.025,0.025,0.018518518518518517,0.018518518518518517,0.009259259259259259,0.15,0.325,0.125,0.22499999999999998,0.15740740740740738,0.07407407407407407,0.15740740740740738
0.08677685950413223,0.7109375,0.94287109375,0.0,0.025,0.025,0.025,0.018518518518518517,0.018518518518518517,0.009259259259259259,0.15,0.325,0.125,0.22499999999999998,0.15740740740740738,0.07407407407407407,0.16666666666666663
0.08780991735537191,0.71826171875,0.95263671875,0.0,0.025,0.025,0.025,0.018518518518518517,0.018518518518518517,0.009259259259259259,0.15,0.325,0.125,0.22499999999999998,0.15740740740740738,0.07407407407407407,0.17592592592592587
0.08884297520661157,0.7255859375,0.9609375,0.0,0.025,0.025,0.025,0.018518518518518517,0.018518518518518517,0.009259259259259259,0.15,0.325,0.125,0.22499999999999998,0.16666666666666663,0.07407407407407407,0.17592592592592587
0.08987603305785125,0.732421875,0.970703125,0.0,0.025,0.025,0.025,0.018518518518518517,0.018518518518518517,0.009259259259259259,0.15,0.325,0.125,0.22499999999999998,0.16666666666666663,0.07407407407407407,0.18518518518518512
0.09090909090909091,0.73974609375,0.97998046875,0.0,0.025,0.025,0.025,0.018518518518518517,0.018518518518518517,0.009259259259259259,0.15,0.325,0.125,0.22499999999999998,0.16666666666666663,0.08333333333333333,0.18518518518518512
0.09194214876033058,0.7470703125,0.98876953125,0.0,0.025,0.025,0.025,0.018518518518518517,0.018518518518518517,0.009259259259259259,0.15,0.325,0.125,0.22499999999999998,0.16666666666666663,0.08333333333333333,0.19444444444444436
0.09297520661157024,0.7548828125,0.9990234375,0.0,0.025,0.025,0.025,0.018518518518518517,0.018518518518518517,0.009259259259259259,0.175,0.325,0.125,0.22499999999999998,0.16666666666666663,0.08333333333333333,0.19444444444444436
0.09400826446280992,0.76220703125,1.0078125,0.0,0.025,0.025,0.025,0.018518518518518517,0.018518518518518517,0.009259259259259259,0.175,0.35000000000000003,0.125,0.22499999999999998,0.16666666666666663,0.08333333333333333,0.19444444444444436
0.09504132231404959,0.76953125,1.017578125,0.0,0.025,0.025,0.025,0.018518518518518517,0.018518518518518517,0.009259259259259259,0.175,0.37500000000000006,0.125,0.22499999999999998,0.16666666666666663,0.08333333333333333,0.19444444444444436
0.09607438016528926,0.77685546875,1.0263671875,0.0,0.025,0.025,0.025,0.018518518518518517,0.018518518518518517,0.009259259259259259,0.175,0.37500000000000006,0.125,0.24999999999999997,0.16666666666666663,0.08333333333333333,0.19444444444444436
0.09710743801652892,0.7841796875,1.0361328125,0.0,0.025,0.025,0.025,0.018518518518518517,0.018518518518518517,0.009259259259259259,0.175,0.37500000000000006,0.125,0.24999999999999997,0.17592592592592587,0.08333333333333333,0.19444444444444436
0.09814049586776859,0.791015625,1.044921875,0.0,0.025,0.025,0.025,0.018518518518518517,0.018518518518518517,0.009259259259259259,0.175,0.37500000000000006,0.125,0.24999999999999997,0.17592592592592587,0.09259259259259259,0.19444444444444436
0.09917355371900825,0.79833984375,1.0537109375,0.0,0.025,0.025,0.025,0.018518518518518517,0.018518518518518517,0.009259259259259259,0.175,0.37500000000000006,0.125,0.24999999999999997,0.18518518518518512,0.09259259259259259,0.19444444444444436
0.10020661157024795,0.80517578125,1.0625,0.0,0.025,0.025,0.025,0.018518518518518517,0.018518518518518517,0.009259259259259259,0.175,0.37500000000000006,0.125,0.24999999999999997,0.19444444444444436,0.09259259259259259,0.19444444444444436
0.10123966942148761,0.81201171875,1.0712890625,0.0,0.025,0.025,0.025,0.018518518518518517,0.018518518518518517,0.009259259259259259,0.175,0.37500000000000006,0.125,0.24999999999999997,0.2037037037037036,0.09259259259259259,0.19444444444444436
0.10227272727272728,0.81884765625,1.080078125,0.0,0.025,0.025,0.025,0.018518518518518517,0.018518518518518517,0.009259259259259259,0.175,0.37500000000000006,0.125,0.24999999999999997,0.2037037037037036,0.09259259259259259,0.2037037037037036
0.10330578512396696,0.826171875,1.08984375,0.0,0.025,0.025,0.05,0.018518518518518517,0.018518518518518517,0.009259259259259259,0.175,0.37500000000000006,0.125,0.24999999999999997,0.2037037037037036,0.09259259259259259,0.2037037037037036
0.10433884297520661,0.83349609375,1.0986328125,0.0,0.025,0.025,0.05,0.018518518518518517,0.027777777777777776,0.009259259259259259,0.175,0.37500000000000006,0.125,0.24999999999999997,0.2037037037037036,0.09259259259259259,0.2037037037037036
0.10537190082644629,0.8408203125,1.107421875,0.0,0.025,0.025,0.05,0.018518518518518517,0.027777777777777776,0.009259259259259259,0.175,0.4000000000000001,0.125,0.24999999999999997,0.2037037037037036,0.09259259259259259,0.2037037037037036
0.10640495867768596,0.84814453125,1.1171875,0.0,0.025,0.025,0.05,0.018518518518518517,0.027777777777777776,0.009259259259259259,0.175,0.4000000000000001,0.15,0.24999999999999997,0.2037037037037036,0.09259259259259259,0.2037037037037036
0.10743801652892562,0.85498046875,1.125,0.0,0.025,0.025,0.05,0.018518518518518517,0.027777777777777776,0.009259259259259259,0.175,0.4000000000000001,0.15,0.24999999999999997,0.21296296296296285,0.09259259259259259,0.2037037037037036
0.10847107438016529,0.86181640625,1.134765625,0.0,0.025,0.025,0.05,0.018518518518518517,0.027777777777777776,0.009259259259259259,0.175,0.4000000000000001,0.15,0.24999999999999997,0.2222222222222221,0.09259259259259259,0.2037037037037036
0.10950413223140495,0.86865234375,1.1435546875,0.0,0.025,0.025,0.05,0.018518518518518517,0.027777777777777776,0.009259259259259259,0.175,0.4000000000000001,0.15,0.24999999999999997,0.2222222222222221,0.10185185185185185,0.2037037037037036
0.11053719008264462,0.87548828125,1.1513671875,0.0,0.025,0.025,0.05,0.018518518518518517,0.027777777777777776,0.009259259259259259,0.175,0.4000000000000001,0.15,0.24999999999999997,0.2222222222222221,0.10185185185185185,0.21296296296296285
0.11157024793388429,0.88232421875,1.1611328125,0.0,0.025,0.025,0.05,0.018518518518518517,0.027777777777777776,0.009259259259259259,0.175,0.4000000000000001,0.15,0.24999999999999997,0.2222222222222221,0.10185185185185185,0.2222222222222221
0.11260330578512397,0.88916015625,1.169921875,0.0,0.025,0.025,0.05,0.018518518518518517,0.027777777777777776,0.009259259259259259,0.175,0.4000000000000001,0.15,0.27499999999999997,0.2222222222222221,0.10185185185185185,0.2222222222222221
0.11363636363636363,0.89599609375,1.1787109375,0.0,0.025,0.025,0.05,0.018518518518518517,0.027777777777777776,0.009259259259259259,0.175,0.4000000000000001,0.15,0.27499999999999997,0.2222222222222221,0.1111111111111111,0.2222222222222221
0.1146694214876033,0.90283203125,1.1875,0.0,0.025,0.025,0.05,0.018518518518518517,0.027777777777777776,0.009259259259259259,0.175,0.4000000000000001,0.15,0.27499999999999997,0.2222222222222221,0.1111111111111111,0.23148148148148134
0.11570247933884295,0.91015625,1.1962890625,0.0,0.05,0.025,0.05,0.018518518518518517,0.027777777777777776,0.009259259259259259,0.175,0.4000000000000001,0.15,0.27499999999999997,0.2222222222222221,0.1111111111111111,0.23148148148148134
0.11673553719008263,0.91748046875,1.205078125,0.0,0.05,0.025,0.05,0.027777777777777776,0.027777777777777776,0.009259259259259259,0.175,0.4000000000000001,0.15,0.27499999999999997,0.2222222222222221,0.1111111111111111,0.23148148148148134
0.1177685950413223,0.92431640625,1.21484375,0.0,0.05,0.025,0.05,0.027777777777777776,0.027777777777777776,0.018518518518518517,0.175,0.4000000000000001,0.15,0.27499999999999997,0.2222222222222221,0.1111111111111111,0.23148148148148134
0.11880165289256196,0.9296875,1.2236328125,0.0,0.05,0.025,0.05,0.027777777777777776,0.027777777777777776,0.027777777777777776,0.175,0.4000000000000001,0.15,0.27499999999999997,0.2222222222222221,0.1111111111111111,0.23148148148148134
0.11983471074380163,0.935546875,1.2314453125,0.0,0.05,0.025,0.05,0.027777777777777776,0.027777777777777776,0.037037037037037035,0.175,0.4000000000000001,0.15,0.27499999999999997,0.2222222222222221,0.1111111111111111,0.23148148148148134
0.1208677685950413,0.9423828125,1.240234375,0.0,0.05,0.025,0.05,0.027777777777777776,0.027777777777777776,0.046296296296296294,0.175,0.4000000000000001,0.15,0.27499999999999997,0.2222222222222221,0.1111111111111111,0.23148148148148134
0.12190082644628096,0.94921875,1.2490234375,0.0,0.05,0.025,0.05,0.027777777777777776,0.027777777777777776,0.046296296296296294,0.19999999999999998,0.4000000000000001,0.15,0.27499999999999997,0.2222222222222221,0.1111111111111111,0.23148148148148134
0.12293388429752065,0.9560546875,1.2578125,0.0,0.05,0.025,0.05,0.027777777777777776,0.027777777777777776,0.046296296296296294,0.19999999999999998,0.4250000000000001,0.15,0.27499999999999997,0.2222222222222221,0.1111111111111111,0.23148148148148134
0.12396694214876033,0.962890625,1.2666015625,0.0,0.05,0.025,0.05,0.027777777777777776,0.027777777777777776,0.046296296296296294,0.19999999999999998,0.4250000000000001,0.15,0.27499999999999997,0.2222222222222221,0.12037037037037036,0.23148148148148134
0.125,0.9697265625,1.275390625,0.0,0.05,0.025,0.05,0.027777777777777776,0.027777777777777776,0.046296296296296294,0.19999999999999998,0.4250000000000001,0.175,0.27499999999999997,0.2222222222222221,0.12037037037037036,0.23148148148148134
0.12603305785123967,0.9765625,1.2841796875,0.0,0.05,0.025,0.05,0.027777777777777776,0.027777777777777776,0.046296296296296294,0.19999999999999998,0.4250000000000001,0.175,0.27499999999999997,0.2222222222222221,0.12962962962962962,0.23148148148148134
0.12706611570247933,0.9833984375,1.29296875,0.0,0.05,0.025,0.05,0.027777777777777776,0.027777777777777776,0.046296296296296294,0.19999999999999998,0.4250000000000001,0.175,0.27499999999999997,0.2222222222222221,0.12962962962962962,0.2407407407407406
0.128099173553719,0.990234375,1.3017578125,0.0,0.05,0.025,0.05,0.027777777777777776,0.027777777777777776,0.05555555555555555,0.19999999999999998,0.4250000000000001,0.175,0.27499999999999997,0.2222222222222221,0.12962962962962962,0.2407407407407406
0.12913223140495866,0.9970703125,1.310546875,0.0,0.05,0.025,0.05,0.027777777777777776,0.027777777777777776,0.05555555555555555,0.19999999999999998,0.4250000000000001,0.175,0.27499999999999997,0.2222222222222221,0.12962962962962962,0.24999999999999983
0.13016528925619836,1.00390625,1.3203125,0.0,0.05,0.025,0.07500000000000001,0.027777777777777776,0.027777777777777776,0.05555555555555555,0.19999999999999998,0.4250000000000001,0.175,0.27499999999999997,0.2222222222222221,0.12962962962962962,0.24999999999999983
0.13119834710743802,1.0107421875,1.328125,0.0,0.05,0.025,0.07500000000000001,0.027777777777777776,0.027777777777777776,0.05555555555555555,0.19999999999999998,0.4250000000000001,0.175,0.27499999999999997,0.2222222222222221,0.12962962962962962,0.2592592592592591
0.1322314049586777,1.017578125,1.3369140625,0.0,0.05,0.025,0.07500000000000001,0.037037037037037035,0.027777777777777776,0.05555555555555555,0.19999999999999998,0.4250000000000001,0.175,0.27499999999999997,0.2222222222222221,0.12962962962962962,0.2592592592592591
0.13326446280991736,1.0244140625,1.345703125,0.0,0.05,0.025,0.07500000000000001,0.037037037037037035,0.027777777777777776,0.05555555555555555,0.22499999999999998,0.4250000000000001,0.175,0.27499999999999997,0.2222222222222221,0.12962962962962962,0.2592592592592591
0.13429752066115702,1.03125,1.3544921875,0.0,0.05,0.025,0.07500000000000001,0.037037037037037035,0.027777777777777776,0.05555555555555555,0.22499999999999998,0.4250000000000001,0.175,0.3,0.2222222222222221,0.12962962962962962,0.2592592592592591
0.1353305785123967,1.0380859375,1.36328125,0.0,0.05,0.025,0.07500000000000001,0.037037037037037035,0.027777777777777776,0.05555555555555555,0.22499999999999998,0.4250000000000001,0.175,0.3,0.23148148148148134,0.12962962962962962,0.2592592592592591
0.13636363636363635,1.0439453125,1.3720703125,0.0,0.05,0.025,0.07500000000000001,0.037037037037037035,0.027777777777777776,0.05555555555555555,0.22499999999999998,0.4250000000000001,0.175,0.3,0.2407407407407406,0.12962962962962962,0.2592592592592591
0.13739669421487602,1.05078125,1.380859375,0.0,0.05,0.025,0.07500000000000001,0.037037037037037035,0.027777777777777776,0.05555555555555555,0.22499999999999998,0.4250000000000001,0.175,0.3,0.24999999999999983,0.12962962962962962,0.2592592592592591
0.1384297520661157,1.0576171875,1.3896484375,0.0,0.05,0.025,0.07500000000000001,0.037037037037037035,0.027777777777777776,0.05555555555555555,0.22499999999999998,0.4250000000000001,0.175,0.3,0.2592592592592591,0.12962962962962962,0.2592592592592591
0.13946280991735535,1.064453125,1.3974609375,0.0,0.05,0.025,0.07500000000000001,0.037037037037037035,0.027777777777777776,0.05555555555555555,0.22499999999999998,0.4250000000000001,0.175,0.3,0.2685185185185183,0.12962962962962962,0.2592592592592591
0.14049586776859505,1.0712890625,1.40625,0.0,0.05,0.025,0.07500000000000001,0.037037037037037035,0.027777777777777776,0.06481481481481481,0.22499999999999998,0.4250000000000001,0.175,0.3,0.2685185185185183,0.12962962962962962,0.2592592592592591
0.14152892561983468,1.078125,1.416015625,0.0,0.05,0.025,0.07500000000000001,0.037037037037037035,0.027777777777777776,0.06481481481481481,0.22499999999999998,0.4250000000000001,0.175,0.3,0.27777777777777757,0.12962962962962962,0.2592592592592591
0.14256198347107438,1.0849609375,1.4228515625,0.0,0.05,0.025,0.07500000000000001,0.037037037037037035,0.027777777777777776,0.06481481481481481,0.22499999999999998,0.4500000000000001,0.175,0.3,0.27777777777777757,0.12962962962962962,0.2592592592592591
0.14359504132231407,1.091796875,1.431640625,0.0,0.05,0.025,0.07500000000000001,0.037037037037037035,0.027777777777777776,0.06481481481481481,0.22499999999999998,0.4500000000000001,0.175,0.3,0.2870370370370368,0.12962962962962962,0.2592592592592591
0.1446280991735537,1.0986328125,1.4423828125,0.0,0.05,0.025,0.07500000000000001,0.037037037037037035,0.027777777777777776,0.06481481481481481,0.22499999999999998,0.4500000000000001,0.175,0.3,0.2870370370370368,0.1388888888888889,0.2592592592592591
0.1456611570247934,1.10546875,1.451171875,0.0,0.05,0.025,0.07500000000000001,0.037037037037037035,0.027777777777777776,0.06481481481481481,0.24999999999999997,0.4500000000000001,0.175,0.3,0.2870370370370368,0.1388888888888889,0.2592592592592591
0.14669421487603304,1.1123046875,1.4580078125,0.0,0.05,0.025,0.07500000000000001,0.037037037037037035,0.027777777777777776,0.06481481481481481,0.24999999999999997,0.4500000000000001,0.175,0.3,0.2870370370370368,0.14814814814814814,0.2592592592592591
0.14772727272727273,1.1181640625,1.466796875,0.0,0.05,0.025,0.07500000000000001,0.037037037037037035,0.027777777777777776,0.06481481481481481,0.24999999999999997,0.4500000000000001,0.175,0.3,0.2870370370370368,0.14814814814814814,0.2685185185185183
0.1487603305785124,1.125,1.4765625,0.0,0.05,0.025,0.07500000000000001,0.037037037037037035,0.027777777777777776,0.06481481481481481,0.24999999999999997,0.4500000000000001,0.175,0.3,0.2870370370370368,0.15740740740740738,0.2685185185185183
0.14979338842975207,1.1318359375,1.486328125,0.0,0.05,0.025,0.07500000000000001,0.037037037037037035,0.027777777777777776,0.06481481481481481,0.27499999999999997,0.4500000000000001,0.175,0.3,0.2870370370370368,0.15740740740740738,0.2685185185185183
0.15082644628099173,1.138671875,1.4921875,0.0,0.05,0.025,0.07500000000000001,0.037037037037037035,0.027777777777777776,0.06481481481481481,0.27499999999999997,0.4500000000000001,0.19999999999999998,0.3,0.2870370370370368,0.15740740740740738,0.2685185185185183
0.1518595041322314,1.1455078125,1.501953125,0.0,0.05,0.025,0.07500000000000001,0.037037037037037035,0.027777777777777776,0.06481481481481481,0.27499999999999997,0.4500000000000001,0.19999999999999998,0.325,0.2870370370370368,0.15740740740740738,0.2685185185185183
0.15289256198347106,1.15234375,1.5107421875,0.0,0.05,0.025,0.07500000000000001,0.037037037037037035,0.027777777777777776,0.06481481481481481,0.27499999999999997,0.4500000000000001,0.19999999999999998,0.325,0.29629629629629606,0.15740740740740738,0.2685185185185183
0.15392561983471073,1.1591796875,1.51953125,0.0,0.05,0.025,0.07500000000000001,0.037037037037037035,0.027777777777777776,0.06481481481481481,0.27499999999999997,0.4500000000000001,0.19999999999999998,0.325,0.3055555555555553,0.15740740740740738,0.2685185185185183
0.1549586776859504,1.1650390625,1.5263671875,0.0,0.05,0.025,0.07500000000000001,0.037037037037037035,0.027777777777777776,0.06481481481481481,0.27499999999999997,0.4500000000000001,0.19999999999999998,0.325,0.3055555555555553,0.16666666666666663,0.2685185185185183
0.15599173553719006,1.171875,1.5361328125,0.0,0.05,0.025,0.07500000000000001,0.037037037037037035,0.027777777777777776,0.06481481481481481,0.27499999999999997,0.4500000000000001,0.19999999999999998,0.325,0.3055555555555553,0.16666666666666663,0.27777777777777757
0.15702479338842973,1.177734375,1.544921875,0.0,0.05,0.025,0.07500000000000001,0.037037037037037035,0.027777777777777776,0.06481481481481481,0.27499999999999997,0.4500000000000001,0.19999999999999998,0.325,0.3055555555555553,0.16666666666666663,0.2870370370370368
0.1580578512396694,1.18359375,1.552734375,0.0,0.05,0.025,0.07500000000000001,0.037037037037037035,0.027777777777777776,0.06481481481481481,0.27499999999999997,0.4500000000000001,0.19999999999999998,0.325,0.3055555555555553,0.16666666666666663,0.29629629629629606
0.15909090909090906,1.1904296875,1.5615234375,0.0,0.05,0.025,0.07500000000000001,0.037037037037037035,0.027777777777777776,0.06481481481481481,0.27499999999999997,0.47500000000000014,0.19999999999999998,0.325,0.3055555555555553,0.16666666666666663,0.29629629629629606
0.16012396694214873,1.197265625,1.5712890625,0.0,0.05,0.025,0.1,0.037037037037037035,0.027777777777777776,0.06481481481481481,0.27499999999999997,0.47500000000000014,0.19999999999999998,0.325,0.3055555555555553,0.16666666666666663,0.29629629629629606
0.1611570247933884,1.2041015625,1.580078125,0.0,0.05,0.025,0.1,0.037037037037037035,0.027777777777777776,0.06481481481481481,0.27499999999999997,0.47500000000000014,0.19999999999999998,0.325,0.3055555555555553,0.16666666666666663,0.3055555555555553
0.1621900826446281,1.2109375,1.587890625,0.0,0.05,0.025,0.1,0.037037037037037035,0.027777777777777776,0.07407407407407407,0.27499999999999997,0.47500000000000014,0.19999999999999998,0.325,0.3055555555555553,0.16666666666666663,0.3055555555555553
0.16322314049586772,1.2177734375,1.5966796875,0.0,0.05,0.025,0.1,0.037037037037037035,0.027777777777777776,0.07407407407407407,0.27499999999999997,0.47500000000000014,0.19999999999999998,0.325,0.31481481481481455,0.16666666666666663,0.3055555555555553
0.16425619834710742,1.224609375,1.6064453125,0.0,0.05,0.025,0.1,0.037037037037037035,0.027777777777777776,0.07407407407407407,0.27499999999999997,0.47500000000000014,0.19999999999999998,0.325,0.3240740740740738,0.16666666666666663,0.3055555555555553
0.16528925619834708,1.23046875,1.6142578125,0.0,0.05,0.025,0.1,0.037037037037037035,0.027777777777777776,0.07407407407407407,0.27499999999999997,0.47500000000000014,0.19999999999999998,0.325,0.3240740740740738,0.16666666666666663,0.31481481481481455
0.16632231404958678,1.2373046875,1.623046875,0.0,0.05,0.025,0.1,0.046296296296296294,0.027777777777777776,0.07407407407407407,0.27499999999999997,0.47500000000000014,0.19999999999999998,0.325,0.3240740740740738,0.16666666666666663,0.31481481481481455
0.16735537190082644,1.244140625,1.6298828125,0.0,0.05,0.025,0.1,0.046296296296296294,0.027777777777777776,0.07407407407407407,0.27499999999999997,0.47500000000000014,0.19999999999999998,0.325,0.3240740740740738,0.17592592592592587,0.31481481481481455
0.1683884297520661,1.2509765625,1.6396484375,0.0,0.05,0.025,0.1,0.046296296296296294,0.027777777777777776,0.07407407407407407,0.27499999999999997,0.47500000000000014,0.22499999999999998,0.325,0.3240740740740738,0.17592592592592587,0.31481481481481455
0.16942148760330578,1.2578125,1.6484375,0.0,0.05,0.025,0.1,0.046296296296296294,0.027777777777777776,0.07407407407407407,0.27499999999999997,0.47500000000000014,0.22499999999999998,0.325,0.3240740740740738,0.18518518518518512,0.31481481481481455
0.17045454545454544,1.2646484375,1.6552734375,0.0,0.05,0.025,0.1,0.046296296296296294,0.027777777777777776,0.07407407407407407,0.27499999999999997,0.47500000000000014,0.22499999999999998,0.35000000000000003,0.3240740740740738,0.18518518518518512,0.31481481481481455
0.17148760330578514,1.271484375,1.666015625,0.0,0.05,0.025,0.1,0.046296296296296294,0.027777777777777776,0.07407407407407407,0.27499999999999997,0.47500000000000014,0.22499999999999998,0.35000000000000003,0.33333333333333304,0.18518518518518512,0.31481481481481455
0.17252066115702477,1.2783203125,1.6728515625,0.0,0.05,0.025,0.1,0.046296296296296294,0.027777777777777776,0.07407407407407407,0.27499999999999997,0.47500000000000014,0.22499999999999998,0.35000000000000003,0.3425925925925923,0.18518518518518512,0.31481481481481455
0.17355371900826447,1.2841796875,1.681640625,0.0,0.05,0.025,0.1,0.046296296296296294,0.027777777777777776,0.07407407407407407,0.27499999999999997,0.47500000000000014,0.22499999999999998,0.35000000000000003,0.3425925925925923,0.19444444444444436,0.31481481481481455
0.1745867768595041,1.291015625,1.6923828125,0.0,0.05,0.025,0.1,0.046296296296296294,0.027777777777777776,0.07407407407407407,0.27499999999999997,0.47500000000000014,0.22499999999999998,0.35000000000000003,0.3518518518518515,0.19444444444444436,0.31481481481481455
0.1756198347107438,1.2978515625,1.6982421875,0.0,0.05,0.025,0.125,0.046296296296296294,0.027777777777777776,0.07407407407407407,0.27499999999999997,0.47500000000000014,0.22499999999999998,0.35000000000000003,0.3518518518518515,0.19444444444444436,0.31481481481481455
0.17665289256198344,1.3046875,1.7080078125,0.0,0.05,0.025,0.125,0.046296296296296294,0.027777777777777776,0.07407407407407407,0.27499999999999997,0.47500000000000014,0.22499999999999998,0.35000000000000003,0.36111111111111077,0.19444444444444436,0.31481481481481455
0.17768595041322313,1.3115234375,1.71484375,0.0,0.05,0.025,0.125,0.046296296296296294,0.027777777777777776,0.07407407407407407,0.27499999999999997,0.5000000000000001,0.22499999999999998,0.35000000000000003,0.36111111111111077,0.19444444444444436,0.31481481481481455
0.17871900826446277,1.318359375,1.7255859375,0.0,0.05,0.025,0.125,0.046296296296296294,0.027777777777777776,0.07407407407407407,0.27499999999999997,0.5000000000000001,0.22499999999999998,0.35000000000000003,0.37037037037037,0.19444444444444436,0.31481481481481455
0.17975206611570246,1.3251953125,1.7314453125,0.0,0.05,0.025,0.125,0.046296296296296294,0.027777777777777776,0.07407407407407407,0.27499999999999997,0.5000000000000001,0.22499999999999998,0.35000000000000003,0.37037037037037,0.2037037037037036,0.31481481481481455
0.1807851239669421,1.3310546875,1.7421875,0.0,0.05,0.025,0.125,0.046296296296296294,0.027777777777777776,0.07407407407407407,0.27499999999999997,0.5000000000000001,0.22499999999999998,0.35000000000000003,0.37037037037037,0.2037037037037036,0.3240740740740738
0.1818181818181818,1.337890625,1.751953125,0.0,0.05,0.025,0.125,0.046296296296296294,0.027777777777777776,0.08333333333333333,0.27499999999999997,0.5000000000000001,0.22499999999999998,0.35000000000000003,0.37037037037037,0.2037037037037036,0.3240740740740738
0.1828512396694215,1.3447265625,1.7587890625,0.0,0.05,0.025,0.125,0.046296296296296294,0.027777777777777776,0.08333333333333333,0.3,0.5000000000000001,0.22499999999999998,0.35000000000000003,0.37037037037037,0.2037037037037036,0.3240740740740738
0.18388429752066113,1.3515625,1.767578125,0.0,0.05,0.025,0.125,0.046296296296296294,0.027777777777777776,0.08333333333333333,0.3,0.5000000000000001,0.22499999999999998,0.35000000000000003,0.37962962962962926,0.2037037037037036,0.3240740740740738
0.18491735537190082,1.3583984375,1.7763671875,0.0,0.05,0.025,0.125,0.046296296296296294,0.037037037037037035,0.08333333333333333,0.3,0.5000000000000001,0.22499999999999998,0.35000000000000003,0.37962962962962926,0.2037037037037036,0.3240740740740738
0.18595041322314046,1.365234375,1.7861328125,0.0,0.05,0.025,0.125,0.046296296296296294,0.037037037037037035,0.08333333333333333,0.3,0.5250000000000001,0.22499999999999998,0.35000000000000003,0.37962962962962926,0.2037037037037036,0.3240740740740738
0.18698347107438015,1.3720703125,1.79296875,0.0,0.05,0.025,0.125,0.046296296296296294,0.037037037037037035,0.08333333333333333,0.3,0.5250000000000001,0.22499999999999998,0.35000000000000003,0.37962962962962926,0.21296296296296285,0.3240740740740738
0.1880165289256198,1.3779296875,1.8017578125,0.0,0.05,0.025,0.125,0.046296296296296294,0.037037037037037035,0.08333333333333333,0.3,0.5250000000000001,0.22499999999999998,0.35000000000000003,0.37962962962962926,0.2222222222222221,0.3240740740740738
0.18904958677685949,1.384765625,1.8095703125,0.0,0.05,0.025,0.125,0.046296296296296294,0.037037037037037035,0.08333333333333333,0.3,0.5250000000000001,0.22499999999999998,0.35000000000000003,0.3888888888888885,0.2222222222222221,0.3240740740740738
0.19008264462809912,1.3916015625,1.8193359375,0.0,0.05,0.025,0.125,0.046296296296296294,0.037037037037037035,0.08333333333333333,0.3,0.5250000000000001,0.22499999999999998,0.35000000000000003,0.39814814814814775,0.2222222222222221,0.3240740740740738
0.19111570247933882,1.3984375,1.8271484375,0.0,0.05,0.025,0.125,0.046296296296296294,0.037037037037037035,0.08333333333333333,0.3,0.5250000000000001,0.22499999999999998,0.35000000000000003,0.39814814814814775,0.2222222222222221,0.33333333333333304
0.19214876033057846,1.404296875,1.8359375,0.0,0.05,0.025,0.125,0.046296296296296294,0.037037037037037035,0.08333333333333333,0.3,0.5250000000000001,0.22499999999999998,0.35000000000000003,0.39814814814814775,0.2222222222222221,0.3425925925925923
0.19318181818181812,1.4111328125,1.84375,0.0,0.05,0.05,0.125,0.046296296296296294,0.037037037037037035,0.08333333333333333,0.3,0.5250000000000001,0.22499999999999998,0.35000000000000003,0.39814814814814775,0.2222222222222221,0.3425925925925923
0.1942148760330578,1.41796875,1.853515625,0.0,0.05,0.05,0.125,0.046296296296296294,0.037037037037037035,0.08333333333333333,0.325,0.5250000000000001,0.22499999999999998,0.35000000000000003,0.39814814814814775,0.2222222222222221,0.3425925925925923
0.19524793388429745,1.4248046875,1.8603515625,0.0,0.05,0.05,0.125,0.046296296296296294,0.037037037037037035,0.08333333333333333,0.35000000000000003,0.5250000000000001,0.22499999999999998,0.35000000000000003,0.39814814814814775,0.2222222222222221,0.3425925925925923
0.19628099173553712,1.431640625,1.8701171875,0.0,0.05,0.05,0.125,0.046296296296296294,0.037037037037037035,0.08333333333333333,0.35000000000000003,0.5250000000000001,0.24999999999999997,0.35000000000000003,0.39814814814814775,0.2222222222222221,0.3425925925925923
0.19731404958677679,1.4384765625,1.876953125,0.0,0.05,0.05,0.125,0.046296296296296294,0.037037037037037035,0.08333333333333333,0.35000000000000003,0.5250000000000001,0.24999999999999997,0.35000000000000003,0.407407407407407,0.2222222222222221,0.3425925925925923
0.19834710743801648,1.4453125,1.8876953125,0.0,0.05,0.05,0.125,0.046296296296296294,0.037037037037037035,0.08333333333333333,0.35000000000000003,0.5250000000000001,0.24999999999999997,0.35000000000000003,0.407407407407407,0.23148148148148134,0.3425925925925923
0.19938016528925612,1.451171875,1.89453125,0.0,0.05,0.05,0.125,0.046296296296296294,0.037037037037037035,0.08333333333333333,0.35000000000000003,0.5250000000000001,0.24999999999999997,0.35000000000000003,0.407407407407407,0.2407407407407406,0.3425925925925923
0.2004132231404958,1.4580078125,1.9052734375,0.0,0.05,0.05,0.125,0.046296296296296294,0.037037037037037035,0.08333333333333333,0.35000000000000003,0.5250000000000001,0.24999999999999997,0.35000000000000003,0.407407407407407,0.24999999999999983,0.3425925925925923
0.2014462809917355,1.46484375,1.9111328125,0.0,0.05,0.05,0.125,0.046296296296296294,0.037037037037037035,0.08333333333333333,0.35000000000000003,0.5250000000000001,0.24999999999999997,0.37500000000000006,0.407407407407407,0.24999999999999983,0.3425925925925923
0.20247933884297514,1.4716796875,1.91796875,0.0,0.05,0.05,0.125,0.046296296296296294,0.037037037037037035,0.08333333333333333,0.35000000000000003,0.5250000000000001,0.24999999999999997,0.37500000000000006,0.41666666666666624,0.24999999999999983,0.3425925925925923
0.20351239669421484,1.478515625,1.9296875,0.0,0.05,0.05,0.125,0.046296296296296294,0.037037037037037035,0.08333333333333333,0.35000000000000003,0.5250000000000001,0.24999999999999997,0.37500000000000006,0.4259259259259255,0.24999999999999983,0.3425925925925923
0.2045454545454545,1.484375,1.9365234375,0.0,0.05,0.05,0.125,0.046296296296296294,0.037037037037037035,0.08333333333333333,0.35000000000000003,0.5250000000000001,0.24999999999999997,0.37500000000000006,0.4259259259259255,0.24999999999999983,0.3518518518518515
0.20557851239669417,1.490234375,1.947265625,0.0,0.05,0.05,0.125,0.046296296296296294,0.037037037037037035,0.08333333333333333,0.35000000000000003,0.5250000000000001,0.24999999999999997,0.37500000000000006,0.4259259259259255,0.24999999999999983,0.36111111111111077
0.20661157024793383,1.49609375,1.9541015625,0.0,0.05,0.05,0.125,0.046296296296296294,0.037037037037037035,0.08333333333333333,0.35000000000000003,0.5250000000000001,0.24999999999999997,0.37500000000000006,0.4259259259259255,0.24999999999999983,0.37037037037037
0.2076446280991735,1.5029296875,1.9638671875,0.0,0.05,0.05,0.15,0.046296296296296294,0.037037037037037035,0.08333333333333333,0.35000000000000003,0.5250000000000001,0.24999999999999997,0.37500000000000006,0.4259259259259255,0.24999999999999983,0.37037037037037
0.20867768595041317,1.509765625,1.970703125,0.0,0.05,0.05,0.15,0.046296296296296294,0.037037037037037035,0.09259259259259259,0.35000000000000003,0.5250000000000001,0.24999999999999997,0.37500000000000006,0.4259259259259255,0.24999999999999983,0.37037037037037
0.20971074380165286,1.5166015625,1.9775390625,0.0,0.05,0.05,0.15,0.046296296296296294,0.037037037037037035,0.10185185185185185,0.35000000000000003,0.5250000000000001,0.24999999999999997,0.37500000000000006,0.4259259259259255,0.24999999999999983,0.37037037037037
0.2107438016528925,1.5234375,1.98828125,0.0,0.05,0.05,0.15,0.046296296296296294,0.037037037037037035,0.10185185185185185,0.37500000000000006,0.5250000000000001,0.24999999999999997,0.37500000000000006,0.4259259259259255,0.24999999999999983,0.37037037037037
0.2117768595041322,1.5302734375,1.9951171875,0.0,0.05,0.05,0.15,0.046296296296296294,0.037037037037037035,0.10185185185185185,0.4000000000000001,0.5250000000000001,0.24999999999999997,0.37500000000000006,0.4259259259259255,0.24999999999999983,0.37037037037037
0.21280991735537183,1.537109375,2.005859375,0.0,0.05,0.05,0.15,0.046296296296296294,0.037037037037037035,0.10185185185185185,0.4000000000000001,0.5250000000000001,0.24999999999999997,0.37500000000000006,0.43518518518518473,0.24999999999999983,0.37037037037037
0.21384297520661152,1.5439453125,2.01171875,0.0,0.05,0.05,0.15,0.046296296296296294,0.037037037037037035,0.10185185185185185,0.4000000000000001,0.5250000000000001,0.24999999999999997,0.37500000000000006,0.43518518518518473,0.2592592592592591,0.37037037037037
0.21487603305785116,1.55078125,2.0234375,0.0,0.05,0.05,0.15,0.046296296296296294,0.037037037037037035,0.10185185185185185,0.4000000000000001,0.5500000000000002,0.24999999999999997,0.37500000000000006,0.43518518518518473,0.2592592592592591,0.37037037037037
0.21590909090909086,1.5576171875,2.03125,0.0,0.05,0.05,0.15,0.046296296296296294,0.037037037037037035,0.10185185185185185,0.4000000000000001,0.5500000000000002,0.27499999999999997,0.37500000000000006,0.43518518518518473,0.2592592592592591,0.37037037037037
0.2169421487603305,1.564453125,2.037109375,0.0,0.05,0.05,0.15,0.046296296296296294,0.037037037037037035,0.10185185185185185,0.4000000000000001,0.5500000000000002,0.27499999999999997,0.37500000000000006,0.444444444444444,0.2592592592592591,0.37037037037037
0.2179752066115702,1.5712890625,2.046875,0.0,0.05,0.05,0.15,0.046296296296296294,0.037037037037037035,0.10185185185185185,0.4000000000000001,0.5500000000000002,0.27499999999999997,0.37500000000000006,0.444444444444444,0.2685185185185183,0.37037037037037
0.21900826446280983,1.5771484375,2.0546875,0.0,0.05,0.05,0.15,0.046296296296296294,0.037037037037037035,0.10185185185185185,0.4000000000000001,0.5500000000000002,0.27499999999999997,0.37500000000000006,0.444444444444444,0.27777777777777757,0.37037037037037
0.22004132231404952,1.583984375,2.0625,0.0,0.05,0.05,0.15,0.046296296296296294,0.037037037037037035,0.10185185185185185,0.4000000000000001,0.5500000000000002,0.27499999999999997,0.37500000000000006,0.4537037037037032,0.27777777777777757,0.37037037037037
0.2210743801652892,1.58984375,2.072265625,0.0,0.05,0.05,0.15,0.046296296296296294,0.037037037037037035,0.10185185185185185,0.4000000000000001,0.5500000000000002,0.27499999999999997,0.37500000000000006,0.4537037037037032,0.27777777777777757,0.37962962962962926
0.22210743801652882,1.5966796875,2.080078125,0.0,0.05,0.05,0.15,0.046296296296296294,0.037037037037037035,0.10185185185185185,0.4000000000000001,0.5500000000000002,0.27499999999999997,0.37500000000000006,0.46296296296296247,0.27777777777777757,0.37962962962962926
0.2231404958677685,1.6025390625,2.08984375,0.0,0.05,0.05,0.15,0.046296296296296294,0.037037037037037035,0.10185185185185185,0.4000000000000001,0.5500000000000002,0.27499999999999997,0.37500000000000006,0.46296296296296247,0.27777777777777757,0.3888888888888885
0.22417355371900818,1.6083984375,2.09765625,0.0,0.05,0.05,0.15,0.046296296296296294,0.037037037037037035,0.10185185185185185,0.4000000000000001,0.5500000000000002,0.27499999999999997,0.37500000000000006,0.46296296296296247,0.27777777777777757,0.39814814814814775
0.22520661157024782,1.6142578125,2.103515625,0.0,0.05,0.05,0.15,0.046296296296296294,0.037037037037037035,0.10185185185185185,0.4000000000000001,0.5500000000000002,0.27499999999999997,0.37500000000000006,0.46296296296296247,0.27777777777777757,0.407407407407407
0.22623966942148752,1.62109375,2.1171875,0.0,0.05,0.05,0.15,0.046296296296296294,0.037037037037037035,0.10185185185185185,0.4000000000000001,0.5500000000000002,0.27499999999999997,0.37500000000000006,0.46296296296296247,0.2870370370370368,0.407407407407407
0.2272727272727272,1.6279296875,2.123046875,0.0,0.05,0.05,0.175,0.046296296296296294,0.037037037037037035,0.10185185185185185,0.4000000000000001,0.5500000000000002,0.27499999999999997,0.37500000000000006,0.46296296296296247,0.2870370370370368,0.407407407407407
0.22830578512396685,1.634765625,2.130859375,0.0,0.05,0.05,0.175,0.046296296296296294,0.037037037037037035,0.10185185185185185,0.4000000000000001,0.5500000000000002,0.27499999999999997,0.4000000000000001,0.46296296296296247,0.2870370370370368,0.407407407407407
0.22933884297520649,1.6416015625,2.140625,0.0,0.05,0.05,0.175,0.046296296296296294,0.037037037037037035,0.10185185185185185,0.4000000000000001,0.5500000000000002,0.27499999999999997,0.4000000000000001,0.46296296296296247,0.29629629629629606,0.407407407407407
0.23037190082644618,1.6474609375,2.1484375,0.0,0.05,0.05,0.175,0.046296296296296294,0.037037037037037035,0.10185185185185185,0.4000000000000001,0.5500000000000002,0.27499999999999997,0.4000000000000001,0.46296296296296247,0.3055555555555553,0.407407407407407
0.23140495867768587,1.654296875,2.15625,0.0,0.05,0.05,0.175,0.046296296296296294,0.037037037037037035,0.10185185185185185,0.4000000000000001,0.5500000000000002,0.27499999999999997,0.4000000000000001,0.4722222222222217,0.3055555555555553,0.407407407407407
0.23243801652892554,1.6611328125,2.166015625,0.0,0.05,0.05,0.175,0.046296296296296294,0.037037037037037035,0.10185185185185185,0.4000000000000001,0.5750000000000002,0.27499999999999997,0.4000000000000001,0.4722222222222217,0.3055555555555553,0.407407407407407
0.23347107438016523,1.66796875,2.173828125,0.0,0.05,0.05,0.175,0.046296296296296294,0.037037037037037035,0.10185185185185185,0.4000000000000001,0.5750000000000002,0.27499999999999997,0.4000000000000001,0.4722222222222217,0.3055555555555553,0.41666666666666624
0.23450413223140487,1.673828125,2.181640625,0.0,0.05,0.05,0.175,0.046296296296296294,0.037037037037037035,0.10185185185185185,0.4000000000000001,0.5750000000000002,0.27499999999999997,0.4000000000000001,0.4722222222222217,0.3055555555555553,0.4259259259259255
0.23553719008264454,1.6806640625,2.19140625,0.0,0.05,0.05,0.175,0.05555555555555555,0.037037037037037035,0.10185185185185185,0.4000000000000001,0.5750000000000002,0.27499999999999997,0.4000000000000001,0.4722222222222217,0.3055555555555553,0.4259259259259255
0.2365702479338842,1.6875,2.19921875,0.0,0.05,0.05,0.175,0.05555555555555555,0.037037037037037035,0.10185185185185185,0.4000000000000001,0.5750000000000002,0.27499999999999997,0.4000000000000001,0.4722222222222217,0.31481481481481455,0.4259259259259255
0.2376033057851239,1.6943359375,2.20703125,0.0,0.05,0.05,0.175,0.05555555555555555,0.037037037037037035,0.10185185185185185,0.4000000000000001,0.5750000000000002,0.27499999999999997,0.4000000000000001,0.48148148148148096,0.31481481481481455,0.4259259259259255
0.23863636363636354,1.701171875,2.216796875,0.0,0.05,0.05,0.175,0.05555555555555555,0.037037037037037035,0.10185185185185185,0.4000000000000001,0.6000000000000002,0.27499999999999997,0.4000000000000001,0.48148148148148096,0.31481481481481455,0.4259259259259255
0.2396694214876032,1.7080078125,2.224609375,0.0,0.05,0.05,0.175,0.05555555555555555,0.037037037037037035,0.10185185185185185,0.4000000000000001,0.6000000000000002,0.27499999999999997,0.4000000000000001,0.48148148148148096,0.3240740740740738,0.4259259259259255
0.24070247933884287,1.7138671875,2.232421875,0.0,0.05,0.05,0.175,0.05555555555555555,0.037037037037037035,0.10185185185185185,0.4000000000000001,0.6000000000000002,0.27499999999999997,0.4000000000000001,0.48148148148148096,0.3240740740740738,0.43518518518518473
0.24173553719008256,1.720703125,2.244140625,0.0,0.05,0.05,0.175,0.05555555555555555,0.037037037037037035,0.1111111111111111,0.4000000000000001,0.6000000000000002,0.27499999999999997,0.4000000000000001,0.48148148148148096,0.3240740740740738,0.43518518518518473
0.2427685950413222,1.7275390625,2.25,0.0,0.05,0.05,0.175,0.05555555555555555,0.037037037037037035,0.1111111111111111,0.4250000000000001,0.6000000000000002,0.27499999999999997,0.4000000000000001,0.48148148148148096,0.3240740740740738,0.43518518518518473
0.2438016528925619,1.734375,2.2578125,0.0,0.05,0.05,0.175,0.05555555555555555,0.037037037037037035,0.1111111111111111,0.4250000000000001,0.6000000000000002,0.27499999999999997,0.4000000000000001,0.4907407407407402,0.3240740740740738,0.43518518518518473
0.24483471074380153,1.7412109375,2.267578125,0.0,0.05,0.05,0.175,0.05555555555555555,0.037037037037037035,0.1111111111111111,0.4250000000000001,0.6000000000000002,0.27499999999999997,0.4000000000000001,0.49999999999999944,0.3240740740740738,0.43518518518518473
0.2458677685950412,1.7470703125,2.275390625,0.0,0.05,0.05,0.175,0.05555555555555555,0.037037037037037035,0.1111111111111111,0.4250000000000001,0.6000000000000002,0.27499999999999997,0.4000000000000001,0.49999999999999944,0.3240740740740738,0.444444444444444
0.24690082644628086,1.7529296875,2.283203125,0.0,0.05,0.05,0.175,0.05555555555555555,0.037037037037037035,0.1111111111111111,0.4250000000000001,0.6000000000000002,0.27499999999999997,0.4000000000000001,0.49999999999999944,0.3240740740740738,0.4537037037037032
0.24793388429752056,1.759765625,2.29296875,0.0,0.05,0.05,0.175,0.05555555555555555,0.046296296296296294,0.1111111111111111,0.4250000000000001,0.6000000000000002,0.27499999999999997,0.4000000000000001,0.49999999999999944,0.3240740740740738,0.4537037037037032
0.24896694214876025,1.7666015625,2.30078125,0.0,0.05,0.05,0.175,0.05555555555555555,0.046296296296296294,0.1111111111111111,0.4250000000000001,0.6000000000000002,0.27499999999999997,0.4000000000000001,0.5092592592592587,0.3240740740740738,0.4537037037037032
0.24999999999999992,1.7734375,2.30859375,0.0,0.05,0.05,0.175,0.05555555555555555,0.046296296296296294,0.1111111111111111,0.4250000000000001,0.6000000000000002,0.27499999999999997,0.4000000000000001,0.5092592592592587,0.33333333333333304,0.4537037037037032
0.2510330578512396,1.7802734375,2.314453125,0.0,0.05,0.05,0.175,0.05555555555555555,0.046296296296296294,0.1111111111111111,0.4250000000000001,0.6000000000000002,0.3,0.4000000000000001,0.5092592592592587,0.33333333333333304,0.4537037037037032
0.2520661157024793,1.787109375,2.326171875,0.0,0.05,0.05,0.175,0.05555555555555555,0.046296296296296294,0.1111111111111111,0.4250000000000001,0.6000000000000002,0.3,0.4000000000000001,0.5092592592592587,0.3425925925925923,0.4537037037037032
0.2530991735537189,1.7939453125,2.333984375,0.0,0.07500000000000001,0.05,0.175,0.05555555555555555,0.046296296296296294,0.1111111111111111,0.4250000000000001,0.6000000000000002,0.3,0.4000000000000001,0.5092592592592587,0.3425925925925923,0.4537037037037032
0.2541322314049586,1.80078125,2.341796875,0.0,0.07500000000000001,0.05,0.175,0.05555555555555555,0.046296296296296294,0.1111111111111111,0.4250000000000001,0.6000000000000002,0.3,0.4000000000000001,0.518518518518518,0.3425925925925923,0.4537037037037032
0.2551652892561983,1.8076171875,2.3515625,0.0,0.07500000000000001,0.05,0.175,0.05555555555555555,0.046296296296296294,0.1111111111111111,0.4250000000000001,0.6000000000000002,0.3,0.4000000000000001,0.518518518518518,0.3518518518518515,0.4537037037037032
0.25619834710743794,1.8134765625,2.359375,0.0,0.07500000000000001,0.05,0.175,0.05555555555555555,0.046296296296296294,0.1111111111111111,0.4250000000000001,0.6000000000000002,0.3,0.4000000000000001,0.518518518518518,0.3518518518518515,0.46296296296296247
0.2572314049586776,1.8203125,2.3671875,0.0,0.07500000000000001,0.05,0.19999999999999998,0.05555555555555555,0.046296296296296294,0.1111111111111111,0.4250000000000001,0.6000000000000002,0.3,0.4000000000000001,0.518518518518518,0.3518518518518515,0.46296296296296247
0.2582644628099173,1.8271484375,2.373046875,0.0,0.07500000000000001,0.05,0.19999999999999998,0.05555555555555555,0.046296296296296294,0.1111111111111111,0.4250000000000001,0.6000000000000002,0.3,0.4000000000000001,0.5277777777777773,0.3518518518518515,0.46296296296296247
0.25929752066115697,1.833984375,2.384765625,0.0,0.07500000000000001,0.05,0.19999999999999998,0.05555555555555555,0.046296296296296294,0.1111111111111111,0.4250000000000001,0.6000000000000002,0.3,0.4000000000000001,0.5370370370370366,0.3518518518518515,0.46296296296296247
0.2603305785123966,1.8408203125,2.392578125,0.0,0.07500000000000001,0.05,0.19999999999999998,0.05555555555555555,0.046296296296296294,0.1111111111111111,0.4250000000000001,0.6000000000000002,0.3,0.4000000000000001,0.5370370370370366,0.36111111111111077,0.46296296296296247
0.26136363636363624,1.84765625,2.400390625,0.0,0.07500000000000001,0.05,0.19999999999999998,0.06481481481481481,0.046296296296296294,0.1111111111111111,0.4250000000000001,0.6000000000000002,0.3,0.4000000000000001,0.5370370370370366,0.36111111111111077,0.46296296296296247
0.26239669421487594,1.8544921875,2.408203125,0.0,0.07500000000000001,0.05,0.19999999999999998,0.06481481481481481,0.046296296296296294,0.12037037037037036,0.4250000000000001,0.6000000000000002,0.3,0.4000000000000001,0.5370370370370366,0.36111111111111077,0.46296296296296247
0.2634297520661156,1.861328125,2.41796875,0.0,0.07500000000000001,0.05,0.19999999999999998,0.06481481481481481,0.046296296296296294,0.12037037037037036,0.4250000000000001,0.6000000000000002,0.3,0.4000000000000001,0.5370370370370366,0.37037037037037,0.46296296296296247
0.26446280991735527,1.8681640625,2.42578125,0.0,0.07500000000000001,0.05,0.19999999999999998,0.06481481481481481,0.046296296296296294,0.12037037037037036,0.4500000000000001,0.6000000000000002,0.3,0.4000000000000001,0.5370370370370366,0.37037037037037,0.46296296296296247
0.26549586776859496,1.875,2.43359375,0.0,0.07500000000000001,0.05,0.19999999999999998,0.06481481481481481,0.046296296296296294,0.12037037037037036,0.47500000000000014,0.6000000000000002,0.3,0.4000000000000001,0.5370370370370366,0.37037037037037,0.46296296296296247
0.26652892561983466,1.8818359375,2.44140625,0.0,0.07500000000000001,0.05,0.19999999999999998,0.06481481481481481,0.046296296296296294,0.12037037037037036,0.47500000000000014,0.6000000000000002,0.3,0.4250000000000001,0.5370370370370366,0.37037037037037,0.46296296296296247
0.26756198347107435,1.888671875,2.451171875,0.0,0.07500000000000001,0.05,0.19999999999999998,0.06481481481481481,0.046296296296296294,0.12037037037037036,0.47500000000000014,0.6000000000000002,0.3,0.4250000000000001,0.546296296296296,0.37037037037037,0.46296296296296247
0.26859504132231404,1.8955078125,2.458984375,0.0,0.07500000000000001,0.05,0.19999999999999998,0.06481481481481481,0.046296296296296294,0.12962962962962962,0.47500000000000014,0.6000000000000002,0.3,0.4250000000000001,0.546296296296296,0.37037037037037,0.46296296296296247
0.2696280991735536,1.90234375,2.46484375,0.0,0.07500000000000001,0.05,0.19999999999999998,0.06481481481481481,0.046296296296296294,0.12962962962962962,0.47500000000000014,0.6000000000000002,0.3,0.4250000000000001,0.546296296296296,0.37962962962962926,0.46296296296296247
0.2706611570247933,1.9091796875,2.474609375,0.0,0.07500000000000001,0.05,0.19999999999999998,0.06481481481481481,0.046296296296296294,0.12962962962962962,0.47500000000000014,0.6000000000000002,0.325,0.4250000000000001,0.546296296296296,0.37962962962962926,0.46296296296296247
0.271694214876033,1.916015625,2.484375,0.0,0.07500000000000001,0.05,0.19999999999999998,0.06481481481481481,0.046296296296296294,0.12962962962962962,0.47500000000000014,0.6000000000000002,0.325,0.4250000000000001,0.5555555555555552,0.37962962962962926,0.46296296296296247
0.2727272727272727,1.9228515625,2.4921875,0.0,0.07500000000000001,0.05,0.19999999999999998,0.06481481481481481,0.046296296296296294,0.12962962962962962,0.47500000000000014,0.6000000000000002,0.325,0.4250000000000001,0.5648148148148145,0.37962962962962926,0.46296296296296247
0.27376033057851235,1.9296875,2.5,0.0,0.07500000000000001,0.05,0.19999999999999998,0.06481481481481481,0.046296296296296294,0.12962962962962962,0.47500000000000014,0.6000000000000002,0.325,0.4250000000000001,0.5740740740740738,0.37962962962962926,0.46296296296296247
0.274793388429752,1.9365234375,2.5078125,0.0,0.07500000000000001,0.05,0.19999999999999998,0.06481481481481481,0.046296296296296294,0.12962962962962962,0.47500000000000014,0.6000000000000002,0.325,0.4250000000000001,0.5833333333333331,0.37962962962962926,0.46296296296296247
0.2758264462809917,1.943359375,2.517578125,0.0,0.07500000000000001,0.05,0.19999999999999998,0.06481481481481481,0.046296296296296294,0.12962962962962962,0.47500000000000014,0.6000000000000002,0.325,0.4250000000000001,0.5833333333333331,0.3888888888888885,0.46296296296296247
0.27685950413223137,1.9501953125,2.52734375,0.0,0.07500000000000001,0.05,0.19999999999999998,0.06481481481481481,0.046296296296296294,0.12962962962962962,0.47500000000000014,0.6000000000000002,0.325,0.4250000000000001,0.5833333333333331,0.39814814814814775,0.46296296296296247
0.277892561983471,1.9560546875,2.533203125,0.0,0.07500000000000001,0.05,0.19999999999999998,0.06481481481481481,0.046296296296296294,0.12962962962962962,0.47500000000000014,0.6000000000000002,0.325,0.4250000000000001,0.5833333333333331,0.39814814814814775,0.4722222222222217
0.2789256198347107,1.9619140625,2.54296875,0.0,0.07500000000000001,0.05,0.19999999999999998,0.06481481481481481,0.046296296296296294,0.12962962962962962,0.47500000000000014,0.6000000000000002,0.325,0.4250000000000001,0.5833333333333331,0.39814814814814775,0.48148148148148096
0.27995867768595034,1.96875,2.552734375,0.0,0.07500000000000001,0.05,0.19999999999999998,0.06481481481481481,0.046296296296296294,0.12962962962962962,0.47500000000000014,0.6000000000000002,0.325,0.4250000000000001,0.5833333333333331,0.407407407407407,0.48148148148148096
0.28099173553719003,1.974609375,2.560546875,0.0,0.07500000000000001,0.05,0.19999999999999998,0.06481481481481481,0.046296296296296294,0.12962962962962962,0.47500000000000014,0.6000000000000002,0.325,0.4250000000000001,0.5833333333333331,0.407407407407407,0.4907407407407402
0.2820247933884297,1.9814453125,2.568359375,0.0,0.07500000000000001,0.05,0.19999999999999998,0.06481481481481481,0.046296296296296294,0.12962962962962962,0.47500000000000014,0.6000000000000002,0.325,0.4250000000000001,0.5833333333333331,0.41666666666666624,0.4907407407407402
0.28305785123966937,1.9873046875,2.576171875,0.0,0.07500000000000001,0.05,0.19999999999999998,0.06481481481481481,0.046296296296296294,0.12962962962962962,0.47500000000000014,0.6000000000000002,0.325,0.4250000000000001,0.5833333333333331,0.41666666666666624,0.49999999999999944
0.284090909090909,1.994140625,2.583984375,0.0,0.07500000000000001,0.05,0.19999999999999998,0.06481481481481481,0.046296296296296294,0.12962962962962962,0.47500000000000014,0.6000000000000002,0.325,0.4250000000000001,0.5833333333333331,0.4259259259259255,0.49999999999999944
0.2851239669421487,2.0,2.59375,0.0,0.07500000000000001,0.07500000000000001,0.19999999999999998,0.06481481481481481,0.046296296296296294,0.12962962962962962,0.47500000000000014,0.6000000000000002,0.325,0.4250000000000001,0.5833333333333331,0.4259259259259255,0.49999999999999944
0.28615702479338834,2.005859375,2.6015625,0.0,0.07500000000000001,0.07500000000000001,0.19999999999999998,0.06481481481481481,0.046296296296296294,0.12962962962962962,0.47500000000000014,0.6000000000000002,0.325,0.4250000000000001,0.5833333333333331,0.4259259259259255,0.5092592592592587
0.28719008264462803,2.013671875,2.609375,0.0,0.07500000000000001,0.07500000000000001,0.22499999999999998,0.06481481481481481,0.046296296296296294,0.12962962962962962,0.47500000000000014,0.6000000000000002,0.325,0.4250000000000001,0.5833333333333331,0.4259259259259255,0.5092592592592587
0.28822314049586767,2.01953125,2.6171875,0.0,0.07500000000000001,0.07500000000000001,0.22499999999999998,0.06481481481481481,0.046296296296296294,0.12962962962962962,0.47500000000000014,0.6000000000000002,0.325,0.4250000000000001,0.5833333333333331,0.4259259259259255,0.518518518518518
0.28925619834710736,2.02734375,2.625,0.0,0.1,0.07500000000000001,0.22499999999999998,0.06481481481481481,0.046296296296296294,0.12962962962962962,0.47500000000000014,0.6000000000000002,0.325,0.4250000000000001,0.5833333333333331,0.4259259259259255,0.518518518518518
0.29028925619834706,2.03515625,2.634765625,0.0,0.1,0.07500000000000001,0.22499999999999998,0.07407407407407407,0.046296296296296294,0.12962962962962962,0.47500000000000014,0.6000000000000002,0.325,0.4250000000000001,0.5833333333333331,0.4259259259259255,0.518518518518518
0.29132231404958675,2.041015625,2.642578125,0.0,0.1,0.07500000000000001,0.22499999999999998,0.07407407407407407,0.046296296296296294,0.12962962962962962,0.47500000000000014,0.6000000000000002,0.325,0.4250000000000001,0.5833333333333331,0.4259259259259255,0.5277777777777773
0.2923553719008264,2.048828125,2.65234375,0.0,0.1,0.1,0.22499999999999998,0.07407407407407407,0.046296296296296294,0.12962962962962962,0.47500000000000014,0.6000000000000002,0.325,0.4250000000000001,0.5833333333333331,0.4259259259259255,0.5277777777777773
0.2933884297520661,2.056640625,2.658203125,0.0,0.1,0.1,0.22499999999999998,0.07407407407407407,0.05555555555555555,0.12962962962962962,0.47500000000000014,0.6000000000000002,0.325,0.4250000000000001,0.5833333333333331,0.4259259259259255,0.5277777777777773
0.2944214876033057,2.064453125,2.666015625,0.0,0.1,0.1,0.22499999999999998,0.08333333333333333,0.05555555555555555,0.12962962962962962,0.47500000000000014,0.6000000000000002,0.325,0.4250000000000001,0.5833333333333331,0.4259259259259255,0.5277777777777773
0.2954545454545454,2.072265625,2.677734375,0.0,0.1,0.1,0.22499999999999998,0.08333333333333333,0.05555555555555555,0.1388888888888889,0.47500000000000014,0.6000000000000002,0.325,0.4250000000000001,0.5833333333333331,0.4259259259259255,0.5277777777777773
0.2964876033057851,2.078125,2.685546875,0.0,0.1,0.1,0.22499999999999998,0.08333333333333333,0.05555555555555555,0.1388888888888889,0.47500000000000014,0.6250000000000002,0.325,0.4250000000000001,0.5833333333333331,0.4259259259259255,0.5277777777777773
0.2975206611570248,2.0859375,2.693359375,0.0,0.1,0.1,0.22499999999999998,0.08333333333333333,0.05555555555555555,0.14814814814814814,0.47500000000000014,0.6250000000000002,0.325,0.4250000000000001,0.5833333333333331,0.4259259259259255,0.5277777777777773
0.29855371900826444,2.091796875,2.701171875,0.0,0.1,0.1,0.22499999999999998,0.08333333333333333,0.05555555555555555,0.14814814814814814,0.47500000000000014,0.6250000000000002,0.325,0.4250000000000001,0.5833333333333331,0.43518518518518473,0.5277777777777773
0.29958677685950413,2.099609375,2.712890625,0.0,0.1,0.1,0.22499999999999998,0.08333333333333333,0.05555555555555555,0.15740740740740738,0.47500000000000014,0.6250000000000002,0.325,0.4250000000000001,0.5833333333333331,0.43518518518518473,0.5277777777777773
0.30061983471074377,2.107421875,2.71875,0.0,0.1,0.1,0.24999999999999997,0.08333333333333333,0.05555555555555555,0.15740740740740738,0.47500000000000014,0.6250000000000002,0.325,0.4250000000000001,0.5833333333333331,0.43518518518518473,0.5277777777777773
0.30165289256198347,2.115234375,2.7265625,0.0,0.1,0.1,0.24999999999999997,0.09259259259259259,0.05555555555555555,0.15740740740740738,0.47500000000000014,0.6250000000000002,0.325,0.4250000000000001,0.5833333333333331,0.43518518518518473,0.5277777777777773
0.3026859504132231,2.123046875,2.734375,0.0,0.1,0.1,0.24999999999999997,0.09259259259259259,0.05555555555555555,0.16666666666666663,0.47500000000000014,0.6250000000000002,0.325,0.4250000000000001,0.5833333333333331,0.43518518518518473,0.5277777777777773
0.3037190082644628,2.130859375,2.7421875,0.0,0.1,0.1,0.24999999999999997,0.09259259259259259,0.06481481481481481,0.16666666666666663,0.47500000000000014,0.6250000000000002,0.325,0.4250000000000001,0.5833333333333331,0.43518518518518473,0.5277777777777773
0.30475206611570244,2.138671875,2.75,0.0,0.1,0.1,0.24999999999999997,0.09259259259259259,0.06481481481481481,0.17592592592592587,0.47500000000000014,0.6250000000000002,0.325,0.4250000000000001,0.5833333333333331,0.43518518518518473,0.5277777777777773
0.30578512396694213,2.146484375,2.76171875,0.0,0.1,0.1,0.24999999999999997,0.09259259259259259,0.06481481481481481,0.18518518518518512,0.47500000000000014,0.6250000000000002,0.325,0.4250000000000001,0.5833333333333331,0.43518518518518473,0.5277777777777773
0.30681818181818177,2.154296875,2.76953125,0.0,0.1,0.1,0.24999999999999997,0.09259259259259259,0.06481481481481481,0.18518518518518512,0.5000000000000001,0.6250000000000002,0.325,0.4250000000000001,0.5833333333333331,0.43518518518518473,0.5277777777777773
0.30785123966942146,2.16015625,2.77734375,0.0,0.1,0.1,0.24999999999999997,0.09259259259259259,0.06481481481481481,0.18518518518518512,0.5250000000000001,0.6250000000000002,0.325,0.4250000000000001,0.5833333333333331,0.43518518518518473,0.5277777777777773
0.30888429752066116,2.166015625,2.78515625,0.0,0.1,0.1,0.24999999999999997,0.09259259259259259,0.06481481481481481,0.18518518518518512,0.5250000000000001,0.6250000000000002,0.325,0.4250000000000001,0.5833333333333331,0.43518518518518473,0.5370370370370366
0.3099173553719008,2.171875,2.791015625,0.0,0.1,0.1,0.24999999999999997,0.09259259259259259,0.06481481481481481,0.18518518518518512,0.5250000000000001,0.6250000000000002,0.325,0.4250000000000001,0.5833333333333331,0.43518518518518473,0.546296296296296
0.3109504132231405,2.1796875,2.802734375,0.0,0.1,0.1,0.24999999999999997,0.09259259259259259,0.06481481481481481,0.18518518518518512,0.5500000000000002,0.6250000000000002,0.325,0.4250000000000001,0.5833333333333331,0.43518518518518473,0.546296296296296
0.3119834710743801,2.185546875,2.8125,0.0,0.1,0.1,0.24999999999999997,0.09259259259259259,0.06481481481481481,0.18518518518518512,0.5500000000000002,0.6250000000000002,0.325,0.4250000000000001,0.5833333333333331,0.43518518518518473,0.5555555555555552
0.3130165289256198,2.193359375,2.818359375,0.0,0.1,0.1,0.24999999999999997,0.09259259259259259,0.06481481481481481,0.18518518518518512,0.5500000000000002,0.6500000000000002,0.325,0.4250000000000001,0.5833333333333331,0.43518518518518473,0.5555555555555552
0.31404958677685946,2.19921875,2.826171875,0.0,0.1,0.1,0.24999999999999997,0.09259259259259259,0.06481481481481481,0.18518518518518512,0.5500000000000002,0.6750000000000003,0.325,0.4250000000000001,0.5833333333333331,0.43518518518518473,0.5555555555555552
0.31508264462809915,2.205078125,2.833984375,0.0,0.1,0.1,0.24999999999999997,0.09259259259259259,0.06481481481481481,0.18518518518518512,0.5500000000000002,0.6750000000000003,0.325,0.4250000000000001,0.5833333333333331,0.43518518518518473,0.5648148148148145
0.31611570247933884,2.212890625,2.84375,0.0,0.1,0.1,0.27499999999999997,0.09259259259259259,0.06481481481481481,0.18518518518518512,0.5500000000000002,0.6750000000000003,0.325,0.4250000000000001,0.5833333333333331,0.43518518518518473,0.5648148148148145
0.3171487603305785,2.220703125,2.853515625,0.0,0.1,0.1,0.27499999999999997,0.09259259259259259,0.06481481481481481,0.18518518518518512,0.5500000000000002,0.7000000000000003,0.325,0.4250000000000001,0.5833333333333331,0.43518518518518473,0.5648148148148145
0.3181818181818182,2.2265625,2.861328125,0.0,0.1,0.1,0.27499999999999997,0.09259259259259259,0.06481481481481481,0.18518518518518512,0.5500000000000002,0.7000000000000003,0.325,0.4250000000000001,0.5833333333333331,0.43518518518518473,0.5740740740740738
0.31921487603305787,2.234375,2.869140625,0.0,0.1,0.1,0.27499999999999997,0.09259259259259259,0.06481481481481481,0.19444444444444436,0.5500000000000002,0.7000000000000003,0.325,0.4250000000000001,0.5833333333333331,0.43518518518518473,0.5740740740740738
0.32024793388429756,2.2421875,2.876953125,0.0,0.1,0.1,0.27499999999999997,0.09259259259259259,0.06481481481481481,0.2037037037037036,0.5500000000000002,0.7000000000000003,0.325,0.4250000000000001,0.5833333333333331,0.43518518518518473,0.5740740740740738
0.3212809917355372,2.25,2.884765625,0.0,0.1,0.1,0.27499999999999997,0.09259259259259259,0.06481481481481481,0.2037037037037036,0.5750000000000002,0.7000000000000003,0.325,0.4250000000000001,0.5833333333333331,0.43518518518518473,0.5740740740740738
0.3223140495867769,2.2578125,2.892578125,0.0,0.1,0.1,0.27499999999999997,0.09259259259259259,0.06481481481481481,0.2037037037037036,0.5750000000000002,0.7000000000000003,0.35000000000000003,0.4250000000000001,0.5833333333333331,0.43518518518518473,0.5740740740740738
0.32334710743801653,2.263671875,2.90234375,0.0,0.1,0.1,0.27499999999999997,0.09259259259259259,0.06481481481481481,0.2037037037037036,0.5750000000000002,0.7000000000000003,0.35000000000000003,0.4500000000000001,0.5833333333333331,0.43518518518518473,0.5740740740740738
0.32438016528925623,2.271484375,2.91015625,0.0,0.1,0.1,0.27499999999999997,0.09259259259259259,0.06481481481481481,0.2037037037037036,0.6000000000000002,0.7000000000000003,0.35000000000000003,0.4500000000000001,0.5833333333333331,0.43518518518518473,0.5740740740740738
0.32541322314049587,2.27734375,2.919921875,0.0,0.1,0.1,0.27499999999999997,0.09259259259259259,0.06481481481481481,0.2037037037037036,0.6000000000000002,0.7000000000000003,0.35000000000000003,0.4500000000000001,0.5833333333333331,0.444444444444444,0.5740740740740738
0.3264462809917355,2.28515625,2.92578125,0.0,0.1,0.1,0.27499999999999997,0.09259259259259259,0.06481481481481481,0.2037037037037036,0.6000000000000002,0.7000000000000003,0.37500000000000006,0.4500000000000001,0.5833333333333331,0.444444444444444,0.5740740740740738
0.3274793388429752,2.291015625,2.93359375,0.0,0.1,0.1,0.27499999999999997,0.09259259259259259,0.06481481481481481,0.2037037037037036,0.6000000000000002,0.7000000000000003,0.37500000000000006,0.4500000000000001,0.5833333333333331,0.4537037037037032,0.5740740740740738
0.3285123966942149,2.296875,2.943359375,0.0,0.1,0.1,0.27499999999999997,0.09259259259259259,0.06481481481481481,0.2037037037037036,0.6000000000000002,0.7000000000000003,0.37500000000000006,0.4500000000000001,0.5833333333333331,0.46296296296296247,0.5740740740740738
0.32954545454545453,2.3046875,2.94921875,0.0,0.1,0.1,0.27499999999999997,0.10185185185185185,0.06481481481481481,0.2037037037037036,0.6000000000000002,0.7000000000000003,0.37500000000000006,0.4500000000000001,0.5833333333333331,0.46296296296296247,0.5740740740740738
0.3305785123966942,2.3125,2.9609375,0.0,0.1,0.1,0.27499999999999997,0.10185185185185185,0.06481481481481481,0.2037037037037036,0.6000000000000002,0.7250000000000003,0.37500000000000006,0.4500000000000001,0.5833333333333331,0.46296296296296247,0.5740740740740738
0.33161157024793386,2.3203125,2.96875,0.0,0.1,0.1,0.27499999999999997,0.10185185185185185,0.06481481481481481,0.2037037037037036,0.6000000000000002,0.7250000000000003,0.4000000000000001,0.4500000000000001,0.5833333333333331,0.46296296296296247,0.5740740740740738
0.3326446280991735,2.328125,2.9765625,0.0,0.1,0.1,0.27499999999999997,0.10185185185185185,0.07407407407407407,0.2037037037037036,0.6000000000000002,0.7250000000000003,0.4000000000000001,0.4500000000000001,0.5833333333333331,0.46296296296296247,0.5740740740740738
0.3336776859504132,2.3359375,2.984375,0.0,0.1,0.1,0.27499999999999997,0.10185185185185185,0.07407407407407407,0.2037037037037036,0.6000000000000002,0.7250000000000003,0.4250000000000001,0.4500000000000001,0.5833333333333331,0.46296296296296247,0.5740740740740738
0.3347107438016529,2.34375,2.9921875,0.0,0.1,0.1,0.27499999999999997,0.10185185185185185,0.07407407407407407,0.2037037037037036,0.6000000000000002,0.7250000000000003,0.4250000000000001,0.47500000000000014,0.5833333333333331,0.46296296296296247,0.5740740740740738
0.3357438016528925,2.349609375,3.0,0.0,0.1,0.1,0.27499999999999997,0.10185185185185185,0.07407407407407407,0.2037037037037036,0.6000000000000002,0.7250000000000003,0.4250000000000001,0.47500000000000014,0.5925925925925924,0.46296296296296247,0.5740740740740738
0.3367768595041322,2.357421875,3.01171875,0.0,0.1,0.1,0.27499999999999997,0.10185185185185185,0.07407407407407407,0.2037037037037036,0.6000000000000002,0.7250000000000003,0.4250000000000001,0.47500000000000014,0.6018518518518517,0.46296296296296247,0.5740740740740738
0.33780991735537186,2.36328125,3.01953125,0.0,0.1,0.1,0.27499999999999997,0.10185185185185185,0.07407407407407407,0.2037037037037036,0.6000000000000002,0.7250000000000003,0.4250000000000001,0.47500000000000014,0.611111111111111,0.46296296296296247,0.5740740740740738
0.33884297520661155,2.369140625,3.02734375,0.0,0.1,0.1,0.27499999999999997,0.10185185185185185,0.07407407407407407,0.2037037037037036,0.6000000000000002,0.7250000000000003,0.4250000000000001,0.47500000000000014,0.6203703703703703,0.46296296296296247,0.5740740740740738
0.3398760330578512,2.375,3.03515625,0.0,0.1,0.1,0.27499999999999997,0.10185185185185185,0.07407407407407407,0.2037037037037036,0.6000000000000002,0.7250000000000003,0.4250000000000001,0.47500000000000014,0.6296296296296297,0.46296296296296247,0.5740740740740738
0.3409090909090909,2.3828125,3.044921875,0.0,0.1,0.1,0.27499999999999997,0.10185185185185185,0.07407407407407407,0.2037037037037036,0.6000000000000002,0.7250000000000003,0.4250000000000001,0.47500000000000014,0.638888888888889,0.46296296296296247,0.5740740740740738
0.3419421487603306,2.388671875,3.052734375,0.0,0.1,0.1,0.27499999999999997,0.10185185185185185,0.07407407407407407,0.2037037037037036,0.6000000000000002,0.7250000000000003,0.4250000000000001,0.47500000000000014,0.6481481481481483,0.46296296296296247,0.5740740740740738
0.34297520661157027,2.39453125,3.05859375,0.0,0.1,0.1,0.27499999999999997,0.10185185185185185,0.07407407407407407,0.2037037037037036,0.6000000000000002,0.7250000000000003,0.4250000000000001,0.47500000000000014,0.6481481481481483,0.4722222222222217,0.5740740740740738
0.34400826446280997,2.400390625,3.0703125,0.0,0.1,0.1,0.27499999999999997,0.10185185185185185,0.07407407407407407,0.2037037037037036,0.6000000000000002,0.7250000000000003,0.4250000000000001,0.47500000000000014,0.6481481481481483,0.48148148148148096,0.5740740740740738
0.34504132231404966,2.40625,3.078125,0.0,0.1,0.1,0.27499999999999997,0.10185185185185185,0.07407407407407407,0.2037037037037036,0.6000000000000002,0.7250000000000003,0.4250000000000001,0.47500000000000014,0.6481481481481483,0.4907407407407402,0.5740740740740738
0.3460743801652893,2.412109375,3.083984375,0.0,0.1,0.1,0.27499999999999997,0.10185185185185185,0.07407407407407407,0.2037037037037036,0.6000000000000002,0.7250000000000003,0.4250000000000001,0.47500000000000014,0.6481481481481483,0.49999999999999944,0.5740740740740738
0.347107438016529,2.419921875,3.09375,0.0,0.1,0.1,0.27499999999999997,0.10185185185185185,0.07407407407407407,0.2037037037037036,0.6250000000000002,0.7250000000000003,0.4250000000000001,0.47500000000000014,0.6481481481481483,0.49999999999999944,0.5740740740740738
0.34814049586776863,2.427734375,3.1015625,0.0,0.1,0.1,0.27499999999999997,0.10185185185185185,0.07407407407407407,0.2037037037037036,0.6250000000000002,0.7250000000000003,0.4250000000000001,0.47500000000000014,0.6574074074074076,0.49999999999999944,0.5740740740740738
0.3491735537190083,2.43359375,3.109375,0.0,0.1,0.1,0.27499999999999997,0.10185185185185185,0.07407407407407407,0.2037037037037036,0.6250000000000002,0.7250000000000003,0.4250000000000001,0.47500000000000014,0.6574074074074076,0.5092592592592587,0.5740740740740738
0.3502066115702479,2.44140625,3.1171875,0.0,0.1,0.1,0.27499999999999997,0.10185185185185185,0.07407407407407407,0.2037037037037036,0.6500000000000002,0.7250000000000003,0.4250000000000001,0.47500000000000014,0.6574074074074076,0.5092592592592587,0.5740740740740738
0.3512396694214876,2.44921875,3.12890625,0.0,0.1,0.1,0.27499999999999997,0.10185185185185185,0.07407407407407407,0.2037037037037036,0.6500000000000002,0.7250000000000003,0.4250000000000001,0.47500000000000014,0.6666666666666669,0.5092592592592587,0.5740740740740738
0.3522727272727273,2.455078125,3.134765625,0.0,0.1,0.1,0.27499999999999997,0.10185185185185185,0.07407407407407407,0.2037037037037036,0.6500000000000002,0.7250000000000003,0.4250000000000001,0.47500000000000014,0.6759259259259262,0.5092592592592587,0.5740740740740738
0.353305785123967,2.4609375,3.142578125,0.0,0.1,0.1,0.27499999999999997,0.10185185185185185,0.07407407407407407,0.2037037037037036,0.6500000000000002,0.7250000000000003,0.4250000000000001,0.47500000000000014,0.6759259259259262,0.518518518518518,0.5740740740740738
0.3543388429752066,2.46875,3.15234375,0.0,0.1,0.1,0.3,0.10185185185185185,0.07407407407407407,0.2037037037037036,0.6500000000000002,0.7250000000000003,0.4250000000000001,0.47500000000000014,0.6759259259259262,0.518518518518518,0.5740740740740738
0.3553719008264463,2.474609375,3.158203125,0.0,0.1,0.1,0.3,0.10185185185185185,0.07407407407407407,0.2037037037037036,0.6500000000000002,0.7250000000000003,0.4250000000000001,0.47500000000000014,0.6759259259259262,0.518518518518518,0.5833333333333331
0.356404958677686,2.48046875,3.16796875,0.0,0.1,0.1,0.3,0.10185185185185185,0.07407407407407407,0.2037037037037036,0.6500000000000002,0.7250000000000003,0.4250000000000001,0.47500000000000014,0.6759259259259262,0.518518518518518,0.5925925925925924
0.3574380165289257,2.486328125,3.17578125,0.0,0.1,0.1,0.3,0.10185185185185185,0.07407407407407407,0.2037037037037036,0.6500000000000002,0.7250000000000003,0.4250000000000001,0.47500000000000014,0.6759259259259262,0.5277777777777773,0.5925925925925924
0.3584710743801654,2.4921875,3.18359375,0.0,0.1,0.1,0.3,0.10185185185185185,0.07407407407407407,0.2037037037037036,0.6500000000000002,0.7250000000000003,0.4250000000000001,0.47500000000000014,0.6759259259259262,0.5277777777777773,0.6018518518518517
0.3595041322314051,2.498046875,3.193359375,0.0,0.1,0.1,0.3,0.10185185185185185,0.07407407407407407,0.2037037037037036,0.6500000000000002,0.7250000000000003,0.4250000000000001,0.47500000000000014,0.6759259259259262,0.5277777777777773,0.611111111111111
0.36053719008264473,2.50390625,3.201171875,0.0,0.1,0.1,0.3,0.10185185185185185,0.07407407407407407,0.2037037037037036,0.6500000000000002,0.7250000000000003,0.4250000000000001,0.47500000000000014,0.6759259259259262,0.5277777777777773,0.6203703703703703
0.36157024793388437,2.51171875,3.208984375,0.0,0.1,0.1,0.3,0.10185185185185185,0.07407407407407407,0.2037037037037036,0.6500000000000002,0.7250000000000003,0.4250000000000001,0.47500000000000014,0.6851851851851855,0.5277777777777773,0.6203703703703703
0.36260330578512406,2.517578125,3.216796875,0.0,0.1,0.1,0.3,0.10185185185185185,0.07407407407407407,0.2037037037037036,0.6500000000000002,0.7250000000000003,0.4250000000000001,0.47500000000000014,0.6851851851851855,0.5370370370370366,0.6203703703703703
0.36363636363636376,2.525390625,3.224609375,0.0,0.1,0.1,0.3,0.1111111111111111,0.07407407407407407,0.2037037037037036,0.6500000000000002,0.7250000000000003,0.4250000000000001,0.47500000000000014,0.6851851851851855,0.5370370370370366,0.6203703703703703
0.3646694214876034,2.533203125,3.234375,0.0,0.1,0.1,0.3,0.1111111111111111,0.07407407407407407,0.2037037037037036,0.6750000000000003,0.7250000000000003,0.4250000000000001,0.47500000000000014,0.6851851851851855,0.5370370370370366,0.6203703703703703
0.3657024793388431,2.541015625,3.2421875,0.0,0.1,0.1,0.3,0.1111111111111111,0.07407407407407407,0.21296296296296285,0.6750000000000003,0.7250000000000003,0.4250000000000001,0.47500000000000014,0.6851851851851855,0.5370370370370366,0.6203703703703703
0.3667355371900827,2.548828125,3.251953125,0.0,0.1,0.1,0.3,0.1111111111111111,0.07407407407407407,0.2222222222222221,0.6750000000000003,0.7250000000000003,0.4250000000000001,0.47500000000000014,0.6851851851851855,0.5370370370370366,0.6203703703703703
0.36776859504132237,2.556640625,3.26171875,0.0,0.1,0.1,0.3,0.1111111111111111,0.07407407407407407,0.2222222222222221,0.6750000000000003,0.7500000000000003,0.4250000000000001,0.47500000000000014,0.6851851851851855,0.5370370370370366,0.6203703703703703
0.36880165289256206,2.5625,3.26953125,0.0,0.1,0.1,0.3,0.1111111111111111,0.07407407407407407,0.2222222222222221,0.6750000000000003,0.7500000000000003,0.4250000000000001,0.47500000000000014,0.6851851851851855,0.5370370370370366,0.6296296296296297
0.36983471074380175,2.568359375,3.275390625,0.0,0.1,0.1,0.3,0.1111111111111111,0.07407407407407407,0.2222222222222221,0.6750000000000003,0.7500000000000003,0.4250000000000001,0.47500000000000014,0.6851851851851855,0.5370370370370366,0.638888888888889
0.37086776859504145,2.576171875,3.28515625,0.0,0.1,0.1,0.3,0.1111111111111111,0.08333333333333333,0.2222222222222221,0.6750000000000003,0.7500000000000003,0.4250000000000001,0.47500000000000014,0.6851851851851855,0.5370370370370366,0.638888888888889
0.37190082644628114,2.583984375,3.29296875,0.0,0.1,0.1,0.3,0.1111111111111111,0.08333333333333333,0.2222222222222221,0.6750000000000003,0.7500000000000003,0.4500000000000001,0.47500000000000014,0.6851851851851855,0.5370370370370366,0.638888888888889
0.37293388429752083,2.58984375,3.298828125,0.0,0.1,0.1,0.3,0.1111111111111111,0.08333333333333333,0.2222222222222221,0.6750000000000003,0.7500000000000003,0.4500000000000001,0.47500000000000014,0.6851851851851855,0.5370370370370366,0.6481481481481483
0.3739669421487604,2.59765625,3.30859375,0.0,0.1,0.1,0.3,0.1111111111111111,0.08333333333333333,0.2222222222222221,0.6750000000000003,0.7500000000000003,0.4500000000000001,0.5000000000000001,0.6851851851851855,0.5370370370370366,0.6481481481481483
0.3750000000000001,2.60546875,3.31640625,0.0,0.1,0.1,0.3,0.12037037037037036,0.08333333333333333,0.2222222222222221,0.6750000000000003,0.7500000000000003,0.4500000000000001,0.5000000000000001,0.6851851851851855,0.5370370370370366,0.6481481481481483
0.3760330578512398,2.61328125,3.322265625,0.0,0.1,0.1,0.3,0.12037037037037036,0.08333333333333333,0.2222222222222221,0.6750000000000003,0.7500000000000003,0.4500000000000001,0.5000000000000001,0.6944444444444448,0.5370370370370366,0.6481481481481483
0.3770661157024795,2.619140625,3.3359375,0.0,0.1,0.1,0.3,0.12037037037037036,0.08333333333333333,0.2222222222222221,0.6750000000000003,0.7500000000000003,0.4500000000000001,0.5000000000000001,0.703703703703704,0.5370370370370366,0.6481481481481483
0.37809917355371914,2.625,3.34375,0.0,0.1,0.1,0.3,0.12037037037037036,0.08333333333333333,0.2222222222222221,0.6750000000000003,0.7500000000000003,0.4500000000000001,0.5000000000000001,0.703703703703704,0.546296296296296,0.6481481481481483
0.37913223140495883,2.630859375,3.349609375,0.0,0.1,0.1,0.3,0.12037037037037036,0.08333333333333333,0.2222222222222221,0.6750000000000003,0.7500000000000003,0.4500000000000001,0.5000000000000001,0.703703703703704,0.546296296296296,0.6574074074074076
0.3801652892561985,2.638671875,3.359375,0.0,0.1,0.1,0.3,0.12037037037037036,0.08333333333333333,0.2222222222222221,0.6750000000000003,0.7500000000000003,0.4500000000000001,0.5000000000000001,0.7129629629629634,0.546296296296296,0.6574074074074076
0.38119834710743816,2.64453125,3.365234375,0.0,0.1,0.1,0.3,0.12037037037037036,0.08333333333333333,0.2222222222222221,0.6750000000000003,0.7500000000000003,0.4500000000000001,0.5000000000000001,0.7222222222222227,0.546296296296296,0.6574074074074076
0.3822314049586778,2.650390625,3.373046875,0.0,0.1,0.1,0.3,0.12037037037037036,0.08333333333333333,0.2222222222222221,0.6750000000000003,0.7500000000000003,0.4500000000000001,0.5000000000000001,0.7222222222222227,0.5555555555555552,0.6574074074074076
0.3832644628099175,2.658203125,3.3828125,0.0,0.1,0.1,0.3,0.12037037037037036,0.09259259259259259,0.2222222222222221,0.6750000000000003,0.7500000000000003,0.4500000000000001,0.5000000000000001,0.7222222222222227,0.5555555555555552,0.6574074074074076
0.3842975206611572,2.666015625,3.388671875,0.0,0.1,0.1,0.3,0.12037037037037036,0.09259259259259259,0.2222222222222221,0.6750000000000003,0.7500000000000003,0.4500000000000001,0.5000000000000001,0.731481481481482,0.5555555555555552,0.6574074074074076
0.3853305785123969,2.671875,3.396484375,0.0,0.1,0.1,0.3,0.12037037037037036,0.09259259259259259,0.2222222222222221,0.6750000000000003,0.7500000000000003,0.4500000000000001,0.5000000000000001,0.731481481481482,0.5648148148148145,0.6574074074074076
0.3863636363636366,2.677734375,3.40625,0.0,0.1,0.1,0.3,0.12037037037037036,0.09259259259259259,0.2222222222222221,0.6750000000000003,0.7500000000000003,0.4500000000000001,0.5000000000000001,0.731481481481482,0.5740740740740738,0.6574074074074076
0.38739669421487616,2.68359375,3.416015625,0.0,0.1,0.1,0.3,0.12037037037037036,0.09259259259259259,0.2222222222222221,0.6750000000000003,0.7500000000000003,0.4500000000000001,0.5000000000000001,0.731481481481482,0.5833333333333331,0.6574074074074076
0.38842975206611585,2.69140625,3.423828125,0.0,0.1,0.1,0.3,0.12037037037037036,0.09259259259259259,0.2222222222222221,0.6750000000000003,0.7500000000000003,0.4500000000000001,0.5000000000000001,0.7407407407407413,0.5833333333333331,0.6574074074074076
0.38946280991735555,2.697265625,3.4296875,0.0,0.1,0.1,0.3,0.12037037037037036,0.09259259259259259,0.2222222222222221,0.6750000000000003,0.7500000000000003,0.4500000000000001,0.5000000000000001,0.7407407407407413,0.5925925925925924,0.6574074074074076
0.39049586776859524,2.705078125,3.439453125,0.0,0.1,0.125,0.3,0.12037037037037036,0.09259259259259259,0.2222222222222221,0.6750000000000003,0.7500000000000003,0.4500000000000001,0.5000000000000001,0.7407407407407413,0.5925925925925924,0.6574074074074076
0.39152892561983493,2.712890625,3.4453125,0.0,0.1,0.125,0.3,0.12037037037037036,0.09259259259259259,0.2222222222222221,0.6750000000000003,0.7500000000000003,0.4500000000000001,0.5000000000000001,0.7500000000000006,0.5925925925925924,0.6574074074074076
0.39256198347107457,2.71875,3.455078125,0.0,0.1,0.125,0.3,0.12037037037037036,0.09259259259259259,0.2222222222222221,0.6750000000000003,0.7500000000000003,0.4500000000000001,0.5000000000000001,0.7592592592592599,0.5925925925925924,0.6574074074074076
0.3935950413223142,2.7265625,3.462890625,0.0,0.1,0.125,0.3,0.12037037037037036,0.09259259259259259,0.2222222222222221,0.6750000000000003,0.7750000000000004,0.4500000000000001,0.5000000000000001,0.7592592592592599,0.5925925925925924,0.6574074074074076
0.3946280991735539,2.734375,3.470703125,0.0,0.1,0.125,0.325,0.12037037037037036,0.09259259259259259,0.2222222222222221,0.6750000000000003,0.7750000000000004,0.4500000000000001,0.5000000000000001,0.7592592592592599,0.5925925925925924,0.6574074074074076
0.3956611570247936,2.7421875,3.478515625,0.0,0.1,0.125,0.325,0.12037037037037036,0.09259259259259259,0.23148148148148134,0.6750000000000003,0.7750000000000004,0.4500000000000001,0.5000000000000001,0.7592592592592599,0.5925925925925924,0.6574074074074076
0.39669421487603324,2.75,3.490234375,0.0,0.1,0.125,0.325,0.12037037037037036,0.09259259259259259,0.23148148148148134,0.6750000000000003,0.7750000000000004,0.4500000000000001,0.5000000000000001,0.7685185185185192,0.5925925925925924,0.6574074074074076
0.39772727272727293,2.755859375,3.49609375,0.0,0.1,0.125,0.325,0.12037037037037036,0.09259259259259259,0.23148148148148134,0.6750000000000003,0.7750000000000004,0.4500000000000001,0.5000000000000001,0.7685185185185192,0.6018518518518517,0.6574074074074076
0.39876033057851257,2.76171875,3.505859375,0.0,0.1,0.125,0.325,0.12037037037037036,0.09259259259259259,0.23148148148148134,0.6750000000000003,0.7750000000000004,0.4500000000000001,0.5000000000000001,0.7685185185185192,0.611111111111111,0.6574074074074076
0.39979338842975226,2.767578125,3.513671875,0.0,0.1,0.125,0.325,0.12037037037037036,0.09259259259259259,0.23148148148148134,0.6750000000000003,0.7750000000000004,0.4500000000000001,0.5000000000000001,0.7685185185185192,0.611111111111111,0.6666666666666669
0.4008264462809919,2.7734375,3.521484375,0.0,0.1,0.125,0.325,0.12037037037037036,0.09259259259259259,0.23148148148148134,0.6750000000000003,0.7750000000000004,0.4500000000000001,0.5000000000000001,0.7685185185185192,0.611111111111111,0.6759259259259262
0.4018595041322316,2.779296875,3.529296875,0.0,0.1,0.125,0.325,0.12037037037037036,0.09259259259259259,0.23148148148148134,0.6750000000000003,0.7750000000000004,0.4500000000000001,0.5000000000000001,0.7685185185185192,0.611111111111111,0.6851851851851855
0.4028925619834713,2.78515625,3.53515625,0.0,0.1,0.125,0.325,0.12037037037037036,0.09259259259259259,0.23148148148148134,0.6750000000000003,0.7750000000000004,0.4500000000000001,0.5000000000000001,0.7685185185185192,0.611111111111111,0.6944444444444448
0.4039256198347109,2.791015625,3.544921875,0.0,0.1,0.125,0.325,0.12037037037037036,0.09259259259259259,0.23148148148148134,0.6750000000000003,0.7750000000000004,0.4500000000000001,0.5000000000000001,0.7685185185185192,0.611111111111111,0.703703703703704
0.40495867768595056,2.798828125,3.552734375,0.0,0.1,0.125,0.325,0.12962962962962962,0.09259259259259259,0.23148148148148134,0.6750000000000003,0.7750000000000004,0.4500000000000001,0.5000000000000001,0.7685185185185192,0.611111111111111,0.703703703703704
0.40599173553719026,2.806640625,3.55859375,0.0,0.1,0.125,0.325,0.12962962962962962,0.09259259259259259,0.23148148148148134,0.7000000000000003,0.7750000000000004,0.4500000000000001,0.5000000000000001,0.7685185185185192,0.611111111111111,0.703703703703704
0.40702479338842995,2.814453125,3.568359375,0.0,0.1,0.125,0.325,0.12962962962962962,0.09259259259259259,0.23148148148148134,0.7000000000000003,0.7750000000000004,0.47500000000000014,0.5000000000000001,0.7685185185185192,0.611111111111111,0.703703703703704
0.4080578512396696,2.822265625,3.580078125,0.0,0.125,0.125,0.325,0.12962962962962962,0.09259259259259259,0.23148148148148134,0.7000000000000003,0.7750000000000004,0.47500000000000014,0.5000000000000001,0.7685185185185192,0.611111111111111,0.703703703703704
0.4090909090909092,2.830078125,3.5859375,0.0,0.125,0.125,0.325,0.12962962962962962,0.09259259259259259,0.23148148148148134,0.7250000000000003,0.7750000000000004,0.47500000000000014,0.5000000000000001,0.7685185185185192,0.611111111111111,0.703703703703704
0.4101239669421489,2.837890625,3.595703125,0.0,0.125,0.125,0.325,0.12962962962962962,0.10185185185185185,0.23148148148148134,0.7250000000000003,0.7750000000000004,0.47500000000000014,0.5000000000000001,0.7685185185185192,0.611111111111111,0.703703703703704
0.4111570247933886,2.845703125,3.6015625,0.0,0.125,0.125,0.325,0.12962962962962962,0.10185185185185185,0.23148148148148134,0.7250000000000003,0.7750000000000004,0.47500000000000014,0.5000000000000001,0.7777777777777785,0.611111111111111,0.703703703703704
0.4121900826446283,2.8515625,3.609375,0.0,0.125,0.125,0.325,0.12962962962962962,0.10185185185185185,0.23148148148148134,0.7250000000000003,0.7750000000000004,0.47500000000000014,0.5000000000000001,0.7777777777777785,0.611111111111111,0.7129629629629634
0.413223140495868,2.859375,3.619140625,0.0,0.125,0.125,0.325,0.12962962962962962,0.10185185185185185,0.2407407407407406,0.7250000000000003,0.7750000000000004,0.47500000000000014,0.5000000000000001,0.7777777777777785,0.611111111111111,0.7129629629629634
0.4142561983471077,2.8671875,3.625,0.0,0.125,0.125,0.325,0.12962962962962962,0.10185185185185185,0.2407407407407406,0.7250000000000003,0.7750000000000004,0.47500000000000014,0.5250000000000001,0.7777777777777785,0.611111111111111,0.7129629629629634
0.41528925619834733,2.875,3.6328125,0.0,0.125,0.125,0.325,0.12962962962962962,0.10185185185185185,0.2407407407407406,0.7250000000000003,0.7750000000000004,0.47500000000000014,0.5250000000000001,0.7870370370370378,0.611111111111111,0.7129629629629634
0.41632231404958703,2.880859375,3.640625,0.0,0.125,0.125,0.325,0.12962962962962962,0.10185185185185185,0.2407407407407406,0.7250000000000003,0.7750000000000004,0.47500000000000014,0.5250000000000001,0.7870370370370378,0.6203703703703703,0.7129629629629634
0.4173553719008267,2.88671875,3.6484375,0.0,0.125,0.125,0.325,0.12962962962962962,0.10185185185185185,0.2407407407407406,0.7250000000000003,0.7750000000000004,0.47500000000000014,0.5250000000000001,0.7870370370370378,0.6296296296296297,0.7129629629629634
0.4183884297520664,2.892578125,3.658203125,0.0,0.125,0.125,0.325,0.12962962962962962,0.10185185185185185,0.2407407407407406,0.7250000000000003,0.7750000000000004,0.47500000000000014,0.5250000000000001,0.7870370370370378,0.6296296296296297,0.7222222222222227
0.4194214876033061,2.8984375,3.666015625,0.0,0.125,0.125,0.325,0.12962962962962962,0.10185185185185185,0.2407407407407406,0.7250000000000003,0.7750000000000004,0.47500000000000014,0.5250000000000001,0.7870370370370378,0.6296296296296297,0.731481481481482
0.4204545454545457,2.90625,3.67578125,0.0,0.125,0.125,0.325,0.12962962962962962,0.10185185185185185,0.2407407407407406,0.7250000000000003,0.7750000000000004,0.47500000000000014,0.5250000000000001,0.7962962962962971,0.6296296296296297,0.731481481481482
0.4214876033057854,2.912109375,3.681640625,0.0,0.125,0.125,0.325,0.12962962962962962,0.10185185185185185,0.2407407407407406,0.7250000000000003,0.7750000000000004,0.47500000000000014,0.5250000000000001,0.7962962962962971,0.638888888888889,0.731481481481482
0.4225206611570251,2.91796875,3.689453125,0.0,0.125,0.125,0.325,0.12962962962962962,0.10185185185185185,0.2407407407407406,0.7250000000000003,0.7750000000000004,0.47500000000000014,0.5250000000000001,0.7962962962962971,0.6481481481481483,0.731481481481482
0.4235537190082648,2.923828125,3.697265625,0.0,0.125,0.125,0.325,0.12962962962962962,0.10185185185185185,0.2407407407407406,0.7250000000000003,0.7750000000000004,0.47500000000000014,0.5250000000000001,0.7962962962962971,0.6481481481481483,0.7407407407407413
0.42458677685950447,2.9296875,3.70703125,0.0,0.125,0.125,0.325,0.12962962962962962,0.10185185185185185,0.2407407407407406,0.7250000000000003,0.7750000000000004,0.47500000000000014,0.5250000000000001,0.7962962962962971,0.6481481481481483,0.7500000000000006
0.42561983471074405,2.9375,3.712890625,0.0,0.125,0.125,0.325,0.1388888888888889,0.10185185185185185,0.2407407407407406,0.7250000000000003,0.7750000000000004,0.47500000000000014,0.5250000000000001,0.7962962962962971,0.6481481481481483,0.7500000000000006
0.42665289256198374,2.9453125,3.72265625,0.0,0.125,0.125,0.325,0.1388888888888889,0.1111111111111111,0.2407407407407406,0.7250000000000003,0.7750000000000004,0.47500000000000014,0.5250000000000001,0.7962962962962971,0.6481481481481483,0.7500000000000006
0.42768595041322344,2.953125,3.73046875,0.0,0.125,0.125,0.325,0.1388888888888889,0.1111111111111111,0.2407407407407406,0.7250000000000003,0.7750000000000004,0.47500000000000014,0.5250000000000001,0.8055555555555564,0.6481481481481483,0.7500000000000006
0.428719008264463,2.958984375,3.73828125,0.0,0.125,0.125,0.325,0.1388888888888889,0.1111111111111111,0.2407407407407406,0.7250000000000003,0.7750000000000004,0.47500000000000014,0.5250000000000001,0.8055555555555564,0.6481481481481483,0.7592592592592599
0.42975206611570277,2.966796875,3.74609375,0.0,0.125,0.125,0.35000000000000003,0.1388888888888889,0.1111111111111111,0.2407407407407406,0.7250000000000003,0.7750000000000004,0.47500000000000014,0.5250000000000001,0.8055555555555564,0.6481481481481483,0.7592592592592599
0.4307851239669424,2.974609375,3.7578125,0.0,0.125,0.125,0.35000000000000003,0.1388888888888889,0.1111111111111111,0.2407407407407406,0.7250000000000003,0.7750000000000004,0.5000000000000001,0.5250000000000001,0.8055555555555564,0.6481481481481483,0.7592592592592599
0.43181818181818216,2.982421875,3.763671875,0.0,0.125,0.125,0.35000000000000003,0.1388888888888889,0.12037037037037036,0.2407407407407406,0.7250000000000003,0.7750000000000004,0.5000000000000001,0.5250000000000001,0.8055555555555564,0.6481481481481483,0.7592592592592599
0.4328512396694218,2.990234375,3.7734375,0.0,0.125,0.125,0.35000000000000003,0.1388888888888889,0.12037037037037036,0.2407407407407406,0.7250000000000003,0.7750000000000004,0.5250000000000001,0.5250000000000001,0.8055555555555564,0.6481481481481483,0.7592592592592599
0.4338842975206614,2.998046875,3.78125,0.0,0.125,0.125,0.35000000000000003,0.1388888888888889,0.12037037037037036,0.2407407407407406,0.7250000000000003,0.7750000000000004,0.5250000000000001,0.5250000000000001,0.8148148148148157,0.6481481481481483,0.7592592592592599
0.4349173553719011,3.00390625,3.787109375,0.0,0.125,0.125,0.35000000000000003,0.1388888888888889,0.12037037037037036,0.2407407407407406,0.7250000000000003,0.7750000000000004,0.5250000000000001,0.5250000000000001,0.8148148148148157,0.6574074074074076,0.7592592592592599
0.43595041322314076,3.009765625,3.796875,0.0,0.125,0.125,0.35000000000000003,0.1388888888888889,0.12037037037037036,0.2407407407407406,0.7250000000000003,0.7750000000000004,0.5250000000000001,0.5250000000000001,0.8148148148148157,0.6666666666666669,0.7592592592592599
0.4369834710743805,3.017578125,3.8046875,0.0,0.125,0.125,0.35000000000000003,0.1388888888888889,0.12037037037037036,0.2407407407407406,0.7250000000000003,0.7750000000000004,0.5250000000000001,0.5250000000000001,0.824074074074075,0.6666666666666669,0.7592592592592599
0.4380165289256201,3.0234375,3.810546875,0.0,0.125,0.125,0.35000000000000003,0.1388888888888889,0.12037037037037036,0.2407407407407406,0.7250000000000003,0.7750000000000004,0.5250000000000001,0.5250000000000001,0.824074074074075,0.6759259259259262,0.7592592592592599
0.4390495867768599,3.029296875,3.8203125,0.0,0.125,0.125,0.35000000000000003,0.1388888888888889,0.12037037037037036,0.2407407407407406,0.7250000000000003,0.7750000000000004,0.5250000000000001,0.5250000000000001,0.824074074074075,0.6759259259259262,0.7685185185185192
0.4400826446280995,3.03515625,3.826171875,0.0,0.125,0.125,0.35000000000000003,0.1388888888888889,0.12037037037037036,0.2407407407407406,0.7250000000000003,0.7750000000000004,0.5250000000000001,0.5250000000000001,0.824074074074075,0.6759259259259262,0.7777777777777785
0.4411157024793392,3.04296875,3.833984375,0.025,0.125,0.125,0.35000000000000003,0.1388888888888889,0.12037037037037036,0.2407407407407406,0.7250000000000003,0.7750000000000004,0.5250000000000001,0.5250000000000001,0.824074074074075,0.6759259259259262,0.7777777777777785
0.44214876033057887,3.05078125,3.845703125,0.025,0.125,0.15,0.35000000000000003,0.1388888888888889,0.12037037037037036,0.2407407407407406,0.7250000000000003,0.7750000000000004,0.5250000000000001,0.5250000000000001,0.824074074074075,0.6759259259259262,0.7777777777777785
0.44318181818181857,3.05859375,3.853515625,0.025,0.125,0.15,0.35000000000000003,0.14814814814814814,0.12037037037037036,0.2407407407407406,0.7250000000000003,0.7750000000000004,0.5250000000000001,0.5250000000000001,0.824074074074075,0.6759259259259262,0.7777777777777785
0.4442148760330582,3.06640625,3.861328125,0.025,0.15,0.15,0.35000000000000003,0.14814814814814814,0.12037037037037036,0.2407407407407406,0.7250000000000003,0.7750000000000004,0.5250000000000001,0.5250000000000001,0.824074074074075,0.6759259259259262,0.7777777777777785
0.44524793388429784,3.07421875,3.8671875,0.025,0.15,0.15,0.35000000000000003,0.15740740740740738,0.12037037037037036,0.2407407407407406,0.7250000000000003,0.7750000000000004,0.5250000000000001,0.5250000000000001,0.824074074074075,0.6759259259259262,0.7777777777777785
0.44628099173553754,3.08203125,3.876953125,0.025,0.15,0.15,0.35000000000000003,0.15740740740740738,0.12962962962962962,0.2407407407407406,0.7250000000000003,0.7750000000000004,0.5250000000000001,0.5250000000000001,0.824074074074075,0.6759259259259262,0.7777777777777785
0.44731404958677723,3.08984375,3.8828125,0.025,0.15,0.15,0.35000000000000003,0.15740740740740738,0.12962962962962962,0.2407407407407406,0.7250000000000003,0.7750000000000004,0.5250000000000001,0.5250000000000001,0.8333333333333343,0.6759259259259262,0.7777777777777785
0.44834710743801687,3.095703125,3.892578125,0.025,0.15,0.15,0.35000000000000003,0.15740740740740738,0.12962962962962962,0.2407407407407406,0.7250000000000003,0.7750000000000004,0.5250000000000001,0.5250000000000001,0.8333333333333343,0.6851851851851855,0.7777777777777785
0.44938016528925656,3.1015625,3.8984375,0.025,0.15,0.15,0.35000000000000003,0.15740740740740738,0.12962962962962962,0.2407407407407406,0.7250000000000003,0.7750000000000004,0.5250000000000001,0.5250000000000001,0.8333333333333343,0.6944444444444448,0.7777777777777785
0.4504132231404962,3.107421875,3.90625,0.025,0.15,0.15,0.35000000000000003,0.15740740740740738,0.12962962962962962,0.2407407407407406,0.7250000000000003,0.7750000000000004,0.5250000000000001,0.5250000000000001,0.8333333333333343,0.703703703703704,0.7777777777777785
0.4514462809917359,3.115234375,3.9140625,0.025,0.15,0.15,0.35000000000000003,0.15740740740740738,0.12962962962962962,0.2407407407407406,0.7250000000000003,0.8000000000000004,0.5250000000000001,0.5250000000000001,0.8333333333333343,0.703703703703704,0.7777777777777785
0.45247933884297553,3.123046875,3.921875,0.025,0.15,0.15,0.35000000000000003,0.15740740740740738,0.12962962962962962,0.2407407407407406,0.7500000000000003,0.8000000000000004,0.5250000000000001,0.5250000000000001,0.8333333333333343,0.703703703703704,0.7777777777777785
0.45351239669421517,3.130859375,3.931640625,0.025,0.15,0.15,0.35000000000000003,0.15740740740740738,0.12962962962962962,0.2407407407407406,0.7500000000000003,0.8000000000000004,0.5250000000000001,0.5250000000000001,0.8425925925925936,0.703703703703704,0.7777777777777785
0.45454545454545486,3.13671875,3.939453125,0.025,0.15,0.15,0.35000000000000003,0.15740740740740738,0.12962962962962962,0.2407407407407406,0.7500000000000003,0.8000000000000004,0.5250000000000001,0.5250000000000001,0.8425925925925936,0.7129629629629634,0.7777777777777785
0.45557851239669456,3.142578125,3.947265625,0.025,0.15,0.15,0.35000000000000003,0.15740740740740738,0.12962962962962962,0.2407407407407406,0.7500000000000003,0.8000000000000004,0.5250000000000001,0.5250000000000001,0.8425925925925936,0.7222222222222227,0.7777777777777785
0.4566115702479342,3.1484375,3.953125,0.025,0.15,0.15,0.35000000000000003,0.15740740740740738,0.12962962962962962,0.2407407407407406,0.7500000000000003,0.8000000000000004,0.5250000000000001,0.5250000000000001,0.8425925925925936,0.7222222222222227,0.7870370370370378
0.4576446280991739,3.154296875,3.96484375,0.025,0.15,0.15,0.35000000000000003,0.15740740740740738,0.12962962962962962,0.2407407407407406,0.7500000000000003,0.8000000000000004,0.5250000000000001,0.5250000000000001,0.8425925925925936,0.7222222222222227,0.7962962962962971
0.4586776859504136,3.16015625,3.97265625,0.025,0.15,0.15,0.35000000000000003,0.15740740740740738,0.12962962962962962,0.2407407407407406,0.7500000000000003,0.8000000000000004,0.5250000000000001,0.5250000000000001,0.8425925925925936,0.731481481481482,0.7962962962962971
0.4597107438016533,3.16796875,3.978515625,0.025,0.15,0.15,0.35000000000000003,0.15740740740740738,0.12962962962962962,0.2407407407407406,0.7500000000000003,0.8000000000000004,0.5500000000000002,0.5250000000000001,0.8425925925925936,0.731481481481482,0.7962962962962971
0.46074380165289297,3.173828125,3.986328125,0.025,0.15,0.15,0.35000000000000003,0.15740740740740738,0.12962962962962962,0.2407407407407406,0.7500000000000003,0.8000000000000004,0.5500000000000002,0.5250000000000001,0.8425925925925936,0.731481481481482,0.8055555555555564
0.4617768595041326,3.1796875,3.994140625,0.025,0.15,0.15,0.35000000000000003,0.15740740740740738,0.12962962962962962,0.2407407407407406,0.7500000000000003,0.8000000000000004,0.5500000000000002,0.5250000000000001,0.8425925925925936,0.731481481481482,0.8148148148148157
0.4628099173553723,3.1875,4.00390625,0.025,0.15,0.15,0.35000000000000003,0.15740740740740738,0.12962962962962962,0.2407407407407406,0.7500000000000003,0.8000000000000004,0.5500000000000002,0.5250000000000001,0.8518518518518529,0.731481481481482,0.8148148148148157
0.463842975206612,3.193359375,4.01171875,0.025,0.15,0.15,0.35000000000000003,0.15740740740740738,0.12962962962962962,0.2407407407407406,0.7500000000000003,0.8000000000000004,0.5500000000000002,0.5250000000000001,0.8518518518518529,0.7407407407407413,0.8148148148148157
0.4648760330578517,3.19921875,4.015625,0.025,0.15,0.15,0.35000000000000003,0.15740740740740738,0.12962962962962962,0.2407407407407406,0.7500000000000003,0.8000000000000004,0.5500000000000002,0.5250000000000001,0.8518518518518529,0.7500000000000006,0.8148148148148157
0.4659090909090914,3.20703125,4.02734375,0.025,0.15,0.15,0.35000000000000003,0.16666666666666663,0.12962962962962962,0.2407407407407406,0.7500000000000003,0.8000000000000004,0.5500000000000002,0.5250000000000001,0.8518518518518529,0.7500000000000006,0.8148148148148157
0.46694214876033097,3.21484375,4.03515625,0.025,0.15,0.15,0.35000000000000003,0.16666666666666663,0.1388888888888889,0.2407407407407406,0.7500000000000003,0.8000000000000004,0.5500000000000002,0.5250000000000001,0.8518518518518529,0.7500000000000006,0.8148148148148157
0.46797520661157066,3.22265625,4.04296875,0.025,0.15,0.15,0.35000000000000003,0.16666666666666663,0.1388888888888889,0.2407407407407406,0.7500000000000003,0.8250000000000004,0.5500000000000002,0.5250000000000001,0.8518518518518529,0.7500000000000006,0.8148148148148157
0.46900826446281035,3.23046875,4.05078125,0.025,0.15,0.15,0.35000000000000003,0.16666666666666663,0.14814814814814814,0.2407407407407406,0.7500000000000003,0.8250000000000004,0.5500000000000002,0.5250000000000001,0.8518518518518529,0.7500000000000006,0.8148148148148157
0.47004132231405005,3.23828125,4.05859375,0.025,0.15,0.15,0.35000000000000003,0.16666666666666663,0.15740740740740738,0.2407407407407406,0.7500000000000003,0.8250000000000004,0.5500000000000002,0.5250000000000001,0.8518518518518529,0.7500000000000006,0.8148148148148157
0.47107438016528974,3.244140625,4.06640625,0.025,0.15,0.15,0.35000000000000003,0.16666666666666663,0.15740740740740738,0.2407407407407406,0.7500000000000003,0.8250000000000004,0.5500000000000002,0.5250000000000001,0.8518518518518529,0.7500000000000006,0.824074074074075
0.4721074380165294,3.25,4.07421875,0.025,0.15,0.15,0.35000000000000003,0.16666666666666663,0.15740740740740738,0.2407407407407406,0.7500000000000003,0.8250000000000004,0.5500000000000002,0.5250000000000001,0.8518518518518529,0.7592592592592599,0.824074074074075
0.4731404958677691,3.255859375,4.08203125,0.025,0.15,0.15,0.35000000000000003,0.16666666666666663,0.15740740740740738,0.2407407407407406,0.7500000000000003,0.8250000000000004,0.5500000000000002,0.5250000000000001,0.8518518518518529,0.7592592592592599,0.8333333333333343
0.4741735537190087,3.26171875,4.08984375,0.025,0.15,0.15,0.35000000000000003,0.16666666666666663,0.15740740740740738,0.2407407407407406,0.7500000000000003,0.8250000000000004,0.5500000000000002,0.5250000000000001,0.8518518518518529,0.7592592592592599,0.8425925925925936
0.4752066115702483,3.26953125,4.09375,0.025,0.15,0.15,0.37500000000000006,0.16666666666666663,0.15740740740740738,0.2407407407407406,0.7500000000000003,0.8250000000000004,0.5500000000000002,0.5250000000000001,0.8518518518518529,0.7592592592592599,0.8425925925925936
0.476239669421488,3.27734375,4.1015625,0.025,0.15,0.15,0.37500000000000006,0.16666666666666663,0.15740740740740738,0.2407407407407406,0.7500000000000003,0.8250000000000004,0.5500000000000002,0.5250000000000001,0.8611111111111122,0.7592592592592599,0.8425925925925936
0.4772727272727277,3.283203125,4.109375,0.025,0.15,0.15,0.37500000000000006,0.16666666666666663,0.15740740740740738,0.2407407407407406,0.7500000000000003,0.8250000000000004,0.5500000000000002,0.5250000000000001,0.8703703703703715,0.7592592592592599,0.8425925925925936
0.4783057851239674,3.2890625,4.12109375,0.025,0.15,0.15,0.37500000000000006,0.16666666666666663,0.15740740740740738,0.2407407407407406,0.7500000000000003,0.8250000000000004,0.5500000000000002,0.5250000000000001,0.8703703703703715,0.7685185185185192,0.8425925925925936
0.47933884297520707,3.296875,4.12890625,0.025,0.15,0.15,0.37500000000000006,0.16666666666666663,0.15740740740740738,0.2407407407407406,0.7500000000000003,0.8250000000000004,0.5500000000000002,0.5250000000000001,0.8796296296296308,0.7685185185185192,0.8425925925925936
0.4803719008264467,3.302734375,4.13671875,0.025,0.15,0.15,0.37500000000000006,0.16666666666666663,0.15740740740740738,0.2407407407407406,0.7500000000000003,0.8250000000000004,0.5500000000000002,0.5250000000000001,0.8796296296296308,0.7685185185185192,0.8518518518518529
0.4814049586776864,3.30859375,4.14453125,0.025,0.15,0.15,0.37500000000000006,0.16666666666666663,0.15740740740740738,0.2407407407407406,0.7500000000000003,0.8250000000000004,0.5500000000000002,0.5250000000000001,0.8796296296296308,0.7685185185185192,0.8611111111111122
0.4824380165289261,3.314453125,4.15234375,0.025,0.15,0.15,0.37500000000000006,0.16666666666666663,0.15740740740740738,0.2407407407407406,0.7500000000000003,0.8250000000000004,0.5500000000000002,0.5250000000000001,0.8796296296296308,0.7685185185185192,0.8703703703703715
0.48347107438016573,3.322265625,4.16015625,0.025,0.15,0.175,0.37500000000000006,0.16666666666666663,0.15740740740740738,0.2407407407407406,0.7500000000000003,0.8250000000000004,0.5500000000000002,0.5250000000000001,0.8796296296296308,0.7685185185185192,0.8703703703703715
0.4845041322314055,3.330078125,4.16796875,0.025,0.15,0.175,0.37500000000000006,0.17592592592592587,0.15740740740740738,0.2407407407407406,0.7500000000000003,0.8250000000000004,0.5500000000000002,0.5250000000000001,0.8796296296296308,0.7685185185185192,0.8703703703703715
0.48553719008264506,3.337890625,4.171875,0.025,0.15,0.175,0.37500000000000006,0.18518518518518512,0.15740740740740738,0.2407407407407406,0.7500000000000003,0.8250000000000004,0.5500000000000002,0.5250000000000001,0.8796296296296308,0.7685185185185192,0.8703703703703715
0.4865702479338847,3.345703125,4.1796875,0.025,0.15,0.175,0.37500000000000006,0.19444444444444436,0.15740740740740738,0.2407407407407406,0.7500000000000003,0.8250000000000004,0.5500000000000002,0.5250000000000001,0.8796296296296308,0.7685185185185192,0.8703703703703715
0.4876033057851244,3.3515625,4.1875,0.025,0.15,0.175,0.37500000000000006,0.19444444444444436,0.15740740740740738,0.2407407407407406,0.7500000000000003,0.8250000000000004,0.5500000000000002,0.5250000000000001,0.8796296296296308,0.7777777777777785,0.8703703703703715
0.48863636363636404,3.357421875,4.1953125,0.025,0.15,0.175,0.37500000000000006,0.19444444444444436,0.15740740740740738,0.2407407407407406,0.7500000000000003,0.8250000000000004,0.5500000000000002,0.5250000000000001,0.8796296296296308,0.7870370370370378,0.8703703703703715
0.48966942148760373,3.365234375,4.20703125,0.025,0.15,0.175,0.37500000000000006,0.19444444444444436,0.16666666666666663,0.2407407407407406,0.7500000000000003,0.8250000000000004,0.5500000000000002,0.5250000000000001,0.8796296296296308,0.7870370370370378,0.8703703703703715
0.4907024793388434,3.373046875,4.2109375,0.025,0.15,0.175,0.37500000000000006,0.2037037037037036,0.16666666666666663,0.2407407407407406,0.7500000000000003,0.8250000000000004,0.5500000000000002,0.5250000000000001,0.8796296296296308,0.7870370370370378,0.8703703703703715
0.4917355371900831,3.380859375,4.21875,0.025,0.15,0.175,0.37500000000000006,0.2037037037037036,0.16666666666666663,0.2407407407407406,0.7750000000000004,0.8250000000000004,0.5500000000000002,0.5250000000000001,0.8796296296296308,0.7870370370370378,0.8703703703703715
0.4927685950413227,3.388671875,4.2265625,0.05,0.15,0.175,0.37500000000000006,0.2037037037037036,0.16666666666666663,0.2407407407407406,0.7750000000000004,0.8250000000000004,0.5500000000000002,0.5250000000000001,0.8796296296296308,0.7870370370370378,0.8703703703703715
0.4938016528925624,3.39453125,4.234375,0.05,0.15,0.175,0.37500000000000006,0.2037037037037036,0.16666666666666663,0.2407407407407406,0.7750000000000004,0.8250000000000004,0.5500000000000002,0.5250000000000001,0.8796296296296308,0.7962962962962971,0.8703703703703715
0.4948347107438021,3.40234375,4.2421875,0.07500000000000001,0.15,0.175,0.37500000000000006,0.2037037037037036,0.16666666666666663,0.2407407407407406,0.7750000000000004,0.8250000000000004,0.5500000000000002,0.5250000000000001,0.8796296296296308,0.7962962962962971,0.8703703703703715
0.4958677685950418,3.408203125,4.25,0.07500000000000001,0.15,0.175,0.37500000000000006,0.2037037037037036,0.16666666666666663,0.2407407407407406,0.7750000000000004,0.8250000000000004,0.5500000000000002,0.5250000000000001,0.8888888888888901,0.7962962962962971,0.8703703703703715
0.4969008264462815,3.4140625,4.2578125,0.07500000000000001,0.15,0.175,0.37500000000000006,0.2037037037037036,0.16666666666666663,0.2407407407407406,0.7750000000000004,0.8250000000000004,0.5500000000000002,0.5250000000000001,0.8888888888888901,0.7962962962962971,0.8796296296296308
0.49793388429752117,3.421875,4.265625,0.1,0.15,0.175,0.37500000000000006,0.2037037037037036,0.16666666666666663,0.2407407407407406,0.7750000000000004,0.8250000000000004,0.5500000000000002,0.5250000000000001,0.8888888888888901,0.7962962962962971,0.8796296296296308
0.4989669421487608,3.427734375,4.2734375,0.1,0.15,0.175,0.37500000000000006,0.2037037037037036,0.16666666666666663,0.2407407407407406,0.7750000000000004,0.8250000000000004,0.5500000000000002,0.5250000000000001,0.8888888888888901,0.8055555555555564,0.8796296296296308
0.5000000000000006,3.43359375,4.28125,0.1,0.15,0.175,0.37500000000000006,0.2037037037037036,0.16666666666666663,0.2407407407407406,0.7750000000000004,0.8250000000000004,0.5500000000000002,0.5250000000000001,0.8888888888888901,0.8148148148148157,0.8796296296296308
0.5010330578512402,3.44140625,4.2890625,0.1,0.15,0.175,0.37500000000000006,0.2037037037037036,0.16666666666666663,0.24999999999999983,0.7750000000000004,0.8250000000000004,0.5500000000000002,0.5250000000000001,0.8888888888888901,0.8148148148148157,0.8796296296296308
0.5020661157024798,3.44921875,4.296875,0.1,0.15,0.175,0.37500000000000006,0.2037037037037036,0.16666666666666663,0.2592592592592591,0.7750000000000004,0.8250000000000004,0.5500000000000002,0.5250000000000001,0.8888888888888901,0.8148148148148157,0.8796296296296308
0.5030991735537195,3.455078125,4.3046875,0.1,0.15,0.175,0.37500000000000006,0.2037037037037036,0.16666666666666663,0.2592592592592591,0.7750000000000004,0.8250000000000004,0.5500000000000002,0.5250000000000001,0.8888888888888901,0.824074074074075,0.8796296296296308
0.5041322314049592,3.4609375,4.3125,0.1,0.15,0.175,0.37500000000000006,0.2037037037037036,0.16666666666666663,0.2592592592592591,0.7750000000000004,0.8250000000000004,0.5500000000000002,0.5250000000000001,0.8888888888888901,0.824074074074075,0.8888888888888901
0.5051652892561987,3.466796875,4.3203125,0.1,0.15,0.175,0.37500000000000006,0.2037037037037036,0.16666666666666663,0.2592592592592591,0.7750000000000004,0.8250000000000004,0.5500000000000002,0.5250000000000001,0.8888888888888901,0.824074074074075,0.8981481481481494
0.5061983471074385,3.474609375,4.328125,0.1,0.15,0.175,0.37500000000000006,0.21296296296296285,0.16666666666666663,0.2592592592592591,0.7750000000000004,0.8250000000000004,0.5500000000000002,0.5250000000000001,0.8888888888888901,0.824074074074075,0.8981481481481494
0.5072314049586781,3.48046875,4.33203125,0.1,0.15,0.175,0.37500000000000006,0.21296296296296285,0.16666666666666663,0.2592592592592591,0.7750000000000004,0.8250000000000004,0.5500000000000002,0.5250000000000001,0.8888888888888901,0.8333333333333343,0.8981481481481494
0.5082644628099179,3.48828125,4.33984375,0.1,0.15,0.175,0.37500000000000006,0.2222222222222221,0.16666666666666663,0.2592592592592591,0.7750000000000004,0.8250000000000004,0.5500000000000002,0.5250000000000001,0.8888888888888901,0.8333333333333343,0.8981481481481494
0.5092975206611575,3.494140625,4.34765625,0.1,0.15,0.175,0.37500000000000006,0.2222222222222221,0.16666666666666663,0.2592592592592591,0.7750000000000004,0.8250000000000004,0.5500000000000002,0.5250000000000001,0.8888888888888901,0.8425925925925936,0.8981481481481494
0.5103305785123972,3.501953125,4.35546875,0.1,0.15,0.175,0.37500000000000006,0.2222222222222221,0.17592592592592587,0.2592592592592591,0.7750000000000004,0.8250000000000004,0.5500000000000002,0.5250000000000001,0.8888888888888901,0.8425925925925936,0.8981481481481494
0.5113636363636369,3.5078125,4.36328125,0.1,0.15,0.175,0.37500000000000006,0.2222222222222221,0.17592592592592587,0.2592592592592591,0.7750000000000004,0.8250000000000004,0.5500000000000002,0.5250000000000001,0.8888888888888901,0.8425925925925936,0.9074074074074087
0.5123966942148765,3.515625,4.37109375,0.1,0.15,0.175,0.37500000000000006,0.2222222222222221,0.18518518518518512,0.2592592592592591,0.7750000000000004,0.8250000000000004,0.5500000000000002,0.5250000000000001,0.8888888888888901,0.8425925925925936,0.9074074074074087
0.5134297520661161,3.5234375,4.37890625,0.1,0.175,0.175,0.37500000000000006,0.2222222222222221,0.18518518518518512,0.2592592592592591,0.7750000000000004,0.8250000000000004,0.5500000000000002,0.5250000000000001,0.8888888888888901,0.8425925925925936,0.9074074074074087
0.5144628099173558,3.53125,4.38671875,0.1,0.175,0.19999999999999998,0.37500000000000006,0.2222222222222221,0.18518518518518512,0.2592592592592591,0.7750000000000004,0.8250000000000004,0.5500000000000002,0.5250000000000001,0.8888888888888901,0.8425925925925936,0.9074074074074087
0.5154958677685955,3.5390625,4.39453125,0.1,0.175,0.19999999999999998,0.37500000000000006,0.2222222222222221,0.19444444444444436,0.2592592592592591,0.7750000000000004,0.8250000000000004,0.5500000000000002,0.5250000000000001,0.8888888888888901,0.8425925925925936,0.9074074074074087
0.5165289256198352,3.544921875,4.40234375,0.1,0.175,0.19999999999999998,0.37500000000000006,0.2222222222222221,0.19444444444444436,0.2592592592592591,0.7750000000000004,0.8250000000000004,0.5500000000000002,0.5250000000000001,0.8888888888888901,0.8425925925925936,0.916666666666668
0.5175619834710748,3.55078125,4.41015625,0.1,0.175,0.19999999999999998,0.37500000000000006,0.2222222222222221,0.19444444444444436,0.2592592592592591,0.7750000000000004,0.8250000000000004,0.5500000000000002,0.5250000000000001,0.8888888888888901,0.8425925925925936,0.9259259259259273
0.5185950413223145,3.55859375,4.4140625,0.1,0.175,0.19999999999999998,0.37500000000000006,0.2222222222222221,0.2037037037037036,0.2592592592592591,0.7750000000000004,0.8250000000000004,0.5500000000000002,0.5250000000000001,0.8888888888888901,0.8425925925925936,0.9259259259259273
0.5196280991735542,3.56640625,4.421875,0.1,0.175,0.19999999999999998,0.37500000000000006,0.2222222222222221,0.2037037037037036,0.2685185185185183,0.7750000000000004,0.8250000000000004,0.5500000000000002,0.5250000000000001,0.8888888888888901,0.8425925925925936,0.9259259259259273
0.5206611570247939,3.57421875,4.4296875,0.125,0.175,0.19999999999999998,0.37500000000000006,0.2222222222222221,0.2037037037037036,0.2685185185185183,0.7750000000000004,0.8250000000000004,0.5500000000000002,0.5250000000000001,0.8888888888888901,0.8425925925925936,0.9259259259259273
0.5216942148760335,3.58203125,4.4375,0.125,0.175,0.19999999999999998,0.37500000000000006,0.2222222222222221,0.21296296296296285,0.2685185185185183,0.7750000000000004,0.8250000000000004,0.5500000000000002,0.5250000000000001,0.8888888888888901,0.8425925925925936,0.9259259259259273
0.5227272727272732,3.58984375,4.44140625,0.125,0.175,0.19999999999999998,0.37500000000000006,0.2222222222222221,0.2222222222222221,0.2685185185185183,0.7750000000000004,0.8250000000000004,0.5500000000000002,0.5250000000000001,0.8888888888888901,0.8425925925925936,0.9259259259259273
0.5237603305785129,3.59765625,4.44921875,0.125,0.175,0.19999999999999998,0.37500000000000006,0.23148148148148134,0.2222222222222221,0.2685185185185183,0.7750000000000004,0.8250000000000004,0.5500000000000002,0.5250000000000001,0.8888888888888901,0.8425925925925936,0.9259259259259273
0.5247933884297525,3.60546875,4.45703125,0.125,0.175,0.19999999999999998,0.37500000000000006,0.2407407407407406,0.2222222222222221,0.2685185185185183,0.7750000000000004,0.8250000000000004,0.5500000000000002,0.5250000000000001,0.8888888888888901,0.8425925925925936,0.9259259259259273
0.5258264462809922,3.611328125,4.46484375,0.125,0.175,0.19999999999999998,0.37500000000000006,0.2407407407407406,0.2222222222222221,0.2685185185185183,0.7750000000000004,0.8250000000000004,0.5500000000000002,0.5250000000000001,0.8981481481481494,0.8425925925925936,0.9259259259259273
0.5268595041322318,3.619140625,4.47265625,0.125,0.175,0.19999999999999998,0.37500000000000006,0.2407407407407406,0.2222222222222221,0.2685185185185183,0.8000000000000004,0.8250000000000004,0.5500000000000002,0.5250000000000001,0.8981481481481494,0.8425925925925936,0.9259259259259273
0.5278925619834716,3.626953125,4.48046875,0.125,0.175,0.19999999999999998,0.37500000000000006,0.2407407407407406,0.2222222222222221,0.2685185185185183,0.8000000000000004,0.8500000000000004,0.5500000000000002,0.5250000000000001,0.8981481481481494,0.8425925925925936,0.9259259259259273
0.5289256198347112,3.6328125,4.484375,0.125,0.175,0.19999999999999998,0.37500000000000006,0.2407407407407406,0.2222222222222221,0.2685185185185183,0.8000000000000004,0.8500000000000004,0.5500000000000002,0.5250000000000001,0.8981481481481494,0.8425925925925936,0.9351851851851866
0.5299586776859508,3.640625,4.4921875,0.125,0.175,0.19999999999999998,0.37500000000000006,0.2407407407407406,0.2222222222222221,0.27777777777777757,0.8000000000000004,0.8500000000000004,0.5500000000000002,0.5250000000000001,0.8981481481481494,0.8425925925925936,0.9351851851851866
0.5309917355371905,3.6484375,4.5,0.125,0.175,0.19999999999999998,0.37500000000000006,0.2407407407407406,0.2222222222222221,0.2870370370370368,0.8000000000000004,0.8500000000000004,0.5500000000000002,0.5250000000000001,0.8981481481481494,0.8425925925925936,0.9351851851851866
0.5320247933884302,3.65625,4.50390625,0.125,0.175,0.19999999999999998,0.4000000000000001,0.2407407407407406,0.2222222222222221,0.2870370370370368,0.8000000000000004,0.8500000000000004,0.5500000000000002,0.5250000000000001,0.8981481481481494,0.8425925925925936,0.9351851851851866
0.5330578512396699,3.6640625,4.515625,0.125,0.175,0.19999999999999998,0.4000000000000001,0.2407407407407406,0.2222222222222221,0.29629629629629606,0.8000000000000004,0.8500000000000004,0.5500000000000002,0.5250000000000001,0.8981481481481494,0.8425925925925936,0.9351851851851866
0.5340909090909096,3.671875,4.5234375,0.125,0.175,0.19999999999999998,0.4000000000000001,0.2407407407407406,0.2222222222222221,0.29629629629629606,0.8000000000000004,0.8750000000000004,0.5500000000000002,0.5250000000000001,0.8981481481481494,0.8425925925925936,0.9351851851851866
0.5351239669421493,3.6796875,4.52734375,0.125,0.175,0.19999999999999998,0.4000000000000001,0.2407407407407406,0.2222222222222221,0.29629629629629606,0.8000000000000004,0.8750000000000004,0.5750000000000002,0.5250000000000001,0.8981481481481494,0.8425925925925936,0.9351851851851866
0.536157024793389,3.685546875,4.53515625,0.125,0.175,0.19999999999999998,0.4000000000000001,0.2407407407407406,0.2222222222222221,0.29629629629629606,0.8000000000000004,0.8750000000000004,0.5750000000000002,0.5250000000000001,0.9074074074074087,0.8425925925925936,0.9351851851851866
0.5371900826446286,3.69140625,4.54296875,0.125,0.175,0.19999999999999998,0.4000000000000001,0.2407407407407406,0.2222222222222221,0.29629629629629606,0.8000000000000004,0.8750000000000004,0.5750000000000002,0.5250000000000001,0.9074074074074087,0.8518518518518529,0.9351851851851866
0.5382231404958683,3.697265625,4.55078125,0.125,0.175,0.19999999999999998,0.4000000000000001,0.2407407407407406,0.2222222222222221,0.29629629629629606,0.8000000000000004,0.8750000000000004,0.5750000000000002,0.5250000000000001,0.9074074074074087,0.8611111111111122,0.9351851851851866
0.539256198347108,3.703125,4.5546875,0.125,0.175,0.19999999999999998,0.4000000000000001,0.2407407407407406,0.2222222222222221,0.29629629629629606,0.8000000000000004,0.8750000000000004,0.5750000000000002,0.5250000000000001,0.9074074074074087,0.8703703703703715,0.9351851851851866
0.5402892561983477,3.708984375,4.5625,0.125,0.175,0.19999999999999998,0.4000000000000001,0.2407407407407406,0.2222222222222221,0.29629629629629606,0.8000000000000004,0.8750000000000004,0.5750000000000002,0.5250000000000001,0.9074074074074087,0.8703703703703715,0.9444444444444459
0.5413223140495873,3.716796875,4.56640625,0.125,0.175,0.19999999999999998,0.4000000000000001,0.24999999999999983,0.2222222222222221,0.29629629629629606,0.8000000000000004,0.8750000000000004,0.5750000000000002,0.5250000000000001,0.9074074074074087,0.8703703703703715,0.9444444444444459
0.5423553719008269,3.724609375,4.578125,0.125,0.175,0.19999999999999998,0.4000000000000001,0.2592592592592591,0.2222222222222221,0.29629629629629606,0.8000000000000004,0.8750000000000004,0.5750000000000002,0.5250000000000001,0.9074074074074087,0.8703703703703715,0.9444444444444459
0.5433884297520667,3.732421875,4.58203125,0.125,0.175,0.19999999999999998,0.4000000000000001,0.2685185185185183,0.2222222222222221,0.29629629629629606,0.8000000000000004,0.8750000000000004,0.5750000000000002,0.5250000000000001,0.9074074074074087,0.8703703703703715,0.9444444444444459
0.5444214876033063,3.740234375,4.58984375,0.125,0.175,0.19999999999999998,0.4000000000000001,0.27777777777777757,0.2222222222222221,0.29629629629629606,0.8000000000000004,0.8750000000000004,0.5750000000000002,0.5250000000000001,0.9074074074074087,0.8703703703703715,0.9444444444444459
0.5454545454545461,3.74609375,4.59765625,0.125,0.175,0.19999999999999998,0.4000000000000001,0.27777777777777757,0.2222222222222221,0.29629629629629606,0.8000000000000004,0.8750000000000004,0.5750000000000002,0.5250000000000001,0.9074074074074087,0.8796296296296308,0.9444444444444459
0.5464876033057857,3.75390625,4.6015625,0.125,0.175,0.19999999999999998,0.4000000000000001,0.27777777777777757,0.2222222222222221,0.29629629629629606,0.8000000000000004,0.8750000000000004,0.6000000000000002,0.5250000000000001,0.9074074074074087,0.8796296296296308,0.9444444444444459
0.5475206611570254,3.759765625,4.609375,0.125,0.175,0.19999999999999998,0.4000000000000001,0.27777777777777757,0.2222222222222221,0.29629629629629606,0.8000000000000004,0.8750000000000004,0.6000000000000002,0.5250000000000001,0.916666666666668,0.8796296296296308,0.9444444444444459
0.5485537190082651,3.765625,4.6171875,0.125,0.175,0.19999999999999998,0.4000000000000001,0.27777777777777757,0.2222222222222221,0.29629629629629606,0.8000000000000004,0.8750000000000004,0.6000000000000002,0.5250000000000001,0.9259259259259273,0.8796296296296308,0.9444444444444459
0.5495867768595047,3.771484375,4.625,0.125,0.175,0.19999999999999998,0.4000000000000001,0.27777777777777757,0.2222222222222221,0.29629629629629606,0.8000000000000004,0.8750000000000004,0.6000000000000002,0.5250000000000001,0.9259259259259273,0.8888888888888901,0.9444444444444459
0.5506198347107445,3.77734375,4.62890625,0.125,0.175,0.19999999999999998,0.4000000000000001,0.27777777777777757,0.2222222222222221,0.29629629629629606,0.8000000000000004,0.8750000000000004,0.6000000000000002,0.5250000000000001,0.9259259259259273,0.8981481481481494,0.9444444444444459
0.5516528925619841,3.783203125,4.640625,0.125,0.175,0.19999999999999998,0.4000000000000001,0.27777777777777757,0.2222222222222221,0.29629629629629606,0.8000000000000004,0.8750000000000004,0.6000000000000002,0.5250000000000001,0.9259259259259273,0.8981481481481494,0.9537037037037052
0.5526859504132238,3.791015625,4.64453125,0.125,0.175,0.22499999999999998,0.4000000000000001,0.27777777777777757,0.2222222222222221,0.29629629629629606,0.8000000000000004,0.8750000000000004,0.6000000000000002,0.5250000000000001,0.9259259259259273,0.8981481481481494,0.9537037037037052
0.5537190082644634,3.798828125,4.6484375,0.125,0.175,0.22499999999999998,0.4000000000000001,0.2870370370370368,0.2222222222222221,0.29629629629629606,0.8000000000000004,0.8750000000000004,0.6000000000000002,0.5250000000000001,0.9259259259259273,0.8981481481481494,0.9537037037037052
0.5547520661157032,3.806640625,4.65625,0.125,0.175,0.22499999999999998,0.4000000000000001,0.2870370370370368,0.23148148148148134,0.29629629629629606,0.8000000000000004,0.8750000000000004,0.6000000000000002,0.5250000000000001,0.9259259259259273,0.8981481481481494,0.9537037037037052
0.5557851239669427,3.814453125,4.6640625,0.125,0.19999999999999998,0.22499999999999998,0.4000000000000001,0.2870370370370368,0.23148148148148134,0.29629629629629606,0.8000000000000004,0.8750000000000004,0.6000000000000002,0.5250000000000001,0.9259259259259273,0.8981481481481494,0.9537037037037052
0.5568181818181824,3.822265625,4.671875,0.125,0.19999999999999998,0.22499999999999998,0.4000000000000001,0.2870370370370368,0.2407407407407406,0.29629629629629606,0.8000000000000004,0.8750000000000004,0.6000000000000002,0.5250000000000001,0.9259259259259273,0.8981481481481494,0.9537037037037052
0.5578512396694221,3.828125,4.67578125,0.125,0.19999999999999998,0.22499999999999998,0.4000000000000001,0.2870370370370368,0.2407407407407406,0.29629629629629606,0.8000000000000004,0.8750000000000004,0.6000000000000002,0.5500000000000002,0.9259259259259273,0.8981481481481494,0.9537037037037052
0.5588842975206617,3.8359375,4.68359375,0.125,0.19999999999999998,0.22499999999999998,0.4000000000000001,0.2870370370370368,0.24999999999999983,0.29629629629629606,0.8000000000000004,0.8750000000000004,0.6000000000000002,0.5500000000000002,0.9259259259259273,0.8981481481481494,0.9537037037037052
0.5599173553719013,3.841796875,4.69140625,0.125,0.19999999999999998,0.22499999999999998,0.4000000000000001,0.2870370370370368,0.24999999999999983,0.29629629629629606,0.8000000000000004,0.8750000000000004,0.6000000000000002,0.5500000000000002,0.9259259259259273,0.9074074074074087,0.9537037037037052
0.560950413223141,3.84765625,4.6953125,0.125,0.19999999999999998,0.22499999999999998,0.4000000000000001,0.2870370370370368,0.24999999999999983,0.29629629629629606,0.8000000000000004,0.8750000000000004,0.6000000000000002,0.5500000000000002,0.9259259259259273,0.9074074074074087,0.9629629629629645
0.5619834710743807,3.85546875,4.703125,0.125,0.19999999999999998,0.22499999999999998,0.4000000000000001,0.29629629629629606,0.24999999999999983,0.29629629629629606,0.8000000000000004,0.8750000000000004,0.6000000000000002,0.5500000000000002,0.9259259259259273,0.9074074074074087,0.9629629629629645
0.5630165289256204,3.861328125,4.7109375,0.125,0.19999999999999998,0.22499999999999998,0.4000000000000001,0.29629629629629606,0.24999999999999983,0.29629629629629606,0.8000000000000004,0.8750000000000004,0.6000000000000002,0.5500000000000002,0.9259259259259273,0.916666666666668,0.9629629629629645
0.56404958677686,3.869140625,4.71484375,0.125,0.19999999999999998,0.22499999999999998,0.4000000000000001,0.3055555555555553,0.24999999999999983,0.29629629629629606,0.8000000000000004,0.8750000000000004,0.6000000000000002,0.5500000000000002,0.9259259259259273,0.916666666666668,0.9629629629629645
0.5650826446280998,3.875,4.72265625,0.125,0.19999999999999998,0.22499999999999998,0.4000000000000001,0.3055555555555553,0.24999999999999983,0.29629629629629606,0.8000000000000004,0.8750000000000004,0.6000000000000002,0.5500000000000002,0.9351851851851866,0.916666666666668,0.9629629629629645
0.5661157024793394,3.880859375,4.7265625,0.125,0.19999999999999998,0.22499999999999998,0.4000000000000001,0.3055555555555553,0.24999999999999983,0.29629629629629606,0.8000000000000004,0.8750000000000004,0.6000000000000002,0.5500000000000002,0.9351851851851866,0.9259259259259273,0.9629629629629645
0.5671487603305791,3.888671875,4.734375,0.125,0.19999999999999998,0.22499999999999998,0.4000000000000001,0.3055555555555553,0.2592592592592591,0.29629629629629606,0.8000000000000004,0.8750000000000004,0.6000000000000002,0.5500000000000002,0.9351851851851866,0.9259259259259273,0.9629629629629645
0.5681818181818187,3.89453125,4.7421875,0.125,0.19999999999999998,0.22499999999999998,0.4000000000000001,0.3055555555555553,0.2592592592592591,0.29629629629629606,0.8000000000000004,0.8750000000000004,0.6000000000000002,0.5500000000000002,0.9444444444444459,0.9259259259259273,0.9629629629629645
0.5692148760330584,3.90234375,4.74609375,0.125,0.19999999999999998,0.22499999999999998,0.4000000000000001,0.3055555555555553,0.2685185185185183,0.29629629629629606,0.8000000000000004,0.8750000000000004,0.6000000000000002,0.5500000000000002,0.9444444444444459,0.9259259259259273,0.9629629629629645
0.5702479338842981,3.908203125,4.75390625,0.125,0.19999999999999998,0.22499999999999998,0.4000000000000001,0.3055555555555553,0.2685185185185183,0.29629629629629606,0.8000000000000004,0.8750000000000004,0.6000000000000002,0.5500000000000002,0.9537037037037052,0.9259259259259273,0.9629629629629645
0.5712809917355378,3.9140625,4.7578125,0.125,0.19999999999999998,0.22499999999999998,0.4000000000000001,0.3055555555555553,0.2685185185185183,0.29629629629629606,0.8000000000000004,0.8750000000000004,0.6000000000000002,0.5500000000000002,0.9537037037037052,0.9259259259259273,0.9722222222222238
0.5723140495867775,3.921875,4.765625,0.125,0.19999999999999998,0.22499999999999998,0.4000000000000001,0.3055555555555553,0.27777777777777757,0.29629629629629606,0.8000000000000004,0.8750000000000004,0.6000000000000002,0.5500000000000002,0.9537037037037052,0.9259259259259273,0.9722222222222238
0.5733471074380172,3.927734375,4.76953125,0.125,0.19999999999999998,0.22499999999999998,0.4000000000000001,0.3055555555555553,0.27777777777777757,0.29629629629629606,0.8000000000000004,0.8750000000000004,0.6000000000000002,0.5500000000000002,0.9537037037037052,0.9351851851851866,0.9722222222222238
0.5743801652892568,3.935546875,4.77734375,0.125,0.19999999999999998,0.24999999999999997,0.4000000000000001,0.3055555555555553,0.27777777777777757,0.29629629629629606,0.8000000000000004,0.8750000000000004,0.6000000000000002,0.5500000000000002,0.9537037037037052,0.9351851851851866,0.9722222222222238
0.5754132231404965,3.943359375,4.78515625,0.125,0.19999999999999998,0.24999999999999997,0.4000000000000001,0.31481481481481455,0.27777777777777757,0.29629629629629606,0.8000000000000004,0.8750000000000004,0.6000000000000002,0.5500000000000002,0.9537037037037052,0.9351851851851866,0.9722222222222238
0.5764462809917362,3.951171875,4.7890625,0.125,0.19999999999999998,0.24999999999999997,0.4000000000000001,0.3240740740740738,0.27777777777777757,0.29629629629629606,0.8000000000000004,0.8750000000000004,0.6000000000000002,0.5500000000000002,0.9537037037037052,0.9351851851851866,0.9722222222222238
0.5774793388429758,3.95703125,4.796875,0.125,0.19999999999999998,0.24999999999999997,0.4000000000000001,0.3240740740740738,0.27777777777777757,0.29629629629629606,0.8000000000000004,0.8750000000000004,0.6000000000000002,0.5500000000000002,0.9537037037037052,0.9444444444444459,0.9722222222222238
0.5785123966942156,3.962890625,4.80078125,0.125,0.19999999999999998,0.24999999999999997,0.4000000000000001,0.3240740740740738,0.27777777777777757,0.29629629629629606,0.8000000000000004,0.8750000000000004,0.6000000000000002,0.5500000000000002,0.9537037037037052,0.9537037037037052,0.9722222222222238
0.5795454545454551,3.970703125,4.8046875,0.125,0.22499999999999998,0.24999999999999997,0.4000000000000001,0.3240740740740738,0.27777777777777757,0.29629629629629606,0.8000000000000004,0.8750000000000004,0.6000000000000002,0.5500000000000002,0.9537037037037052,0.9537037037037052,0.9722222222222238
0.5805785123966948,3.978515625,4.8125,0.125,0.22499999999999998,0.24999999999999997,0.4000000000000001,0.3240740740740738,0.2870370370370368,0.29629629629629606,0.8000000000000004,0.8750000000000004,0.6000000000000002,0.5500000000000002,0.9537037037037052,0.9537037037037052,0.9722222222222238
0.5816115702479345,3.984375,4.81640625,0.125,0.22499999999999998,0.24999999999999997,0.4000000000000001,0.3240740740740738,0.2870370370370368,0.29629629629629606,0.8000000000000004,0.8750000000000004,0.6000000000000002,0.5500000000000002,0.9629629629629645,0.9537037037037052,0.9722222222222238
0.5826446280991742,3.9921875,4.82421875,0.125,0.22499999999999998,0.24999999999999997,0.4000000000000001,0.3240740740740738,0.29629629629629606,0.29629629629629606,0.8000000000000004,0.8750000000000004,0.6000000000000002,0.5500000000000002,0.9629629629629645,0.9537037037037052,0.9722222222222238
0.5836776859504139,4.0,4.83203125,0.15,0.22499999999999998,0.24999999999999997,0.4000000000000001,0.3240740740740738,0.29629629629629606,0.29629629629629606,0.8000000000000004,0.8750000000000004,0.6000000000000002,0.5500000000000002,0.9629629629629645,0.9537037037037052,0.9722222222222238
0.5847107438016536,4.0078125,4.8359375,0.175,0.22499999999999998,0.24999999999999997,0.4000000000000001,0.3240740740740738,0.29629629629629606,0.29629629629629606,0.8000000000000004,0.8750000000000004,0.6000000000000002,0.5500000000000002,0.9629629629629645,0.9537037037037052,0.9722222222222238
0.5857438016528933,4.015625,4.83984375,0.175,0.22499999999999998,0.24999999999999997,0.4000000000000001,0.33333333333333304,0.29629629629629606,0.29629629629629606,0.8000000000000004,0.8750000000000004,0.6000000000000002,0.5500000000000002,0.9629629629629645,0.9537037037037052,0.9722222222222238
0.5867768595041329,4.0234375,4.84765625,0.175,0.22499999999999998,0.24999999999999997,0.4000000000000001,0.3425925925925923,0.29629629629629606,0.29629629629629606,0.8000000000000004,0.8750000000000004,0.6000000000000002,0.5500000000000002,0.9629629629629645,0.9537037037037052,0.9722222222222238
0.5878099173553725,4.03125,4.8515625,0.175,0.22499999999999998,0.27499999999999997,0.4000000000000001,0.3425925925925923,0.29629629629629606,0.29629629629629606,0.8000000000000004,0.8750000000000004,0.6000000000000002,0.5500000000000002,0.9629629629629645,0.9537037037037052,0.9722222222222238
0.5888429752066122,4.0390625,4.859375,0.175,0.22499999999999998,0.27499999999999997,0.4000000000000001,0.3518518518518515,0.29629629629629606,0.29629629629629606,0.8000000000000004,0.8750000000000004,0.6000000000000002,0.5500000000000002,0.9629629629629645,0.9537037037037052,0.9722222222222238
0.5898760330578519,4.046875,4.86328125,0.175,0.24999999999999997,0.27499999999999997,0.4000000000000001,0.3518518518518515,0.29629629629629606,0.29629629629629606,0.8000000000000004,0.8750000000000004,0.6000000000000002,0.5500000000000002,0.9629629629629645,0.9537037037037052,0.9722222222222238
0.5909090909090916,4.0546875,4.87109375,0.175,0.24999999999999997,0.27499999999999997,0.4000000000000001,0.3518518518518515,0.3055555555555553,0.29629629629629606,0.8000000000000004,0.8750000000000004,0.6000000000000002,0.5500000000000002,0.9629629629629645,0.9537037037037052,0.9722222222222238
0.5919421487603312,4.0625,4.875,0.175,0.27499999999999997,0.27499999999999997,0.4000000000000001,0.3518518518518515,0.3055555555555553,0.29629629629629606,0.8000000000000004,0.8750000000000004,0.6000000000000002,0.5500000000000002,0.9629629629629645,0.9537037037037052,0.9722222222222238
0.5929752066115709,4.0703125,4.87890625,0.175,0.27499999999999997,0.27499999999999997,0.4000000000000001,0.36111111111111077,0.3055555555555553,0.29629629629629606,0.8000000000000004,0.8750000000000004,0.6000000000000002,0.5500000000000002,0.9629629629629645,0.9537037037037052,0.9722222222222238
0.5940082644628106,4.078125,4.88671875,0.175,0.27499999999999997,0.27499999999999997,0.4000000000000001,0.37037037037037,0.3055555555555553,0.29629629629629606,0.8000000000000004,0.8750000000000004,0.6000000000000002,0.5500000000000002,0.9629629629629645,0.9537037037037052,0.9722222222222238
0.5950413223140503,4.0859375,4.890625,0.175,0.27499999999999997,0.27499999999999997,0.4000000000000001,0.37962962962962926,0.3055555555555553,0.29629629629629606,0.8000000000000004,0.8750000000000004,0.6000000000000002,0.5500000000000002,0.9629629629629645,0.9537037037037052,0.9722222222222238
0.5960743801652898,4.09375,4.89453125,0.175,0.27499999999999997,0.27499999999999997,0.4000000000000001,0.3888888888888885,0.3055555555555553,0.29629629629629606,0.8000000000000004,0.8750000000000004,0.6000000000000002,0.5500000000000002,0.9629629629629645,0.9537037037037052,0.9722222222222238
0.5971074380165295,4.1015625,4.90234375,0.175,0.27499999999999997,0.27499999999999997,0.4000000000000001,0.3888888888888885,0.31481481481481455,0.29629629629629606,0.8000000000000004,0.8750000000000004,0.6000000000000002,0.5500000000000002,0.9629629629629645,0.9537037037037052,0.9722222222222238
0.5981404958677692,4.109375,4.91015625,0.175,0.27499999999999997,0.27499999999999997,0.4250000000000001,0.3888888888888885,0.31481481481481455,0.29629629629629606,0.8000000000000004,0.8750000000000004,0.6000000000000002,0.5500000000000002,0.9629629629629645,0.9537037037037052,0.9722222222222238
0.5991735537190089,4.1171875,4.9140625,0.175,0.27499999999999997,0.27499999999999997,0.4250000000000001,0.3888888888888885,0.3240740740740738,0.29629629629629606,0.8000000000000004,0.8750000000000004,0.6000000000000002,0.5500000000000002,0.9629629629629645,0.9537037037037052,0.9722222222222238
0.6002066115702486,4.125,4.91796875,0.175,0.27499999999999997,0.27499999999999997,0.4250000000000001,0.39814814814814775,0.3240740740740738,0.29629629629629606,0.8000000000000004,0.8750000000000004,0.6000000000000002,0.5500000000000002,0.9629629629629645,0.9537037037037052,0.9722222222222238
