Effective Sparsity,Activation Error,Baseline Error,q0,k0,v0,o0,gate0,up0,down0,q1,k1,v1,o1,gate1,up1,down1
0.0012121212121212121,0.0012598037719726562,0.277099609375,0.0,0.0,0.0,0.0,0.0,0.0,0.0,0.0,0.0,0.0,0.0,0.0,0.009302325581395349,0.0
0.0024242424242424242,0.0019073486328125,0.277099609375,0.0,0.0,0.0,0.0,0.0,0.0,0.0,0.0,0.0,0.0,0.0,0.009302325581395349,0.009302325581395349,0.0
0.003636363636363637,0.0025691986083984375,0.277099609375,0.0,0.0,0.0,0.0,0.009302325581395349,0.0,0.0,0.0,0.0,0.0,0.0,0.009302325581395349,0.009302325581395349,0.0
0.0048484848484848485,0.0034332275390625,0.277099609375,0.0,0.0,0.0,0.0,0.009302325581395349,0.009302325581395349,0.0,0.0,0.0,0.0,0.0,0.009302325581395349,0.009302325581395349,0.0
0.006060606060606061,0.004825592041015625,0.277099609375,0.0,0.0,0.0,0.0,0.009302325581395349,0.009302325581395349,0.0,0.0,0.0,0.0,0.0,0.009302325581395349,0.009302325581395349,0.009302325581395349
0.007272727272727273,0.007526397705078125,0.277099609375,0.0,0.0,0.0,0.0,0.009302325581395349,0.009302325581395349,0.009302325581395349,0.0,0.0,0.0,0.0,0.009302325581395349,0.009302325581395349,0.009302325581395349
0.008484848484848484,0.0267181396484375,0.277099609375,0.0,0.0,0.0,0.0,0.009302325581395349,0.009302325581395349,0.009302325581395349,0.025,0.0,0.0,0.0,0.009302325581395349,0.009302325581395349,0.009302325581395349
0.009696969696969697,0.03729248046875,0.277099609375,0.0,0.0,0.0,0.0,0.009302325581395349,0.009302325581395349,0.009302325581395349,0.025,0.0,0.0,0.0,0.018604651162790697,0.009302325581395349,0.009302325581395349
0.01090909090909091,0.047210693359375,0.43994140625,0.0,0.0,0.0,0.0,0.009302325581395349,0.009302325581395349,0.009302325581395349,0.025,0.0,0.0,0.0,0.018604651162790697,0.018604651162790697,0.009302325581395349
0.012121212121212121,0.05767822265625,0.458251953125,0.0,0.0,0.0,0.0,0.009302325581395349,0.009302325581395349,0.009302325581395349,0.025,0.0,0.0,0.0,0.018604651162790697,0.018604651162790697,0.018604651162790697
0.013333333333333332,0.07421875,0.47216796875,0.0,0.0,0.0,0.0,0.018604651162790697,0.009302325581395349,0.009302325581395349,0.025,0.0,0.0,0.0,0.018604651162790697,0.018604651162790697,0.018604651162790697
0.014545454545454545,0.09197998046875,0.4892578125,0.0,0.0,0.0,0.0,0.018604651162790697,0.018604651162790697,0.009302325581395349,0.025,0.0,0.0,0.0,0.018604651162790697,0.018604651162790697,0.018604651162790697
0.01575757575757576,0.10675048828125,0.5107421875,0.0,0.0,0.0,0.0,0.018604651162790697,0.018604651162790697,0.009302325581395349,0.025,0.0,0.0,0.0,0.018604651162790697,0.018604651162790697,0.027906976744186046
0.016969696969696968,0.120361328125,0.53271484375,0.025,0.0,0.0,0.0,0.018604651162790697,0.018604651162790697,0.009302325581395349,0.025,0.0,0.0,0.0,0.018604651162790697,0.018604651162790697,0.027906976744186046
0.01818181818181818,0.1341552734375,0.5595703125,0.025,0.0,0.0,0.0,0.018604651162790697,0.018604651162790697,0.009302325581395349,0.025,0.0,0.0,0.025,0.018604651162790697,0.018604651162790697,0.027906976744186046
0.019393939393939394,0.1473388671875,0.5849609375,0.025,0.0,0.0,0.0,0.018604651162790697,0.018604651162790697,0.018604651162790697,0.025,0.0,0.0,0.025,0.018604651162790697,0.018604651162790697,0.027906976744186046
0.020606060606060607,0.1607666015625,0.6142578125,0.025,0.0,0.0,0.0,0.018604651162790697,0.018604651162790697,0.018604651162790697,0.025,0.0,0.0,0.025,0.027906976744186046,0.018604651162790697,0.027906976744186046
0.02181818181818182,0.175048828125,0.64013671875,0.025,0.0,0.0,0.0,0.018604651162790697,0.018604651162790697,0.018604651162790697,0.025,0.0,0.0,0.05,0.027906976744186046,0.018604651162790697,0.027906976744186046
0.023030303030303033,0.1881103515625,0.6669921875,0.025,0.0,0.0,0.0,0.018604651162790697,0.018604651162790697,0.018604651162790697,0.025,0.0,0.0,0.05,0.027906976744186046,0.027906976744186046,0.027906976744186046
0.024242424242424242,0.201904296875,0.69677734375,0.025,0.0,0.0,0.0,0.018604651162790697,0.018604651162790697,0.018604651162790697,0.025,0.0,0.0,0.07500000000000001,0.027906976744186046,0.027906976744186046,0.027906976744186046
0.025454545454545455,0.2161865234375,0.72802734375,0.025,0.0,0.0,0.0,0.018604651162790697,0.018604651162790697,0.018604651162790697,0.025,0.0,0.0,0.1,0.027906976744186046,0.027906976744186046,0.027906976744186046
0.02666666666666667,0.22998046875,0.755859375,0.025,0.0,0.0,0.0,0.018604651162790697,0.018604651162790697,0.018604651162790697,0.025,0.0,0.0,0.1,0.027906976744186046,0.027906976744186046,0.037209302325581395
0.027878787878787878,0.2437744140625,0.783203125,0.025,0.0,0.0,0.0,0.018604651162790697,0.018604651162790697,0.018604651162790697,0.025,0.0,0.0,0.125,0.027906976744186046,0.027906976744186046,0.037209302325581395
0.02909090909090909,0.258056640625,0.80908203125,0.025,0.0,0.0,0.0,0.018604651162790697,0.018604651162790697,0.018604651162790697,0.025,0.0,0.0,0.15,0.027906976744186046,0.027906976744186046,0.037209302325581395
0.030303030303030304,0.2724609375,0.833984375,0.025,0.0,0.0,0.0,0.018604651162790697,0.018604651162790697,0.018604651162790697,0.025,0.0,0.0,0.175,0.027906976744186046,0.027906976744186046,0.037209302325581395
0.03151515151515151,0.287353515625,0.85693359375,0.025,0.0,0.0,0.0,0.018604651162790697,0.018604651162790697,0.018604651162790697,0.025,0.0,0.0,0.19999999999999998,0.027906976744186046,0.027906976744186046,0.037209302325581395
0.03272727272727272,0.30224609375,0.87939453125,0.025,0.0,0.0,0.0,0.018604651162790697,0.018604651162790697,0.018604651162790697,0.025,0.0,0.0,0.22499999999999998,0.027906976744186046,0.027906976744186046,0.037209302325581395
0.033939393939393936,0.316650390625,0.90234375,0.025,0.0,0.0,0.0,0.018604651162790697,0.018604651162790697,0.018604651162790697,0.025,0.0,0.0,0.22499999999999998,0.027906976744186046,0.027906976744186046,0.046511627906976744
0.03515151515151514,0.33056640625,0.92431640625,0.025,0.0,0.0,0.025,0.018604651162790697,0.018604651162790697,0.018604651162790697,0.025,0.0,0.0,0.22499999999999998,0.027906976744186046,0.027906976744186046,0.046511627906976744
0.03636363636363636,0.34423828125,0.94580078125,0.025,0.0,0.0,0.025,0.018604651162790697,0.018604651162790697,0.027906976744186046,0.025,0.0,0.0,0.22499999999999998,0.027906976744186046,0.027906976744186046,0.046511627906976744
0.037575757575757575,0.357421875,0.966796875,0.025,0.0,0.0,0.025,0.018604651162790697,0.018604651162790697,0.027906976744186046,0.025,0.0,0.0,0.24999999999999997,0.027906976744186046,0.027906976744186046,0.046511627906976744
0.03878787878787879,0.37109375,0.98681640625,0.025,0.0,0.0,0.025,0.018604651162790697,0.018604651162790697,0.027906976744186046,0.05,0.0,0.0,0.24999999999999997,0.027906976744186046,0.027906976744186046,0.046511627906976744
0.04,0.384521484375,1.0068359375,0.025,0.0,0.0,0.025,0.018604651162790697,0.018604651162790697,0.027906976744186046,0.05,0.0,0.0,0.27499999999999997,0.027906976744186046,0.027906976744186046,0.046511627906976744
0.04121212121212121,0.3984375,1.02734375,0.025,0.0,0.0,0.025,0.018604651162790697,0.018604651162790697,0.027906976744186046,0.05,0.0,0.0,0.3,0.027906976744186046,0.027906976744186046,0.046511627906976744
0.04242424242424242,0.412109375,1.046875,0.025,0.0,0.0,0.025,0.018604651162790697,0.018604651162790697,0.027906976744186046,0.05,0.0,0.0,0.3,0.027906976744186046,0.027906976744186046,0.05581395348837209
0.04363636363636363,0.42578125,1.0654296875,0.025,0.0,0.0,0.025,0.027906976744186046,0.018604651162790697,0.027906976744186046,0.05,0.0,0.0,0.3,0.027906976744186046,0.027906976744186046,0.05581395348837209
0.044848484848484846,0.43896484375,1.0859375,0.025,0.0,0.0,0.025,0.027906976744186046,0.018604651162790697,0.027906976744186046,0.05,0.0,0.0,0.325,0.027906976744186046,0.027906976744186046,0.05581395348837209
0.04606060606060606,0.4521484375,1.1044921875,0.025,0.0,0.0,0.025,0.027906976744186046,0.018604651162790697,0.027906976744186046,0.07500000000000001,0.0,0.0,0.325,0.027906976744186046,0.027906976744186046,0.05581395348837209
0.04727272727272727,0.46484375,1.123046875,0.025,0.0,0.0,0.025,0.027906976744186046,0.018604651162790697,0.027906976744186046,0.07500000000000001,0.0,0.0,0.325,0.037209302325581395,0.027906976744186046,0.05581395348837209
0.048484848484848485,0.477783203125,1.140625,0.025,0.0,0.0,0.025,0.027906976744186046,0.018604651162790697,0.027906976744186046,0.07500000000000001,0.0,0.0,0.35000000000000003,0.037209302325581395,0.027906976744186046,0.05581395348837209
0.04969696969696969,0.490966796875,1.1591796875,0.025,0.0,0.0,0.05,0.027906976744186046,0.018604651162790697,0.027906976744186046,0.07500000000000001,0.0,0.0,0.35000000000000003,0.037209302325581395,0.027906976744186046,0.05581395348837209
0.05090909090909091,0.50390625,1.1787109375,0.025,0.0,0.0,0.05,0.027906976744186046,0.018604651162790697,0.027906976744186046,0.07500000000000001,0.0,0.0,0.35000000000000003,0.037209302325581395,0.027906976744186046,0.06511627906976744
0.05212121212121212,0.5166015625,1.1953125,0.025,0.0,0.0,0.05,0.027906976744186046,0.018604651162790697,0.027906976744186046,0.07500000000000001,0.0,0.0,0.37500000000000006,0.037209302325581395,0.027906976744186046,0.06511627906976744
0.05333333333333334,0.52978515625,1.21484375,0.025,0.0,0.0,0.05,0.027906976744186046,0.018604651162790697,0.027906976744186046,0.07500000000000001,0.0,0.0,0.4000000000000001,0.037209302325581395,0.027906976744186046,0.06511627906976744
0.05454545454545454,0.54296875,1.232421875,0.025,0.0,0.0,0.05,0.027906976744186046,0.018604651162790697,0.027906976744186046,0.1,0.0,0.0,0.4000000000000001,0.037209302325581395,0.027906976744186046,0.06511627906976744
0.05575757575757576,0.5556640625,1.25,0.025,0.0,0.0,0.05,0.027906976744186046,0.018604651162790697,0.027906976744186046,0.1,0.0,0.0,0.4000000000000001,0.037209302325581395,0.037209302325581395,0.06511627906976744
0.05696969696969697,0.568359375,1.267578125,0.025,0.0,0.0,0.05,0.027906976744186046,0.018604651162790697,0.027906976744186046,0.1,0.0,0.0,0.4000000000000001,0.037209302325581395,0.037209302325581395,0.07441860465116279
0.05818181818181818,0.58154296875,1.28515625,0.025,0.0,0.0,0.07500000000000001,0.027906976744186046,0.018604651162790697,0.027906976744186046,0.1,0.0,0.0,0.4000000000000001,0.037209302325581395,0.037209302325581395,0.07441860465116279
0.0593939393939394,0.59423828125,1.3037109375,0.025,0.0,0.0,0.07500000000000001,0.027906976744186046,0.027906976744186046,0.027906976744186046,0.1,0.0,0.0,0.4000000000000001,0.037209302325581395,0.037209302325581395,0.07441860465116279
0.06060606060606061,0.60693359375,1.3212890625,0.025,0.0,0.0,0.07500000000000001,0.027906976744186046,0.027906976744186046,0.027906976744186046,0.1,0.0,0.0,0.4250000000000001,0.037209302325581395,0.037209302325581395,0.07441860465116279
0.06181818181818183,0.6201171875,1.33984375,0.025,0.0,0.0,0.07500000000000001,0.027906976744186046,0.027906976744186046,0.027906976744186046,0.125,0.0,0.0,0.4250000000000001,0.037209302325581395,0.037209302325581395,0.07441860465116279
0.06303030303030305,0.63232421875,1.357421875,0.025,0.0,0.0,0.07500000000000001,0.027906976744186046,0.027906976744186046,0.027906976744186046,0.125,0.0,0.0,0.4250000000000001,0.037209302325581395,0.037209302325581395,0.08372093023255814
0.06424242424242427,0.64501953125,1.375,0.025,0.0,0.0,0.07500000000000001,0.027906976744186046,0.027906976744186046,0.027906976744186046,0.125,0.0,0.0,0.4500000000000001,0.037209302325581395,0.037209302325581395,0.08372093023255814
0.06545454545454547,0.65771484375,1.392578125,0.025,0.0,0.0,0.07500000000000001,0.027906976744186046,0.027906976744186046,0.027906976744186046,0.125,0.0,0.0,0.4500000000000001,0.037209302325581395,0.037209302325581395,0.09302325581395349
0.06666666666666668,0.6708984375,1.4091796875,0.025,0.0,0.0,0.1,0.027906976744186046,0.027906976744186046,0.027906976744186046,0.125,0.0,0.0,0.4500000000000001,0.037209302325581395,0.037209302325581395,0.09302325581395349
0.0678787878787879,0.68359375,1.427734375,0.025,0.0,0.0,0.1,0.027906976744186046,0.027906976744186046,0.037209302325581395,0.125,0.0,0.0,0.4500000000000001,0.037209302325581395,0.037209302325581395,0.09302325581395349
0.0690909090909091,0.69580078125,1.4443359375,0.025,0.0,0.0,0.1,0.027906976744186046,0.027906976744186046,0.037209302325581395,0.125,0.0,0.0,0.4500000000000001,0.046511627906976744,0.037209302325581395,0.09302325581395349
0.07030303030303031,0.70849609375,1.4609375,0.025,0.0,0.0,0.1,0.027906976744186046,0.027906976744186046,0.037209302325581395,0.125,0.0,0.0,0.47500000000000014,0.046511627906976744,0.037209302325581395,0.09302325581395349
0.07151515151515153,0.720703125,1.4794921875,0.025,0.0,0.0,0.1,0.027906976744186046,0.027906976744186046,0.037209302325581395,0.15,0.0,0.0,0.47500000000000014,0.046511627906976744,0.037209302325581395,0.09302325581395349
0.07272727272727275,0.7333984375,1.49609375,0.025,0.0,0.0,0.1,0.027906976744186046,0.027906976744186046,0.037209302325581395,0.15,0.0,0.0,0.47500000000000014,0.046511627906976744,0.037209302325581395,0.10232558139534884
0.07393939393939396,0.74658203125,1.513671875,0.025,0.0,0.0,0.125,0.027906976744186046,0.027906976744186046,0.037209302325581395,0.15,0.0,0.0,0.47500000000000014,0.046511627906976744,0.037209302325581395,0.10232558139534884
0.07515151515151516,0.75927734375,1.53125,0.025,0.0,0.0,0.125,0.027906976744186046,0.027906976744186046,0.037209302325581395,0.15,0.0,0.0,0.5000000000000001,0.046511627906976744,0.037209302325581395,0.10232558139534884
0.07636363636363638,0.77197265625,1.5498046875,0.025,0.0,0.0,0.125,0.027906976744186046,0.027906976744186046,0.037209302325581395,0.15,0.0,0.0,0.5000000000000001,0.046511627906976744,0.037209302325581395,0.11162790697674418
0.07757575757575759,0.78466796875,1.5654296875,0.025,0.0,0.0,0.125,0.027906976744186046,0.027906976744186046,0.037209302325581395,0.175,0.0,0.0,0.5000000000000001,0.046511627906976744,0.037209302325581395,0.11162790697674418
0.0787878787878788,0.79736328125,1.5830078125,0.025,0.0,0.0,0.125,0.027906976744186046,0.027906976744186046,0.037209302325581395,0.175,0.0,0.0,0.5000000000000001,0.05581395348837209,0.037209302325581395,0.11162790697674418
0.08,0.81005859375,1.599609375,0.025,0.0,0.0,0.125,0.027906976744186046,0.027906976744186046,0.037209302325581395,0.175,0.0,0.0,0.5000000000000001,0.05581395348837209,0.046511627906976744,0.11162790697674418
0.08121212121212121,0.822265625,1.6162109375,0.025,0.0,0.0,0.125,0.027906976744186046,0.027906976744186046,0.037209302325581395,0.175,0.0,0.0,0.5000000000000001,0.05581395348837209,0.046511627906976744,0.12093023255813953
0.08242424242424243,0.8349609375,1.634765625,0.025,0.0,0.0,0.125,0.027906976744186046,0.027906976744186046,0.037209302325581395,0.19999999999999998,0.0,0.0,0.5000000000000001,0.05581395348837209,0.046511627906976744,0.12093023255813953
0.08363636363636363,0.84765625,1.6513671875,0.025,0.0,0.0,0.15,0.027906976744186046,0.027906976744186046,0.037209302325581395,0.19999999999999998,0.0,0.0,0.5000000000000001,0.05581395348837209,0.046511627906976744,0.12093023255813953
0.08484848484848485,0.8603515625,1.66796875,0.025,0.0,0.0,0.15,0.027906976744186046,0.027906976744186046,0.037209302325581395,0.19999999999999998,0.0,0.0,0.5250000000000001,0.05581395348837209,0.046511627906976744,0.12093023255813953
0.08606060606060606,0.87255859375,1.6845703125,0.025,0.0,0.0,0.15,0.027906976744186046,0.027906976744186046,0.037209302325581395,0.19999999999999998,0.0,0.0,0.5250000000000001,0.05581395348837209,0.046511627906976744,0.13023255813953488
0.08727272727272727,0.8857421875,1.7021484375,0.025,0.0,0.0,0.175,0.027906976744186046,0.027906976744186046,0.037209302325581395,0.19999999999999998,0.0,0.0,0.5250000000000001,0.05581395348837209,0.046511627906976744,0.13023255813953488
0.08848484848484849,0.8984375,1.7197265625,0.025,0.0,0.0,0.175,0.027906976744186046,0.027906976744186046,0.037209302325581395,0.19999999999999998,0.0,0.0,0.5250000000000001,0.05581395348837209,0.046511627906976744,0.13953488372093023
0.0896969696969697,0.9111328125,1.7353515625,0.025,0.0,0.0,0.175,0.027906976744186046,0.027906976744186046,0.037209302325581395,0.22499999999999998,0.0,0.0,0.5250000000000001,0.05581395348837209,0.046511627906976744,0.13953488372093023
0.09090909090909093,0.923828125,1.7529296875,0.025,0.0,0.0,0.175,0.027906976744186046,0.027906976744186046,0.037209302325581395,0.22499999999999998,0.0,0.0,0.5250000000000001,0.06511627906976744,0.046511627906976744,0.13953488372093023
0.09212121212121213,0.9365234375,1.7705078125,0.025,0.0,0.0,0.175,0.027906976744186046,0.027906976744186046,0.037209302325581395,0.22499999999999998,0.0,0.0,0.5500000000000002,0.06511627906976744,0.046511627906976744,0.13953488372093023
0.09333333333333335,0.94873046875,1.787109375,0.025,0.0,0.0,0.175,0.027906976744186046,0.027906976744186046,0.037209302325581395,0.22499999999999998,0.0,0.0,0.5500000000000002,0.06511627906976744,0.046511627906976744,0.14883720930232558
0.09454545454545456,0.96142578125,1.8046875,0.025,0.0,0.0,0.175,0.027906976744186046,0.027906976744186046,0.037209302325581395,0.22499999999999998,0.0,0.0,0.5500000000000002,0.07441860465116279,0.046511627906976744,0.14883720930232558
0.09575757575757576,0.97412109375,1.8212890625,0.025,0.0,0.0,0.175,0.027906976744186046,0.027906976744186046,0.037209302325581395,0.22499999999999998,0.0,0.0,0.5500000000000002,0.07441860465116279,0.05581395348837209,0.14883720930232558
0.09696969696969697,0.986328125,1.8388671875,0.025,0.0,0.0,0.175,0.027906976744186046,0.027906976744186046,0.037209302325581395,0.22499999999999998,0.0,0.0,0.5500000000000002,0.07441860465116279,0.05581395348837209,0.15813953488372093
0.09818181818181818,0.9990234375,1.8544921875,0.025,0.0,0.0,0.19999999999999998,0.027906976744186046,0.027906976744186046,0.037209302325581395,0.22499999999999998,0.0,0.0,0.5500000000000002,0.07441860465116279,0.05581395348837209,0.15813953488372093
0.09939393939393938,1.01171875,1.873046875,0.025,0.0,0.0,0.19999999999999998,0.027906976744186046,0.027906976744186046,0.046511627906976744,0.22499999999999998,0.0,0.0,0.5500000000000002,0.07441860465116279,0.05581395348837209,0.15813953488372093
0.10060606060606062,1.0234375,1.8896484375,0.025,0.0,0.0,0.19999999999999998,0.027906976744186046,0.027906976744186046,0.046511627906976744,0.24999999999999997,0.0,0.0,0.5500000000000002,0.07441860465116279,0.05581395348837209,0.15813953488372093
0.10181818181818182,1.0361328125,1.90625,0.025,0.0,0.0,0.19999999999999998,0.027906976744186046,0.027906976744186046,0.046511627906976744,0.24999999999999997,0.0,0.0,0.5750000000000002,0.07441860465116279,0.05581395348837209,0.15813953488372093
0.10303030303030303,1.048828125,1.921875,0.025,0.0,0.0,0.22499999999999998,0.027906976744186046,0.027906976744186046,0.046511627906976744,0.24999999999999997,0.0,0.0,0.5750000000000002,0.07441860465116279,0.05581395348837209,0.15813953488372093
0.10424242424242423,1.0615234375,1.94140625,0.025,0.0,0.0,0.22499999999999998,0.027906976744186046,0.027906976744186046,0.046511627906976744,0.24999999999999997,0.0,0.0,0.5750000000000002,0.08372093023255814,0.05581395348837209,0.15813953488372093
0.10545454545454547,1.0732421875,1.9580078125,0.025,0.0,0.0,0.22499999999999998,0.027906976744186046,0.027906976744186046,0.046511627906976744,0.24999999999999997,0.0,0.0,0.5750000000000002,0.08372093023255814,0.05581395348837209,0.16744186046511628
0.10666666666666667,1.0859375,1.974609375,0.025,0.0,0.0,0.22499999999999998,0.027906976744186046,0.027906976744186046,0.046511627906976744,0.24999999999999997,0.0,0.0,0.5750000000000002,0.08372093023255814,0.06511627906976744,0.16744186046511628
0.10787878787878788,1.0986328125,1.9912109375,0.025,0.0,0.0,0.22499999999999998,0.027906976744186046,0.027906976744186046,0.046511627906976744,0.24999999999999997,0.0,0.0,0.5750000000000002,0.08372093023255814,0.06511627906976744,0.17674418604651163
0.10909090909090909,1.1103515625,2.0078125,0.025,0.0,0.0,0.22499999999999998,0.027906976744186046,0.027906976744186046,0.046511627906976744,0.24999999999999997,0.0,0.0,0.5750000000000002,0.08372093023255814,0.06511627906976744,0.18604651162790697
0.11030303030303032,1.123046875,2.025390625,0.025,0.0,0.0,0.22499999999999998,0.027906976744186046,0.027906976744186046,0.046511627906976744,0.27499999999999997,0.0,0.0,0.5750000000000002,0.08372093023255814,0.06511627906976744,0.18604651162790697
0.11151515151515153,1.1357421875,2.04296875,0.025,0.0,0.0,0.24999999999999997,0.027906976744186046,0.027906976744186046,0.046511627906976744,0.27499999999999997,0.0,0.0,0.5750000000000002,0.08372093023255814,0.06511627906976744,0.18604651162790697
0.11272727272727273,1.1484375,2.060546875,0.025,0.0,0.0,0.24999999999999997,0.027906976744186046,0.027906976744186046,0.046511627906976744,0.3,0.0,0.0,0.5750000000000002,0.08372093023255814,0.06511627906976744,0.18604651162790697
0.11393939393939397,1.1611328125,2.072265625,0.025,0.0,0.0,0.24999999999999997,0.027906976744186046,0.027906976744186046,0.046511627906976744,0.3,0.0,0.0,0.6000000000000002,0.08372093023255814,0.06511627906976744,0.18604651162790697
0.11515151515151516,1.1728515625,2.08984375,0.025,0.0,0.0,0.24999999999999997,0.027906976744186046,0.027906976744186046,0.046511627906976744,0.3,0.0,0.0,0.6000000000000002,0.09302325581395349,0.06511627906976744,0.18604651162790697
0.11636363636363638,1.1845703125,2.107421875,0.025,0.0,0.0,0.24999999999999997,0.027906976744186046,0.027906976744186046,0.046511627906976744,0.3,0.0,0.0,0.6000000000000002,0.09302325581395349,0.06511627906976744,0.19534883720930232
0.11757575757575758,1.197265625,2.126953125,0.025,0.0,0.0,0.24999999999999997,0.027906976744186046,0.027906976744186046,0.046511627906976744,0.3,0.0,0.0,0.6000000000000002,0.10232558139534884,0.06511627906976744,0.19534883720930232
0.1187878787878788,1.208984375,2.140625,0.025,0.0,0.0,0.24999999999999997,0.027906976744186046,0.027906976744186046,0.046511627906976744,0.3,0.0,0.0,0.6000000000000002,0.10232558139534884,0.07441860465116279,0.19534883720930232
0.12000000000000001,1.2216796875,2.158203125,0.025,0.0,0.0,0.27499999999999997,0.027906976744186046,0.027906976744186046,0.046511627906976744,0.3,0.0,0.0,0.6000000000000002,0.10232558139534884,0.07441860465116279,0.19534883720930232
0.12121212121212122,1.2333984375,2.173828125,0.025,0.0,0.0,0.27499999999999997,0.027906976744186046,0.027906976744186046,0.046511627906976744,0.3,0.0,0.0,0.6000000000000002,0.10232558139534884,0.07441860465116279,0.20465116279069767
0.12242424242424242,1.24609375,2.189453125,0.025,0.0,0.0,0.27499999999999997,0.027906976744186046,0.027906976744186046,0.05581395348837209,0.3,0.0,0.0,0.6000000000000002,0.10232558139534884,0.07441860465116279,0.20465116279069767
0.12363636363636367,1.2587890625,2.20703125,0.025,0.0,0.0,0.3,0.027906976744186046,0.027906976744186046,0.05581395348837209,0.3,0.0,0.0,0.6000000000000002,0.10232558139534884,0.07441860465116279,0.20465116279069767
0.12484848484848486,1.271484375,2.22265625,0.025,0.0,0.0,0.3,0.027906976744186046,0.027906976744186046,0.05581395348837209,0.325,0.0,0.0,0.6000000000000002,0.10232558139534884,0.07441860465116279,0.20465116279069767
0.1260606060606061,1.283203125,2.240234375,0.025,0.0,0.0,0.3,0.027906976744186046,0.027906976744186046,0.05581395348837209,0.325,0.0,0.0,0.6000000000000002,0.11162790697674418,0.07441860465116279,0.20465116279069767
0.12727272727272726,1.2958984375,2.25390625,0.025,0.0,0.0,0.3,0.027906976744186046,0.027906976744186046,0.05581395348837209,0.325,0.0,0.0,0.6250000000000002,0.11162790697674418,0.07441860465116279,0.20465116279069767
0.1284848484848485,1.3076171875,2.2734375,0.025,0.0,0.0,0.3,0.027906976744186046,0.027906976744186046,0.05581395348837209,0.325,0.0,0.0,0.6250000000000002,0.11162790697674418,0.08372093023255814,0.20465116279069767
0.1296969696969697,1.3203125,2.2890625,0.025,0.0,0.0,0.3,0.027906976744186046,0.027906976744186046,0.05581395348837209,0.325,0.0,0.0,0.6250000000000002,0.12093023255813953,0.08372093023255814,0.20465116279069767
0.13090909090909092,1.33203125,2.306640625,0.025,0.0,0.0,0.3,0.027906976744186046,0.027906976744186046,0.05581395348837209,0.325,0.0,0.0,0.6250000000000002,0.12093023255813953,0.08372093023255814,0.21395348837209302
0.13212121212121214,1.34375,2.3203125,0.025,0.0,0.0,0.3,0.027906976744186046,0.027906976744186046,0.05581395348837209,0.325,0.0,0.0,0.6250000000000002,0.12093023255813953,0.08372093023255814,0.22325581395348837
0.13333333333333333,1.35546875,2.33984375,0.025,0.0,0.0,0.3,0.027906976744186046,0.027906976744186046,0.05581395348837209,0.325,0.0,0.0,0.6250000000000002,0.12093023255813953,0.08372093023255814,0.23255813953488372
0.13454545454545455,1.3681640625,2.35546875,0.025,0.0,0.0,0.325,0.027906976744186046,0.027906976744186046,0.05581395348837209,0.325,0.0,0.0,0.6250000000000002,0.12093023255813953,0.08372093023255814,0.23255813953488372
0.13575757575757577,1.3798828125,2.37109375,0.025,0.0,0.0,0.325,0.027906976744186046,0.027906976744186046,0.05581395348837209,0.325,0.0,0.0,0.6250000000000002,0.12093023255813953,0.09302325581395349,0.23255813953488372
0.136969696969697,1.392578125,2.388671875,0.025,0.0,0.0,0.325,0.027906976744186046,0.027906976744186046,0.05581395348837209,0.35000000000000003,0.0,0.0,0.6250000000000002,0.12093023255813953,0.09302325581395349,0.23255813953488372
0.13818181818181818,1.404296875,2.404296875,0.025,0.0,0.0,0.325,0.027906976744186046,0.027906976744186046,0.05581395348837209,0.35000000000000003,0.0,0.0,0.6250000000000002,0.13023255813953488,0.09302325581395349,0.23255813953488372
0.1393939393939394,1.416015625,2.419921875,0.025,0.0,0.0,0.325,0.027906976744186046,0.027906976744186046,0.05581395348837209,0.35000000000000003,0.0,0.0,0.6250000000000002,0.13023255813953488,0.09302325581395349,0.24186046511627907
0.14060606060606062,1.4287109375,2.435546875,0.025,0.0,0.0,0.35000000000000003,0.027906976744186046,0.027906976744186046,0.05581395348837209,0.35000000000000003,0.0,0.0,0.6250000000000002,0.13023255813953488,0.09302325581395349,0.24186046511627907
0.14181818181818184,1.4404296875,2.455078125,0.025,0.0,0.0,0.35000000000000003,0.027906976744186046,0.027906976744186046,0.05581395348837209,0.35000000000000003,0.0,0.0,0.6250000000000002,0.13023255813953488,0.09302325581395349,0.25116279069767444
0.14303030303030304,1.4521484375,2.470703125,0.025,0.0,0.0,0.35000000000000003,0.027906976744186046,0.027906976744186046,0.05581395348837209,0.35000000000000003,0.0,0.0,0.6250000000000002,0.13953488372093023,0.09302325581395349,0.25116279069767444
0.14424242424242426,1.4638671875,2.486328125,0.025,0.0,0.0,0.35000000000000003,0.027906976744186046,0.027906976744186046,0.05581395348837209,0.37500000000000006,0.0,0.0,0.6250000000000002,0.13953488372093023,0.09302325581395349,0.25116279069767444
0.14545454545454545,1.4765625,2.50390625,0.025,0.0,0.0,0.35000000000000003,0.037209302325581395,0.027906976744186046,0.05581395348837209,0.37500000000000006,0.0,0.0,0.6250000000000002,0.13953488372093023,0.09302325581395349,0.25116279069767444
0.1466666666666667,1.48828125,2.51953125,0.025,0.0,0.0,0.35000000000000003,0.037209302325581395,0.027906976744186046,0.05581395348837209,0.37500000000000006,0.0,0.0,0.6250000000000002,0.13953488372093023,0.09302325581395349,0.26046511627906976
0.14787878787878786,1.5,2.53515625,0.025,0.0,0.0,0.35000000000000003,0.037209302325581395,0.027906976744186046,0.05581395348837209,0.37500000000000006,0.0,0.0,0.6250000000000002,0.13953488372093023,0.10232558139534884,0.26046511627906976
0.1490909090909091,1.5126953125,2.55078125,0.025,0.0,0.0,0.35000000000000003,0.037209302325581395,0.027906976744186046,0.06511627906976744,0.37500000000000006,0.0,0.0,0.6250000000000002,0.13953488372093023,0.10232558139534884,0.26046511627906976
0.15030303030303033,1.5244140625,2.5703125,0.025,0.0,0.0,0.35000000000000003,0.037209302325581395,0.027906976744186046,0.06511627906976744,0.4000000000000001,0.0,0.0,0.6250000000000002,0.13953488372093023,0.10232558139534884,0.26046511627906976
0.15151515151515152,1.5361328125,2.5859375,0.025,0.0,0.0,0.35000000000000003,0.037209302325581395,0.027906976744186046,0.06511627906976744,0.4000000000000001,0.0,0.0,0.6250000000000002,0.13953488372093023,0.10232558139534884,0.2697674418604651
0.15272727272727274,1.548828125,2.6015625,0.025,0.0,0.0,0.37500000000000006,0.037209302325581395,0.027906976744186046,0.06511627906976744,0.4000000000000001,0.0,0.0,0.6250000000000002,0.13953488372093023,0.10232558139534884,0.2697674418604651
0.15393939393939393,1.560546875,2.6171875,0.025,0.0,0.0,0.37500000000000006,0.037209302325581395,0.027906976744186046,0.06511627906976744,0.4000000000000001,0.0,0.0,0.6500000000000002,0.13953488372093023,0.10232558139534884,0.2697674418604651
0.15515151515151515,1.572265625,2.634765625,0.025,0.0,0.0,0.37500000000000006,0.037209302325581395,0.027906976744186046,0.06511627906976744,0.4000000000000001,0.0,0.0,0.6500000000000002,0.14883720930232558,0.10232558139534884,0.2697674418604651
0.15636363636363634,1.583984375,2.650390625,0.025,0.0,0.0,0.37500000000000006,0.037209302325581395,0.027906976744186046,0.06511627906976744,0.4000000000000001,0.0,0.0,0.6500000000000002,0.14883720930232558,0.11162790697674418,0.2697674418604651
0.15757575757575756,1.595703125,2.66796875,0.025,0.0,0.0,0.37500000000000006,0.037209302325581395,0.027906976744186046,0.06511627906976744,0.4000000000000001,0.0,0.0,0.6500000000000002,0.15813953488372093,0.11162790697674418,0.2697674418604651
0.15878787878787878,1.607421875,2.68359375,0.025,0.0,0.0,0.37500000000000006,0.037209302325581395,0.027906976744186046,0.06511627906976744,0.4000000000000001,0.0,0.0,0.6500000000000002,0.15813953488372093,0.11162790697674418,0.2790697674418604
0.16,1.6201171875,2.69921875,0.025,0.0,0.0,0.4000000000000001,0.037209302325581395,0.027906976744186046,0.06511627906976744,0.4000000000000001,0.0,0.0,0.6500000000000002,0.15813953488372093,0.11162790697674418,0.2790697674418604
0.16121212121212122,1.6318359375,2.71484375,0.025,0.0,0.0,0.4000000000000001,0.037209302325581395,0.027906976744186046,0.06511627906976744,0.4250000000000001,0.0,0.0,0.6500000000000002,0.15813953488372093,0.11162790697674418,0.2790697674418604
0.16242424242424244,1.6435546875,2.73046875,0.025,0.0,0.0,0.4000000000000001,0.037209302325581395,0.027906976744186046,0.06511627906976744,0.4250000000000001,0.0,0.0,0.6500000000000002,0.16744186046511628,0.11162790697674418,0.2790697674418604
0.1636363636363637,1.6552734375,2.74609375,0.025,0.0,0.0,0.4000000000000001,0.037209302325581395,0.027906976744186046,0.06511627906976744,0.4250000000000001,0.0,0.0,0.6500000000000002,0.16744186046511628,0.12093023255813953,0.2790697674418604
0.16484848484848488,1.6669921875,2.763671875,0.025,0.0,0.0,0.4000000000000001,0.037209302325581395,0.027906976744186046,0.07441860465116279,0.4250000000000001,0.0,0.0,0.6500000000000002,0.16744186046511628,0.12093023255813953,0.2790697674418604
0.1660606060606061,1.6787109375,2.779296875,0.025,0.0,0.0,0.4000000000000001,0.037209302325581395,0.027906976744186046,0.07441860465116279,0.4250000000000001,0.0,0.0,0.6500000000000002,0.16744186046511628,0.12093023255813953,0.2883720930232557
0.1672727272727273,1.6904296875,2.796875,0.025,0.0,0.0,0.4000000000000001,0.037209302325581395,0.027906976744186046,0.07441860465116279,0.4250000000000001,0.0,0.0,0.6500000000000002,0.16744186046511628,0.13023255813953488,0.2883720930232557
0.16848484848484852,1.703125,2.814453125,0.025,0.0,0.0,0.4250000000000001,0.037209302325581395,0.027906976744186046,0.07441860465116279,0.4250000000000001,0.0,0.0,0.6500000000000002,0.16744186046511628,0.13023255813953488,0.2883720930232557
0.1696969696969697,1.71484375,2.830078125,0.025,0.0,0.0,0.4250000000000001,0.037209302325581395,0.027906976744186046,0.07441860465116279,0.4250000000000001,0.0,0.0,0.6500000000000002,0.16744186046511628,0.13953488372093023,0.2883720930232557
0.17090909090909093,1.7265625,2.84375,0.025,0.0,0.0,0.4250000000000001,0.037209302325581395,0.027906976744186046,0.07441860465116279,0.4250000000000001,0.0,0.0,0.6500000000000002,0.16744186046511628,0.13953488372093023,0.29767441860465105
0.17212121212121215,1.73828125,2.861328125,0.025,0.0,0.0,0.4250000000000001,0.037209302325581395,0.027906976744186046,0.07441860465116279,0.4250000000000001,0.0,0.0,0.6500000000000002,0.17674418604651163,0.13953488372093023,0.29767441860465105
0.17333333333333334,1.75,2.87890625,0.025,0.0,0.0,0.4250000000000001,0.037209302325581395,0.027906976744186046,0.07441860465116279,0.4250000000000001,0.0,0.0,0.6500000000000002,0.18604651162790697,0.13953488372093023,0.29767441860465105
0.17454545454545456,1.76171875,2.89453125,0.025,0.0,0.0,0.4250000000000001,0.037209302325581395,0.027906976744186046,0.07441860465116279,0.4500000000000001,0.0,0.0,0.6500000000000002,0.18604651162790697,0.13953488372093023,0.29767441860465105
0.17575757575757578,1.7734375,2.912109375,0.025,0.0,0.0,0.4250000000000001,0.037209302325581395,0.027906976744186046,0.07441860465116279,0.4500000000000001,0.0,0.0,0.6500000000000002,0.18604651162790697,0.13953488372093023,0.30697674418604637
0.176969696969697,1.78515625,2.92578125,0.025,0.0,0.0,0.4250000000000001,0.037209302325581395,0.027906976744186046,0.07441860465116279,0.4500000000000001,0.0,0.0,0.6750000000000003,0.18604651162790697,0.13953488372093023,0.30697674418604637
0.1781818181818182,1.796875,2.943359375,0.025,0.0,0.0,0.4250000000000001,0.037209302325581395,0.027906976744186046,0.07441860465116279,0.4500000000000001,0.0,0.0,0.6750000000000003,0.18604651162790697,0.13953488372093023,0.3162790697674417
0.1793939393939394,1.80859375,2.958984375,0.025,0.0,0.0,0.4500000000000001,0.037209302325581395,0.027906976744186046,0.07441860465116279,0.4500000000000001,0.0,0.0,0.6750000000000003,0.18604651162790697,0.13953488372093023,0.3162790697674417
0.1806060606060606,1.8203125,2.974609375,0.025,0.0,0.0,0.4500000000000001,0.037209302325581395,0.027906976744186046,0.07441860465116279,0.47500000000000014,0.0,0.0,0.6750000000000003,0.18604651162790697,0.13953488372093023,0.3162790697674417
0.18181818181818182,1.83203125,2.990234375,0.025,0.0,0.0,0.4500000000000001,0.037209302325581395,0.027906976744186046,0.07441860465116279,0.47500000000000014,0.0,0.0,0.6750000000000003,0.18604651162790697,0.13953488372093023,0.325581395348837
0.18303030303030302,1.84375,3.009765625,0.025,0.0,0.0,0.4500000000000001,0.037209302325581395,0.027906976744186046,0.07441860465116279,0.47500000000000014,0.0,0.0,0.6750000000000003,0.19534883720930232,0.13953488372093023,0.325581395348837
0.18424242424242426,1.85546875,3.02734375,0.025,0.0,0.0,0.4500000000000001,0.037209302325581395,0.027906976744186046,0.07441860465116279,0.47500000000000014,0.0,0.0,0.6750000000000003,0.20465116279069767,0.13953488372093023,0.325581395348837
0.18545454545454546,1.8671875,3.041015625,0.025,0.0,0.0,0.4500000000000001,0.037209302325581395,0.027906976744186046,0.07441860465116279,0.47500000000000014,0.0,0.0,0.6750000000000003,0.20465116279069767,0.14883720930232558,0.325581395348837
0.18666666666666668,1.87890625,3.05859375,0.025,0.0,0.0,0.4500000000000001,0.037209302325581395,0.027906976744186046,0.07441860465116279,0.47500000000000014,0.0,0.0,0.6750000000000003,0.20465116279069767,0.14883720930232558,0.33488372093023233
0.18787878787878787,1.890625,3.072265625,0.025,0.0,0.0,0.47500000000000014,0.037209302325581395,0.027906976744186046,0.07441860465116279,0.47500000000000014,0.0,0.0,0.6750000000000003,0.20465116279069767,0.14883720930232558,0.33488372093023233
0.18909090909090906,1.90234375,3.08984375,0.025,0.0,0.0,0.47500000000000014,0.037209302325581395,0.027906976744186046,0.07441860465116279,0.47500000000000014,0.0,0.0,0.6750000000000003,0.20465116279069767,0.15813953488372093,0.33488372093023233
0.1903030303030303,1.9140625,3.109375,0.025,0.0,0.0,0.47500000000000014,0.037209302325581395,0.027906976744186046,0.07441860465116279,0.5000000000000001,0.0,0.0,0.6750000000000003,0.20465116279069767,0.15813953488372093,0.33488372093023233
0.19151515151515147,1.92578125,3.12109375,0.025,0.0,0.0,0.47500000000000014,0.037209302325581395,0.027906976744186046,0.08372093023255814,0.5000000000000001,0.0,0.0,0.6750000000000003,0.20465116279069767,0.15813953488372093,0.33488372093023233
0.19272727272727272,1.9375,3.140625,0.025,0.0,0.0,0.47500000000000014,0.037209302325581395,0.027906976744186046,0.08372093023255814,0.5000000000000001,0.0,0.0,0.6750000000000003,0.21395348837209302,0.15813953488372093,0.33488372093023233
0.1939393939393939,1.94921875,3.154296875,0.025,0.0,0.0,0.47500000000000014,0.037209302325581395,0.027906976744186046,0.08372093023255814,0.5000000000000001,0.0,0.0,0.6750000000000003,0.22325581395348837,0.15813953488372093,0.33488372093023233
0.19515151515151513,1.9609375,3.171875,0.025,0.0,0.0,0.47500000000000014,0.037209302325581395,0.027906976744186046,0.08372093023255814,0.5000000000000001,0.0,0.0,0.6750000000000003,0.22325581395348837,0.16744186046511628,0.33488372093023233
0.19636363636363635,1.97265625,3.189453125,0.025,0.0,0.0,0.47500000000000014,0.037209302325581395,0.037209302325581395,0.08372093023255814,0.5000000000000001,0.0,0.0,0.6750000000000003,0.22325581395348837,0.16744186046511628,0.33488372093023233
0.19757575757575757,1.984375,3.203125,0.025,0.0,0.0,0.47500000000000014,0.037209302325581395,0.037209302325581395,0.08372093023255814,0.5000000000000001,0.0,0.0,0.6750000000000003,0.22325581395348837,0.16744186046511628,0.34418604651162765
0.19878787878787876,1.99609375,3.220703125,0.025,0.0,0.0,0.47500000000000014,0.037209302325581395,0.037209302325581395,0.08372093023255814,0.5000000000000001,0.0,0.0,0.6750000000000003,0.22325581395348837,0.16744186046511628,0.353488372093023
0.2,2.0078125,3.236328125,0.025,0.0,0.0,0.5000000000000001,0.037209302325581395,0.037209302325581395,0.08372093023255814,0.5000000000000001,0.0,0.0,0.6750000000000003,0.22325581395348837,0.16744186046511628,0.353488372093023
0.20121212121212123,2.01953125,3.255859375,0.025,0.0,0.0,0.5000000000000001,0.037209302325581395,0.037209302325581395,0.09302325581395349,0.5000000000000001,0.0,0.0,0.6750000000000003,0.22325581395348837,0.16744186046511628,0.353488372093023
0.20242424242424242,2.033203125,3.267578125,0.025,0.0,0.0,0.5000000000000001,0.037209302325581395,0.037209302325581395,0.10232558139534884,0.5000000000000001,0.0,0.0,0.6750000000000003,0.22325581395348837,0.16744186046511628,0.353488372093023
0.20363636363636362,2.044921875,3.287109375,0.025,0.0,0.0,0.5000000000000001,0.037209302325581395,0.037209302325581395,0.10232558139534884,0.5000000000000001,0.0,0.0,0.6750000000000003,0.22325581395348837,0.17674418604651163,0.353488372093023
0.20484848484848484,2.056640625,3.30078125,0.025,0.0,0.0,0.5000000000000001,0.037209302325581395,0.037209302325581395,0.10232558139534884,0.5000000000000001,0.0,0.0,0.6750000000000003,0.22325581395348837,0.18604651162790697,0.353488372093023
0.20606060606060606,2.068359375,3.3203125,0.025,0.0,0.0,0.5000000000000001,0.037209302325581395,0.037209302325581395,0.10232558139534884,0.5250000000000001,0.0,0.0,0.6750000000000003,0.22325581395348837,0.18604651162790697,0.353488372093023
0.20727272727272725,2.080078125,3.333984375,0.025,0.0,0.0,0.5000000000000001,0.037209302325581395,0.037209302325581395,0.10232558139534884,0.5250000000000001,0.0,0.0,0.6750000000000003,0.22325581395348837,0.18604651162790697,0.3627906976744183
0.20848484848484844,2.091796875,3.353515625,0.025,0.0,0.0,0.5000000000000001,0.037209302325581395,0.037209302325581395,0.10232558139534884,0.5250000000000001,0.0,0.0,0.6750000000000003,0.22325581395348837,0.18604651162790697,0.3720930232558136
0.20969696969696966,2.103515625,3.369140625,0.025,0.0,0.0,0.5000000000000001,0.037209302325581395,0.037209302325581395,0.10232558139534884,0.5250000000000001,0.0,0.0,0.7000000000000003,0.22325581395348837,0.18604651162790697,0.3720930232558136
0.21090909090909088,2.115234375,3.384765625,0.025,0.0,0.0,0.5000000000000001,0.037209302325581395,0.037209302325581395,0.10232558139534884,0.5250000000000001,0.0,0.0,0.7000000000000003,0.23255813953488372,0.18604651162790697,0.3720930232558136
0.21212121212121213,2.126953125,3.400390625,0.025,0.0,0.0,0.5000000000000001,0.037209302325581395,0.037209302325581395,0.10232558139534884,0.5250000000000001,0.0,0.0,0.7000000000000003,0.24186046511627907,0.18604651162790697,0.3720930232558136
0.21333333333333332,2.138671875,3.419921875,0.025,0.0,0.0,0.5250000000000001,0.037209302325581395,0.037209302325581395,0.10232558139534884,0.5250000000000001,0.0,0.0,0.7000000000000003,0.24186046511627907,0.18604651162790697,0.3720930232558136
0.21454545454545454,2.150390625,3.43359375,0.025,0.0,0.0,0.5250000000000001,0.037209302325581395,0.037209302325581395,0.10232558139534884,0.5250000000000001,0.0,0.0,0.7000000000000003,0.25116279069767444,0.18604651162790697,0.3720930232558136
0.21575757575757573,2.162109375,3.453125,0.025,0.0,0.0,0.5250000000000001,0.037209302325581395,0.037209302325581395,0.10232558139534884,0.5250000000000001,0.0,0.0,0.7000000000000003,0.25116279069767444,0.18604651162790697,0.38139534883720894
0.21696969696969695,2.173828125,3.46484375,0.025,0.0,0.0,0.5250000000000001,0.037209302325581395,0.037209302325581395,0.10232558139534884,0.5500000000000002,0.0,0.0,0.7000000000000003,0.25116279069767444,0.18604651162790697,0.38139534883720894
0.21818181818181817,2.185546875,3.48046875,0.025,0.0,0.0,0.5250000000000001,0.037209302325581395,0.037209302325581395,0.10232558139534884,0.5500000000000002,0.0,0.0,0.7000000000000003,0.26046511627906976,0.18604651162790697,0.38139534883720894
0.21939393939393934,2.197265625,3.498046875,0.025,0.0,0.0,0.5250000000000001,0.037209302325581395,0.037209302325581395,0.10232558139534884,0.5500000000000002,0.0,0.0,0.7000000000000003,0.2697674418604651,0.18604651162790697,0.38139534883720894
0.22060606060606056,2.208984375,3.515625,0.025,0.0,0.0,0.5250000000000001,0.037209302325581395,0.037209302325581395,0.10232558139534884,0.5500000000000002,0.0,0.0,0.7000000000000003,0.2697674418604651,0.19534883720930232,0.38139534883720894
0.22181818181818178,2.220703125,3.53125,0.025,0.0,0.0,0.5250000000000001,0.037209302325581395,0.037209302325581395,0.10232558139534884,0.5500000000000002,0.0,0.0,0.7000000000000003,0.2697674418604651,0.20465116279069767,0.38139534883720894
0.22303030303030302,2.232421875,3.548828125,0.025,0.0,0.0,0.5250000000000001,0.037209302325581395,0.037209302325581395,0.10232558139534884,0.5500000000000002,0.0,0.0,0.7000000000000003,0.2697674418604651,0.21395348837209302,0.38139534883720894
0.2242424242424242,2.244140625,3.564453125,0.025,0.0,0.0,0.5250000000000001,0.037209302325581395,0.037209302325581395,0.10232558139534884,0.5500000000000002,0.0,0.0,0.7000000000000003,0.2697674418604651,0.22325581395348837,0.38139534883720894
0.22545454545454538,2.255859375,3.58203125,0.025,0.0,0.0,0.5250000000000001,0.037209302325581395,0.037209302325581395,0.10232558139534884,0.5500000000000002,0.0,0.0,0.7000000000000003,0.2697674418604651,0.22325581395348837,0.39069767441860426
0.22666666666666663,2.267578125,3.59765625,0.025,0.0,0.0,0.5250000000000001,0.037209302325581395,0.037209302325581395,0.10232558139534884,0.5500000000000002,0.0,0.0,0.7000000000000003,0.2697674418604651,0.22325581395348837,0.3999999999999996
0.22787878787878785,2.279296875,3.6171875,0.025,0.0,0.0,0.5250000000000001,0.037209302325581395,0.037209302325581395,0.11162790697674418,0.5500000000000002,0.0,0.0,0.7000000000000003,0.2697674418604651,0.22325581395348837,0.3999999999999996
0.22909090909090907,2.291015625,3.6328125,0.025,0.0,0.0,0.5250000000000001,0.037209302325581395,0.037209302325581395,0.11162790697674418,0.5500000000000002,0.0,0.0,0.7000000000000003,0.2697674418604651,0.22325581395348837,0.4093023255813949
0.23030303030303026,2.302734375,3.646484375,0.025,0.0,0.0,0.5250000000000001,0.037209302325581395,0.037209302325581395,0.11162790697674418,0.5500000000000002,0.0,0.0,0.7000000000000003,0.2697674418604651,0.22325581395348837,0.4186046511627902
0.23151515151515148,2.314453125,3.662109375,0.025,0.0,0.0,0.5250000000000001,0.037209302325581395,0.037209302325581395,0.11162790697674418,0.5750000000000002,0.0,0.0,0.7000000000000003,0.2697674418604651,0.22325581395348837,0.4186046511627902
0.23272727272727267,2.326171875,3.6796875,0.025,0.0,0.0,0.5250000000000001,0.037209302325581395,0.037209302325581395,0.11162790697674418,0.5750000000000002,0.0,0.0,0.7000000000000003,0.2697674418604651,0.22325581395348837,0.42790697674418554
0.2339393939393939,2.33984375,3.6953125,0.025,0.0,0.0,0.5500000000000002,0.037209302325581395,0.037209302325581395,0.11162790697674418,0.5750000000000002,0.0,0.0,0.7000000000000003,0.2697674418604651,0.22325581395348837,0.42790697674418554
0.23515151515151514,2.3515625,3.71484375,0.025,0.0,0.0,0.5500000000000002,0.046511627906976744,0.037209302325581395,0.11162790697674418,0.5750000000000002,0.0,0.0,0.7000000000000003,0.2697674418604651,0.22325581395348837,0.42790697674418554
0.23636363636363633,2.36328125,3.73046875,0.025,0.0,0.0,0.5500000000000002,0.046511627906976744,0.037209302325581395,0.11162790697674418,0.5750000000000002,0.0,0.0,0.7000000000000003,0.2790697674418604,0.22325581395348837,0.42790697674418554
0.2375757575757575,2.375,3.744140625,0.025,0.0,0.0,0.5500000000000002,0.046511627906976744,0.037209302325581395,0.11162790697674418,0.5750000000000002,0.0,0.0,0.7000000000000003,0.2883720930232557,0.22325581395348837,0.42790697674418554
0.23878787878787874,2.38671875,3.759765625,0.025,0.0,0.0,0.5500000000000002,0.046511627906976744,0.037209302325581395,0.11162790697674418,0.5750000000000002,0.0,0.0,0.7000000000000003,0.29767441860465105,0.22325581395348837,0.42790697674418554
0.23999999999999996,2.3984375,3.779296875,0.025,0.0,0.0,0.5500000000000002,0.046511627906976744,0.037209302325581395,0.11162790697674418,0.5750000000000002,0.0,0.0,0.7000000000000003,0.30697674418604637,0.22325581395348837,0.42790697674418554
0.24121212121212116,2.41015625,3.794921875,0.025,0.0,0.0,0.5500000000000002,0.046511627906976744,0.037209302325581395,0.11162790697674418,0.5750000000000002,0.0,0.0,0.7000000000000003,0.3162790697674417,0.22325581395348837,0.42790697674418554
0.24242424242424235,2.421875,3.810546875,0.025,0.0,0.0,0.5500000000000002,0.046511627906976744,0.037209302325581395,0.11162790697674418,0.5750000000000002,0.0,0.0,0.7000000000000003,0.3162790697674417,0.22325581395348837,0.43720930232558086
0.24363636363636357,2.435546875,3.828125,0.025,0.0,0.0,0.5750000000000002,0.046511627906976744,0.037209302325581395,0.11162790697674418,0.5750000000000002,0.0,0.0,0.7000000000000003,0.3162790697674417,0.22325581395348837,0.43720930232558086
0.2448484848484848,2.447265625,3.845703125,0.025,0.0,0.0,0.5750000000000002,0.046511627906976744,0.037209302325581395,0.12093023255813953,0.5750000000000002,0.0,0.0,0.7000000000000003,0.3162790697674417,0.22325581395348837,0.43720930232558086
0.24606060606060604,2.458984375,3.859375,0.025,0.0,0.0,0.5750000000000002,0.046511627906976744,0.037209302325581395,0.12093023255813953,0.6000000000000002,0.0,0.0,0.7000000000000003,0.3162790697674417,0.22325581395348837,0.43720930232558086
0.2472727272727272,2.470703125,3.876953125,0.025,0.0,0.0,0.5750000000000002,0.046511627906976744,0.037209302325581395,0.12093023255813953,0.6000000000000002,0.0,0.0,0.7000000000000003,0.3162790697674417,0.23255813953488372,0.43720930232558086
0.2484848484848484,2.482421875,3.89453125,0.025,0.0,0.0,0.5750000000000002,0.046511627906976744,0.037209302325581395,0.12093023255813953,0.6000000000000002,0.0,0.0,0.7000000000000003,0.3162790697674417,0.24186046511627907,0.43720930232558086
0.24969696969696964,2.494140625,3.912109375,0.025,0.0,0.0,0.5750000000000002,0.046511627906976744,0.037209302325581395,0.12093023255813953,0.6250000000000002,0.0,0.0,0.7000000000000003,0.3162790697674417,0.24186046511627907,0.43720930232558086
0.25090909090909086,2.505859375,3.92578125,0.025,0.0,0.0,0.5750000000000002,0.046511627906976744,0.037209302325581395,0.12093023255813953,0.6250000000000002,0.0,0.0,0.7000000000000003,0.3162790697674417,0.25116279069767444,0.43720930232558086
0.252121212121212,2.517578125,3.94140625,0.025,0.0,0.0,0.5750000000000002,0.046511627906976744,0.037209302325581395,0.12093023255813953,0.6250000000000002,0.0,0.0,0.7000000000000003,0.3162790697674417,0.25116279069767444,0.4465116279069762
0.25333333333333324,2.529296875,3.95703125,0.025,0.0,0.0,0.5750000000000002,0.046511627906976744,0.037209302325581395,0.12093023255813953,0.6250000000000002,0.0,0.0,0.7000000000000003,0.3162790697674417,0.25116279069767444,0.4558139534883715
0.25454545454545446,2.541015625,3.9765625,0.025,0.0,0.0,0.5750000000000002,0.046511627906976744,0.037209302325581395,0.12093023255813953,0.6250000000000002,0.0,0.0,0.7250000000000003,0.3162790697674417,0.25116279069767444,0.4558139534883715
0.2557575757575757,2.552734375,3.9921875,0.025,0.0,0.0,0.5750000000000002,0.046511627906976744,0.037209302325581395,0.12093023255813953,0.6250000000000002,0.0,0.0,0.7250000000000003,0.325581395348837,0.25116279069767444,0.4558139534883715
0.2569696969696969,2.564453125,4.0078125,0.025,0.0,0.0,0.5750000000000002,0.046511627906976744,0.037209302325581395,0.12093023255813953,0.6250000000000002,0.0,0.0,0.7250000000000003,0.33488372093023233,0.25116279069767444,0.4558139534883715
0.2581818181818181,2.578125,4.0234375,0.025,0.0,0.0,0.6000000000000002,0.046511627906976744,0.037209302325581395,0.12093023255813953,0.6250000000000002,0.0,0.0,0.7250000000000003,0.33488372093023233,0.25116279069767444,0.4558139534883715
0.25939393939393934,2.58984375,4.04296875,0.025,0.0,0.0,0.6000000000000002,0.046511627906976744,0.037209302325581395,0.12093023255813953,0.6250000000000002,0.0,0.0,0.7250000000000003,0.33488372093023233,0.25116279069767444,0.4651162790697668
0.2606060606060605,2.603515625,4.05859375,0.025,0.0,0.0,0.6000000000000002,0.046511627906976744,0.037209302325581395,0.13023255813953488,0.6250000000000002,0.0,0.0,0.7250000000000003,0.33488372093023233,0.25116279069767444,0.4651162790697668
0.2618181818181817,2.615234375,4.07421875,0.025,0.0,0.0,0.6000000000000002,0.046511627906976744,0.037209302325581395,0.13023255813953488,0.6500000000000002,0.0,0.0,0.7250000000000003,0.33488372093023233,0.25116279069767444,0.4651162790697668
0.263030303030303,2.626953125,4.08984375,0.025,0.0,0.0,0.6000000000000002,0.046511627906976744,0.037209302325581395,0.13023255813953488,0.6500000000000002,0.0,0.0,0.7250000000000003,0.34418604651162765,0.25116279069767444,0.4651162790697668
0.26424242424242417,2.638671875,4.10546875,0.025,0.0,0.0,0.6000000000000002,0.046511627906976744,0.037209302325581395,0.13023255813953488,0.6500000000000002,0.0,0.0,0.7250000000000003,0.353488372093023,0.25116279069767444,0.4651162790697668
0.2654545454545454,2.650390625,4.12890625,0.025,0.0,0.0,0.6000000000000002,0.046511627906976744,0.037209302325581395,0.13023255813953488,0.6500000000000002,0.0,0.0,0.7250000000000003,0.353488372093023,0.26046511627906976,0.4651162790697668
0.2666666666666666,2.662109375,4.14453125,0.025,0.0,0.0,0.6000000000000002,0.046511627906976744,0.037209302325581395,0.13023255813953488,0.6500000000000002,0.0,0.0,0.7250000000000003,0.353488372093023,0.2697674418604651,0.4651162790697668
0.2678787878787878,2.673828125,4.16015625,0.025,0.0,0.0,0.6000000000000002,0.046511627906976744,0.037209302325581395,0.13023255813953488,0.6500000000000002,0.0,0.0,0.7250000000000003,0.3627906976744183,0.2697674418604651,0.4651162790697668
0.269090909090909,2.685546875,4.171875,0.025,0.0,0.0,0.6000000000000002,0.046511627906976744,0.037209302325581395,0.13023255813953488,0.6500000000000002,0.0,0.0,0.7250000000000003,0.3627906976744183,0.2790697674418604,0.4651162790697668
0.2703030303030302,2.697265625,4.19140625,0.025,0.0,0.0,0.6000000000000002,0.046511627906976744,0.037209302325581395,0.13023255813953488,0.6500000000000002,0.0,0.0,0.7250000000000003,0.3627906976744183,0.2883720930232557,0.4651162790697668
0.27151515151515143,2.708984375,4.20703125,0.025,0.0,0.0,0.6000000000000002,0.046511627906976744,0.037209302325581395,0.13023255813953488,0.6500000000000002,0.0,0.0,0.7250000000000003,0.3627906976744183,0.2883720930232557,0.47441860465116215
0.27272727272727265,2.720703125,4.2265625,0.025,0.0,0.0,0.6000000000000002,0.046511627906976744,0.037209302325581395,0.13023255813953488,0.6500000000000002,0.0,0.0,0.7250000000000003,0.3627906976744183,0.2883720930232557,0.48372093023255747
0.2739393939393938,2.732421875,4.2421875,0.025,0.0,0.0,0.6000000000000002,0.046511627906976744,0.037209302325581395,0.13023255813953488,0.6500000000000002,0.0,0.0,0.7250000000000003,0.3720930232558136,0.2883720930232557,0.48372093023255747
0.27515151515151504,2.74609375,4.2578125,0.025,0.0,0.0,0.6000000000000002,0.05581395348837209,0.037209302325581395,0.13023255813953488,0.6500000000000002,0.0,0.0,0.7250000000000003,0.3720930232558136,0.2883720930232557,0.48372093023255747
0.27636363636363626,2.7578125,4.2734375,0.025,0.0,0.0,0.6000000000000002,0.05581395348837209,0.037209302325581395,0.13023255813953488,0.6500000000000002,0.0,0.0,0.7250000000000003,0.3720930232558136,0.29767441860465105,0.48372093023255747
0.2775757575757575,2.771484375,4.2890625,0.025,0.0,0.0,0.6000000000000002,0.05581395348837209,0.046511627906976744,0.13023255813953488,0.6500000000000002,0.0,0.0,0.7250000000000003,0.3720930232558136,0.29767441860465105,0.48372093023255747
0.27878787878787864,2.783203125,4.3046875,0.025,0.0,0.0,0.6000000000000002,0.05581395348837209,0.046511627906976744,0.13023255813953488,0.6500000000000002,0.0,0.0,0.7250000000000003,0.3720930232558136,0.30697674418604637,0.48372093023255747
0.2799999999999999,2.794921875,4.3203125,0.025,0.0,0.0,0.6000000000000002,0.05581395348837209,0.046511627906976744,0.13023255813953488,0.6500000000000002,0.0,0.0,0.7250000000000003,0.3720930232558136,0.3162790697674417,0.48372093023255747
0.28121212121212114,2.80859375,4.33984375,0.025,0.0,0.0,0.6000000000000002,0.05581395348837209,0.046511627906976744,0.13953488372093023,0.6500000000000002,0.0,0.0,0.7250000000000003,0.3720930232558136,0.3162790697674417,0.48372093023255747
0.2824242424242423,2.8203125,4.359375,0.025,0.0,0.0,0.6000000000000002,0.05581395348837209,0.046511627906976744,0.14883720930232558,0.6500000000000002,0.0,0.0,0.7250000000000003,0.3720930232558136,0.3162790697674417,0.48372093023255747
0.2836363636363635,2.833984375,4.375,0.025,0.0,0.0,0.6000000000000002,0.05581395348837209,0.046511627906976744,0.15813953488372093,0.6500000000000002,0.0,0.0,0.7250000000000003,0.3720930232558136,0.3162790697674417,0.48372093023255747
0.28484848484848474,2.84765625,4.390625,0.025,0.0,0.0,0.6250000000000002,0.05581395348837209,0.046511627906976744,0.15813953488372093,0.6500000000000002,0.0,0.0,0.7250000000000003,0.3720930232558136,0.3162790697674417,0.48372093023255747
0.28606060606060596,2.861328125,4.40625,0.025,0.0,0.0,0.6250000000000002,0.05581395348837209,0.046511627906976744,0.15813953488372093,0.6750000000000003,0.0,0.0,0.7250000000000003,0.3720930232558136,0.3162790697674417,0.48372093023255747
0.2872727272727272,2.873046875,4.421875,0.025,0.0,0.0,0.6250000000000002,0.05581395348837209,0.046511627906976744,0.15813953488372093,0.7000000000000003,0.0,0.0,0.7250000000000003,0.3720930232558136,0.3162790697674417,0.48372093023255747
0.28848484848484834,2.88671875,4.4375,0.025,0.0,0.0,0.6250000000000002,0.05581395348837209,0.046511627906976744,0.16744186046511628,0.7000000000000003,0.0,0.0,0.7250000000000003,0.3720930232558136,0.3162790697674417,0.48372093023255747
0.2896969696969696,2.900390625,4.453125,0.025,0.0,0.0,0.6250000000000002,0.05581395348837209,0.046511627906976744,0.16744186046511628,0.7000000000000003,0.0,0.0,0.7500000000000003,0.3720930232558136,0.3162790697674417,0.48372093023255747
0.2909090909090908,2.912109375,4.46875,0.025,0.0,0.0,0.6250000000000002,0.05581395348837209,0.046511627906976744,0.16744186046511628,0.7000000000000003,0.0,0.0,0.7500000000000003,0.38139534883720894,0.3162790697674417,0.48372093023255747
0.292121212121212,2.923828125,4.484375,0.025,0.0,0.0,0.6250000000000002,0.05581395348837209,0.046511627906976744,0.16744186046511628,0.7000000000000003,0.0,0.0,0.7500000000000003,0.39069767441860426,0.3162790697674417,0.48372093023255747
0.29333333333333317,2.935546875,4.50390625,0.025,0.0,0.0,0.6250000000000002,0.05581395348837209,0.046511627906976744,0.16744186046511628,0.7000000000000003,0.0,0.0,0.7500000000000003,0.3999999999999996,0.3162790697674417,0.48372093023255747
0.29454545454545444,2.947265625,4.5234375,0.025,0.0,0.0,0.6250000000000002,0.05581395348837209,0.046511627906976744,0.16744186046511628,0.7000000000000003,0.0,0.0,0.7500000000000003,0.3999999999999996,0.325581395348837,0.48372093023255747
0.2957575757575756,2.958984375,4.5390625,0.025,0.0,0.0,0.6250000000000002,0.05581395348837209,0.046511627906976744,0.16744186046511628,0.7000000000000003,0.0,0.0,0.7500000000000003,0.3999999999999996,0.33488372093023233,0.48372093023255747
0.29696969696969683,2.970703125,4.55859375,0.025,0.0,0.0,0.6250000000000002,0.05581395348837209,0.046511627906976744,0.16744186046511628,0.7000000000000003,0.0,0.0,0.7500000000000003,0.3999999999999996,0.34418604651162765,0.48372093023255747
0.29818181818181805,2.982421875,4.57421875,0.025,0.0,0.0,0.6250000000000002,0.05581395348837209,0.046511627906976744,0.16744186046511628,0.7000000000000003,0.0,0.0,0.7500000000000003,0.3999999999999996,0.34418604651162765,0.4930232558139528
0.29939393939393927,2.994140625,4.5859375,0.025,0.0,0.0,0.6250000000000002,0.05581395348837209,0.046511627906976744,0.16744186046511628,0.7000000000000003,0.0,0.0,0.7500000000000003,0.3999999999999996,0.34418604651162765,0.5023255813953481
0.30060606060606043,3.005859375,4.60546875,0.025,0.0,0.0,0.6250000000000002,0.05581395348837209,0.046511627906976744,0.16744186046511628,0.7000000000000003,0.0,0.0,0.7500000000000003,0.4093023255813949,0.34418604651162765,0.5023255813953481
0.30181818181818165,3.017578125,4.62109375,0.025,0.0,0.0,0.6250000000000002,0.05581395348837209,0.046511627906976744,0.16744186046511628,0.7000000000000003,0.0,0.0,0.7500000000000003,0.4186046511627902,0.34418604651162765,0.5023255813953481
0.30303030303030287,3.029296875,4.63671875,0.025,0.0,0.0,0.6250000000000002,0.05581395348837209,0.046511627906976744,0.16744186046511628,0.7000000000000003,0.0,0.0,0.7500000000000003,0.4186046511627902,0.353488372093023,0.5023255813953481
0.3042424242424241,3.041015625,4.65625,0.025,0.0,0.0,0.6250000000000002,0.05581395348837209,0.046511627906976744,0.16744186046511628,0.7000000000000003,0.0,0.0,0.7500000000000003,0.4186046511627902,0.353488372093023,0.5116279069767434
0.30545454545454526,3.052734375,4.671875,0.025,0.0,0.0,0.6250000000000002,0.05581395348837209,0.046511627906976744,0.16744186046511628,0.7000000000000003,0.0,0.0,0.7500000000000003,0.4186046511627902,0.353488372093023,0.5209302325581388
0.3066666666666665,3.064453125,4.6875,0.025,0.0,0.0,0.6250000000000002,0.05581395348837209,0.046511627906976744,0.16744186046511628,0.7000000000000003,0.0,0.0,0.7500000000000003,0.4186046511627902,0.3627906976744183,0.5209302325581388
0.30787878787878775,3.076171875,4.703125,0.025,0.0,0.0,0.6250000000000002,0.05581395348837209,0.046511627906976744,0.16744186046511628,0.7000000000000003,0.0,0.0,0.7500000000000003,0.4186046511627902,0.3627906976744183,0.5302325581395341
0.30909090909090897,3.087890625,4.71875,0.025,0.0,0.0,0.6250000000000002,0.05581395348837209,0.046511627906976744,0.16744186046511628,0.7000000000000003,0.0,0.0,0.7500000000000003,0.4186046511627902,0.3720930232558136,0.5302325581395341
0.31030303030303014,3.099609375,4.73828125,0.025,0.0,0.0,0.6250000000000002,0.05581395348837209,0.046511627906976744,0.16744186046511628,0.7000000000000003,0.0,0.0,0.7500000000000003,0.4186046511627902,0.3720930232558136,0.5395348837209294
0.31151515151515136,3.111328125,4.75390625,0.025,0.0,0.0,0.6250000000000002,0.05581395348837209,0.046511627906976744,0.16744186046511628,0.7000000000000003,0.0,0.0,0.7500000000000003,0.4186046511627902,0.3720930232558136,0.5488372093023247
0.3127272727272726,3.125,4.76953125,0.025,0.0,0.0,0.6250000000000002,0.05581395348837209,0.046511627906976744,0.17674418604651163,0.7000000000000003,0.0,0.0,0.7500000000000003,0.4186046511627902,0.3720930232558136,0.5488372093023247
0.31393939393939374,3.138671875,4.78515625,0.025,0.0,0.0,0.6500000000000002,0.05581395348837209,0.046511627906976744,0.17674418604651163,0.7000000000000003,0.0,0.0,0.7500000000000003,0.4186046511627902,0.3720930232558136,0.5488372093023247
0.31515151515151496,3.15234375,4.80859375,0.025,0.0,0.0,0.6500000000000002,0.05581395348837209,0.046511627906976744,0.17674418604651163,0.7250000000000003,0.0,0.0,0.7500000000000003,0.4186046511627902,0.3720930232558136,0.5488372093023247
0.3163636363636362,3.1640625,4.82421875,0.025,0.0,0.0,0.6500000000000002,0.05581395348837209,0.046511627906976744,0.17674418604651163,0.7250000000000003,0.0,0.0,0.7500000000000003,0.42790697674418554,0.3720930232558136,0.5488372093023247
0.3175757575757574,3.17578125,4.83984375,0.025,0.0,0.0,0.6500000000000002,0.05581395348837209,0.046511627906976744,0.17674418604651163,0.7250000000000003,0.0,0.0,0.7500000000000003,0.43720930232558086,0.3720930232558136,0.5488372093023247
0.3187878787878786,3.189453125,4.859375,0.025,0.0,0.0,0.6500000000000002,0.05581395348837209,0.046511627906976744,0.17674418604651163,0.7250000000000003,0.0,0.0,0.7500000000000003,0.4465116279069762,0.3720930232558136,0.5488372093023247
0.3199999999999998,3.201171875,4.875,0.025,0.0,0.0,0.6500000000000002,0.05581395348837209,0.046511627906976744,0.17674418604651163,0.7250000000000003,0.0,0.0,0.7500000000000003,0.4558139534883715,0.3720930232558136,0.5488372093023247
0.32121212121212106,3.212890625,4.890625,0.025,0.0,0.0,0.6500000000000002,0.05581395348837209,0.046511627906976744,0.17674418604651163,0.7250000000000003,0.0,0.0,0.7500000000000003,0.4558139534883715,0.38139534883720894,0.5488372093023247
0.3224242424242422,3.224609375,4.90625,0.025,0.0,0.0,0.6500000000000002,0.05581395348837209,0.046511627906976744,0.17674418604651163,0.7250000000000003,0.0,0.0,0.7500000000000003,0.4558139534883715,0.38139534883720894,0.55813953488372
0.32363636363636344,3.236328125,4.92578125,0.025,0.0,0.0,0.6500000000000002,0.05581395348837209,0.046511627906976744,0.17674418604651163,0.7250000000000003,0.0,0.0,0.7500000000000003,0.4558139534883715,0.38139534883720894,0.5674418604651154
0.32484848484848466,3.248046875,4.94140625,0.025,0.0,0.0,0.6500000000000002,0.05581395348837209,0.046511627906976744,0.17674418604651163,0.7250000000000003,0.0,0.0,0.7500000000000003,0.4558139534883715,0.39069767441860426,0.5674418604651154
0.32606060606060583,3.259765625,4.95703125,0.025,0.0,0.0,0.6500000000000002,0.05581395348837209,0.046511627906976744,0.17674418604651163,0.7250000000000003,0.0,0.0,0.7500000000000003,0.4558139534883715,0.3999999999999996,0.5674418604651154
0.32727272727272705,3.2734375,4.9765625,0.025,0.0,0.0,0.6500000000000002,0.05581395348837209,0.046511627906976744,0.18604651162790697,0.7250000000000003,0.0,0.0,0.7500000000000003,0.4558139534883715,0.3999999999999996,0.5674418604651154
0.32848484848484827,3.287109375,4.9921875,0.025,0.0,0.0,0.6500000000000002,0.05581395348837209,0.05581395348837209,0.18604651162790697,0.7250000000000003,0.0,0.0,0.7500000000000003,0.4558139534883715,0.3999999999999996,0.5674418604651154
0.3296969696969695,3.30078125,5.0078125,0.025,0.0,0.0,0.6500000000000002,0.05581395348837209,0.05581395348837209,0.18604651162790697,0.7500000000000003,0.0,0.0,0.7500000000000003,0.4558139534883715,0.3999999999999996,0.5674418604651154
0.33090909090909076,3.314453125,5.02734375,0.025,0.0,0.0,0.6500000000000002,0.05581395348837209,0.05581395348837209,0.19534883720930232,0.7500000000000003,0.0,0.0,0.7500000000000003,0.4558139534883715,0.3999999999999996,0.5674418604651154
0.332121212121212,3.328125,5.04296875,0.025,0.0,0.0,0.6500000000000002,0.05581395348837209,0.05581395348837209,0.19534883720930232,0.7500000000000003,0.0,0.0,0.7750000000000004,0.4558139534883715,0.3999999999999996,0.5674418604651154
0.3333333333333331,3.341796875,5.05859375,0.025,0.0,0.0,0.6500000000000002,0.05581395348837209,0.05581395348837209,0.19534883720930232,0.7500000000000003,0.0,0.0,0.7750000000000004,0.4651162790697668,0.3999999999999996,0.5674418604651154
0.33454545454545437,3.35546875,5.07421875,0.025,0.0,0.0,0.6500000000000002,0.05581395348837209,0.05581395348837209,0.19534883720930232,0.7500000000000003,0.0,0.0,0.7750000000000004,0.47441860465116215,0.3999999999999996,0.5674418604651154
0.3357575757575756,3.3671875,5.09375,0.025,0.0,0.0,0.6500000000000002,0.05581395348837209,0.05581395348837209,0.19534883720930232,0.7500000000000003,0.0,0.0,0.7750000000000004,0.48372093023255747,0.3999999999999996,0.5674418604651154
0.3369696969696968,3.37890625,5.109375,0.025,0.0,0.0,0.6500000000000002,0.05581395348837209,0.05581395348837209,0.19534883720930232,0.7500000000000003,0.0,0.0,0.7750000000000004,0.4930232558139528,0.3999999999999996,0.5674418604651154
0.338181818181818,3.392578125,5.125,0.025,0.0,0.0,0.6500000000000002,0.06511627906976744,0.05581395348837209,0.19534883720930232,0.7500000000000003,0.0,0.0,0.7750000000000004,0.4930232558139528,0.3999999999999996,0.5674418604651154
0.3393939393939392,3.40625,5.140625,0.025,0.0,0.0,0.6500000000000002,0.06511627906976744,0.05581395348837209,0.19534883720930232,0.7500000000000003,0.0,0.0,0.7750000000000004,0.5023255813953481,0.3999999999999996,0.5674418604651154
0.3406060606060604,3.41796875,5.16015625,0.025,0.0,0.0,0.6500000000000002,0.06511627906976744,0.05581395348837209,0.19534883720930232,0.7500000000000003,0.0,0.0,0.7750000000000004,0.5023255813953481,0.4093023255813949,0.5674418604651154
0.34181818181818163,3.4296875,5.171875,0.025,0.0,0.0,0.6500000000000002,0.06511627906976744,0.05581395348837209,0.19534883720930232,0.7500000000000003,0.0,0.0,0.7750000000000004,0.5023255813953481,0.4186046511627902,0.5674418604651154
0.3430303030303028,3.443359375,5.1875,0.025,0.0,0.0,0.6500000000000002,0.06511627906976744,0.05581395348837209,0.20465116279069767,0.7500000000000003,0.0,0.0,0.7750000000000004,0.5023255813953481,0.4186046511627902,0.5674418604651154
0.344242424242424,3.45703125,5.20703125,0.025,0.0,0.0,0.6500000000000002,0.06511627906976744,0.05581395348837209,0.20465116279069767,0.7500000000000003,0.0,0.0,0.7750000000000004,0.5023255813953481,0.42790697674418554,0.5674418604651154
0.34545454545454524,3.46875,5.22265625,0.025,0.0,0.0,0.6500000000000002,0.06511627906976744,0.05581395348837209,0.20465116279069767,0.7500000000000003,0.0,0.0,0.7750000000000004,0.5023255813953481,0.43720930232558086,0.5674418604651154
0.3466666666666664,3.48046875,5.23828125,0.025,0.0,0.0,0.6500000000000002,0.06511627906976744,0.05581395348837209,0.20465116279069767,0.7500000000000003,0.0,0.0,0.7750000000000004,0.5023255813953481,0.43720930232558086,0.5767441860465107
0.3478787878787877,3.4921875,5.25390625,0.025,0.0,0.0,0.6500000000000002,0.06511627906976744,0.05581395348837209,0.20465116279069767,0.7500000000000003,0.0,0.0,0.7750000000000004,0.5023255813953481,0.43720930232558086,0.586046511627906
0.34909090909090884,3.50390625,5.2734375,0.025,0.0,0.0,0.6500000000000002,0.06511627906976744,0.05581395348837209,0.20465116279069767,0.7500000000000003,0.0,0.0,0.7750000000000004,0.5023255813953481,0.43720930232558086,0.5953488372093013
0.35030303030303,3.515625,5.2890625,0.025,0.0,0.0,0.6500000000000002,0.06511627906976744,0.05581395348837209,0.20465116279069767,0.7500000000000003,0.0,0.0,0.7750000000000004,0.5023255813953481,0.4465116279069762,0.5953488372093013
0.3515151515151513,3.529296875,5.3046875,0.025,0.0,0.0,0.6750000000000003,0.06511627906976744,0.05581395348837209,0.20465116279069767,0.7500000000000003,0.0,0.0,0.7750000000000004,0.5023255813953481,0.4465116279069762,0.5953488372093013
0.35272727272727245,3.54296875,5.32421875,0.025,0.0,0.0,0.6750000000000003,0.06511627906976744,0.05581395348837209,0.20465116279069767,0.7750000000000004,0.0,0.0,0.7750000000000004,0.5023255813953481,0.4465116279069762,0.5953488372093013
0.35393939393939367,3.556640625,5.34375,0.025,0.0,0.0,0.6750000000000003,0.06511627906976744,0.05581395348837209,0.20465116279069767,0.7750000000000004,0.0,0.0,0.7750000000000004,0.5023255813953481,0.4558139534883715,0.5953488372093013
0.3551515151515149,3.568359375,5.359375,0.025,0.0,0.0,0.6750000000000003,0.06511627906976744,0.05581395348837209,0.20465116279069767,0.7750000000000004,0.0,0.0,0.7750000000000004,0.5023255813953481,0.4558139534883715,0.6046511627906966
0.3563636363636361,3.580078125,5.375,0.025,0.0,0.0,0.6750000000000003,0.06511627906976744,0.05581395348837209,0.20465116279069767,0.7750000000000004,0.0,0.0,0.7750000000000004,0.5023255813953481,0.4558139534883715,0.613953488372092
0.3575757575757573,3.591796875,5.39453125,0.025,0.0,0.0,0.6750000000000003,0.06511627906976744,0.05581395348837209,0.20465116279069767,0.7750000000000004,0.0,0.0,0.7750000000000004,0.5023255813953481,0.4558139534883715,0.6232558139534873
0.35878787878787854,3.60546875,5.41015625,0.025,0.0,0.0,0.6750000000000003,0.07441860465116279,0.05581395348837209,0.20465116279069767,0.7750000000000004,0.0,0.0,0.7750000000000004,0.5023255813953481,0.4558139534883715,0.6232558139534873
0.3599999999999997,3.619140625,5.42578125,0.025,0.0,0.0,0.6750000000000003,0.07441860465116279,0.05581395348837209,0.21395348837209302,0.7750000000000004,0.0,0.0,0.7750000000000004,0.5023255813953481,0.4558139534883715,0.6232558139534873
0.36121212121212093,3.6328125,5.44140625,0.025,0.0,0.0,0.6750000000000003,0.07441860465116279,0.05581395348837209,0.22325581395348837,0.7750000000000004,0.0,0.0,0.7750000000000004,0.5023255813953481,0.4558139534883715,0.6232558139534873
0.36242424242424215,3.646484375,5.4609375,0.025,0.0,0.0,0.6750000000000003,0.07441860465116279,0.05581395348837209,0.22325581395348837,0.7750000000000004,0.0,0.0,0.7750000000000004,0.5023255813953481,0.4558139534883715,0.6325581395348826
0.3636363636363633,3.658203125,5.48046875,0.025,0.0,0.0,0.6750000000000003,0.07441860465116279,0.05581395348837209,0.22325581395348837,0.7750000000000004,0.0,0.0,0.7750000000000004,0.5023255813953481,0.4558139534883715,0.6418604651162779
0.3648484848484846,3.671875,5.48828125,0.025,0.0,0.0,0.6750000000000003,0.07441860465116279,0.05581395348837209,0.22325581395348837,0.8000000000000004,0.0,0.0,0.7750000000000004,0.5023255813953481,0.4558139534883715,0.6418604651162779
0.3660606060606058,3.685546875,5.5078125,0.025,0.0,0.0,0.6750000000000003,0.07441860465116279,0.05581395348837209,0.22325581395348837,0.8000000000000004,0.0,0.0,0.7750000000000004,0.5116279069767434,0.4558139534883715,0.6418604651162779
0.36727272727272703,3.69921875,5.5234375,0.025,0.0,0.0,0.6750000000000003,0.07441860465116279,0.05581395348837209,0.22325581395348837,0.8000000000000004,0.0,0.0,0.7750000000000004,0.5209302325581388,0.4558139534883715,0.6418604651162779
0.3684848484848482,3.7109375,5.54296875,0.025,0.0,0.0,0.6750000000000003,0.07441860465116279,0.05581395348837209,0.22325581395348837,0.8000000000000004,0.0,0.0,0.7750000000000004,0.5302325581395341,0.4558139534883715,0.6418604651162779
0.3696969696969694,3.724609375,5.55859375,0.025,0.0,0.0,0.6750000000000003,0.07441860465116279,0.06511627906976744,0.22325581395348837,0.8000000000000004,0.0,0.0,0.7750000000000004,0.5302325581395341,0.4558139534883715,0.6418604651162779
0.37090909090909063,3.73828125,5.57421875,0.025,0.0,0.0,0.6750000000000003,0.07441860465116279,0.06511627906976744,0.22325581395348837,0.8000000000000004,0.0,0.0,0.7750000000000004,0.5302325581395341,0.4651162790697668,0.6418604651162779
0.37212121212121185,3.75,5.59375,0.025,0.0,0.0,0.6750000000000003,0.07441860465116279,0.06511627906976744,0.22325581395348837,0.8000000000000004,0.0,0.0,0.7750000000000004,0.5302325581395341,0.47441860465116215,0.6418604651162779
0.373333333333333,3.763671875,5.609375,0.025,0.0,0.0,0.6750000000000003,0.07441860465116279,0.06511627906976744,0.22325581395348837,0.8000000000000004,0.0,0.0,0.7750000000000004,0.5302325581395341,0.48372093023255747,0.6418604651162779
0.3745454545454543,3.775390625,5.62890625,0.025,0.0,0.0,0.6750000000000003,0.07441860465116279,0.06511627906976744,0.22325581395348837,0.8000000000000004,0.0,0.0,0.7750000000000004,0.5302325581395341,0.4930232558139528,0.6418604651162779
0.37575757575757546,3.787109375,5.64453125,0.025,0.0,0.0,0.6750000000000003,0.07441860465116279,0.06511627906976744,0.22325581395348837,0.8000000000000004,0.0,0.0,0.7750000000000004,0.5302325581395341,0.5023255813953481,0.6418604651162779
0.3769696969696966,3.80078125,5.6640625,0.025,0.0,0.0,0.6750000000000003,0.07441860465116279,0.06511627906976744,0.22325581395348837,0.8000000000000004,0.0,0.0,0.7750000000000004,0.5395348837209294,0.5023255813953481,0.6418604651162779
0.3781818181818179,3.814453125,5.6796875,0.025,0.0,0.0,0.6750000000000003,0.07441860465116279,0.06511627906976744,0.22325581395348837,0.8000000000000004,0.0,0.0,0.7750000000000004,0.5488372093023247,0.5023255813953481,0.6418604651162779
0.37939393939393906,3.826171875,5.6953125,0.025,0.0,0.0,0.6750000000000003,0.07441860465116279,0.06511627906976744,0.22325581395348837,0.8000000000000004,0.0,0.0,0.7750000000000004,0.55813953488372,0.5023255813953481,0.6418604651162779
0.3806060606060602,3.837890625,5.7109375,0.025,0.0,0.0,0.6750000000000003,0.07441860465116279,0.06511627906976744,0.22325581395348837,0.8000000000000004,0.0,0.0,0.7750000000000004,0.55813953488372,0.5023255813953481,0.6511627906976732
0.3818181818181815,3.8515625,5.734375,0.025,0.0,0.0,0.6750000000000003,0.07441860465116279,0.06511627906976744,0.22325581395348837,0.8000000000000004,0.0,0.0,0.7750000000000004,0.55813953488372,0.5023255813953481,0.6604651162790686
0.3830303030303027,3.86328125,5.7421875,0.025,0.0,0.0,0.6750000000000003,0.07441860465116279,0.06511627906976744,0.22325581395348837,0.8000000000000004,0.0,0.0,0.7750000000000004,0.55813953488372,0.5023255813953481,0.6697674418604639
0.38424242424242394,3.876953125,5.76171875,0.025,0.0,0.0,0.6750000000000003,0.07441860465116279,0.06511627906976744,0.23255813953488372,0.8000000000000004,0.0,0.0,0.7750000000000004,0.55813953488372,0.5023255813953481,0.6697674418604639
0.38545454545454516,3.890625,5.77734375,0.025,0.0,0.0,0.6750000000000003,0.07441860465116279,0.06511627906976744,0.23255813953488372,0.8000000000000004,0.0,0.0,0.8000000000000004,0.55813953488372,0.5023255813953481,0.6697674418604639
0.3866666666666663,3.904296875,5.796875,0.025,0.0,0.0,0.6750000000000003,0.07441860465116279,0.06511627906976744,0.23255813953488372,0.8000000000000004,0.0,0.0,0.8000000000000004,0.55813953488372,0.5023255813953481,0.6790697674418592
0.38787878787878755,3.91796875,5.8125,0.025,0.0,0.0,0.6750000000000003,0.07441860465116279,0.06511627906976744,0.24186046511627907,0.8000000000000004,0.0,0.0,0.8000000000000004,0.55813953488372,0.5023255813953481,0.6790697674418592
0.38909090909090877,3.931640625,5.828125,0.025,0.0,0.0,0.6750000000000003,0.07441860465116279,0.06511627906976744,0.24186046511627907,0.8000000000000004,0.0,0.0,0.8000000000000004,0.55813953488372,0.5023255813953481,0.6883720930232545
0.39030303030303,3.9453125,5.84375,0.025,0.0,0.0,0.6750000000000003,0.07441860465116279,0.06511627906976744,0.25116279069767444,0.8000000000000004,0.0,0.0,0.8000000000000004,0.55813953488372,0.5023255813953481,0.6883720930232545
0.39151515151515115,3.958984375,5.8671875,0.025,0.0,0.0,0.6750000000000003,0.07441860465116279,0.06511627906976744,0.25116279069767444,0.8000000000000004,0.0,0.0,0.8000000000000004,0.5674418604651154,0.5023255813953481,0.6883720930232545
0.39272727272727237,3.97265625,5.8828125,0.025,0.0,0.0,0.6750000000000003,0.07441860465116279,0.06511627906976744,0.25116279069767444,0.8000000000000004,0.0,0.0,0.8000000000000004,0.5767441860465107,0.5023255813953481,0.6883720930232545
0.3939393939393936,3.984375,5.8984375,0.025,0.0,0.0,0.6750000000000003,0.07441860465116279,0.06511627906976744,0.25116279069767444,0.8000000000000004,0.0,0.0,0.8000000000000004,0.5767441860465107,0.5023255813953481,0.6976744186046498
0.39515151515151475,3.998046875,5.91015625,0.025,0.0,0.0,0.6750000000000003,0.07441860465116279,0.06511627906976744,0.25116279069767444,0.8000000000000004,0.0,0.0,0.8000000000000004,0.586046511627906,0.5023255813953481,0.6976744186046498
0.39636363636363603,4.01171875,5.92578125,0.025,0.0,0.0,0.7000000000000003,0.07441860465116279,0.06511627906976744,0.25116279069767444,0.8000000000000004,0.0,0.0,0.8000000000000004,0.586046511627906,0.5023255813953481,0.6976744186046498
0.3975757575757572,4.02734375,5.9453125,0.025,0.0,0.0,0.7000000000000003,0.08372093023255814,0.06511627906976744,0.25116279069767444,0.8000000000000004,0.0,0.0,0.8000000000000004,0.586046511627906,0.5023255813953481,0.6976744186046498
0.3987878787878784,4.0390625,5.96484375,0.025,0.0,0.0,0.7000000000000003,0.08372093023255814,0.06511627906976744,0.25116279069767444,0.8000000000000004,0.0,0.0,0.8000000000000004,0.5953488372093013,0.5023255813953481,0.6976744186046498
0.39999999999999963,4.0546875,5.98046875,0.05,0.0,0.0,0.7000000000000003,0.08372093023255814,0.06511627906976744,0.25116279069767444,0.8000000000000004,0.0,0.0,0.8000000000000004,0.5953488372093013,0.5023255813953481,0.6976744186046498
0.4012121212121208,4.0703125,5.99609375,0.07500000000000001,0.0,0.0,0.7000000000000003,0.08372093023255814,0.06511627906976744,0.25116279069767444,0.8000000000000004,0.0,0.0,0.8000000000000004,0.5953488372093013,0.5023255813953481,0.6976744186046498
0.40242424242424213,4.08203125,6.015625,0.1,0.0,0.0,0.7000000000000003,0.08372093023255814,0.06511627906976744,0.25116279069767444,0.8000000000000004,0.0,0.0,0.8000000000000004,0.5953488372093013,0.5023255813953481,0.6976744186046498
0.40363636363636324,4.09765625,6.03515625,0.1,0.0,0.0,0.7000000000000003,0.09302325581395349,0.06511627906976744,0.25116279069767444,0.8000000000000004,0.0,0.0,0.8000000000000004,0.5953488372093013,0.5023255813953481,0.6976744186046498
0.4048484848484845,4.11328125,6.05078125,0.1,0.0,0.0,0.7000000000000003,0.09302325581395349,0.07441860465116279,0.25116279069767444,0.8000000000000004,0.0,0.0,0.8000000000000004,0.5953488372093013,0.5023255813953481,0.6976744186046498
0.40606060606060573,4.125,6.06640625,0.1,0.0,0.0,0.7000000000000003,0.09302325581395349,0.07441860465116279,0.25116279069767444,0.8000000000000004,0.0,0.0,0.8000000000000004,0.5953488372093013,0.5116279069767434,0.6976744186046498
0.40727272727272684,4.13671875,6.08203125,0.1,0.0,0.0,0.7000000000000003,0.09302325581395349,0.07441860465116279,0.25116279069767444,0.8000000000000004,0.0,0.0,0.8000000000000004,0.5953488372093013,0.5209302325581388,0.6976744186046498
0.4084848484848482,4.1484375,6.09765625,0.1,0.0,0.0,0.7000000000000003,0.09302325581395349,0.07441860465116279,0.25116279069767444,0.8000000000000004,0.0,0.0,0.8000000000000004,0.5953488372093013,0.5302325581395341,0.6976744186046498
0.40969696969696934,4.1640625,6.11328125,0.1,0.0,0.0,0.7000000000000003,0.10232558139534884,0.07441860465116279,0.25116279069767444,0.8000000000000004,0.0,0.0,0.8000000000000004,0.5953488372093013,0.5302325581395341,0.6976744186046498
0.41090909090909056,4.1796875,6.1328125,0.1,0.0,0.0,0.7000000000000003,0.10232558139534884,0.08372093023255814,0.25116279069767444,0.8000000000000004,0.0,0.0,0.8000000000000004,0.5953488372093013,0.5302325581395341,0.6976744186046498
0.4121212121212118,4.1953125,6.1484375,0.1,0.0,0.0,0.7000000000000003,0.10232558139534884,0.08372093023255814,0.26046511627906976,0.8000000000000004,0.0,0.0,0.8000000000000004,0.5953488372093013,0.5302325581395341,0.6976744186046498
0.41333333333333294,4.20703125,6.16796875,0.1,0.0,0.0,0.7000000000000003,0.10232558139534884,0.08372093023255814,0.26046511627906976,0.8000000000000004,0.0,0.0,0.8000000000000004,0.5953488372093013,0.5302325581395341,0.7069767441860452
0.41454545454545416,4.22265625,6.18359375,0.1,0.0,0.0,0.7000000000000003,0.10232558139534884,0.08372093023255814,0.2697674418604651,0.8000000000000004,0.0,0.0,0.8000000000000004,0.5953488372093013,0.5302325581395341,0.7069767441860452
0.4157575757575754,4.23828125,6.203125,0.125,0.0,0.0,0.7000000000000003,0.10232558139534884,0.08372093023255814,0.2697674418604651,0.8000000000000004,0.0,0.0,0.8000000000000004,0.5953488372093013,0.5302325581395341,0.7069767441860452
0.4169696969696966,4.25390625,6.21875,0.125,0.0,0.0,0.7250000000000003,0.10232558139534884,0.08372093023255814,0.2697674418604651,0.8000000000000004,0.0,0.0,0.8000000000000004,0.5953488372093013,0.5302325581395341,0.7069767441860452
0.4181818181818178,4.26953125,6.23828125,0.125,0.0,0.0,0.7250000000000003,0.10232558139534884,0.08372093023255814,0.2790697674418604,0.8000000000000004,0.0,0.0,0.8000000000000004,0.5953488372093013,0.5302325581395341,0.7069767441860452
0.41939393939393904,4.28515625,6.25,0.125,0.0,0.0,0.7250000000000003,0.11162790697674418,0.08372093023255814,0.2790697674418604,0.8000000000000004,0.0,0.0,0.8000000000000004,0.5953488372093013,0.5302325581395341,0.7069767441860452
0.4206060606060602,4.30078125,6.265625,0.125,0.0,0.0,0.7250000000000003,0.11162790697674418,0.08372093023255814,0.2883720930232557,0.8000000000000004,0.0,0.0,0.8000000000000004,0.5953488372093013,0.5302325581395341,0.7069767441860452
0.4218181818181814,4.31640625,6.28125,0.125,0.0,0.0,0.7250000000000003,0.11162790697674418,0.08372093023255814,0.2883720930232557,0.8250000000000004,0.0,0.0,0.8000000000000004,0.5953488372093013,0.5302325581395341,0.7069767441860452
0.42303030303030265,4.328125,6.296875,0.125,0.0,0.0,0.7250000000000003,0.11162790697674418,0.08372093023255814,0.2883720930232557,0.8250000000000004,0.0,0.0,0.8000000000000004,0.6046511627906966,0.5302325581395341,0.7069767441860452
0.4242424242424239,4.34375,6.3203125,0.125,0.0,0.0,0.7250000000000003,0.11162790697674418,0.08372093023255814,0.2883720930232557,0.8250000000000004,0.0,0.0,0.8250000000000004,0.6046511627906966,0.5302325581395341,0.7069767441860452
0.42545454545454503,4.359375,6.3359375,0.125,0.0,0.0,0.7250000000000003,0.11162790697674418,0.08372093023255814,0.2883720930232557,0.8250000000000004,0.0,0.0,0.8250000000000004,0.613953488372092,0.5302325581395341,0.7069767441860452
0.42666666666666625,4.37109375,6.3515625,0.125,0.0,0.0,0.7250000000000003,0.11162790697674418,0.08372093023255814,0.2883720930232557,0.8250000000000004,0.0,0.0,0.8250000000000004,0.613953488372092,0.5395348837209294,0.7069767441860452
0.4278787878787875,4.3828125,6.3671875,0.125,0.0,0.0,0.7250000000000003,0.11162790697674418,0.08372093023255814,0.2883720930232557,0.8250000000000004,0.0,0.0,0.8250000000000004,0.613953488372092,0.5488372093023247,0.7069767441860452
0.42909090909090863,4.39453125,6.390625,0.125,0.0,0.0,0.7250000000000003,0.11162790697674418,0.08372093023255814,0.2883720930232557,0.8250000000000004,0.0,0.0,0.8250000000000004,0.613953488372092,0.55813953488372,0.7069767441860452
0.43030303030302985,4.40625,6.40234375,0.125,0.0,0.0,0.7250000000000003,0.11162790697674418,0.08372093023255814,0.2883720930232557,0.8250000000000004,0.0,0.0,0.8250000000000004,0.613953488372092,0.55813953488372,0.7162790697674405
0.4315151515151511,4.421875,6.41796875,0.125,0.0,0.0,0.7250000000000003,0.11162790697674418,0.08372093023255814,0.2883720930232557,0.8250000000000004,0.0,0.0,0.8250000000000004,0.6232558139534873,0.55813953488372,0.7162790697674405
0.43272727272727235,4.43359375,6.43359375,0.125,0.0,0.0,0.7250000000000003,0.11162790697674418,0.08372093023255814,0.2883720930232557,0.8250000000000004,0.0,0.0,0.8250000000000004,0.6325581395348826,0.55813953488372,0.7162790697674405
0.43393939393939357,4.44921875,6.45703125,0.125,0.0,0.0,0.7250000000000003,0.11162790697674418,0.09302325581395349,0.2883720930232557,0.8250000000000004,0.0,0.0,0.8250000000000004,0.6325581395348826,0.55813953488372,0.7162790697674405
0.4351515151515147,4.46484375,6.47265625,0.125,0.0,0.0,0.7250000000000003,0.11162790697674418,0.09302325581395349,0.29767441860465105,0.8250000000000004,0.0,0.0,0.8250000000000004,0.6325581395348826,0.55813953488372,0.7162790697674405
0.43636363636363595,4.48046875,6.48828125,0.125,0.0,0.0,0.7250000000000003,0.11162790697674418,0.09302325581395349,0.30697674418604637,0.8250000000000004,0.0,0.0,0.8250000000000004,0.6325581395348826,0.55813953488372,0.7162790697674405
0.4375757575757572,4.4921875,6.50390625,0.125,0.0,0.0,0.7250000000000003,0.11162790697674418,0.09302325581395349,0.30697674418604637,0.8250000000000004,0.0,0.0,0.8250000000000004,0.6325581395348826,0.55813953488372,0.7255813953488358
0.4387878787878784,4.5078125,6.5234375,0.125,0.0,0.0,0.7250000000000003,0.11162790697674418,0.09302325581395349,0.3162790697674417,0.8250000000000004,0.0,0.0,0.8250000000000004,0.6325581395348826,0.55813953488372,0.7255813953488358
0.4399999999999996,4.5234375,6.53515625,0.125,0.0,0.0,0.7250000000000003,0.11162790697674418,0.09302325581395349,0.3162790697674417,0.8500000000000004,0.0,0.0,0.8250000000000004,0.6325581395348826,0.55813953488372,0.7255813953488358
0.44121212121212083,4.5390625,6.5546875,0.125,0.0,0.0,0.7250000000000003,0.11162790697674418,0.09302325581395349,0.325581395348837,0.8500000000000004,0.0,0.0,0.8250000000000004,0.6325581395348826,0.55813953488372,0.7255813953488358
0.442424242424242,4.5546875,6.5703125,0.125,0.0,0.0,0.7250000000000003,0.11162790697674418,0.09302325581395349,0.33488372093023233,0.8500000000000004,0.0,0.0,0.8250000000000004,0.6325581395348826,0.55813953488372,0.7255813953488358
0.4436363636363632,4.5703125,6.5859375,0.125,0.0,0.0,0.7250000000000003,0.11162790697674418,0.09302325581395349,0.33488372093023233,0.8500000000000004,0.0,0.0,0.8250000000000004,0.6418604651162779,0.55813953488372,0.7255813953488358
0.44484848484848444,4.58203125,6.609375,0.125,0.0,0.0,0.7250000000000003,0.11162790697674418,0.09302325581395349,0.33488372093023233,0.8500000000000004,0.0,0.0,0.8250000000000004,0.6511627906976732,0.55813953488372,0.7255813953488358
0.4460606060606056,4.59765625,6.625,0.125,0.0,0.0,0.7250000000000003,0.11162790697674418,0.09302325581395349,0.33488372093023233,0.8500000000000004,0.0,0.0,0.8250000000000004,0.6604651162790686,0.55813953488372,0.7255813953488358
0.4472727272727268,4.609375,6.640625,0.125,0.0,0.0,0.7250000000000003,0.11162790697674418,0.09302325581395349,0.33488372093023233,0.8500000000000004,0.0,0.0,0.8250000000000004,0.6697674418604639,0.55813953488372,0.7255813953488358
0.44848484848484804,4.62109375,6.65625,0.125,0.0,0.0,0.7250000000000003,0.11162790697674418,0.09302325581395349,0.33488372093023233,0.8500000000000004,0.0,0.0,0.8250000000000004,0.6697674418604639,0.5674418604651154,0.7255813953488358
0.4496969696969692,4.6328125,6.6796875,0.125,0.0,0.0,0.7250000000000003,0.11162790697674418,0.09302325581395349,0.33488372093023233,0.8500000000000004,0.0,0.0,0.8250000000000004,0.6697674418604639,0.5767441860465107,0.7255813953488358
0.4509090909090904,4.6484375,6.6953125,0.125,0.0,0.0,0.7250000000000003,0.11162790697674418,0.09302325581395349,0.33488372093023233,0.8500000000000004,0.0,0.0,0.8250000000000004,0.6790697674418592,0.5767441860465107,0.7255813953488358
0.45212121212121165,4.66015625,6.7109375,0.125,0.0,0.0,0.7250000000000003,0.11162790697674418,0.09302325581395349,0.33488372093023233,0.8500000000000004,0.0,0.0,0.8250000000000004,0.6790697674418592,0.586046511627906,0.7255813953488358
0.45333333333333287,4.671875,6.7265625,0.125,0.0,0.0,0.7250000000000003,0.11162790697674418,0.09302325581395349,0.33488372093023233,0.8500000000000004,0.0,0.0,0.8250000000000004,0.6790697674418592,0.5953488372093013,0.7255813953488358
0.45454545454545414,4.68359375,6.734375,0.125,0.0,0.0,0.7250000000000003,0.11162790697674418,0.09302325581395349,0.33488372093023233,0.8500000000000004,0.0,0.0,0.8250000000000004,0.6790697674418592,0.6046511627906966,0.7255813953488358
0.45575757575757536,4.69921875,6.75390625,0.125,0.0,0.0,0.7250000000000003,0.11162790697674418,0.10232558139534884,0.33488372093023233,0.8500000000000004,0.0,0.0,0.8250000000000004,0.6790697674418592,0.6046511627906966,0.7255813953488358
0.4569696969696966,4.71484375,6.7734375,0.125,0.0,0.0,0.7250000000000003,0.11162790697674418,0.10232558139534884,0.33488372093023233,0.8500000000000004,0.0,0.0,0.8250000000000004,0.6883720930232545,0.6046511627906966,0.7255813953488358
0.4581818181818178,4.7265625,6.7890625,0.125,0.0,0.0,0.7250000000000003,0.11162790697674418,0.10232558139534884,0.33488372093023233,0.8500000000000004,0.0,0.0,0.8250000000000004,0.6883720930232545,0.6046511627906966,0.7348837209302311
0.45939393939393897,4.73828125,6.8046875,0.125,0.0,0.0,0.7250000000000003,0.11162790697674418,0.10232558139534884,0.33488372093023233,0.8500000000000004,0.0,0.0,0.8250000000000004,0.6883720930232545,0.6046511627906966,0.7441860465116265
0.4606060606060602,4.75390625,6.82421875,0.125,0.0,0.0,0.7250000000000003,0.11162790697674418,0.10232558139534884,0.33488372093023233,0.8500000000000004,0.0,0.0,0.8250000000000004,0.6976744186046498,0.6046511627906966,0.7441860465116265
0.4618181818181814,4.765625,6.84375,0.125,0.0,0.0,0.7250000000000003,0.11162790697674418,0.10232558139534884,0.33488372093023233,0.8500000000000004,0.0,0.0,0.8250000000000004,0.6976744186046498,0.6046511627906966,0.7534883720930218
0.46303030303030257,4.78125,6.859375,0.125,0.0,0.0,0.7250000000000003,0.11162790697674418,0.10232558139534884,0.33488372093023233,0.8500000000000004,0.0,0.0,0.8250000000000004,0.7069767441860452,0.6046511627906966,0.7534883720930218
0.4642424242424237,4.79296875,6.875,0.125,0.0,0.0,0.7250000000000003,0.11162790697674418,0.10232558139534884,0.33488372093023233,0.8500000000000004,0.0,0.0,0.8250000000000004,0.7069767441860452,0.613953488372092,0.7534883720930218
0.465454545454545,4.8046875,6.890625,0.125,0.0,0.0,0.7250000000000003,0.11162790697674418,0.10232558139534884,0.33488372093023233,0.8500000000000004,0.0,0.0,0.8250000000000004,0.7069767441860452,0.6232558139534873,0.7534883720930218
0.4666666666666662,4.81640625,6.91015625,0.125,0.0,0.0,0.7250000000000003,0.11162790697674418,0.10232558139534884,0.33488372093023233,0.8500000000000004,0.0,0.0,0.8250000000000004,0.7069767441860452,0.6232558139534873,0.7627906976744171
0.4678787878787874,4.83203125,6.92578125,0.125,0.0,0.0,0.7250000000000003,0.11162790697674418,0.10232558139534884,0.33488372093023233,0.8500000000000004,0.0,0.0,0.8250000000000004,0.7069767441860452,0.6325581395348826,0.7627906976744171
0.4690909090909086,4.84375,6.9453125,0.125,0.0,0.0,0.7250000000000003,0.11162790697674418,0.10232558139534884,0.33488372093023233,0.8500000000000004,0.0,0.0,0.8250000000000004,0.7069767441860452,0.6418604651162779,0.7627906976744171
0.4703030303030298,4.85546875,6.9609375,0.125,0.0,0.0,0.7250000000000003,0.11162790697674418,0.10232558139534884,0.33488372093023233,0.8500000000000004,0.0,0.0,0.8250000000000004,0.7069767441860452,0.6511627906976732,0.7627906976744171
0.471515151515151,4.87109375,6.9765625,0.15,0.0,0.0,0.7250000000000003,0.11162790697674418,0.10232558139534884,0.33488372093023233,0.8500000000000004,0.0,0.0,0.8250000000000004,0.7069767441860452,0.6511627906976732,0.7627906976744171
0.4727272727272722,4.88671875,7.0,0.15,0.0,0.0,0.7250000000000003,0.12093023255813953,0.10232558139534884,0.33488372093023233,0.8500000000000004,0.0,0.0,0.8250000000000004,0.7069767441860452,0.6511627906976732,0.7627906976744171
0.47393939393939344,4.90234375,7.00390625,0.15,0.0,0.0,0.7250000000000003,0.12093023255813953,0.10232558139534884,0.33488372093023233,0.8500000000000004,0.0,0.0,0.8250000000000004,0.7069767441860452,0.6604651162790686,0.7627906976744171
0.47515151515151466,4.9140625,7.01953125,0.15,0.0,0.0,0.7250000000000003,0.12093023255813953,0.10232558139534884,0.33488372093023233,0.8500000000000004,0.0,0.0,0.8250000000000004,0.7069767441860452,0.6697674418604639,0.7627906976744171
0.4763636363636359,4.92578125,7.03515625,0.15,0.0,0.0,0.7250000000000003,0.12093023255813953,0.10232558139534884,0.33488372093023233,0.8500000000000004,0.0,0.0,0.8250000000000004,0.7069767441860452,0.6790697674418592,0.7627906976744171
0.47757575757575715,4.9375,7.05859375,0.15,0.0,0.0,0.7250000000000003,0.12093023255813953,0.10232558139534884,0.33488372093023233,0.8500000000000004,0.0,0.0,0.8250000000000004,0.7069767441860452,0.6790697674418592,0.7720930232558124
0.47878787878787826,4.953125,7.07421875,0.15,0.0,0.0,0.7250000000000003,0.12093023255813953,0.10232558139534884,0.33488372093023233,0.8500000000000004,0.0,0.0,0.8250000000000004,0.7162790697674405,0.6790697674418592,0.7720930232558124
0.4799999999999994,4.96875,7.08984375,0.15,0.0,0.0,0.7250000000000003,0.12093023255813953,0.10232558139534884,0.33488372093023233,0.8500000000000004,0.0,0.0,0.8250000000000004,0.7255813953488358,0.6790697674418592,0.7720930232558124
0.48121212121212065,4.98046875,7.10546875,0.15,0.0,0.0,0.7250000000000003,0.12093023255813953,0.10232558139534884,0.33488372093023233,0.8500000000000004,0.0,0.0,0.8250000000000004,0.7255813953488358,0.6790697674418592,0.7813953488372077
0.48242424242424187,4.99609375,7.125,0.15,0.0,0.0,0.7250000000000003,0.12093023255813953,0.11162790697674418,0.33488372093023233,0.8500000000000004,0.0,0.0,0.8250000000000004,0.7255813953488358,0.6790697674418592,0.7813953488372077
0.4836363636363631,5.01171875,7.14453125,0.15,0.0,0.0,0.7250000000000003,0.12093023255813953,0.11162790697674418,0.33488372093023233,0.8500000000000004,0.0,0.0,0.8250000000000004,0.7348837209302311,0.6790697674418592,0.7813953488372077
0.4848484848484843,5.0234375,7.16015625,0.15,0.0,0.0,0.7250000000000003,0.12093023255813953,0.11162790697674418,0.33488372093023233,0.8500000000000004,0.0,0.0,0.8250000000000004,0.7348837209302311,0.6790697674418592,0.7906976744186031
0.4860606060606056,5.0390625,7.17578125,0.15,0.0,0.0,0.7250000000000003,0.12093023255813953,0.11162790697674418,0.33488372093023233,0.8500000000000004,0.0,0.0,0.8250000000000004,0.7441860465116265,0.6790697674418592,0.7906976744186031
0.4872727272727267,5.0546875,7.19140625,0.15,0.0,0.0,0.7500000000000003,0.12093023255813953,0.11162790697674418,0.33488372093023233,0.8500000000000004,0.0,0.0,0.8250000000000004,0.7441860465116265,0.6790697674418592,0.7906976744186031
0.4884848484848479,5.0703125,7.2109375,0.15,0.0,0.0,0.7500000000000003,0.12093023255813953,0.11162790697674418,0.33488372093023233,0.8500000000000004,0.0,0.0,0.8250000000000004,0.7534883720930218,0.6790697674418592,0.7906976744186031
0.4896969696969691,5.08203125,7.23046875,0.15,0.0,0.0,0.7500000000000003,0.12093023255813953,0.11162790697674418,0.33488372093023233,0.8500000000000004,0.0,0.0,0.8250000000000004,0.7534883720930218,0.6883720930232545,0.7906976744186031
0.4909090909090904,5.09765625,7.24609375,0.15,0.0,0.0,0.7500000000000003,0.12093023255813953,0.11162790697674418,0.33488372093023233,0.8500000000000004,0.0,0.0,0.8250000000000004,0.7627906976744171,0.6883720930232545,0.7906976744186031
0.4921212121212115,5.11328125,7.26171875,0.15,0.0,0.0,0.7500000000000003,0.12093023255813953,0.12093023255813953,0.33488372093023233,0.8500000000000004,0.0,0.0,0.8250000000000004,0.7627906976744171,0.6883720930232545,0.7906976744186031
0.49333333333333285,5.12890625,7.28125,0.15,0.0,0.0,0.7500000000000003,0.12093023255813953,0.12093023255813953,0.33488372093023233,0.8500000000000004,0.0,0.0,0.8250000000000004,0.7627906976744171,0.6976744186046498,0.7906976744186031
0.494545454545454,5.140625,7.2890625,0.15,0.0,0.0,0.7500000000000003,0.12093023255813953,0.12093023255813953,0.33488372093023233,0.8500000000000004,0.0,0.0,0.8250000000000004,0.7627906976744171,0.7069767441860452,0.7906976744186031
0.49575757575757523,5.15234375,7.3046875,0.15,0.0,0.0,0.7500000000000003,0.12093023255813953,0.12093023255813953,0.33488372093023233,0.8500000000000004,0.0,0.0,0.8250000000000004,0.7627906976744171,0.7069767441860452,0.7999999999999984
0.49696969696969634,5.16796875,7.3203125,0.15,0.0,0.0,0.7500000000000003,0.13023255813953488,0.12093023255813953,0.33488372093023233,0.8500000000000004,0.0,0.0,0.8250000000000004,0.7627906976744171,0.7069767441860452,0.7999999999999984
0.4981818181818176,5.18359375,7.3359375,0.15,0.0,0.0,0.7500000000000003,0.13023255813953488,0.12093023255813953,0.33488372093023233,0.8750000000000004,0.0,0.0,0.8250000000000004,0.7627906976744171,0.7069767441860452,0.7999999999999984
0.4993939393939387,5.19921875,7.359375,0.15,0.0,0.0,0.7500000000000003,0.13023255813953488,0.12093023255813953,0.33488372093023233,0.8750000000000004,0.0,0.0,0.8250000000000004,0.7627906976744171,0.7162790697674405,0.7999999999999984
0.50060606060606,5.21484375,7.375,0.15,0.0,0.0,0.7500000000000003,0.13953488372093023,0.12093023255813953,0.33488372093023233,0.8750000000000004,0.0,0.0,0.8250000000000004,0.7627906976744171,0.7162790697674405,0.7999999999999984
0.5018181818181812,5.23046875,7.390625,0.15,0.0,0.0,0.7500000000000003,0.13953488372093023,0.12093023255813953,0.33488372093023233,0.8750000000000004,0.0,0.0,0.8250000000000004,0.7627906976744171,0.7255813953488358,0.7999999999999984
0.5030303030303024,5.2421875,7.40625,0.15,0.0,0.0,0.7500000000000003,0.13953488372093023,0.12093023255813953,0.33488372093023233,0.8750000000000004,0.0,0.0,0.8250000000000004,0.7627906976744171,0.7348837209302311,0.7999999999999984
0.5042424242424236,5.2578125,7.42578125,0.15,0.0,0.0,0.7500000000000003,0.13953488372093023,0.13023255813953488,0.33488372093023233,0.8750000000000004,0.0,0.0,0.8250000000000004,0.7627906976744171,0.7348837209302311,0.7999999999999984
0.5054545454545449,5.2734375,7.44140625,0.15,0.0,0.0,0.7500000000000003,0.13953488372093023,0.13023255813953488,0.33488372093023233,0.8750000000000004,0.0,0.0,0.8250000000000004,0.7627906976744171,0.7441860465116265,0.7999999999999984
0.5066666666666662,5.28515625,7.45703125,0.15,0.0,0.0,0.7500000000000003,0.13953488372093023,0.13023255813953488,0.33488372093023233,0.8750000000000004,0.0,0.0,0.8250000000000004,0.7627906976744171,0.7441860465116265,0.8093023255813937
0.5078787878787873,5.30078125,7.47265625,0.15,0.0,0.0,0.7500000000000003,0.13953488372093023,0.13023255813953488,0.33488372093023233,0.8750000000000004,0.0,0.0,0.8250000000000004,0.7720930232558124,0.7441860465116265,0.8093023255813937
0.5090909090909085,5.31640625,7.49609375,0.15,0.0,0.0,0.7500000000000003,0.13953488372093023,0.13023255813953488,0.33488372093023233,0.8750000000000004,0.0,0.0,0.8250000000000004,0.7813953488372077,0.7441860465116265,0.8093023255813937
0.5103030303030297,5.33203125,7.5078125,0.15,0.0,0.0,0.7500000000000003,0.13953488372093023,0.13953488372093023,0.33488372093023233,0.8750000000000004,0.0,0.0,0.8250000000000004,0.7813953488372077,0.7441860465116265,0.8093023255813937
0.5115151515151509,5.34765625,7.5234375,0.15,0.0,0.0,0.7500000000000003,0.13953488372093023,0.13953488372093023,0.33488372093023233,0.8750000000000004,0.0,0.0,0.8500000000000004,0.7813953488372077,0.7441860465116265,0.8093023255813937
0.5127272727272721,5.36328125,7.54296875,0.15,0.0,0.0,0.7500000000000003,0.13953488372093023,0.13953488372093023,0.33488372093023233,0.8750000000000004,0.0,0.0,0.8500000000000004,0.7906976744186031,0.7441860465116265,0.8093023255813937
0.5139393939393934,5.37890625,7.55859375,0.15,0.0,0.0,0.7500000000000003,0.13953488372093023,0.13953488372093023,0.34418604651162765,0.8750000000000004,0.0,0.0,0.8500000000000004,0.7906976744186031,0.7441860465116265,0.8093023255813937
0.5151515151515146,5.39453125,7.56640625,0.15,0.0,0.0,0.7500000000000003,0.13953488372093023,0.13953488372093023,0.353488372093023,0.8750000000000004,0.0,0.0,0.8500000000000004,0.7906976744186031,0.7441860465116265,0.8093023255813937
0.5163636363636358,5.41015625,7.58203125,0.175,0.0,0.0,0.7500000000000003,0.13953488372093023,0.13953488372093023,0.353488372093023,0.8750000000000004,0.0,0.0,0.8500000000000004,0.7906976744186031,0.7441860465116265,0.8093023255813937
0.517575757575757,5.42578125,7.6015625,0.175,0.0,0.0,0.7500000000000003,0.13953488372093023,0.13953488372093023,0.353488372093023,0.8750000000000004,0.0,0.0,0.8500000000000004,0.7999999999999984,0.7441860465116265,0.8093023255813937
0.5187878787878781,5.44140625,7.6171875,0.175,0.0,0.0,0.7500000000000003,0.13953488372093023,0.13953488372093023,0.353488372093023,0.8750000000000004,0.0,0.0,0.8500000000000004,0.8093023255813937,0.7441860465116265,0.8093023255813937
0.5199999999999994,5.453125,7.63671875,0.175,0.0,0.0,0.7500000000000003,0.13953488372093023,0.13953488372093023,0.353488372093023,0.8750000000000004,0.0,0.0,0.8500000000000004,0.8093023255813937,0.7534883720930218,0.8093023255813937
0.5212121212121206,5.46875,7.65234375,0.175,0.0,0.0,0.7500000000000003,0.13953488372093023,0.13953488372093023,0.353488372093023,0.8750000000000004,0.0,0.0,0.8500000000000004,0.8093023255813937,0.7627906976744171,0.8093023255813937
0.5224242424242418,5.48046875,7.66796875,0.175,0.0,0.0,0.7500000000000003,0.13953488372093023,0.13953488372093023,0.353488372093023,0.8750000000000004,0.0,0.0,0.8500000000000004,0.8093023255813937,0.7627906976744171,0.818604651162789
0.523636363636363,5.49609375,7.68359375,0.175,0.0,0.0,0.7500000000000003,0.13953488372093023,0.13953488372093023,0.3627906976744183,0.8750000000000004,0.0,0.0,0.8500000000000004,0.8093023255813937,0.7627906976744171,0.818604651162789
0.5248484848484842,5.51171875,7.69921875,0.175,0.0,0.0,0.7500000000000003,0.13953488372093023,0.13953488372093023,0.3720930232558136,0.8750000000000004,0.0,0.0,0.8500000000000004,0.8093023255813937,0.7627906976744171,0.818604651162789
0.5260606060606055,5.5234375,7.71484375,0.175,0.0,0.0,0.7500000000000003,0.13953488372093023,0.13953488372093023,0.3720930232558136,0.8750000000000004,0.0,0.0,0.8500000000000004,0.8093023255813937,0.7627906976744171,0.8279069767441843
0.5272727272727266,5.5390625,7.73046875,0.175,0.0,0.0,0.7500000000000003,0.13953488372093023,0.13953488372093023,0.38139534883720894,0.8750000000000004,0.0,0.0,0.8500000000000004,0.8093023255813937,0.7627906976744171,0.8279069767441843
0.5284848484848478,5.5546875,7.74609375,0.175,0.0,0.0,0.7500000000000003,0.13953488372093023,0.13953488372093023,0.38139534883720894,0.8750000000000004,0.0,0.0,0.8500000000000004,0.818604651162789,0.7627906976744171,0.8279069767441843
0.529696969696969,5.5703125,7.765625,0.175,0.0,0.0,0.7500000000000003,0.13953488372093023,0.13953488372093023,0.38139534883720894,0.8750000000000004,0.0,0.0,0.8500000000000004,0.818604651162789,0.7720930232558124,0.8279069767441843
0.5309090909090902,5.5859375,7.78515625,0.175,0.0,0.0,0.7500000000000003,0.13953488372093023,0.13953488372093023,0.38139534883720894,0.8750000000000004,0.0,0.0,0.8500000000000004,0.818604651162789,0.7813953488372077,0.8279069767441843
0.5321212121212113,5.59765625,7.796875,0.175,0.0,0.0,0.7500000000000003,0.13953488372093023,0.13953488372093023,0.38139534883720894,0.8750000000000004,0.0,0.0,0.8500000000000004,0.818604651162789,0.7906976744186031,0.8279069767441843
0.5333333333333327,5.61328125,7.8125,0.175,0.0,0.0,0.7500000000000003,0.13953488372093023,0.13953488372093023,0.38139534883720894,0.8750000000000004,0.0,0.0,0.8500000000000004,0.818604651162789,0.7999999999999984,0.8279069767441843
0.5345454545454538,5.625,7.83203125,0.175,0.0,0.0,0.7500000000000003,0.13953488372093023,0.13953488372093023,0.38139534883720894,0.8750000000000004,0.0,0.0,0.8500000000000004,0.818604651162789,0.7999999999999984,0.8372093023255797
0.5357575757575751,5.640625,7.84765625,0.175,0.0,0.0,0.7500000000000003,0.13953488372093023,0.13953488372093023,0.38139534883720894,0.8750000000000004,0.0,0.0,0.8500000000000004,0.818604651162789,0.8093023255813937,0.8372093023255797
0.5369696969696962,5.65234375,7.86328125,0.175,0.0,0.0,0.7500000000000003,0.13953488372093023,0.13953488372093023,0.38139534883720894,0.8750000000000004,0.0,0.0,0.8500000000000004,0.818604651162789,0.8093023255813937,0.846511627906975
0.5381818181818174,5.66796875,7.87890625,0.175,0.0,0.0,0.7500000000000003,0.13953488372093023,0.13953488372093023,0.38139534883720894,0.8750000000000004,0.0,0.0,0.8500000000000004,0.818604651162789,0.818604651162789,0.846511627906975
0.5393939393939388,5.68359375,7.8984375,0.175,0.0,0.0,0.7500000000000003,0.14883720930232558,0.13953488372093023,0.38139534883720894,0.8750000000000004,0.0,0.0,0.8500000000000004,0.818604651162789,0.818604651162789,0.846511627906975
0.54060606060606,5.69921875,7.90625,0.175,0.0,0.0,0.7500000000000003,0.14883720930232558,0.13953488372093023,0.38139534883720894,0.8750000000000004,0.0,0.0,0.8500000000000004,0.818604651162789,0.818604651162789,0.8558139534883703
0.5418181818181812,5.7109375,7.921875,0.175,0.0,0.0,0.7500000000000003,0.14883720930232558,0.13953488372093023,0.38139534883720894,0.8750000000000004,0.0,0.0,0.8500000000000004,0.818604651162789,0.818604651162789,0.8651162790697656
0.5430303030303024,5.7265625,7.94140625,0.175,0.0,0.0,0.7500000000000003,0.15813953488372093,0.13953488372093023,0.38139534883720894,0.8750000000000004,0.0,0.0,0.8500000000000004,0.818604651162789,0.818604651162789,0.8651162790697656
0.5442424242424236,5.7421875,7.953125,0.175,0.0,0.0,0.7500000000000003,0.15813953488372093,0.13953488372093023,0.38139534883720894,0.8750000000000004,0.0,0.0,0.8500000000000004,0.818604651162789,0.818604651162789,0.874418604651161
0.5454545454545447,5.7578125,7.96875,0.175,0.0,0.0,0.7750000000000004,0.15813953488372093,0.13953488372093023,0.38139534883720894,0.8750000000000004,0.0,0.0,0.8500000000000004,0.818604651162789,0.818604651162789,0.874418604651161
0.5466666666666659,5.7734375,7.984375,0.175,0.0,0.0,0.7750000000000004,0.15813953488372093,0.13953488372093023,0.38139534883720894,0.8750000000000004,0.0,0.0,0.8500000000000004,0.818604651162789,0.8279069767441843,0.874418604651161
0.5478787878787872,5.7890625,8.0078125,0.175,0.0,0.0,0.7750000000000004,0.15813953488372093,0.13953488372093023,0.38139534883720894,0.8750000000000004,0.0,0.0,0.8500000000000004,0.818604651162789,0.8372093023255797,0.874418604651161
0.5490909090909084,5.8046875,8.015625,0.175,0.0,0.0,0.7750000000000004,0.16744186046511628,0.13953488372093023,0.38139534883720894,0.8750000000000004,0.0,0.0,0.8500000000000004,0.818604651162789,0.8372093023255797,0.874418604651161
0.5503030303030295,5.8203125,8.03125,0.175,0.0,0.0,0.7750000000000004,0.16744186046511628,0.13953488372093023,0.38139534883720894,0.8750000000000004,0.2,0.0,0.8500000000000004,0.818604651162789,0.8372093023255797,0.874418604651161
0.5515151515151507,5.8359375,8.046875,0.175,0.0,0.0,0.7750000000000004,0.16744186046511628,0.13953488372093023,0.38139534883720894,0.8750000000000004,0.2,0.0,0.8500000000000004,0.818604651162789,0.8372093023255797,0.8837209302325563
0.5527272727272721,5.8515625,8.0703125,0.175,0.0,0.0,0.7750000000000004,0.16744186046511628,0.14883720930232558,0.38139534883720894,0.8750000000000004,0.2,0.0,0.8500000000000004,0.818604651162789,0.8372093023255797,0.8837209302325563
0.5539393939393933,5.8671875,8.0859375,0.175,0.0,0.0,0.7750000000000004,0.16744186046511628,0.14883720930232558,0.38139534883720894,0.8750000000000004,0.2,0.0,0.8500000000000004,0.818604651162789,0.8372093023255797,0.8930232558139516
0.5551515151515144,5.8828125,8.1015625,0.175,0.0,0.0,0.7750000000000004,0.16744186046511628,0.15813953488372093,0.38139534883720894,0.8750000000000004,0.2,0.0,0.8500000000000004,0.818604651162789,0.8372093023255797,0.8930232558139516
0.5563636363636357,5.8984375,8.109375,0.175,0.0,0.0,0.7750000000000004,0.16744186046511628,0.15813953488372093,0.38139534883720894,0.8750000000000004,0.2,0.0,0.8500000000000004,0.8279069767441843,0.8372093023255797,0.8930232558139516
0.5575757575757568,5.9140625,8.1328125,0.175,0.0,0.0,0.7750000000000004,0.16744186046511628,0.15813953488372093,0.38139534883720894,0.8750000000000004,0.2,0.0,0.8500000000000004,0.8372093023255797,0.8372093023255797,0.8930232558139516
0.5587878787878782,5.9296875,8.1484375,0.175,0.0,0.0,0.7750000000000004,0.16744186046511628,0.16744186046511628,0.38139534883720894,0.8750000000000004,0.2,0.0,0.8500000000000004,0.8372093023255797,0.8372093023255797,0.8930232558139516
0.5599999999999994,5.9453125,8.1640625,0.175,0.0,0.0,0.7750000000000004,0.16744186046511628,0.16744186046511628,0.39069767441860426,0.8750000000000004,0.2,0.0,0.8500000000000004,0.8372093023255797,0.8372093023255797,0.8930232558139516
0.5612121212121205,5.9609375,8.1796875,0.175,0.0,0.0,0.7750000000000004,0.16744186046511628,0.16744186046511628,0.3999999999999996,0.8750000000000004,0.2,0.0,0.8500000000000004,0.8372093023255797,0.8372093023255797,0.8930232558139516
0.5624242424242418,5.9765625,8.1953125,0.175,0.0,0.0,0.7750000000000004,0.16744186046511628,0.16744186046511628,0.4093023255813949,0.8750000000000004,0.2,0.0,0.8500000000000004,0.8372093023255797,0.8372093023255797,0.8930232558139516
0.5636363636363629,5.9921875,8.2109375,0.175,0.0,0.0,0.7750000000000004,0.16744186046511628,0.16744186046511628,0.4186046511627902,0.8750000000000004,0.2,0.0,0.8500000000000004,0.8372093023255797,0.8372093023255797,0.8930232558139516
0.5648484848484842,6.0078125,8.2265625,0.175,0.0,0.0,0.7750000000000004,0.16744186046511628,0.16744186046511628,0.42790697674418554,0.8750000000000004,0.2,0.0,0.8500000000000004,0.8372093023255797,0.8372093023255797,0.8930232558139516
0.5660606060606054,6.0234375,8.2421875,0.175,0.0,0.0,0.7750000000000004,0.16744186046511628,0.16744186046511628,0.43720930232558086,0.8750000000000004,0.2,0.0,0.8500000000000004,0.8372093023255797,0.8372093023255797,0.8930232558139516
0.5672727272727266,6.0390625,8.2578125,0.175,0.0,0.0,0.7750000000000004,0.16744186046511628,0.16744186046511628,0.43720930232558086,0.8750000000000004,0.2,0.0,0.8500000000000004,0.8372093023255797,0.846511627906975,0.8930232558139516
0.5684848484848478,6.0546875,8.2734375,0.175,0.0,0.0,0.7750000000000004,0.16744186046511628,0.16744186046511628,0.43720930232558086,0.8750000000000004,0.2,0.0,0.8500000000000004,0.8372093023255797,0.8558139534883703,0.8930232558139516
0.569696969696969,6.0703125,8.2890625,0.175,0.0,0.0,0.7750000000000004,0.16744186046511628,0.16744186046511628,0.43720930232558086,0.8750000000000004,0.2,0.0,0.8500000000000004,0.846511627906975,0.8558139534883703,0.8930232558139516
0.5709090909090901,6.0859375,8.3046875,0.175,0.0,0.0,0.7750000000000004,0.16744186046511628,0.16744186046511628,0.43720930232558086,0.8750000000000004,0.2,0.0,0.8500000000000004,0.8558139534883703,0.8558139534883703,0.8930232558139516
0.5721212121212114,6.1015625,8.3203125,0.175,0.0,0.0,0.7750000000000004,0.16744186046511628,0.16744186046511628,0.43720930232558086,0.8750000000000004,0.2,0.0,0.8500000000000004,0.8651162790697656,0.8558139534883703,0.8930232558139516
0.5733333333333326,6.1171875,8.3359375,0.175,0.0,0.0,0.7750000000000004,0.16744186046511628,0.16744186046511628,0.43720930232558086,0.8750000000000004,0.2,0.0,0.8500000000000004,0.8651162790697656,0.8651162790697656,0.8930232558139516
0.5745454545454538,6.1328125,8.3515625,0.175,0.0,0.0,0.7750000000000004,0.17674418604651163,0.16744186046511628,0.43720930232558086,0.8750000000000004,0.2,0.0,0.8500000000000004,0.8651162790697656,0.8651162790697656,0.8930232558139516
0.575757575757575,6.1484375,8.3671875,0.175,0.0,0.0,0.7750000000000004,0.17674418604651163,0.16744186046511628,0.43720930232558086,0.8750000000000004,0.2,0.0,0.8500000000000004,0.8651162790697656,0.874418604651161,0.8930232558139516
0.5769696969696962,6.1640625,8.3828125,0.175,0.0,0.0,0.7750000000000004,0.17674418604651163,0.16744186046511628,0.43720930232558086,0.8750000000000004,0.2,0.0,0.8500000000000004,0.8651162790697656,0.8837209302325563,0.8930232558139516
0.5781818181818175,6.1796875,8.3828125,0.175,0.0,0.0,0.7750000000000004,0.17674418604651163,0.16744186046511628,0.43720930232558086,0.8750000000000004,0.2,0.0,0.8500000000000004,0.8651162790697656,0.8837209302325563,0.9023255813953469
0.5793939393939387,6.1953125,8.40625,0.175,0.0,0.0,0.7750000000000004,0.18604651162790697,0.16744186046511628,0.43720930232558086,0.8750000000000004,0.2,0.0,0.8500000000000004,0.8651162790697656,0.8837209302325563,0.9023255813953469
0.5806060606060598,6.2109375,8.421875,0.175,0.0,0.0,0.7750000000000004,0.18604651162790697,0.16744186046511628,0.43720930232558086,0.8750000000000004,0.2,0.0,0.8500000000000004,0.8651162790697656,0.8837209302325563,0.9116279069767422
0.5818181818181811,6.2265625,8.4296875,0.175,0.0,0.0,0.7750000000000004,0.18604651162790697,0.16744186046511628,0.43720930232558086,0.8750000000000004,0.2,0.0,0.8500000000000004,0.874418604651161,0.8837209302325563,0.9116279069767422
0.5830303030303022,6.24609375,8.453125,0.19999999999999998,0.0,0.0,0.7750000000000004,0.18604651162790697,0.16744186046511628,0.43720930232558086,0.8750000000000004,0.2,0.0,0.8500000000000004,0.874418604651161,0.8837209302325563,0.9116279069767422
0.5842424242424236,6.26171875,8.4609375,0.19999999999999998,0.0,0.0,0.8000000000000004,0.18604651162790697,0.16744186046511628,0.43720930232558086,0.8750000000000004,0.2,0.0,0.8500000000000004,0.874418604651161,0.8837209302325563,0.9116279069767422
0.5854545454545448,6.27734375,8.4765625,0.19999999999999998,0.0,0.0,0.8000000000000004,0.18604651162790697,0.17674418604651163,0.43720930232558086,0.8750000000000004,0.2,0.0,0.8500000000000004,0.874418604651161,0.8837209302325563,0.9116279069767422
0.5866666666666659,6.29296875,8.4921875,0.19999999999999998,0.0,0.0,0.8000000000000004,0.18604651162790697,0.18604651162790697,0.43720930232558086,0.8750000000000004,0.2,0.0,0.8500000000000004,0.874418604651161,0.8837209302325563,0.9116279069767422
0.5878787878787872,6.30859375,8.5078125,0.19999999999999998,0.0,0.0,0.8000000000000004,0.18604651162790697,0.18604651162790697,0.43720930232558086,0.8750000000000004,0.2,0.0,0.8500000000000004,0.8837209302325563,0.8837209302325563,0.9116279069767422
0.5890909090909083,6.32421875,8.5234375,0.19999999999999998,0.0,0.0,0.8000000000000004,0.18604651162790697,0.18604651162790697,0.43720930232558086,0.8750000000000004,0.2,0.0,0.8500000000000004,0.8837209302325563,0.8930232558139516,0.9116279069767422
0.5903030303030297,6.33984375,8.53125,0.19999999999999998,0.0,0.0,0.8000000000000004,0.18604651162790697,0.18604651162790697,0.43720930232558086,0.8750000000000004,0.2,0.0,0.8500000000000004,0.8837209302325563,0.9023255813953469,0.9116279069767422
0.5915151515151508,6.35546875,8.5546875,0.19999999999999998,0.0,0.0,0.8000000000000004,0.18604651162790697,0.18604651162790697,0.43720930232558086,0.8750000000000004,0.2,0.0,0.8500000000000004,0.8837209302325563,0.9023255813953469,0.9209302325581376
0.592727272727272,6.375,8.5703125,0.22499999999999998,0.0,0.0,0.8000000000000004,0.18604651162790697,0.18604651162790697,0.43720930232558086,0.8750000000000004,0.2,0.0,0.8500000000000004,0.8837209302325563,0.9023255813953469,0.9209302325581376
0.5939393939393932,6.390625,8.578125,0.22499999999999998,0.0,0.0,0.8000000000000004,0.19534883720930232,0.18604651162790697,0.43720930232558086,0.8750000000000004,0.2,0.0,0.8500000000000004,0.8837209302325563,0.9023255813953469,0.9209302325581376
0.5951515151515144,6.41015625,8.59375,0.22499999999999998,0.0,0.0,0.8000000000000004,0.20465116279069767,0.18604651162790697,0.43720930232558086,0.8750000000000004,0.2,0.0,0.8500000000000004,0.8837209302325563,0.9023255813953469,0.9209302325581376
0.5963636363636357,6.42578125,8.609375,0.22499999999999998,0.0,0.0,0.8000000000000004,0.21395348837209302,0.18604651162790697,0.43720930232558086,0.8750000000000004,0.2,0.0,0.8500000000000004,0.8837209302325563,0.9023255813953469,0.9209302325581376
0.5975757575757569,6.44140625,8.625,0.22499999999999998,0.0,0.0,0.8000000000000004,0.22325581395348837,0.18604651162790697,0.43720930232558086,0.8750000000000004,0.2,0.0,0.8500000000000004,0.8837209302325563,0.9023255813953469,0.9209302325581376
0.598787878787878,6.45703125,8.640625,0.22499999999999998,0.0,0.0,0.8000000000000004,0.22325581395348837,0.18604651162790697,0.43720930232558086,0.8750000000000004,0.2,0.0,0.8500000000000004,0.8837209302325563,0.9116279069767422,0.9209302325581376
0.5999999999999993,6.4765625,8.65625,0.22499999999999998,0.0,0.0,0.8000000000000004,0.23255813953488372,0.18604651162790697,0.43720930232558086,0.8750000000000004,0.2,0.0,0.8500000000000004,0.8837209302325563,0.9116279069767422,0.9209302325581376
0.6012121212121204,6.4921875,8.6640625,0.22499999999999998,0.0,0.0,0.8000000000000004,0.23255813953488372,0.18604651162790697,0.4465116279069762,0.8750000000000004,0.2,0.0,0.8500000000000004,0.8837209302325563,0.9116279069767422,0.9209302325581376
