Effective Sparsity,Activation Error,Baseline Error,q0,k0,v0,o0,gate0,up0,down0,q1,k1,v1,o1,gate1,up1,down1
0.0012121212121212121,0.00258636474609375,0.222900390625,0.0,0.0,0.0,0.0,0.0,0.0,0.0,0.0,0.0,0.0,0.0,0.009302325581395349,0.0,0.0
0.0024242424242424242,0.0036773681640625,0.222900390625,0.0,0.0,0.0,0.0,0.0,0.0,0.0,0.0,0.0,0.0,0.0,0.009302325581395349,0.009302325581395349,0.0
0.003636363636363637,0.005764007568359375,0.222900390625,0.0,0.0,0.0,0.0,0.009302325581395349,0.0,0.0,0.0,0.0,0.0,0.0,0.009302325581395349,0.009302325581395349,0.0
0.0048484848484848485,0.007419586181640625,0.222900390625,0.0,0.0,0.0,0.0,0.009302325581395349,0.009302325581395349,0.0,0.0,0.0,0.0,0.0,0.009302325581395349,0.009302325581395349,0.0
0.006060606060606061,0.0089874267578125,0.222900390625,0.0,0.0,0.0,0.0,0.009302325581395349,0.009302325581395349,0.0,0.0,0.0,0.0,0.0,0.009302325581395349,0.009302325581395349,0.009302325581395349
0.007272727272727273,0.01265716552734375,0.222900390625,0.0,0.0,0.0,0.0,0.009302325581395349,0.009302325581395349,0.009302325581395349,0.0,0.0,0.0,0.0,0.009302325581395349,0.009302325581395349,0.009302325581395349
0.008484848484848484,0.04620361328125,0.222900390625,0.0,0.0,0.0,0.0,0.009302325581395349,0.009302325581395349,0.009302325581395349,0.0,0.0,0.0,0.0,0.009302325581395349,0.009302325581395349,0.018604651162790697
0.009696969696969697,0.06634521484375,0.222900390625,0.0,0.0,0.0,0.0,0.009302325581395349,0.009302325581395349,0.009302325581395349,0.025,0.0,0.0,0.0,0.009302325581395349,0.009302325581395349,0.018604651162790697
0.010909090909090908,0.09033203125,0.4453125,0.0,0.0,0.0,0.0,0.009302325581395349,0.009302325581395349,0.009302325581395349,0.025,0.0,0.0,0.0,0.009302325581395349,0.009302325581395349,0.027906976744186046
0.012121212121212121,0.11181640625,0.4677734375,0.0,0.0,0.0,0.0,0.009302325581395349,0.009302325581395349,0.009302325581395349,0.025,0.0,0.0,0.0,0.018604651162790697,0.009302325581395349,0.027906976744186046
0.013333333333333332,0.1304931640625,0.490478515625,0.0,0.0,0.0,0.0,0.009302325581395349,0.009302325581395349,0.009302325581395349,0.025,0.0,0.0,0.025,0.018604651162790697,0.009302325581395349,0.027906976744186046
0.014545454545454545,0.1474609375,0.5146484375,0.0,0.0,0.0,0.0,0.009302325581395349,0.009302325581395349,0.009302325581395349,0.025,0.0,0.0,0.025,0.018604651162790697,0.018604651162790697,0.027906976744186046
0.01575757575757576,0.166259765625,0.53759765625,0.0,0.0,0.0,0.0,0.009302325581395349,0.009302325581395349,0.009302325581395349,0.025,0.0,0.0,0.05,0.018604651162790697,0.018604651162790697,0.027906976744186046
0.01696969696969697,0.1849365234375,0.56103515625,0.0,0.0,0.0,0.0,0.009302325581395349,0.009302325581395349,0.009302325581395349,0.025,0.0,0.0,0.07500000000000001,0.018604651162790697,0.018604651162790697,0.027906976744186046
0.01818181818181818,0.2034912109375,0.5849609375,0.0,0.0,0.0,0.0,0.009302325581395349,0.009302325581395349,0.009302325581395349,0.025,0.0,0.0,0.1,0.018604651162790697,0.018604651162790697,0.027906976744186046
0.019393939393939394,0.2208251953125,0.60986328125,0.0,0.0,0.0,0.0,0.009302325581395349,0.009302325581395349,0.009302325581395349,0.025,0.0,0.0,0.1,0.018604651162790697,0.018604651162790697,0.037209302325581395
0.020606060606060607,0.2376708984375,0.63525390625,0.0,0.0,0.0,0.0,0.009302325581395349,0.009302325581395349,0.018604651162790697,0.025,0.0,0.0,0.1,0.018604651162790697,0.018604651162790697,0.037209302325581395
0.021818181818181816,0.25439453125,0.65966796875,0.0,0.0,0.0,0.0,0.009302325581395349,0.009302325581395349,0.018604651162790697,0.025,0.0,0.0,0.125,0.018604651162790697,0.018604651162790697,0.037209302325581395
0.02303030303030303,0.271240234375,0.68505859375,0.0,0.0,0.0,0.0,0.009302325581395349,0.009302325581395349,0.018604651162790697,0.025,0.0,0.0,0.15,0.018604651162790697,0.018604651162790697,0.037209302325581395
0.024242424242424242,0.28759765625,0.7109375,0.0,0.0,0.0,0.0,0.009302325581395349,0.009302325581395349,0.018604651162790697,0.025,0.0,0.0,0.15,0.027906976744186046,0.018604651162790697,0.037209302325581395
0.025454545454545455,0.304443359375,0.7353515625,0.0,0.0,0.0,0.0,0.009302325581395349,0.009302325581395349,0.018604651162790697,0.025,0.0,0.0,0.175,0.027906976744186046,0.018604651162790697,0.037209302325581395
0.02666666666666667,0.321044921875,0.76025390625,0.0,0.0,0.0,0.0,0.009302325581395349,0.009302325581395349,0.018604651162790697,0.025,0.0,0.0,0.175,0.027906976744186046,0.027906976744186046,0.037209302325581395
0.02787878787878788,0.337158203125,0.7841796875,0.0,0.0,0.0,0.0,0.009302325581395349,0.009302325581395349,0.018604651162790697,0.05,0.0,0.0,0.175,0.027906976744186046,0.027906976744186046,0.037209302325581395
0.02909090909090909,0.3525390625,0.80810546875,0.0,0.0,0.0,0.0,0.009302325581395349,0.009302325581395349,0.018604651162790697,0.05,0.0,0.0,0.19999999999999998,0.027906976744186046,0.027906976744186046,0.037209302325581395
0.030303030303030304,0.367431640625,0.83154296875,0.0,0.0,0.0,0.0,0.009302325581395349,0.009302325581395349,0.018604651162790697,0.05,0.0,0.0,0.19999999999999998,0.027906976744186046,0.027906976744186046,0.046511627906976744
0.03151515151515152,0.382568359375,0.85498046875,0.0,0.0,0.0,0.0,0.009302325581395349,0.009302325581395349,0.018604651162790697,0.05,0.0,0.0,0.22499999999999998,0.027906976744186046,0.027906976744186046,0.046511627906976744
0.03272727272727272,0.397705078125,0.87939453125,0.0,0.0,0.0,0.025,0.009302325581395349,0.009302325581395349,0.018604651162790697,0.05,0.0,0.0,0.22499999999999998,0.027906976744186046,0.027906976744186046,0.046511627906976744
0.033939393939393936,0.41259765625,0.90380859375,0.0,0.0,0.0,0.025,0.009302325581395349,0.009302325581395349,0.018604651162790697,0.05,0.0,0.0,0.24999999999999997,0.027906976744186046,0.027906976744186046,0.046511627906976744
0.03515151515151514,0.427978515625,0.92822265625,0.0,0.0,0.0,0.025,0.009302325581395349,0.009302325581395349,0.027906976744186046,0.05,0.0,0.0,0.24999999999999997,0.027906976744186046,0.027906976744186046,0.046511627906976744
0.036363636363636355,0.442626953125,0.9521484375,0.0,0.0,0.0,0.025,0.018604651162790697,0.009302325581395349,0.027906976744186046,0.05,0.0,0.0,0.24999999999999997,0.027906976744186046,0.027906976744186046,0.046511627906976744
0.037575757575757575,0.45751953125,0.9765625,0.0,0.0,0.0,0.025,0.018604651162790697,0.009302325581395349,0.027906976744186046,0.05,0.0,0.0,0.27499999999999997,0.027906976744186046,0.027906976744186046,0.046511627906976744
0.03878787878787879,0.471923828125,1.0009765625,0.0,0.0,0.0,0.025,0.018604651162790697,0.009302325581395349,0.027906976744186046,0.05,0.0,0.0,0.27499999999999997,0.027906976744186046,0.027906976744186046,0.05581395348837209
0.039999999999999994,0.486083984375,1.0263671875,0.0,0.0,0.0,0.025,0.018604651162790697,0.018604651162790697,0.027906976744186046,0.05,0.0,0.0,0.27499999999999997,0.027906976744186046,0.027906976744186046,0.05581395348837209
0.041212121212121214,0.50048828125,1.0498046875,0.0,0.0,0.0,0.025,0.018604651162790697,0.018604651162790697,0.027906976744186046,0.05,0.0,0.0,0.3,0.027906976744186046,0.027906976744186046,0.05581395348837209
0.04242424242424242,0.51513671875,1.07421875,0.0,0.0,0.0,0.025,0.018604651162790697,0.018604651162790697,0.027906976744186046,0.05,0.0,0.0,0.325,0.027906976744186046,0.027906976744186046,0.05581395348837209
0.04363636363636364,0.5302734375,1.099609375,0.0,0.0,0.0,0.025,0.018604651162790697,0.018604651162790697,0.027906976744186046,0.05,0.0,0.0,0.35000000000000003,0.027906976744186046,0.027906976744186046,0.05581395348837209
0.04484848484848485,0.544921875,1.125,0.0,0.0,0.0,0.025,0.018604651162790697,0.018604651162790697,0.027906976744186046,0.05,0.0,0.0,0.35000000000000003,0.027906976744186046,0.027906976744186046,0.06511627906976744
0.04606060606060606,0.5595703125,1.1494140625,0.0,0.0,0.0,0.05,0.018604651162790697,0.018604651162790697,0.027906976744186046,0.05,0.0,0.0,0.35000000000000003,0.027906976744186046,0.027906976744186046,0.06511627906976744
0.04727272727272728,0.57373046875,1.171875,0.0,0.0,0.0,0.05,0.018604651162790697,0.018604651162790697,0.027906976744186046,0.07500000000000001,0.0,0.0,0.35000000000000003,0.027906976744186046,0.027906976744186046,0.06511627906976744
0.048484848484848485,0.58837890625,1.197265625,0.0,0.0,0.0,0.05,0.018604651162790697,0.018604651162790697,0.027906976744186046,0.07500000000000001,0.0,0.0,0.37500000000000006,0.027906976744186046,0.027906976744186046,0.06511627906976744
0.04969696969696969,0.6025390625,1.220703125,0.0,0.0,0.0,0.05,0.018604651162790697,0.018604651162790697,0.027906976744186046,0.07500000000000001,0.0,0.0,0.37500000000000006,0.037209302325581395,0.027906976744186046,0.06511627906976744
0.05090909090909091,0.6171875,1.2451171875,0.0,0.0,0.0,0.07500000000000001,0.018604651162790697,0.018604651162790697,0.027906976744186046,0.07500000000000001,0.0,0.0,0.37500000000000006,0.037209302325581395,0.027906976744186046,0.06511627906976744
0.05212121212121212,0.63134765625,1.2685546875,0.0,0.0,0.0,0.07500000000000001,0.018604651162790697,0.018604651162790697,0.027906976744186046,0.07500000000000001,0.0,0.0,0.4000000000000001,0.037209302325581395,0.027906976744186046,0.06511627906976744
0.05333333333333334,0.6455078125,1.2939453125,0.0,0.0,0.0,0.07500000000000001,0.018604651162790697,0.018604651162790697,0.027906976744186046,0.07500000000000001,0.0,0.0,0.4000000000000001,0.037209302325581395,0.027906976744186046,0.07441860465116279
0.05454545454545454,0.65966796875,1.3173828125,0.0,0.0,0.0,0.07500000000000001,0.018604651162790697,0.018604651162790697,0.027906976744186046,0.1,0.0,0.0,0.4000000000000001,0.037209302325581395,0.027906976744186046,0.07441860465116279
0.05575757575757576,0.673828125,1.33984375,0.0,0.0,0.0,0.07500000000000001,0.018604651162790697,0.018604651162790697,0.027906976744186046,0.1,0.0,0.0,0.4250000000000001,0.037209302325581395,0.027906976744186046,0.07441860465116279
0.05696969696969697,0.6875,1.3642578125,0.0,0.0,0.0,0.07500000000000001,0.018604651162790697,0.018604651162790697,0.027906976744186046,0.1,0.0,0.0,0.4250000000000001,0.037209302325581395,0.037209302325581395,0.07441860465116279
0.05818181818181818,0.70166015625,1.38671875,0.0,0.0,0.0,0.07500000000000001,0.018604651162790697,0.018604651162790697,0.027906976744186046,0.1,0.0,0.0,0.4500000000000001,0.037209302325581395,0.037209302325581395,0.07441860465116279
0.0593939393939394,0.7158203125,1.4130859375,0.0,0.0,0.0,0.1,0.018604651162790697,0.018604651162790697,0.027906976744186046,0.1,0.0,0.0,0.4500000000000001,0.037209302325581395,0.037209302325581395,0.07441860465116279
0.060606060606060615,0.7294921875,1.435546875,0.0,0.0,0.0,0.1,0.018604651162790697,0.018604651162790697,0.027906976744186046,0.1,0.0,0.0,0.4500000000000001,0.037209302325581395,0.037209302325581395,0.08372093023255814
0.06181818181818183,0.74365234375,1.458984375,0.0,0.0,0.0,0.1,0.018604651162790697,0.018604651162790697,0.037209302325581395,0.1,0.0,0.0,0.4500000000000001,0.037209302325581395,0.037209302325581395,0.08372093023255814
0.06303030303030305,0.75732421875,1.48046875,0.0,0.0,0.0,0.1,0.018604651162790697,0.018604651162790697,0.037209302325581395,0.1,0.0,0.0,0.47500000000000014,0.037209302325581395,0.037209302325581395,0.08372093023255814
0.06424242424242427,0.77099609375,1.50390625,0.0,0.0,0.0,0.1,0.018604651162790697,0.018604651162790697,0.037209302325581395,0.125,0.0,0.0,0.47500000000000014,0.037209302325581395,0.037209302325581395,0.08372093023255814
0.06545454545454547,0.78466796875,1.5263671875,0.0,0.0,0.0,0.1,0.018604651162790697,0.018604651162790697,0.037209302325581395,0.125,0.0,0.0,0.47500000000000014,0.037209302325581395,0.037209302325581395,0.09302325581395349
0.06666666666666668,0.798828125,1.548828125,0.0,0.0,0.0,0.125,0.018604651162790697,0.018604651162790697,0.037209302325581395,0.125,0.0,0.0,0.47500000000000014,0.037209302325581395,0.037209302325581395,0.09302325581395349
0.06787878787878789,0.81298828125,1.5732421875,0.0,0.0,0.0,0.125,0.018604651162790697,0.018604651162790697,0.037209302325581395,0.125,0.0,0.0,0.5000000000000001,0.037209302325581395,0.037209302325581395,0.09302325581395349
0.0690909090909091,0.8271484375,1.595703125,0.025,0.0,0.0,0.125,0.018604651162790697,0.018604651162790697,0.037209302325581395,0.125,0.0,0.0,0.5000000000000001,0.037209302325581395,0.037209302325581395,0.09302325581395349
0.07030303030303031,0.841796875,1.6201171875,0.025,0.0,0.0,0.125,0.018604651162790697,0.018604651162790697,0.037209302325581395,0.125,0.0,0.0,0.5250000000000001,0.037209302325581395,0.037209302325581395,0.09302325581395349
0.07151515151515152,0.85595703125,1.640625,0.025,0.0,0.0,0.125,0.018604651162790697,0.018604651162790697,0.037209302325581395,0.125,0.0,0.0,0.5250000000000001,0.046511627906976744,0.037209302325581395,0.09302325581395349
0.07272727272727272,0.86962890625,1.6640625,0.025,0.0,0.0,0.125,0.018604651162790697,0.018604651162790697,0.037209302325581395,0.125,0.0,0.0,0.5250000000000001,0.046511627906976744,0.037209302325581395,0.10232558139534884
0.07393939393939396,0.8837890625,1.685546875,0.025,0.0,0.0,0.125,0.027906976744186046,0.018604651162790697,0.037209302325581395,0.125,0.0,0.0,0.5250000000000001,0.046511627906976744,0.037209302325581395,0.10232558139534884
0.07515151515151516,0.89794921875,1.7099609375,0.025,0.0,0.0,0.15,0.027906976744186046,0.018604651162790697,0.037209302325581395,0.125,0.0,0.0,0.5250000000000001,0.046511627906976744,0.037209302325581395,0.10232558139534884
0.07636363636363637,0.91162109375,1.7314453125,0.025,0.0,0.0,0.15,0.027906976744186046,0.018604651162790697,0.037209302325581395,0.15,0.0,0.0,0.5250000000000001,0.046511627906976744,0.037209302325581395,0.10232558139534884
0.07757575757575759,0.9248046875,1.75390625,0.025,0.0,0.0,0.15,0.027906976744186046,0.018604651162790697,0.037209302325581395,0.15,0.0,0.0,0.5250000000000001,0.046511627906976744,0.037209302325581395,0.11162790697674418
0.0787878787878788,0.93896484375,1.77734375,0.025,0.0,0.0,0.15,0.027906976744186046,0.018604651162790697,0.037209302325581395,0.15,0.0,0.0,0.5500000000000002,0.046511627906976744,0.037209302325581395,0.11162790697674418
0.08,0.95361328125,1.80078125,0.025,0.0,0.0,0.15,0.027906976744186046,0.018604651162790697,0.037209302325581395,0.175,0.0,0.0,0.5500000000000002,0.046511627906976744,0.037209302325581395,0.11162790697674418
0.08121212121212121,0.9677734375,1.822265625,0.025,0.0,0.0,0.15,0.027906976744186046,0.018604651162790697,0.037209302325581395,0.175,0.0,0.0,0.5500000000000002,0.046511627906976744,0.046511627906976744,0.11162790697674418
0.08242424242424243,0.9814453125,1.8447265625,0.025,0.0,0.0,0.15,0.027906976744186046,0.018604651162790697,0.037209302325581395,0.175,0.0,0.0,0.5500000000000002,0.046511627906976744,0.046511627906976744,0.12093023255813953
0.08363636363636363,0.99560546875,1.8642578125,0.025,0.0,0.0,0.175,0.027906976744186046,0.018604651162790697,0.037209302325581395,0.175,0.0,0.0,0.5500000000000002,0.046511627906976744,0.046511627906976744,0.12093023255813953
0.08484848484848485,1.009765625,1.88671875,0.025,0.0,0.0,0.175,0.027906976744186046,0.027906976744186046,0.037209302325581395,0.175,0.0,0.0,0.5500000000000002,0.046511627906976744,0.046511627906976744,0.12093023255813953
0.08606060606060607,1.0234375,1.9111328125,0.025,0.0,0.0,0.175,0.027906976744186046,0.027906976744186046,0.037209302325581395,0.175,0.0,0.0,0.5500000000000002,0.046511627906976744,0.046511627906976744,0.13023255813953488
0.08727272727272728,1.037109375,1.931640625,0.025,0.0,0.0,0.175,0.027906976744186046,0.027906976744186046,0.037209302325581395,0.19999999999999998,0.0,0.0,0.5500000000000002,0.046511627906976744,0.046511627906976744,0.13023255813953488
0.0884848484848485,1.0517578125,1.955078125,0.025,0.0,0.0,0.19999999999999998,0.027906976744186046,0.027906976744186046,0.037209302325581395,0.19999999999999998,0.0,0.0,0.5500000000000002,0.046511627906976744,0.046511627906976744,0.13023255813953488
0.0896969696969697,1.0654296875,1.9765625,0.025,0.0,0.0,0.19999999999999998,0.027906976744186046,0.027906976744186046,0.037209302325581395,0.19999999999999998,0.0,0.0,0.5750000000000002,0.046511627906976744,0.046511627906976744,0.13023255813953488
0.09090909090909091,1.0791015625,1.9970703125,0.025,0.0,0.0,0.19999999999999998,0.027906976744186046,0.027906976744186046,0.046511627906976744,0.19999999999999998,0.0,0.0,0.5750000000000002,0.046511627906976744,0.046511627906976744,0.13023255813953488
0.09212121212121212,1.0927734375,2.021484375,0.025,0.0,0.0,0.19999999999999998,0.027906976744186046,0.027906976744186046,0.046511627906976744,0.19999999999999998,0.0,0.0,0.5750000000000002,0.05581395348837209,0.046511627906976744,0.13023255813953488
0.09333333333333334,1.1064453125,2.04296875,0.025,0.0,0.0,0.19999999999999998,0.027906976744186046,0.027906976744186046,0.046511627906976744,0.19999999999999998,0.0,0.0,0.5750000000000002,0.05581395348837209,0.046511627906976744,0.13953488372093023
0.09454545454545456,1.1201171875,2.064453125,0.025,0.0,0.0,0.19999999999999998,0.027906976744186046,0.027906976744186046,0.046511627906976744,0.22499999999999998,0.0,0.0,0.5750000000000002,0.05581395348837209,0.046511627906976744,0.13953488372093023
0.09575757575757576,1.1337890625,2.0859375,0.025,0.0,0.0,0.19999999999999998,0.027906976744186046,0.027906976744186046,0.046511627906976744,0.22499999999999998,0.0,0.0,0.5750000000000002,0.05581395348837209,0.046511627906976744,0.14883720930232558
0.09696969696969697,1.1484375,2.107421875,0.025,0.0,0.0,0.22499999999999998,0.027906976744186046,0.027906976744186046,0.046511627906976744,0.22499999999999998,0.0,0.0,0.5750000000000002,0.05581395348837209,0.046511627906976744,0.14883720930232558
0.09818181818181818,1.162109375,2.12890625,0.025,0.0,0.0,0.22499999999999998,0.027906976744186046,0.027906976744186046,0.046511627906976744,0.22499999999999998,0.0,0.0,0.6000000000000002,0.05581395348837209,0.046511627906976744,0.14883720930232558
0.09939393939393938,1.17578125,2.1484375,0.025,0.0,0.0,0.22499999999999998,0.027906976744186046,0.027906976744186046,0.046511627906976744,0.22499999999999998,0.0,0.0,0.6000000000000002,0.05581395348837209,0.05581395348837209,0.14883720930232558
0.10060606060606059,1.189453125,2.171875,0.025,0.0,0.0,0.22499999999999998,0.027906976744186046,0.027906976744186046,0.046511627906976744,0.22499999999999998,0.0,0.0,0.6000000000000002,0.05581395348837209,0.05581395348837209,0.15813953488372093
0.10181818181818182,1.2041015625,2.193359375,0.025,0.0,0.0,0.24999999999999997,0.027906976744186046,0.027906976744186046,0.046511627906976744,0.22499999999999998,0.0,0.0,0.6000000000000002,0.05581395348837209,0.05581395348837209,0.15813953488372093
0.10303030303030303,1.2177734375,2.212890625,0.025,0.0,0.0,0.24999999999999997,0.027906976744186046,0.027906976744186046,0.046511627906976744,0.24999999999999997,0.0,0.0,0.6000000000000002,0.05581395348837209,0.05581395348837209,0.15813953488372093
0.10424242424242426,1.2314453125,2.236328125,0.025,0.0,0.0,0.24999999999999997,0.027906976744186046,0.027906976744186046,0.046511627906976744,0.24999999999999997,0.0,0.0,0.6000000000000002,0.06511627906976744,0.05581395348837209,0.15813953488372093
0.10545454545454547,1.2451171875,2.2578125,0.025,0.0,0.0,0.24999999999999997,0.027906976744186046,0.027906976744186046,0.046511627906976744,0.24999999999999997,0.0,0.0,0.6000000000000002,0.06511627906976744,0.05581395348837209,0.16744186046511628
0.10666666666666667,1.2587890625,2.28125,0.025,0.0,0.0,0.24999999999999997,0.027906976744186046,0.027906976744186046,0.046511627906976744,0.24999999999999997,0.0,0.0,0.6000000000000002,0.06511627906976744,0.05581395348837209,0.17674418604651163
0.10787878787878788,1.2734375,2.30078125,0.025,0.0,0.0,0.27499999999999997,0.027906976744186046,0.027906976744186046,0.046511627906976744,0.24999999999999997,0.0,0.0,0.6000000000000002,0.06511627906976744,0.05581395348837209,0.17674418604651163
0.10909090909090909,1.2880859375,2.32421875,0.025,0.0,0.0,0.27499999999999997,0.027906976744186046,0.027906976744186046,0.05581395348837209,0.24999999999999997,0.0,0.0,0.6000000000000002,0.06511627906976744,0.05581395348837209,0.17674418604651163
0.11030303030303032,1.3017578125,2.34375,0.025,0.0,0.0,0.27499999999999997,0.027906976744186046,0.027906976744186046,0.05581395348837209,0.24999999999999997,0.0,0.0,0.6000000000000002,0.06511627906976744,0.05581395348837209,0.18604651162790697
0.11151515151515151,1.31640625,2.3671875,0.025,0.0,0.0,0.27499999999999997,0.027906976744186046,0.027906976744186046,0.05581395348837209,0.27499999999999997,0.0,0.0,0.6000000000000002,0.06511627906976744,0.05581395348837209,0.18604651162790697
0.11272727272727273,1.330078125,2.38671875,0.025,0.0,0.0,0.27499999999999997,0.027906976744186046,0.027906976744186046,0.05581395348837209,0.27499999999999997,0.0,0.0,0.6250000000000002,0.06511627906976744,0.05581395348837209,0.18604651162790697
0.11393939393939394,1.34375,2.408203125,0.025,0.0,0.0,0.27499999999999997,0.027906976744186046,0.027906976744186046,0.05581395348837209,0.27499999999999997,0.0,0.0,0.6250000000000002,0.07441860465116279,0.05581395348837209,0.18604651162790697
0.11515151515151516,1.357421875,2.4296875,0.025,0.0,0.0,0.27499999999999997,0.027906976744186046,0.027906976744186046,0.05581395348837209,0.27499999999999997,0.0,0.0,0.6250000000000002,0.07441860465116279,0.06511627906976744,0.18604651162790697
0.11636363636363638,1.37109375,2.451171875,0.025,0.0,0.0,0.27499999999999997,0.027906976744186046,0.027906976744186046,0.05581395348837209,0.27499999999999997,0.0,0.0,0.6250000000000002,0.07441860465116279,0.06511627906976744,0.19534883720930232
0.11757575757575758,1.3857421875,2.470703125,0.025,0.0,0.0,0.3,0.027906976744186046,0.027906976744186046,0.05581395348837209,0.27499999999999997,0.0,0.0,0.6250000000000002,0.07441860465116279,0.06511627906976744,0.19534883720930232
0.1187878787878788,1.3994140625,2.490234375,0.025,0.0,0.0,0.3,0.027906976744186046,0.027906976744186046,0.05581395348837209,0.3,0.0,0.0,0.6250000000000002,0.07441860465116279,0.06511627906976744,0.19534883720930232
0.12000000000000001,1.4140625,2.51171875,0.025,0.0,0.0,0.325,0.027906976744186046,0.027906976744186046,0.05581395348837209,0.3,0.0,0.0,0.6250000000000002,0.07441860465116279,0.06511627906976744,0.19534883720930232
0.12121212121212122,1.427734375,2.53515625,0.025,0.0,0.0,0.325,0.027906976744186046,0.027906976744186046,0.05581395348837209,0.3,0.0,0.0,0.6250000000000002,0.07441860465116279,0.06511627906976744,0.20465116279069767
0.12242424242424244,1.4423828125,2.5546875,0.025,0.0,0.0,0.35000000000000003,0.027906976744186046,0.027906976744186046,0.05581395348837209,0.3,0.0,0.0,0.6250000000000002,0.07441860465116279,0.06511627906976744,0.20465116279069767
0.12363636363636363,1.45703125,2.576171875,0.025,0.0,0.0,0.35000000000000003,0.027906976744186046,0.027906976744186046,0.05581395348837209,0.325,0.0,0.0,0.6250000000000002,0.07441860465116279,0.06511627906976744,0.20465116279069767
0.12484848484848486,1.470703125,2.595703125,0.025,0.0,0.0,0.35000000000000003,0.027906976744186046,0.027906976744186046,0.05581395348837209,0.325,0.0,0.0,0.6250000000000002,0.08372093023255814,0.06511627906976744,0.20465116279069767
0.1260606060606061,1.484375,2.6171875,0.025,0.0,0.0,0.35000000000000003,0.027906976744186046,0.027906976744186046,0.05581395348837209,0.325,0.0,0.0,0.6250000000000002,0.08372093023255814,0.07441860465116279,0.20465116279069767
0.12727272727272726,1.498046875,2.638671875,0.025,0.0,0.0,0.35000000000000003,0.027906976744186046,0.027906976744186046,0.05581395348837209,0.325,0.0,0.0,0.6250000000000002,0.08372093023255814,0.07441860465116279,0.21395348837209302
0.1284848484848485,1.5126953125,2.658203125,0.025,0.0,0.0,0.35000000000000003,0.027906976744186046,0.027906976744186046,0.06511627906976744,0.325,0.0,0.0,0.6250000000000002,0.08372093023255814,0.07441860465116279,0.21395348837209302
0.12969696969696973,1.52734375,2.6796875,0.025,0.0,0.0,0.35000000000000003,0.027906976744186046,0.027906976744186046,0.06511627906976744,0.35000000000000003,0.0,0.0,0.6250000000000002,0.08372093023255814,0.07441860465116279,0.21395348837209302
0.13090909090909095,1.541015625,2.701171875,0.025,0.0,0.0,0.35000000000000003,0.027906976744186046,0.027906976744186046,0.06511627906976744,0.35000000000000003,0.0,0.0,0.6250000000000002,0.08372093023255814,0.07441860465116279,0.22325581395348837
0.13212121212121214,1.5556640625,2.72265625,0.025,0.0,0.0,0.37500000000000006,0.027906976744186046,0.027906976744186046,0.06511627906976744,0.35000000000000003,0.0,0.0,0.6250000000000002,0.08372093023255814,0.07441860465116279,0.22325581395348837
0.13333333333333336,1.5693359375,2.740234375,0.025,0.0,0.0,0.37500000000000006,0.027906976744186046,0.027906976744186046,0.06511627906976744,0.35000000000000003,0.0,0.0,0.6250000000000002,0.08372093023255814,0.07441860465116279,0.23255813953488372
0.13454545454545455,1.5830078125,2.763671875,0.025,0.0,0.0,0.37500000000000006,0.027906976744186046,0.027906976744186046,0.06511627906976744,0.35000000000000003,0.0,0.0,0.6250000000000002,0.09302325581395349,0.07441860465116279,0.23255813953488372
0.1357575757575758,1.5966796875,2.783203125,0.025,0.0,0.0,0.37500000000000006,0.027906976744186046,0.027906976744186046,0.06511627906976744,0.35000000000000003,0.0,0.0,0.6500000000000002,0.09302325581395349,0.07441860465116279,0.23255813953488372
0.136969696969697,1.611328125,2.8046875,0.025,0.0,0.0,0.4000000000000001,0.027906976744186046,0.027906976744186046,0.06511627906976744,0.35000000000000003,0.0,0.0,0.6500000000000002,0.09302325581395349,0.07441860465116279,0.23255813953488372
0.1381818181818182,1.625,2.82421875,0.025,0.0,0.0,0.4000000000000001,0.027906976744186046,0.027906976744186046,0.06511627906976744,0.35000000000000003,0.0,0.0,0.6500000000000002,0.09302325581395349,0.08372093023255814,0.23255813953488372
0.1393939393939394,1.6396484375,2.845703125,0.025,0.0,0.0,0.4000000000000001,0.037209302325581395,0.027906976744186046,0.06511627906976744,0.35000000000000003,0.0,0.0,0.6500000000000002,0.09302325581395349,0.08372093023255814,0.23255813953488372
0.14060606060606062,1.6533203125,2.8671875,0.025,0.0,0.0,0.4000000000000001,0.037209302325581395,0.027906976744186046,0.06511627906976744,0.35000000000000003,0.0,0.0,0.6500000000000002,0.10232558139534884,0.08372093023255814,0.23255813953488372
0.14181818181818184,1.66796875,2.890625,0.025,0.0,0.0,0.4000000000000001,0.037209302325581395,0.027906976744186046,0.06511627906976744,0.37500000000000006,0.0,0.0,0.6500000000000002,0.10232558139534884,0.08372093023255814,0.23255813953488372
0.14303030303030304,1.681640625,2.908203125,0.025,0.0,0.0,0.4000000000000001,0.037209302325581395,0.027906976744186046,0.06511627906976744,0.37500000000000006,0.0,0.0,0.6500000000000002,0.10232558139534884,0.09302325581395349,0.23255813953488372
0.14424242424242426,1.6962890625,2.9296875,0.025,0.0,0.0,0.4250000000000001,0.037209302325581395,0.027906976744186046,0.06511627906976744,0.37500000000000006,0.0,0.0,0.6500000000000002,0.10232558139534884,0.09302325581395349,0.23255813953488372
0.14545454545454548,1.7109375,2.947265625,0.025,0.0,0.0,0.4250000000000001,0.037209302325581395,0.027906976744186046,0.06511627906976744,0.4000000000000001,0.0,0.0,0.6500000000000002,0.10232558139534884,0.09302325581395349,0.23255813953488372
0.1466666666666667,1.724609375,2.970703125,0.025,0.0,0.0,0.4250000000000001,0.037209302325581395,0.027906976744186046,0.06511627906976744,0.4000000000000001,0.0,0.0,0.6500000000000002,0.11162790697674418,0.09302325581395349,0.23255813953488372
0.1478787878787879,1.73828125,2.9921875,0.025,0.0,0.0,0.4250000000000001,0.037209302325581395,0.027906976744186046,0.06511627906976744,0.4000000000000001,0.0,0.0,0.6500000000000002,0.11162790697674418,0.09302325581395349,0.24186046511627907
0.1490909090909091,1.751953125,3.009765625,0.025,0.0,0.0,0.4250000000000001,0.037209302325581395,0.027906976744186046,0.06511627906976744,0.4000000000000001,0.0,0.0,0.6500000000000002,0.11162790697674418,0.09302325581395349,0.25116279069767444
0.15030303030303033,1.765625,3.03125,0.025,0.0,0.0,0.4250000000000001,0.037209302325581395,0.027906976744186046,0.06511627906976744,0.4000000000000001,0.0,0.0,0.6500000000000002,0.11162790697674418,0.09302325581395349,0.26046511627906976
0.15151515151515152,1.779296875,3.05078125,0.025,0.0,0.0,0.4250000000000001,0.037209302325581395,0.027906976744186046,0.07441860465116279,0.4000000000000001,0.0,0.0,0.6500000000000002,0.11162790697674418,0.09302325581395349,0.26046511627906976
0.15272727272727274,1.79296875,3.07421875,0.025,0.0,0.0,0.4250000000000001,0.037209302325581395,0.027906976744186046,0.07441860465116279,0.4000000000000001,0.0,0.0,0.6500000000000002,0.11162790697674418,0.09302325581395349,0.2697674418604651
0.15393939393939393,1.8076171875,3.091796875,0.025,0.0,0.0,0.4500000000000001,0.037209302325581395,0.027906976744186046,0.07441860465116279,0.4000000000000001,0.0,0.0,0.6500000000000002,0.11162790697674418,0.09302325581395349,0.2697674418604651
0.15515151515151515,1.8212890625,3.115234375,0.025,0.0,0.0,0.4500000000000001,0.037209302325581395,0.027906976744186046,0.07441860465116279,0.4000000000000001,0.0,0.0,0.6500000000000002,0.12093023255813953,0.09302325581395349,0.2697674418604651
0.1563636363636364,1.8359375,3.1328125,0.025,0.0,0.0,0.47500000000000014,0.037209302325581395,0.027906976744186046,0.07441860465116279,0.4000000000000001,0.0,0.0,0.6500000000000002,0.12093023255813953,0.09302325581395349,0.2697674418604651
0.15757575757575756,1.849609375,3.15234375,0.025,0.0,0.0,0.47500000000000014,0.037209302325581395,0.027906976744186046,0.07441860465116279,0.4000000000000001,0.0,0.0,0.6500000000000002,0.12093023255813953,0.10232558139534884,0.2697674418604651
0.1587878787878788,1.8642578125,3.173828125,0.025,0.0,0.0,0.47500000000000014,0.037209302325581395,0.037209302325581395,0.07441860465116279,0.4000000000000001,0.0,0.0,0.6500000000000002,0.12093023255813953,0.10232558139534884,0.2697674418604651
0.16000000000000003,1.87890625,3.19140625,0.025,0.0,0.0,0.47500000000000014,0.037209302325581395,0.037209302325581395,0.07441860465116279,0.4250000000000001,0.0,0.0,0.6500000000000002,0.12093023255813953,0.10232558139534884,0.2697674418604651
0.16121212121212122,1.892578125,3.216796875,0.025,0.0,0.0,0.47500000000000014,0.037209302325581395,0.037209302325581395,0.07441860465116279,0.4500000000000001,0.0,0.0,0.6500000000000002,0.12093023255813953,0.10232558139534884,0.2697674418604651
0.16242424242424244,1.90625,3.234375,0.025,0.0,0.0,0.47500000000000014,0.037209302325581395,0.037209302325581395,0.07441860465116279,0.4500000000000001,0.0,0.0,0.6750000000000003,0.12093023255813953,0.10232558139534884,0.2697674418604651
0.16363636363636364,1.919921875,3.25390625,0.025,0.0,0.0,0.47500000000000014,0.037209302325581395,0.037209302325581395,0.07441860465116279,0.4500000000000001,0.0,0.0,0.6750000000000003,0.13023255813953488,0.10232558139534884,0.2697674418604651
0.16484848484848486,1.93359375,3.271484375,0.025,0.0,0.0,0.47500000000000014,0.037209302325581395,0.037209302325581395,0.07441860465116279,0.4500000000000001,0.0,0.0,0.6750000000000003,0.13023255813953488,0.11162790697674418,0.2697674418604651
0.16606060606060608,1.947265625,3.294921875,0.025,0.0,0.0,0.47500000000000014,0.037209302325581395,0.037209302325581395,0.07441860465116279,0.4500000000000001,0.0,0.0,0.6750000000000003,0.13023255813953488,0.11162790697674418,0.2790697674418604
0.1672727272727273,1.9609375,3.314453125,0.025,0.0,0.0,0.47500000000000014,0.037209302325581395,0.037209302325581395,0.07441860465116279,0.4500000000000001,0.0,0.0,0.6750000000000003,0.13023255813953488,0.11162790697674418,0.2883720930232557
0.16848484848484852,1.974609375,3.33203125,0.025,0.0,0.0,0.5000000000000001,0.037209302325581395,0.037209302325581395,0.07441860465116279,0.4500000000000001,0.0,0.0,0.6750000000000003,0.13023255813953488,0.11162790697674418,0.2883720930232557
0.1696969696969697,1.98828125,3.3515625,0.025,0.0,0.0,0.5000000000000001,0.037209302325581395,0.037209302325581395,0.07441860465116279,0.4500000000000001,0.0,0.0,0.6750000000000003,0.13953488372093023,0.11162790697674418,0.2883720930232557
0.1709090909090909,2.001953125,3.375,0.025,0.0,0.0,0.5000000000000001,0.037209302325581395,0.037209302325581395,0.08372093023255814,0.4500000000000001,0.0,0.0,0.6750000000000003,0.13953488372093023,0.11162790697674418,0.2883720930232557
0.17212121212121212,2.015625,3.39453125,0.025,0.0,0.0,0.5000000000000001,0.037209302325581395,0.037209302325581395,0.08372093023255814,0.4500000000000001,0.0,0.0,0.6750000000000003,0.13953488372093023,0.11162790697674418,0.29767441860465105
0.1733333333333333,2.029296875,3.4140625,0.025,0.0,0.0,0.5000000000000001,0.037209302325581395,0.037209302325581395,0.08372093023255814,0.4500000000000001,0.0,0.0,0.6750000000000003,0.14883720930232558,0.11162790697674418,0.29767441860465105
0.17454545454545456,2.04296875,3.431640625,0.025,0.0,0.0,0.5000000000000001,0.037209302325581395,0.037209302325581395,0.08372093023255814,0.4500000000000001,0.0,0.0,0.6750000000000003,0.14883720930232558,0.12093023255813953,0.29767441860465105
0.17575757575757575,2.056640625,3.453125,0.025,0.0,0.0,0.5000000000000001,0.037209302325581395,0.037209302325581395,0.08372093023255814,0.4500000000000001,0.0,0.0,0.6750000000000003,0.14883720930232558,0.12093023255813953,0.30697674418604637
0.176969696969697,2.0703125,3.4765625,0.025,0.0,0.0,0.5000000000000001,0.037209302325581395,0.037209302325581395,0.08372093023255814,0.47500000000000014,0.0,0.0,0.6750000000000003,0.14883720930232558,0.12093023255813953,0.30697674418604637
0.1781818181818182,2.083984375,3.49609375,0.025,0.0,0.0,0.5000000000000001,0.037209302325581395,0.037209302325581395,0.08372093023255814,0.47500000000000014,0.0,0.0,0.6750000000000003,0.14883720930232558,0.13023255813953488,0.30697674418604637
0.1793939393939394,2.099609375,3.515625,0.025,0.0,0.0,0.5250000000000001,0.037209302325581395,0.037209302325581395,0.08372093023255814,0.47500000000000014,0.0,0.0,0.6750000000000003,0.14883720930232558,0.13023255813953488,0.30697674418604637
0.1806060606060606,2.11328125,3.537109375,0.025,0.0,0.0,0.5500000000000002,0.037209302325581395,0.037209302325581395,0.08372093023255814,0.47500000000000014,0.0,0.0,0.6750000000000003,0.14883720930232558,0.13023255813953488,0.30697674418604637
0.18181818181818185,2.12890625,3.556640625,0.025,0.0,0.0,0.5500000000000002,0.037209302325581395,0.037209302325581395,0.09302325581395349,0.47500000000000014,0.0,0.0,0.6750000000000003,0.14883720930232558,0.13023255813953488,0.30697674418604637
0.18303030303030304,2.142578125,3.576171875,0.025,0.0,0.0,0.5500000000000002,0.037209302325581395,0.037209302325581395,0.09302325581395349,0.5000000000000001,0.0,0.0,0.6750000000000003,0.14883720930232558,0.13023255813953488,0.30697674418604637
0.18424242424242426,2.15625,3.59375,0.025,0.0,0.0,0.5500000000000002,0.037209302325581395,0.037209302325581395,0.09302325581395349,0.5000000000000001,0.0,0.0,0.6750000000000003,0.15813953488372093,0.13023255813953488,0.30697674418604637
0.18545454545454548,2.169921875,3.615234375,0.025,0.0,0.0,0.5500000000000002,0.037209302325581395,0.037209302325581395,0.09302325581395349,0.5000000000000001,0.0,0.0,0.6750000000000003,0.16744186046511628,0.13023255813953488,0.30697674418604637
0.1866666666666667,2.18359375,3.634765625,0.025,0.0,0.0,0.5500000000000002,0.037209302325581395,0.037209302325581395,0.09302325581395349,0.5000000000000001,0.0,0.0,0.6750000000000003,0.16744186046511628,0.13953488372093023,0.30697674418604637
0.1878787878787879,2.197265625,3.654296875,0.025,0.0,0.0,0.5500000000000002,0.037209302325581395,0.037209302325581395,0.09302325581395349,0.5000000000000001,0.0,0.0,0.6750000000000003,0.16744186046511628,0.14883720930232558,0.30697674418604637
0.18909090909090912,2.2109375,3.67578125,0.025,0.0,0.0,0.5500000000000002,0.037209302325581395,0.037209302325581395,0.09302325581395349,0.5000000000000001,0.0,0.0,0.6750000000000003,0.16744186046511628,0.14883720930232558,0.3162790697674417
0.1903030303030303,2.224609375,3.697265625,0.025,0.0,0.0,0.5500000000000002,0.037209302325581395,0.037209302325581395,0.09302325581395349,0.5000000000000001,0.0,0.0,0.6750000000000003,0.16744186046511628,0.14883720930232558,0.325581395348837
0.19151515151515153,2.23828125,3.716796875,0.025,0.0,0.0,0.5500000000000002,0.037209302325581395,0.037209302325581395,0.09302325581395349,0.5000000000000001,0.0,0.0,0.6750000000000003,0.16744186046511628,0.14883720930232558,0.33488372093023233
0.19272727272727272,2.251953125,3.73828125,0.025,0.0,0.0,0.5500000000000002,0.037209302325581395,0.037209302325581395,0.09302325581395349,0.5000000000000001,0.0,0.0,0.6750000000000003,0.17674418604651163,0.14883720930232558,0.33488372093023233
0.19393939393939394,2.265625,3.755859375,0.025,0.0,0.0,0.5500000000000002,0.037209302325581395,0.037209302325581395,0.09302325581395349,0.5000000000000001,0.0,0.0,0.6750000000000003,0.17674418604651163,0.14883720930232558,0.34418604651162765
0.19515151515151513,2.28125,3.77734375,0.025,0.0,0.0,0.5750000000000002,0.037209302325581395,0.037209302325581395,0.09302325581395349,0.5000000000000001,0.0,0.0,0.6750000000000003,0.17674418604651163,0.14883720930232558,0.34418604651162765
0.19636363636363635,2.294921875,3.796875,0.025,0.0,0.0,0.5750000000000002,0.037209302325581395,0.037209302325581395,0.09302325581395349,0.5250000000000001,0.0,0.0,0.6750000000000003,0.17674418604651163,0.14883720930232558,0.34418604651162765
0.19757575757575757,2.30859375,3.81640625,0.025,0.0,0.0,0.5750000000000002,0.037209302325581395,0.037209302325581395,0.09302325581395349,0.5250000000000001,0.0,0.0,0.6750000000000003,0.17674418604651163,0.14883720930232558,0.353488372093023
0.19878787878787876,2.32421875,3.837890625,0.025,0.0,0.0,0.5750000000000002,0.046511627906976744,0.037209302325581395,0.09302325581395349,0.5250000000000001,0.0,0.0,0.6750000000000003,0.17674418604651163,0.14883720930232558,0.353488372093023
0.2,2.337890625,3.857421875,0.025,0.0,0.0,0.5750000000000002,0.046511627906976744,0.037209302325581395,0.09302325581395349,0.5250000000000001,0.0,0.0,0.7000000000000003,0.17674418604651163,0.14883720930232558,0.353488372093023
0.20121212121212123,2.353515625,3.876953125,0.025,0.0,0.0,0.5750000000000002,0.046511627906976744,0.037209302325581395,0.10232558139534884,0.5250000000000001,0.0,0.0,0.7000000000000003,0.17674418604651163,0.14883720930232558,0.353488372093023
0.20242424242424242,2.3671875,3.8984375,0.025,0.0,0.0,0.5750000000000002,0.046511627906976744,0.037209302325581395,0.10232558139534884,0.5500000000000002,0.0,0.0,0.7000000000000003,0.17674418604651163,0.14883720930232558,0.353488372093023
0.20363636363636362,2.380859375,3.916015625,0.025,0.0,0.0,0.5750000000000002,0.046511627906976744,0.037209302325581395,0.10232558139534884,0.5500000000000002,0.0,0.0,0.7000000000000003,0.18604651162790697,0.14883720930232558,0.353488372093023
0.20484848484848484,2.39453125,3.935546875,0.025,0.0,0.0,0.5750000000000002,0.046511627906976744,0.037209302325581395,0.10232558139534884,0.5500000000000002,0.0,0.0,0.7000000000000003,0.19534883720930232,0.14883720930232558,0.353488372093023
0.20606060606060606,2.41015625,3.95703125,0.025,0.0,0.0,0.5750000000000002,0.046511627906976744,0.037209302325581395,0.11162790697674418,0.5500000000000002,0.0,0.0,0.7000000000000003,0.19534883720930232,0.14883720930232558,0.353488372093023
0.2072727272727273,2.423828125,3.978515625,0.025,0.0,0.0,0.5750000000000002,0.046511627906976744,0.037209302325581395,0.11162790697674418,0.5500000000000002,0.0,0.0,0.7000000000000003,0.20465116279069767,0.14883720930232558,0.353488372093023
0.20848484848484847,2.4375,3.99609375,0.025,0.0,0.0,0.5750000000000002,0.046511627906976744,0.037209302325581395,0.11162790697674418,0.5500000000000002,0.0,0.0,0.7000000000000003,0.20465116279069767,0.15813953488372093,0.353488372093023
0.20969696969696972,2.451171875,4.01953125,0.025,0.0,0.0,0.5750000000000002,0.046511627906976744,0.037209302325581395,0.11162790697674418,0.5500000000000002,0.0,0.0,0.7000000000000003,0.20465116279069767,0.16744186046511628,0.353488372093023
0.21090909090909088,2.46484375,4.0390625,0.025,0.0,0.0,0.5750000000000002,0.046511627906976744,0.037209302325581395,0.11162790697674418,0.5500000000000002,0.0,0.0,0.7000000000000003,0.20465116279069767,0.16744186046511628,0.3627906976744183
0.21212121212121213,2.478515625,4.05859375,0.025,0.0,0.0,0.5750000000000002,0.046511627906976744,0.037209302325581395,0.11162790697674418,0.5500000000000002,0.0,0.0,0.7000000000000003,0.20465116279069767,0.16744186046511628,0.3720930232558136
0.21333333333333335,2.4921875,4.07421875,0.025,0.0,0.0,0.5750000000000002,0.046511627906976744,0.037209302325581395,0.11162790697674418,0.5500000000000002,0.0,0.0,0.7000000000000003,0.20465116279069767,0.16744186046511628,0.38139534883720894
0.21454545454545454,2.505859375,4.09765625,0.025,0.0,0.0,0.5750000000000002,0.046511627906976744,0.037209302325581395,0.11162790697674418,0.5500000000000002,0.0,0.0,0.7000000000000003,0.20465116279069767,0.17674418604651163,0.38139534883720894
0.21575757575757573,2.521484375,4.1171875,0.025,0.0,0.0,0.6000000000000002,0.046511627906976744,0.037209302325581395,0.11162790697674418,0.5500000000000002,0.0,0.0,0.7000000000000003,0.20465116279069767,0.17674418604651163,0.38139534883720894
0.21696969696969695,2.53515625,4.140625,0.025,0.0,0.0,0.6000000000000002,0.046511627906976744,0.037209302325581395,0.11162790697674418,0.5500000000000002,0.0,0.0,0.7000000000000003,0.21395348837209302,0.17674418604651163,0.38139534883720894
0.21818181818181817,2.548828125,4.15234375,0.025,0.0,0.0,0.6000000000000002,0.046511627906976744,0.037209302325581395,0.11162790697674418,0.5500000000000002,0.0,0.0,0.7000000000000003,0.21395348837209302,0.17674418604651163,0.39069767441860426
0.21939393939393942,2.564453125,4.17578125,0.025,0.0,0.0,0.6000000000000002,0.046511627906976744,0.037209302325581395,0.12093023255813953,0.5500000000000002,0.0,0.0,0.7000000000000003,0.21395348837209302,0.17674418604651163,0.39069767441860426
0.2206060606060606,2.578125,4.1953125,0.025,0.0,0.0,0.6000000000000002,0.046511627906976744,0.037209302325581395,0.12093023255813953,0.5500000000000002,0.0,0.0,0.7000000000000003,0.22325581395348837,0.17674418604651163,0.39069767441860426
0.22181818181818178,2.59375,4.21484375,0.025,0.0,0.0,0.6000000000000002,0.046511627906976744,0.037209302325581395,0.12093023255813953,0.5750000000000002,0.0,0.0,0.7000000000000003,0.22325581395348837,0.17674418604651163,0.39069767441860426
0.22303030303030302,2.607421875,4.234375,0.025,0.0,0.0,0.6000000000000002,0.046511627906976744,0.037209302325581395,0.12093023255813953,0.6000000000000002,0.0,0.0,0.7000000000000003,0.22325581395348837,0.17674418604651163,0.39069767441860426
0.22424242424242424,2.62109375,4.25390625,0.025,0.0,0.0,0.6000000000000002,0.046511627906976744,0.037209302325581395,0.12093023255813953,0.6000000000000002,0.0,0.0,0.7000000000000003,0.22325581395348837,0.18604651162790697,0.39069767441860426
0.22545454545454544,2.63671875,4.27734375,0.025,0.0,0.0,0.6000000000000002,0.046511627906976744,0.046511627906976744,0.12093023255813953,0.6000000000000002,0.0,0.0,0.7000000000000003,0.22325581395348837,0.18604651162790697,0.39069767441860426
0.22666666666666663,2.65234375,4.296875,0.025,0.0,0.0,0.6000000000000002,0.046511627906976744,0.046511627906976744,0.13023255813953488,0.6000000000000002,0.0,0.0,0.7000000000000003,0.22325581395348837,0.18604651162790697,0.39069767441860426
0.22787878787878785,2.666015625,4.3125,0.025,0.0,0.0,0.6000000000000002,0.046511627906976744,0.046511627906976744,0.13023255813953488,0.6000000000000002,0.0,0.0,0.7000000000000003,0.22325581395348837,0.19534883720930232,0.39069767441860426
0.22909090909090907,2.681640625,4.3359375,0.025,0.0,0.0,0.6000000000000002,0.046511627906976744,0.046511627906976744,0.13023255813953488,0.6250000000000002,0.0,0.0,0.7000000000000003,0.22325581395348837,0.19534883720930232,0.39069767441860426
0.23030303030303031,2.697265625,4.35546875,0.025,0.0,0.0,0.6000000000000002,0.046511627906976744,0.046511627906976744,0.13023255813953488,0.6250000000000002,0.0,0.0,0.7250000000000003,0.22325581395348837,0.19534883720930232,0.39069767441860426
0.23151515151515148,2.7109375,4.375,0.025,0.0,0.0,0.6000000000000002,0.046511627906976744,0.046511627906976744,0.13023255813953488,0.6250000000000002,0.0,0.0,0.7250000000000003,0.23255813953488372,0.19534883720930232,0.39069767441860426
0.23272727272727273,2.724609375,4.39453125,0.025,0.0,0.0,0.6000000000000002,0.046511627906976744,0.046511627906976744,0.13023255813953488,0.6250000000000002,0.0,0.0,0.7250000000000003,0.23255813953488372,0.20465116279069767,0.39069767441860426
0.2339393939393939,2.740234375,4.4140625,0.025,0.0,0.0,0.6250000000000002,0.046511627906976744,0.046511627906976744,0.13023255813953488,0.6250000000000002,0.0,0.0,0.7250000000000003,0.23255813953488372,0.20465116279069767,0.39069767441860426
0.23515151515151514,2.75390625,4.4375,0.025,0.0,0.0,0.6250000000000002,0.046511627906976744,0.046511627906976744,0.13023255813953488,0.6250000000000002,0.0,0.0,0.7250000000000003,0.24186046511627907,0.20465116279069767,0.39069767441860426
0.23636363636363633,2.76953125,4.45703125,0.025,0.0,0.0,0.6250000000000002,0.046511627906976744,0.046511627906976744,0.13023255813953488,0.6250000000000002,0.0,0.0,0.7250000000000003,0.25116279069767444,0.20465116279069767,0.39069767441860426
0.23757575757575755,2.783203125,4.47265625,0.025,0.0,0.0,0.6250000000000002,0.046511627906976744,0.046511627906976744,0.13023255813953488,0.6250000000000002,0.0,0.0,0.7250000000000003,0.26046511627906976,0.20465116279069767,0.39069767441860426
0.23878787878787877,2.796875,4.4921875,0.025,0.0,0.0,0.6250000000000002,0.046511627906976744,0.046511627906976744,0.13023255813953488,0.6250000000000002,0.0,0.0,0.7250000000000003,0.26046511627906976,0.21395348837209302,0.39069767441860426
0.23999999999999996,2.8125,4.515625,0.025,0.0,0.0,0.6250000000000002,0.046511627906976744,0.046511627906976744,0.13023255813953488,0.6250000000000002,0.0,0.0,0.7250000000000003,0.2697674418604651,0.21395348837209302,0.39069767441860426
0.24121212121212118,2.826171875,4.53515625,0.025,0.0,0.0,0.6250000000000002,0.046511627906976744,0.046511627906976744,0.13023255813953488,0.6250000000000002,0.0,0.0,0.7250000000000003,0.2697674418604651,0.21395348837209302,0.3999999999999996
0.24242424242424238,2.83984375,4.5546875,0.025,0.0,0.0,0.6250000000000002,0.046511627906976744,0.046511627906976744,0.13023255813953488,0.6250000000000002,0.0,0.0,0.7250000000000003,0.2697674418604651,0.21395348837209302,0.4093023255813949
0.24363636363636357,2.853515625,4.57421875,0.025,0.0,0.0,0.6250000000000002,0.046511627906976744,0.046511627906976744,0.13023255813953488,0.6250000000000002,0.0,0.0,0.7250000000000003,0.2697674418604651,0.22325581395348837,0.4093023255813949
0.2448484848484848,2.8671875,4.58984375,0.025,0.0,0.0,0.6250000000000002,0.046511627906976744,0.046511627906976744,0.13023255813953488,0.6250000000000002,0.0,0.0,0.7250000000000003,0.2697674418604651,0.22325581395348837,0.4186046511627902
0.24606060606060604,2.880859375,4.61328125,0.025,0.0,0.0,0.6250000000000002,0.046511627906976744,0.046511627906976744,0.13023255813953488,0.6250000000000002,0.0,0.0,0.7250000000000003,0.2697674418604651,0.23255813953488372,0.4186046511627902
0.24727272727272726,2.896484375,4.6328125,0.025,0.0,0.0,0.6250000000000002,0.046511627906976744,0.046511627906976744,0.13953488372093023,0.6250000000000002,0.0,0.0,0.7250000000000003,0.2697674418604651,0.23255813953488372,0.4186046511627902
0.24848484848484845,2.91015625,4.65234375,0.025,0.0,0.0,0.6250000000000002,0.046511627906976744,0.046511627906976744,0.13953488372093023,0.6250000000000002,0.0,0.0,0.7250000000000003,0.2697674418604651,0.23255813953488372,0.42790697674418554
0.24969696969696964,2.923828125,4.67578125,0.025,0.0,0.0,0.6250000000000002,0.046511627906976744,0.046511627906976744,0.13953488372093023,0.6250000000000002,0.0,0.0,0.7250000000000003,0.2697674418604651,0.23255813953488372,0.43720930232558086
0.25090909090909086,2.9375,4.69140625,0.025,0.0,0.0,0.6250000000000002,0.046511627906976744,0.046511627906976744,0.13953488372093023,0.6250000000000002,0.0,0.0,0.7250000000000003,0.2697674418604651,0.23255813953488372,0.4465116279069762
0.2521212121212121,2.951171875,4.71484375,0.025,0.0,0.0,0.6250000000000002,0.046511627906976744,0.046511627906976744,0.13953488372093023,0.6250000000000002,0.0,0.0,0.7250000000000003,0.2697674418604651,0.24186046511627907,0.4465116279069762
0.2533333333333333,2.966796875,4.73046875,0.025,0.0,0.0,0.6250000000000002,0.05581395348837209,0.046511627906976744,0.13953488372093023,0.6250000000000002,0.0,0.0,0.7250000000000003,0.2697674418604651,0.24186046511627907,0.4465116279069762
0.2545454545454545,2.982421875,4.75,0.025,0.0,0.0,0.6250000000000002,0.05581395348837209,0.046511627906976744,0.14883720930232558,0.6250000000000002,0.0,0.0,0.7250000000000003,0.2697674418604651,0.24186046511627907,0.4465116279069762
0.25575757575757574,2.998046875,4.7734375,0.025,0.0,0.0,0.6250000000000002,0.05581395348837209,0.046511627906976744,0.14883720930232558,0.6500000000000002,0.0,0.0,0.7250000000000003,0.2697674418604651,0.24186046511627907,0.4465116279069762
0.25696969696969696,3.01171875,4.7890625,0.025,0.0,0.0,0.6250000000000002,0.05581395348837209,0.046511627906976744,0.14883720930232558,0.6500000000000002,0.0,0.0,0.7250000000000003,0.2790697674418604,0.24186046511627907,0.4465116279069762
0.2581818181818181,3.02734375,4.8125,0.025,0.0,0.0,0.6250000000000002,0.05581395348837209,0.046511627906976744,0.14883720930232558,0.6750000000000003,0.0,0.0,0.7250000000000003,0.2790697674418604,0.24186046511627907,0.4465116279069762
0.25939393939393934,3.041015625,4.828125,0.025,0.0,0.0,0.6250000000000002,0.05581395348837209,0.046511627906976744,0.14883720930232558,0.6750000000000003,0.0,0.0,0.7250000000000003,0.2883720930232557,0.24186046511627907,0.4465116279069762
0.26060606060606056,3.056640625,4.8515625,0.025,0.0,0.0,0.6250000000000002,0.05581395348837209,0.046511627906976744,0.14883720930232558,0.6750000000000003,0.0,0.0,0.7250000000000003,0.29767441860465105,0.24186046511627907,0.4465116279069762
0.2618181818181818,3.072265625,4.87109375,0.025,0.0,0.0,0.6250000000000002,0.05581395348837209,0.046511627906976744,0.15813953488372093,0.6750000000000003,0.0,0.0,0.7250000000000003,0.29767441860465105,0.24186046511627907,0.4465116279069762
0.263030303030303,3.087890625,4.890625,0.025,0.0,0.0,0.6250000000000002,0.05581395348837209,0.046511627906976744,0.15813953488372093,0.6750000000000003,0.0,0.0,0.7250000000000003,0.29767441860465105,0.25116279069767444,0.4465116279069762
0.2642424242424242,3.1015625,4.91015625,0.025,0.0,0.0,0.6250000000000002,0.05581395348837209,0.046511627906976744,0.15813953488372093,0.6750000000000003,0.0,0.0,0.7250000000000003,0.29767441860465105,0.26046511627906976,0.4465116279069762
0.26545454545454544,3.115234375,4.9296875,0.025,0.0,0.0,0.6250000000000002,0.05581395348837209,0.046511627906976744,0.15813953488372093,0.6750000000000003,0.0,0.0,0.7250000000000003,0.29767441860465105,0.26046511627906976,0.4558139534883715
0.2666666666666666,3.12890625,4.94921875,0.025,0.0,0.0,0.6250000000000002,0.05581395348837209,0.046511627906976744,0.15813953488372093,0.6750000000000003,0.0,0.0,0.7250000000000003,0.29767441860465105,0.26046511627906976,0.4651162790697668
0.2678787878787878,3.142578125,4.97265625,0.025,0.0,0.0,0.6250000000000002,0.05581395348837209,0.046511627906976744,0.15813953488372093,0.6750000000000003,0.0,0.0,0.7250000000000003,0.29767441860465105,0.2697674418604651,0.4651162790697668
0.26909090909090905,3.158203125,4.98828125,0.025,0.0,0.0,0.6500000000000002,0.05581395348837209,0.046511627906976744,0.15813953488372093,0.6750000000000003,0.0,0.0,0.7250000000000003,0.29767441860465105,0.2697674418604651,0.4651162790697668
0.27030303030303027,3.173828125,5.01171875,0.025,0.0,0.0,0.6500000000000002,0.05581395348837209,0.046511627906976744,0.15813953488372093,0.6750000000000003,0.0,0.0,0.7250000000000003,0.30697674418604637,0.2697674418604651,0.4651162790697668
0.27151515151515143,3.189453125,5.02734375,0.025,0.0,0.0,0.6500000000000002,0.05581395348837209,0.046511627906976744,0.15813953488372093,0.6750000000000003,0.0,0.0,0.7250000000000003,0.3162790697674417,0.2697674418604651,0.4651162790697668
0.2727272727272727,3.203125,5.05078125,0.025,0.0,0.0,0.6500000000000002,0.05581395348837209,0.046511627906976744,0.15813953488372093,0.6750000000000003,0.0,0.0,0.7250000000000003,0.325581395348837,0.2697674418604651,0.4651162790697668
0.2739393939393939,3.216796875,5.06640625,0.025,0.0,0.0,0.6500000000000002,0.05581395348837209,0.046511627906976744,0.15813953488372093,0.6750000000000003,0.0,0.0,0.7250000000000003,0.325581395348837,0.2697674418604651,0.47441860465116215
0.2751515151515151,3.23046875,5.08984375,0.025,0.0,0.0,0.6500000000000002,0.05581395348837209,0.046511627906976744,0.15813953488372093,0.6750000000000003,0.0,0.0,0.7250000000000003,0.325581395348837,0.2697674418604651,0.48372093023255747
0.2763636363636363,3.24609375,5.10546875,0.025,0.0,0.0,0.6500000000000002,0.05581395348837209,0.046511627906976744,0.15813953488372093,0.6750000000000003,0.0,0.0,0.7250000000000003,0.33488372093023233,0.2697674418604651,0.48372093023255747
0.2775757575757575,3.26171875,5.1328125,0.025,0.0,0.0,0.6500000000000002,0.05581395348837209,0.046511627906976744,0.16744186046511628,0.6750000000000003,0.0,0.0,0.7250000000000003,0.33488372093023233,0.2697674418604651,0.48372093023255747
0.2787878787878787,3.27734375,5.1484375,0.025,0.0,0.0,0.6500000000000002,0.05581395348837209,0.046511627906976744,0.16744186046511628,0.6750000000000003,0.0,0.0,0.7250000000000003,0.33488372093023233,0.2790697674418604,0.48372093023255747
0.2799999999999999,3.291015625,5.171875,0.025,0.0,0.0,0.6500000000000002,0.05581395348837209,0.046511627906976744,0.16744186046511628,0.6750000000000003,0.0,0.0,0.7250000000000003,0.33488372093023233,0.2883720930232557,0.48372093023255747
0.28121212121212114,3.306640625,5.1875,0.025,0.0,0.0,0.6500000000000002,0.06511627906976744,0.046511627906976744,0.16744186046511628,0.6750000000000003,0.0,0.0,0.7250000000000003,0.33488372093023233,0.2883720930232557,0.48372093023255747
0.2824242424242423,3.322265625,5.20703125,0.025,0.0,0.0,0.6500000000000002,0.06511627906976744,0.046511627906976744,0.16744186046511628,0.7000000000000003,0.0,0.0,0.7250000000000003,0.33488372093023233,0.2883720930232557,0.48372093023255747
0.2836363636363635,3.337890625,5.23046875,0.025,0.0,0.0,0.6500000000000002,0.06511627906976744,0.046511627906976744,0.16744186046511628,0.7000000000000003,0.0,0.0,0.7250000000000003,0.33488372093023233,0.29767441860465105,0.48372093023255747
0.28484848484848474,3.353515625,5.24609375,0.025,0.0,0.0,0.6500000000000002,0.06511627906976744,0.05581395348837209,0.16744186046511628,0.7000000000000003,0.0,0.0,0.7250000000000003,0.33488372093023233,0.29767441860465105,0.48372093023255747
0.28606060606060596,3.369140625,5.26953125,0.025,0.0,0.0,0.6500000000000002,0.06511627906976744,0.05581395348837209,0.17674418604651163,0.7000000000000003,0.0,0.0,0.7250000000000003,0.33488372093023233,0.29767441860465105,0.48372093023255747
0.2872727272727272,3.384765625,5.28515625,0.025,0.0,0.0,0.6500000000000002,0.06511627906976744,0.05581395348837209,0.17674418604651163,0.7000000000000003,0.0,0.0,0.7500000000000003,0.33488372093023233,0.29767441860465105,0.48372093023255747
0.28848484848484834,3.400390625,5.30859375,0.025,0.0,0.0,0.6500000000000002,0.06511627906976744,0.05581395348837209,0.17674418604651163,0.7000000000000003,0.0,0.0,0.7500000000000003,0.34418604651162765,0.29767441860465105,0.48372093023255747
0.2896969696969696,3.416015625,5.32421875,0.025,0.0,0.0,0.6500000000000002,0.06511627906976744,0.05581395348837209,0.17674418604651163,0.7250000000000003,0.0,0.0,0.7500000000000003,0.34418604651162765,0.29767441860465105,0.48372093023255747
0.2909090909090908,3.431640625,5.34375,0.025,0.0,0.0,0.6500000000000002,0.06511627906976744,0.05581395348837209,0.17674418604651163,0.7250000000000003,0.0,0.0,0.7500000000000003,0.353488372093023,0.29767441860465105,0.48372093023255747
0.292121212121212,3.447265625,5.36328125,0.025,0.0,0.0,0.6500000000000002,0.06511627906976744,0.05581395348837209,0.17674418604651163,0.7250000000000003,0.0,0.0,0.7500000000000003,0.3627906976744183,0.29767441860465105,0.48372093023255747
0.2933333333333332,3.4609375,5.3828125,0.025,0.0,0.0,0.6500000000000002,0.06511627906976744,0.05581395348837209,0.17674418604651163,0.7250000000000003,0.0,0.0,0.7500000000000003,0.3627906976744183,0.29767441860465105,0.4930232558139528
0.29454545454545444,3.474609375,5.40234375,0.025,0.0,0.0,0.6500000000000002,0.06511627906976744,0.05581395348837209,0.17674418604651163,0.7250000000000003,0.0,0.0,0.7500000000000003,0.3627906976744183,0.29767441860465105,0.5023255813953481
0.29575757575757566,3.48828125,5.421875,0.025,0.0,0.0,0.6500000000000002,0.06511627906976744,0.05581395348837209,0.17674418604651163,0.7250000000000003,0.0,0.0,0.7500000000000003,0.3627906976744183,0.29767441860465105,0.5116279069767434
0.29696969696969683,3.501953125,5.4453125,0.025,0.0,0.0,0.6500000000000002,0.06511627906976744,0.05581395348837209,0.17674418604651163,0.7250000000000003,0.0,0.0,0.7500000000000003,0.3627906976744183,0.29767441860465105,0.5209302325581388
0.29818181818181805,3.517578125,5.46484375,0.025,0.0,0.0,0.6500000000000002,0.06511627906976744,0.05581395348837209,0.18604651162790697,0.7250000000000003,0.0,0.0,0.7500000000000003,0.3627906976744183,0.29767441860465105,0.5209302325581388
0.29939393939393927,3.533203125,5.48046875,0.025,0.0,0.0,0.6500000000000002,0.06511627906976744,0.05581395348837209,0.18604651162790697,0.7250000000000003,0.0,0.0,0.7500000000000003,0.3627906976744183,0.30697674418604637,0.5209302325581388
0.3006060606060605,3.546875,5.50390625,0.025,0.0,0.0,0.6500000000000002,0.06511627906976744,0.05581395348837209,0.18604651162790697,0.7250000000000003,0.0,0.0,0.7500000000000003,0.3627906976744183,0.3162790697674417,0.5209302325581388
0.30181818181818165,3.560546875,5.5234375,0.025,0.0,0.0,0.6500000000000002,0.06511627906976744,0.05581395348837209,0.18604651162790697,0.7250000000000003,0.0,0.0,0.7500000000000003,0.3627906976744183,0.325581395348837,0.5209302325581388
0.3030303030303029,3.576171875,5.54296875,0.025,0.0,0.0,0.6500000000000002,0.06511627906976744,0.05581395348837209,0.19534883720930232,0.7250000000000003,0.0,0.0,0.7500000000000003,0.3627906976744183,0.325581395348837,0.5209302325581388
0.30424242424242415,3.591796875,5.56640625,0.025,0.0,0.0,0.6500000000000002,0.06511627906976744,0.05581395348837209,0.19534883720930232,0.7250000000000003,0.0,0.0,0.7500000000000003,0.3627906976744183,0.33488372093023233,0.5209302325581388
0.3054545454545453,3.607421875,5.5859375,0.025,0.0,0.0,0.6750000000000003,0.06511627906976744,0.05581395348837209,0.19534883720930232,0.7250000000000003,0.0,0.0,0.7500000000000003,0.3627906976744183,0.33488372093023233,0.5209302325581388
0.3066666666666665,3.623046875,5.6015625,0.025,0.0,0.0,0.6750000000000003,0.06511627906976744,0.05581395348837209,0.19534883720930232,0.7250000000000003,0.0,0.0,0.7500000000000003,0.3627906976744183,0.34418604651162765,0.5209302325581388
0.30787878787878775,3.638671875,5.62109375,0.025,0.0,0.0,0.6750000000000003,0.06511627906976744,0.05581395348837209,0.19534883720930232,0.7500000000000003,0.0,0.0,0.7500000000000003,0.3627906976744183,0.34418604651162765,0.5209302325581388
0.30909090909090897,3.654296875,5.6484375,0.025,0.0,0.0,0.6750000000000003,0.06511627906976744,0.05581395348837209,0.19534883720930232,0.7500000000000003,0.0,0.0,0.7500000000000003,0.3720930232558136,0.34418604651162765,0.5209302325581388
0.3103030303030302,3.669921875,5.66796875,0.025,0.0,0.0,0.6750000000000003,0.06511627906976744,0.05581395348837209,0.19534883720930232,0.7500000000000003,0.0,0.0,0.7500000000000003,0.3720930232558136,0.353488372093023,0.5209302325581388
0.31151515151515136,3.685546875,5.68359375,0.025,0.0,0.0,0.6750000000000003,0.06511627906976744,0.05581395348837209,0.19534883720930232,0.7500000000000003,0.0,0.0,0.7500000000000003,0.38139534883720894,0.353488372093023,0.5209302325581388
0.3127272727272726,3.701171875,5.703125,0.025,0.0,0.0,0.6750000000000003,0.06511627906976744,0.05581395348837209,0.19534883720930232,0.7500000000000003,0.0,0.0,0.7500000000000003,0.39069767441860426,0.353488372093023,0.5209302325581388
0.3139393939393938,3.71484375,5.71875,0.025,0.0,0.0,0.6750000000000003,0.06511627906976744,0.05581395348837209,0.19534883720930232,0.7500000000000003,0.0,0.0,0.7500000000000003,0.3999999999999996,0.353488372093023,0.5209302325581388
0.315151515151515,3.728515625,5.73828125,0.025,0.0,0.0,0.6750000000000003,0.06511627906976744,0.05581395348837209,0.19534883720930232,0.7500000000000003,0.0,0.0,0.7500000000000003,0.3999999999999996,0.353488372093023,0.5302325581395341
0.31636363636363624,3.744140625,5.765625,0.025,0.0,0.0,0.6750000000000003,0.06511627906976744,0.05581395348837209,0.19534883720930232,0.7500000000000003,0.0,0.0,0.7500000000000003,0.3999999999999996,0.3627906976744183,0.5302325581395341
0.31757575757575746,3.7578125,5.78125,0.025,0.0,0.0,0.6750000000000003,0.06511627906976744,0.05581395348837209,0.19534883720930232,0.7500000000000003,0.0,0.0,0.7500000000000003,0.3999999999999996,0.3627906976744183,0.5395348837209294
0.3187878787878787,3.771484375,5.80078125,0.025,0.0,0.0,0.6750000000000003,0.06511627906976744,0.05581395348837209,0.19534883720930232,0.7500000000000003,0.0,0.0,0.7500000000000003,0.3999999999999996,0.3627906976744183,0.5488372093023247
0.31999999999999984,3.78515625,5.8203125,0.025,0.0,0.0,0.6750000000000003,0.06511627906976744,0.05581395348837209,0.19534883720930232,0.7500000000000003,0.0,0.0,0.7500000000000003,0.3999999999999996,0.3627906976744183,0.55813953488372
0.32121212121212106,3.80078125,5.83984375,0.025,0.0,0.0,0.6750000000000003,0.06511627906976744,0.05581395348837209,0.19534883720930232,0.7500000000000003,0.0,0.0,0.7500000000000003,0.3999999999999996,0.3627906976744183,0.5674418604651154
0.32242424242424234,3.81640625,5.85546875,0.025,0.0,0.0,0.6750000000000003,0.06511627906976744,0.05581395348837209,0.20465116279069767,0.7500000000000003,0.0,0.0,0.7500000000000003,0.3999999999999996,0.3627906976744183,0.5674418604651154
0.3236363636363635,3.83203125,5.88671875,0.025,0.0,0.0,0.6750000000000003,0.06511627906976744,0.05581395348837209,0.20465116279069767,0.7500000000000003,0.0,0.0,0.7500000000000003,0.3999999999999996,0.3627906976744183,0.5767441860465107
0.32484848484848466,3.84765625,5.90234375,0.025,0.0,0.0,0.6750000000000003,0.07441860465116279,0.05581395348837209,0.20465116279069767,0.7500000000000003,0.0,0.0,0.7500000000000003,0.3999999999999996,0.3627906976744183,0.5767441860465107
0.3260606060606059,3.86328125,5.921875,0.025,0.0,0.0,0.6750000000000003,0.07441860465116279,0.05581395348837209,0.20465116279069767,0.7500000000000003,0.0,0.0,0.7500000000000003,0.3999999999999996,0.3720930232558136,0.5767441860465107
0.3272727272727271,3.87890625,5.9375,0.025,0.0,0.0,0.6750000000000003,0.07441860465116279,0.05581395348837209,0.20465116279069767,0.7500000000000003,0.0,0.0,0.7500000000000003,0.3999999999999996,0.3720930232558136,0.586046511627906
0.3284848484848483,3.89453125,5.95703125,0.025,0.0,0.0,0.6750000000000003,0.07441860465116279,0.06511627906976744,0.20465116279069767,0.7500000000000003,0.0,0.0,0.7500000000000003,0.3999999999999996,0.3720930232558136,0.586046511627906
0.3296969696969695,3.91015625,5.9765625,0.025,0.0,0.0,0.6750000000000003,0.07441860465116279,0.06511627906976744,0.20465116279069767,0.7500000000000003,0.0,0.0,0.7500000000000003,0.3999999999999996,0.3720930232558136,0.5953488372093013
0.3309090909090907,3.92578125,6.00390625,0.025,0.0,0.0,0.6750000000000003,0.07441860465116279,0.06511627906976744,0.20465116279069767,0.7500000000000003,0.0,0.0,0.7500000000000003,0.4093023255813949,0.3720930232558136,0.5953488372093013
0.33212121212121193,3.94140625,6.0234375,0.025,0.0,0.0,0.6750000000000003,0.07441860465116279,0.06511627906976744,0.20465116279069767,0.7500000000000003,0.0,0.0,0.7500000000000003,0.4186046511627902,0.3720930232558136,0.5953488372093013
0.33333333333333315,3.95703125,6.0390625,0.025,0.0,0.0,0.6750000000000003,0.07441860465116279,0.06511627906976744,0.21395348837209302,0.7500000000000003,0.0,0.0,0.7500000000000003,0.4186046511627902,0.3720930232558136,0.5953488372093013
0.33454545454545437,3.97265625,6.05859375,0.025,0.0,0.0,0.6750000000000003,0.07441860465116279,0.06511627906976744,0.21395348837209302,0.7500000000000003,0.0,0.0,0.7500000000000003,0.4186046511627902,0.38139534883720894,0.5953488372093013
0.3357575757575756,3.98828125,6.07421875,0.025,0.0,0.0,0.6750000000000003,0.07441860465116279,0.06511627906976744,0.21395348837209302,0.7500000000000003,0.0,0.0,0.7500000000000003,0.4186046511627902,0.39069767441860426,0.5953488372093013
0.33696969696969675,4.00390625,6.09765625,0.025,0.0,0.0,0.6750000000000003,0.08372093023255814,0.06511627906976744,0.21395348837209302,0.7500000000000003,0.0,0.0,0.7500000000000003,0.4186046511627902,0.39069767441860426,0.5953488372093013
0.338181818181818,4.01953125,6.11328125,0.025,0.0,0.0,0.6750000000000003,0.08372093023255814,0.06511627906976744,0.21395348837209302,0.7500000000000003,0.0,0.0,0.7500000000000003,0.4186046511627902,0.3999999999999996,0.5953488372093013
0.3393939393939392,4.03515625,6.14453125,0.025,0.0,0.0,0.6750000000000003,0.08372093023255814,0.06511627906976744,0.22325581395348837,0.7500000000000003,0.0,0.0,0.7500000000000003,0.4186046511627902,0.3999999999999996,0.5953488372093013
0.3406060606060604,4.05078125,6.16015625,0.025,0.0,0.0,0.6750000000000003,0.08372093023255814,0.06511627906976744,0.22325581395348837,0.7500000000000003,0.0,0.0,0.7500000000000003,0.4186046511627902,0.3999999999999996,0.6046511627906966
0.3418181818181816,4.06640625,6.17578125,0.025,0.0,0.0,0.6750000000000003,0.08372093023255814,0.06511627906976744,0.22325581395348837,0.7500000000000003,0.0,0.0,0.7500000000000003,0.4186046511627902,0.3999999999999996,0.613953488372092
0.3430303030303028,4.08203125,6.1953125,0.025,0.0,0.0,0.6750000000000003,0.08372093023255814,0.06511627906976744,0.23255813953488372,0.7500000000000003,0.0,0.0,0.7500000000000003,0.4186046511627902,0.3999999999999996,0.613953488372092
0.34424242424242407,4.1015625,6.21484375,0.025,0.0,0.0,0.7000000000000003,0.08372093023255814,0.06511627906976744,0.23255813953488372,0.7500000000000003,0.0,0.0,0.7500000000000003,0.4186046511627902,0.3999999999999996,0.613953488372092
0.3454545454545453,4.1171875,6.234375,0.025,0.0,0.0,0.7000000000000003,0.08372093023255814,0.07441860465116279,0.23255813953488372,0.7500000000000003,0.0,0.0,0.7500000000000003,0.4186046511627902,0.3999999999999996,0.613953488372092
0.3466666666666664,4.1328125,6.25,0.025,0.0,0.0,0.7000000000000003,0.08372093023255814,0.07441860465116279,0.23255813953488372,0.7750000000000004,0.0,0.0,0.7500000000000003,0.4186046511627902,0.3999999999999996,0.613953488372092
0.3478787878787877,4.1484375,6.28125,0.025,0.0,0.0,0.7000000000000003,0.08372093023255814,0.07441860465116279,0.23255813953488372,0.7750000000000004,0.0,0.0,0.7750000000000004,0.4186046511627902,0.3999999999999996,0.613953488372092
0.3490909090909089,4.16796875,6.296875,0.025,0.0,0.0,0.7000000000000003,0.09302325581395349,0.07441860465116279,0.23255813953488372,0.7750000000000004,0.0,0.0,0.7750000000000004,0.4186046511627902,0.3999999999999996,0.613953488372092
0.3503030303030301,4.18359375,6.3125,0.025,0.0,0.0,0.7000000000000003,0.09302325581395349,0.07441860465116279,0.23255813953488372,0.7750000000000004,0.0,0.0,0.7750000000000004,0.42790697674418554,0.3999999999999996,0.613953488372092
0.3515151515151513,4.19921875,6.33203125,0.025,0.0,0.0,0.7000000000000003,0.09302325581395349,0.07441860465116279,0.23255813953488372,0.7750000000000004,0.0,0.0,0.7750000000000004,0.43720930232558086,0.3999999999999996,0.613953488372092
0.3527272727272725,4.21484375,6.3515625,0.025,0.0,0.0,0.7000000000000003,0.09302325581395349,0.07441860465116279,0.24186046511627907,0.7750000000000004,0.0,0.0,0.7750000000000004,0.43720930232558086,0.3999999999999996,0.613953488372092
0.3539393939393937,4.23046875,6.37109375,0.025,0.0,0.0,0.7000000000000003,0.09302325581395349,0.07441860465116279,0.24186046511627907,0.7750000000000004,0.0,0.0,0.7750000000000004,0.43720930232558086,0.4093023255813949,0.613953488372092
0.3551515151515149,4.24609375,6.390625,0.025,0.0,0.0,0.7000000000000003,0.09302325581395349,0.07441860465116279,0.24186046511627907,0.7750000000000004,0.0,0.0,0.7750000000000004,0.43720930232558086,0.4186046511627902,0.613953488372092
0.3563636363636361,4.26171875,6.41015625,0.025,0.0,0.0,0.7000000000000003,0.09302325581395349,0.07441860465116279,0.24186046511627907,0.8000000000000004,0.0,0.0,0.7750000000000004,0.43720930232558086,0.4186046511627902,0.613953488372092
0.3575757575757573,4.27734375,6.4375,0.025,0.0,0.0,0.7000000000000003,0.09302325581395349,0.07441860465116279,0.24186046511627907,0.8000000000000004,0.0,0.0,0.7750000000000004,0.43720930232558086,0.4186046511627902,0.6232558139534873
0.35878787878787854,4.29296875,6.453125,0.025,0.0,0.0,0.7000000000000003,0.09302325581395349,0.07441860465116279,0.24186046511627907,0.8000000000000004,0.0,0.0,0.7750000000000004,0.43720930232558086,0.4186046511627902,0.6325581395348826
0.35999999999999976,4.30859375,6.47265625,0.025,0.0,0.0,0.7000000000000003,0.09302325581395349,0.07441860465116279,0.24186046511627907,0.8000000000000004,0.0,0.0,0.7750000000000004,0.4465116279069762,0.4186046511627902,0.6325581395348826
0.361212121212121,4.32421875,6.48828125,0.025,0.0,0.0,0.7000000000000003,0.09302325581395349,0.07441860465116279,0.24186046511627907,0.8000000000000004,0.0,0.0,0.7750000000000004,0.4558139534883715,0.4186046511627902,0.6325581395348826
0.36242424242424226,4.33984375,6.51171875,0.025,0.0,0.0,0.7000000000000003,0.09302325581395349,0.07441860465116279,0.24186046511627907,0.8000000000000004,0.0,0.0,0.7750000000000004,0.4651162790697668,0.4186046511627902,0.6325581395348826
0.3636363636363635,4.35546875,6.52734375,0.025,0.0,0.0,0.7000000000000003,0.09302325581395349,0.07441860465116279,0.25116279069767444,0.8000000000000004,0.0,0.0,0.7750000000000004,0.4651162790697668,0.4186046511627902,0.6325581395348826
0.3648484848484846,4.37109375,6.546875,0.025,0.0,0.0,0.7000000000000003,0.09302325581395349,0.07441860465116279,0.25116279069767444,0.8000000000000004,0.0,0.0,0.7750000000000004,0.4651162790697668,0.42790697674418554,0.6325581395348826
0.36606060606060586,4.38671875,6.56640625,0.025,0.0,0.0,0.7000000000000003,0.09302325581395349,0.07441860465116279,0.25116279069767444,0.8000000000000004,0.0,0.0,0.7750000000000004,0.4651162790697668,0.43720930232558086,0.6325581395348826
0.3672727272727271,4.40234375,6.58984375,0.025,0.0,0.0,0.7000000000000003,0.09302325581395349,0.07441860465116279,0.25116279069767444,0.8000000000000004,0.0,0.0,0.7750000000000004,0.47441860465116215,0.43720930232558086,0.6325581395348826
0.3684848484848483,4.41796875,6.61328125,0.025,0.0,0.0,0.7000000000000003,0.09302325581395349,0.07441860465116279,0.25116279069767444,0.8000000000000004,0.0,0.0,0.7750000000000004,0.48372093023255747,0.43720930232558086,0.6325581395348826
0.3696969696969694,4.43359375,6.62890625,0.025,0.0,0.0,0.7000000000000003,0.09302325581395349,0.07441860465116279,0.25116279069767444,0.8000000000000004,0.0,0.0,0.7750000000000004,0.4930232558139528,0.43720930232558086,0.6325581395348826
0.3709090909090907,4.44921875,6.6484375,0.025,0.0,0.0,0.7000000000000003,0.09302325581395349,0.07441860465116279,0.25116279069767444,0.8000000000000004,0.0,0.0,0.7750000000000004,0.4930232558139528,0.4465116279069762,0.6325581395348826
0.3721212121212119,4.46484375,6.66796875,0.025,0.0,0.0,0.7000000000000003,0.09302325581395349,0.07441860465116279,0.25116279069767444,0.8000000000000004,0.0,0.0,0.7750000000000004,0.4930232558139528,0.4558139534883715,0.6325581395348826
0.37333333333333313,4.48046875,6.6875,0.025,0.0,0.0,0.7000000000000003,0.09302325581395349,0.07441860465116279,0.26046511627906976,0.8000000000000004,0.0,0.0,0.7750000000000004,0.4930232558139528,0.4558139534883715,0.6325581395348826
0.3745454545454543,4.49609375,6.703125,0.025,0.0,0.0,0.7000000000000003,0.09302325581395349,0.07441860465116279,0.26046511627906976,0.8000000000000004,0.0,0.0,0.7750000000000004,0.4930232558139528,0.4651162790697668,0.6325581395348826
0.3757575757575755,4.51171875,6.72265625,0.025,0.0,0.0,0.7000000000000003,0.09302325581395349,0.07441860465116279,0.26046511627906976,0.8000000000000004,0.0,0.0,0.7750000000000004,0.4930232558139528,0.4651162790697668,0.6418604651162779
0.3769696969696967,4.52734375,6.7421875,0.025,0.0,0.0,0.7000000000000003,0.09302325581395349,0.08372093023255814,0.26046511627906976,0.8000000000000004,0.0,0.0,0.7750000000000004,0.4930232558139528,0.4651162790697668,0.6418604651162779
0.3781818181818179,4.546875,6.7734375,0.025,0.0,0.0,0.7000000000000003,0.10232558139534884,0.08372093023255814,0.26046511627906976,0.8000000000000004,0.0,0.0,0.7750000000000004,0.4930232558139528,0.4651162790697668,0.6418604651162779
0.3793939393939391,4.5625,6.78515625,0.025,0.0,0.0,0.7000000000000003,0.10232558139534884,0.08372093023255814,0.26046511627906976,0.8000000000000004,0.0,0.0,0.7750000000000004,0.4930232558139528,0.47441860465116215,0.6418604651162779
0.38060606060606034,4.578125,6.80859375,0.025,0.0,0.0,0.7000000000000003,0.10232558139534884,0.08372093023255814,0.26046511627906976,0.8000000000000004,0.0,0.0,0.7750000000000004,0.4930232558139528,0.48372093023255747,0.6418604651162779
0.38181818181818156,4.59375,6.82421875,0.025,0.0,0.0,0.7000000000000003,0.10232558139534884,0.08372093023255814,0.26046511627906976,0.8000000000000004,0.0,0.0,0.7750000000000004,0.4930232558139528,0.4930232558139528,0.6418604651162779
0.3830303030303028,4.609375,6.84765625,0.025,0.0,0.0,0.7000000000000003,0.10232558139534884,0.08372093023255814,0.2697674418604651,0.8000000000000004,0.0,0.0,0.7750000000000004,0.4930232558139528,0.4930232558139528,0.6418604651162779
0.384242424242424,4.625,6.86328125,0.025,0.0,0.0,0.7000000000000003,0.10232558139534884,0.08372093023255814,0.2697674418604651,0.8000000000000004,0.0,0.0,0.7750000000000004,0.4930232558139528,0.4930232558139528,0.6511627906976732
0.3854545454545452,4.640625,6.8828125,0.025,0.0,0.0,0.7000000000000003,0.10232558139534884,0.08372093023255814,0.2697674418604651,0.8000000000000004,0.0,0.0,0.7750000000000004,0.4930232558139528,0.4930232558139528,0.6604651162790686
0.3866666666666664,4.65625,6.90234375,0.025,0.0,0.0,0.7000000000000003,0.10232558139534884,0.08372093023255814,0.2697674418604651,0.8000000000000004,0.0,0.0,0.7750000000000004,0.5023255813953481,0.4930232558139528,0.6604651162790686
0.3878787878787876,4.671875,6.91796875,0.025,0.0,0.0,0.7000000000000003,0.10232558139534884,0.08372093023255814,0.2697674418604651,0.8000000000000004,0.0,0.0,0.7750000000000004,0.5116279069767434,0.4930232558139528,0.6604651162790686
0.3890909090909089,4.69140625,6.9453125,0.025,0.0,0.0,0.7250000000000003,0.10232558139534884,0.08372093023255814,0.2697674418604651,0.8000000000000004,0.0,0.0,0.7750000000000004,0.5116279069767434,0.4930232558139528,0.6604651162790686
0.39030303030303,4.7109375,6.96875,0.025,0.0,0.0,0.7250000000000003,0.11162790697674418,0.08372093023255814,0.2697674418604651,0.8000000000000004,0.0,0.0,0.7750000000000004,0.5116279069767434,0.4930232558139528,0.6604651162790686
0.3915151515151512,4.7265625,6.984375,0.025,0.0,0.0,0.7250000000000003,0.11162790697674418,0.08372093023255814,0.2697674418604651,0.8250000000000004,0.0,0.0,0.7750000000000004,0.5116279069767434,0.4930232558139528,0.6604651162790686
0.3927272727272724,4.7421875,7.00390625,0.025,0.0,0.0,0.7250000000000003,0.11162790697674418,0.08372093023255814,0.2697674418604651,0.8250000000000004,0.0,0.0,0.7750000000000004,0.5116279069767434,0.4930232558139528,0.6697674418604639
0.3939393939393936,4.7578125,7.0234375,0.025,0.0,0.0,0.7250000000000003,0.11162790697674418,0.08372093023255814,0.2697674418604651,0.8250000000000004,0.0,0.0,0.7750000000000004,0.5116279069767434,0.4930232558139528,0.6790697674418592
0.3951515151515148,4.7734375,7.0390625,0.025,0.0,0.0,0.7250000000000003,0.11162790697674418,0.08372093023255814,0.2697674418604651,0.8250000000000004,0.0,0.0,0.7750000000000004,0.5116279069767434,0.4930232558139528,0.6883720930232545
0.39636363636363603,4.79296875,7.05859375,0.025,0.0,0.0,0.7250000000000003,0.11162790697674418,0.09302325581395349,0.2697674418604651,0.8250000000000004,0.0,0.0,0.7750000000000004,0.5116279069767434,0.4930232558139528,0.6883720930232545
0.3975757575757573,4.80859375,7.07421875,0.025,0.0,0.0,0.7250000000000003,0.11162790697674418,0.09302325581395349,0.2697674418604651,0.8250000000000004,0.0,0.0,0.7750000000000004,0.5209302325581388,0.4930232558139528,0.6883720930232545
0.3987878787878785,4.82421875,7.09765625,0.025,0.0,0.0,0.7250000000000003,0.11162790697674418,0.09302325581395349,0.2697674418604651,0.8250000000000004,0.0,0.0,0.7750000000000004,0.5302325581395341,0.4930232558139528,0.6883720930232545
0.39999999999999963,4.83984375,7.11328125,0.025,0.0,0.0,0.7250000000000003,0.11162790697674418,0.09302325581395349,0.2697674418604651,0.8250000000000004,0.0,0.0,0.7750000000000004,0.5302325581395341,0.5023255813953481,0.6883720930232545
0.4012121212121209,4.85546875,7.140625,0.025,0.0,0.0,0.7250000000000003,0.11162790697674418,0.09302325581395349,0.2697674418604651,0.8250000000000004,0.0,0.0,0.7750000000000004,0.5302325581395341,0.5116279069767434,0.6883720930232545
0.40242424242424213,4.87109375,7.16015625,0.025,0.0,0.0,0.7250000000000003,0.11162790697674418,0.09302325581395349,0.2697674418604651,0.8250000000000004,0.0,0.0,0.7750000000000004,0.5302325581395341,0.5209302325581388,0.6883720930232545
0.40363636363636335,4.88671875,7.1796875,0.025,0.0,0.0,0.7250000000000003,0.11162790697674418,0.09302325581395349,0.2697674418604651,0.8250000000000004,0.0,0.0,0.7750000000000004,0.5302325581395341,0.5302325581395341,0.6883720930232545
0.40484848484848457,4.90625,7.19921875,0.025,0.0,0.0,0.7250000000000003,0.12093023255813953,0.09302325581395349,0.2697674418604651,0.8250000000000004,0.0,0.0,0.7750000000000004,0.5302325581395341,0.5302325581395341,0.6883720930232545
0.40606060606060573,4.92578125,7.21484375,0.025,0.0,0.0,0.7250000000000003,0.12093023255813953,0.10232558139534884,0.2697674418604651,0.8250000000000004,0.0,0.0,0.7750000000000004,0.5302325581395341,0.5302325581395341,0.6883720930232545
0.40727272727272695,4.94140625,7.234375,0.025,0.0,0.0,0.7250000000000003,0.12093023255813953,0.10232558139534884,0.2697674418604651,0.8250000000000004,0.0,0.0,0.7750000000000004,0.5395348837209294,0.5302325581395341,0.6883720930232545
0.4084848484848482,4.95703125,7.25390625,0.025,0.0,0.0,0.7250000000000003,0.12093023255813953,0.10232558139534884,0.2697674418604651,0.8250000000000004,0.0,0.0,0.7750000000000004,0.5488372093023247,0.5302325581395341,0.6883720930232545
0.40969696969696934,4.97265625,7.26953125,0.025,0.0,0.0,0.7250000000000003,0.12093023255813953,0.10232558139534884,0.2697674418604651,0.8250000000000004,0.0,0.0,0.7750000000000004,0.5488372093023247,0.5302325581395341,0.6976744186046498
0.4109090909090906,4.9921875,7.2890625,0.025,0.0,0.0,0.7250000000000003,0.12093023255813953,0.11162790697674418,0.2697674418604651,0.8250000000000004,0.0,0.0,0.7750000000000004,0.5488372093023247,0.5302325581395341,0.6976744186046498
0.4121212121212118,5.0078125,7.30859375,0.025,0.0,0.0,0.7250000000000003,0.12093023255813953,0.11162790697674418,0.2697674418604651,0.8250000000000004,0.0,0.0,0.7750000000000004,0.5488372093023247,0.5302325581395341,0.7069767441860452
0.413333333333333,5.02734375,7.3359375,0.025,0.0,0.0,0.7250000000000003,0.12093023255813953,0.11162790697674418,0.2790697674418604,0.8250000000000004,0.0,0.0,0.7750000000000004,0.5488372093023247,0.5302325581395341,0.7069767441860452
0.4145454545454542,5.04296875,7.35546875,0.025,0.0,0.0,0.7250000000000003,0.12093023255813953,0.11162790697674418,0.2883720930232557,0.8250000000000004,0.0,0.0,0.7750000000000004,0.5488372093023247,0.5302325581395341,0.7069767441860452
0.41575757575757544,5.05859375,7.375,0.025,0.0,0.0,0.7250000000000003,0.12093023255813953,0.11162790697674418,0.2883720930232557,0.8500000000000004,0.0,0.0,0.7750000000000004,0.5488372093023247,0.5302325581395341,0.7069767441860452
0.4169696969696967,5.07421875,7.390625,0.025,0.0,0.0,0.7250000000000003,0.12093023255813953,0.11162790697674418,0.2883720930232557,0.8500000000000004,0.0,0.0,0.7750000000000004,0.5488372093023247,0.5302325581395341,0.7162790697674405
0.4181818181818178,5.09375,7.4140625,0.025,0.0,0.0,0.7250000000000003,0.13023255813953488,0.11162790697674418,0.2883720930232557,0.8500000000000004,0.0,0.0,0.7750000000000004,0.5488372093023247,0.5302325581395341,0.7162790697674405
0.41939393939393904,5.11328125,7.42578125,0.025,0.0,0.0,0.7250000000000003,0.13023255813953488,0.11162790697674418,0.29767441860465105,0.8500000000000004,0.0,0.0,0.7750000000000004,0.5488372093023247,0.5302325581395341,0.7162790697674405
0.4206060606060603,5.12890625,7.44921875,0.025,0.0,0.0,0.7250000000000003,0.13023255813953488,0.11162790697674418,0.30697674418604637,0.8500000000000004,0.0,0.0,0.7750000000000004,0.5488372093023247,0.5302325581395341,0.7162790697674405
0.4218181818181814,5.1484375,7.46484375,0.025,0.0,0.0,0.7250000000000003,0.13023255813953488,0.11162790697674418,0.3162790697674417,0.8500000000000004,0.0,0.0,0.7750000000000004,0.5488372093023247,0.5302325581395341,0.7162790697674405
0.42303030303030265,5.1640625,7.484375,0.025,0.0,0.0,0.7250000000000003,0.13023255813953488,0.11162790697674418,0.3162790697674417,0.8500000000000004,0.0,0.0,0.8000000000000004,0.5488372093023247,0.5302325581395341,0.7162790697674405
0.4242424242424239,5.18359375,7.50390625,0.025,0.0,0.0,0.7250000000000003,0.13023255813953488,0.12093023255813953,0.3162790697674417,0.8500000000000004,0.0,0.0,0.8000000000000004,0.5488372093023247,0.5302325581395341,0.7162790697674405
0.42545454545454503,5.203125,7.53125,0.025,0.0,0.0,0.7250000000000003,0.13023255813953488,0.12093023255813953,0.325581395348837,0.8500000000000004,0.0,0.0,0.8000000000000004,0.5488372093023247,0.5302325581395341,0.7162790697674405
0.42666666666666636,5.21875,7.546875,0.025,0.0,0.0,0.7250000000000003,0.13023255813953488,0.12093023255813953,0.325581395348837,0.8500000000000004,0.0,0.0,0.8000000000000004,0.55813953488372,0.5302325581395341,0.7162790697674405
0.4278787878787875,5.23828125,7.56640625,0.025,0.0,0.0,0.7250000000000003,0.13023255813953488,0.12093023255813953,0.33488372093023233,0.8500000000000004,0.0,0.0,0.8000000000000004,0.55813953488372,0.5302325581395341,0.7162790697674405
0.42909090909090875,5.25390625,7.5859375,0.025,0.0,0.0,0.7250000000000003,0.13023255813953488,0.12093023255813953,0.33488372093023233,0.8500000000000004,0.0,0.0,0.8000000000000004,0.5674418604651154,0.5302325581395341,0.7162790697674405
0.43030303030302997,5.26953125,7.60546875,0.025,0.0,0.0,0.7250000000000003,0.13023255813953488,0.12093023255813953,0.33488372093023233,0.8500000000000004,0.0,0.0,0.8000000000000004,0.5767441860465107,0.5302325581395341,0.7162790697674405
0.4315151515151511,5.28515625,7.625,0.025,0.0,0.0,0.7250000000000003,0.13023255813953488,0.12093023255813953,0.33488372093023233,0.8500000000000004,0.0,0.0,0.8000000000000004,0.5767441860465107,0.5395348837209294,0.7162790697674405
0.43272727272727235,5.30078125,7.640625,0.025,0.0,0.0,0.7250000000000003,0.13023255813953488,0.12093023255813953,0.33488372093023233,0.8500000000000004,0.0,0.0,0.8000000000000004,0.5767441860465107,0.5488372093023247,0.7162790697674405
0.43393939393939357,5.31640625,7.66015625,0.025,0.0,0.0,0.7250000000000003,0.13023255813953488,0.12093023255813953,0.33488372093023233,0.8500000000000004,0.0,0.0,0.8000000000000004,0.586046511627906,0.5488372093023247,0.7162790697674405
0.4351515151515148,5.3359375,7.67578125,0.025,0.0,0.0,0.7250000000000003,0.13023255813953488,0.12093023255813953,0.34418604651162765,0.8500000000000004,0.0,0.0,0.8000000000000004,0.586046511627906,0.5488372093023247,0.7162790697674405
0.436363636363636,5.3515625,7.6953125,0.025,0.0,0.0,0.7250000000000003,0.13023255813953488,0.12093023255813953,0.34418604651162765,0.8500000000000004,0.0,0.0,0.8000000000000004,0.5953488372093013,0.5488372093023247,0.7162790697674405
0.4375757575757572,5.37109375,7.71484375,0.025,0.0,0.0,0.7250000000000003,0.13023255813953488,0.12093023255813953,0.353488372093023,0.8500000000000004,0.0,0.0,0.8000000000000004,0.5953488372093013,0.5488372093023247,0.7162790697674405
0.4387878787878783,5.38671875,7.7421875,0.025,0.0,0.0,0.7250000000000003,0.13023255813953488,0.12093023255813953,0.353488372093023,0.8500000000000004,0.0,0.0,0.8000000000000004,0.5953488372093013,0.55813953488372,0.7162790697674405
0.43999999999999956,5.40234375,7.76171875,0.025,0.0,0.0,0.7250000000000003,0.13023255813953488,0.12093023255813953,0.353488372093023,0.8500000000000004,0.0,0.0,0.8000000000000004,0.5953488372093013,0.55813953488372,0.7255813953488358
0.4412121212121208,5.421875,7.78125,0.025,0.0,0.0,0.7250000000000003,0.13023255813953488,0.12093023255813953,0.353488372093023,0.8750000000000004,0.0,0.0,0.8000000000000004,0.5953488372093013,0.55813953488372,0.7255813953488358
0.442424242424242,5.4375,7.796875,0.025,0.0,0.0,0.7250000000000003,0.13023255813953488,0.12093023255813953,0.353488372093023,0.8750000000000004,0.0,0.0,0.8000000000000004,0.6046511627906966,0.55813953488372,0.7255813953488358
0.4436363636363632,5.453125,7.81640625,0.025,0.0,0.0,0.7250000000000003,0.13023255813953488,0.12093023255813953,0.353488372093023,0.8750000000000004,0.0,0.0,0.8000000000000004,0.6046511627906966,0.55813953488372,0.7348837209302311
0.4448484848484844,5.47265625,7.83203125,0.025,0.0,0.0,0.7250000000000003,0.13953488372093023,0.12093023255813953,0.353488372093023,0.8750000000000004,0.0,0.0,0.8000000000000004,0.6046511627906966,0.55813953488372,0.7348837209302311
0.44606060606060566,5.4921875,7.85546875,0.025,0.0,0.0,0.7250000000000003,0.13953488372093023,0.12093023255813953,0.353488372093023,0.8750000000000004,0.2,0.0,0.8000000000000004,0.6046511627906966,0.55813953488372,0.7348837209302311
0.4472727272727268,5.5078125,7.87109375,0.025,0.0,0.0,0.7250000000000003,0.13953488372093023,0.12093023255813953,0.353488372093023,0.8750000000000004,0.2,0.0,0.8000000000000004,0.613953488372092,0.55813953488372,0.7348837209302311
0.44848484848484815,5.5234375,7.88671875,0.025,0.0,0.0,0.7250000000000003,0.13953488372093023,0.12093023255813953,0.353488372093023,0.8750000000000004,0.2,0.0,0.8000000000000004,0.613953488372092,0.5674418604651154,0.7348837209302311
0.44969696969696926,5.5390625,7.91015625,0.025,0.0,0.0,0.7250000000000003,0.13953488372093023,0.12093023255813953,0.353488372093023,0.8750000000000004,0.2,0.0,0.8000000000000004,0.613953488372092,0.5767441860465107,0.7348837209302311
0.4509090909090904,5.5546875,7.92578125,0.025,0.0,0.0,0.7250000000000003,0.13953488372093023,0.12093023255813953,0.353488372093023,0.8750000000000004,0.2,0.0,0.8000000000000004,0.6232558139534873,0.5767441860465107,0.7348837209302311
0.45212121212121176,5.57421875,7.953125,0.025,0.0,0.0,0.7500000000000003,0.13953488372093023,0.12093023255813953,0.353488372093023,0.8750000000000004,0.2,0.0,0.8000000000000004,0.6232558139534873,0.5767441860465107,0.7348837209302311
0.45333333333333287,5.58984375,7.97265625,0.025,0.0,0.0,0.7500000000000003,0.13953488372093023,0.12093023255813953,0.353488372093023,0.8750000000000004,0.2,0.0,0.8000000000000004,0.6232558139534873,0.586046511627906,0.7348837209302311
0.45454545454545414,5.60546875,7.9921875,0.025,0.0,0.0,0.7500000000000003,0.13953488372093023,0.12093023255813953,0.353488372093023,0.8750000000000004,0.2,0.0,0.8000000000000004,0.6232558139534873,0.5953488372093013,0.7348837209302311
0.45575757575757536,5.62109375,8.015625,0.025,0.0,0.0,0.7500000000000003,0.13953488372093023,0.12093023255813953,0.353488372093023,0.8750000000000004,0.2,0.0,0.8000000000000004,0.6232558139534873,0.5953488372093013,0.7441860465116265
0.45696969696969647,5.640625,8.03125,0.05,0.0,0.0,0.7500000000000003,0.13953488372093023,0.12093023255813953,0.353488372093023,0.8750000000000004,0.2,0.0,0.8000000000000004,0.6232558139534873,0.5953488372093013,0.7441860465116265
0.4581818181818177,5.66015625,8.046875,0.05,0.0,0.0,0.7500000000000003,0.14883720930232558,0.12093023255813953,0.353488372093023,0.8750000000000004,0.2,0.0,0.8000000000000004,0.6232558139534873,0.5953488372093013,0.7441860465116265
0.45939393939393897,5.6796875,8.0625,0.05,0.0,0.0,0.7500000000000003,0.14883720930232558,0.13023255813953488,0.353488372093023,0.8750000000000004,0.2,0.0,0.8000000000000004,0.6232558139534873,0.5953488372093013,0.7441860465116265
0.4606060606060602,5.69921875,8.0859375,0.05,0.0,0.0,0.7500000000000003,0.14883720930232558,0.13023255813953488,0.3627906976744183,0.8750000000000004,0.2,0.0,0.8000000000000004,0.6232558139534873,0.5953488372093013,0.7441860465116265
0.4618181818181814,5.71484375,8.1015625,0.05,0.0,0.0,0.7500000000000003,0.14883720930232558,0.13023255813953488,0.3627906976744183,0.8750000000000004,0.2,0.0,0.8000000000000004,0.6232558139534873,0.6046511627906966,0.7441860465116265
0.4630303030303026,5.73046875,8.125,0.05,0.0,0.0,0.7500000000000003,0.14883720930232558,0.13023255813953488,0.3627906976744183,0.8750000000000004,0.2,0.0,0.8000000000000004,0.6232558139534873,0.613953488372092,0.7441860465116265
0.4642424242424238,5.75,8.1328125,0.05,0.0,0.0,0.7500000000000003,0.14883720930232558,0.13023255813953488,0.3720930232558136,0.8750000000000004,0.2,0.0,0.8000000000000004,0.6232558139534873,0.613953488372092,0.7441860465116265
0.465454545454545,5.765625,8.1640625,0.05,0.0,0.0,0.7500000000000003,0.14883720930232558,0.13023255813953488,0.3720930232558136,0.8750000000000004,0.2,0.0,0.8000000000000004,0.6325581395348826,0.613953488372092,0.7441860465116265
0.4666666666666662,5.78125,8.1875,0.05,0.0,0.0,0.7500000000000003,0.14883720930232558,0.13023255813953488,0.3720930232558136,0.8750000000000004,0.2,0.0,0.8000000000000004,0.6325581395348826,0.613953488372092,0.7534883720930218
0.46787878787878745,5.80078125,8.203125,0.07500000000000001,0.0,0.0,0.7500000000000003,0.14883720930232558,0.13023255813953488,0.3720930232558136,0.8750000000000004,0.2,0.0,0.8000000000000004,0.6325581395348826,0.613953488372092,0.7534883720930218
0.4690909090909086,5.8203125,8.21875,0.07500000000000001,0.0,0.0,0.7500000000000003,0.14883720930232558,0.13023255813953488,0.38139534883720894,0.8750000000000004,0.2,0.0,0.8000000000000004,0.6325581395348826,0.613953488372092,0.7534883720930218
0.47030303030302995,5.8359375,8.234375,0.07500000000000001,0.0,0.0,0.7500000000000003,0.14883720930232558,0.13023255813953488,0.38139534883720894,0.8750000000000004,0.2,0.0,0.8000000000000004,0.6325581395348826,0.6232558139534873,0.7534883720930218
0.47151515151515105,5.8515625,8.2578125,0.07500000000000001,0.0,0.0,0.7500000000000003,0.14883720930232558,0.13023255813953488,0.38139534883720894,0.8750000000000004,0.2,0.0,0.8000000000000004,0.6325581395348826,0.6325581395348826,0.7534883720930218
0.4727272727272722,5.87109375,8.2734375,0.07500000000000001,0.0,0.0,0.7500000000000003,0.14883720930232558,0.13953488372093023,0.38139534883720894,0.8750000000000004,0.2,0.0,0.8000000000000004,0.6325581395348826,0.6325581395348826,0.7534883720930218
0.47393939393939355,5.890625,8.2890625,0.07500000000000001,0.0,0.0,0.7500000000000003,0.14883720930232558,0.13953488372093023,0.39069767441860426,0.8750000000000004,0.2,0.0,0.8000000000000004,0.6325581395348826,0.6325581395348826,0.7534883720930218
0.47515151515151466,5.90625,8.3125,0.07500000000000001,0.0,0.0,0.7500000000000003,0.14883720930232558,0.13953488372093023,0.39069767441860426,0.8750000000000004,0.2,0.0,0.8000000000000004,0.6325581395348826,0.6325581395348826,0.7627906976744171
0.4763636363636359,5.92578125,8.328125,0.07500000000000001,0.0,0.0,0.7500000000000003,0.14883720930232558,0.14883720930232558,0.39069767441860426,0.8750000000000004,0.2,0.0,0.8000000000000004,0.6325581395348826,0.6325581395348826,0.7627906976744171
0.47757575757575715,5.9453125,8.34375,0.07500000000000001,0.0,0.0,0.7500000000000003,0.14883720930232558,0.14883720930232558,0.39069767441860426,0.8750000000000004,0.2,0.0,0.8250000000000004,0.6325581395348826,0.6325581395348826,0.7627906976744171
0.4787878787878784,5.9609375,8.375,0.07500000000000001,0.0,0.0,0.7500000000000003,0.14883720930232558,0.14883720930232558,0.39069767441860426,0.8750000000000004,0.2,0.0,0.8250000000000004,0.6325581395348826,0.6325581395348826,0.7720930232558124
0.4799999999999995,5.98046875,8.390625,0.1,0.0,0.0,0.7500000000000003,0.14883720930232558,0.14883720930232558,0.39069767441860426,0.8750000000000004,0.2,0.0,0.8250000000000004,0.6325581395348826,0.6325581395348826,0.7720930232558124
0.4812121212121207,6.0,8.4140625,0.1,0.0,0.0,0.7500000000000003,0.15813953488372093,0.14883720930232558,0.39069767441860426,0.8750000000000004,0.2,0.0,0.8250000000000004,0.6325581395348826,0.6325581395348826,0.7720930232558124
0.482424242424242,6.01953125,8.4296875,0.1,0.0,0.0,0.7500000000000003,0.15813953488372093,0.14883720930232558,0.39069767441860426,0.8750000000000004,0.2,0.0,0.8250000000000004,0.6418604651162779,0.6325581395348826,0.7720930232558124
0.4836363636363632,6.03515625,8.4453125,0.1,0.0,0.0,0.7500000000000003,0.15813953488372093,0.14883720930232558,0.39069767441860426,0.8750000000000004,0.2,0.0,0.8250000000000004,0.6511627906976732,0.6325581395348826,0.7720930232558124
0.4848484848484843,6.05078125,8.46875,0.1,0.0,0.0,0.7500000000000003,0.15813953488372093,0.14883720930232558,0.39069767441860426,0.8750000000000004,0.2,0.0,0.8250000000000004,0.6604651162790686,0.6325581395348826,0.7720930232558124
0.4860606060606056,6.06640625,8.484375,0.1,0.0,0.0,0.7500000000000003,0.15813953488372093,0.14883720930232558,0.39069767441860426,0.8750000000000004,0.2,0.0,0.8250000000000004,0.6697674418604639,0.6325581395348826,0.7720930232558124
0.4872727272727268,6.0859375,8.5,0.1,0.0,0.0,0.7500000000000003,0.15813953488372093,0.14883720930232558,0.39069767441860426,0.8750000000000004,0.2,0.0,0.8250000000000004,0.6790697674418592,0.6325581395348826,0.7720930232558124
0.4884848484848479,6.1015625,8.5234375,0.1,0.0,0.0,0.7500000000000003,0.15813953488372093,0.14883720930232558,0.39069767441860426,0.8750000000000004,0.2,0.0,0.8250000000000004,0.6790697674418592,0.6418604651162779,0.7720930232558124
0.4896969696969692,6.1171875,8.5390625,0.1,0.0,0.0,0.7500000000000003,0.15813953488372093,0.14883720930232558,0.39069767441860426,0.8750000000000004,0.2,0.0,0.8250000000000004,0.6790697674418592,0.6511627906976732,0.7720930232558124
0.4909090909090904,6.1328125,8.5546875,0.1,0.0,0.0,0.7500000000000003,0.15813953488372093,0.14883720930232558,0.39069767441860426,0.8750000000000004,0.2,0.0,0.8250000000000004,0.6790697674418592,0.6511627906976732,0.7813953488372077
0.4921212121212116,6.15234375,8.5859375,0.1,0.0,0.0,0.7500000000000003,0.15813953488372093,0.14883720930232558,0.39069767441860426,0.8750000000000004,0.2,0.0,0.8250000000000004,0.6883720930232545,0.6511627906976732,0.7813953488372077
0.49333333333333285,6.16796875,8.6015625,0.1,0.0,0.0,0.7500000000000003,0.15813953488372093,0.14883720930232558,0.39069767441860426,0.8750000000000004,0.2,0.0,0.8250000000000004,0.6976744186046498,0.6511627906976732,0.7813953488372077
0.494545454545454,6.1875,8.6171875,0.1,0.0,0.0,0.7500000000000003,0.15813953488372093,0.14883720930232558,0.39069767441860426,0.8750000000000004,0.2,0.0,0.8250000000000004,0.7069767441860452,0.6511627906976732,0.7813953488372077
0.49575757575757523,6.20703125,8.640625,0.1,0.0,0.0,0.7500000000000003,0.15813953488372093,0.14883720930232558,0.3999999999999996,0.8750000000000004,0.2,0.0,0.8250000000000004,0.7069767441860452,0.6511627906976732,0.7813953488372077
0.49696969696969645,6.2265625,8.65625,0.1,0.0,0.0,0.7500000000000003,0.15813953488372093,0.14883720930232558,0.4093023255813949,0.8750000000000004,0.2,0.0,0.8250000000000004,0.7069767441860452,0.6511627906976732,0.7813953488372077
0.4981818181818176,6.2421875,8.671875,0.1,0.0,0.0,0.7500000000000003,0.15813953488372093,0.14883720930232558,0.4093023255813949,0.8750000000000004,0.2,0.0,0.8250000000000004,0.7069767441860452,0.6511627906976732,0.7906976744186031
0.4993939393939387,6.26171875,8.6875,0.1,0.0,0.0,0.7500000000000003,0.16744186046511628,0.14883720930232558,0.4093023255813949,0.8750000000000004,0.2,0.0,0.8250000000000004,0.7069767441860452,0.6511627906976732,0.7906976744186031
0.50060606060606,6.28125,8.7109375,0.1,0.0,0.0,0.7500000000000003,0.16744186046511628,0.14883720930232558,0.4186046511627902,0.8750000000000004,0.2,0.0,0.8250000000000004,0.7069767441860452,0.6511627906976732,0.7906976744186031
0.5018181818181812,6.30078125,8.7265625,0.1,0.0,0.0,0.7500000000000003,0.16744186046511628,0.15813953488372093,0.4186046511627902,0.8750000000000004,0.2,0.0,0.8250000000000004,0.7069767441860452,0.6511627906976732,0.7906976744186031
0.5030303030303025,6.3203125,8.75,0.1,0.0,0.0,0.7500000000000003,0.16744186046511628,0.15813953488372093,0.4186046511627902,0.8750000000000004,0.2,0.0,0.8250000000000004,0.7162790697674405,0.6511627906976732,0.7906976744186031
0.5042424242424236,6.3359375,8.7734375,0.1,0.0,0.0,0.7500000000000003,0.16744186046511628,0.15813953488372093,0.4186046511627902,0.8750000000000004,0.2,0.0,0.8250000000000004,0.7162790697674405,0.6604651162790686,0.7906976744186031
0.5054545454545448,6.3515625,8.7890625,0.1,0.0,0.0,0.7500000000000003,0.16744186046511628,0.15813953488372093,0.4186046511627902,0.8750000000000004,0.2,0.0,0.8250000000000004,0.7162790697674405,0.6697674418604639,0.7906976744186031
0.5066666666666662,6.3671875,8.8125,0.1,0.0,0.0,0.7500000000000003,0.16744186046511628,0.15813953488372093,0.4186046511627902,0.8750000000000004,0.2,0.0,0.8250000000000004,0.7162790697674405,0.6790697674418592,0.7906976744186031
0.5078787878787873,6.3828125,8.828125,0.1,0.0,0.0,0.7500000000000003,0.16744186046511628,0.15813953488372093,0.4186046511627902,0.8750000000000004,0.2,0.0,0.8250000000000004,0.7162790697674405,0.6883720930232545,0.7906976744186031
0.5090909090909086,6.3984375,8.84375,0.1,0.0,0.0,0.7500000000000003,0.16744186046511628,0.15813953488372093,0.4186046511627902,0.8750000000000004,0.2,0.0,0.8250000000000004,0.7162790697674405,0.6976744186046498,0.7906976744186031
0.5103030303030297,6.41796875,8.859375,0.1,0.0,0.0,0.7500000000000003,0.16744186046511628,0.15813953488372093,0.4186046511627902,0.8750000000000004,0.2,0.0,0.8250000000000004,0.7255813953488358,0.6976744186046498,0.7906976744186031
0.5115151515151508,6.43359375,8.8828125,0.1,0.0,0.0,0.7500000000000003,0.16744186046511628,0.15813953488372093,0.4186046511627902,0.8750000000000004,0.2,0.0,0.8250000000000004,0.7255813953488358,0.6976744186046498,0.7999999999999984
0.5127272727272721,6.453125,8.8984375,0.1,0.0,0.0,0.7500000000000003,0.16744186046511628,0.16744186046511628,0.4186046511627902,0.8750000000000004,0.2,0.0,0.8250000000000004,0.7255813953488358,0.6976744186046498,0.7999999999999984
0.5139393939393934,6.47265625,8.9140625,0.1,0.0,0.0,0.7500000000000003,0.16744186046511628,0.16744186046511628,0.4186046511627902,0.8750000000000004,0.2,0.0,0.8250000000000004,0.7348837209302311,0.6976744186046498,0.7999999999999984
0.5151515151515146,6.48828125,8.9296875,0.1,0.0,0.0,0.7500000000000003,0.16744186046511628,0.16744186046511628,0.4186046511627902,0.8750000000000004,0.2,0.0,0.8250000000000004,0.7348837209302311,0.6976744186046498,0.8093023255813937
0.5163636363636357,6.5078125,8.9609375,0.1,0.0,0.0,0.7500000000000003,0.16744186046511628,0.16744186046511628,0.42790697674418554,0.8750000000000004,0.2,0.0,0.8250000000000004,0.7348837209302311,0.6976744186046498,0.8093023255813937
0.517575757575757,6.52734375,8.9765625,0.1,0.0,0.0,0.7500000000000003,0.16744186046511628,0.16744186046511628,0.43720930232558086,0.8750000000000004,0.2,0.0,0.8250000000000004,0.7348837209302311,0.6976744186046498,0.8093023255813937
0.5187878787878781,6.546875,8.9921875,0.1,0.0,0.0,0.7750000000000004,0.16744186046511628,0.16744186046511628,0.43720930232558086,0.8750000000000004,0.2,0.0,0.8250000000000004,0.7348837209302311,0.6976744186046498,0.8093023255813937
0.5199999999999994,6.56640625,9.0078125,0.1,0.0,0.0,0.7750000000000004,0.16744186046511628,0.16744186046511628,0.4465116279069762,0.8750000000000004,0.2,0.0,0.8250000000000004,0.7348837209302311,0.6976744186046498,0.8093023255813937
0.5212121212121206,6.5859375,9.03125,0.1,0.0,0.0,0.7750000000000004,0.17674418604651163,0.16744186046511628,0.4465116279069762,0.8750000000000004,0.2,0.0,0.8250000000000004,0.7348837209302311,0.6976744186046498,0.8093023255813937
0.5224242424242418,6.60546875,9.046875,0.1,0.0,0.0,0.7750000000000004,0.17674418604651163,0.16744186046511628,0.4465116279069762,0.9000000000000005,0.2,0.0,0.8250000000000004,0.7348837209302311,0.6976744186046498,0.8093023255813937
0.523636363636363,6.625,9.0625,0.1,0.0,0.0,0.7750000000000004,0.17674418604651163,0.16744186046511628,0.4465116279069762,0.9000000000000005,0.2,0.0,0.8250000000000004,0.7441860465116265,0.6976744186046498,0.8093023255813937
0.5248484848484842,6.640625,9.0859375,0.1,0.0,0.0,0.7750000000000004,0.17674418604651163,0.16744186046511628,0.4465116279069762,0.9000000000000005,0.2,0.0,0.8250000000000004,0.7441860465116265,0.7069767441860452,0.8093023255813937
0.5260606060606053,6.65625,9.1015625,0.1,0.0,0.0,0.7750000000000004,0.17674418604651163,0.16744186046511628,0.4465116279069762,0.9000000000000005,0.2,0.0,0.8250000000000004,0.7441860465116265,0.7162790697674405,0.8093023255813937
0.5272727272727267,6.67578125,9.1171875,0.1,0.0,0.0,0.7750000000000004,0.17674418604651163,0.16744186046511628,0.4465116279069762,0.9000000000000005,0.2,0.0,0.8250000000000004,0.7534883720930218,0.7162790697674405,0.8093023255813937
0.5284848484848478,6.69140625,9.1484375,0.1,0.0,0.0,0.7750000000000004,0.17674418604651163,0.16744186046511628,0.4465116279069762,0.9000000000000005,0.2,0.0,0.8250000000000004,0.7534883720930218,0.7255813953488358,0.8093023255813937
0.529696969696969,6.7109375,9.1640625,0.1,0.0,0.0,0.7750000000000004,0.17674418604651163,0.16744186046511628,0.4465116279069762,0.9000000000000005,0.2,0.0,0.8250000000000004,0.7627906976744171,0.7255813953488358,0.8093023255813937
0.5309090909090902,6.73046875,9.1796875,0.1,0.0,0.0,0.7750000000000004,0.17674418604651163,0.16744186046511628,0.4465116279069762,0.9000000000000005,0.2,0.0,0.8250000000000004,0.7720930232558124,0.7255813953488358,0.8093023255813937
0.5321212121212114,6.75,9.1953125,0.1,0.0,0.0,0.7750000000000004,0.17674418604651163,0.16744186046511628,0.4465116279069762,0.9000000000000005,0.2,0.0,0.8250000000000004,0.7813953488372077,0.7255813953488358,0.8093023255813937
0.5333333333333327,6.765625,9.21875,0.1,0.0,0.0,0.7750000000000004,0.17674418604651163,0.16744186046511628,0.4465116279069762,0.9000000000000005,0.2,0.0,0.8250000000000004,0.7813953488372077,0.7255813953488358,0.818604651162789
0.5345454545454539,6.78515625,9.234375,0.1,0.0,0.0,0.7750000000000004,0.17674418604651163,0.16744186046511628,0.4465116279069762,0.9000000000000005,0.2,0.0,0.8250000000000004,0.7813953488372077,0.7348837209302311,0.818604651162789
0.5357575757575751,6.80078125,9.25,0.1,0.0,0.0,0.7750000000000004,0.17674418604651163,0.16744186046511628,0.4465116279069762,0.9000000000000005,0.2,0.0,0.8250000000000004,0.7813953488372077,0.7441860465116265,0.818604651162789
0.5369696969696962,6.81640625,9.265625,0.1,0.0,0.0,0.7750000000000004,0.17674418604651163,0.16744186046511628,0.4465116279069762,0.9000000000000005,0.2,0.0,0.8250000000000004,0.7813953488372077,0.7534883720930218,0.818604651162789
0.5381818181818175,6.8359375,9.28125,0.1,0.0,0.0,0.7750000000000004,0.17674418604651163,0.17674418604651163,0.4465116279069762,0.9000000000000005,0.2,0.0,0.8250000000000004,0.7813953488372077,0.7534883720930218,0.818604651162789
0.5393939393939388,6.85546875,9.3125,0.1,0.0,0.0,0.7750000000000004,0.17674418604651163,0.17674418604651163,0.4558139534883715,0.9000000000000005,0.2,0.0,0.8250000000000004,0.7813953488372077,0.7534883720930218,0.818604651162789
0.54060606060606,6.875,9.328125,0.1,0.0,0.0,0.7750000000000004,0.17674418604651163,0.17674418604651163,0.4651162790697668,0.9000000000000005,0.2,0.0,0.8250000000000004,0.7813953488372077,0.7534883720930218,0.818604651162789
0.5418181818181812,6.890625,9.3515625,0.1,0.0,0.0,0.7750000000000004,0.17674418604651163,0.17674418604651163,0.4651162790697668,0.9000000000000005,0.2,0.0,0.8250000000000004,0.7813953488372077,0.7534883720930218,0.8279069767441843
0.5430303030303023,6.91015625,9.3671875,0.1,0.0,0.0,0.7750000000000004,0.17674418604651163,0.17674418604651163,0.4651162790697668,0.9000000000000005,0.2,0.0,0.8250000000000004,0.7813953488372077,0.7627906976744171,0.8279069767441843
0.5442424242424236,6.92578125,9.3828125,0.1,0.0,0.0,0.7750000000000004,0.17674418604651163,0.17674418604651163,0.4651162790697668,0.9000000000000005,0.2,0.0,0.8250000000000004,0.7813953488372077,0.7627906976744171,0.8372093023255797
0.5454545454545447,6.9453125,9.3984375,0.1,0.0,0.0,0.7750000000000004,0.18604651162790697,0.17674418604651163,0.4651162790697668,0.9000000000000005,0.2,0.0,0.8250000000000004,0.7813953488372077,0.7627906976744171,0.8372093023255797
0.5466666666666661,6.96484375,9.4140625,0.1,0.0,0.0,0.7750000000000004,0.18604651162790697,0.17674418604651163,0.4651162790697668,0.9000000000000005,0.2,0.0,0.8250000000000004,0.7813953488372077,0.7720930232558124,0.8372093023255797
0.5478787878787872,6.98046875,9.4375,0.1,0.0,0.0,0.7750000000000004,0.18604651162790697,0.17674418604651163,0.4651162790697668,0.9000000000000005,0.2,0.0,0.8250000000000004,0.7813953488372077,0.7813953488372077,0.8372093023255797
0.5490909090909085,7.0,9.4609375,0.1,0.0,0.0,0.7750000000000004,0.18604651162790697,0.17674418604651163,0.4651162790697668,0.9000000000000005,0.2,0.0,0.8500000000000004,0.7813953488372077,0.7813953488372077,0.8372093023255797
0.5503030303030296,7.01953125,9.4765625,0.1,0.0,0.0,0.7750000000000004,0.18604651162790697,0.17674418604651163,0.4651162790697668,0.9000000000000005,0.2,0.0,0.8500000000000004,0.7906976744186031,0.7813953488372077,0.8372093023255797
0.5515151515151508,7.0390625,9.4921875,0.1,0.0,0.0,0.7750000000000004,0.19534883720930232,0.17674418604651163,0.4651162790697668,0.9000000000000005,0.2,0.0,0.8500000000000004,0.7906976744186031,0.7813953488372077,0.8372093023255797
0.5527272727272722,7.05859375,9.5078125,0.1,0.0,0.0,0.7750000000000004,0.19534883720930232,0.17674418604651163,0.4651162790697668,0.9000000000000005,0.2,0.0,0.8500000000000004,0.7906976744186031,0.7906976744186031,0.8372093023255797
0.5539393939393933,7.078125,9.53125,0.1,0.0,0.0,0.7750000000000004,0.20465116279069767,0.17674418604651163,0.4651162790697668,0.9000000000000005,0.2,0.0,0.8500000000000004,0.7906976744186031,0.7906976744186031,0.8372093023255797
0.5551515151515146,7.09765625,9.546875,0.1,0.0,0.0,0.7750000000000004,0.20465116279069767,0.18604651162790697,0.4651162790697668,0.9000000000000005,0.2,0.0,0.8500000000000004,0.7906976744186031,0.7906976744186031,0.8372093023255797
0.5563636363636357,7.1171875,9.5625,0.1,0.0,0.0,0.7750000000000004,0.20465116279069767,0.18604651162790697,0.47441860465116215,0.9000000000000005,0.2,0.0,0.8500000000000004,0.7906976744186031,0.7906976744186031,0.8372093023255797
0.5575757575757568,7.13671875,9.578125,0.1,0.0,0.0,0.7750000000000004,0.20465116279069767,0.19534883720930232,0.47441860465116215,0.9000000000000005,0.2,0.0,0.8500000000000004,0.7906976744186031,0.7906976744186031,0.8372093023255797
0.5587878787878782,7.15625,9.609375,0.1,0.0,0.0,0.7750000000000004,0.20465116279069767,0.19534883720930232,0.47441860465116215,0.9000000000000005,0.2,0.0,0.8500000000000004,0.7999999999999984,0.7906976744186031,0.8372093023255797
0.5599999999999994,7.17578125,9.625,0.1,0.0,0.0,0.7750000000000004,0.20465116279069767,0.20465116279069767,0.47441860465116215,0.9000000000000005,0.2,0.0,0.8500000000000004,0.7999999999999984,0.7906976744186031,0.8372093023255797
0.5612121212121206,7.1953125,9.640625,0.1,0.0,0.0,0.7750000000000004,0.20465116279069767,0.20465116279069767,0.48372093023255747,0.9000000000000005,0.2,0.0,0.8500000000000004,0.7999999999999984,0.7906976744186031,0.8372093023255797
0.5624242424242418,7.21484375,9.65625,0.1,0.0,0.0,0.7750000000000004,0.20465116279069767,0.20465116279069767,0.48372093023255747,0.9000000000000005,0.2,0.0,0.8500000000000004,0.8093023255813937,0.7906976744186031,0.8372093023255797
0.5636363636363629,7.23046875,9.671875,0.1,0.0,0.0,0.7750000000000004,0.20465116279069767,0.20465116279069767,0.48372093023255747,0.9000000000000005,0.2,0.0,0.8500000000000004,0.8093023255813937,0.7906976744186031,0.846511627906975
0.5648484848484842,7.25,9.6875,0.1,0.0,0.0,0.7750000000000004,0.20465116279069767,0.20465116279069767,0.48372093023255747,0.9000000000000005,0.2,0.0,0.8500000000000004,0.8093023255813937,0.7999999999999984,0.846511627906975
0.5660606060606054,7.265625,9.703125,0.1,0.0,0.0,0.7750000000000004,0.20465116279069767,0.20465116279069767,0.48372093023255747,0.9000000000000005,0.2,0.0,0.8500000000000004,0.8093023255813937,0.8093023255813937,0.846511627906975
0.5672727272727266,7.28515625,9.734375,0.1,0.0,0.0,0.7750000000000004,0.20465116279069767,0.20465116279069767,0.48372093023255747,0.9000000000000005,0.2,0.0,0.8500000000000004,0.8093023255813937,0.818604651162789,0.846511627906975
0.5684848484848478,7.3046875,9.75,0.1,0.0,0.0,0.7750000000000004,0.21395348837209302,0.20465116279069767,0.48372093023255747,0.9000000000000005,0.2,0.0,0.8500000000000004,0.8093023255813937,0.818604651162789,0.846511627906975
0.569696969696969,7.32421875,9.765625,0.1,0.0,0.0,0.7750000000000004,0.21395348837209302,0.20465116279069767,0.48372093023255747,0.9000000000000005,0.2,0.0,0.8500000000000004,0.818604651162789,0.818604651162789,0.846511627906975
0.5709090909090903,7.34375,9.78125,0.1,0.0,0.0,0.7750000000000004,0.21395348837209302,0.20465116279069767,0.48372093023255747,0.9000000000000005,0.2,0.0,0.8500000000000004,0.818604651162789,0.818604651162789,0.8558139534883703
0.5721212121212115,7.359375,9.796875,0.1,0.0,0.0,0.7750000000000004,0.21395348837209302,0.20465116279069767,0.48372093023255747,0.9000000000000005,0.2,0.0,0.8500000000000004,0.818604651162789,0.818604651162789,0.8651162790697656
0.5733333333333327,7.37890625,9.8125,0.125,0.0,0.0,0.7750000000000004,0.21395348837209302,0.20465116279069767,0.48372093023255747,0.9000000000000005,0.2,0.0,0.8500000000000004,0.818604651162789,0.818604651162789,0.8651162790697656
0.5745454545454539,7.3984375,9.828125,0.125,0.0,0.0,0.7750000000000004,0.22325581395348837,0.20465116279069767,0.48372093023255747,0.9000000000000005,0.2,0.0,0.8500000000000004,0.818604651162789,0.818604651162789,0.8651162790697656
0.575757575757575,7.41796875,9.859375,0.125,0.0,0.0,0.7750000000000004,0.22325581395348837,0.20465116279069767,0.48372093023255747,0.9000000000000005,0.2,0.0,0.8500000000000004,0.818604651162789,0.8279069767441843,0.8651162790697656
0.5769696969696962,7.4375,9.875,0.125,0.0,0.0,0.7750000000000004,0.22325581395348837,0.21395348837209302,0.48372093023255747,0.9000000000000005,0.2,0.0,0.8500000000000004,0.818604651162789,0.8279069767441843,0.8651162790697656
0.5781818181818176,7.45703125,9.890625,0.125,0.0,0.0,0.7750000000000004,0.22325581395348837,0.21395348837209302,0.48372093023255747,0.9000000000000005,0.2,0.0,0.8500000000000004,0.818604651162789,0.8372093023255797,0.8651162790697656
0.5793939393939387,7.4765625,9.90625,0.125,0.0,0.0,0.7750000000000004,0.22325581395348837,0.22325581395348837,0.48372093023255747,0.9000000000000005,0.2,0.0,0.8500000000000004,0.818604651162789,0.8372093023255797,0.8651162790697656
0.5806060606060598,7.49609375,9.921875,0.125,0.0,0.0,0.7750000000000004,0.22325581395348837,0.22325581395348837,0.48372093023255747,0.9000000000000005,0.2,0.0,0.8500000000000004,0.818604651162789,0.8372093023255797,0.874418604651161
0.5818181818181811,7.515625,9.9375,0.125,0.0,0.0,0.7750000000000004,0.23255813953488372,0.22325581395348837,0.48372093023255747,0.9000000000000005,0.2,0.0,0.8500000000000004,0.818604651162789,0.8372093023255797,0.874418604651161
0.5830303030303022,7.53515625,9.953125,0.125,0.0,0.0,0.7750000000000004,0.23255813953488372,0.22325581395348837,0.4930232558139528,0.9000000000000005,0.2,0.0,0.8500000000000004,0.818604651162789,0.8372093023255797,0.874418604651161
0.5842424242424236,7.5546875,9.9765625,0.125,0.0,0.0,0.7750000000000004,0.23255813953488372,0.22325581395348837,0.5023255813953481,0.9000000000000005,0.2,0.0,0.8500000000000004,0.818604651162789,0.8372093023255797,0.874418604651161
0.5854545454545448,7.57421875,10.0,0.125,0.0,0.0,0.7750000000000004,0.23255813953488372,0.22325581395348837,0.5116279069767434,0.9000000000000005,0.2,0.0,0.8500000000000004,0.818604651162789,0.8372093023255797,0.874418604651161
0.5866666666666659,7.59375,10.015625,0.125,0.0,0.0,0.7750000000000004,0.24186046511627907,0.22325581395348837,0.5116279069767434,0.9000000000000005,0.2,0.0,0.8500000000000004,0.818604651162789,0.8372093023255797,0.874418604651161
0.5878787878787872,7.61328125,10.0234375,0.125,0.0,0.0,0.7750000000000004,0.24186046511627907,0.22325581395348837,0.5209302325581388,0.9000000000000005,0.2,0.0,0.8500000000000004,0.818604651162789,0.8372093023255797,0.874418604651161
0.5890909090909083,7.6328125,10.046875,0.125,0.0,0.0,0.7750000000000004,0.24186046511627907,0.22325581395348837,0.5209302325581388,0.9000000000000005,0.2,0.0,0.8500000000000004,0.8279069767441843,0.8372093023255797,0.874418604651161
0.5903030303030297,7.65234375,10.0625,0.125,0.0,0.0,0.7750000000000004,0.24186046511627907,0.22325581395348837,0.5209302325581388,0.9000000000000005,0.2,0.0,0.8500000000000004,0.8372093023255797,0.8372093023255797,0.874418604651161
0.5915151515151508,7.671875,10.078125,0.125,0.0,0.0,0.7750000000000004,0.24186046511627907,0.22325581395348837,0.5209302325581388,0.9000000000000005,0.2,0.0,0.8500000000000004,0.8372093023255797,0.846511627906975,0.874418604651161
0.5927272727272721,7.69140625,10.1015625,0.125,0.0,0.0,0.7750000000000004,0.24186046511627907,0.23255813953488372,0.5209302325581388,0.9000000000000005,0.2,0.0,0.8500000000000004,0.8372093023255797,0.846511627906975,0.874418604651161
0.5939393939393932,7.7109375,10.1171875,0.125,0.0,0.0,0.7750000000000004,0.24186046511627907,0.23255813953488372,0.5209302325581388,0.9000000000000005,0.2,0.0,0.8500000000000004,0.8372093023255797,0.8558139534883703,0.874418604651161
0.5951515151515144,7.73046875,10.1328125,0.125,0.0,0.0,0.7750000000000004,0.24186046511627907,0.24186046511627907,0.5209302325581388,0.9000000000000005,0.2,0.0,0.8500000000000004,0.8372093023255797,0.8558139534883703,0.874418604651161
0.5963636363636358,7.75,10.1484375,0.125,0.0,0.0,0.7750000000000004,0.24186046511627907,0.24186046511627907,0.5209302325581388,0.9000000000000005,0.2,0.0,0.8500000000000004,0.8372093023255797,0.8651162790697656,0.874418604651161
0.5975757575757569,7.76953125,10.1640625,0.125,0.0,0.0,0.7750000000000004,0.24186046511627907,0.24186046511627907,0.5302325581395341,0.9000000000000005,0.2,0.0,0.8500000000000004,0.8372093023255797,0.8651162790697656,0.874418604651161
0.5987878787878781,7.7890625,10.1796875,0.125,0.0,0.0,0.7750000000000004,0.24186046511627907,0.24186046511627907,0.5302325581395341,0.9000000000000005,0.2,0.0,0.8500000000000004,0.8372093023255797,0.8651162790697656,0.8837209302325563
0.5999999999999993,7.80859375,10.203125,0.125,0.0,0.0,0.7750000000000004,0.25116279069767444,0.24186046511627907,0.5302325581395341,0.9000000000000005,0.2,0.0,0.8500000000000004,0.8372093023255797,0.8651162790697656,0.8837209302325563
0.6012121212121204,7.828125,10.2265625,0.125,0.0,0.0,0.7750000000000004,0.26046511627906976,0.24186046511627907,0.5302325581395341,0.9000000000000005,0.2,0.0,0.8500000000000004,0.8372093023255797,0.8651162790697656,0.8837209302325563
