Effective Sparsity,Activation Error,Baseline Error,q0,k0,v0,o0,gate0,up0,down0,q1,k1,v1,o1,gate1,up1,down1
0.0012121212121212121,7.909536361694336e-05,0.0631103515625,0.0,0.0,0.0,0.0,0.0,0.0,0.0,0.0,0.0,0.0,0.0,0.009302325581395349,0.0,0.0
0.0024242424242424242,0.0001150965690612793,0.0631103515625,0.0,0.0,0.0,0.0,0.0,0.0,0.0,0.0,0.0,0.0,0.0,0.009302325581395349,0.009302325581395349,0.0
0.003636363636363637,0.00015938282012939453,0.0631103515625,0.0,0.0,0.0,0.0,0.009302325581395349,0.0,0.0,0.0,0.0,0.0,0.0,0.009302325581395349,0.009302325581395349,0.0
0.0048484848484848485,0.00021708011627197266,0.0631103515625,0.0,0.0,0.0,0.0,0.009302325581395349,0.009302325581395349,0.0,0.0,0.0,0.0,0.0,0.009302325581395349,0.009302325581395349,0.0
0.006060606060606061,0.00031948089599609375,0.0631103515625,0.0,0.0,0.0,0.0,0.009302325581395349,0.009302325581395349,0.0,0.0,0.0,0.0,0.0,0.009302325581395349,0.009302325581395349,0.009302325581395349
0.007272727272727273,0.0005230903625488281,0.0631103515625,0.0,0.0,0.0,0.0,0.009302325581395349,0.009302325581395349,0.009302325581395349,0.0,0.0,0.0,0.0,0.009302325581395349,0.009302325581395349,0.009302325581395349
0.008484848484848484,0.0008120536804199219,0.0631103515625,0.0,0.0,0.0,0.0,0.009302325581395349,0.009302325581395349,0.009302325581395349,0.0,0.0,0.0,0.0,0.018604651162790697,0.009302325581395349,0.009302325581395349
0.009696969696969697,0.0011386871337890625,0.0631103515625,0.0,0.0,0.0,0.0,0.009302325581395349,0.009302325581395349,0.009302325581395349,0.0,0.0,0.0,0.0,0.018604651162790697,0.018604651162790697,0.009302325581395349
0.01090909090909091,0.0016546249389648438,0.1580810546875,0.0,0.0,0.0,0.0,0.018604651162790697,0.009302325581395349,0.009302325581395349,0.0,0.0,0.0,0.0,0.018604651162790697,0.018604651162790697,0.009302325581395349
0.01212121212121212,0.0022563934326171875,0.16162109375,0.0,0.0,0.0,0.0,0.018604651162790697,0.018604651162790697,0.009302325581395349,0.0,0.0,0.0,0.0,0.018604651162790697,0.018604651162790697,0.009302325581395349
0.013333333333333332,0.0028667449951171875,0.1649169921875,0.0,0.0,0.0,0.0,0.018604651162790697,0.018604651162790697,0.009302325581395349,0.0,0.0,0.0,0.0,0.018604651162790697,0.018604651162790697,0.018604651162790697
0.014545454545454545,0.004146575927734375,0.16748046875,0.0,0.0,0.0,0.0,0.018604651162790697,0.018604651162790697,0.009302325581395349,0.025,0.0,0.0,0.0,0.018604651162790697,0.018604651162790697,0.018604651162790697
0.01575757575757576,0.005512237548828125,0.1708984375,0.0,0.0,0.0,0.0,0.018604651162790697,0.018604651162790697,0.018604651162790697,0.025,0.0,0.0,0.0,0.018604651162790697,0.018604651162790697,0.018604651162790697
0.016969696969696968,0.00885772705078125,0.173828125,0.025,0.0,0.0,0.0,0.018604651162790697,0.018604651162790697,0.018604651162790697,0.025,0.0,0.0,0.0,0.018604651162790697,0.018604651162790697,0.018604651162790697
0.01818181818181818,0.01291656494140625,0.1751708984375,0.025,0.0,0.0,0.0,0.018604651162790697,0.018604651162790697,0.018604651162790697,0.025,0.0,0.0,0.0,0.018604651162790697,0.018604651162790697,0.027906976744186046
0.019393939393939394,0.016571044921875,0.1766357421875,0.025,0.0,0.0,0.0,0.018604651162790697,0.018604651162790697,0.018604651162790697,0.025,0.0,0.0,0.0,0.027906976744186046,0.018604651162790697,0.027906976744186046
0.020606060606060607,0.0205078125,0.1781005859375,0.025,0.0,0.0,0.0,0.018604651162790697,0.018604651162790697,0.018604651162790697,0.025,0.0,0.0,0.0,0.027906976744186046,0.027906976744186046,0.027906976744186046
0.02181818181818182,0.0245819091796875,0.18359375,0.025,0.0,0.0,0.0,0.018604651162790697,0.018604651162790697,0.027906976744186046,0.025,0.0,0.0,0.0,0.027906976744186046,0.027906976744186046,0.027906976744186046
0.023030303030303033,0.0286407470703125,0.1998291015625,0.025,0.0,0.0,0.0,0.018604651162790697,0.018604651162790697,0.027906976744186046,0.05,0.0,0.0,0.0,0.027906976744186046,0.027906976744186046,0.027906976744186046
0.024242424242424242,0.0321044921875,0.2286376953125,0.025,0.0,0.0,0.0,0.018604651162790697,0.018604651162790697,0.027906976744186046,0.05,0.0,0.0,0.025,0.027906976744186046,0.027906976744186046,0.027906976744186046
0.025454545454545455,0.035888671875,0.24560546875,0.025,0.0,0.0,0.0,0.027906976744186046,0.018604651162790697,0.027906976744186046,0.05,0.0,0.0,0.025,0.027906976744186046,0.027906976744186046,0.027906976744186046
0.02666666666666667,0.039215087890625,0.26171875,0.025,0.0,0.0,0.0,0.027906976744186046,0.018604651162790697,0.027906976744186046,0.05,0.0,0.0,0.025,0.027906976744186046,0.027906976744186046,0.037209302325581395
0.02787878787878788,0.042755126953125,0.2666015625,0.025,0.0,0.0,0.0,0.027906976744186046,0.018604651162790697,0.027906976744186046,0.07500000000000001,0.0,0.0,0.025,0.027906976744186046,0.027906976744186046,0.037209302325581395
0.02909090909090909,0.0462646484375,0.2685546875,0.025,0.0,0.0,0.0,0.027906976744186046,0.018604651162790697,0.027906976744186046,0.07500000000000001,0.0,0.0,0.05,0.027906976744186046,0.027906976744186046,0.037209302325581395
0.030303030303030304,0.049896240234375,0.270751953125,0.025,0.0,0.0,0.0,0.027906976744186046,0.018604651162790697,0.027906976744186046,0.1,0.0,0.0,0.05,0.027906976744186046,0.027906976744186046,0.037209302325581395
0.03151515151515152,0.053253173828125,0.272705078125,0.025,0.0,0.0,0.0,0.027906976744186046,0.018604651162790697,0.027906976744186046,0.1,0.0,0.0,0.05,0.027906976744186046,0.027906976744186046,0.046511627906976744
0.03272727272727273,0.05657958984375,0.274658203125,0.025,0.0,0.0,0.0,0.027906976744186046,0.018604651162790697,0.027906976744186046,0.1,0.0,0.0,0.07500000000000001,0.027906976744186046,0.027906976744186046,0.046511627906976744
0.03393939393939394,0.0596923828125,0.276611328125,0.025,0.0,0.0,0.0,0.027906976744186046,0.018604651162790697,0.027906976744186046,0.1,0.0,0.0,0.07500000000000001,0.037209302325581395,0.027906976744186046,0.046511627906976744
0.03515151515151515,0.0628662109375,0.27880859375,0.025,0.0,0.0,0.0,0.027906976744186046,0.027906976744186046,0.027906976744186046,0.1,0.0,0.0,0.07500000000000001,0.037209302325581395,0.027906976744186046,0.046511627906976744
0.03636363636363636,0.06597900390625,0.28076171875,0.025,0.0,0.0,0.0,0.027906976744186046,0.027906976744186046,0.027906976744186046,0.125,0.0,0.0,0.07500000000000001,0.037209302325581395,0.027906976744186046,0.046511627906976744
0.037575757575757575,0.06903076171875,0.28271484375,0.025,0.0,0.0,0.0,0.027906976744186046,0.027906976744186046,0.027906976744186046,0.125,0.0,0.0,0.07500000000000001,0.037209302325581395,0.027906976744186046,0.05581395348837209
0.03878787878787879,0.072021484375,0.284912109375,0.025,0.0,0.0,0.0,0.027906976744186046,0.027906976744186046,0.027906976744186046,0.125,0.0,0.0,0.1,0.037209302325581395,0.027906976744186046,0.05581395348837209
0.04,0.0750732421875,0.286865234375,0.025,0.0,0.0,0.0,0.027906976744186046,0.027906976744186046,0.027906976744186046,0.15,0.0,0.0,0.1,0.037209302325581395,0.027906976744186046,0.05581395348837209
0.041212121212121214,0.078125,0.288818359375,0.025,0.0,0.0,0.0,0.027906976744186046,0.027906976744186046,0.027906976744186046,0.15,0.0,0.0,0.1,0.046511627906976744,0.027906976744186046,0.05581395348837209
0.04242424242424243,0.08111572265625,0.290771484375,0.025,0.0,0.0,0.0,0.027906976744186046,0.027906976744186046,0.027906976744186046,0.15,0.0,0.0,0.125,0.046511627906976744,0.027906976744186046,0.05581395348837209
0.04363636363636363,0.083984375,0.292724609375,0.025,0.0,0.0,0.0,0.027906976744186046,0.027906976744186046,0.027906976744186046,0.15,0.0,0.0,0.125,0.046511627906976744,0.027906976744186046,0.06511627906976744
0.04484848484848485,0.08685302734375,0.294921875,0.025,0.0,0.0,0.0,0.027906976744186046,0.027906976744186046,0.027906976744186046,0.175,0.0,0.0,0.125,0.046511627906976744,0.027906976744186046,0.06511627906976744
0.04606060606060606,0.08978271484375,0.297119140625,0.025,0.0,0.0,0.0,0.027906976744186046,0.027906976744186046,0.027906976744186046,0.175,0.0,0.0,0.125,0.046511627906976744,0.037209302325581395,0.06511627906976744
0.047272727272727265,0.0926513671875,0.299072265625,0.025,0.0,0.0,0.0,0.027906976744186046,0.027906976744186046,0.027906976744186046,0.175,0.0,0.0,0.15,0.046511627906976744,0.037209302325581395,0.06511627906976744
0.048484848484848485,0.095458984375,0.301025390625,0.025,0.0,0.0,0.0,0.027906976744186046,0.027906976744186046,0.027906976744186046,0.175,0.0,0.0,0.15,0.046511627906976744,0.037209302325581395,0.07441860465116279
0.04969696969696969,0.09832763671875,0.30322265625,0.025,0.0,0.0,0.0,0.027906976744186046,0.027906976744186046,0.027906976744186046,0.175,0.0,0.0,0.15,0.05581395348837209,0.037209302325581395,0.07441860465116279
0.05090909090909091,0.10113525390625,0.30517578125,0.025,0.0,0.0,0.025,0.027906976744186046,0.027906976744186046,0.027906976744186046,0.175,0.0,0.0,0.15,0.05581395348837209,0.037209302325581395,0.07441860465116279
0.05212121212121212,0.1038818359375,0.307373046875,0.025,0.0,0.0,0.025,0.027906976744186046,0.027906976744186046,0.027906976744186046,0.175,0.0,0.0,0.15,0.05581395348837209,0.037209302325581395,0.08372093023255814
0.05333333333333334,0.10662841796875,0.3095703125,0.025,0.0,0.0,0.025,0.027906976744186046,0.027906976744186046,0.027906976744186046,0.19999999999999998,0.0,0.0,0.15,0.05581395348837209,0.037209302325581395,0.08372093023255814
0.05454545454545454,0.10931396484375,0.311767578125,0.025,0.0,0.0,0.025,0.027906976744186046,0.027906976744186046,0.027906976744186046,0.19999999999999998,0.0,0.0,0.175,0.05581395348837209,0.037209302325581395,0.08372093023255814
0.05575757575757576,0.11199951171875,0.313720703125,0.025,0.0,0.0,0.025,0.027906976744186046,0.027906976744186046,0.027906976744186046,0.22499999999999998,0.0,0.0,0.175,0.05581395348837209,0.037209302325581395,0.08372093023255814
0.05696969696969697,0.11468505859375,0.31591796875,0.025,0.0,0.0,0.025,0.027906976744186046,0.027906976744186046,0.027906976744186046,0.22499999999999998,0.0,0.0,0.19999999999999998,0.05581395348837209,0.037209302325581395,0.08372093023255814
0.05818181818181818,0.1173095703125,0.31787109375,0.025,0.0,0.0,0.025,0.027906976744186046,0.027906976744186046,0.027906976744186046,0.22499999999999998,0.0,0.0,0.19999999999999998,0.06511627906976744,0.037209302325581395,0.08372093023255814
0.0593939393939394,0.11993408203125,0.320068359375,0.025,0.0,0.0,0.025,0.027906976744186046,0.027906976744186046,0.027906976744186046,0.22499999999999998,0.0,0.0,0.19999999999999998,0.06511627906976744,0.037209302325581395,0.09302325581395349
0.06060606060606061,0.12261962890625,0.322265625,0.025,0.0,0.0,0.025,0.027906976744186046,0.027906976744186046,0.027906976744186046,0.22499999999999998,0.0,0.0,0.22499999999999998,0.06511627906976744,0.037209302325581395,0.09302325581395349
0.06181818181818183,0.125244140625,0.324462890625,0.025,0.0,0.0,0.025,0.027906976744186046,0.027906976744186046,0.027906976744186046,0.24999999999999997,0.0,0.0,0.22499999999999998,0.06511627906976744,0.037209302325581395,0.09302325581395349
0.06303030303030303,0.1279296875,0.32666015625,0.025,0.0,0.0,0.025,0.027906976744186046,0.027906976744186046,0.037209302325581395,0.24999999999999997,0.0,0.0,0.22499999999999998,0.06511627906976744,0.037209302325581395,0.09302325581395349
0.06424242424242425,0.1304931640625,0.328857421875,0.025,0.0,0.0,0.025,0.027906976744186046,0.027906976744186046,0.037209302325581395,0.24999999999999997,0.0,0.0,0.22499999999999998,0.07441860465116279,0.037209302325581395,0.09302325581395349
0.06545454545454546,0.133056640625,0.331298828125,0.025,0.0,0.0,0.025,0.027906976744186046,0.027906976744186046,0.037209302325581395,0.24999999999999997,0.0,0.0,0.22499999999999998,0.07441860465116279,0.046511627906976744,0.09302325581395349
0.06666666666666667,0.1356201171875,0.333251953125,0.025,0.0,0.0,0.025,0.027906976744186046,0.027906976744186046,0.037209302325581395,0.24999999999999997,0.0,0.0,0.22499999999999998,0.07441860465116279,0.046511627906976744,0.10232558139534884
0.06787878787878787,0.13818359375,0.33544921875,0.025,0.0,0.0,0.025,0.027906976744186046,0.027906976744186046,0.037209302325581395,0.27499999999999997,0.0,0.0,0.22499999999999998,0.07441860465116279,0.046511627906976744,0.10232558139534884
0.06909090909090908,0.1407470703125,0.337646484375,0.025,0.0,0.0,0.025,0.027906976744186046,0.027906976744186046,0.037209302325581395,0.27499999999999997,0.0,0.0,0.24999999999999997,0.07441860465116279,0.046511627906976744,0.10232558139534884
0.0703030303030303,0.14306640625,0.33984375,0.025,0.0,0.0,0.025,0.027906976744186046,0.027906976744186046,0.037209302325581395,0.27499999999999997,0.0,0.0,0.24999999999999997,0.07441860465116279,0.046511627906976744,0.11162790697674418
0.07151515151515152,0.1455078125,0.342041015625,0.025,0.0,0.0,0.025,0.027906976744186046,0.027906976744186046,0.037209302325581395,0.27499999999999997,0.0,0.0,0.24999999999999997,0.08372093023255814,0.046511627906976744,0.11162790697674418
0.07272727272727272,0.1480712890625,0.34423828125,0.025,0.0,0.0,0.025,0.027906976744186046,0.027906976744186046,0.037209302325581395,0.27499999999999997,0.0,0.0,0.27499999999999997,0.08372093023255814,0.046511627906976744,0.11162790697674418
0.07393939393939394,0.150634765625,0.3466796875,0.025,0.0,0.0,0.025,0.027906976744186046,0.027906976744186046,0.037209302325581395,0.3,0.0,0.0,0.27499999999999997,0.08372093023255814,0.046511627906976744,0.11162790697674418
0.07515151515151515,0.1531982421875,0.3486328125,0.025,0.0,0.0,0.025,0.027906976744186046,0.027906976744186046,0.037209302325581395,0.3,0.0,0.0,0.27499999999999997,0.09302325581395349,0.046511627906976744,0.11162790697674418
0.07636363636363636,0.1556396484375,0.350830078125,0.025,0.0,0.0,0.025,0.027906976744186046,0.027906976744186046,0.037209302325581395,0.3,0.0,0.0,0.27499999999999997,0.09302325581395349,0.046511627906976744,0.12093023255813953
0.07757575757575758,0.158203125,0.353515625,0.025,0.0,0.0,0.025,0.027906976744186046,0.027906976744186046,0.037209302325581395,0.3,0.0,0.0,0.3,0.09302325581395349,0.046511627906976744,0.12093023255813953
0.07878787878787878,0.16064453125,0.355712890625,0.025,0.0,0.0,0.025,0.027906976744186046,0.027906976744186046,0.037209302325581395,0.3,0.0,0.0,0.3,0.09302325581395349,0.046511627906976744,0.13023255813953488
0.08000000000000002,0.1630859375,0.35791015625,0.025,0.0,0.0,0.025,0.027906976744186046,0.027906976744186046,0.037209302325581395,0.3,0.0,0.0,0.3,0.10232558139534884,0.046511627906976744,0.13023255813953488
0.08121212121212122,0.1656494140625,0.360107421875,0.025,0.0,0.0,0.025,0.027906976744186046,0.027906976744186046,0.037209302325581395,0.3,0.0,0.0,0.3,0.11162790697674418,0.046511627906976744,0.13023255813953488
0.08242424242424243,0.1680908203125,0.362548828125,0.025,0.0,0.0,0.025,0.027906976744186046,0.027906976744186046,0.037209302325581395,0.3,0.0,0.0,0.3,0.11162790697674418,0.05581395348837209,0.13023255813953488
0.08363636363636365,0.170654296875,0.364990234375,0.025,0.0,0.0,0.025,0.027906976744186046,0.027906976744186046,0.037209302325581395,0.325,0.0,0.0,0.3,0.11162790697674418,0.05581395348837209,0.13023255813953488
0.08484848484848485,0.173095703125,0.3671875,0.025,0.0,0.0,0.025,0.027906976744186046,0.027906976744186046,0.037209302325581395,0.325,0.0,0.0,0.3,0.11162790697674418,0.05581395348837209,0.13953488372093023
0.08606060606060606,0.175537109375,0.369384765625,0.025,0.0,0.0,0.025,0.027906976744186046,0.027906976744186046,0.037209302325581395,0.325,0.0,0.0,0.3,0.11162790697674418,0.05581395348837209,0.14883720930232558
0.08727272727272727,0.177978515625,0.371826171875,0.025,0.0,0.0,0.025,0.027906976744186046,0.027906976744186046,0.037209302325581395,0.325,0.0,0.0,0.325,0.11162790697674418,0.05581395348837209,0.14883720930232558
0.0884848484848485,0.1805419921875,0.374267578125,0.025,0.0,0.0,0.025,0.027906976744186046,0.027906976744186046,0.037209302325581395,0.35000000000000003,0.0,0.0,0.325,0.11162790697674418,0.05581395348837209,0.14883720930232558
0.0896969696969697,0.1829833984375,0.37646484375,0.025,0.0,0.0,0.025,0.027906976744186046,0.027906976744186046,0.037209302325581395,0.35000000000000003,0.0,0.0,0.325,0.12093023255813953,0.05581395348837209,0.14883720930232558
0.09090909090909091,0.1854248046875,0.37890625,0.025,0.0,0.0,0.025,0.027906976744186046,0.027906976744186046,0.037209302325581395,0.35000000000000003,0.0,0.0,0.325,0.13023255813953488,0.05581395348837209,0.14883720930232558
0.09212121212121213,0.187744140625,0.381103515625,0.025,0.0,0.0,0.025,0.027906976744186046,0.027906976744186046,0.037209302325581395,0.35000000000000003,0.0,0.0,0.325,0.13023255813953488,0.06511627906976744,0.14883720930232558
0.09333333333333335,0.1903076171875,0.3837890625,0.025,0.0,0.0,0.025,0.027906976744186046,0.027906976744186046,0.046511627906976744,0.35000000000000003,0.0,0.0,0.325,0.13023255813953488,0.06511627906976744,0.14883720930232558
0.09454545454545456,0.1927490234375,0.385986328125,0.025,0.0,0.0,0.025,0.027906976744186046,0.027906976744186046,0.046511627906976744,0.35000000000000003,0.0,0.0,0.325,0.13023255813953488,0.06511627906976744,0.15813953488372093
0.09575757575757576,0.1951904296875,0.38818359375,0.025,0.0,0.0,0.025,0.027906976744186046,0.027906976744186046,0.046511627906976744,0.35000000000000003,0.0,0.0,0.35000000000000003,0.13023255813953488,0.06511627906976744,0.15813953488372093
0.09696969696969697,0.1976318359375,0.39111328125,0.025,0.0,0.0,0.025,0.027906976744186046,0.027906976744186046,0.046511627906976744,0.35000000000000003,0.0,0.0,0.35000000000000003,0.13953488372093023,0.06511627906976744,0.15813953488372093
0.09818181818181818,0.2000732421875,0.393310546875,0.025,0.0,0.0,0.05,0.027906976744186046,0.027906976744186046,0.046511627906976744,0.35000000000000003,0.0,0.0,0.35000000000000003,0.13953488372093023,0.06511627906976744,0.15813953488372093
0.09939393939393941,0.2025146484375,0.395751953125,0.025,0.0,0.0,0.05,0.027906976744186046,0.027906976744186046,0.046511627906976744,0.37500000000000006,0.0,0.0,0.35000000000000003,0.13953488372093023,0.06511627906976744,0.15813953488372093
0.10060606060606062,0.204833984375,0.39794921875,0.025,0.0,0.0,0.05,0.027906976744186046,0.027906976744186046,0.046511627906976744,0.37500000000000006,0.0,0.0,0.35000000000000003,0.13953488372093023,0.06511627906976744,0.16744186046511628
0.10181818181818182,0.207275390625,0.400390625,0.025,0.0,0.0,0.05,0.027906976744186046,0.027906976744186046,0.046511627906976744,0.37500000000000006,0.0,0.0,0.35000000000000003,0.14883720930232558,0.06511627906976744,0.16744186046511628
0.10303030303030303,0.209716796875,0.40283203125,0.025,0.0,0.0,0.05,0.027906976744186046,0.027906976744186046,0.046511627906976744,0.4000000000000001,0.0,0.0,0.35000000000000003,0.14883720930232558,0.06511627906976744,0.16744186046511628
0.10424242424242423,0.2120361328125,0.4052734375,0.025,0.0,0.0,0.05,0.027906976744186046,0.027906976744186046,0.046511627906976744,0.4000000000000001,0.0,0.0,0.35000000000000003,0.14883720930232558,0.07441860465116279,0.16744186046511628
0.10545454545454544,0.21435546875,0.40771484375,0.025,0.0,0.0,0.05,0.027906976744186046,0.027906976744186046,0.046511627906976744,0.4000000000000001,0.0,0.0,0.35000000000000003,0.14883720930232558,0.07441860465116279,0.17674418604651163
0.10666666666666667,0.216796875,0.41015625,0.025,0.0,0.0,0.05,0.027906976744186046,0.027906976744186046,0.046511627906976744,0.4000000000000001,0.0,0.0,0.37500000000000006,0.14883720930232558,0.07441860465116279,0.17674418604651163
0.10787878787878788,0.2191162109375,0.41259765625,0.025,0.0,0.0,0.05,0.027906976744186046,0.027906976744186046,0.046511627906976744,0.4000000000000001,0.0,0.0,0.37500000000000006,0.15813953488372093,0.07441860465116279,0.17674418604651163
0.10909090909090909,0.221435546875,0.415283203125,0.025,0.0,0.0,0.05,0.027906976744186046,0.027906976744186046,0.046511627906976744,0.4000000000000001,0.0,0.0,0.37500000000000006,0.15813953488372093,0.07441860465116279,0.18604651162790697
0.11030303030303032,0.223876953125,0.417724609375,0.025,0.0,0.0,0.05,0.027906976744186046,0.027906976744186046,0.046511627906976744,0.4000000000000001,0.0,0.0,0.37500000000000006,0.16744186046511628,0.07441860465116279,0.18604651162790697
0.11151515151515153,0.2261962890625,0.419921875,0.025,0.0,0.0,0.05,0.027906976744186046,0.027906976744186046,0.046511627906976744,0.4000000000000001,0.0,0.0,0.37500000000000006,0.16744186046511628,0.08372093023255814,0.18604651162790697
0.11272727272727273,0.2286376953125,0.42236328125,0.025,0.0,0.0,0.05,0.027906976744186046,0.027906976744186046,0.046511627906976744,0.4000000000000001,0.0,0.0,0.37500000000000006,0.17674418604651163,0.08372093023255814,0.18604651162790697
0.11393939393939394,0.23095703125,0.425048828125,0.025,0.0,0.0,0.05,0.027906976744186046,0.027906976744186046,0.046511627906976744,0.4000000000000001,0.0,0.0,0.37500000000000006,0.17674418604651163,0.08372093023255814,0.19534883720930232
0.11515151515151516,0.2333984375,0.427734375,0.025,0.0,0.0,0.05,0.027906976744186046,0.027906976744186046,0.046511627906976744,0.4000000000000001,0.0,0.0,0.37500000000000006,0.17674418604651163,0.09302325581395349,0.19534883720930232
0.11636363636363638,0.23583984375,0.429931640625,0.025,0.0,0.0,0.05,0.027906976744186046,0.027906976744186046,0.046511627906976744,0.4000000000000001,0.0,0.0,0.37500000000000006,0.17674418604651163,0.09302325581395349,0.20465116279069767
0.11757575757575757,0.23828125,0.4326171875,0.025,0.0,0.0,0.07500000000000001,0.027906976744186046,0.027906976744186046,0.046511627906976744,0.4000000000000001,0.0,0.0,0.37500000000000006,0.17674418604651163,0.09302325581395349,0.20465116279069767
0.1187878787878788,0.24072265625,0.434814453125,0.025,0.0,0.0,0.07500000000000001,0.027906976744186046,0.027906976744186046,0.05581395348837209,0.4000000000000001,0.0,0.0,0.37500000000000006,0.17674418604651163,0.09302325581395349,0.20465116279069767
0.12000000000000002,0.2431640625,0.4375,0.025,0.0,0.0,0.07500000000000001,0.027906976744186046,0.027906976744186046,0.05581395348837209,0.4250000000000001,0.0,0.0,0.37500000000000006,0.17674418604651163,0.09302325581395349,0.20465116279069767
0.12121212121212122,0.2454833984375,0.4404296875,0.025,0.0,0.0,0.07500000000000001,0.027906976744186046,0.027906976744186046,0.05581395348837209,0.4500000000000001,0.0,0.0,0.37500000000000006,0.17674418604651163,0.09302325581395349,0.20465116279069767
0.12242424242424244,0.247802734375,0.442626953125,0.025,0.0,0.0,0.07500000000000001,0.027906976744186046,0.027906976744186046,0.05581395348837209,0.4500000000000001,0.0,0.0,0.4000000000000001,0.17674418604651163,0.09302325581395349,0.20465116279069767
0.12363636363636363,0.250244140625,0.4453125,0.025,0.0,0.0,0.07500000000000001,0.027906976744186046,0.027906976744186046,0.05581395348837209,0.4500000000000001,0.0,0.0,0.4000000000000001,0.18604651162790697,0.09302325581395349,0.20465116279069767
0.12484848484848486,0.25244140625,0.44775390625,0.025,0.0,0.0,0.07500000000000001,0.027906976744186046,0.027906976744186046,0.05581395348837209,0.4500000000000001,0.0,0.0,0.4000000000000001,0.18604651162790697,0.10232558139534884,0.20465116279069767
0.1260606060606061,0.2548828125,0.4501953125,0.025,0.0,0.0,0.07500000000000001,0.027906976744186046,0.027906976744186046,0.05581395348837209,0.4500000000000001,0.0,0.0,0.4000000000000001,0.19534883720930232,0.10232558139534884,0.20465116279069767
0.12727272727272726,0.257080078125,0.452880859375,0.025,0.0,0.0,0.07500000000000001,0.027906976744186046,0.027906976744186046,0.05581395348837209,0.4500000000000001,0.0,0.0,0.4000000000000001,0.19534883720930232,0.10232558139534884,0.21395348837209302
0.1284848484848485,0.259521484375,0.455322265625,0.025,0.0,0.0,0.07500000000000001,0.027906976744186046,0.027906976744186046,0.05581395348837209,0.4500000000000001,0.0,0.0,0.4000000000000001,0.20465116279069767,0.10232558139534884,0.21395348837209302
0.1296969696969697,0.26171875,0.458251953125,0.025,0.0,0.0,0.07500000000000001,0.027906976744186046,0.027906976744186046,0.05581395348837209,0.4500000000000001,0.0,0.0,0.4000000000000001,0.20465116279069767,0.10232558139534884,0.22325581395348837
0.13090909090909095,0.26416015625,0.46044921875,0.025,0.0,0.0,0.07500000000000001,0.037209302325581395,0.027906976744186046,0.05581395348837209,0.4500000000000001,0.0,0.0,0.4000000000000001,0.20465116279069767,0.10232558139534884,0.22325581395348837
0.13212121212121214,0.2666015625,0.462890625,0.025,0.0,0.0,0.07500000000000001,0.037209302325581395,0.027906976744186046,0.05581395348837209,0.4500000000000001,0.0,0.0,0.4250000000000001,0.20465116279069767,0.10232558139534884,0.22325581395348837
0.13333333333333336,0.26904296875,0.465087890625,0.025,0.0,0.0,0.07500000000000001,0.037209302325581395,0.027906976744186046,0.05581395348837209,0.47500000000000014,0.0,0.0,0.4250000000000001,0.20465116279069767,0.10232558139534884,0.22325581395348837
0.13454545454545455,0.271484375,0.46826171875,0.025,0.0,0.0,0.07500000000000001,0.037209302325581395,0.027906976744186046,0.05581395348837209,0.5000000000000001,0.0,0.0,0.4250000000000001,0.20465116279069767,0.10232558139534884,0.22325581395348837
0.13575757575757577,0.27392578125,0.470703125,0.025,0.0,0.0,0.07500000000000001,0.037209302325581395,0.027906976744186046,0.05581395348837209,0.5000000000000001,0.0,0.0,0.4250000000000001,0.21395348837209302,0.10232558139534884,0.22325581395348837
0.136969696969697,0.276123046875,0.47314453125,0.025,0.0,0.0,0.07500000000000001,0.037209302325581395,0.027906976744186046,0.05581395348837209,0.5000000000000001,0.0,0.0,0.4250000000000001,0.22325581395348837,0.10232558139534884,0.22325581395348837
0.1381818181818182,0.278564453125,0.4755859375,0.025,0.0,0.0,0.07500000000000001,0.037209302325581395,0.027906976744186046,0.05581395348837209,0.5000000000000001,0.0,0.0,0.4250000000000001,0.23255813953488372,0.10232558139534884,0.22325581395348837
0.1393939393939394,0.28076171875,0.478759765625,0.025,0.0,0.0,0.07500000000000001,0.037209302325581395,0.027906976744186046,0.05581395348837209,0.5000000000000001,0.0,0.0,0.4250000000000001,0.23255813953488372,0.11162790697674418,0.22325581395348837
0.14060606060606062,0.282958984375,0.481201171875,0.025,0.0,0.0,0.07500000000000001,0.037209302325581395,0.027906976744186046,0.05581395348837209,0.5000000000000001,0.0,0.0,0.4250000000000001,0.23255813953488372,0.11162790697674418,0.23255813953488372
0.14181818181818182,0.285400390625,0.483642578125,0.025,0.0,0.0,0.07500000000000001,0.037209302325581395,0.027906976744186046,0.06511627906976744,0.5000000000000001,0.0,0.0,0.4250000000000001,0.23255813953488372,0.11162790697674418,0.23255813953488372
0.14303030303030304,0.287841796875,0.486328125,0.025,0.0,0.0,0.07500000000000001,0.037209302325581395,0.027906976744186046,0.06511627906976744,0.5000000000000001,0.0,0.0,0.4250000000000001,0.24186046511627907,0.11162790697674418,0.23255813953488372
0.14424242424242426,0.290283203125,0.48876953125,0.025,0.0,0.0,0.1,0.037209302325581395,0.027906976744186046,0.06511627906976744,0.5000000000000001,0.0,0.0,0.4250000000000001,0.24186046511627907,0.11162790697674418,0.23255813953488372
0.14545454545454545,0.292724609375,0.491455078125,0.025,0.0,0.0,0.1,0.037209302325581395,0.027906976744186046,0.06511627906976744,0.5250000000000001,0.0,0.0,0.4250000000000001,0.24186046511627907,0.11162790697674418,0.23255813953488372
0.14666666666666667,0.294921875,0.493896484375,0.025,0.0,0.0,0.1,0.037209302325581395,0.027906976744186046,0.06511627906976744,0.5250000000000001,0.0,0.0,0.4250000000000001,0.24186046511627907,0.11162790697674418,0.24186046511627907
0.14787878787878786,0.297119140625,0.49658203125,0.025,0.0,0.0,0.1,0.037209302325581395,0.027906976744186046,0.06511627906976744,0.5250000000000001,0.0,0.0,0.4250000000000001,0.24186046511627907,0.11162790697674418,0.25116279069767444
0.1490909090909091,0.29931640625,0.499267578125,0.025,0.0,0.0,0.1,0.037209302325581395,0.027906976744186046,0.06511627906976744,0.5250000000000001,0.0,0.0,0.4250000000000001,0.24186046511627907,0.12093023255813953,0.25116279069767444
0.15030303030303033,0.3017578125,0.501953125,0.025,0.0,0.0,0.1,0.037209302325581395,0.027906976744186046,0.06511627906976744,0.5250000000000001,0.0,0.0,0.4250000000000001,0.25116279069767444,0.12093023255813953,0.25116279069767444
0.15151515151515152,0.303955078125,0.50439453125,0.025,0.0,0.0,0.1,0.037209302325581395,0.027906976744186046,0.06511627906976744,0.5250000000000001,0.0,0.0,0.4250000000000001,0.25116279069767444,0.13023255813953488,0.25116279069767444
0.15272727272727274,0.30615234375,0.50732421875,0.025,0.0,0.0,0.1,0.037209302325581395,0.027906976744186046,0.06511627906976744,0.5250000000000001,0.0,0.0,0.4250000000000001,0.25116279069767444,0.13953488372093023,0.25116279069767444
0.15393939393939393,0.308349609375,0.51025390625,0.025,0.0,0.0,0.1,0.037209302325581395,0.027906976744186046,0.06511627906976744,0.5250000000000001,0.0,0.0,0.4250000000000001,0.25116279069767444,0.13953488372093023,0.26046511627906976
0.15515151515151515,0.310791015625,0.5126953125,0.025,0.0,0.0,0.1,0.037209302325581395,0.027906976744186046,0.06511627906976744,0.5250000000000001,0.0,0.0,0.4250000000000001,0.26046511627906976,0.13953488372093023,0.26046511627906976
0.15636363636363634,0.31298828125,0.51513671875,0.025,0.0,0.0,0.1,0.037209302325581395,0.027906976744186046,0.06511627906976744,0.5250000000000001,0.0,0.0,0.4250000000000001,0.2697674418604651,0.13953488372093023,0.26046511627906976
0.15757575757575756,0.3154296875,0.51806640625,0.025,0.0,0.0,0.1,0.037209302325581395,0.027906976744186046,0.06511627906976744,0.5500000000000002,0.0,0.0,0.4250000000000001,0.2697674418604651,0.13953488372093023,0.26046511627906976
0.1587878787878788,0.31787109375,0.5205078125,0.025,0.0,0.0,0.1,0.037209302325581395,0.027906976744186046,0.06511627906976744,0.5500000000000002,0.0,0.0,0.4500000000000001,0.2697674418604651,0.13953488372093023,0.26046511627906976
0.16,0.320068359375,0.5234375,0.025,0.0,0.0,0.1,0.037209302325581395,0.027906976744186046,0.06511627906976744,0.5500000000000002,0.0,0.0,0.4500000000000001,0.2697674418604651,0.13953488372093023,0.2697674418604651
0.16121212121212122,0.322265625,0.5263671875,0.025,0.0,0.0,0.1,0.037209302325581395,0.027906976744186046,0.06511627906976744,0.5500000000000002,0.0,0.0,0.4500000000000001,0.2697674418604651,0.13953488372093023,0.2790697674418604
0.16242424242424242,0.324462890625,0.529296875,0.025,0.0,0.0,0.1,0.037209302325581395,0.027906976744186046,0.06511627906976744,0.5500000000000002,0.0,0.0,0.4500000000000001,0.2697674418604651,0.13953488372093023,0.2883720930232557
0.16363636363636366,0.326904296875,0.53125,0.025,0.0,0.0,0.125,0.037209302325581395,0.027906976744186046,0.06511627906976744,0.5500000000000002,0.0,0.0,0.4500000000000001,0.2697674418604651,0.13953488372093023,0.2883720930232557
0.16484848484848486,0.329345703125,0.5341796875,0.025,0.0,0.0,0.125,0.037209302325581395,0.027906976744186046,0.07441860465116279,0.5500000000000002,0.0,0.0,0.4500000000000001,0.2697674418604651,0.13953488372093023,0.2883720930232557
0.16606060606060605,0.33154296875,0.53662109375,0.025,0.0,0.0,0.125,0.037209302325581395,0.027906976744186046,0.07441860465116279,0.5500000000000002,0.0,0.0,0.4500000000000001,0.2697674418604651,0.14883720930232558,0.2883720930232557
0.16727272727272727,0.333740234375,0.53955078125,0.025,0.0,0.0,0.125,0.037209302325581395,0.027906976744186046,0.07441860465116279,0.5500000000000002,0.0,0.0,0.4500000000000001,0.2697674418604651,0.15813953488372093,0.2883720930232557
0.1684848484848485,0.336181640625,0.54248046875,0.025,0.0,0.0,0.125,0.037209302325581395,0.027906976744186046,0.07441860465116279,0.5500000000000002,0.0,0.0,0.47500000000000014,0.2697674418604651,0.15813953488372093,0.2883720930232557
0.1696969696969697,0.338623046875,0.544921875,0.025,0.0,0.0,0.125,0.037209302325581395,0.027906976744186046,0.07441860465116279,0.5500000000000002,0.0,0.0,0.47500000000000014,0.2790697674418604,0.15813953488372093,0.2883720930232557
0.1709090909090909,0.3408203125,0.5478515625,0.025,0.0,0.0,0.125,0.037209302325581395,0.027906976744186046,0.07441860465116279,0.5500000000000002,0.0,0.0,0.47500000000000014,0.2883720930232557,0.15813953488372093,0.2883720930232557
0.17212121212121212,0.34326171875,0.55029296875,0.025,0.0,0.0,0.125,0.037209302325581395,0.027906976744186046,0.07441860465116279,0.5750000000000002,0.0,0.0,0.47500000000000014,0.2883720930232557,0.15813953488372093,0.2883720930232557
0.1733333333333333,0.345703125,0.55322265625,0.025,0.0,0.0,0.125,0.037209302325581395,0.027906976744186046,0.08372093023255814,0.5750000000000002,0.0,0.0,0.47500000000000014,0.2883720930232557,0.15813953488372093,0.2883720930232557
0.17454545454545453,0.34814453125,0.5556640625,0.025,0.0,0.0,0.125,0.037209302325581395,0.027906976744186046,0.08372093023255814,0.5750000000000002,0.0,0.0,0.47500000000000014,0.29767441860465105,0.15813953488372093,0.2883720930232557
0.17575757575757572,0.350341796875,0.55859375,0.025,0.0,0.0,0.125,0.037209302325581395,0.027906976744186046,0.08372093023255814,0.5750000000000002,0.0,0.0,0.47500000000000014,0.30697674418604637,0.15813953488372093,0.2883720930232557
0.17696969696969694,0.352783203125,0.5615234375,0.025,0.0,0.0,0.125,0.037209302325581395,0.027906976744186046,0.08372093023255814,0.5750000000000002,0.0,0.0,0.47500000000000014,0.3162790697674417,0.15813953488372093,0.2883720930232557
0.17818181818181816,0.35498046875,0.56396484375,0.025,0.0,0.0,0.125,0.037209302325581395,0.027906976744186046,0.08372093023255814,0.5750000000000002,0.0,0.0,0.47500000000000014,0.3162790697674417,0.15813953488372093,0.29767441860465105
0.17939393939393936,0.357177734375,0.56640625,0.025,0.0,0.0,0.125,0.037209302325581395,0.027906976744186046,0.08372093023255814,0.5750000000000002,0.0,0.0,0.47500000000000014,0.3162790697674417,0.15813953488372093,0.30697674418604637
0.18060606060606058,0.359375,0.5693359375,0.025,0.0,0.0,0.125,0.037209302325581395,0.027906976744186046,0.08372093023255814,0.5750000000000002,0.0,0.0,0.47500000000000014,0.325581395348837,0.15813953488372093,0.30697674418604637
0.1818181818181818,0.361572265625,0.572265625,0.025,0.0,0.0,0.125,0.037209302325581395,0.027906976744186046,0.08372093023255814,0.5750000000000002,0.0,0.0,0.47500000000000014,0.325581395348837,0.16744186046511628,0.30697674418604637
0.18303030303030302,0.364013671875,0.57470703125,0.025,0.0,0.0,0.15,0.037209302325581395,0.027906976744186046,0.08372093023255814,0.5750000000000002,0.0,0.0,0.47500000000000014,0.325581395348837,0.16744186046511628,0.30697674418604637
0.18424242424242424,0.3662109375,0.578125,0.025,0.0,0.0,0.15,0.037209302325581395,0.027906976744186046,0.08372093023255814,0.5750000000000002,0.0,0.0,0.47500000000000014,0.325581395348837,0.17674418604651163,0.30697674418604637
0.18545454545454546,0.368408203125,0.58056640625,0.025,0.0,0.0,0.15,0.037209302325581395,0.027906976744186046,0.08372093023255814,0.5750000000000002,0.0,0.0,0.47500000000000014,0.325581395348837,0.17674418604651163,0.3162790697674417
0.18666666666666665,0.37060546875,0.58349609375,0.025,0.0,0.0,0.15,0.037209302325581395,0.027906976744186046,0.08372093023255814,0.5750000000000002,0.0,0.0,0.47500000000000014,0.325581395348837,0.17674418604651163,0.325581395348837
0.18787878787878787,0.373046875,0.58642578125,0.025,0.0,0.0,0.15,0.037209302325581395,0.027906976744186046,0.08372093023255814,0.6000000000000002,0.0,0.0,0.47500000000000014,0.325581395348837,0.17674418604651163,0.325581395348837
0.18909090909090906,0.375244140625,0.5888671875,0.025,0.0,0.0,0.15,0.037209302325581395,0.027906976744186046,0.08372093023255814,0.6000000000000002,0.0,0.0,0.47500000000000014,0.33488372093023233,0.17674418604651163,0.325581395348837
0.19030303030303028,0.377685546875,0.591796875,0.025,0.0,0.0,0.175,0.037209302325581395,0.027906976744186046,0.08372093023255814,0.6000000000000002,0.0,0.0,0.47500000000000014,0.33488372093023233,0.17674418604651163,0.325581395348837
0.19151515151515147,0.3798828125,0.5947265625,0.025,0.0,0.0,0.175,0.037209302325581395,0.027906976744186046,0.08372093023255814,0.6000000000000002,0.0,0.0,0.47500000000000014,0.33488372093023233,0.17674418604651163,0.33488372093023233
0.1927272727272727,0.38232421875,0.59716796875,0.025,0.0,0.0,0.175,0.037209302325581395,0.027906976744186046,0.08372093023255814,0.6000000000000002,0.0,0.0,0.47500000000000014,0.33488372093023233,0.18604651162790697,0.33488372093023233
0.19393939393939388,0.384521484375,0.60009765625,0.025,0.0,0.0,0.175,0.037209302325581395,0.027906976744186046,0.08372093023255814,0.6000000000000002,0.0,0.0,0.47500000000000014,0.33488372093023233,0.19534883720930232,0.33488372093023233
0.19515151515151513,0.38671875,0.6025390625,0.025,0.0,0.0,0.175,0.037209302325581395,0.027906976744186046,0.08372093023255814,0.6000000000000002,0.0,0.0,0.47500000000000014,0.33488372093023233,0.20465116279069767,0.33488372093023233
0.19636363636363632,0.388916015625,0.60595703125,0.025,0.0,0.0,0.175,0.037209302325581395,0.027906976744186046,0.08372093023255814,0.6000000000000002,0.0,0.0,0.47500000000000014,0.33488372093023233,0.20465116279069767,0.34418604651162765
0.19757575757575754,0.39111328125,0.6083984375,0.025,0.0,0.0,0.175,0.037209302325581395,0.027906976744186046,0.08372093023255814,0.6000000000000002,0.0,0.0,0.47500000000000014,0.33488372093023233,0.20465116279069767,0.353488372093023
0.19878787878787874,0.3935546875,0.611328125,0.025,0.0,0.0,0.175,0.037209302325581395,0.027906976744186046,0.08372093023255814,0.6250000000000002,0.0,0.0,0.47500000000000014,0.33488372093023233,0.20465116279069767,0.353488372093023
0.19999999999999996,0.39599609375,0.61376953125,0.025,0.0,0.0,0.19999999999999998,0.037209302325581395,0.027906976744186046,0.08372093023255814,0.6250000000000002,0.0,0.0,0.47500000000000014,0.33488372093023233,0.20465116279069767,0.353488372093023
0.20121212121212118,0.3984375,0.61669921875,0.025,0.0,0.0,0.19999999999999998,0.046511627906976744,0.027906976744186046,0.08372093023255814,0.6250000000000002,0.0,0.0,0.47500000000000014,0.33488372093023233,0.20465116279069767,0.353488372093023
0.20242424242424237,0.40087890625,0.619140625,0.025,0.0,0.0,0.19999999999999998,0.046511627906976744,0.037209302325581395,0.08372093023255814,0.6250000000000002,0.0,0.0,0.47500000000000014,0.33488372093023233,0.20465116279069767,0.353488372093023
0.20363636363636362,0.403076171875,0.62255859375,0.025,0.0,0.0,0.19999999999999998,0.046511627906976744,0.037209302325581395,0.08372093023255814,0.6250000000000002,0.0,0.0,0.47500000000000014,0.34418604651162765,0.20465116279069767,0.353488372093023
0.20484848484848478,0.405517578125,0.625,0.025,0.0,0.0,0.19999999999999998,0.046511627906976744,0.037209302325581395,0.09302325581395349,0.6250000000000002,0.0,0.0,0.47500000000000014,0.34418604651162765,0.20465116279069767,0.353488372093023
0.20606060606060603,0.40771484375,0.6279296875,0.025,0.0,0.0,0.19999999999999998,0.046511627906976744,0.037209302325581395,0.09302325581395349,0.6250000000000002,0.0,0.0,0.47500000000000014,0.353488372093023,0.20465116279069767,0.353488372093023
0.2072727272727272,0.41015625,0.63037109375,0.025,0.0,0.0,0.19999999999999998,0.046511627906976744,0.037209302325581395,0.09302325581395349,0.6250000000000002,0.0,0.0,0.5000000000000001,0.353488372093023,0.20465116279069767,0.353488372093023
0.20848484848484844,0.412353515625,0.6337890625,0.025,0.0,0.0,0.19999999999999998,0.046511627906976744,0.037209302325581395,0.09302325581395349,0.6250000000000002,0.0,0.0,0.5000000000000001,0.3627906976744183,0.20465116279069767,0.353488372093023
0.20969696969696963,0.41455078125,0.63623046875,0.025,0.0,0.0,0.19999999999999998,0.046511627906976744,0.037209302325581395,0.09302325581395349,0.6250000000000002,0.0,0.0,0.5000000000000001,0.3627906976744183,0.21395348837209302,0.353488372093023
0.21090909090909085,0.416748046875,0.638671875,0.025,0.0,0.0,0.19999999999999998,0.046511627906976744,0.037209302325581395,0.09302325581395349,0.6250000000000002,0.0,0.0,0.5000000000000001,0.3627906976744183,0.22325581395348837,0.353488372093023
0.21212121212121204,0.4189453125,0.64208984375,0.025,0.0,0.0,0.19999999999999998,0.046511627906976744,0.037209302325581395,0.09302325581395349,0.6250000000000002,0.0,0.0,0.5000000000000001,0.3627906976744183,0.22325581395348837,0.3627906976744183
0.21333333333333326,0.42138671875,0.64453125,0.025,0.0,0.0,0.19999999999999998,0.046511627906976744,0.037209302325581395,0.09302325581395349,0.6500000000000002,0.0,0.0,0.5000000000000001,0.3627906976744183,0.22325581395348837,0.3627906976744183
0.21454545454545448,0.423828125,0.64794921875,0.025,0.0,0.0,0.22499999999999998,0.046511627906976744,0.037209302325581395,0.09302325581395349,0.6500000000000002,0.0,0.0,0.5000000000000001,0.3627906976744183,0.22325581395348837,0.3627906976744183
0.21575757575757573,0.426025390625,0.64990234375,0.025,0.0,0.0,0.22499999999999998,0.046511627906976744,0.037209302325581395,0.09302325581395349,0.6500000000000002,0.0,0.0,0.5000000000000001,0.3627906976744183,0.22325581395348837,0.3720930232558136
0.2169696969696969,0.42822265625,0.6533203125,0.025,0.0,0.0,0.22499999999999998,0.046511627906976744,0.037209302325581395,0.09302325581395349,0.6500000000000002,0.0,0.0,0.5000000000000001,0.3627906976744183,0.22325581395348837,0.38139534883720894
0.2181818181818181,0.430419921875,0.65625,0.025,0.0,0.0,0.22499999999999998,0.046511627906976744,0.037209302325581395,0.09302325581395349,0.6500000000000002,0.0,0.0,0.5000000000000001,0.3720930232558136,0.22325581395348837,0.38139534883720894
0.21939393939393934,0.432861328125,0.65869140625,0.025,0.0,0.0,0.22499999999999998,0.046511627906976744,0.037209302325581395,0.10232558139534884,0.6500000000000002,0.0,0.0,0.5000000000000001,0.3720930232558136,0.22325581395348837,0.38139534883720894
0.22060606060606056,0.43505859375,0.662109375,0.025,0.0,0.0,0.22499999999999998,0.046511627906976744,0.037209302325581395,0.10232558139534884,0.6500000000000002,0.0,0.0,0.5000000000000001,0.3720930232558136,0.23255813953488372,0.38139534883720894
0.22181818181818175,0.4375,0.66455078125,0.025,0.0,0.0,0.22499999999999998,0.046511627906976744,0.037209302325581395,0.11162790697674418,0.6500000000000002,0.0,0.0,0.5000000000000001,0.3720930232558136,0.23255813953488372,0.38139534883720894
0.22303030303030294,0.439697265625,0.6669921875,0.025,0.0,0.0,0.22499999999999998,0.046511627906976744,0.037209302325581395,0.11162790697674418,0.6500000000000002,0.0,0.0,0.5000000000000001,0.3720930232558136,0.23255813953488372,0.39069767441860426
0.22424242424242416,0.442138671875,0.6708984375,0.025,0.0,0.0,0.22499999999999998,0.046511627906976744,0.037209302325581395,0.11162790697674418,0.6750000000000003,0.0,0.0,0.5000000000000001,0.3720930232558136,0.23255813953488372,0.39069767441860426
0.22545454545454538,0.444580078125,0.67333984375,0.025,0.0,0.0,0.22499999999999998,0.046511627906976744,0.037209302325581395,0.11162790697674418,0.7000000000000003,0.0,0.0,0.5000000000000001,0.3720930232558136,0.23255813953488372,0.39069767441860426
0.22666666666666657,0.44677734375,0.67529296875,0.025,0.0,0.0,0.22499999999999998,0.046511627906976744,0.037209302325581395,0.11162790697674418,0.7000000000000003,0.0,0.0,0.5250000000000001,0.3720930232558136,0.23255813953488372,0.39069767441860426
0.22787878787878776,0.448974609375,0.67919921875,0.025,0.0,0.0,0.22499999999999998,0.046511627906976744,0.037209302325581395,0.11162790697674418,0.7000000000000003,0.0,0.0,0.5250000000000001,0.38139534883720894,0.23255813953488372,0.39069767441860426
0.22909090909090898,0.451416015625,0.681640625,0.025,0.0,0.0,0.22499999999999998,0.046511627906976744,0.037209302325581395,0.11162790697674418,0.7000000000000003,0.0,0.0,0.5500000000000002,0.38139534883720894,0.23255813953488372,0.39069767441860426
0.2303030303030302,0.453857421875,0.68505859375,0.025,0.0,0.0,0.22499999999999998,0.046511627906976744,0.037209302325581395,0.11162790697674418,0.7000000000000003,0.0,0.0,0.5500000000000002,0.39069767441860426,0.23255813953488372,0.39069767441860426
0.23151515151515145,0.4560546875,0.6875,0.025,0.0,0.0,0.22499999999999998,0.046511627906976744,0.037209302325581395,0.11162790697674418,0.7000000000000003,0.0,0.0,0.5500000000000002,0.3999999999999996,0.23255813953488372,0.39069767441860426
0.23272727272727264,0.458251953125,0.68994140625,0.025,0.0,0.0,0.22499999999999998,0.046511627906976744,0.037209302325581395,0.11162790697674418,0.7000000000000003,0.0,0.0,0.5500000000000002,0.4093023255813949,0.23255813953488372,0.39069767441860426
0.2339393939393938,0.46044921875,0.69287109375,0.025,0.0,0.0,0.22499999999999998,0.046511627906976744,0.037209302325581395,0.11162790697674418,0.7000000000000003,0.0,0.0,0.5500000000000002,0.4093023255813949,0.24186046511627907,0.39069767441860426
0.23515151515151506,0.462646484375,0.6962890625,0.025,0.0,0.0,0.22499999999999998,0.046511627906976744,0.037209302325581395,0.11162790697674418,0.7000000000000003,0.0,0.0,0.5500000000000002,0.4186046511627902,0.24186046511627907,0.39069767441860426
0.23636363636363628,0.46484375,0.69873046875,0.025,0.0,0.0,0.22499999999999998,0.046511627906976744,0.037209302325581395,0.11162790697674418,0.7000000000000003,0.0,0.0,0.5500000000000002,0.4186046511627902,0.25116279069767444,0.39069767441860426
0.23757575757575747,0.467041015625,0.70166015625,0.025,0.0,0.0,0.22499999999999998,0.046511627906976744,0.037209302325581395,0.11162790697674418,0.7000000000000003,0.0,0.0,0.5500000000000002,0.4186046511627902,0.26046511627906976,0.39069767441860426
0.2387878787878787,0.46923828125,0.705078125,0.025,0.0,0.0,0.22499999999999998,0.046511627906976744,0.037209302325581395,0.11162790697674418,0.7000000000000003,0.0,0.0,0.5500000000000002,0.4186046511627902,0.2697674418604651,0.39069767441860426
0.23999999999999988,0.471435546875,0.70751953125,0.025,0.0,0.0,0.22499999999999998,0.046511627906976744,0.037209302325581395,0.11162790697674418,0.7000000000000003,0.0,0.0,0.5500000000000002,0.4186046511627902,0.2697674418604651,0.3999999999999996
0.2412121212121211,0.4736328125,0.7099609375,0.025,0.0,0.0,0.22499999999999998,0.046511627906976744,0.037209302325581395,0.11162790697674418,0.7000000000000003,0.0,0.0,0.5500000000000002,0.4186046511627902,0.2697674418604651,0.4093023255813949
0.24242424242424235,0.475830078125,0.7138671875,0.025,0.0,0.0,0.24999999999999997,0.046511627906976744,0.037209302325581395,0.11162790697674418,0.7000000000000003,0.0,0.0,0.5500000000000002,0.4186046511627902,0.2697674418604651,0.4093023255813949
0.24363636363636357,0.47802734375,0.71630859375,0.025,0.0,0.0,0.24999999999999997,0.046511627906976744,0.037209302325581395,0.11162790697674418,0.7000000000000003,0.0,0.0,0.5500000000000002,0.4186046511627902,0.2697674418604651,0.4186046511627902
0.24484848484848476,0.480224609375,0.71923828125,0.025,0.0,0.0,0.24999999999999997,0.046511627906976744,0.037209302325581395,0.11162790697674418,0.7000000000000003,0.0,0.0,0.5500000000000002,0.4186046511627902,0.2697674418604651,0.42790697674418554
0.24606060606060595,0.482421875,0.72216796875,0.025,0.0,0.0,0.24999999999999997,0.046511627906976744,0.037209302325581395,0.11162790697674418,0.7000000000000003,0.0,0.0,0.5500000000000002,0.4186046511627902,0.2697674418604651,0.43720930232558086
0.24727272727272717,0.48486328125,0.72509765625,0.025,0.0,0.0,0.27499999999999997,0.046511627906976744,0.037209302325581395,0.11162790697674418,0.7000000000000003,0.0,0.0,0.5500000000000002,0.4186046511627902,0.2697674418604651,0.43720930232558086
0.2484848484848484,0.4873046875,0.72802734375,0.025,0.0,0.0,0.27499999999999997,0.046511627906976744,0.037209302325581395,0.12093023255813953,0.7000000000000003,0.0,0.0,0.5500000000000002,0.4186046511627902,0.2697674418604651,0.43720930232558086
0.24969696969696953,0.48974609375,0.73095703125,0.025,0.0,0.0,0.27499999999999997,0.046511627906976744,0.037209302325581395,0.13023255813953488,0.7000000000000003,0.0,0.0,0.5500000000000002,0.4186046511627902,0.2697674418604651,0.43720930232558086
0.25090909090909075,0.4921875,0.7333984375,0.025,0.0,0.0,0.27499999999999997,0.046511627906976744,0.037209302325581395,0.13023255813953488,0.7000000000000003,0.0,0.0,0.5500000000000002,0.42790697674418554,0.2697674418604651,0.43720930232558086
0.252121212121212,0.494384765625,0.736328125,0.025,0.0,0.0,0.27499999999999997,0.046511627906976744,0.037209302325581395,0.13023255813953488,0.7000000000000003,0.0,0.0,0.5500000000000002,0.43720930232558086,0.2697674418604651,0.43720930232558086
0.25333333333333324,0.49658203125,0.7392578125,0.025,0.0,0.0,0.27499999999999997,0.046511627906976744,0.037209302325581395,0.13023255813953488,0.7000000000000003,0.0,0.0,0.5500000000000002,0.4465116279069762,0.2697674418604651,0.43720930232558086
0.25454545454545435,0.4990234375,0.7421875,0.025,0.0,0.0,0.27499999999999997,0.046511627906976744,0.037209302325581395,0.13023255813953488,0.7250000000000003,0.0,0.0,0.5500000000000002,0.4465116279069762,0.2697674418604651,0.43720930232558086
0.25575757575757563,0.50146484375,0.7451171875,0.025,0.0,0.0,0.3,0.046511627906976744,0.037209302325581395,0.13023255813953488,0.7250000000000003,0.0,0.0,0.5500000000000002,0.4465116279069762,0.2697674418604651,0.43720930232558086
0.25696969696969685,0.50390625,0.74755859375,0.025,0.0,0.0,0.3,0.046511627906976744,0.037209302325581395,0.13023255813953488,0.7250000000000003,0.0,0.0,0.5750000000000002,0.4465116279069762,0.2697674418604651,0.43720930232558086
0.25818181818181807,0.50634765625,0.75146484375,0.025,0.0,0.0,0.3,0.05581395348837209,0.037209302325581395,0.13023255813953488,0.7250000000000003,0.0,0.0,0.5750000000000002,0.4465116279069762,0.2697674418604651,0.43720930232558086
0.2593939393939393,0.5087890625,0.75390625,0.025,0.0,0.0,0.3,0.05581395348837209,0.037209302325581395,0.13023255813953488,0.7250000000000003,0.0,0.0,0.5750000000000002,0.4558139534883715,0.2697674418604651,0.43720930232558086
0.26060606060606045,0.51123046875,0.7568359375,0.025,0.0,0.0,0.3,0.05581395348837209,0.046511627906976744,0.13023255813953488,0.7250000000000003,0.0,0.0,0.5750000000000002,0.4558139534883715,0.2697674418604651,0.43720930232558086
0.26181818181818167,0.513671875,0.759765625,0.025,0.0,0.0,0.3,0.05581395348837209,0.046511627906976744,0.13953488372093023,0.7250000000000003,0.0,0.0,0.5750000000000002,0.4558139534883715,0.2697674418604651,0.43720930232558086
0.2630303030303029,0.51611328125,0.76220703125,0.025,0.0,0.0,0.3,0.05581395348837209,0.046511627906976744,0.13953488372093023,0.7500000000000003,0.0,0.0,0.5750000000000002,0.4558139534883715,0.2697674418604651,0.43720930232558086
0.2642424242424241,0.5185546875,0.76611328125,0.025,0.0,0.0,0.3,0.05581395348837209,0.046511627906976744,0.13953488372093023,0.7500000000000003,0.0,0.0,0.5750000000000002,0.4651162790697668,0.2697674418604651,0.43720930232558086
0.26545454545454533,0.5205078125,0.7685546875,0.025,0.0,0.0,0.3,0.05581395348837209,0.046511627906976744,0.13953488372093023,0.7500000000000003,0.0,0.0,0.5750000000000002,0.4651162790697668,0.2790697674418604,0.43720930232558086
0.2666666666666666,0.52294921875,0.771484375,0.025,0.0,0.0,0.3,0.05581395348837209,0.046511627906976744,0.13953488372093023,0.7500000000000003,0.0,0.0,0.5750000000000002,0.47441860465116215,0.2790697674418604,0.43720930232558086
0.2678787878787877,0.525390625,0.7744140625,0.025,0.0,0.0,0.3,0.05581395348837209,0.046511627906976744,0.14883720930232558,0.7500000000000003,0.0,0.0,0.5750000000000002,0.47441860465116215,0.2790697674418604,0.43720930232558086
0.26909090909090894,0.52783203125,0.77685546875,0.025,0.0,0.0,0.3,0.05581395348837209,0.046511627906976744,0.14883720930232558,0.7500000000000003,0.0,0.0,0.6000000000000002,0.47441860465116215,0.2790697674418604,0.43720930232558086
0.27030303030303016,0.5302734375,0.77978515625,0.025,0.0,0.0,0.3,0.05581395348837209,0.046511627906976744,0.14883720930232558,0.7500000000000003,0.0,0.0,0.6000000000000002,0.48372093023255747,0.2790697674418604,0.43720930232558086
0.27151515151515143,0.53271484375,0.783203125,0.025,0.0,0.0,0.3,0.05581395348837209,0.046511627906976744,0.14883720930232558,0.7500000000000003,0.0,0.0,0.6000000000000002,0.4930232558139528,0.2790697674418604,0.43720930232558086
0.27272727272727254,0.53466796875,0.7861328125,0.025,0.0,0.0,0.3,0.05581395348837209,0.046511627906976744,0.14883720930232558,0.7500000000000003,0.0,0.0,0.6000000000000002,0.4930232558139528,0.2883720930232557,0.43720930232558086
0.27393939393939376,0.537109375,0.78857421875,0.025,0.0,0.0,0.3,0.05581395348837209,0.046511627906976744,0.14883720930232558,0.7500000000000003,0.0,0.0,0.6000000000000002,0.5023255813953481,0.2883720930232557,0.43720930232558086
0.27515151515151504,0.53955078125,0.7919921875,0.025,0.0,0.0,0.3,0.05581395348837209,0.046511627906976744,0.14883720930232558,0.7750000000000004,0.0,0.0,0.6000000000000002,0.5023255813953481,0.2883720930232557,0.43720930232558086
0.27636363636363626,0.5419921875,0.79443359375,0.025,0.0,0.0,0.3,0.05581395348837209,0.046511627906976744,0.14883720930232558,0.7750000000000004,0.0,0.0,0.6000000000000002,0.5023255813953481,0.29767441860465105,0.43720930232558086
0.27757575757575736,0.5439453125,0.79736328125,0.025,0.0,0.0,0.3,0.05581395348837209,0.046511627906976744,0.14883720930232558,0.7750000000000004,0.0,0.0,0.6000000000000002,0.5023255813953481,0.30697674418604637,0.43720930232558086
0.27878787878787864,0.54638671875,0.80029296875,0.025,0.0,0.0,0.3,0.05581395348837209,0.046511627906976744,0.14883720930232558,0.7750000000000004,0.0,0.0,0.6000000000000002,0.5116279069767434,0.30697674418604637,0.43720930232558086
0.27999999999999986,0.548828125,0.8037109375,0.025,0.0,0.0,0.3,0.05581395348837209,0.046511627906976744,0.14883720930232558,0.7750000000000004,0.0,0.0,0.6000000000000002,0.5209302325581388,0.30697674418604637,0.43720930232558086
0.281212121212121,0.55078125,0.80712890625,0.025,0.0,0.0,0.3,0.05581395348837209,0.046511627906976744,0.14883720930232558,0.7750000000000004,0.0,0.0,0.6000000000000002,0.5209302325581388,0.30697674418604637,0.4465116279069762
0.28242424242424224,0.552734375,0.8095703125,0.025,0.0,0.0,0.3,0.05581395348837209,0.046511627906976744,0.14883720930232558,0.7750000000000004,0.0,0.0,0.6000000000000002,0.5209302325581388,0.30697674418604637,0.4558139534883715
0.28363636363636346,0.55517578125,0.8125,0.025,0.0,0.0,0.3,0.05581395348837209,0.046511627906976744,0.14883720930232558,0.7750000000000004,0.0,0.0,0.6000000000000002,0.5209302325581388,0.3162790697674417,0.4558139534883715
0.2848484848484847,0.55712890625,0.81494140625,0.025,0.0,0.0,0.3,0.05581395348837209,0.046511627906976744,0.14883720930232558,0.7750000000000004,0.0,0.0,0.6000000000000002,0.5209302325581388,0.325581395348837,0.4558139534883715
0.2860606060606058,0.5595703125,0.818359375,0.025,0.0,0.0,0.3,0.05581395348837209,0.046511627906976744,0.14883720930232558,0.7750000000000004,0.0,0.0,0.6250000000000002,0.5209302325581388,0.325581395348837,0.4558139534883715
0.28727272727272707,0.56201171875,0.82080078125,0.025,0.0,0.0,0.3,0.05581395348837209,0.046511627906976744,0.14883720930232558,0.7750000000000004,0.0,0.0,0.6250000000000002,0.5209302325581388,0.33488372093023233,0.4558139534883715
0.2884848484848483,0.56396484375,0.82373046875,0.025,0.0,0.0,0.3,0.05581395348837209,0.046511627906976744,0.14883720930232558,0.7750000000000004,0.0,0.0,0.6250000000000002,0.5209302325581388,0.33488372093023233,0.4651162790697668
0.2896969696969695,0.56591796875,0.826171875,0.025,0.0,0.0,0.3,0.05581395348837209,0.046511627906976744,0.14883720930232558,0.7750000000000004,0.0,0.0,0.6250000000000002,0.5209302325581388,0.33488372093023233,0.47441860465116215
0.2909090909090907,0.568359375,0.83056640625,0.025,0.0,0.0,0.3,0.05581395348837209,0.046511627906976744,0.14883720930232558,0.7750000000000004,0.0,0.0,0.6250000000000002,0.5209302325581388,0.34418604651162765,0.47441860465116215
0.29212121212121195,0.57080078125,0.8330078125,0.025,0.0,0.0,0.325,0.05581395348837209,0.046511627906976744,0.14883720930232558,0.7750000000000004,0.0,0.0,0.6250000000000002,0.5209302325581388,0.34418604651162765,0.47441860465116215
0.29333333333333317,0.5732421875,0.8359375,0.025,0.0,0.0,0.325,0.05581395348837209,0.046511627906976744,0.14883720930232558,0.7750000000000004,0.0,0.0,0.6250000000000002,0.5209302325581388,0.353488372093023,0.47441860465116215
0.2945454545454544,0.57568359375,0.83935546875,0.025,0.0,0.0,0.325,0.06511627906976744,0.046511627906976744,0.14883720930232558,0.7750000000000004,0.0,0.0,0.6250000000000002,0.5209302325581388,0.353488372093023,0.47441860465116215
0.29575757575757555,0.578125,0.841796875,0.025,0.0,0.0,0.325,0.06511627906976744,0.046511627906976744,0.15813953488372093,0.7750000000000004,0.0,0.0,0.6250000000000002,0.5209302325581388,0.353488372093023,0.47441860465116215
0.2969696969696968,0.58056640625,0.84521484375,0.025,0.0,0.0,0.325,0.06511627906976744,0.046511627906976744,0.15813953488372093,0.7750000000000004,0.0,0.0,0.6250000000000002,0.5209302325581388,0.3627906976744183,0.47441860465116215
0.298181818181818,0.58251953125,0.84765625,0.025,0.0,0.0,0.325,0.06511627906976744,0.046511627906976744,0.15813953488372093,0.7750000000000004,0.0,0.0,0.6250000000000002,0.5209302325581388,0.3627906976744183,0.48372093023255747
0.29939393939393916,0.5849609375,0.8505859375,0.025,0.0,0.0,0.325,0.06511627906976744,0.046511627906976744,0.15813953488372093,0.7750000000000004,0.0,0.0,0.6250000000000002,0.5209302325581388,0.3720930232558136,0.48372093023255747
0.3006060606060604,0.5869140625,0.853515625,0.025,0.0,0.0,0.325,0.06511627906976744,0.046511627906976744,0.15813953488372093,0.7750000000000004,0.0,0.0,0.6250000000000002,0.5209302325581388,0.3720930232558136,0.4930232558139528
0.30181818181818165,0.58935546875,0.8564453125,0.025,0.0,0.0,0.325,0.06511627906976744,0.046511627906976744,0.15813953488372093,0.7750000000000004,0.0,0.0,0.6250000000000002,0.5302325581395341,0.3720930232558136,0.4930232558139528
0.3030303030303028,0.591796875,0.85888671875,0.025,0.0,0.0,0.325,0.06511627906976744,0.046511627906976744,0.15813953488372093,0.7750000000000004,0.0,0.0,0.6250000000000002,0.5395348837209294,0.3720930232558136,0.4930232558139528
0.304242424242424,0.59375,0.86181640625,0.025,0.0,0.0,0.325,0.06511627906976744,0.046511627906976744,0.15813953488372093,0.7750000000000004,0.0,0.0,0.6250000000000002,0.5395348837209294,0.3720930232558136,0.5023255813953481
0.30545454545454526,0.59619140625,0.86474609375,0.025,0.0,0.0,0.35000000000000003,0.06511627906976744,0.046511627906976744,0.15813953488372093,0.7750000000000004,0.0,0.0,0.6250000000000002,0.5395348837209294,0.3720930232558136,0.5023255813953481
0.3066666666666664,0.5986328125,0.86767578125,0.025,0.0,0.0,0.35000000000000003,0.06511627906976744,0.046511627906976744,0.15813953488372093,0.7750000000000004,0.2,0.0,0.6250000000000002,0.5395348837209294,0.3720930232558136,0.5023255813953481
0.30787878787878764,0.60107421875,0.87060546875,0.025,0.0,0.0,0.37500000000000006,0.06511627906976744,0.046511627906976744,0.15813953488372093,0.7750000000000004,0.2,0.0,0.6250000000000002,0.5395348837209294,0.3720930232558136,0.5023255813953481
0.30909090909090886,0.603515625,0.87451171875,0.025,0.0,0.0,0.37500000000000006,0.07441860465116279,0.046511627906976744,0.15813953488372093,0.7750000000000004,0.2,0.0,0.6250000000000002,0.5395348837209294,0.3720930232558136,0.5023255813953481
0.3103030303030301,0.60595703125,0.87744140625,0.025,0.0,0.0,0.37500000000000006,0.07441860465116279,0.046511627906976744,0.16744186046511628,0.7750000000000004,0.2,0.0,0.6250000000000002,0.5395348837209294,0.3720930232558136,0.5023255813953481
0.3115151515151513,0.6083984375,0.88037109375,0.025,0.0,0.0,0.37500000000000006,0.07441860465116279,0.046511627906976744,0.16744186046511628,0.7750000000000004,0.2,0.0,0.6500000000000002,0.5395348837209294,0.3720930232558136,0.5023255813953481
0.3127272727272725,0.61083984375,0.88330078125,0.025,0.0,0.0,0.37500000000000006,0.07441860465116279,0.05581395348837209,0.16744186046511628,0.7750000000000004,0.2,0.0,0.6500000000000002,0.5395348837209294,0.3720930232558136,0.5023255813953481
0.3139393939393937,0.61328125,0.88623046875,0.025,0.0,0.0,0.37500000000000006,0.07441860465116279,0.05581395348837209,0.16744186046511628,0.7750000000000004,0.2,0.0,0.6500000000000002,0.5488372093023247,0.3720930232558136,0.5023255813953481
0.31515151515151496,0.61572265625,0.88916015625,0.025,0.0,0.0,0.37500000000000006,0.07441860465116279,0.05581395348837209,0.17674418604651163,0.7750000000000004,0.2,0.0,0.6500000000000002,0.5488372093023247,0.3720930232558136,0.5023255813953481
0.3163636363636361,0.6181640625,0.8916015625,0.025,0.0,0.0,0.37500000000000006,0.07441860465116279,0.05581395348837209,0.17674418604651163,0.7750000000000004,0.2,0.0,0.6500000000000002,0.55813953488372,0.3720930232558136,0.5023255813953481
0.31757575757575734,0.6201171875,0.89501953125,0.025,0.0,0.0,0.37500000000000006,0.07441860465116279,0.05581395348837209,0.17674418604651163,0.7750000000000004,0.2,0.0,0.6500000000000002,0.55813953488372,0.38139534883720894,0.5023255813953481
0.31878787878787856,0.62255859375,0.8974609375,0.025,0.0,0.0,0.37500000000000006,0.07441860465116279,0.05581395348837209,0.17674418604651163,0.7750000000000004,0.2,0.0,0.6500000000000002,0.55813953488372,0.39069767441860426,0.5023255813953481
0.3199999999999998,0.625,0.900390625,0.05,0.0,0.0,0.37500000000000006,0.07441860465116279,0.05581395348837209,0.17674418604651163,0.7750000000000004,0.2,0.0,0.6500000000000002,0.55813953488372,0.39069767441860426,0.5023255813953481
0.321212121212121,0.62744140625,0.9033203125,0.07500000000000001,0.0,0.0,0.37500000000000006,0.07441860465116279,0.05581395348837209,0.17674418604651163,0.7750000000000004,0.2,0.0,0.6500000000000002,0.55813953488372,0.39069767441860426,0.5023255813953481
0.32242424242424217,0.6298828125,0.90673828125,0.07500000000000001,0.0,0.0,0.37500000000000006,0.07441860465116279,0.05581395348837209,0.18604651162790697,0.7750000000000004,0.2,0.0,0.6500000000000002,0.55813953488372,0.39069767441860426,0.5023255813953481
0.3236363636363634,0.63232421875,0.9091796875,0.07500000000000001,0.0,0.0,0.37500000000000006,0.07441860465116279,0.05581395348837209,0.18604651162790697,0.7750000000000004,0.2,0.0,0.6500000000000002,0.5674418604651154,0.39069767441860426,0.5023255813953481
0.3248484848484846,0.634765625,0.91259765625,0.07500000000000001,0.0,0.0,0.37500000000000006,0.07441860465116279,0.05581395348837209,0.18604651162790697,0.7750000000000004,0.2,0.0,0.6500000000000002,0.5767441860465107,0.39069767441860426,0.5023255813953481
0.32606060606060583,0.63720703125,0.91552734375,0.07500000000000001,0.0,0.0,0.37500000000000006,0.07441860465116279,0.05581395348837209,0.18604651162790697,0.7750000000000004,0.2,0.0,0.6750000000000003,0.5767441860465107,0.39069767441860426,0.5023255813953481
0.327272727272727,0.6396484375,0.91845703125,0.07500000000000001,0.0,0.0,0.37500000000000006,0.07441860465116279,0.05581395348837209,0.18604651162790697,0.7750000000000004,0.2,0.0,0.6750000000000003,0.5767441860465107,0.3999999999999996,0.5023255813953481
0.32848484848484827,0.6416015625,0.92138671875,0.07500000000000001,0.0,0.0,0.37500000000000006,0.07441860465116279,0.05581395348837209,0.18604651162790697,0.7750000000000004,0.2,0.0,0.6750000000000003,0.5767441860465107,0.4093023255813949,0.5023255813953481
0.32969696969696943,0.64404296875,0.9248046875,0.07500000000000001,0.0,0.0,0.37500000000000006,0.07441860465116279,0.05581395348837209,0.18604651162790697,0.7750000000000004,0.2,0.0,0.6750000000000003,0.586046511627906,0.4093023255813949,0.5023255813953481
0.33090909090909065,0.646484375,0.92724609375,0.07500000000000001,0.0,0.0,0.37500000000000006,0.07441860465116279,0.05581395348837209,0.18604651162790697,0.7750000000000004,0.2,0.0,0.6750000000000003,0.5953488372093013,0.4093023255813949,0.5023255813953481
0.3321212121212119,0.6484375,0.9306640625,0.07500000000000001,0.0,0.0,0.37500000000000006,0.07441860465116279,0.05581395348837209,0.18604651162790697,0.7750000000000004,0.2,0.0,0.6750000000000003,0.5953488372093013,0.4093023255813949,0.5116279069767434
0.3333333333333331,0.65087890625,0.93310546875,0.07500000000000001,0.0,0.0,0.4000000000000001,0.07441860465116279,0.05581395348837209,0.18604651162790697,0.7750000000000004,0.2,0.0,0.6750000000000003,0.5953488372093013,0.4093023255813949,0.5116279069767434
0.3345454545454543,0.6533203125,0.93603515625,0.07500000000000001,0.0,0.0,0.4000000000000001,0.07441860465116279,0.05581395348837209,0.18604651162790697,0.7750000000000004,0.2,0.0,0.6750000000000003,0.6046511627906966,0.4093023255813949,0.5116279069767434
0.3357575757575755,0.6552734375,0.93896484375,0.07500000000000001,0.0,0.0,0.4000000000000001,0.07441860465116279,0.05581395348837209,0.18604651162790697,0.7750000000000004,0.2,0.0,0.6750000000000003,0.6046511627906966,0.4093023255813949,0.5209302325581388
0.3369696969696967,0.6572265625,0.94189453125,0.07500000000000001,0.0,0.0,0.4000000000000001,0.07441860465116279,0.05581395348837209,0.18604651162790697,0.7750000000000004,0.2,0.0,0.6750000000000003,0.6046511627906966,0.4093023255813949,0.5302325581395341
0.3381818181818179,0.65966796875,0.94482421875,0.07500000000000001,0.0,0.0,0.4000000000000001,0.07441860465116279,0.05581395348837209,0.18604651162790697,0.7750000000000004,0.2,0.0,0.6750000000000003,0.613953488372092,0.4093023255813949,0.5302325581395341
0.3393939393939391,0.662109375,0.94775390625,0.07500000000000001,0.0,0.0,0.4000000000000001,0.07441860465116279,0.05581395348837209,0.18604651162790697,0.7750000000000004,0.2,0.0,0.6750000000000003,0.613953488372092,0.4186046511627902,0.5302325581395341
0.3406060606060603,0.6640625,0.95068359375,0.07500000000000001,0.0,0.0,0.4000000000000001,0.07441860465116279,0.05581395348837209,0.18604651162790697,0.7750000000000004,0.2,0.0,0.6750000000000003,0.613953488372092,0.4186046511627902,0.5395348837209294
0.3418181818181815,0.66650390625,0.95361328125,0.07500000000000001,0.0,0.0,0.4000000000000001,0.07441860465116279,0.05581395348837209,0.18604651162790697,0.7750000000000004,0.2,0.0,0.6750000000000003,0.613953488372092,0.42790697674418554,0.5395348837209294
0.34303030303030274,0.6689453125,0.95703125,0.1,0.0,0.0,0.4000000000000001,0.07441860465116279,0.05581395348837209,0.18604651162790697,0.7750000000000004,0.2,0.0,0.6750000000000003,0.613953488372092,0.42790697674418554,0.5395348837209294
0.34424242424242396,0.67138671875,0.95947265625,0.1,0.0,0.0,0.4000000000000001,0.07441860465116279,0.05581395348837209,0.18604651162790697,0.7750000000000004,0.2,0.0,0.6750000000000003,0.613953488372092,0.43720930232558086,0.5395348837209294
0.3454545454545452,0.67333984375,0.962890625,0.1,0.0,0.0,0.4000000000000001,0.07441860465116279,0.05581395348837209,0.18604651162790697,0.7750000000000004,0.2,0.0,0.6750000000000003,0.613953488372092,0.43720930232558086,0.5488372093023247
0.3466666666666664,0.67578125,0.96533203125,0.1,0.0,0.0,0.4250000000000001,0.07441860465116279,0.05581395348837209,0.18604651162790697,0.7750000000000004,0.2,0.0,0.6750000000000003,0.613953488372092,0.43720930232558086,0.5488372093023247
0.3478787878787877,0.67822265625,0.96826171875,0.1,0.0,0.0,0.4250000000000001,0.07441860465116279,0.05581395348837209,0.19534883720930232,0.7750000000000004,0.2,0.0,0.6750000000000003,0.613953488372092,0.43720930232558086,0.5488372093023247
0.34909090909090884,0.6806640625,0.9716796875,0.1,0.0,0.0,0.4250000000000001,0.07441860465116279,0.05581395348837209,0.19534883720930232,0.7750000000000004,0.2,0.0,0.6750000000000003,0.613953488372092,0.4465116279069762,0.5488372093023247
0.35030303030303,0.68310546875,0.97412109375,0.1,0.0,0.0,0.4250000000000001,0.08372093023255814,0.05581395348837209,0.19534883720930232,0.7750000000000004,0.2,0.0,0.6750000000000003,0.613953488372092,0.4465116279069762,0.5488372093023247
0.3515151515151513,0.685546875,0.9775390625,0.1,0.0,0.0,0.4250000000000001,0.08372093023255814,0.05581395348837209,0.19534883720930232,0.7750000000000004,0.2,0.0,0.6750000000000003,0.613953488372092,0.4558139534883715,0.5488372093023247
0.3527272727272724,0.68798828125,0.98046875,0.1,0.0,0.0,0.4250000000000001,0.08372093023255814,0.06511627906976744,0.19534883720930232,0.7750000000000004,0.2,0.0,0.6750000000000003,0.613953488372092,0.4558139534883715,0.5488372093023247
0.3539393939393936,0.6904296875,0.9833984375,0.1,0.0,0.0,0.4250000000000001,0.08372093023255814,0.06511627906976744,0.19534883720930232,0.7750000000000004,0.2,0.0,0.6750000000000003,0.613953488372092,0.4651162790697668,0.5488372093023247
0.35515151515151483,0.6923828125,0.986328125,0.1,0.0,0.0,0.4250000000000001,0.08372093023255814,0.06511627906976744,0.19534883720930232,0.7750000000000004,0.2,0.0,0.6750000000000003,0.613953488372092,0.4651162790697668,0.55813953488372
0.35636363636363605,0.69482421875,0.98876953125,0.1,0.0,0.0,0.4250000000000001,0.08372093023255814,0.06511627906976744,0.20465116279069767,0.7750000000000004,0.2,0.0,0.6750000000000003,0.613953488372092,0.4651162790697668,0.55813953488372
0.35757575757575727,0.697265625,0.9921875,0.1,0.0,0.0,0.4250000000000001,0.08372093023255814,0.06511627906976744,0.20465116279069767,0.8000000000000004,0.2,0.0,0.6750000000000003,0.613953488372092,0.4651162790697668,0.55813953488372
0.3587878787878785,0.69970703125,0.9951171875,0.1,0.0,0.0,0.4250000000000001,0.08372093023255814,0.06511627906976744,0.20465116279069767,0.8000000000000004,0.2,0.0,0.6750000000000003,0.613953488372092,0.47441860465116215,0.55813953488372
0.3599999999999997,0.7021484375,0.99853515625,0.1,0.0,0.0,0.4250000000000001,0.08372093023255814,0.06511627906976744,0.20465116279069767,0.8000000000000004,0.2,0.0,0.6750000000000003,0.613953488372092,0.48372093023255747,0.55813953488372
0.36121212121212093,0.70458984375,1.0009765625,0.1,0.0,0.0,0.4250000000000001,0.08372093023255814,0.06511627906976744,0.20465116279069767,0.8000000000000004,0.2,0.0,0.6750000000000003,0.613953488372092,0.4930232558139528,0.55813953488372
0.3624242424242421,0.70703125,1.0029296875,0.1,0.0,0.0,0.4250000000000001,0.08372093023255814,0.06511627906976744,0.20465116279069767,0.8000000000000004,0.2,0.0,0.6750000000000003,0.613953488372092,0.5023255813953481,0.55813953488372
0.3636363636363633,0.708984375,1.005859375,0.1,0.0,0.0,0.4250000000000001,0.08372093023255814,0.06511627906976744,0.20465116279069767,0.8000000000000004,0.2,0.0,0.6750000000000003,0.613953488372092,0.5023255813953481,0.5674418604651154
0.36484848484848453,0.71142578125,1.0087890625,0.1,0.0,0.0,0.4250000000000001,0.08372093023255814,0.06511627906976744,0.20465116279069767,0.8000000000000004,0.2,0.0,0.6750000000000003,0.613953488372092,0.5023255813953481,0.5767441860465107
0.36606060606060575,0.71337890625,1.0126953125,0.1,0.0,0.0,0.4250000000000001,0.08372093023255814,0.06511627906976744,0.20465116279069767,0.8000000000000004,0.2,0.0,0.6750000000000003,0.613953488372092,0.5023255813953481,0.586046511627906
0.3672727272727269,0.7158203125,1.0146484375,0.1,0.0,0.0,0.4250000000000001,0.08372093023255814,0.06511627906976744,0.20465116279069767,0.8000000000000004,0.2,0.0,0.6750000000000003,0.6232558139534873,0.5023255813953481,0.586046511627906
0.36848484848484814,0.71826171875,1.017578125,0.1,0.0,0.0,0.4250000000000001,0.08372093023255814,0.06511627906976744,0.20465116279069767,0.8000000000000004,0.2,0.0,0.6750000000000003,0.6325581395348826,0.5023255813953481,0.586046511627906
0.36969696969696936,0.720703125,1.0205078125,0.1,0.0,0.0,0.4500000000000001,0.08372093023255814,0.06511627906976744,0.20465116279069767,0.8000000000000004,0.2,0.0,0.6750000000000003,0.6325581395348826,0.5023255813953481,0.586046511627906
0.3709090909090906,0.72314453125,1.0244140625,0.1,0.0,0.0,0.4500000000000001,0.08372093023255814,0.06511627906976744,0.20465116279069767,0.8000000000000004,0.2,0.0,0.6750000000000003,0.6418604651162779,0.5023255813953481,0.586046511627906
0.3721212121212118,0.7255859375,1.0263671875,0.1,0.0,0.0,0.4500000000000001,0.08372093023255814,0.07441860465116279,0.20465116279069767,0.8000000000000004,0.2,0.0,0.6750000000000003,0.6418604651162779,0.5023255813953481,0.586046511627906
0.373333333333333,0.72802734375,1.0302734375,0.1,0.0,0.0,0.4500000000000001,0.08372093023255814,0.07441860465116279,0.20465116279069767,0.8000000000000004,0.2,0.0,0.6750000000000003,0.6511627906976732,0.5023255813953481,0.586046511627906
0.3745454545454542,0.73046875,1.033203125,0.1,0.0,0.0,0.4500000000000001,0.08372093023255814,0.07441860465116279,0.21395348837209302,0.8000000000000004,0.2,0.0,0.6750000000000003,0.6511627906976732,0.5023255813953481,0.586046511627906
0.37575757575757535,0.73291015625,1.03515625,0.1,0.0,0.0,0.4500000000000001,0.08372093023255814,0.07441860465116279,0.21395348837209302,0.8000000000000004,0.2,0.0,0.6750000000000003,0.6511627906976732,0.5023255813953481,0.5953488372093013
0.3769696969696966,0.7353515625,1.0390625,0.125,0.0,0.0,0.4500000000000001,0.08372093023255814,0.07441860465116279,0.21395348837209302,0.8000000000000004,0.2,0.0,0.6750000000000003,0.6511627906976732,0.5023255813953481,0.5953488372093013
0.37818181818181784,0.73779296875,1.0419921875,0.125,0.0,0.0,0.4500000000000001,0.08372093023255814,0.07441860465116279,0.21395348837209302,0.8000000000000004,0.2,0.0,0.7000000000000003,0.6511627906976732,0.5023255813953481,0.5953488372093013
0.379393939393939,0.740234375,1.044921875,0.125,0.0,0.0,0.4500000000000001,0.08372093023255814,0.07441860465116279,0.22325581395348837,0.8000000000000004,0.2,0.0,0.7000000000000003,0.6511627906976732,0.5023255813953481,0.5953488372093013
0.3806060606060602,0.74267578125,1.0478515625,0.125,0.0,0.0,0.4500000000000001,0.08372093023255814,0.07441860465116279,0.22325581395348837,0.8000000000000004,0.2,0.0,0.7000000000000003,0.6511627906976732,0.5023255813953481,0.6046511627906966
0.3818181818181815,0.74462890625,1.05078125,0.125,0.0,0.0,0.4500000000000001,0.08372093023255814,0.07441860465116279,0.22325581395348837,0.8000000000000004,0.2,0.0,0.7000000000000003,0.6511627906976732,0.5023255813953481,0.613953488372092
0.38303030303030267,0.7470703125,1.0537109375,0.125,0.0,0.0,0.4500000000000001,0.08372093023255814,0.07441860465116279,0.22325581395348837,0.8000000000000004,0.2,0.0,0.7000000000000003,0.6511627906976732,0.5023255813953481,0.6232558139534873
0.38424242424242383,0.74951171875,1.056640625,0.125,0.0,0.0,0.4500000000000001,0.09302325581395349,0.07441860465116279,0.22325581395348837,0.8000000000000004,0.2,0.0,0.7000000000000003,0.6511627906976732,0.5023255813953481,0.6232558139534873
0.38545454545454505,0.751953125,1.0595703125,0.125,0.0,0.0,0.4500000000000001,0.09302325581395349,0.07441860465116279,0.22325581395348837,0.8000000000000004,0.2,0.0,0.7000000000000003,0.6604651162790686,0.5023255813953481,0.6232558139534873
0.3866666666666663,0.75439453125,1.0615234375,0.125,0.0,0.0,0.4500000000000001,0.09302325581395349,0.07441860465116279,0.22325581395348837,0.8000000000000004,0.2,0.0,0.7000000000000003,0.6604651162790686,0.5023255813953481,0.6325581395348826
0.38787878787878755,0.7568359375,1.064453125,0.125,0.0,0.0,0.4500000000000001,0.09302325581395349,0.07441860465116279,0.22325581395348837,0.8000000000000004,0.2,0.0,0.7000000000000003,0.6697674418604639,0.5023255813953481,0.6325581395348826
0.38909090909090865,0.75927734375,1.0673828125,0.125,0.0,0.0,0.4500000000000001,0.09302325581395349,0.07441860465116279,0.22325581395348837,0.8000000000000004,0.2,0.0,0.7000000000000003,0.6790697674418592,0.5023255813953481,0.6325581395348826
0.39030303030302993,0.76171875,1.0703125,0.125,0.0,0.0,0.4500000000000001,0.10232558139534884,0.07441860465116279,0.22325581395348837,0.8000000000000004,0.2,0.0,0.7000000000000003,0.6790697674418592,0.5023255813953481,0.6325581395348826
0.39151515151515115,0.76416015625,1.0732421875,0.125,0.0,0.0,0.4500000000000001,0.10232558139534884,0.07441860465116279,0.22325581395348837,0.8000000000000004,0.2,0.0,0.7000000000000003,0.6790697674418592,0.5023255813953481,0.6418604651162779
0.39272727272727226,0.7666015625,1.076171875,0.125,0.0,0.0,0.4500000000000001,0.10232558139534884,0.07441860465116279,0.22325581395348837,0.8000000000000004,0.2,0.0,0.7000000000000003,0.6883720930232545,0.5023255813953481,0.6418604651162779
0.3939393939393936,0.76904296875,1.080078125,0.125,0.0,0.0,0.4500000000000001,0.10232558139534884,0.07441860465116279,0.22325581395348837,0.8000000000000004,0.2,0.0,0.7000000000000003,0.6883720930232545,0.5116279069767434,0.6418604651162779
0.39515151515151475,0.771484375,1.08203125,0.125,0.0,0.0,0.4500000000000001,0.10232558139534884,0.07441860465116279,0.22325581395348837,0.8000000000000004,0.2,0.0,0.7000000000000003,0.6883720930232545,0.5209302325581388,0.6418604651162779
0.396363636363636,0.77392578125,1.0849609375,0.15,0.0,0.0,0.4500000000000001,0.10232558139534884,0.07441860465116279,0.22325581395348837,0.8000000000000004,0.2,0.0,0.7000000000000003,0.6883720930232545,0.5209302325581388,0.6418604651162779
0.3975757575757572,0.7763671875,1.0888671875,0.15,0.0,0.0,0.4500000000000001,0.10232558139534884,0.07441860465116279,0.22325581395348837,0.8000000000000004,0.2,0.0,0.7000000000000003,0.6883720930232545,0.5209302325581388,0.6511627906976732
0.3987878787878784,0.77880859375,1.091796875,0.15,0.0,0.0,0.4500000000000001,0.10232558139534884,0.07441860465116279,0.22325581395348837,0.8000000000000004,0.2,0.0,0.7000000000000003,0.6883720930232545,0.5302325581395341,0.6511627906976732
0.3999999999999996,0.78125,1.09375,0.15,0.0,0.0,0.4500000000000001,0.10232558139534884,0.07441860465116279,0.22325581395348837,0.8000000000000004,0.2,0.0,0.7000000000000003,0.6883720930232545,0.5395348837209294,0.6511627906976732
0.4012121212121208,0.78369140625,1.09765625,0.15,0.0,0.0,0.47500000000000014,0.10232558139534884,0.07441860465116279,0.22325581395348837,0.8000000000000004,0.2,0.0,0.7000000000000003,0.6883720930232545,0.5395348837209294,0.6511627906976732
0.402424242424242,0.7861328125,1.099609375,0.15,0.0,0.0,0.47500000000000014,0.10232558139534884,0.08372093023255814,0.22325581395348837,0.8000000000000004,0.2,0.0,0.7000000000000003,0.6883720930232545,0.5395348837209294,0.6511627906976732
0.40363636363636324,0.78857421875,1.1025390625,0.15,0.0,0.0,0.47500000000000014,0.10232558139534884,0.08372093023255814,0.22325581395348837,0.8000000000000004,0.2,0.0,0.7000000000000003,0.6883720930232545,0.5395348837209294,0.6604651162790686
0.4048484848484844,0.791015625,1.10546875,0.15,0.0,0.0,0.47500000000000014,0.10232558139534884,0.08372093023255814,0.23255813953488372,0.8000000000000004,0.2,0.0,0.7000000000000003,0.6883720930232545,0.5395348837209294,0.6604651162790686
0.4060606060606056,0.79345703125,1.1083984375,0.15,0.0,0.0,0.47500000000000014,0.10232558139534884,0.08372093023255814,0.23255813953488372,0.8250000000000004,0.2,0.0,0.7000000000000003,0.6883720930232545,0.5395348837209294,0.6604651162790686
0.40727272727272684,0.7958984375,1.111328125,0.15,0.0,0.0,0.47500000000000014,0.10232558139534884,0.08372093023255814,0.23255813953488372,0.8250000000000004,0.2,0.0,0.7000000000000003,0.6883720930232545,0.5395348837209294,0.6697674418604639
0.408484848484848,0.79833984375,1.1142578125,0.15,0.0,0.0,0.47500000000000014,0.10232558139534884,0.08372093023255814,0.23255813953488372,0.8250000000000004,0.2,0.0,0.7000000000000003,0.6883720930232545,0.5395348837209294,0.6790697674418592
0.40969696969696934,0.80078125,1.1171875,0.15,0.0,0.0,0.47500000000000014,0.10232558139534884,0.08372093023255814,0.24186046511627907,0.8250000000000004,0.2,0.0,0.7000000000000003,0.6883720930232545,0.5395348837209294,0.6790697674418592
0.41090909090909045,0.8037109375,1.1201171875,0.175,0.0,0.0,0.47500000000000014,0.10232558139534884,0.08372093023255814,0.24186046511627907,0.8250000000000004,0.2,0.0,0.7000000000000003,0.6883720930232545,0.5395348837209294,0.6790697674418592
0.41212121212121167,0.806640625,1.123046875,0.175,0.0,0.0,0.5000000000000001,0.10232558139534884,0.08372093023255814,0.24186046511627907,0.8250000000000004,0.2,0.0,0.7000000000000003,0.6883720930232545,0.5395348837209294,0.6790697674418592
0.41333333333333294,0.80908203125,1.1259765625,0.175,0.0,0.0,0.5000000000000001,0.11162790697674418,0.08372093023255814,0.24186046511627907,0.8250000000000004,0.2,0.0,0.7000000000000003,0.6883720930232545,0.5395348837209294,0.6790697674418592
0.41454545454545416,0.8115234375,1.12890625,0.175,0.0,0.0,0.5000000000000001,0.11162790697674418,0.08372093023255814,0.24186046511627907,0.8250000000000004,0.2,0.0,0.7000000000000003,0.6883720930232545,0.5488372093023247,0.6790697674418592
0.4157575757575754,0.81396484375,1.1318359375,0.175,0.0,0.0,0.5000000000000001,0.11162790697674418,0.08372093023255814,0.24186046511627907,0.8250000000000004,0.2,0.0,0.7000000000000003,0.6883720930232545,0.55813953488372,0.6790697674418592
0.41696969696969655,0.81640625,1.1337890625,0.175,0.0,0.0,0.5000000000000001,0.11162790697674418,0.09302325581395349,0.24186046511627907,0.8250000000000004,0.2,0.0,0.7000000000000003,0.6883720930232545,0.55813953488372,0.6790697674418592
0.41818181818181777,0.81884765625,1.1376953125,0.175,0.0,0.0,0.5000000000000001,0.11162790697674418,0.09302325581395349,0.24186046511627907,0.8250000000000004,0.2,0.0,0.7250000000000003,0.6883720930232545,0.55813953488372,0.6790697674418592
0.419393939393939,0.8212890625,1.1396484375,0.175,0.0,0.0,0.5000000000000001,0.11162790697674418,0.09302325581395349,0.24186046511627907,0.8250000000000004,0.2,0.0,0.7250000000000003,0.6883720930232545,0.5674418604651154,0.6790697674418592
0.4206060606060602,0.82421875,1.1435546875,0.175,0.0,0.0,0.5000000000000001,0.12093023255813953,0.09302325581395349,0.24186046511627907,0.8250000000000004,0.2,0.0,0.7250000000000003,0.6883720930232545,0.5674418604651154,0.6790697674418592
0.4218181818181814,0.82666015625,1.146484375,0.175,0.0,0.0,0.5000000000000001,0.12093023255813953,0.09302325581395349,0.25116279069767444,0.8250000000000004,0.2,0.0,0.7250000000000003,0.6883720930232545,0.5674418604651154,0.6790697674418592
0.4230303030303026,0.8291015625,1.1484375,0.175,0.0,0.0,0.5000000000000001,0.12093023255813953,0.09302325581395349,0.25116279069767444,0.8250000000000004,0.2,0.0,0.7250000000000003,0.6883720930232545,0.5767441860465107,0.6790697674418592
0.4242424242424239,0.83154296875,1.15234375,0.175,0.0,0.0,0.5000000000000001,0.12093023255813953,0.09302325581395349,0.25116279069767444,0.8250000000000004,0.2,0.0,0.7250000000000003,0.6883720930232545,0.586046511627906,0.6790697674418592
0.42545454545454503,0.833984375,1.1552734375,0.175,0.0,0.0,0.5000000000000001,0.12093023255813953,0.09302325581395349,0.25116279069767444,0.8250000000000004,0.2,0.0,0.7250000000000003,0.6883720930232545,0.5953488372093013,0.6790697674418592
0.4266666666666662,0.83642578125,1.158203125,0.175,0.0,0.0,0.5000000000000001,0.12093023255813953,0.10232558139534884,0.25116279069767444,0.8250000000000004,0.2,0.0,0.7250000000000003,0.6883720930232545,0.5953488372093013,0.6790697674418592
0.4278787878787874,0.8388671875,1.1611328125,0.175,0.0,0.0,0.5000000000000001,0.12093023255813953,0.10232558139534884,0.25116279069767444,0.8250000000000004,0.2,0.0,0.7250000000000003,0.6883720930232545,0.5953488372093013,0.6883720930232545
0.42909090909090863,0.84130859375,1.1630859375,0.175,0.0,0.0,0.5000000000000001,0.12093023255813953,0.10232558139534884,0.25116279069767444,0.8250000000000004,0.2,0.0,0.7250000000000003,0.6883720930232545,0.5953488372093013,0.6976744186046498
0.4303030303030298,0.84375,1.1669921875,0.175,0.0,0.0,0.5000000000000001,0.12093023255813953,0.10232558139534884,0.25116279069767444,0.8250000000000004,0.2,0.0,0.7250000000000003,0.6976744186046498,0.5953488372093013,0.6976744186046498
0.4315151515151511,0.84619140625,1.1689453125,0.175,0.0,0.0,0.5000000000000001,0.12093023255813953,0.10232558139534884,0.25116279069767444,0.8250000000000004,0.2,0.0,0.7250000000000003,0.7069767441860452,0.5953488372093013,0.6976744186046498
0.43272727272727224,0.8486328125,1.171875,0.175,0.0,0.0,0.5000000000000001,0.12093023255813953,0.10232558139534884,0.26046511627906976,0.8250000000000004,0.2,0.0,0.7250000000000003,0.7069767441860452,0.5953488372093013,0.6976744186046498
0.43393939393939346,0.85107421875,1.1748046875,0.175,0.0,0.0,0.5000000000000001,0.12093023255813953,0.10232558139534884,0.26046511627906976,0.8250000000000004,0.2,0.0,0.7250000000000003,0.7162790697674405,0.5953488372093013,0.6976744186046498
0.4351515151515147,0.853515625,1.1767578125,0.175,0.0,0.0,0.5000000000000001,0.12093023255813953,0.10232558139534884,0.26046511627906976,0.8250000000000004,0.2,0.0,0.7250000000000003,0.7255813953488358,0.5953488372093013,0.6976744186046498
0.43636363636363584,0.85595703125,1.1806640625,0.175,0.0,0.0,0.5000000000000001,0.12093023255813953,0.10232558139534884,0.26046511627906976,0.8250000000000004,0.2,0.0,0.7250000000000003,0.7348837209302311,0.5953488372093013,0.6976744186046498
0.4375757575757572,0.8583984375,1.1826171875,0.175,0.0,0.0,0.5000000000000001,0.12093023255813953,0.10232558139534884,0.26046511627906976,0.8250000000000004,0.2,0.0,0.7250000000000003,0.7441860465116265,0.5953488372093013,0.6976744186046498
0.4387878787878783,0.86083984375,1.185546875,0.175,0.0,0.0,0.5000000000000001,0.12093023255813953,0.10232558139534884,0.26046511627906976,0.8250000000000004,0.2,0.0,0.7250000000000003,0.7441860465116265,0.6046511627906966,0.6976744186046498
0.43999999999999956,0.86328125,1.1884765625,0.175,0.0,0.0,0.5000000000000001,0.12093023255813953,0.10232558139534884,0.26046511627906976,0.8250000000000004,0.2,0.0,0.7250000000000003,0.7534883720930218,0.6046511627906966,0.6976744186046498
0.4412121212121208,0.86572265625,1.19140625,0.175,0.0,0.0,0.5000000000000001,0.12093023255813953,0.10232558139534884,0.26046511627906976,0.8250000000000004,0.2,0.0,0.7250000000000003,0.7534883720930218,0.6046511627906966,0.7069767441860452
0.4424242424242419,0.8681640625,1.1953125,0.175,0.0,0.0,0.5000000000000001,0.12093023255813953,0.10232558139534884,0.26046511627906976,0.8250000000000004,0.2,0.0,0.7250000000000003,0.7627906976744171,0.6046511627906966,0.7069767441860452
0.44363636363636316,0.87060546875,1.197265625,0.175,0.0,0.0,0.5000000000000001,0.12093023255813953,0.10232558139534884,0.26046511627906976,0.8250000000000004,0.2,0.0,0.7250000000000003,0.7627906976744171,0.613953488372092,0.7069767441860452
0.4448484848484844,0.873046875,1.201171875,0.175,0.0,0.0,0.5000000000000001,0.12093023255813953,0.10232558139534884,0.26046511627906976,0.8250000000000004,0.2,0.0,0.7250000000000003,0.7627906976744171,0.613953488372092,0.7162790697674405
0.4460606060606055,0.87548828125,1.2021484375,0.175,0.0,0.0,0.5000000000000001,0.12093023255813953,0.10232558139534884,0.26046511627906976,0.8250000000000004,0.2,0.0,0.7250000000000003,0.7627906976744171,0.613953488372092,0.7255813953488358
0.4472727272727267,0.8779296875,1.205078125,0.175,0.0,0.0,0.5000000000000001,0.12093023255813953,0.10232558139534884,0.26046511627906976,0.8250000000000004,0.2,0.0,0.7250000000000003,0.7627906976744171,0.613953488372092,0.7348837209302311
0.448484848484848,0.880859375,1.2080078125,0.19999999999999998,0.0,0.0,0.5000000000000001,0.12093023255813953,0.10232558139534884,0.26046511627906976,0.8250000000000004,0.2,0.0,0.7250000000000003,0.7627906976744171,0.613953488372092,0.7348837209302311
0.4496969696969692,0.88330078125,1.2109375,0.19999999999999998,0.0,0.0,0.5000000000000001,0.12093023255813953,0.10232558139534884,0.26046511627906976,0.8250000000000004,0.2,0.0,0.7500000000000003,0.7627906976744171,0.613953488372092,0.7348837209302311
0.4509090909090904,0.88623046875,1.2138671875,0.19999999999999998,0.0,0.0,0.5250000000000001,0.12093023255813953,0.10232558139534884,0.26046511627906976,0.8250000000000004,0.2,0.0,0.7500000000000003,0.7627906976744171,0.613953488372092,0.7348837209302311
0.4521212121212116,0.888671875,1.216796875,0.19999999999999998,0.0,0.0,0.5250000000000001,0.12093023255813953,0.11162790697674418,0.26046511627906976,0.8250000000000004,0.2,0.0,0.7500000000000003,0.7627906976744171,0.613953488372092,0.7348837209302311
0.4533333333333328,0.89111328125,1.2197265625,0.19999999999999998,0.0,0.0,0.5250000000000001,0.12093023255813953,0.11162790697674418,0.26046511627906976,0.8500000000000004,0.2,0.0,0.7500000000000003,0.7627906976744171,0.613953488372092,0.7348837209302311
0.45454545454545403,0.8935546875,1.22265625,0.19999999999999998,0.0,0.0,0.5250000000000001,0.12093023255813953,0.11162790697674418,0.26046511627906976,0.8500000000000004,0.2,0.0,0.7500000000000003,0.7627906976744171,0.613953488372092,0.7441860465116265
0.45575757575757525,0.896484375,1.2255859375,0.19999999999999998,0.0,0.0,0.5500000000000002,0.12093023255813953,0.11162790697674418,0.26046511627906976,0.8500000000000004,0.2,0.0,0.7500000000000003,0.7627906976744171,0.613953488372092,0.7441860465116265
0.45696969696969647,0.89892578125,1.228515625,0.19999999999999998,0.0,0.0,0.5500000000000002,0.12093023255813953,0.11162790697674418,0.26046511627906976,0.8500000000000004,0.2,0.0,0.7500000000000003,0.7627906976744171,0.613953488372092,0.7534883720930218
0.45818181818181763,0.90185546875,1.2314453125,0.19999999999999998,0.0,0.0,0.5500000000000002,0.13023255813953488,0.11162790697674418,0.26046511627906976,0.8500000000000004,0.2,0.0,0.7500000000000003,0.7627906976744171,0.613953488372092,0.7534883720930218
0.45939393939393897,0.904296875,1.2333984375,0.19999999999999998,0.0,0.0,0.5500000000000002,0.13023255813953488,0.12093023255813953,0.26046511627906976,0.8500000000000004,0.2,0.0,0.7500000000000003,0.7627906976744171,0.613953488372092,0.7534883720930218
0.4606060606060601,0.9072265625,1.236328125,0.19999999999999998,0.0,0.0,0.5500000000000002,0.13953488372093023,0.12093023255813953,0.26046511627906976,0.8500000000000004,0.2,0.0,0.7500000000000003,0.7627906976744171,0.613953488372092,0.7534883720930218
0.46181818181818124,0.90966796875,1.23828125,0.19999999999999998,0.0,0.0,0.5500000000000002,0.13953488372093023,0.12093023255813953,0.26046511627906976,0.8500000000000004,0.2,0.0,0.7500000000000003,0.7720930232558124,0.613953488372092,0.7534883720930218
0.46303030303030257,0.912109375,1.2412109375,0.19999999999999998,0.0,0.0,0.5500000000000002,0.13953488372093023,0.12093023255813953,0.26046511627906976,0.8500000000000004,0.2,0.0,0.7500000000000003,0.7813953488372077,0.613953488372092,0.7534883720930218
0.4642424242424237,0.9150390625,1.244140625,0.19999999999999998,0.0,0.0,0.5500000000000002,0.14883720930232558,0.12093023255813953,0.26046511627906976,0.8500000000000004,0.2,0.0,0.7500000000000003,0.7813953488372077,0.613953488372092,0.7534883720930218
0.4654545454545449,0.91748046875,1.2470703125,0.19999999999999998,0.0,0.0,0.5500000000000002,0.14883720930232558,0.12093023255813953,0.26046511627906976,0.8500000000000004,0.2,0.0,0.7500000000000003,0.7813953488372077,0.613953488372092,0.7627906976744171
0.4666666666666662,0.92041015625,1.25,0.19999999999999998,0.0,0.0,0.5500000000000002,0.15813953488372093,0.12093023255813953,0.26046511627906976,0.8500000000000004,0.2,0.0,0.7500000000000003,0.7813953488372077,0.613953488372092,0.7627906976744171
0.4678787878787874,0.9228515625,1.2529296875,0.19999999999999998,0.0,0.0,0.5500000000000002,0.15813953488372093,0.12093023255813953,0.26046511627906976,0.8500000000000004,0.2,0.0,0.7500000000000003,0.7813953488372077,0.6232558139534873,0.7627906976744171
0.4690909090909086,0.92529296875,1.255859375,0.19999999999999998,0.0,0.0,0.5500000000000002,0.15813953488372093,0.12093023255813953,0.26046511627906976,0.8500000000000004,0.2,0.0,0.7500000000000003,0.7813953488372077,0.6325581395348826,0.7627906976744171
0.4703030303030298,0.927734375,1.2587890625,0.19999999999999998,0.0,0.0,0.5500000000000002,0.15813953488372093,0.12093023255813953,0.2697674418604651,0.8500000000000004,0.2,0.0,0.7500000000000003,0.7813953488372077,0.6325581395348826,0.7627906976744171
0.471515151515151,0.93017578125,1.2607421875,0.19999999999999998,0.0,0.0,0.5500000000000002,0.15813953488372093,0.12093023255813953,0.2697674418604651,0.8500000000000004,0.2,0.0,0.7500000000000003,0.7813953488372077,0.6418604651162779,0.7627906976744171
0.4727272727272722,0.9326171875,1.263671875,0.19999999999999998,0.0,0.0,0.5500000000000002,0.15813953488372093,0.12093023255813953,0.2790697674418604,0.8500000000000004,0.2,0.0,0.7500000000000003,0.7813953488372077,0.6418604651162779,0.7627906976744171
0.4739393939393933,0.93505859375,1.265625,0.19999999999999998,0.0,0.0,0.5500000000000002,0.15813953488372093,0.12093023255813953,0.2790697674418604,0.8500000000000004,0.2,0.0,0.7500000000000003,0.7813953488372077,0.6511627906976732,0.7627906976744171
0.4751515151515146,0.9375,1.2685546875,0.19999999999999998,0.0,0.0,0.5500000000000002,0.15813953488372093,0.12093023255813953,0.2790697674418604,0.8500000000000004,0.2,0.0,0.7500000000000003,0.7813953488372077,0.6604651162790686,0.7627906976744171
0.4763636363636358,0.9404296875,1.271484375,0.22499999999999998,0.0,0.0,0.5500000000000002,0.15813953488372093,0.12093023255813953,0.2790697674418604,0.8500000000000004,0.2,0.0,0.7500000000000003,0.7813953488372077,0.6604651162790686,0.7627906976744171
0.47757575757575704,0.943359375,1.2744140625,0.22499999999999998,0.0,0.0,0.5500000000000002,0.15813953488372093,0.13023255813953488,0.2790697674418604,0.8500000000000004,0.2,0.0,0.7500000000000003,0.7813953488372077,0.6604651162790686,0.7627906976744171
0.47878787878787826,0.94580078125,1.27734375,0.22499999999999998,0.0,0.0,0.5500000000000002,0.15813953488372093,0.13023255813953488,0.2883720930232557,0.8500000000000004,0.2,0.0,0.7500000000000003,0.7813953488372077,0.6604651162790686,0.7627906976744171
0.4799999999999995,0.94873046875,1.2802734375,0.24999999999999997,0.0,0.0,0.5500000000000002,0.15813953488372093,0.13023255813953488,0.2883720930232557,0.8500000000000004,0.2,0.0,0.7500000000000003,0.7813953488372077,0.6604651162790686,0.7627906976744171
0.48121212121212065,0.95166015625,1.283203125,0.24999999999999997,0.0,0.0,0.5500000000000002,0.15813953488372093,0.13953488372093023,0.2883720930232557,0.8500000000000004,0.2,0.0,0.7500000000000003,0.7813953488372077,0.6604651162790686,0.7627906976744171
0.48242424242424187,0.9541015625,1.28515625,0.24999999999999997,0.0,0.0,0.5500000000000002,0.15813953488372093,0.13953488372093023,0.2883720930232557,0.8500000000000004,0.2,0.0,0.7500000000000003,0.7813953488372077,0.6604651162790686,0.7720930232558124
0.4836363636363631,0.95703125,1.2890625,0.24999999999999997,0.0,0.0,0.5750000000000002,0.15813953488372093,0.13953488372093023,0.2883720930232557,0.8500000000000004,0.2,0.0,0.7500000000000003,0.7813953488372077,0.6604651162790686,0.7720930232558124
0.4848484848484843,0.9599609375,1.291015625,0.24999999999999997,0.0,0.0,0.5750000000000002,0.16744186046511628,0.13953488372093023,0.2883720930232557,0.8500000000000004,0.2,0.0,0.7500000000000003,0.7813953488372077,0.6604651162790686,0.7720930232558124
0.4860606060606056,0.96240234375,1.2939453125,0.24999999999999997,0.0,0.0,0.5750000000000002,0.16744186046511628,0.13953488372093023,0.2883720930232557,0.8500000000000004,0.2,0.0,0.7500000000000003,0.7813953488372077,0.6697674418604639,0.7720930232558124
0.4872727272727268,0.96484375,1.2958984375,0.24999999999999997,0.0,0.0,0.5750000000000002,0.16744186046511628,0.13953488372093023,0.2883720930232557,0.8500000000000004,0.2,0.0,0.7500000000000003,0.7813953488372077,0.6790697674418592,0.7720930232558124
0.4884848484848479,0.96728515625,1.298828125,0.24999999999999997,0.0,0.0,0.5750000000000002,0.16744186046511628,0.13953488372093023,0.2883720930232557,0.8750000000000004,0.2,0.0,0.7500000000000003,0.7813953488372077,0.6790697674418592,0.7720930232558124
0.4896969696969691,0.9697265625,1.3017578125,0.24999999999999997,0.0,0.0,0.5750000000000002,0.16744186046511628,0.13953488372093023,0.2883720930232557,0.8750000000000004,0.2,0.0,0.7500000000000003,0.7813953488372077,0.6883720930232545,0.7720930232558124
0.4909090909090903,0.97265625,1.3046875,0.24999999999999997,0.0,0.0,0.5750000000000002,0.17674418604651163,0.13953488372093023,0.2883720930232557,0.8750000000000004,0.2,0.0,0.7500000000000003,0.7813953488372077,0.6883720930232545,0.7720930232558124
0.4921212121212115,0.9755859375,1.3076171875,0.24999999999999997,0.0,0.0,0.5750000000000002,0.17674418604651163,0.14883720930232558,0.2883720930232557,0.8750000000000004,0.2,0.0,0.7500000000000003,0.7813953488372077,0.6883720930232545,0.7720930232558124
0.4933333333333328,0.97802734375,1.3095703125,0.24999999999999997,0.0,0.0,0.5750000000000002,0.17674418604651163,0.14883720930232558,0.2883720930232557,0.8750000000000004,0.2,0.0,0.7500000000000003,0.7813953488372077,0.6883720930232545,0.7813953488372077
0.494545454545454,0.98046875,1.3134765625,0.24999999999999997,0.0,0.0,0.5750000000000002,0.17674418604651163,0.14883720930232558,0.2883720930232557,0.8750000000000004,0.2,0.0,0.7500000000000003,0.7813953488372077,0.6883720930232545,0.7906976744186031
0.4957575757575751,0.9833984375,1.31640625,0.24999999999999997,0.0,0.0,0.5750000000000002,0.17674418604651163,0.15813953488372093,0.2883720930232557,0.8750000000000004,0.2,0.0,0.7500000000000003,0.7813953488372077,0.6883720930232545,0.7906976744186031
0.49696969696969645,0.98583984375,1.318359375,0.24999999999999997,0.0,0.0,0.5750000000000002,0.17674418604651163,0.15813953488372093,0.2883720930232557,0.8750000000000004,0.2,0.0,0.7750000000000004,0.7813953488372077,0.6883720930232545,0.7906976744186031
0.4981818181818176,0.98828125,1.3212890625,0.24999999999999997,0.0,0.0,0.5750000000000002,0.17674418604651163,0.15813953488372093,0.2883720930232557,0.8750000000000004,0.2,0.0,0.7750000000000004,0.7906976744186031,0.6883720930232545,0.7906976744186031
0.4993939393939387,0.99072265625,1.32421875,0.24999999999999997,0.0,0.0,0.5750000000000002,0.17674418604651163,0.15813953488372093,0.2883720930232557,0.8750000000000004,0.2,0.0,0.7750000000000004,0.7999999999999984,0.6883720930232545,0.7906976744186031
0.50060606060606,0.9931640625,1.3271484375,0.24999999999999997,0.0,0.0,0.5750000000000002,0.17674418604651163,0.15813953488372093,0.2883720930232557,0.8750000000000004,0.2,0.0,0.7750000000000004,0.8093023255813937,0.6883720930232545,0.7906976744186031
0.5018181818181812,0.99560546875,1.330078125,0.24999999999999997,0.0,0.0,0.5750000000000002,0.17674418604651163,0.15813953488372093,0.2883720930232557,0.8750000000000004,0.2,0.0,0.7750000000000004,0.818604651162789,0.6883720930232545,0.7906976744186031
0.5030303030303024,0.998046875,1.33203125,0.24999999999999997,0.0,0.0,0.5750000000000002,0.17674418604651163,0.15813953488372093,0.2883720930232557,0.8750000000000004,0.2,0.0,0.7750000000000004,0.818604651162789,0.6883720930232545,0.7999999999999984
0.5042424242424236,1.0009765625,1.3359375,0.24999999999999997,0.0,0.0,0.6000000000000002,0.17674418604651163,0.15813953488372093,0.2883720930232557,0.8750000000000004,0.2,0.0,0.7750000000000004,0.818604651162789,0.6883720930232545,0.7999999999999984
0.5054545454545448,1.00390625,1.337890625,0.24999999999999997,0.0,0.0,0.6000000000000002,0.18604651162790697,0.15813953488372093,0.2883720930232557,0.8750000000000004,0.2,0.0,0.7750000000000004,0.818604651162789,0.6883720930232545,0.7999999999999984
0.506666666666666,1.0068359375,1.3408203125,0.24999999999999997,0.0,0.0,0.6000000000000002,0.19534883720930232,0.15813953488372093,0.2883720930232557,0.8750000000000004,0.2,0.0,0.7750000000000004,0.818604651162789,0.6883720930232545,0.7999999999999984
0.5078787878787873,1.009765625,1.3427734375,0.24999999999999997,0.0,0.0,0.6000000000000002,0.19534883720930232,0.16744186046511628,0.2883720930232557,0.8750000000000004,0.2,0.0,0.7750000000000004,0.818604651162789,0.6883720930232545,0.7999999999999984
0.5090909090909085,1.0126953125,1.345703125,0.24999999999999997,0.0,0.0,0.6000000000000002,0.19534883720930232,0.17674418604651163,0.2883720930232557,0.8750000000000004,0.2,0.0,0.7750000000000004,0.818604651162789,0.6883720930232545,0.7999999999999984
0.5103030303030297,1.015625,1.3486328125,0.24999999999999997,0.0,0.0,0.6000000000000002,0.19534883720930232,0.17674418604651163,0.29767441860465105,0.8750000000000004,0.2,0.0,0.7750000000000004,0.818604651162789,0.6883720930232545,0.7999999999999984
0.5115151515151509,1.0185546875,1.3515625,0.24999999999999997,0.0,0.0,0.6000000000000002,0.20465116279069767,0.17674418604651163,0.29767441860465105,0.8750000000000004,0.2,0.0,0.7750000000000004,0.818604651162789,0.6883720930232545,0.7999999999999984
0.5127272727272721,1.021484375,1.3525390625,0.24999999999999997,0.0,0.0,0.6000000000000002,0.20465116279069767,0.18604651162790697,0.29767441860465105,0.8750000000000004,0.2,0.0,0.7750000000000004,0.818604651162789,0.6883720930232545,0.7999999999999984
0.5139393939393934,1.0244140625,1.35546875,0.24999999999999997,0.0,0.0,0.6000000000000002,0.20465116279069767,0.18604651162790697,0.30697674418604637,0.8750000000000004,0.2,0.0,0.7750000000000004,0.818604651162789,0.6883720930232545,0.7999999999999984
0.5151515151515146,1.0263671875,1.3583984375,0.24999999999999997,0.0,0.0,0.6000000000000002,0.20465116279069767,0.18604651162790697,0.30697674418604637,0.8750000000000004,0.2,0.0,0.7750000000000004,0.818604651162789,0.6883720930232545,0.8093023255813937
0.5163636363636358,1.029296875,1.3603515625,0.24999999999999997,0.0,0.0,0.6000000000000002,0.20465116279069767,0.18604651162790697,0.3162790697674417,0.8750000000000004,0.2,0.0,0.7750000000000004,0.818604651162789,0.6883720930232545,0.8093023255813937
0.517575757575757,1.0322265625,1.36328125,0.24999999999999997,0.0,0.0,0.6000000000000002,0.20465116279069767,0.18604651162790697,0.325581395348837,0.8750000000000004,0.2,0.0,0.7750000000000004,0.818604651162789,0.6883720930232545,0.8093023255813937
0.5187878787878781,1.03515625,1.3662109375,0.27499999999999997,0.0,0.0,0.6000000000000002,0.20465116279069767,0.18604651162790697,0.325581395348837,0.8750000000000004,0.2,0.0,0.7750000000000004,0.818604651162789,0.6883720930232545,0.8093023255813937
0.5199999999999994,1.0380859375,1.369140625,0.27499999999999997,0.0,0.0,0.6000000000000002,0.20465116279069767,0.18604651162790697,0.33488372093023233,0.8750000000000004,0.2,0.0,0.7750000000000004,0.818604651162789,0.6883720930232545,0.8093023255813937
0.5212121212121206,1.041015625,1.3720703125,0.27499999999999997,0.0,0.0,0.6000000000000002,0.20465116279069767,0.18604651162790697,0.34418604651162765,0.8750000000000004,0.2,0.0,0.7750000000000004,0.818604651162789,0.6883720930232545,0.8093023255813937
0.5224242424242418,1.0439453125,1.3740234375,0.27499999999999997,0.0,0.0,0.6000000000000002,0.20465116279069767,0.18604651162790697,0.353488372093023,0.8750000000000004,0.2,0.0,0.7750000000000004,0.818604651162789,0.6883720930232545,0.8093023255813937
0.523636363636363,1.046875,1.376953125,0.27499999999999997,0.0,0.0,0.6250000000000002,0.20465116279069767,0.18604651162790697,0.353488372093023,0.8750000000000004,0.2,0.0,0.7750000000000004,0.818604651162789,0.6883720930232545,0.8093023255813937
0.5248484848484842,1.0498046875,1.37890625,0.27499999999999997,0.0,0.0,0.6250000000000002,0.20465116279069767,0.18604651162790697,0.3627906976744183,0.8750000000000004,0.2,0.0,0.7750000000000004,0.818604651162789,0.6883720930232545,0.8093023255813937
0.5260606060606055,1.052734375,1.3828125,0.27499999999999997,0.0,0.0,0.6250000000000002,0.20465116279069767,0.18604651162790697,0.3627906976744183,0.9000000000000005,0.2,0.0,0.7750000000000004,0.818604651162789,0.6883720930232545,0.8093023255813937
0.5272727272727267,1.0556640625,1.384765625,0.27499999999999997,0.0,0.0,0.6250000000000002,0.20465116279069767,0.18604651162790697,0.3627906976744183,0.9000000000000005,0.2,0.0,0.8000000000000004,0.818604651162789,0.6883720930232545,0.8093023255813937
0.5284848484848478,1.05859375,1.3876953125,0.27499999999999997,0.0,0.0,0.6250000000000002,0.20465116279069767,0.19534883720930232,0.3627906976744183,0.9000000000000005,0.2,0.0,0.8000000000000004,0.818604651162789,0.6883720930232545,0.8093023255813937
0.529696969696969,1.0615234375,1.390625,0.27499999999999997,0.0,0.0,0.6250000000000002,0.20465116279069767,0.20465116279069767,0.3627906976744183,0.9000000000000005,0.2,0.0,0.8000000000000004,0.818604651162789,0.6883720930232545,0.8093023255813937
0.5309090909090902,1.064453125,1.392578125,0.27499999999999997,0.0,0.0,0.6250000000000002,0.20465116279069767,0.20465116279069767,0.3627906976744183,0.9000000000000005,0.2,0.0,0.8000000000000004,0.8279069767441843,0.6883720930232545,0.8093023255813937
0.5321212121212116,1.06640625,1.3955078125,0.27499999999999997,0.0,0.0,0.6250000000000002,0.20465116279069767,0.20465116279069767,0.3627906976744183,0.9000000000000005,0.2,0.0,0.8000000000000004,0.8372093023255797,0.6883720930232545,0.8093023255813937
0.5333333333333328,1.0693359375,1.3974609375,0.27499999999999997,0.0,0.0,0.6250000000000002,0.20465116279069767,0.20465116279069767,0.3627906976744183,0.9000000000000005,0.2,0.0,0.8000000000000004,0.846511627906975,0.6883720930232545,0.8093023255813937
0.534545454545454,1.072265625,1.4013671875,0.27499999999999997,0.0,0.0,0.6250000000000002,0.21395348837209302,0.20465116279069767,0.3627906976744183,0.9000000000000005,0.2,0.0,0.8000000000000004,0.846511627906975,0.6883720930232545,0.8093023255813937
0.5357575757575752,1.0751953125,1.4033203125,0.27499999999999997,0.0,0.0,0.6250000000000002,0.21395348837209302,0.20465116279069767,0.3627906976744183,0.9000000000000005,0.2,0.0,0.8000000000000004,0.8558139534883703,0.6883720930232545,0.8093023255813937
0.5369696969696964,1.0771484375,1.40625,0.27499999999999997,0.0,0.0,0.6250000000000002,0.21395348837209302,0.20465116279069767,0.3627906976744183,0.9000000000000005,0.2,0.0,0.8000000000000004,0.8558139534883703,0.6883720930232545,0.818604651162789
0.5381818181818175,1.080078125,1.408203125,0.27499999999999997,0.0,0.0,0.6250000000000002,0.21395348837209302,0.20465116279069767,0.3627906976744183,0.9000000000000005,0.2,0.0,0.8000000000000004,0.8651162790697656,0.6883720930232545,0.818604651162789
0.5393939393939388,1.08203125,1.4111328125,0.27499999999999997,0.0,0.0,0.6250000000000002,0.21395348837209302,0.20465116279069767,0.3627906976744183,0.9000000000000005,0.2,0.0,0.8000000000000004,0.8651162790697656,0.6883720930232545,0.8279069767441843
0.54060606060606,1.0849609375,1.4140625,0.27499999999999997,0.0,0.0,0.6250000000000002,0.21395348837209302,0.20465116279069767,0.3627906976744183,0.9000000000000005,0.2,0.0,0.8000000000000004,0.874418604651161,0.6883720930232545,0.8279069767441843
0.5418181818181812,1.087890625,1.416015625,0.27499999999999997,0.0,0.0,0.6250000000000002,0.22325581395348837,0.20465116279069767,0.3627906976744183,0.9000000000000005,0.2,0.0,0.8000000000000004,0.874418604651161,0.6883720930232545,0.8279069767441843
0.5430303030303023,1.0908203125,1.4189453125,0.27499999999999997,0.0,0.0,0.6250000000000002,0.22325581395348837,0.20465116279069767,0.3627906976744183,0.9000000000000005,0.2,0.0,0.8000000000000004,0.8837209302325563,0.6883720930232545,0.8279069767441843
0.5442424242424236,1.09375,1.4208984375,0.27499999999999997,0.0,0.0,0.6250000000000002,0.22325581395348837,0.21395348837209302,0.3627906976744183,0.9000000000000005,0.2,0.0,0.8000000000000004,0.8837209302325563,0.6883720930232545,0.8279069767441843
0.5454545454545447,1.0966796875,1.423828125,0.27499999999999997,0.0,0.0,0.6250000000000002,0.22325581395348837,0.22325581395348837,0.3627906976744183,0.9000000000000005,0.2,0.0,0.8000000000000004,0.8837209302325563,0.6883720930232545,0.8279069767441843
0.5466666666666661,1.099609375,1.4267578125,0.27499999999999997,0.0,0.0,0.6250000000000002,0.22325581395348837,0.22325581395348837,0.3627906976744183,0.9000000000000005,0.2,0.0,0.8000000000000004,0.8930232558139516,0.6883720930232545,0.8279069767441843
0.5478787878787872,1.1025390625,1.4296875,0.3,0.0,0.0,0.6250000000000002,0.22325581395348837,0.22325581395348837,0.3627906976744183,0.9000000000000005,0.2,0.0,0.8000000000000004,0.8930232558139516,0.6883720930232545,0.8279069767441843
0.5490909090909085,1.10546875,1.431640625,0.3,0.0,0.0,0.6250000000000002,0.22325581395348837,0.22325581395348837,0.3627906976744183,0.9000000000000005,0.2,0.0,0.8000000000000004,0.8930232558139516,0.6976744186046498,0.8279069767441843
0.5503030303030296,1.107421875,1.4345703125,0.3,0.0,0.0,0.6250000000000002,0.22325581395348837,0.22325581395348837,0.3627906976744183,0.9000000000000005,0.2,0.0,0.8000000000000004,0.8930232558139516,0.7069767441860452,0.8279069767441843
0.5515151515151508,1.109375,1.4365234375,0.3,0.0,0.0,0.6250000000000002,0.22325581395348837,0.22325581395348837,0.3627906976744183,0.9000000000000005,0.2,0.0,0.8000000000000004,0.8930232558139516,0.7162790697674405,0.8279069767441843
0.5527272727272722,1.1123046875,1.439453125,0.3,0.0,0.0,0.6250000000000002,0.23255813953488372,0.22325581395348837,0.3627906976744183,0.9000000000000005,0.2,0.0,0.8000000000000004,0.8930232558139516,0.7162790697674405,0.8279069767441843
0.5539393939393933,1.115234375,1.4423828125,0.3,0.0,0.0,0.6250000000000002,0.23255813953488372,0.22325581395348837,0.3627906976744183,0.9000000000000005,0.2,0.0,0.8000000000000004,0.8930232558139516,0.7255813953488358,0.8279069767441843
0.5551515151515146,1.1171875,1.4453125,0.3,0.0,0.0,0.6250000000000002,0.23255813953488372,0.22325581395348837,0.3627906976744183,0.9000000000000005,0.2,0.0,0.8000000000000004,0.8930232558139516,0.7348837209302311,0.8279069767441843
0.5563636363636357,1.1201171875,1.447265625,0.3,0.0,0.0,0.6500000000000002,0.23255813953488372,0.22325581395348837,0.3627906976744183,0.9000000000000005,0.2,0.0,0.8000000000000004,0.8930232558139516,0.7348837209302311,0.8279069767441843
0.5575757575757568,1.123046875,1.4501953125,0.3,0.0,0.0,0.6500000000000002,0.23255813953488372,0.22325581395348837,0.3720930232558136,0.9000000000000005,0.2,0.0,0.8000000000000004,0.8930232558139516,0.7348837209302311,0.8279069767441843
0.5587878787878782,1.1259765625,1.4521484375,0.3,0.0,0.0,0.6500000000000002,0.23255813953488372,0.22325581395348837,0.38139534883720894,0.9000000000000005,0.2,0.0,0.8000000000000004,0.8930232558139516,0.7348837209302311,0.8279069767441843
0.5599999999999994,1.12890625,1.455078125,0.3,0.0,0.0,0.6500000000000002,0.23255813953488372,0.22325581395348837,0.38139534883720894,0.9000000000000005,0.2,0.0,0.8000000000000004,0.9023255813953469,0.7348837209302311,0.8279069767441843
0.5612121212121205,1.1318359375,1.45703125,0.3,0.0,0.0,0.6500000000000002,0.23255813953488372,0.22325581395348837,0.38139534883720894,0.9000000000000005,0.2,0.0,0.8000000000000004,0.9116279069767422,0.7348837209302311,0.8279069767441843
0.5624242424242418,1.134765625,1.4599609375,0.3,0.0,0.0,0.6500000000000002,0.23255813953488372,0.22325581395348837,0.38139534883720894,0.9000000000000005,0.2,0.0,0.8000000000000004,0.9116279069767422,0.7441860465116265,0.8279069767441843
0.5636363636363629,1.13671875,1.462890625,0.3,0.0,0.0,0.6500000000000002,0.23255813953488372,0.22325581395348837,0.38139534883720894,0.9000000000000005,0.2,0.0,0.8000000000000004,0.9116279069767422,0.7534883720930218,0.8279069767441843
0.5648484848484843,1.138671875,1.46484375,0.3,0.0,0.0,0.6500000000000002,0.23255813953488372,0.22325581395348837,0.38139534883720894,0.9000000000000005,0.2,0.0,0.8000000000000004,0.9116279069767422,0.7627906976744171,0.8279069767441843
0.5660606060606054,1.1416015625,1.4677734375,0.3,0.0,0.0,0.6500000000000002,0.23255813953488372,0.22325581395348837,0.38139534883720894,0.9000000000000005,0.2,0.0,0.8000000000000004,0.9116279069767422,0.7720930232558124,0.8279069767441843
0.5672727272727266,1.1435546875,1.470703125,0.3,0.0,0.0,0.6500000000000002,0.23255813953488372,0.22325581395348837,0.38139534883720894,0.9000000000000005,0.2,0.0,0.8000000000000004,0.9116279069767422,0.7813953488372077,0.8279069767441843
0.5684848484848478,1.146484375,1.47265625,0.3,0.0,0.0,0.6500000000000002,0.23255813953488372,0.22325581395348837,0.38139534883720894,0.9000000000000005,0.2,0.0,0.8000000000000004,0.9116279069767422,0.7906976744186031,0.8279069767441843
0.569696969696969,1.1484375,1.4755859375,0.3,0.0,0.0,0.6500000000000002,0.23255813953488372,0.22325581395348837,0.38139534883720894,0.9000000000000005,0.2,0.0,0.8000000000000004,0.9116279069767422,0.7906976744186031,0.8372093023255797
0.5709090909090904,1.1513671875,1.4775390625,0.3,0.0,0.0,0.6500000000000002,0.24186046511627907,0.22325581395348837,0.38139534883720894,0.9000000000000005,0.2,0.0,0.8000000000000004,0.9116279069767422,0.7906976744186031,0.8372093023255797
0.5721212121212115,1.154296875,1.48046875,0.3,0.0,0.0,0.6500000000000002,0.24186046511627907,0.23255813953488372,0.38139534883720894,0.9000000000000005,0.2,0.0,0.8000000000000004,0.9116279069767422,0.7906976744186031,0.8372093023255797
0.5733333333333326,1.1572265625,1.482421875,0.3,0.0,0.0,0.6500000000000002,0.24186046511627907,0.23255813953488372,0.38139534883720894,0.9000000000000005,0.2,0.0,0.8000000000000004,0.9116279069767422,0.7999999999999984,0.8372093023255797
0.5745454545454538,1.1591796875,1.4853515625,0.3,0.0,0.0,0.6500000000000002,0.24186046511627907,0.23255813953488372,0.38139534883720894,0.9000000000000005,0.2,0.0,0.8000000000000004,0.9116279069767422,0.7999999999999984,0.846511627906975
0.575757575757575,1.1611328125,1.4873046875,0.3,0.0,0.0,0.6500000000000002,0.24186046511627907,0.23255813953488372,0.38139534883720894,0.9000000000000005,0.2,0.0,0.8000000000000004,0.9116279069767422,0.7999999999999984,0.8558139534883703
0.5769696969696962,1.1640625,1.490234375,0.3,0.0,0.0,0.6500000000000002,0.24186046511627907,0.23255813953488372,0.38139534883720894,0.9000000000000005,0.2,0.0,0.8250000000000004,0.9116279069767422,0.7999999999999984,0.8558139534883703
0.5781818181818175,1.1669921875,1.4921875,0.3,0.0,0.0,0.6500000000000002,0.24186046511627907,0.23255813953488372,0.38139534883720894,0.9000000000000005,0.2,0.0,0.8250000000000004,0.9209302325581376,0.7999999999999984,0.8558139534883703
0.5793939393939387,1.169921875,1.494140625,0.3,0.0,0.0,0.6500000000000002,0.24186046511627907,0.23255813953488372,0.38139534883720894,0.9000000000000005,0.2,0.0,0.8250000000000004,0.9302325581395329,0.7999999999999984,0.8558139534883703
0.5806060606060599,1.1728515625,1.4970703125,0.3,0.0,0.0,0.6500000000000002,0.24186046511627907,0.23255813953488372,0.38139534883720894,0.9000000000000005,0.2,0.0,0.8250000000000004,0.9302325581395329,0.8093023255813937,0.8558139534883703
0.5818181818181811,1.1748046875,1.5,0.3,0.0,0.0,0.6500000000000002,0.24186046511627907,0.23255813953488372,0.38139534883720894,0.9000000000000005,0.2,0.0,0.8250000000000004,0.9302325581395329,0.818604651162789,0.8558139534883703
0.5830303030303023,1.177734375,1.501953125,0.3,0.0,0.0,0.6500000000000002,0.25116279069767444,0.23255813953488372,0.38139534883720894,0.9000000000000005,0.2,0.0,0.8250000000000004,0.9302325581395329,0.818604651162789,0.8558139534883703
0.5842424242424236,1.1806640625,1.5048828125,0.3,0.0,0.0,0.6500000000000002,0.25116279069767444,0.24186046511627907,0.38139534883720894,0.9000000000000005,0.2,0.0,0.8250000000000004,0.9302325581395329,0.818604651162789,0.8558139534883703
0.5854545454545448,1.18359375,1.5068359375,0.3,0.0,0.0,0.6500000000000002,0.25116279069767444,0.25116279069767444,0.38139534883720894,0.9000000000000005,0.2,0.0,0.8250000000000004,0.9302325581395329,0.818604651162789,0.8558139534883703
0.586666666666666,1.1865234375,1.509765625,0.3,0.0,0.0,0.6500000000000002,0.25116279069767444,0.25116279069767444,0.39069767441860426,0.9000000000000005,0.2,0.0,0.8250000000000004,0.9302325581395329,0.818604651162789,0.8558139534883703
0.5878787878787872,1.189453125,1.51171875,0.3,0.0,0.0,0.6500000000000002,0.25116279069767444,0.25116279069767444,0.39069767441860426,0.9000000000000005,0.2,0.0,0.8250000000000004,0.9302325581395329,0.8279069767441843,0.8558139534883703
0.5890909090909084,1.19140625,1.5146484375,0.3,0.0,0.0,0.6500000000000002,0.25116279069767444,0.25116279069767444,0.39069767441860426,0.9000000000000005,0.2,0.0,0.8250000000000004,0.9302325581395329,0.8279069767441843,0.8651162790697656
0.5903030303030297,1.1943359375,1.5166015625,0.3,0.0,0.0,0.6500000000000002,0.26046511627906976,0.25116279069767444,0.39069767441860426,0.9000000000000005,0.2,0.0,0.8250000000000004,0.9302325581395329,0.8279069767441843,0.8651162790697656
0.5915151515151508,1.197265625,1.51953125,0.3,0.0,0.0,0.6500000000000002,0.2697674418604651,0.25116279069767444,0.39069767441860426,0.9000000000000005,0.2,0.0,0.8250000000000004,0.9302325581395329,0.8279069767441843,0.8651162790697656
0.5927272727272721,1.2001953125,1.521484375,0.3,0.0,0.0,0.6500000000000002,0.2697674418604651,0.25116279069767444,0.39069767441860426,0.9000000000000005,0.2,0.0,0.8250000000000004,0.9302325581395329,0.8372093023255797,0.8651162790697656
0.5939393939393932,1.2021484375,1.5244140625,0.3,0.0,0.0,0.6500000000000002,0.2697674418604651,0.25116279069767444,0.39069767441860426,0.9000000000000005,0.2,0.0,0.8250000000000004,0.9302325581395329,0.8372093023255797,0.874418604651161
0.5951515151515144,1.2041015625,1.5263671875,0.3,0.0,0.0,0.6500000000000002,0.2697674418604651,0.25116279069767444,0.39069767441860426,0.9000000000000005,0.2,0.0,0.8250000000000004,0.9302325581395329,0.8372093023255797,0.8837209302325563
0.5963636363636357,1.20703125,1.529296875,0.325,0.0,0.0,0.6500000000000002,0.2697674418604651,0.25116279069767444,0.39069767441860426,0.9000000000000005,0.2,0.0,0.8250000000000004,0.9302325581395329,0.8372093023255797,0.8837209302325563
0.5975757575757568,1.2099609375,1.53125,0.325,0.0,0.0,0.6500000000000002,0.2697674418604651,0.25116279069767444,0.39069767441860426,0.9000000000000005,0.2,0.0,0.8250000000000004,0.9395348837209282,0.8372093023255797,0.8837209302325563
0.5987878787878781,1.212890625,1.5341796875,0.325,0.0,0.0,0.6500000000000002,0.2697674418604651,0.26046511627906976,0.39069767441860426,0.9000000000000005,0.2,0.0,0.8250000000000004,0.9395348837209282,0.8372093023255797,0.8837209302325563
0.5999999999999992,1.2158203125,1.5361328125,0.325,0.0,0.0,0.6500000000000002,0.2697674418604651,0.2697674418604651,0.39069767441860426,0.9000000000000005,0.2,0.0,0.8250000000000004,0.9395348837209282,0.8372093023255797,0.8837209302325563
0.6012121212121205,1.21875,1.5380859375,0.325,0.0,0.0,0.6750000000000003,0.2697674418604651,0.2697674418604651,0.39069767441860426,0.9000000000000005,0.2,0.0,0.8250000000000004,0.9395348837209282,0.8372093023255797,0.8837209302325563
