Effective Sparsity,Activation Error,Baseline Error,q0,k0,v0,o0,gate0,up0,down0,q1,k1,v1,o1,gate1,up1,down1
0.0009615384615384615,0.0032520294189453125,0.018463134765625,0.0,0.0,0.0,0.0,0.0,0.0,0.0,0.0,0.0,0.0,0.0,0.007142857142857143,0.0,0.0
0.001923076923076923,0.004734039306640625,0.018463134765625,0.0,0.0,0.0,0.0,0.0,0.0,0.0,0.0,0.0,0.0,0.0,0.007142857142857143,0.007142857142857143,0.0
0.0028846153846153843,0.007053375244140625,0.018463134765625,0.0,0.0,0.0,0.0,0.0,0.0,0.0,0.0,0.0,0.0,0.0,0.007142857142857143,0.007142857142857143,0.007142857142857143
0.003846153846153846,0.00921630859375,0.018463134765625,0.0,0.0,0.0,0.0,0.007142857142857143,0.0,0.0,0.0,0.0,0.0,0.0,0.007142857142857143,0.007142857142857143,0.007142857142857143
0.004807692307692307,0.01111602783203125,0.018463134765625,0.0,0.0,0.0,0.0,0.007142857142857143,0.007142857142857143,0.0,0.0,0.0,0.0,0.0,0.007142857142857143,0.007142857142857143,0.007142857142857143
0.005769230769230769,0.01337432861328125,0.018463134765625,0.0,0.0,0.0,0.0,0.007142857142857143,0.007142857142857143,0.007142857142857143,0.0,0.0,0.0,0.0,0.007142857142857143,0.007142857142857143,0.007142857142857143
0.00673076923076923,0.0301055908203125,0.018463134765625,0.0,0.0,0.0,0.0,0.007142857142857143,0.007142857142857143,0.007142857142857143,0.0,0.0,0.0,0.025,0.007142857142857143,0.007142857142857143,0.007142857142857143
0.007692307692307692,0.041412353515625,0.018463134765625,0.0,0.0,0.0,0.0,0.007142857142857143,0.007142857142857143,0.007142857142857143,0.025,0.0,0.0,0.025,0.007142857142857143,0.007142857142857143,0.007142857142857143
0.008653846153846154,0.0518798828125,0.018463134765625,0.0,0.0,0.0,0.0,0.007142857142857143,0.007142857142857143,0.007142857142857143,0.025,0.0,0.0,0.05,0.007142857142857143,0.007142857142857143,0.007142857142857143
0.009615384615384614,0.062408447265625,0.018463134765625,0.0,0.0,0.0,0.0,0.007142857142857143,0.007142857142857143,0.007142857142857143,0.05,0.0,0.0,0.05,0.007142857142857143,0.007142857142857143,0.007142857142857143
0.010576923076923078,0.071533203125,0.1785888671875,0.0,0.0,0.0,0.0,0.007142857142857143,0.007142857142857143,0.007142857142857143,0.05,0.0,0.0,0.07500000000000001,0.007142857142857143,0.007142857142857143,0.007142857142857143
0.011538461538461543,0.0810546875,0.1888427734375,0.0,0.0,0.0,0.0,0.007142857142857143,0.007142857142857143,0.007142857142857143,0.07500000000000001,0.0,0.0,0.07500000000000001,0.007142857142857143,0.007142857142857143,0.007142857142857143
0.012500000000000002,0.08966064453125,0.1981201171875,0.0,0.0,0.0,0.0,0.007142857142857143,0.007142857142857143,0.007142857142857143,0.07500000000000001,0.0,0.0,0.1,0.007142857142857143,0.007142857142857143,0.007142857142857143
0.013461538461538466,0.09857177734375,0.2081298828125,0.0,0.0,0.0,0.025,0.007142857142857143,0.007142857142857143,0.007142857142857143,0.07500000000000001,0.0,0.0,0.1,0.007142857142857143,0.007142857142857143,0.007142857142857143
0.014423076923076927,0.10693359375,0.2174072265625,0.0,0.0,0.0,0.025,0.007142857142857143,0.007142857142857143,0.007142857142857143,0.1,0.0,0.0,0.1,0.007142857142857143,0.007142857142857143,0.007142857142857143
0.015384615384615387,0.11468505859375,0.2265625,0.0,0.0,0.0,0.025,0.007142857142857143,0.007142857142857143,0.007142857142857143,0.1,0.0,0.0,0.125,0.007142857142857143,0.007142857142857143,0.007142857142857143
0.016346153846153847,0.12286376953125,0.2357177734375,0.0,0.0,0.0,0.025,0.007142857142857143,0.007142857142857143,0.007142857142857143,0.125,0.0,0.0,0.125,0.007142857142857143,0.007142857142857143,0.007142857142857143
0.01730769230769231,0.130615234375,0.24462890625,0.0,0.0,0.0,0.025,0.007142857142857143,0.007142857142857143,0.007142857142857143,0.125,0.0,0.0,0.15,0.007142857142857143,0.007142857142857143,0.007142857142857143
0.018269230769230774,0.1387939453125,0.25341796875,0.0,0.0,0.0,0.025,0.007142857142857143,0.007142857142857143,0.007142857142857143,0.15,0.0,0.0,0.15,0.007142857142857143,0.007142857142857143,0.007142857142857143
0.019230769230769232,0.1466064453125,0.263671875,0.0,0.0,0.0,0.025,0.007142857142857143,0.007142857142857143,0.007142857142857143,0.15,0.0,0.0,0.175,0.007142857142857143,0.007142857142857143,0.007142857142857143
0.020192307692307693,0.154052734375,0.272216796875,0.0,0.0,0.0,0.025,0.007142857142857143,0.007142857142857143,0.007142857142857143,0.15,0.0,0.0,0.175,0.007142857142857143,0.007142857142857143,0.014285714285714285
0.021153846153846155,0.1595458984375,0.2802734375,0.0,0.0,0.0,0.025,0.007142857142857143,0.007142857142857143,0.007142857142857143,0.15,0.0,0.0,0.175,0.007142857142857143,0.007142857142857143,0.02142857142857143
0.022115384615384617,0.1656494140625,0.288330078125,0.0,0.0,0.0,0.025,0.007142857142857143,0.007142857142857143,0.007142857142857143,0.15,0.0,0.0,0.175,0.007142857142857143,0.007142857142857143,0.02857142857142857
0.02307692307692308,0.1722412109375,0.297119140625,0.0,0.0,0.0,0.025,0.007142857142857143,0.007142857142857143,0.007142857142857143,0.15,0.0,0.0,0.175,0.007142857142857143,0.007142857142857143,0.03571428571428571
0.02403846153846154,0.1790771484375,0.305419921875,0.0,0.0,0.0,0.025,0.007142857142857143,0.007142857142857143,0.007142857142857143,0.15,0.0,0.0,0.175,0.007142857142857143,0.007142857142857143,0.04285714285714286
0.025,0.1856689453125,0.313720703125,0.0,0.0,0.0,0.025,0.007142857142857143,0.007142857142857143,0.007142857142857143,0.175,0.0,0.0,0.175,0.007142857142857143,0.007142857142857143,0.04285714285714286
0.025961538461538463,0.1923828125,0.32177734375,0.0,0.0,0.0,0.05,0.007142857142857143,0.007142857142857143,0.007142857142857143,0.175,0.0,0.0,0.175,0.007142857142857143,0.007142857142857143,0.04285714285714286
0.02692307692307692,0.198974609375,0.3291015625,0.0,0.0,0.0,0.05,0.007142857142857143,0.007142857142857143,0.007142857142857143,0.19999999999999998,0.0,0.0,0.175,0.007142857142857143,0.007142857142857143,0.04285714285714286
0.027884615384615383,0.205322265625,0.336181640625,0.0,0.0,0.0,0.05,0.007142857142857143,0.007142857142857143,0.007142857142857143,0.19999999999999998,0.0,0.0,0.19999999999999998,0.007142857142857143,0.007142857142857143,0.04285714285714286
0.028846153846153848,0.2117919921875,0.34375,0.0,0.0,0.0,0.05,0.007142857142857143,0.007142857142857143,0.007142857142857143,0.19999999999999998,0.0,0.0,0.19999999999999998,0.007142857142857143,0.007142857142857143,0.05
0.029807692307692306,0.2181396484375,0.351806640625,0.0,0.0,0.0,0.05,0.007142857142857143,0.007142857142857143,0.007142857142857143,0.19999999999999998,0.0,0.0,0.19999999999999998,0.007142857142857143,0.007142857142857143,0.05714285714285715
0.03076923076923077,0.2244873046875,0.359375,0.025,0.0,0.0,0.05,0.007142857142857143,0.007142857142857143,0.007142857142857143,0.19999999999999998,0.0,0.0,0.19999999999999998,0.007142857142857143,0.007142857142857143,0.05714285714285715
0.03173076923076923,0.230712890625,0.3671875,0.025,0.0,0.0,0.05,0.007142857142857143,0.007142857142857143,0.007142857142857143,0.19999999999999998,0.0,0.0,0.22499999999999998,0.007142857142857143,0.007142857142857143,0.05714285714285715
0.032692307692307694,0.2369384765625,0.375732421875,0.025,0.0,0.0,0.05,0.007142857142857143,0.007142857142857143,0.007142857142857143,0.22499999999999998,0.0,0.0,0.22499999999999998,0.007142857142857143,0.007142857142857143,0.05714285714285715
0.03365384615384615,0.2432861328125,0.382568359375,0.025,0.0,0.0,0.05,0.007142857142857143,0.007142857142857143,0.007142857142857143,0.22499999999999998,0.0,0.0,0.22499999999999998,0.007142857142857143,0.007142857142857143,0.0642857142857143
0.03461538461538462,0.2496337890625,0.389892578125,0.025,0.0,0.0,0.07500000000000001,0.007142857142857143,0.007142857142857143,0.007142857142857143,0.22499999999999998,0.0,0.0,0.22499999999999998,0.007142857142857143,0.007142857142857143,0.0642857142857143
0.035576923076923075,0.255859375,0.397216796875,0.025,0.0,0.0,0.07500000000000001,0.007142857142857143,0.007142857142857143,0.007142857142857143,0.22499999999999998,0.0,0.0,0.22499999999999998,0.007142857142857143,0.007142857142857143,0.07142857142857144
0.036538461538461534,0.261962890625,0.403564453125,0.025,0.0,0.0,0.07500000000000001,0.007142857142857143,0.007142857142857143,0.007142857142857143,0.24999999999999997,0.0,0.0,0.22499999999999998,0.007142857142857143,0.007142857142857143,0.07142857142857144
0.037500000000000006,0.26806640625,0.41064453125,0.025,0.0,0.0,0.07500000000000001,0.007142857142857143,0.007142857142857143,0.007142857142857143,0.24999999999999997,0.0,0.0,0.24999999999999997,0.007142857142857143,0.007142857142857143,0.07142857142857144
0.038461538461538464,0.2744140625,0.41748046875,0.025,0.0,0.0,0.07500000000000001,0.007142857142857143,0.007142857142857143,0.007142857142857143,0.27499999999999997,0.0,0.0,0.24999999999999997,0.007142857142857143,0.007142857142857143,0.07142857142857144
0.03942307692307692,0.280517578125,0.424560546875,0.025,0.0,0.0,0.07500000000000001,0.007142857142857143,0.007142857142857143,0.007142857142857143,0.27499999999999997,0.0,0.0,0.24999999999999997,0.007142857142857143,0.007142857142857143,0.07857142857142858
0.04038461538461539,0.28662109375,0.431396484375,0.025,0.0,0.0,0.07500000000000001,0.007142857142857143,0.007142857142857143,0.007142857142857143,0.27499999999999997,0.0,0.0,0.24999999999999997,0.007142857142857143,0.014285714285714285,0.07857142857142858
0.041346153846153845,0.291015625,0.43798828125,0.025,0.0,0.0,0.07500000000000001,0.007142857142857143,0.007142857142857143,0.007142857142857143,0.27499999999999997,0.0,0.0,0.24999999999999997,0.007142857142857143,0.02142857142857143,0.07857142857142858
0.04230769230769231,0.2958984375,0.44580078125,0.025,0.0,0.0,0.07500000000000001,0.007142857142857143,0.007142857142857143,0.007142857142857143,0.27499999999999997,0.0,0.0,0.24999999999999997,0.007142857142857143,0.02857142857142857,0.07857142857142858
0.04326923076923077,0.301025390625,0.452392578125,0.025,0.0,0.0,0.07500000000000001,0.007142857142857143,0.007142857142857143,0.007142857142857143,0.27499999999999997,0.0,0.0,0.24999999999999997,0.007142857142857143,0.03571428571428571,0.07857142857142858
0.044230769230769226,0.306640625,0.4580078125,0.025,0.0,0.0,0.07500000000000001,0.007142857142857143,0.007142857142857143,0.007142857142857143,0.27499999999999997,0.0,0.0,0.24999999999999997,0.007142857142857143,0.04285714285714286,0.07857142857142858
0.045192307692307684,0.312255859375,0.464111328125,0.025,0.0,0.0,0.07500000000000001,0.007142857142857143,0.007142857142857143,0.007142857142857143,0.27499999999999997,0.0,0.0,0.27499999999999997,0.007142857142857143,0.04285714285714286,0.07857142857142858
0.04615384615384615,0.31787109375,0.470947265625,0.025,0.0,0.0,0.07500000000000001,0.007142857142857143,0.007142857142857143,0.007142857142857143,0.27499999999999997,0.0,0.0,0.27499999999999997,0.007142857142857143,0.05,0.07857142857142858
0.04711538461538462,0.323486328125,0.477783203125,0.025,0.0,0.0,0.07500000000000001,0.007142857142857143,0.007142857142857143,0.007142857142857143,0.27499999999999997,0.0,0.0,0.27499999999999997,0.007142857142857143,0.05,0.08571428571428573
0.04807692307692308,0.3291015625,0.484375,0.025,0.0,0.0,0.1,0.007142857142857143,0.007142857142857143,0.007142857142857143,0.27499999999999997,0.0,0.0,0.27499999999999997,0.007142857142857143,0.05,0.08571428571428573
0.04903846153846154,0.334716796875,0.4912109375,0.025,0.0,0.0,0.1,0.007142857142857143,0.007142857142857143,0.007142857142857143,0.3,0.0,0.0,0.27499999999999997,0.007142857142857143,0.05,0.08571428571428573
0.05,0.34033203125,0.497314453125,0.025,0.0,0.0,0.1,0.007142857142857143,0.007142857142857143,0.007142857142857143,0.3,0.0,0.0,0.27499999999999997,0.014285714285714285,0.05,0.08571428571428573
0.05096153846153846,0.34423828125,0.50390625,0.025,0.0,0.0,0.1,0.007142857142857143,0.007142857142857143,0.007142857142857143,0.3,0.0,0.0,0.27499999999999997,0.02142857142857143,0.05,0.08571428571428573
0.05192307692307692,0.3486328125,0.51025390625,0.025,0.0,0.0,0.1,0.007142857142857143,0.007142857142857143,0.007142857142857143,0.3,0.0,0.0,0.27499999999999997,0.02857142857142857,0.05,0.08571428571428573
0.052884615384615384,0.353515625,0.5166015625,0.025,0.0,0.0,0.1,0.007142857142857143,0.007142857142857143,0.007142857142857143,0.3,0.0,0.0,0.27499999999999997,0.03571428571428571,0.05,0.08571428571428573
0.05384615384615384,0.358154296875,0.5234375,0.025,0.0,0.0,0.1,0.007142857142857143,0.007142857142857143,0.007142857142857143,0.3,0.0,0.0,0.27499999999999997,0.04285714285714286,0.05,0.08571428571428573
0.0548076923076923,0.36328125,0.52978515625,0.025,0.0,0.0,0.1,0.007142857142857143,0.007142857142857143,0.007142857142857143,0.3,0.0,0.0,0.27499999999999997,0.04285714285714286,0.05,0.09285714285714287
0.05576923076923078,0.368408203125,0.537109375,0.025,0.0,0.0,0.1,0.007142857142857143,0.007142857142857143,0.007142857142857143,0.3,0.0,0.0,0.27499999999999997,0.04285714285714286,0.05714285714285715,0.09285714285714287
0.05673076923076924,0.373291015625,0.54345703125,0.025,0.0,0.0,0.1,0.007142857142857143,0.007142857142857143,0.007142857142857143,0.3,0.0,0.0,0.27499999999999997,0.04285714285714286,0.05714285714285715,0.10000000000000002
0.057692307692307696,0.37841796875,0.55029296875,0.025,0.0,0.0,0.1,0.007142857142857143,0.007142857142857143,0.007142857142857143,0.3,0.0,0.0,0.27499999999999997,0.05,0.05714285714285715,0.10000000000000002
0.058653846153846154,0.383544921875,0.556640625,0.025,0.0,0.0,0.1,0.007142857142857143,0.007142857142857143,0.007142857142857143,0.3,0.0,0.0,0.27499999999999997,0.05714285714285715,0.05714285714285715,0.10000000000000002
0.05961538461538462,0.388671875,0.5625,0.025,0.0,0.0,0.1,0.007142857142857143,0.007142857142857143,0.007142857142857143,0.3,0.0,0.0,0.27499999999999997,0.05714285714285715,0.0642857142857143,0.10000000000000002
0.060576923076923084,0.393798828125,0.56982421875,0.025,0.0,0.0,0.1,0.007142857142857143,0.007142857142857143,0.007142857142857143,0.3,0.0,0.0,0.3,0.05714285714285715,0.0642857142857143,0.10000000000000002
0.06153846153846154,0.39892578125,0.5751953125,0.025,0.0,0.0,0.1,0.007142857142857143,0.007142857142857143,0.007142857142857143,0.325,0.0,0.0,0.3,0.05714285714285715,0.0642857142857143,0.10000000000000002
0.06250000000000001,0.404052734375,0.5830078125,0.025,0.0,0.0,0.1,0.007142857142857143,0.007142857142857143,0.007142857142857143,0.325,0.0,0.0,0.3,0.0642857142857143,0.0642857142857143,0.10000000000000002
0.06346153846153847,0.4091796875,0.5888671875,0.025,0.0,0.0,0.125,0.007142857142857143,0.007142857142857143,0.007142857142857143,0.325,0.0,0.0,0.3,0.0642857142857143,0.0642857142857143,0.10000000000000002
0.06442307692307693,0.4140625,0.5947265625,0.025,0.0,0.0,0.125,0.007142857142857143,0.007142857142857143,0.007142857142857143,0.325,0.0,0.0,0.3,0.0642857142857143,0.07142857142857144,0.10000000000000002
0.06538461538461539,0.4189453125,0.60107421875,0.025,0.0,0.0,0.125,0.007142857142857143,0.007142857142857143,0.007142857142857143,0.325,0.0,0.0,0.3,0.0642857142857143,0.07857142857142858,0.10000000000000002
0.06634615384615385,0.423828125,0.60693359375,0.025,0.0,0.0,0.125,0.007142857142857143,0.007142857142857143,0.007142857142857143,0.325,0.0,0.0,0.3,0.0642857142857143,0.07857142857142858,0.10714285714285716
0.06730769230769232,0.4287109375,0.611328125,0.025,0.0,0.0,0.125,0.007142857142857143,0.007142857142857143,0.007142857142857143,0.325,0.0,0.0,0.3,0.0642857142857143,0.07857142857142858,0.11428571428571431
0.06826923076923078,0.433837890625,0.6181640625,0.025,0.0,0.0,0.125,0.007142857142857143,0.007142857142857143,0.007142857142857143,0.35000000000000003,0.0,0.0,0.3,0.0642857142857143,0.07857142857142858,0.11428571428571431
0.06923076923076923,0.438720703125,0.6240234375,0.025,0.0,0.0,0.125,0.007142857142857143,0.007142857142857143,0.007142857142857143,0.35000000000000003,0.0,0.0,0.3,0.0642857142857143,0.08571428571428573,0.11428571428571431
0.07019230769230769,0.443603515625,0.63037109375,0.025,0.0,0.0,0.125,0.007142857142857143,0.007142857142857143,0.007142857142857143,0.35000000000000003,0.0,0.0,0.3,0.0642857142857143,0.08571428571428573,0.12142857142857146
0.07115384615384615,0.448486328125,0.6357421875,0.025,0.0,0.0,0.125,0.007142857142857143,0.007142857142857143,0.007142857142857143,0.35000000000000003,0.0,0.0,0.3,0.07142857142857144,0.08571428571428573,0.12142857142857146
0.07211538461538461,0.453369140625,0.64111328125,0.025,0.0,0.0,0.125,0.007142857142857143,0.007142857142857143,0.007142857142857143,0.35000000000000003,0.0,0.0,0.3,0.07857142857142858,0.08571428571428573,0.12142857142857146
0.0730769230769231,0.458251953125,0.64794921875,0.025,0.0,0.0,0.125,0.007142857142857143,0.007142857142857143,0.007142857142857143,0.37500000000000006,0.0,0.0,0.3,0.07857142857142858,0.08571428571428573,0.12142857142857146
0.07403846153846155,0.463134765625,0.65380859375,0.025,0.0,0.0,0.125,0.007142857142857143,0.007142857142857143,0.007142857142857143,0.37500000000000006,0.0,0.0,0.3,0.07857142857142858,0.09285714285714287,0.12142857142857146
0.07500000000000001,0.468017578125,0.65966796875,0.025,0.0,0.0,0.15,0.007142857142857143,0.007142857142857143,0.007142857142857143,0.37500000000000006,0.0,0.0,0.3,0.07857142857142858,0.09285714285714287,0.12142857142857146
0.07596153846153847,0.472900390625,0.66552734375,0.025,0.0,0.0,0.15,0.007142857142857143,0.007142857142857143,0.007142857142857143,0.37500000000000006,0.0,0.0,0.325,0.07857142857142858,0.09285714285714287,0.12142857142857146
0.07692307692307694,0.4775390625,0.671875,0.025,0.0,0.0,0.15,0.007142857142857143,0.007142857142857143,0.007142857142857143,0.37500000000000006,0.0,0.0,0.325,0.07857142857142858,0.10000000000000002,0.12142857142857146
0.0778846153846154,0.482421875,0.677734375,0.025,0.0,0.0,0.15,0.007142857142857143,0.007142857142857143,0.007142857142857143,0.37500000000000006,0.0,0.0,0.325,0.07857142857142858,0.10000000000000002,0.1285714285714286
0.07884615384615386,0.487060546875,0.68359375,0.025,0.0,0.0,0.15,0.007142857142857143,0.007142857142857143,0.007142857142857143,0.37500000000000006,0.0,0.0,0.325,0.07857142857142858,0.10000000000000002,0.13571428571428573
0.07980769230769232,0.491943359375,0.689453125,0.025,0.0,0.0,0.15,0.007142857142857143,0.007142857142857143,0.007142857142857143,0.37500000000000006,0.0,0.0,0.325,0.08571428571428573,0.10000000000000002,0.13571428571428573
0.08076923076923077,0.49658203125,0.6953125,0.025,0.0,0.0,0.15,0.007142857142857143,0.007142857142857143,0.007142857142857143,0.37500000000000006,0.0,0.0,0.325,0.09285714285714287,0.10000000000000002,0.13571428571428573
0.08173076923076923,0.50146484375,0.701171875,0.025,0.0,0.0,0.15,0.007142857142857143,0.007142857142857143,0.007142857142857143,0.37500000000000006,0.0,0.0,0.325,0.10000000000000002,0.10000000000000002,0.13571428571428573
0.0826923076923077,0.50634765625,0.70654296875,0.025,0.0,0.0,0.15,0.007142857142857143,0.007142857142857143,0.007142857142857143,0.37500000000000006,0.0,0.0,0.325,0.10714285714285716,0.10000000000000002,0.13571428571428573
0.08365384615384615,0.51123046875,0.71240234375,0.025,0.0,0.0,0.15,0.007142857142857143,0.007142857142857143,0.007142857142857143,0.37500000000000006,0.0,0.0,0.325,0.10714285714285716,0.10714285714285716,0.13571428571428573
0.08461538461538462,0.515625,0.71826171875,0.025,0.0,0.0,0.15,0.007142857142857143,0.007142857142857143,0.007142857142857143,0.37500000000000006,0.0,0.0,0.325,0.10714285714285716,0.10714285714285716,0.14285714285714288
0.08557692307692308,0.5205078125,0.72314453125,0.025,0.0,0.0,0.175,0.007142857142857143,0.007142857142857143,0.007142857142857143,0.37500000000000006,0.0,0.0,0.325,0.10714285714285716,0.10714285714285716,0.14285714285714288
0.08653846153846154,0.525390625,0.728515625,0.025,0.0,0.0,0.175,0.007142857142857143,0.007142857142857143,0.007142857142857143,0.4000000000000001,0.0,0.0,0.325,0.10714285714285716,0.10714285714285716,0.14285714285714288
0.08750000000000001,0.5302734375,0.734375,0.025,0.0,0.0,0.175,0.007142857142857143,0.007142857142857143,0.007142857142857143,0.4250000000000001,0.0,0.0,0.325,0.10714285714285716,0.10714285714285716,0.14285714285714288
0.08846153846153847,0.53466796875,0.74072265625,0.025,0.0,0.0,0.175,0.007142857142857143,0.007142857142857143,0.007142857142857143,0.4250000000000001,0.0,0.0,0.325,0.10714285714285716,0.10714285714285716,0.15000000000000002
0.08942307692307692,0.53955078125,0.74560546875,0.025,0.0,0.0,0.175,0.007142857142857143,0.007142857142857143,0.007142857142857143,0.4250000000000001,0.1,0.0,0.325,0.10714285714285716,0.10714285714285716,0.15000000000000002
0.09038461538461541,0.54443359375,0.751953125,0.025,0.0,0.0,0.175,0.007142857142857143,0.007142857142857143,0.007142857142857143,0.4250000000000001,0.1,0.0,0.35000000000000003,0.10714285714285716,0.10714285714285716,0.15000000000000002
0.09134615384615387,0.548828125,0.7578125,0.025,0.0,0.0,0.175,0.007142857142857143,0.007142857142857143,0.007142857142857143,0.4250000000000001,0.1,0.0,0.35000000000000003,0.10714285714285716,0.11428571428571431,0.15000000000000002
0.09230769230769233,0.5537109375,0.7626953125,0.025,0.0,0.0,0.175,0.007142857142857143,0.007142857142857143,0.007142857142857143,0.4250000000000001,0.1,0.0,0.35000000000000003,0.11428571428571431,0.11428571428571431,0.15000000000000002
0.0932692307692308,0.55810546875,0.76953125,0.025,0.0,0.0,0.175,0.007142857142857143,0.007142857142857143,0.007142857142857143,0.4250000000000001,0.1,0.0,0.35000000000000003,0.11428571428571431,0.12142857142857146,0.15000000000000002
0.09423076923076924,0.56298828125,0.7744140625,0.025,0.0,0.0,0.19999999999999998,0.007142857142857143,0.007142857142857143,0.007142857142857143,0.4250000000000001,0.1,0.0,0.35000000000000003,0.11428571428571431,0.12142857142857146,0.15000000000000002
0.09519230769230771,0.56787109375,0.78076171875,0.025,0.0,0.0,0.19999999999999998,0.007142857142857143,0.007142857142857143,0.014285714285714285,0.4250000000000001,0.1,0.0,0.35000000000000003,0.11428571428571431,0.12142857142857146,0.15000000000000002
0.09615384615384617,0.57177734375,0.78662109375,0.025,0.0,0.0,0.19999999999999998,0.007142857142857143,0.007142857142857143,0.02142857142857143,0.4250000000000001,0.1,0.0,0.35000000000000003,0.11428571428571431,0.12142857142857146,0.15000000000000002
0.09711538461538463,0.57568359375,0.79150390625,0.025,0.0,0.0,0.19999999999999998,0.007142857142857143,0.007142857142857143,0.02857142857142857,0.4250000000000001,0.1,0.0,0.35000000000000003,0.11428571428571431,0.12142857142857146,0.15000000000000002
0.0980769230769231,0.58056640625,0.796875,0.05,0.0,0.0,0.19999999999999998,0.007142857142857143,0.007142857142857143,0.02857142857142857,0.4250000000000001,0.1,0.0,0.35000000000000003,0.11428571428571431,0.12142857142857146,0.15000000000000002
0.09903846153846155,0.5849609375,0.802734375,0.05,0.0,0.0,0.19999999999999998,0.007142857142857143,0.007142857142857143,0.02857142857142857,0.4250000000000001,0.1,0.0,0.35000000000000003,0.11428571428571431,0.1285714285714286,0.15000000000000002
0.10000000000000002,0.58984375,0.8076171875,0.05,0.0,0.0,0.19999999999999998,0.007142857142857143,0.007142857142857143,0.03571428571428571,0.4250000000000001,0.1,0.0,0.35000000000000003,0.11428571428571431,0.1285714285714286,0.15000000000000002
0.10096153846153846,0.59423828125,0.8134765625,0.05,0.0,0.0,0.19999999999999998,0.007142857142857143,0.007142857142857143,0.03571428571428571,0.4250000000000001,0.1,0.0,0.35000000000000003,0.12142857142857146,0.1285714285714286,0.15000000000000002
0.10192307692307694,0.5986328125,0.8193359375,0.05,0.0,0.0,0.19999999999999998,0.007142857142857143,0.007142857142857143,0.03571428571428571,0.4250000000000001,0.1,0.0,0.35000000000000003,0.1285714285714286,0.1285714285714286,0.15000000000000002
0.10288461538461541,0.60302734375,0.82470703125,0.05,0.0,0.0,0.19999999999999998,0.007142857142857143,0.007142857142857143,0.03571428571428571,0.4250000000000001,0.1,0.0,0.35000000000000003,0.1285714285714286,0.13571428571428573,0.15000000000000002
0.10384615384615385,0.607421875,0.8310546875,0.05,0.0,0.0,0.19999999999999998,0.007142857142857143,0.007142857142857143,0.03571428571428571,0.4250000000000001,0.1,0.0,0.35000000000000003,0.1285714285714286,0.13571428571428573,0.15714285714285717
0.10480769230769232,0.61181640625,0.8359375,0.05,0.0,0.0,0.19999999999999998,0.007142857142857143,0.007142857142857143,0.03571428571428571,0.4250000000000001,0.1,0.0,0.35000000000000003,0.1285714285714286,0.13571428571428573,0.1642857142857143
0.10576923076923078,0.6162109375,0.84130859375,0.05,0.0,0.0,0.19999999999999998,0.007142857142857143,0.007142857142857143,0.03571428571428571,0.4250000000000001,0.1,0.0,0.37500000000000006,0.1285714285714286,0.13571428571428573,0.1642857142857143
0.10673076923076924,0.62109375,0.8466796875,0.05,0.0,0.0,0.22499999999999998,0.007142857142857143,0.007142857142857143,0.03571428571428571,0.4250000000000001,0.1,0.0,0.37500000000000006,0.1285714285714286,0.13571428571428573,0.1642857142857143
0.10769230769230773,0.62548828125,0.8525390625,0.05,0.0,0.0,0.22499999999999998,0.007142857142857143,0.007142857142857143,0.03571428571428571,0.4250000000000001,0.1,0.0,0.37500000000000006,0.13571428571428573,0.13571428571428573,0.1642857142857143
0.10865384615384618,0.6298828125,0.857421875,0.05,0.0,0.0,0.22499999999999998,0.007142857142857143,0.007142857142857143,0.03571428571428571,0.4250000000000001,0.1,0.0,0.37500000000000006,0.13571428571428573,0.14285714285714288,0.1642857142857143
0.10961538461538464,0.63427734375,0.86279296875,0.05,0.0,0.0,0.22499999999999998,0.007142857142857143,0.007142857142857143,0.03571428571428571,0.4250000000000001,0.1,0.0,0.37500000000000006,0.13571428571428573,0.15000000000000002,0.1642857142857143
0.11057692307692311,0.638671875,0.86865234375,0.05,0.0,0.0,0.22499999999999998,0.007142857142857143,0.007142857142857143,0.03571428571428571,0.4500000000000001,0.1,0.0,0.37500000000000006,0.13571428571428573,0.15000000000000002,0.1642857142857143
0.11153846153846157,0.64306640625,0.8740234375,0.05,0.0,0.0,0.22499999999999998,0.007142857142857143,0.007142857142857143,0.03571428571428571,0.4500000000000001,0.1,0.0,0.37500000000000006,0.13571428571428573,0.15000000000000002,0.17142857142857146
0.11250000000000002,0.64794921875,0.88037109375,0.05,0.0,0.0,0.22499999999999998,0.007142857142857143,0.007142857142857143,0.04285714285714286,0.4500000000000001,0.1,0.0,0.37500000000000006,0.13571428571428573,0.15000000000000002,0.17142857142857146
0.11346153846153849,0.65234375,0.8857421875,0.05,0.0,0.0,0.22499999999999998,0.007142857142857143,0.007142857142857143,0.04285714285714286,0.4500000000000001,0.1,0.0,0.37500000000000006,0.14285714285714288,0.15000000000000002,0.17142857142857146
0.11442307692307695,0.65673828125,0.89111328125,0.05,0.0,0.0,0.22499999999999998,0.007142857142857143,0.007142857142857143,0.04285714285714286,0.4500000000000001,0.1,0.0,0.37500000000000006,0.15000000000000002,0.15000000000000002,0.17142857142857146
0.1153846153846154,0.6611328125,0.89599609375,0.05,0.0,0.0,0.22499999999999998,0.007142857142857143,0.007142857142857143,0.04285714285714286,0.4500000000000001,0.1,0.0,0.37500000000000006,0.15714285714285717,0.15000000000000002,0.17142857142857146
0.11634615384615386,0.66552734375,0.90185546875,0.05,0.0,0.0,0.22499999999999998,0.007142857142857143,0.007142857142857143,0.04285714285714286,0.4500000000000001,0.1,0.0,0.37500000000000006,0.15714285714285717,0.15714285714285717,0.17142857142857146
0.11730769230769232,0.669921875,0.90673828125,0.05,0.0,0.0,0.22499999999999998,0.007142857142857143,0.007142857142857143,0.04285714285714286,0.4500000000000001,0.1,0.0,0.37500000000000006,0.1642857142857143,0.15714285714285717,0.17142857142857146
0.1182692307692308,0.67431640625,0.91259765625,0.05,0.0,0.0,0.22499999999999998,0.007142857142857143,0.007142857142857143,0.04285714285714286,0.4500000000000001,0.1,0.0,0.37500000000000006,0.1642857142857143,0.1642857142857143,0.17142857142857146
0.11923076923076925,0.6787109375,0.91748046875,0.05,0.0,0.0,0.22499999999999998,0.007142857142857143,0.007142857142857143,0.04285714285714286,0.47500000000000014,0.1,0.0,0.37500000000000006,0.1642857142857143,0.1642857142857143,0.17142857142857146
0.12019230769230771,0.68310546875,0.9228515625,0.05,0.0,0.0,0.22499999999999998,0.007142857142857143,0.007142857142857143,0.04285714285714286,0.47500000000000014,0.1,0.0,0.37500000000000006,0.1642857142857143,0.17142857142857146,0.17142857142857146
0.12115384615384617,0.6875,0.92822265625,0.05,0.0,0.0,0.22499999999999998,0.007142857142857143,0.007142857142857143,0.04285714285714286,0.47500000000000014,0.1,0.0,0.37500000000000006,0.1642857142857143,0.1785714285714286,0.17142857142857146
0.12211538461538463,0.69189453125,0.93359375,0.05,0.0,0.0,0.22499999999999998,0.007142857142857143,0.007142857142857143,0.04285714285714286,0.47500000000000014,0.1,0.0,0.37500000000000006,0.1642857142857143,0.18571428571428575,0.17142857142857146
0.1230769230769231,0.6962890625,0.93896484375,0.05,0.0,0.0,0.22499999999999998,0.007142857142857143,0.007142857142857143,0.04285714285714286,0.47500000000000014,0.1,0.0,0.37500000000000006,0.17142857142857146,0.18571428571428575,0.17142857142857146
0.12403846153846156,0.70068359375,0.94384765625,0.05,0.0,0.0,0.22499999999999998,0.007142857142857143,0.007142857142857143,0.04285714285714286,0.47500000000000014,0.1,0.0,0.37500000000000006,0.17142857142857146,0.1928571428571429,0.17142857142857146
0.12500000000000003,0.705078125,0.94970703125,0.05,0.0,0.0,0.22499999999999998,0.007142857142857143,0.007142857142857143,0.04285714285714286,0.47500000000000014,0.1,0.0,0.37500000000000006,0.17142857142857146,0.1928571428571429,0.1785714285714286
0.12596153846153849,0.708984375,0.95556640625,0.05,0.0,0.0,0.22499999999999998,0.007142857142857143,0.007142857142857143,0.04285714285714286,0.47500000000000014,0.1,0.0,0.37500000000000006,0.17142857142857146,0.1928571428571429,0.18571428571428575
0.12692307692307694,0.71337890625,0.96044921875,0.05,0.0,0.0,0.22499999999999998,0.007142857142857143,0.007142857142857143,0.04285714285714286,0.47500000000000014,0.1,0.0,0.37500000000000006,0.17142857142857146,0.1928571428571429,0.1928571428571429
0.1278846153846154,0.7177734375,0.96630859375,0.05,0.0,0.0,0.24999999999999997,0.007142857142857143,0.007142857142857143,0.04285714285714286,0.47500000000000014,0.1,0.0,0.37500000000000006,0.17142857142857146,0.1928571428571429,0.1928571428571429
0.12884615384615386,0.72216796875,0.9716796875,0.05,0.0,0.0,0.24999999999999997,0.007142857142857143,0.007142857142857143,0.05,0.47500000000000014,0.1,0.0,0.37500000000000006,0.17142857142857146,0.1928571428571429,0.1928571428571429
0.12980769230769235,0.7265625,0.97705078125,0.05,0.0,0.0,0.24999999999999997,0.007142857142857143,0.007142857142857143,0.05,0.47500000000000014,0.1,0.0,0.37500000000000006,0.1785714285714286,0.1928571428571429,0.1928571428571429
0.1307692307692308,0.73095703125,0.982421875,0.05,0.0,0.0,0.24999999999999997,0.007142857142857143,0.007142857142857143,0.05,0.5000000000000001,0.1,0.0,0.37500000000000006,0.1785714285714286,0.1928571428571429,0.1928571428571429
0.13173076923076926,0.7353515625,0.9873046875,0.05,0.0,0.0,0.24999999999999997,0.007142857142857143,0.007142857142857143,0.05,0.5000000000000001,0.1,0.0,0.37500000000000006,0.18571428571428575,0.1928571428571429,0.1928571428571429
0.13269230769230772,0.73974609375,0.99267578125,0.05,0.0,0.0,0.24999999999999997,0.007142857142857143,0.007142857142857143,0.05,0.5000000000000001,0.1,0.0,0.4000000000000001,0.18571428571428575,0.1928571428571429,0.1928571428571429
0.13365384615384618,0.744140625,0.998046875,0.05,0.0,0.0,0.24999999999999997,0.007142857142857143,0.007142857142857143,0.05,0.5000000000000001,0.1,0.0,0.4000000000000001,0.1928571428571429,0.1928571428571429,0.1928571428571429
0.13461538461538464,0.74853515625,1.0029296875,0.05,0.0,0.0,0.24999999999999997,0.007142857142857143,0.007142857142857143,0.05,0.5000000000000001,0.1,0.0,0.4000000000000001,0.1928571428571429,0.20000000000000004,0.1928571428571429
0.1355769230769231,0.7529296875,1.0078125,0.05,0.0,0.0,0.24999999999999997,0.007142857142857143,0.007142857142857143,0.05,0.5000000000000001,0.1,0.0,0.4000000000000001,0.1928571428571429,0.20000000000000004,0.20000000000000004
0.13653846153846155,0.75732421875,1.013671875,0.05,0.0,0.0,0.24999999999999997,0.007142857142857143,0.007142857142857143,0.05,0.5000000000000001,0.1,0.0,0.4000000000000001,0.1928571428571429,0.20714285714285718,0.20000000000000004
0.1375,0.76171875,1.01953125,0.05,0.0,0.0,0.27499999999999997,0.007142857142857143,0.007142857142857143,0.05,0.5000000000000001,0.1,0.0,0.4000000000000001,0.1928571428571429,0.20714285714285718,0.20000000000000004
0.13846153846153847,0.76611328125,1.0244140625,0.05,0.0,0.0,0.27499999999999997,0.007142857142857143,0.007142857142857143,0.05,0.5000000000000001,0.1,0.0,0.4000000000000001,0.1928571428571429,0.21428571428571433,0.20000000000000004
0.13942307692307693,0.7705078125,1.0302734375,0.05,0.0,0.0,0.27499999999999997,0.007142857142857143,0.007142857142857143,0.05,0.5250000000000001,0.1,0.0,0.4000000000000001,0.1928571428571429,0.21428571428571433,0.20000000000000004
0.14038461538461539,0.77490234375,1.0361328125,0.05,0.0,0.0,0.27499999999999997,0.007142857142857143,0.007142857142857143,0.05,0.5250000000000001,0.1,0.0,0.4000000000000001,0.1928571428571429,0.22142857142857147,0.20000000000000004
0.14134615384615387,0.779296875,1.0400390625,0.05,0.0,0.0,0.27499999999999997,0.007142857142857143,0.007142857142857143,0.05714285714285715,0.5250000000000001,0.1,0.0,0.4000000000000001,0.1928571428571429,0.22142857142857147,0.20000000000000004
0.1423076923076923,0.78369140625,1.0458984375,0.05,0.0,0.0,0.27499999999999997,0.007142857142857143,0.007142857142857143,0.05714285714285715,0.5500000000000002,0.1,0.0,0.4000000000000001,0.1928571428571429,0.22142857142857147,0.20000000000000004
0.1432692307692308,0.7880859375,1.0517578125,0.05,0.0,0.0,0.27499999999999997,0.007142857142857143,0.007142857142857143,0.05714285714285715,0.5500000000000002,0.1,0.0,0.4000000000000001,0.20000000000000004,0.22142857142857147,0.20000000000000004
0.14423076923076927,0.79248046875,1.056640625,0.05,0.0,0.0,0.27499999999999997,0.007142857142857143,0.007142857142857143,0.05714285714285715,0.5500000000000002,0.1,0.0,0.4000000000000001,0.20714285714285718,0.22142857142857147,0.20000000000000004
0.1451923076923077,0.79638671875,1.0615234375,0.05,0.0,0.0,0.27499999999999997,0.007142857142857143,0.007142857142857143,0.05714285714285715,0.5500000000000002,0.1,0.0,0.4000000000000001,0.21428571428571433,0.22142857142857147,0.20000000000000004
0.1461538461538462,0.80078125,1.06640625,0.05,0.0,0.0,0.27499999999999997,0.007142857142857143,0.007142857142857143,0.05714285714285715,0.5500000000000002,0.1,0.0,0.4000000000000001,0.22142857142857147,0.22142857142857147,0.20000000000000004
0.14711538461538465,0.80517578125,1.072265625,0.05,0.0,0.0,0.27499999999999997,0.007142857142857143,0.007142857142857143,0.05714285714285715,0.5500000000000002,0.1,0.0,0.4000000000000001,0.22142857142857147,0.22142857142857147,0.20714285714285718
0.1480769230769231,0.80908203125,1.076171875,0.05,0.0,0.0,0.27499999999999997,0.007142857142857143,0.007142857142857143,0.05714285714285715,0.5500000000000002,0.1,0.0,0.4000000000000001,0.22142857142857147,0.22142857142857147,0.21428571428571433
0.14903846153846156,0.8134765625,1.0830078125,0.05,0.0,0.0,0.3,0.007142857142857143,0.007142857142857143,0.05714285714285715,0.5500000000000002,0.1,0.0,0.4000000000000001,0.22142857142857147,0.22142857142857147,0.21428571428571433
0.15000000000000002,0.81787109375,1.087890625,0.05,0.0,0.0,0.3,0.007142857142857143,0.007142857142857143,0.05714285714285715,0.5500000000000002,0.1,0.0,0.4250000000000001,0.22142857142857147,0.22142857142857147,0.21428571428571433
0.15096153846153848,0.822265625,1.0927734375,0.05,0.0,0.0,0.3,0.007142857142857143,0.007142857142857143,0.05714285714285715,0.5500000000000002,0.1,0.0,0.4250000000000001,0.22142857142857147,0.22857142857142862,0.21428571428571433
0.15192307692307694,0.82666015625,1.0986328125,0.05,0.0,0.0,0.3,0.007142857142857143,0.007142857142857143,0.05714285714285715,0.5500000000000002,0.1,0.0,0.4250000000000001,0.22142857142857147,0.23571428571428577,0.21428571428571433
0.1528846153846154,0.83056640625,1.1044921875,0.05,0.0,0.0,0.3,0.007142857142857143,0.007142857142857143,0.05714285714285715,0.5500000000000002,0.1,0.0,0.4250000000000001,0.22142857142857147,0.2428571428571429,0.21428571428571433
0.15384615384615388,0.8349609375,1.1083984375,0.05,0.0,0.0,0.3,0.007142857142857143,0.007142857142857143,0.05714285714285715,0.5500000000000002,0.1,0.0,0.4250000000000001,0.22142857142857147,0.25000000000000006,0.21428571428571433
0.15480769230769237,0.83935546875,1.1142578125,0.05,0.0,0.0,0.3,0.007142857142857143,0.007142857142857143,0.05714285714285715,0.5500000000000002,0.1,0.0,0.4250000000000001,0.22142857142857147,0.25000000000000006,0.22142857142857147
0.1557692307692308,0.84326171875,1.1201171875,0.05,0.0,0.0,0.3,0.007142857142857143,0.007142857142857143,0.05714285714285715,0.5500000000000002,0.1,0.0,0.4250000000000001,0.22142857142857147,0.25000000000000006,0.22857142857142862
0.15673076923076928,0.84765625,1.1240234375,0.05,0.0,0.0,0.3,0.007142857142857143,0.007142857142857143,0.05714285714285715,0.5500000000000002,0.1,0.0,0.4250000000000001,0.22142857142857147,0.25000000000000006,0.23571428571428577
0.15769230769230774,0.8515625,1.130859375,0.05,0.0,0.0,0.3,0.007142857142857143,0.007142857142857143,0.05714285714285715,0.5500000000000002,0.1,0.0,0.4250000000000001,0.22142857142857147,0.25000000000000006,0.2428571428571429
0.1586538461538462,0.8564453125,1.1357421875,0.07500000000000001,0.0,0.0,0.3,0.007142857142857143,0.007142857142857143,0.05714285714285715,0.5500000000000002,0.1,0.0,0.4250000000000001,0.22142857142857147,0.25000000000000006,0.2428571428571429
0.15961538461538466,0.86083984375,1.140625,0.07500000000000001,0.0,0.0,0.3,0.007142857142857143,0.007142857142857143,0.0642857142857143,0.5500000000000002,0.1,0.0,0.4250000000000001,0.22142857142857147,0.25000000000000006,0.2428571428571429
0.16057692307692312,0.865234375,1.146484375,0.07500000000000001,0.0,0.0,0.3,0.007142857142857143,0.007142857142857143,0.07142857142857144,0.5500000000000002,0.1,0.0,0.4250000000000001,0.22142857142857147,0.25000000000000006,0.2428571428571429
0.16153846153846158,0.8701171875,1.1513671875,0.07500000000000001,0.0,0.0,0.325,0.007142857142857143,0.007142857142857143,0.07142857142857144,0.5500000000000002,0.1,0.0,0.4250000000000001,0.22142857142857147,0.25000000000000006,0.2428571428571429
0.16250000000000006,0.87451171875,1.15625,0.07500000000000001,0.0,0.0,0.325,0.007142857142857143,0.007142857142857143,0.07142857142857144,0.5750000000000002,0.1,0.0,0.4250000000000001,0.22142857142857147,0.25000000000000006,0.2428571428571429
0.1634615384615385,0.87939453125,1.162109375,0.07500000000000001,0.0,0.0,0.325,0.007142857142857143,0.007142857142857143,0.07857142857142858,0.5750000000000002,0.1,0.0,0.4250000000000001,0.22142857142857147,0.25000000000000006,0.2428571428571429
0.16442307692307698,0.8837890625,1.166015625,0.07500000000000001,0.0,0.0,0.325,0.007142857142857143,0.007142857142857143,0.07857142857142858,0.5750000000000002,0.1,0.0,0.4500000000000001,0.22142857142857147,0.25000000000000006,0.2428571428571429
0.1653846153846154,0.888671875,1.1708984375,0.07500000000000001,0.0,0.0,0.325,0.007142857142857143,0.007142857142857143,0.08571428571428573,0.5750000000000002,0.1,0.0,0.4500000000000001,0.22142857142857147,0.25000000000000006,0.2428571428571429
0.1663461538461539,0.8935546875,1.1767578125,0.07500000000000001,0.0,0.0,0.325,0.007142857142857143,0.007142857142857143,0.08571428571428573,0.6000000000000002,0.1,0.0,0.4500000000000001,0.22142857142857147,0.25000000000000006,0.2428571428571429
0.16730769230769235,0.89794921875,1.181640625,0.07500000000000001,0.0,0.0,0.325,0.007142857142857143,0.007142857142857143,0.08571428571428573,0.6000000000000002,0.1,0.0,0.4500000000000001,0.22142857142857147,0.2571428571428572,0.2428571428571429
0.1682692307692308,0.90234375,1.1865234375,0.07500000000000001,0.0,0.0,0.325,0.007142857142857143,0.007142857142857143,0.08571428571428573,0.6000000000000002,0.1,0.0,0.4500000000000001,0.22142857142857147,0.2642857142857143,0.2428571428571429
0.16923076923076927,0.90673828125,1.19140625,0.07500000000000001,0.0,0.0,0.325,0.007142857142857143,0.007142857142857143,0.08571428571428573,0.6000000000000002,0.1,0.0,0.4500000000000001,0.22857142857142862,0.2642857142857143,0.2428571428571429
0.17019230769230773,0.91064453125,1.197265625,0.07500000000000001,0.0,0.0,0.325,0.007142857142857143,0.007142857142857143,0.08571428571428573,0.6000000000000002,0.1,0.0,0.4500000000000001,0.23571428571428577,0.2642857142857143,0.2428571428571429
0.17115384615384618,0.91455078125,1.203125,0.07500000000000001,0.0,0.0,0.325,0.007142857142857143,0.007142857142857143,0.08571428571428573,0.6000000000000002,0.1,0.0,0.4500000000000001,0.2428571428571429,0.2642857142857143,0.2428571428571429
0.17211538461538467,0.9189453125,1.2080078125,0.07500000000000001,0.0,0.0,0.325,0.007142857142857143,0.007142857142857143,0.08571428571428573,0.6000000000000002,0.1,0.0,0.4500000000000001,0.25000000000000006,0.2642857142857143,0.2428571428571429
0.1730769230769231,0.9228515625,1.2138671875,0.07500000000000001,0.0,0.0,0.325,0.007142857142857143,0.007142857142857143,0.08571428571428573,0.6000000000000002,0.1,0.0,0.4500000000000001,0.25000000000000006,0.2714285714285714,0.2428571428571429
0.1740384615384616,0.9267578125,1.21875,0.07500000000000001,0.0,0.0,0.325,0.007142857142857143,0.007142857142857143,0.08571428571428573,0.6000000000000002,0.1,0.0,0.4500000000000001,0.25000000000000006,0.2785714285714285,0.2428571428571429
0.17500000000000002,0.93115234375,1.224609375,0.07500000000000001,0.0,0.0,0.325,0.007142857142857143,0.007142857142857143,0.08571428571428573,0.6000000000000002,0.1,0.0,0.4500000000000001,0.2571428571428572,0.2785714285714285,0.2428571428571429
0.1759615384615385,0.935546875,1.228515625,0.07500000000000001,0.0,0.0,0.325,0.007142857142857143,0.007142857142857143,0.08571428571428573,0.6000000000000002,0.1,0.0,0.4500000000000001,0.2642857142857143,0.2785714285714285,0.2428571428571429
0.17692307692307693,0.939453125,1.234375,0.07500000000000001,0.0,0.0,0.325,0.007142857142857143,0.007142857142857143,0.08571428571428573,0.6000000000000002,0.1,0.0,0.4500000000000001,0.2714285714285714,0.2785714285714285,0.2428571428571429
0.17788461538461542,0.943359375,1.2392578125,0.07500000000000001,0.0,0.0,0.325,0.007142857142857143,0.007142857142857143,0.08571428571428573,0.6000000000000002,0.1,0.0,0.4500000000000001,0.2785714285714285,0.2785714285714285,0.2428571428571429
0.17884615384615385,0.94775390625,1.244140625,0.07500000000000001,0.0,0.0,0.325,0.007142857142857143,0.007142857142857143,0.08571428571428573,0.6000000000000002,0.1,0.0,0.4500000000000001,0.28571428571428564,0.2785714285714285,0.2428571428571429
0.17980769230769234,0.9521484375,1.248046875,0.07500000000000001,0.0,0.0,0.325,0.007142857142857143,0.007142857142857143,0.08571428571428573,0.6000000000000002,0.1,0.0,0.4500000000000001,0.29285714285714276,0.2785714285714285,0.2428571428571429
0.18076923076923077,0.95654296875,1.25390625,0.07500000000000001,0.0,0.0,0.325,0.007142857142857143,0.007142857142857143,0.08571428571428573,0.6000000000000002,0.1,0.0,0.4500000000000001,0.29285714285714276,0.28571428571428564,0.2428571428571429
0.18173076923076925,0.96044921875,1.2587890625,0.07500000000000001,0.0,0.0,0.325,0.007142857142857143,0.007142857142857143,0.08571428571428573,0.6000000000000002,0.1,0.0,0.4500000000000001,0.29285714285714276,0.29285714285714276,0.2428571428571429
0.18269230769230768,0.96484375,1.263671875,0.07500000000000001,0.0,0.0,0.325,0.007142857142857143,0.007142857142857143,0.08571428571428573,0.6000000000000002,0.1,0.0,0.4500000000000001,0.2999999999999999,0.29285714285714276,0.2428571428571429
0.18365384615384617,0.96923828125,1.2685546875,0.07500000000000001,0.0,0.0,0.325,0.007142857142857143,0.007142857142857143,0.08571428571428573,0.6000000000000002,0.1,0.0,0.4500000000000001,0.2999999999999999,0.2999999999999999,0.2428571428571429
0.1846153846153846,0.97314453125,1.2734375,0.07500000000000001,0.0,0.0,0.325,0.007142857142857143,0.007142857142857143,0.08571428571428573,0.6000000000000002,0.1,0.0,0.4500000000000001,0.2999999999999999,0.2999999999999999,0.25000000000000006
0.18557692307692308,0.97705078125,1.2802734375,0.07500000000000001,0.0,0.0,0.325,0.007142857142857143,0.007142857142857143,0.08571428571428573,0.6000000000000002,0.1,0.0,0.4500000000000001,0.2999999999999999,0.2999999999999999,0.2571428571428572
0.18653846153846151,0.98095703125,1.2841796875,0.07500000000000001,0.0,0.0,0.325,0.007142857142857143,0.007142857142857143,0.08571428571428573,0.6000000000000002,0.1,0.0,0.4500000000000001,0.2999999999999999,0.2999999999999999,0.2642857142857143
0.1875,0.9853515625,1.291015625,0.07500000000000001,0.0,0.0,0.325,0.007142857142857143,0.007142857142857143,0.08571428571428573,0.6000000000000002,0.1,0.0,0.4500000000000001,0.2999999999999999,0.2999999999999999,0.2714285714285714
0.18846153846153849,0.98974609375,1.2958984375,0.07500000000000001,0.0,0.0,0.35000000000000003,0.007142857142857143,0.007142857142857143,0.08571428571428573,0.6000000000000002,0.1,0.0,0.4500000000000001,0.2999999999999999,0.2999999999999999,0.2714285714285714
0.18942307692307692,0.994140625,1.30078125,0.07500000000000001,0.0,0.0,0.35000000000000003,0.007142857142857143,0.007142857142857143,0.09285714285714287,0.6000000000000002,0.1,0.0,0.4500000000000001,0.2999999999999999,0.2999999999999999,0.2714285714285714
0.1903846153846154,0.99853515625,1.3056640625,0.07500000000000001,0.0,0.0,0.35000000000000003,0.007142857142857143,0.007142857142857143,0.09285714285714287,0.6250000000000002,0.1,0.0,0.4500000000000001,0.2999999999999999,0.2999999999999999,0.2714285714285714
0.19134615384615383,1.0029296875,1.3115234375,0.07500000000000001,0.0,0.0,0.35000000000000003,0.007142857142857143,0.007142857142857143,0.10000000000000002,0.6250000000000002,0.1,0.0,0.4500000000000001,0.2999999999999999,0.2999999999999999,0.2714285714285714
0.19230769230769232,1.0078125,1.3154296875,0.07500000000000001,0.0,0.0,0.35000000000000003,0.007142857142857143,0.007142857142857143,0.10000000000000002,0.6250000000000002,0.2,0.0,0.4500000000000001,0.2999999999999999,0.2999999999999999,0.2714285714285714
0.19326923076923078,1.0126953125,1.3212890625,0.1,0.0,0.0,0.35000000000000003,0.007142857142857143,0.007142857142857143,0.10000000000000002,0.6250000000000002,0.2,0.0,0.4500000000000001,0.2999999999999999,0.2999999999999999,0.2714285714285714
0.19423076923076923,1.017578125,1.3271484375,0.1,0.0,0.0,0.37500000000000006,0.007142857142857143,0.007142857142857143,0.10000000000000002,0.6250000000000002,0.2,0.0,0.4500000000000001,0.2999999999999999,0.2999999999999999,0.2714285714285714
0.1951923076923077,1.0224609375,1.3310546875,0.1,0.0,0.0,0.37500000000000006,0.007142857142857143,0.007142857142857143,0.10714285714285716,0.6250000000000002,0.2,0.0,0.4500000000000001,0.2999999999999999,0.2999999999999999,0.2714285714285714
0.19615384615384618,1.02734375,1.3369140625,0.1,0.0,0.0,0.37500000000000006,0.007142857142857143,0.007142857142857143,0.10714285714285716,0.6250000000000002,0.2,0.0,0.47500000000000014,0.2999999999999999,0.2999999999999999,0.2714285714285714
0.1971153846153846,1.03125,1.34375,0.1,0.0,0.0,0.37500000000000006,0.007142857142857143,0.007142857142857143,0.10714285714285716,0.6250000000000002,0.2,0.0,0.47500000000000014,0.2999999999999999,0.2999999999999999,0.2785714285714285
0.19807692307692307,1.0361328125,1.34765625,0.1,0.0,0.0,0.37500000000000006,0.007142857142857143,0.007142857142857143,0.10714285714285716,0.6500000000000002,0.2,0.0,0.47500000000000014,0.2999999999999999,0.2999999999999999,0.2785714285714285
0.19903846153846153,1.041015625,1.353515625,0.1,0.0,0.0,0.37500000000000006,0.007142857142857143,0.007142857142857143,0.10714285714285716,0.6500000000000002,0.2,0.0,0.47500000000000014,0.307142857142857,0.2999999999999999,0.2785714285714285
0.19999999999999998,1.044921875,1.3583984375,0.1,0.0,0.0,0.37500000000000006,0.007142857142857143,0.007142857142857143,0.10714285714285716,0.6500000000000002,0.2,0.0,0.47500000000000014,0.3142857142857141,0.2999999999999999,0.2785714285714285
0.20096153846153844,1.0498046875,1.36328125,0.1,0.0,0.0,0.37500000000000006,0.007142857142857143,0.007142857142857143,0.11428571428571431,0.6500000000000002,0.2,0.0,0.47500000000000014,0.3142857142857141,0.2999999999999999,0.2785714285714285
0.20192307692307693,1.0546875,1.3671875,0.1,0.0,0.0,0.37500000000000006,0.007142857142857143,0.007142857142857143,0.12142857142857146,0.6500000000000002,0.2,0.0,0.47500000000000014,0.3142857142857141,0.2999999999999999,0.2785714285714285
0.20288461538461539,1.05859375,1.3740234375,0.1,0.0,0.0,0.37500000000000006,0.007142857142857143,0.007142857142857143,0.12142857142857146,0.6500000000000002,0.2,0.0,0.47500000000000014,0.3142857142857141,0.2999999999999999,0.28571428571428564
0.20384615384615384,1.0634765625,1.3779296875,0.1,0.0,0.0,0.37500000000000006,0.007142857142857143,0.007142857142857143,0.12142857142857146,0.6500000000000002,0.2,0.0,0.47500000000000014,0.32142857142857123,0.2999999999999999,0.28571428571428564
0.2048076923076923,1.0673828125,1.3828125,0.1,0.0,0.0,0.37500000000000006,0.007142857142857143,0.007142857142857143,0.12142857142857146,0.6500000000000002,0.2,0.0,0.47500000000000014,0.32857142857142835,0.2999999999999999,0.28571428571428564
0.20576923076923076,1.0712890625,1.388671875,0.1,0.0,0.0,0.37500000000000006,0.007142857142857143,0.007142857142857143,0.12142857142857146,0.6500000000000002,0.2,0.0,0.47500000000000014,0.32857142857142835,0.2999999999999999,0.29285714285714276
0.20673076923076922,1.0751953125,1.392578125,0.1,0.0,0.0,0.37500000000000006,0.007142857142857143,0.007142857142857143,0.12142857142857146,0.6500000000000002,0.2,0.0,0.47500000000000014,0.32857142857142835,0.2999999999999999,0.2999999999999999
0.20769230769230768,1.080078125,1.3974609375,0.1,0.0,0.0,0.37500000000000006,0.007142857142857143,0.007142857142857143,0.12142857142857146,0.6500000000000002,0.2,0.0,0.47500000000000014,0.33571428571428547,0.2999999999999999,0.2999999999999999
0.20865384615384613,1.083984375,1.40234375,0.1,0.0,0.0,0.37500000000000006,0.007142857142857143,0.007142857142857143,0.12142857142857146,0.6500000000000002,0.2,0.0,0.47500000000000014,0.3428571428571426,0.2999999999999999,0.2999999999999999
0.2096153846153846,1.087890625,1.4072265625,0.1,0.0,0.0,0.37500000000000006,0.007142857142857143,0.007142857142857143,0.12142857142857146,0.6500000000000002,0.2,0.0,0.47500000000000014,0.3499999999999997,0.2999999999999999,0.2999999999999999
0.21057692307692305,1.0927734375,1.4130859375,0.1,0.0,0.0,0.37500000000000006,0.007142857142857143,0.007142857142857143,0.1285714285714286,0.6500000000000002,0.2,0.0,0.47500000000000014,0.3499999999999997,0.2999999999999999,0.2999999999999999
0.2115384615384615,1.09765625,1.41796875,0.1,0.0,0.0,0.37500000000000006,0.007142857142857143,0.007142857142857143,0.13571428571428573,0.6500000000000002,0.2,0.0,0.47500000000000014,0.3499999999999997,0.2999999999999999,0.2999999999999999
0.21249999999999994,1.1015625,1.4228515625,0.1,0.0,0.0,0.37500000000000006,0.007142857142857143,0.007142857142857143,0.13571428571428573,0.6500000000000002,0.2,0.0,0.47500000000000014,0.3499999999999997,0.2999999999999999,0.307142857142857
0.21346153846153842,1.1064453125,1.4267578125,0.1,0.0,0.0,0.37500000000000006,0.007142857142857143,0.007142857142857143,0.13571428571428573,0.6500000000000002,0.2,0.0,0.47500000000000014,0.3571428571428568,0.2999999999999999,0.307142857142857
0.21442307692307686,1.1103515625,1.4345703125,0.1,0.0,0.0,0.37500000000000006,0.007142857142857143,0.007142857142857143,0.13571428571428573,0.6500000000000002,0.2,0.0,0.47500000000000014,0.36428571428571394,0.2999999999999999,0.307142857142857
0.21538461538461534,1.1142578125,1.4404296875,0.1,0.0,0.0,0.37500000000000006,0.007142857142857143,0.007142857142857143,0.13571428571428573,0.6500000000000002,0.2,0.0,0.47500000000000014,0.37142857142857105,0.2999999999999999,0.307142857142857
0.21634615384615377,1.1181640625,1.4443359375,0.1,0.0,0.0,0.37500000000000006,0.007142857142857143,0.007142857142857143,0.13571428571428573,0.6500000000000002,0.2,0.0,0.47500000000000014,0.37142857142857105,0.307142857142857,0.307142857142857
0.21730769230769226,1.1220703125,1.44921875,0.1,0.0,0.0,0.37500000000000006,0.007142857142857143,0.007142857142857143,0.13571428571428573,0.6500000000000002,0.2,0.0,0.47500000000000014,0.37142857142857105,0.3142857142857141,0.307142857142857
0.2182692307692307,1.1259765625,1.455078125,0.1,0.0,0.0,0.37500000000000006,0.007142857142857143,0.007142857142857143,0.13571428571428573,0.6500000000000002,0.2,0.0,0.47500000000000014,0.37142857142857105,0.32142857142857123,0.307142857142857
0.21923076923076917,1.1298828125,1.458984375,0.1,0.0,0.0,0.37500000000000006,0.007142857142857143,0.007142857142857143,0.13571428571428573,0.6500000000000002,0.2,0.0,0.47500000000000014,0.37142857142857105,0.32857142857142835,0.307142857142857
0.22019230769230763,1.134765625,1.4638671875,0.1,0.0,0.0,0.4000000000000001,0.007142857142857143,0.007142857142857143,0.13571428571428573,0.6500000000000002,0.2,0.0,0.47500000000000014,0.37142857142857105,0.32857142857142835,0.307142857142857
0.2211538461538461,1.1396484375,1.46875,0.1,0.0,0.0,0.4000000000000001,0.007142857142857143,0.007142857142857143,0.13571428571428573,0.6750000000000003,0.2,0.0,0.47500000000000014,0.37142857142857105,0.32857142857142835,0.307142857142857
0.22211538461538455,1.14453125,1.47265625,0.1,0.0,0.0,0.4000000000000001,0.007142857142857143,0.007142857142857143,0.13571428571428573,0.6750000000000003,0.2,0.0,0.5000000000000001,0.37142857142857105,0.32857142857142835,0.307142857142857
0.223076923076923,1.1484375,1.478515625,0.1,0.0,0.0,0.4000000000000001,0.007142857142857143,0.007142857142857143,0.13571428571428573,0.6750000000000003,0.2,0.0,0.5000000000000001,0.37142857142857105,0.33571428571428547,0.307142857142857
0.22403846153846146,1.15234375,1.4833984375,0.1,0.0,0.0,0.4000000000000001,0.007142857142857143,0.007142857142857143,0.13571428571428573,0.6750000000000003,0.2,0.0,0.5000000000000001,0.37142857142857105,0.3428571428571426,0.307142857142857
0.22499999999999992,1.15625,1.48828125,0.1,0.0,0.0,0.4000000000000001,0.007142857142857143,0.007142857142857143,0.13571428571428573,0.6750000000000003,0.2,0.0,0.5000000000000001,0.37142857142857105,0.3499999999999997,0.307142857142857
0.22596153846153838,1.16015625,1.49609375,0.1,0.0,0.0,0.4000000000000001,0.007142857142857143,0.007142857142857143,0.13571428571428573,0.6750000000000003,0.2,0.0,0.5000000000000001,0.37142857142857105,0.3571428571428568,0.307142857142857
0.22692307692307684,1.1640625,1.5009765625,0.1,0.0,0.0,0.4000000000000001,0.007142857142857143,0.007142857142857143,0.13571428571428573,0.6750000000000003,0.2,0.0,0.5000000000000001,0.37142857142857105,0.36428571428571394,0.307142857142857
0.22788461538461527,1.1689453125,1.505859375,0.1,0.0,0.0,0.4000000000000001,0.007142857142857143,0.007142857142857143,0.13571428571428573,0.6750000000000003,0.2,0.0,0.5000000000000001,0.37857142857142817,0.36428571428571394,0.307142857142857
0.22884615384615375,1.1728515625,1.5107421875,0.1,0.0,0.0,0.4000000000000001,0.007142857142857143,0.007142857142857143,0.13571428571428573,0.6750000000000003,0.2,0.0,0.5000000000000001,0.3857142857142853,0.36428571428571394,0.307142857142857
0.2298076923076922,1.1767578125,1.515625,0.1,0.0,0.0,0.4000000000000001,0.007142857142857143,0.007142857142857143,0.13571428571428573,0.6750000000000003,0.2,0.0,0.5000000000000001,0.3857142857142853,0.37142857142857105,0.307142857142857
0.23076923076923067,1.181640625,1.51953125,0.1,0.0,0.0,0.4000000000000001,0.007142857142857143,0.007142857142857143,0.13571428571428573,0.6750000000000003,0.2,0.0,0.5000000000000001,0.3928571428571424,0.37142857142857105,0.307142857142857
0.23173076923076913,1.185546875,1.5244140625,0.1,0.0,0.0,0.4000000000000001,0.007142857142857143,0.007142857142857143,0.13571428571428573,0.6750000000000003,0.2,0.0,0.5000000000000001,0.3999999999999995,0.37142857142857105,0.307142857142857
0.2326923076923076,1.189453125,1.529296875,0.1,0.0,0.0,0.4000000000000001,0.007142857142857143,0.007142857142857143,0.13571428571428573,0.6750000000000003,0.2,0.0,0.5000000000000001,0.3999999999999995,0.37857142857142817,0.307142857142857
0.23365384615384605,1.193359375,1.5341796875,0.1,0.0,0.0,0.4000000000000001,0.007142857142857143,0.007142857142857143,0.13571428571428573,0.6750000000000003,0.2,0.0,0.5000000000000001,0.3999999999999995,0.37857142857142817,0.3142857142857141
0.2346153846153845,1.1982421875,1.5400390625,0.1,0.0,0.0,0.4000000000000001,0.007142857142857143,0.007142857142857143,0.13571428571428573,0.6750000000000003,0.2,0.0,0.5000000000000001,0.40714285714285664,0.37857142857142817,0.3142857142857141
0.23557692307692296,1.2021484375,1.544921875,0.1,0.0,0.0,0.4000000000000001,0.007142857142857143,0.007142857142857143,0.13571428571428573,0.6750000000000003,0.2,0.0,0.5000000000000001,0.41428571428571376,0.37857142857142817,0.3142857142857141
0.23653846153846145,1.2060546875,1.5498046875,0.1,0.0,0.0,0.4000000000000001,0.007142857142857143,0.007142857142857143,0.13571428571428573,0.6750000000000003,0.2,0.0,0.5000000000000001,0.41428571428571376,0.3857142857142853,0.3142857142857141
0.23749999999999988,1.2099609375,1.5537109375,0.1,0.0,0.0,0.4000000000000001,0.007142857142857143,0.007142857142857143,0.13571428571428573,0.6750000000000003,0.2,0.0,0.5000000000000001,0.41428571428571376,0.3857142857142853,0.32142857142857123
0.23846153846153834,1.2138671875,1.55859375,0.1,0.0,0.0,0.4000000000000001,0.007142857142857143,0.007142857142857143,0.13571428571428573,0.6750000000000003,0.2,0.0,0.5000000000000001,0.41428571428571376,0.3928571428571424,0.32142857142857123
0.23942307692307677,1.21875,1.564453125,0.1,0.0,0.0,0.4000000000000001,0.007142857142857143,0.007142857142857143,0.13571428571428573,0.7000000000000003,0.2,0.0,0.5000000000000001,0.41428571428571376,0.3928571428571424,0.32142857142857123
0.24038461538461525,1.2236328125,1.5693359375,0.1,0.0,0.0,0.4000000000000001,0.014285714285714285,0.007142857142857143,0.13571428571428573,0.7000000000000003,0.2,0.0,0.5000000000000001,0.41428571428571376,0.3928571428571424,0.32142857142857123
0.24134615384615368,1.2275390625,1.57421875,0.1,0.0,0.0,0.4000000000000001,0.02142857142857143,0.007142857142857143,0.13571428571428573,0.7000000000000003,0.2,0.0,0.5000000000000001,0.41428571428571376,0.3928571428571424,0.32142857142857123
0.24230769230769217,1.2314453125,1.58203125,0.1,0.0,0.0,0.4000000000000001,0.02857142857142857,0.007142857142857143,0.13571428571428573,0.7000000000000003,0.2,0.0,0.5000000000000001,0.41428571428571376,0.3928571428571424,0.32142857142857123
0.24326923076923063,1.2353515625,1.5869140625,0.1,0.0,0.0,0.4000000000000001,0.03571428571428571,0.007142857142857143,0.13571428571428573,0.7000000000000003,0.2,0.0,0.5000000000000001,0.41428571428571376,0.3928571428571424,0.32142857142857123
0.2442307692307691,1.2392578125,1.5908203125,0.1,0.0,0.0,0.4000000000000001,0.03571428571428571,0.007142857142857143,0.13571428571428573,0.7000000000000003,0.2,0.0,0.5000000000000001,0.41428571428571376,0.3999999999999995,0.32142857142857123
0.2451923076923076,1.2431640625,1.5966796875,0.1,0.0,0.0,0.4000000000000001,0.03571428571428571,0.007142857142857143,0.13571428571428573,0.7000000000000003,0.2,0.0,0.5000000000000001,0.41428571428571376,0.3999999999999995,0.32857142857142835
0.24615384615384603,1.2470703125,1.6015625,0.1,0.0,0.0,0.4000000000000001,0.03571428571428571,0.007142857142857143,0.13571428571428573,0.7000000000000003,0.2,0.0,0.5000000000000001,0.41428571428571376,0.3999999999999995,0.33571428571428547
0.24711538461538446,1.2509765625,1.60546875,0.1,0.0,0.0,0.4000000000000001,0.03571428571428571,0.007142857142857143,0.13571428571428573,0.7000000000000003,0.2,0.0,0.5000000000000001,0.4214285714285709,0.3999999999999995,0.33571428571428547
0.24807692307692294,1.255859375,1.611328125,0.1,0.0,0.0,0.4250000000000001,0.03571428571428571,0.007142857142857143,0.13571428571428573,0.7000000000000003,0.2,0.0,0.5000000000000001,0.4214285714285709,0.3999999999999995,0.33571428571428547
0.24903846153846138,1.2607421875,1.6162109375,0.1,0.0,0.0,0.4250000000000001,0.04285714285714286,0.007142857142857143,0.13571428571428573,0.7000000000000003,0.2,0.0,0.5000000000000001,0.4214285714285709,0.3999999999999995,0.33571428571428547
0.24999999999999986,1.2646484375,1.62109375,0.1,0.0,0.0,0.4250000000000001,0.04285714285714286,0.007142857142857143,0.13571428571428573,0.7000000000000003,0.2,0.0,0.5000000000000001,0.4214285714285709,0.3999999999999995,0.3428571428571426
0.2509615384615383,1.2685546875,1.6259765625,0.1,0.0,0.0,0.4250000000000001,0.04285714285714286,0.007142857142857143,0.13571428571428573,0.7000000000000003,0.2,0.0,0.5000000000000001,0.4214285714285709,0.3999999999999995,0.3499999999999997
0.2519230769230768,1.2734375,1.630859375,0.125,0.0,0.0,0.4250000000000001,0.04285714285714286,0.007142857142857143,0.13571428571428573,0.7000000000000003,0.2,0.0,0.5000000000000001,0.4214285714285709,0.3999999999999995,0.3499999999999997
0.2528846153846152,1.2783203125,1.6357421875,0.125,0.0,0.0,0.4250000000000001,0.05,0.007142857142857143,0.13571428571428573,0.7000000000000003,0.2,0.0,0.5000000000000001,0.4214285714285709,0.3999999999999995,0.3499999999999997
0.25384615384615367,1.2822265625,1.6416015625,0.125,0.0,0.0,0.4250000000000001,0.05,0.007142857142857143,0.13571428571428573,0.7000000000000003,0.2,0.0,0.5000000000000001,0.4214285714285709,0.40714285714285664,0.3499999999999997
0.2548076923076921,1.2861328125,1.646484375,0.125,0.0,0.0,0.4250000000000001,0.05,0.007142857142857143,0.13571428571428573,0.7000000000000003,0.2,0.0,0.5000000000000001,0.4214285714285709,0.41428571428571376,0.3499999999999997
0.2557692307692306,1.2900390625,1.6513671875,0.125,0.0,0.0,0.4250000000000001,0.05,0.007142857142857143,0.13571428571428573,0.7000000000000003,0.2,0.0,0.5000000000000001,0.4214285714285709,0.4214285714285709,0.3499999999999997
0.25673076923076904,1.294921875,1.65625,0.125,0.0,0.0,0.4250000000000001,0.05714285714285715,0.007142857142857143,0.13571428571428573,0.7000000000000003,0.2,0.0,0.5000000000000001,0.4214285714285709,0.4214285714285709,0.3499999999999997
0.2576923076923075,1.2998046875,1.6611328125,0.125,0.0,0.0,0.4250000000000001,0.05714285714285715,0.014285714285714285,0.13571428571428573,0.7000000000000003,0.2,0.0,0.5000000000000001,0.4214285714285709,0.4214285714285709,0.3499999999999997
0.25865384615384596,1.3037109375,1.6650390625,0.125,0.0,0.0,0.4250000000000001,0.05714285714285715,0.02142857142857143,0.13571428571428573,0.7000000000000003,0.2,0.0,0.5000000000000001,0.4214285714285709,0.4214285714285709,0.3499999999999997
0.2596153846153844,1.306640625,1.6728515625,0.125,0.0,0.0,0.4250000000000001,0.05714285714285715,0.02857142857142857,0.13571428571428573,0.7000000000000003,0.2,0.0,0.5000000000000001,0.4214285714285709,0.4214285714285709,0.3499999999999997
0.2605769230769229,1.3115234375,1.67578125,0.125,0.0,0.0,0.4250000000000001,0.0642857142857143,0.02857142857142857,0.13571428571428573,0.7000000000000003,0.2,0.0,0.5000000000000001,0.4214285714285709,0.4214285714285709,0.3499999999999997
0.2615384615384614,1.31640625,1.68359375,0.125,0.0,0.0,0.4250000000000001,0.0642857142857143,0.03571428571428571,0.13571428571428573,0.7000000000000003,0.2,0.0,0.5000000000000001,0.4214285714285709,0.4214285714285709,0.3499999999999997
0.2624999999999998,1.3203125,1.689453125,0.125,0.0,0.0,0.4250000000000001,0.0642857142857143,0.04285714285714286,0.13571428571428573,0.7000000000000003,0.2,0.0,0.5000000000000001,0.4214285714285709,0.4214285714285709,0.3499999999999997
0.2634615384615383,1.32421875,1.6943359375,0.125,0.0,0.0,0.4250000000000001,0.0642857142857143,0.04285714285714286,0.13571428571428573,0.7000000000000003,0.2,0.0,0.5000000000000001,0.428571428571428,0.4214285714285709,0.3499999999999997
0.2644230769230767,1.3291015625,1.69921875,0.125,0.0,0.0,0.4250000000000001,0.0642857142857143,0.05,0.13571428571428573,0.7000000000000003,0.2,0.0,0.5000000000000001,0.428571428571428,0.4214285714285709,0.3499999999999997
0.2653846153846152,1.3330078125,1.7041015625,0.125,0.0,0.0,0.4250000000000001,0.0642857142857143,0.05,0.13571428571428573,0.7000000000000003,0.2,0.0,0.5000000000000001,0.4357142857142851,0.4214285714285709,0.3499999999999997
0.2663461538461536,1.337890625,1.708984375,0.125,0.0,0.0,0.4250000000000001,0.0642857142857143,0.05714285714285715,0.13571428571428573,0.7000000000000003,0.2,0.0,0.5000000000000001,0.4357142857142851,0.4214285714285709,0.3499999999999997
0.26730769230769214,1.3427734375,1.7138671875,0.125,0.0,0.0,0.4250000000000001,0.0642857142857143,0.05714285714285715,0.14285714285714288,0.7000000000000003,0.2,0.0,0.5000000000000001,0.4357142857142851,0.4214285714285709,0.3499999999999997
0.26826923076923054,1.3466796875,1.716796875,0.125,0.0,0.0,0.4250000000000001,0.0642857142857143,0.05714285714285715,0.14285714285714288,0.7000000000000003,0.2,0.0,0.5000000000000001,0.4428571428571422,0.4214285714285709,0.3499999999999997
0.26923076923076905,1.3515625,1.724609375,0.125,0.0,0.0,0.4250000000000001,0.0642857142857143,0.05714285714285715,0.15000000000000002,0.7000000000000003,0.2,0.0,0.5000000000000001,0.4428571428571422,0.4214285714285709,0.3499999999999997
0.2701923076923075,1.3564453125,1.7294921875,0.125,0.0,0.0,0.4250000000000001,0.0642857142857143,0.0642857142857143,0.15000000000000002,0.7000000000000003,0.2,0.0,0.5000000000000001,0.4428571428571422,0.4214285714285709,0.3499999999999997
0.27115384615384597,1.361328125,1.734375,0.125,0.0,0.0,0.4250000000000001,0.0642857142857143,0.0642857142857143,0.15714285714285717,0.7000000000000003,0.2,0.0,0.5000000000000001,0.4428571428571422,0.4214285714285709,0.3499999999999997
0.2721153846153844,1.3662109375,1.7412109375,0.125,0.0,0.0,0.4250000000000001,0.0642857142857143,0.0642857142857143,0.15714285714285717,0.7250000000000003,0.2,0.0,0.5000000000000001,0.4428571428571422,0.4214285714285709,0.3499999999999997
0.2730769230769229,1.37109375,1.74609375,0.125,0.0,0.0,0.4500000000000001,0.0642857142857143,0.0642857142857143,0.15714285714285717,0.7250000000000003,0.2,0.0,0.5000000000000001,0.4428571428571422,0.4214285714285709,0.3499999999999997
0.27403846153846134,1.3759765625,1.7509765625,0.125,0.0,0.0,0.4500000000000001,0.0642857142857143,0.0642857142857143,0.1642857142857143,0.7250000000000003,0.2,0.0,0.5000000000000001,0.4428571428571422,0.4214285714285709,0.3499999999999997
0.27499999999999986,1.380859375,1.755859375,0.125,0.0,0.0,0.4500000000000001,0.0642857142857143,0.0642857142857143,0.1642857142857143,0.7250000000000003,0.2,0.0,0.5250000000000001,0.4428571428571422,0.4214285714285709,0.3499999999999997
0.27596153846153826,1.384765625,1.7607421875,0.125,0.0,0.0,0.4500000000000001,0.0642857142857143,0.0642857142857143,0.1642857142857143,0.7250000000000003,0.2,0.0,0.5250000000000001,0.44999999999999934,0.4214285714285709,0.3499999999999997
0.27692307692307677,1.388671875,1.7666015625,0.125,0.0,0.0,0.4500000000000001,0.0642857142857143,0.0642857142857143,0.1642857142857143,0.7250000000000003,0.2,0.0,0.5250000000000001,0.44999999999999934,0.428571428571428,0.3499999999999997
0.2778846153846152,1.392578125,1.771484375,0.125,0.0,0.0,0.4500000000000001,0.0642857142857143,0.0642857142857143,0.1642857142857143,0.7250000000000003,0.2,0.0,0.5250000000000001,0.44999999999999934,0.4357142857142851,0.3499999999999997
0.2788461538461537,1.396484375,1.7763671875,0.125,0.0,0.0,0.4500000000000001,0.0642857142857143,0.0642857142857143,0.1642857142857143,0.7250000000000003,0.2,0.0,0.5250000000000001,0.44999999999999934,0.4428571428571422,0.3499999999999997
0.2798076923076921,1.400390625,1.78125,0.125,0.0,0.0,0.4500000000000001,0.0642857142857143,0.0642857142857143,0.1642857142857143,0.7250000000000003,0.2,0.0,0.5250000000000001,0.44999999999999934,0.44999999999999934,0.3499999999999997
0.2807692307692306,1.4052734375,1.787109375,0.125,0.0,0.0,0.4500000000000001,0.0642857142857143,0.0642857142857143,0.1642857142857143,0.7250000000000003,0.2,0.0,0.5250000000000001,0.45714285714285646,0.44999999999999934,0.3499999999999997
0.281730769230769,1.4091796875,1.79296875,0.125,0.0,0.0,0.4500000000000001,0.0642857142857143,0.0642857142857143,0.1642857142857143,0.7250000000000003,0.2,0.0,0.5250000000000001,0.4642857142857136,0.44999999999999934,0.3499999999999997
0.2826923076923075,1.4130859375,1.7978515625,0.125,0.0,0.0,0.4500000000000001,0.0642857142857143,0.0642857142857143,0.1642857142857143,0.7250000000000003,0.2,0.0,0.5250000000000001,0.4714285714285707,0.44999999999999934,0.3499999999999997
0.283653846153846,1.4169921875,1.802734375,0.125,0.0,0.0,0.4500000000000001,0.0642857142857143,0.0642857142857143,0.1642857142857143,0.7250000000000003,0.2,0.0,0.5250000000000001,0.4714285714285707,0.44999999999999934,0.3571428571428568
0.28461538461538444,1.4208984375,1.8076171875,0.125,0.0,0.0,0.4500000000000001,0.0642857142857143,0.0642857142857143,0.1642857142857143,0.7250000000000003,0.2,0.0,0.5250000000000001,0.4714285714285707,0.44999999999999934,0.36428571428571394
0.28557692307692284,1.42578125,1.8134765625,0.15,0.0,0.0,0.4500000000000001,0.0642857142857143,0.0642857142857143,0.1642857142857143,0.7250000000000003,0.2,0.0,0.5250000000000001,0.4714285714285707,0.44999999999999934,0.36428571428571394
0.2865384615384613,1.4306640625,1.818359375,0.15,0.0,0.0,0.4500000000000001,0.0642857142857143,0.0642857142857143,0.1642857142857143,0.7250000000000003,0.2,0.0,0.5500000000000002,0.4714285714285707,0.44999999999999934,0.36428571428571394
0.28749999999999976,1.435546875,1.8232421875,0.15,0.0,0.0,0.4500000000000001,0.0642857142857143,0.0642857142857143,0.1642857142857143,0.7250000000000003,0.2,0.0,0.5500000000000002,0.4785714285714278,0.44999999999999934,0.36428571428571394
0.2884615384615382,1.439453125,1.828125,0.15,0.0,0.0,0.4500000000000001,0.0642857142857143,0.0642857142857143,0.1642857142857143,0.7250000000000003,0.2,0.0,0.5500000000000002,0.48571428571428493,0.44999999999999934,0.36428571428571394
0.28942307692307667,1.443359375,1.833984375,0.15,0.0,0.0,0.4500000000000001,0.0642857142857143,0.0642857142857143,0.1642857142857143,0.7250000000000003,0.2,0.0,0.5500000000000002,0.48571428571428493,0.44999999999999934,0.37142857142857105
0.2903846153846152,1.447265625,1.837890625,0.15,0.0,0.0,0.4500000000000001,0.0642857142857143,0.0642857142857143,0.1642857142857143,0.7250000000000003,0.2,0.0,0.5500000000000002,0.49285714285714205,0.44999999999999934,0.37142857142857105
0.29134615384615364,1.4521484375,1.84375,0.15,0.0,0.0,0.4500000000000001,0.0642857142857143,0.07142857142857144,0.1642857142857143,0.7250000000000003,0.2,0.0,0.5500000000000002,0.49285714285714205,0.44999999999999934,0.37142857142857105
0.2923076923076921,1.45703125,1.84765625,0.15,0.0,0.0,0.4500000000000001,0.0642857142857143,0.07142857142857144,0.1642857142857143,0.7250000000000003,0.2,0.0,0.5500000000000002,0.49999999999999917,0.44999999999999934,0.37142857142857105
0.2932692307692305,1.4609375,1.853515625,0.15,0.0,0.0,0.4500000000000001,0.0642857142857143,0.07142857142857144,0.1642857142857143,0.7250000000000003,0.2,0.0,0.5500000000000002,0.49999999999999917,0.44999999999999934,0.37857142857142817
0.294230769230769,1.46484375,1.857421875,0.15,0.0,0.0,0.4500000000000001,0.0642857142857143,0.07142857142857144,0.1642857142857143,0.7250000000000003,0.2,0.0,0.5500000000000002,0.49999999999999917,0.45714285714285646,0.37857142857142817
0.2951923076923074,1.46875,1.8623046875,0.15,0.0,0.0,0.4500000000000001,0.0642857142857143,0.07142857142857144,0.1642857142857143,0.7250000000000003,0.2,0.0,0.5500000000000002,0.49999999999999917,0.4642857142857136,0.37857142857142817
0.29615384615384593,1.47265625,1.8681640625,0.15,0.0,0.0,0.4500000000000001,0.0642857142857143,0.07142857142857144,0.1642857142857143,0.7250000000000003,0.2,0.0,0.5500000000000002,0.49999999999999917,0.4714285714285707,0.37857142857142817
0.29711538461538434,1.4765625,1.873046875,0.15,0.0,0.0,0.4500000000000001,0.0642857142857143,0.07142857142857144,0.1642857142857143,0.7250000000000003,0.2,0.0,0.5500000000000002,0.49999999999999917,0.4785714285714278,0.37857142857142817
0.29807692307692285,1.4814453125,1.87890625,0.15,0.0,0.0,0.4500000000000001,0.0642857142857143,0.07142857142857144,0.1642857142857143,0.7250000000000003,0.2,0.0,0.5500000000000002,0.5071428571428563,0.4785714285714278,0.37857142857142817
0.2990384615384613,1.4853515625,1.8828125,0.15,0.0,0.0,0.4500000000000001,0.0642857142857143,0.07142857142857144,0.1642857142857143,0.7250000000000003,0.2,0.0,0.5500000000000002,0.5142857142857135,0.4785714285714278,0.37857142857142817
0.29999999999999977,1.4892578125,1.884765625,0.15,0.0,0.0,0.4500000000000001,0.0642857142857143,0.07142857142857144,0.1642857142857143,0.7250000000000003,0.2,0.0,0.5500000000000002,0.5142857142857135,0.48571428571428493,0.37857142857142817
0.3009615384615383,1.4931640625,1.890625,0.15,0.0,0.0,0.4500000000000001,0.0642857142857143,0.07142857142857144,0.1642857142857143,0.7250000000000003,0.2,0.0,0.5500000000000002,0.5142857142857135,0.48571428571428493,0.3857142857142853
0.3019230769230767,1.4970703125,1.8984375,0.15,0.0,0.0,0.4500000000000001,0.0642857142857143,0.07142857142857144,0.1642857142857143,0.7250000000000003,0.2,0.0,0.5500000000000002,0.5142857142857135,0.48571428571428493,0.3928571428571424
0.3028846153846152,1.5009765625,1.9033203125,0.15,0.0,0.0,0.4500000000000001,0.0642857142857143,0.07142857142857144,0.1642857142857143,0.7250000000000003,0.2,0.0,0.5500000000000002,0.5142857142857135,0.48571428571428493,0.3999999999999995
0.3038461538461536,1.5048828125,1.90625,0.15,0.0,0.0,0.4500000000000001,0.0642857142857143,0.07142857142857144,0.1642857142857143,0.7250000000000003,0.2,0.0,0.5500000000000002,0.5142857142857135,0.48571428571428493,0.40714285714285664
0.304807692307692,1.509765625,1.912109375,0.15,0.0,0.0,0.4500000000000001,0.07142857142857144,0.07142857142857144,0.1642857142857143,0.7250000000000003,0.2,0.0,0.5500000000000002,0.5142857142857135,0.48571428571428493,0.40714285714285664
0.3057692307692305,1.5146484375,1.9169921875,0.15,0.0,0.0,0.4500000000000001,0.07857142857142858,0.07142857142857144,0.1642857142857143,0.7250000000000003,0.2,0.0,0.5500000000000002,0.5142857142857135,0.48571428571428493,0.40714285714285664
0.3067307692307689,1.5185546875,1.921875,0.15,0.0,0.0,0.4500000000000001,0.07857142857142858,0.07142857142857144,0.1642857142857143,0.7250000000000003,0.2,0.0,0.5500000000000002,0.5142857142857135,0.49285714285714205,0.40714285714285664
0.30769230769230743,1.5234375,1.92578125,0.15,0.0,0.0,0.4500000000000001,0.08571428571428573,0.07142857142857144,0.1642857142857143,0.7250000000000003,0.2,0.0,0.5500000000000002,0.5142857142857135,0.49285714285714205,0.40714285714285664
0.3086538461538459,1.5283203125,1.931640625,0.15,0.0,0.0,0.4500000000000001,0.08571428571428573,0.07857142857142858,0.1642857142857143,0.7250000000000003,0.2,0.0,0.5500000000000002,0.5142857142857135,0.49285714285714205,0.40714285714285664
0.30961538461538435,1.533203125,1.9375,0.15,0.0,0.0,0.4500000000000001,0.08571428571428573,0.07857142857142858,0.17142857142857146,0.7250000000000003,0.2,0.0,0.5500000000000002,0.5142857142857135,0.49285714285714205,0.40714285714285664
0.31057692307692275,1.5380859375,1.94140625,0.15,0.0,0.0,0.47500000000000014,0.08571428571428573,0.07857142857142858,0.17142857142857146,0.7250000000000003,0.2,0.0,0.5500000000000002,0.5142857142857135,0.49285714285714205,0.40714285714285664
0.31153846153846126,1.54296875,1.9462890625,0.15,0.0,0.0,0.47500000000000014,0.08571428571428573,0.07857142857142858,0.1785714285714286,0.7250000000000003,0.2,0.0,0.5500000000000002,0.5142857142857135,0.49285714285714205,0.40714285714285664
0.3124999999999997,1.5478515625,1.9521484375,0.15,0.0,0.0,0.47500000000000014,0.08571428571428573,0.07857142857142858,0.18571428571428575,0.7250000000000003,0.2,0.0,0.5500000000000002,0.5142857142857135,0.49285714285714205,0.40714285714285664
0.3134615384615382,1.552734375,1.95703125,0.175,0.0,0.0,0.47500000000000014,0.08571428571428573,0.07857142857142858,0.18571428571428575,0.7250000000000003,0.2,0.0,0.5500000000000002,0.5142857142857135,0.49285714285714205,0.40714285714285664
0.3144230769230767,1.5576171875,1.9609375,0.175,0.0,0.0,0.47500000000000014,0.09285714285714287,0.07857142857142858,0.18571428571428575,0.7250000000000003,0.2,0.0,0.5500000000000002,0.5142857142857135,0.49285714285714205,0.40714285714285664
0.3153846153846151,1.5625,1.966796875,0.175,0.0,0.0,0.47500000000000014,0.09285714285714287,0.07857142857142858,0.1928571428571429,0.7250000000000003,0.2,0.0,0.5500000000000002,0.5142857142857135,0.49285714285714205,0.40714285714285664
0.31634615384615355,1.5673828125,1.9716796875,0.175,0.0,0.0,0.47500000000000014,0.09285714285714287,0.07857142857142858,0.1928571428571429,0.7500000000000003,0.2,0.0,0.5500000000000002,0.5142857142857135,0.49285714285714205,0.40714285714285664
0.317307692307692,1.5712890625,1.9765625,0.175,0.0,0.0,0.47500000000000014,0.09285714285714287,0.07857142857142858,0.1928571428571429,0.7500000000000003,0.2,0.0,0.5500000000000002,0.5214285714285706,0.49285714285714205,0.40714285714285664
0.3182692307692305,1.576171875,1.982421875,0.175,0.0,0.0,0.47500000000000014,0.09285714285714287,0.07857142857142858,0.1928571428571429,0.7750000000000004,0.2,0.0,0.5500000000000002,0.5214285714285706,0.49285714285714205,0.40714285714285664
0.319230769230769,1.5810546875,1.9873046875,0.175,0.0,0.0,0.47500000000000014,0.09285714285714287,0.07857142857142858,0.1928571428571429,0.7750000000000004,0.2,0.0,0.5500000000000002,0.5285714285714277,0.49285714285714205,0.40714285714285664
0.3201923076923074,1.5849609375,1.9921875,0.175,0.0,0.0,0.47500000000000014,0.09285714285714287,0.07857142857142858,0.1928571428571429,0.7750000000000004,0.2,0.0,0.5500000000000002,0.5357142857142848,0.49285714285714205,0.40714285714285664
0.32115384615384585,1.58984375,1.998046875,0.175,0.0,0.0,0.47500000000000014,0.10000000000000002,0.07857142857142858,0.1928571428571429,0.7750000000000004,0.2,0.0,0.5500000000000002,0.5357142857142848,0.49285714285714205,0.40714285714285664
0.32211538461538436,1.5947265625,2.00390625,0.175,0.0,0.0,0.47500000000000014,0.10000000000000002,0.07857142857142858,0.1928571428571429,0.7750000000000004,0.30000000000000004,0.0,0.5500000000000002,0.5357142857142848,0.49285714285714205,0.40714285714285664
0.3230769230769228,1.599609375,2.0078125,0.175,0.0,0.0,0.47500000000000014,0.10000000000000002,0.07857142857142858,0.1928571428571429,0.7750000000000004,0.30000000000000004,0.0,0.5500000000000002,0.5428571428571419,0.49285714285714205,0.40714285714285664
0.3240384615384613,1.603515625,2.013671875,0.175,0.0,0.0,0.47500000000000014,0.10000000000000002,0.07857142857142858,0.1928571428571429,0.7750000000000004,0.30000000000000004,0.0,0.5500000000000002,0.549999999999999,0.49285714285714205,0.40714285714285664
0.3249999999999998,1.607421875,2.017578125,0.175,0.0,0.0,0.47500000000000014,0.10000000000000002,0.07857142857142858,0.1928571428571429,0.7750000000000004,0.30000000000000004,0.0,0.5500000000000002,0.549999999999999,0.49285714285714205,0.41428571428571376
0.32596153846153825,1.611328125,2.0234375,0.175,0.0,0.0,0.47500000000000014,0.10000000000000002,0.07857142857142858,0.1928571428571429,0.7750000000000004,0.30000000000000004,0.0,0.5500000000000002,0.549999999999999,0.49285714285714205,0.4214285714285709
0.32692307692307665,1.615234375,2.02734375,0.175,0.0,0.0,0.47500000000000014,0.10000000000000002,0.07857142857142858,0.1928571428571429,0.7750000000000004,0.30000000000000004,0.0,0.5500000000000002,0.549999999999999,0.49285714285714205,0.428571428571428
0.3278846153846151,1.6201171875,2.033203125,0.175,0.0,0.0,0.47500000000000014,0.10000000000000002,0.07857142857142858,0.1928571428571429,0.7750000000000004,0.30000000000000004,0.0,0.5500000000000002,0.5571428571428562,0.49285714285714205,0.428571428571428
0.3288461538461536,1.6240234375,2.0390625,0.175,0.0,0.0,0.47500000000000014,0.10000000000000002,0.07857142857142858,0.1928571428571429,0.7750000000000004,0.30000000000000004,0.0,0.5500000000000002,0.5571428571428562,0.49999999999999917,0.428571428571428
0.3298076923076921,1.6279296875,2.044921875,0.175,0.0,0.0,0.47500000000000014,0.10000000000000002,0.07857142857142858,0.1928571428571429,0.7750000000000004,0.30000000000000004,0.0,0.5500000000000002,0.5571428571428562,0.5071428571428563,0.428571428571428
0.3307692307692305,1.6318359375,2.048828125,0.175,0.0,0.0,0.47500000000000014,0.10000000000000002,0.07857142857142858,0.1928571428571429,0.7750000000000004,0.30000000000000004,0.0,0.5500000000000002,0.5571428571428562,0.5142857142857135,0.428571428571428
0.33173076923076894,1.6357421875,2.0546875,0.175,0.0,0.0,0.47500000000000014,0.10000000000000002,0.07857142857142858,0.1928571428571429,0.7750000000000004,0.30000000000000004,0.0,0.5500000000000002,0.5571428571428562,0.5214285714285706,0.428571428571428
0.33269230769230745,1.640625,2.05859375,0.175,0.0,0.0,0.47500000000000014,0.10000000000000002,0.08571428571428573,0.1928571428571429,0.7750000000000004,0.30000000000000004,0.0,0.5500000000000002,0.5571428571428562,0.5214285714285706,0.428571428571428
0.3336538461538459,1.6455078125,2.064453125,0.175,0.0,0.0,0.47500000000000014,0.10000000000000002,0.08571428571428573,0.1928571428571429,0.7750000000000004,0.30000000000000004,0.0,0.5500000000000002,0.5642857142857133,0.5214285714285706,0.428571428571428
0.3346153846153843,1.6494140625,2.06640625,0.175,0.0,0.0,0.47500000000000014,0.10000000000000002,0.08571428571428573,0.1928571428571429,0.7750000000000004,0.30000000000000004,0.0,0.5500000000000002,0.5642857142857133,0.5285714285714277,0.428571428571428
0.3355769230769228,1.6533203125,2.07421875,0.175,0.0,0.0,0.47500000000000014,0.10000000000000002,0.08571428571428573,0.1928571428571429,0.7750000000000004,0.30000000000000004,0.0,0.5500000000000002,0.5642857142857133,0.5357142857142848,0.428571428571428
0.3365384615384613,1.658203125,2.076171875,0.175,0.0,0.0,0.47500000000000014,0.10000000000000002,0.08571428571428573,0.1928571428571429,0.7750000000000004,0.30000000000000004,0.0,0.5750000000000002,0.5642857142857133,0.5357142857142848,0.428571428571428
0.33749999999999974,1.6630859375,2.08203125,0.175,0.0,0.0,0.47500000000000014,0.10000000000000002,0.09285714285714287,0.1928571428571429,0.7750000000000004,0.30000000000000004,0.0,0.5750000000000002,0.5642857142857133,0.5357142857142848,0.428571428571428
0.33846153846153815,1.66796875,2.087890625,0.175,0.0,0.0,0.47500000000000014,0.10000000000000002,0.09285714285714287,0.1928571428571429,0.7750000000000004,0.30000000000000004,0.0,0.5750000000000002,0.5714285714285704,0.5357142857142848,0.428571428571428
0.3394230769230766,1.6728515625,2.09375,0.175,0.0,0.0,0.47500000000000014,0.10000000000000002,0.10000000000000002,0.1928571428571429,0.7750000000000004,0.30000000000000004,0.0,0.5750000000000002,0.5714285714285704,0.5357142857142848,0.428571428571428
0.3403846153846151,1.677734375,2.099609375,0.175,0.0,0.0,0.47500000000000014,0.10000000000000002,0.10000000000000002,0.1928571428571429,0.7750000000000004,0.30000000000000004,0.0,0.5750000000000002,0.5785714285714275,0.5357142857142848,0.428571428571428
0.3413461538461536,1.681640625,2.103515625,0.175,0.0,0.0,0.47500000000000014,0.10000000000000002,0.10000000000000002,0.1928571428571429,0.7750000000000004,0.30000000000000004,0.0,0.5750000000000002,0.5785714285714275,0.5357142857142848,0.4357142857142851
0.342307692307692,1.685546875,2.109375,0.175,0.0,0.0,0.47500000000000014,0.10000000000000002,0.10000000000000002,0.1928571428571429,0.7750000000000004,0.30000000000000004,0.0,0.5750000000000002,0.5785714285714275,0.5357142857142848,0.4428571428571422
0.34326923076923044,1.689453125,2.11328125,0.175,0.0,0.0,0.47500000000000014,0.10000000000000002,0.10000000000000002,0.1928571428571429,0.7750000000000004,0.30000000000000004,0.0,0.5750000000000002,0.5785714285714275,0.5357142857142848,0.44999999999999934
0.34423076923076895,1.6943359375,2.119140625,0.175,0.0,0.0,0.47500000000000014,0.10000000000000002,0.10000000000000002,0.20000000000000004,0.7750000000000004,0.30000000000000004,0.0,0.5750000000000002,0.5785714285714275,0.5357142857142848,0.44999999999999934
0.3451923076923074,1.69921875,2.125,0.175,0.0,0.0,0.47500000000000014,0.10000000000000002,0.10000000000000002,0.20000000000000004,0.7750000000000004,0.30000000000000004,0.0,0.5750000000000002,0.5785714285714275,0.5428571428571419,0.44999999999999934
0.34615384615384587,1.703125,2.12890625,0.175,0.0,0.0,0.47500000000000014,0.10000000000000002,0.10000000000000002,0.20000000000000004,0.7750000000000004,0.30000000000000004,0.0,0.5750000000000002,0.5785714285714275,0.549999999999999,0.44999999999999934
0.3471153846153844,1.70703125,2.134765625,0.175,0.0,0.0,0.47500000000000014,0.10000000000000002,0.10000000000000002,0.20000000000000004,0.7750000000000004,0.30000000000000004,0.0,0.5750000000000002,0.5785714285714275,0.5571428571428562,0.44999999999999934
0.3480769230769228,1.7109375,2.140625,0.175,0.0,0.0,0.47500000000000014,0.10000000000000002,0.10000000000000002,0.20000000000000004,0.7750000000000004,0.30000000000000004,0.0,0.5750000000000002,0.5785714285714275,0.5571428571428562,0.45714285714285646
0.34903846153846124,1.71484375,2.14453125,0.175,0.0,0.0,0.47500000000000014,0.10000000000000002,0.10000000000000002,0.20000000000000004,0.7750000000000004,0.30000000000000004,0.0,0.5750000000000002,0.5785714285714275,0.5571428571428562,0.4642857142857136
0.34999999999999964,1.7197265625,2.150390625,0.175,0.0,0.0,0.47500000000000014,0.10000000000000002,0.10000000000000002,0.20714285714285718,0.7750000000000004,0.30000000000000004,0.0,0.5750000000000002,0.5785714285714275,0.5571428571428562,0.4642857142857136
0.3509615384615381,1.724609375,2.15625,0.175,0.0,0.0,0.5000000000000001,0.10000000000000002,0.10000000000000002,0.20714285714285718,0.7750000000000004,0.30000000000000004,0.0,0.5750000000000002,0.5785714285714275,0.5571428571428562,0.4642857142857136
0.3519230769230766,1.7294921875,2.162109375,0.175,0.0,0.0,0.5000000000000001,0.10000000000000002,0.10000000000000002,0.21428571428571433,0.7750000000000004,0.30000000000000004,0.0,0.5750000000000002,0.5785714285714275,0.5571428571428562,0.4642857142857136
0.3528846153846151,1.734375,2.166015625,0.19999999999999998,0.0,0.0,0.5000000000000001,0.10000000000000002,0.10000000000000002,0.21428571428571433,0.7750000000000004,0.30000000000000004,0.0,0.5750000000000002,0.5785714285714275,0.5571428571428562,0.4642857142857136
0.35384615384615353,1.7392578125,2.171875,0.19999999999999998,0.0,0.0,0.5000000000000001,0.10000000000000002,0.10000000000000002,0.21428571428571433,0.7750000000000004,0.30000000000000004,0.0,0.5750000000000002,0.5857142857142846,0.5571428571428562,0.4642857142857136
0.35480769230769194,1.7431640625,2.17578125,0.19999999999999998,0.0,0.0,0.5000000000000001,0.10000000000000002,0.10000000000000002,0.21428571428571433,0.7750000000000004,0.30000000000000004,0.0,0.5750000000000002,0.5928571428571418,0.5571428571428562,0.4642857142857136
0.35576923076923045,1.748046875,2.1796875,0.19999999999999998,0.0,0.0,0.5000000000000001,0.10714285714285716,0.10000000000000002,0.21428571428571433,0.7750000000000004,0.30000000000000004,0.0,0.5750000000000002,0.5928571428571418,0.5571428571428562,0.4642857142857136
0.3567307692307689,1.7529296875,2.18359375,0.19999999999999998,0.0,0.0,0.5000000000000001,0.11428571428571431,0.10000000000000002,0.21428571428571433,0.7750000000000004,0.30000000000000004,0.0,0.5750000000000002,0.5928571428571418,0.5571428571428562,0.4642857142857136
0.35769230769230737,1.7578125,2.189453125,0.19999999999999998,0.0,0.0,0.5000000000000001,0.11428571428571431,0.10000000000000002,0.21428571428571433,0.7750000000000004,0.30000000000000004,0.0,0.5750000000000002,0.5999999999999989,0.5571428571428562,0.4642857142857136
0.35865384615384577,1.76171875,2.1953125,0.19999999999999998,0.0,0.0,0.5000000000000001,0.11428571428571431,0.10000000000000002,0.21428571428571433,0.7750000000000004,0.30000000000000004,0.0,0.5750000000000002,0.5999999999999989,0.5571428571428562,0.4714285714285707
0.3596153846153843,1.7666015625,2.19921875,0.19999999999999998,0.0,0.0,0.5000000000000001,0.11428571428571431,0.10000000000000002,0.21428571428571433,0.7750000000000004,0.30000000000000004,0.0,0.5750000000000002,0.607142857142856,0.5571428571428562,0.4714285714285707
0.36057692307692274,1.7705078125,2.20703125,0.19999999999999998,0.0,0.0,0.5000000000000001,0.11428571428571431,0.10000000000000002,0.21428571428571433,0.7750000000000004,0.30000000000000004,0.0,0.5750000000000002,0.6142857142857131,0.5571428571428562,0.4714285714285707
0.36153846153846114,1.7744140625,2.2109375,0.19999999999999998,0.0,0.0,0.5000000000000001,0.11428571428571431,0.10000000000000002,0.21428571428571433,0.7750000000000004,0.30000000000000004,0.0,0.5750000000000002,0.6142857142857131,0.5642857142857133,0.4714285714285707
0.3624999999999996,1.779296875,2.216796875,0.19999999999999998,0.0,0.0,0.5000000000000001,0.11428571428571431,0.10000000000000002,0.21428571428571433,0.7750000000000004,0.30000000000000004,0.1,0.5750000000000002,0.6142857142857131,0.5642857142857133,0.4714285714285707
0.3634615384615381,1.7841796875,2.220703125,0.19999999999999998,0.0,0.0,0.5000000000000001,0.12142857142857146,0.10000000000000002,0.21428571428571433,0.7750000000000004,0.30000000000000004,0.1,0.5750000000000002,0.6142857142857131,0.5642857142857133,0.4714285714285707
0.36442307692307657,1.7890625,2.2265625,0.19999999999999998,0.0,0.0,0.5000000000000001,0.12142857142857146,0.10000000000000002,0.22142857142857147,0.7750000000000004,0.30000000000000004,0.1,0.5750000000000002,0.6142857142857131,0.5642857142857133,0.4714285714285707
0.365384615384615,1.7939453125,2.232421875,0.19999999999999998,0.0,0.0,0.5000000000000001,0.12142857142857146,0.10000000000000002,0.22857142857142862,0.7750000000000004,0.30000000000000004,0.1,0.5750000000000002,0.6142857142857131,0.5642857142857133,0.4714285714285707
0.36634615384615343,1.7978515625,2.236328125,0.19999999999999998,0.0,0.0,0.5000000000000001,0.12142857142857146,0.10000000000000002,0.22857142857142862,0.7750000000000004,0.30000000000000004,0.1,0.5750000000000002,0.6142857142857131,0.5642857142857133,0.4785714285714278
0.36730769230769195,1.8017578125,2.2421875,0.19999999999999998,0.0,0.0,0.5000000000000001,0.12142857142857146,0.10000000000000002,0.22857142857142862,0.7750000000000004,0.30000000000000004,0.1,0.5750000000000002,0.6142857142857131,0.5642857142857133,0.48571428571428493
0.3682692307692304,1.806640625,2.24609375,0.19999999999999998,0.0,0.0,0.5000000000000001,0.12142857142857146,0.10000000000000002,0.22857142857142862,0.7750000000000004,0.30000000000000004,0.1,0.5750000000000002,0.6214285714285702,0.5642857142857133,0.48571428571428493
0.36923076923076886,1.810546875,2.251953125,0.19999999999999998,0.0,0.0,0.5000000000000001,0.12142857142857146,0.10000000000000002,0.22857142857142862,0.7750000000000004,0.30000000000000004,0.1,0.5750000000000002,0.6214285714285702,0.5714285714285704,0.48571428571428493
0.3701923076923074,1.814453125,2.2578125,0.19999999999999998,0.0,0.0,0.5000000000000001,0.12142857142857146,0.10000000000000002,0.22857142857142862,0.7750000000000004,0.30000000000000004,0.1,0.5750000000000002,0.6214285714285702,0.5785714285714275,0.48571428571428493
0.37115384615384583,1.8193359375,2.26171875,0.19999999999999998,0.0,0.0,0.5000000000000001,0.12142857142857146,0.10000000000000002,0.22857142857142862,0.8000000000000004,0.30000000000000004,0.1,0.5750000000000002,0.6214285714285702,0.5785714285714275,0.48571428571428493
0.37211538461538424,1.82421875,2.267578125,0.19999999999999998,0.0,0.0,0.5000000000000001,0.12142857142857146,0.10000000000000002,0.22857142857142862,0.8000000000000004,0.30000000000000004,0.1,0.5750000000000002,0.6285714285714273,0.5785714285714275,0.48571428571428493
0.3730769230769227,1.828125,2.2734375,0.19999999999999998,0.0,0.0,0.5000000000000001,0.12142857142857146,0.10000000000000002,0.22857142857142862,0.8000000000000004,0.30000000000000004,0.1,0.5750000000000002,0.6285714285714273,0.5785714285714275,0.49285714285714205
0.3740384615384612,1.8330078125,2.279296875,0.19999999999999998,0.0,0.0,0.5000000000000001,0.12142857142857146,0.10000000000000002,0.22857142857142862,0.8000000000000004,0.30000000000000004,0.1,0.5750000000000002,0.6285714285714273,0.5857142857142846,0.49285714285714205
0.37499999999999967,1.8369140625,2.283203125,0.19999999999999998,0.0,0.0,0.5000000000000001,0.12142857142857146,0.10000000000000002,0.22857142857142862,0.8000000000000004,0.30000000000000004,0.1,0.5750000000000002,0.6285714285714273,0.5928571428571418,0.49285714285714205
0.3759615384615381,1.8408203125,2.28515625,0.19999999999999998,0.0,0.0,0.5000000000000001,0.12142857142857146,0.10000000000000002,0.22857142857142862,0.8000000000000004,0.30000000000000004,0.1,0.5750000000000002,0.6285714285714273,0.5999999999999989,0.49285714285714205
0.3769230769230765,1.845703125,2.291015625,0.19999999999999998,0.0,0.0,0.5000000000000001,0.1285714285714286,0.10000000000000002,0.22857142857142862,0.8000000000000004,0.30000000000000004,0.1,0.5750000000000002,0.6285714285714273,0.5999999999999989,0.49285714285714205
0.37788461538461504,1.8505859375,2.296875,0.19999999999999998,0.0,0.0,0.5000000000000001,0.1285714285714286,0.10000000000000002,0.22857142857142862,0.8000000000000004,0.30000000000000004,0.1,0.5750000000000002,0.6357142857142845,0.5999999999999989,0.49285714285714205
0.37884615384615344,1.8544921875,2.302734375,0.19999999999999998,0.0,0.0,0.5000000000000001,0.1285714285714286,0.10000000000000002,0.22857142857142862,0.8000000000000004,0.30000000000000004,0.1,0.5750000000000002,0.6357142857142845,0.5999999999999989,0.49999999999999917
0.3798076923076919,1.859375,2.306640625,0.19999999999999998,0.0,0.0,0.5000000000000001,0.1285714285714286,0.10000000000000002,0.22857142857142862,0.8000000000000004,0.30000000000000004,0.1,0.5750000000000002,0.6428571428571416,0.5999999999999989,0.49999999999999917
0.3807692307692303,1.86328125,2.3125,0.19999999999999998,0.0,0.0,0.5000000000000001,0.1285714285714286,0.10000000000000002,0.22857142857142862,0.8000000000000004,0.30000000000000004,0.1,0.5750000000000002,0.6499999999999987,0.5999999999999989,0.49999999999999917
0.38173076923076876,1.8671875,2.318359375,0.19999999999999998,0.0,0.0,0.5000000000000001,0.1285714285714286,0.10000000000000002,0.22857142857142862,0.8000000000000004,0.30000000000000004,0.1,0.5750000000000002,0.6499999999999987,0.607142857142856,0.49999999999999917
0.3826923076923073,1.87109375,2.32421875,0.19999999999999998,0.0,0.0,0.5000000000000001,0.1285714285714286,0.10000000000000002,0.22857142857142862,0.8000000000000004,0.30000000000000004,0.1,0.5750000000000002,0.6499999999999987,0.6142857142857131,0.49999999999999917
0.3836538461538457,1.8759765625,2.328125,0.19999999999999998,0.0,0.0,0.5000000000000001,0.1285714285714286,0.10000000000000002,0.22857142857142862,0.8000000000000004,0.30000000000000004,0.1,0.5750000000000002,0.6571428571428558,0.6142857142857131,0.49999999999999917
0.38461538461538414,1.8798828125,2.333984375,0.19999999999999998,0.0,0.0,0.5000000000000001,0.1285714285714286,0.10000000000000002,0.22857142857142862,0.8000000000000004,0.30000000000000004,0.1,0.5750000000000002,0.6571428571428558,0.6142857142857131,0.5071428571428563
0.3855769230769227,1.884765625,2.33984375,0.19999999999999998,0.0,0.0,0.5000000000000001,0.1285714285714286,0.10714285714285716,0.22857142857142862,0.8000000000000004,0.30000000000000004,0.1,0.5750000000000002,0.6571428571428558,0.6142857142857131,0.5071428571428563
0.3865384615384611,1.8896484375,2.34375,0.19999999999999998,0.0,0.0,0.5000000000000001,0.1285714285714286,0.10714285714285716,0.22857142857142862,0.8000000000000004,0.30000000000000004,0.1,0.6000000000000002,0.6571428571428558,0.6142857142857131,0.5071428571428563
0.38749999999999957,1.89453125,2.3515625,0.19999999999999998,0.0,0.0,0.5000000000000001,0.1285714285714286,0.10714285714285716,0.22857142857142862,0.8000000000000004,0.30000000000000004,0.1,0.6000000000000002,0.6642857142857129,0.6142857142857131,0.5071428571428563
0.388461538461538,1.8984375,2.35546875,0.19999999999999998,0.0,0.0,0.5000000000000001,0.1285714285714286,0.10714285714285716,0.22857142857142862,0.8000000000000004,0.30000000000000004,0.1,0.6000000000000002,0.6642857142857129,0.6214285714285702,0.5071428571428563
0.3894230769230764,1.9033203125,2.361328125,0.19999999999999998,0.0,0.0,0.5000000000000001,0.1285714285714286,0.10714285714285716,0.22857142857142862,0.8000000000000004,0.30000000000000004,0.1,0.6000000000000002,0.6642857142857129,0.6285714285714273,0.5071428571428563
0.39038461538461494,1.9072265625,2.36328125,0.19999999999999998,0.0,0.0,0.5000000000000001,0.1285714285714286,0.10714285714285716,0.22857142857142862,0.8000000000000004,0.30000000000000004,0.1,0.6000000000000002,0.6642857142857129,0.6357142857142845,0.5071428571428563
0.3913461538461534,1.9111328125,2.369140625,0.19999999999999998,0.0,0.0,0.5000000000000001,0.1285714285714286,0.10714285714285716,0.22857142857142862,0.8000000000000004,0.30000000000000004,0.1,0.6000000000000002,0.6642857142857129,0.6428571428571416,0.5071428571428563
0.39230769230769186,1.916015625,2.373046875,0.19999999999999998,0.0,0.0,0.5000000000000001,0.1285714285714286,0.10714285714285716,0.22857142857142862,0.8000000000000004,0.30000000000000004,0.1,0.6000000000000002,0.6642857142857129,0.6499999999999987,0.5071428571428563
0.39326923076923037,1.919921875,2.37890625,0.19999999999999998,0.0,0.0,0.5000000000000001,0.1285714285714286,0.10714285714285716,0.22857142857142862,0.8000000000000004,0.30000000000000004,0.1,0.6000000000000002,0.6642857142857129,0.6571428571428558,0.5071428571428563
0.3942307692307688,1.9248046875,2.384765625,0.19999999999999998,0.0,0.0,0.5000000000000001,0.1285714285714286,0.10714285714285716,0.22857142857142862,0.8000000000000004,0.30000000000000004,0.1,0.6000000000000002,0.6642857142857129,0.6642857142857129,0.5071428571428563
0.39519230769230723,1.9287109375,2.388671875,0.19999999999999998,0.0,0.0,0.5000000000000001,0.1285714285714286,0.10714285714285716,0.22857142857142862,0.8000000000000004,0.30000000000000004,0.1,0.6000000000000002,0.6642857142857129,0.6642857142857129,0.5142857142857135
0.3961538461538457,1.9326171875,2.39453125,0.19999999999999998,0.0,0.0,0.5000000000000001,0.1285714285714286,0.10714285714285716,0.22857142857142862,0.8000000000000004,0.30000000000000004,0.1,0.6000000000000002,0.6642857142857129,0.6642857142857129,0.5214285714285706
0.3971153846153842,1.9375,2.400390625,0.22499999999999998,0.0,0.0,0.5000000000000001,0.1285714285714286,0.10714285714285716,0.22857142857142862,0.8000000000000004,0.30000000000000004,0.1,0.6000000000000002,0.6642857142857129,0.6642857142857129,0.5214285714285706
0.39807692307692266,1.9423828125,2.40625,0.22499999999999998,0.0,0.0,0.5000000000000001,0.1285714285714286,0.11428571428571431,0.22857142857142862,0.8000000000000004,0.30000000000000004,0.1,0.6000000000000002,0.6642857142857129,0.6642857142857129,0.5214285714285706
0.39903846153846106,1.947265625,2.412109375,0.22499999999999998,0.0,0.0,0.5000000000000001,0.1285714285714286,0.11428571428571431,0.22857142857142862,0.8000000000000004,0.30000000000000004,0.1,0.6000000000000002,0.6642857142857129,0.67142857142857,0.5214285714285706
0.3999999999999996,1.9521484375,2.416015625,0.22499999999999998,0.0,0.0,0.5250000000000001,0.1285714285714286,0.11428571428571431,0.22857142857142862,0.8000000000000004,0.30000000000000004,0.1,0.6000000000000002,0.6642857142857129,0.67142857142857,0.5214285714285706
0.4009615384615381,1.95703125,2.421875,0.22499999999999998,0.0,0.0,0.5250000000000001,0.1285714285714286,0.11428571428571431,0.22857142857142862,0.8000000000000004,0.30000000000000004,0.1,0.6000000000000002,0.6642857142857129,0.67142857142857,0.5285714285714277
0.4019230769230765,1.9609375,2.427734375,0.22499999999999998,0.0,0.0,0.5250000000000001,0.1285714285714286,0.11428571428571431,0.22857142857142862,0.8000000000000004,0.30000000000000004,0.1,0.6000000000000002,0.6642857142857129,0.67142857142857,0.5357142857142848
0.40288461538461495,1.96484375,2.4296875,0.22499999999999998,0.0,0.0,0.5250000000000001,0.1285714285714286,0.11428571428571431,0.22857142857142862,0.8000000000000004,0.30000000000000004,0.1,0.6000000000000002,0.6642857142857129,0.67142857142857,0.5428571428571419
0.40384615384615336,1.9697265625,2.435546875,0.22499999999999998,0.0,0.0,0.5250000000000001,0.13571428571428573,0.11428571428571431,0.22857142857142862,0.8000000000000004,0.30000000000000004,0.1,0.6000000000000002,0.6642857142857129,0.67142857142857,0.5428571428571419
0.40480769230769187,1.974609375,2.44140625,0.22499999999999998,0.0,0.0,0.5250000000000001,0.13571428571428573,0.11428571428571431,0.22857142857142862,0.8000000000000004,0.30000000000000004,0.1,0.6000000000000002,0.6642857142857129,0.67142857142857,0.549999999999999
0.40576923076923027,1.978515625,2.4453125,0.22499999999999998,0.0,0.0,0.5250000000000001,0.13571428571428573,0.11428571428571431,0.22857142857142862,0.8000000000000004,0.30000000000000004,0.1,0.6000000000000002,0.6642857142857129,0.67142857142857,0.5571428571428562
0.4067307692307688,1.9833984375,2.451171875,0.22499999999999998,0.0,0.0,0.5250000000000001,0.13571428571428573,0.11428571428571431,0.23571428571428577,0.8000000000000004,0.30000000000000004,0.1,0.6000000000000002,0.6642857142857129,0.67142857142857,0.5571428571428562
0.4076923076923072,1.98828125,2.455078125,0.22499999999999998,0.0,0.0,0.5250000000000001,0.13571428571428573,0.11428571428571431,0.2428571428571429,0.8000000000000004,0.30000000000000004,0.1,0.6000000000000002,0.6642857142857129,0.67142857142857,0.5571428571428562
0.4086538461538456,1.9931640625,2.4609375,0.22499999999999998,0.0,0.0,0.5250000000000001,0.14285714285714288,0.11428571428571431,0.2428571428571429,0.8000000000000004,0.30000000000000004,0.1,0.6000000000000002,0.6642857142857129,0.67142857142857,0.5571428571428562
0.40961538461538416,1.998046875,2.466796875,0.22499999999999998,0.0,0.0,0.5250000000000001,0.15000000000000002,0.11428571428571431,0.2428571428571429,0.8000000000000004,0.30000000000000004,0.1,0.6000000000000002,0.6642857142857129,0.67142857142857,0.5571428571428562
0.4105769230769226,2.001953125,2.470703125,0.22499999999999998,0.0,0.0,0.5250000000000001,0.15000000000000002,0.11428571428571431,0.2428571428571429,0.8000000000000004,0.30000000000000004,0.1,0.6000000000000002,0.6642857142857129,0.67142857142857,0.5642857142857133
0.411538461538461,2.0078125,2.4765625,0.24999999999999997,0.0,0.0,0.5250000000000001,0.15000000000000002,0.11428571428571431,0.2428571428571429,0.8000000000000004,0.30000000000000004,0.1,0.6000000000000002,0.6642857142857129,0.67142857142857,0.5642857142857133
0.41249999999999953,2.01171875,2.48046875,0.24999999999999997,0.0,0.0,0.5250000000000001,0.15000000000000002,0.11428571428571431,0.2428571428571429,0.8000000000000004,0.30000000000000004,0.1,0.6000000000000002,0.6642857142857129,0.67142857142857,0.5714285714285704
0.41346153846153805,2.017578125,2.484375,0.27499999999999997,0.0,0.0,0.5250000000000001,0.15000000000000002,0.11428571428571431,0.2428571428571429,0.8000000000000004,0.30000000000000004,0.1,0.6000000000000002,0.6642857142857129,0.67142857142857,0.5714285714285704
0.4144230769230765,2.021484375,2.48828125,0.27499999999999997,0.0,0.0,0.5250000000000001,0.15000000000000002,0.11428571428571431,0.2428571428571429,0.8000000000000004,0.30000000000000004,0.1,0.6000000000000002,0.6642857142857129,0.67142857142857,0.5785714285714275
0.4153846153846149,2.02734375,2.49609375,0.27499999999999997,0.0,0.0,0.5500000000000002,0.15000000000000002,0.11428571428571431,0.2428571428571429,0.8000000000000004,0.30000000000000004,0.1,0.6000000000000002,0.6642857142857129,0.67142857142857,0.5785714285714275
0.41634615384615337,2.033203125,2.5,0.27499999999999997,0.0,0.0,0.5500000000000002,0.15714285714285717,0.11428571428571431,0.2428571428571429,0.8000000000000004,0.30000000000000004,0.1,0.6000000000000002,0.6642857142857129,0.67142857142857,0.5785714285714275
0.4173076923076918,2.037109375,2.505859375,0.27499999999999997,0.0,0.0,0.5500000000000002,0.15714285714285717,0.11428571428571431,0.2428571428571429,0.8000000000000004,0.30000000000000004,0.1,0.6000000000000002,0.6642857142857129,0.67142857142857,0.5857142857142846
0.41826923076923034,2.04296875,2.51171875,0.27499999999999997,0.0,0.0,0.5500000000000002,0.1642857142857143,0.11428571428571431,0.2428571428571429,0.8000000000000004,0.30000000000000004,0.1,0.6000000000000002,0.6642857142857129,0.67142857142857,0.5857142857142846
0.41923076923076874,2.046875,2.515625,0.27499999999999997,0.0,0.0,0.5500000000000002,0.1642857142857143,0.11428571428571431,0.2428571428571429,0.8000000000000004,0.30000000000000004,0.1,0.6000000000000002,0.67142857142857,0.67142857142857,0.5857142857142846
0.4201923076923073,2.052734375,2.521484375,0.3,0.0,0.0,0.5500000000000002,0.1642857142857143,0.11428571428571431,0.2428571428571429,0.8000000000000004,0.30000000000000004,0.1,0.6000000000000002,0.67142857142857,0.67142857142857,0.5857142857142846
0.4211538461538457,2.05859375,2.52734375,0.3,0.0,0.0,0.5500000000000002,0.17142857142857146,0.11428571428571431,0.2428571428571429,0.8000000000000004,0.30000000000000004,0.1,0.6000000000000002,0.67142857142857,0.67142857142857,0.5857142857142846
0.4221153846153841,2.0625,2.533203125,0.3,0.0,0.0,0.5500000000000002,0.17142857142857146,0.11428571428571431,0.2428571428571429,0.8000000000000004,0.30000000000000004,0.1,0.6000000000000002,0.67142857142857,0.67142857142857,0.5928571428571418
0.4230769230769226,2.068359375,2.537109375,0.3,0.0,0.0,0.5500000000000002,0.1785714285714286,0.11428571428571431,0.2428571428571429,0.8000000000000004,0.30000000000000004,0.1,0.6000000000000002,0.67142857142857,0.67142857142857,0.5928571428571418
0.4240384615384611,2.07421875,2.54296875,0.3,0.0,0.0,0.5500000000000002,0.18571428571428575,0.11428571428571431,0.2428571428571429,0.8000000000000004,0.30000000000000004,0.1,0.6000000000000002,0.67142857142857,0.67142857142857,0.5928571428571418
0.4249999999999995,2.078125,2.548828125,0.3,0.0,0.0,0.5500000000000002,0.18571428571428575,0.11428571428571431,0.2428571428571429,0.8000000000000004,0.30000000000000004,0.1,0.6000000000000002,0.67142857142857,0.6785714285714272,0.5928571428571418
0.42596153846153795,2.083984375,2.552734375,0.3,0.0,0.0,0.5500000000000002,0.1928571428571429,0.11428571428571431,0.2428571428571429,0.8000000000000004,0.30000000000000004,0.1,0.6000000000000002,0.67142857142857,0.6785714285714272,0.5928571428571418
0.4269230769230764,2.087890625,2.55859375,0.3,0.0,0.0,0.5500000000000002,0.1928571428571429,0.11428571428571431,0.2428571428571429,0.8000000000000004,0.30000000000000004,0.1,0.6000000000000002,0.67142857142857,0.6857142857142843,0.5928571428571418
0.4278846153846149,2.091796875,2.564453125,0.3,0.0,0.0,0.5500000000000002,0.1928571428571429,0.11428571428571431,0.2428571428571429,0.8000000000000004,0.30000000000000004,0.1,0.6000000000000002,0.67142857142857,0.6928571428571414,0.5928571428571418
0.4288461538461534,2.09765625,2.5703125,0.3,0.0,0.0,0.5500000000000002,0.1928571428571429,0.12142857142857146,0.2428571428571429,0.8000000000000004,0.30000000000000004,0.1,0.6000000000000002,0.67142857142857,0.6928571428571414,0.5928571428571418
0.4298076923076918,2.1015625,2.572265625,0.3,0.0,0.0,0.5500000000000002,0.1928571428571429,0.1285714285714286,0.2428571428571429,0.8000000000000004,0.30000000000000004,0.1,0.6000000000000002,0.67142857142857,0.6928571428571414,0.5928571428571418
0.43076923076923024,2.107421875,2.578125,0.3,0.0,0.0,0.5500000000000002,0.1928571428571429,0.13571428571428573,0.2428571428571429,0.8000000000000004,0.30000000000000004,0.1,0.6000000000000002,0.67142857142857,0.6928571428571414,0.5928571428571418
0.43173076923076875,2.111328125,2.58203125,0.3,0.0,0.0,0.5500000000000002,0.1928571428571429,0.13571428571428573,0.25000000000000006,0.8000000000000004,0.30000000000000004,0.1,0.6000000000000002,0.67142857142857,0.6928571428571414,0.5928571428571418
0.4326923076923072,2.1171875,2.587890625,0.3,0.0,0.0,0.5500000000000002,0.1928571428571429,0.14285714285714288,0.25000000000000006,0.8000000000000004,0.30000000000000004,0.1,0.6000000000000002,0.67142857142857,0.6928571428571414,0.5928571428571418
0.43365384615384567,2.123046875,2.59375,0.3,0.1,0.0,0.5500000000000002,0.1928571428571429,0.14285714285714288,0.25000000000000006,0.8000000000000004,0.30000000000000004,0.1,0.6000000000000002,0.67142857142857,0.6928571428571414,0.5928571428571418
0.4346153846153842,2.12890625,2.599609375,0.3,0.1,0.0,0.5500000000000002,0.20000000000000004,0.14285714285714288,0.25000000000000006,0.8000000000000004,0.30000000000000004,0.1,0.6000000000000002,0.67142857142857,0.6928571428571414,0.5928571428571418
0.4355769230769226,2.134765625,2.603515625,0.3,0.1,0.0,0.5500000000000002,0.20714285714285718,0.14285714285714288,0.25000000000000006,0.8000000000000004,0.30000000000000004,0.1,0.6000000000000002,0.67142857142857,0.6928571428571414,0.5928571428571418
0.43653846153846104,2.140625,2.609375,0.3,0.1,0.0,0.5500000000000002,0.21428571428571433,0.14285714285714288,0.25000000000000006,0.8000000000000004,0.30000000000000004,0.1,0.6000000000000002,0.67142857142857,0.6928571428571414,0.5928571428571418
0.4374999999999995,2.14453125,2.615234375,0.3,0.1,0.0,0.5500000000000002,0.21428571428571433,0.14285714285714288,0.25000000000000006,0.8000000000000004,0.30000000000000004,0.1,0.6000000000000002,0.67142857142857,0.6999999999999985,0.5928571428571418
0.438461538461538,2.150390625,2.619140625,0.3,0.1,0.0,0.5500000000000002,0.22142857142857147,0.14285714285714288,0.25000000000000006,0.8000000000000004,0.30000000000000004,0.1,0.6000000000000002,0.67142857142857,0.6999999999999985,0.5928571428571418
0.4394230769230764,2.15625,2.626953125,0.3,0.1,0.0,0.5500000000000002,0.22142857142857147,0.15000000000000002,0.25000000000000006,0.8000000000000004,0.30000000000000004,0.1,0.6000000000000002,0.67142857142857,0.6999999999999985,0.5928571428571418
0.44038461538461493,2.16015625,2.630859375,0.3,0.1,0.0,0.5500000000000002,0.22142857142857147,0.15000000000000002,0.2571428571428572,0.8000000000000004,0.30000000000000004,0.1,0.6000000000000002,0.67142857142857,0.6999999999999985,0.5928571428571418
0.44134615384615333,2.166015625,2.63671875,0.3,0.1,0.0,0.5500000000000002,0.22142857142857147,0.15714285714285717,0.2571428571428572,0.8000000000000004,0.30000000000000004,0.1,0.6000000000000002,0.67142857142857,0.6999999999999985,0.5928571428571418
0.44230769230769185,2.171875,2.642578125,0.3,0.1,0.0,0.5500000000000002,0.22142857142857147,0.1642857142857143,0.2571428571428572,0.8000000000000004,0.30000000000000004,0.1,0.6000000000000002,0.67142857142857,0.6999999999999985,0.5928571428571418
0.4432692307692303,2.17578125,2.646484375,0.3,0.1,0.0,0.5500000000000002,0.22142857142857147,0.1642857142857143,0.2642857142857143,0.8000000000000004,0.30000000000000004,0.1,0.6000000000000002,0.67142857142857,0.6999999999999985,0.5928571428571418
0.44423076923076876,2.1796875,2.6484375,0.3,0.1,0.0,0.5500000000000002,0.22142857142857147,0.1642857142857143,0.2642857142857143,0.8000000000000004,0.30000000000000004,0.1,0.6000000000000002,0.67142857142857,0.6999999999999985,0.5999999999999989
0.44519230769230717,2.185546875,2.654296875,0.3,0.1,0.0,0.5500000000000002,0.22142857142857147,0.17142857142857146,0.2642857142857143,0.8000000000000004,0.30000000000000004,0.1,0.6000000000000002,0.67142857142857,0.6999999999999985,0.5999999999999989
0.4461538461538457,2.189453125,2.658203125,0.3,0.1,0.0,0.5500000000000002,0.22142857142857147,0.17142857142857146,0.2642857142857143,0.8000000000000004,0.30000000000000004,0.1,0.6000000000000002,0.67142857142857,0.6999999999999985,0.607142857142856
0.4471153846153842,2.1953125,2.666015625,0.3,0.1,0.0,0.5500000000000002,0.22142857142857147,0.1785714285714286,0.2642857142857143,0.8000000000000004,0.30000000000000004,0.1,0.6000000000000002,0.67142857142857,0.6999999999999985,0.607142857142856
0.4480769230769226,2.201171875,2.671875,0.3,0.1,0.0,0.5750000000000002,0.22142857142857147,0.1785714285714286,0.2642857142857143,0.8000000000000004,0.30000000000000004,0.1,0.6000000000000002,0.67142857142857,0.6999999999999985,0.607142857142856
0.4490384615384611,2.20703125,2.67578125,0.3,0.1,0.0,0.5750000000000002,0.22142857142857147,0.1785714285714286,0.2714285714285714,0.8000000000000004,0.30000000000000004,0.1,0.6000000000000002,0.67142857142857,0.6999999999999985,0.607142857142856
0.44999999999999957,2.2109375,2.681640625,0.3,0.1,0.0,0.5750000000000002,0.22142857142857147,0.1785714285714286,0.2785714285714285,0.8000000000000004,0.30000000000000004,0.1,0.6000000000000002,0.67142857142857,0.6999999999999985,0.607142857142856
0.45096153846153797,2.216796875,2.6875,0.3,0.1,0.0,0.5750000000000002,0.22142857142857147,0.18571428571428575,0.2785714285714285,0.8000000000000004,0.30000000000000004,0.1,0.6000000000000002,0.67142857142857,0.6999999999999985,0.607142857142856
0.45192307692307654,2.22265625,2.69140625,0.3,0.1,0.0,0.5750000000000002,0.22142857142857147,0.1928571428571429,0.2785714285714285,0.8000000000000004,0.30000000000000004,0.1,0.6000000000000002,0.67142857142857,0.6999999999999985,0.607142857142856
0.45288461538461494,2.228515625,2.697265625,0.3,0.1,0.0,0.5750000000000002,0.22857142857142862,0.1928571428571429,0.2785714285714285,0.8000000000000004,0.30000000000000004,0.1,0.6000000000000002,0.67142857142857,0.6999999999999985,0.607142857142856
0.4538461538461534,2.234375,2.703125,0.3,0.1,0.0,0.5750000000000002,0.23571428571428577,0.1928571428571429,0.2785714285714285,0.8000000000000004,0.30000000000000004,0.1,0.6000000000000002,0.67142857142857,0.6999999999999985,0.607142857142856
0.45480769230769186,2.23828125,2.70703125,0.3,0.1,0.0,0.5750000000000002,0.23571428571428577,0.1928571428571429,0.2785714285714285,0.8000000000000004,0.30000000000000004,0.1,0.6000000000000002,0.6785714285714272,0.6999999999999985,0.607142857142856
0.45576923076923026,2.244140625,2.712890625,0.3,0.1,0.0,0.5750000000000002,0.2428571428571429,0.1928571428571429,0.2785714285714285,0.8000000000000004,0.30000000000000004,0.1,0.6000000000000002,0.6785714285714272,0.6999999999999985,0.607142857142856
0.45673076923076883,2.25,2.716796875,0.3,0.1,0.0,0.5750000000000002,0.2428571428571429,0.1928571428571429,0.28571428571428564,0.8000000000000004,0.30000000000000004,0.1,0.6000000000000002,0.6785714285714272,0.6999999999999985,0.607142857142856
0.45769230769230723,2.25390625,2.72265625,0.3,0.1,0.0,0.5750000000000002,0.2428571428571429,0.1928571428571429,0.28571428571428564,0.8000000000000004,0.30000000000000004,0.1,0.6250000000000002,0.6785714285714272,0.6999999999999985,0.607142857142856
0.4586538461538457,2.2578125,2.728515625,0.3,0.1,0.0,0.5750000000000002,0.2428571428571429,0.1928571428571429,0.28571428571428564,0.8000000000000004,0.30000000000000004,0.1,0.6250000000000002,0.6857142857142843,0.6999999999999985,0.607142857142856
0.4596153846153842,2.26171875,2.734375,0.3,0.1,0.0,0.5750000000000002,0.2428571428571429,0.1928571428571429,0.28571428571428564,0.8000000000000004,0.30000000000000004,0.1,0.6250000000000002,0.6928571428571414,0.6999999999999985,0.607142857142856
0.4605769230769226,2.267578125,2.740234375,0.325,0.1,0.0,0.5750000000000002,0.2428571428571429,0.1928571428571429,0.28571428571428564,0.8000000000000004,0.30000000000000004,0.1,0.6250000000000002,0.6928571428571414,0.6999999999999985,0.607142857142856
0.4615384615384611,2.2734375,2.744140625,0.325,0.1,0.0,0.5750000000000002,0.2428571428571429,0.1928571428571429,0.29285714285714276,0.8000000000000004,0.30000000000000004,0.1,0.6250000000000002,0.6928571428571414,0.6999999999999985,0.607142857142856
0.4624999999999995,2.27734375,2.748046875,0.325,0.1,0.0,0.5750000000000002,0.2428571428571429,0.1928571428571429,0.29285714285714276,0.8000000000000004,0.30000000000000004,0.1,0.6250000000000002,0.6999999999999985,0.6999999999999985,0.607142857142856
0.4634615384615379,2.28125,2.751953125,0.325,0.1,0.0,0.5750000000000002,0.2428571428571429,0.1928571428571429,0.29285714285714276,0.8000000000000004,0.30000000000000004,0.1,0.6250000000000002,0.6999999999999985,0.6999999999999985,0.6142857142857131
0.46442307692307633,2.287109375,2.759765625,0.325,0.1,0.0,0.5750000000000002,0.2428571428571429,0.1928571428571429,0.2999999999999999,0.8000000000000004,0.30000000000000004,0.1,0.6250000000000002,0.6999999999999985,0.6999999999999985,0.6142857142857131
0.4653846153846149,2.291015625,2.763671875,0.325,0.1,0.0,0.5750000000000002,0.2428571428571429,0.1928571428571429,0.2999999999999999,0.8000000000000004,0.30000000000000004,0.1,0.6250000000000002,0.7071428571428556,0.6999999999999985,0.6142857142857131
0.4663461538461533,2.294921875,2.76953125,0.325,0.1,0.0,0.5750000000000002,0.2428571428571429,0.1928571428571429,0.2999999999999999,0.8000000000000004,0.30000000000000004,0.1,0.6250000000000002,0.7142857142857127,0.6999999999999985,0.6142857142857131
0.46730769230769187,2.30078125,2.775390625,0.325,0.1,0.0,0.5750000000000002,0.25000000000000006,0.1928571428571429,0.2999999999999999,0.8000000000000004,0.30000000000000004,0.1,0.6250000000000002,0.7142857142857127,0.6999999999999985,0.6142857142857131
0.46826923076923027,2.306640625,2.779296875,0.325,0.1,0.0,0.5750000000000002,0.25000000000000006,0.1928571428571429,0.307142857142857,0.8000000000000004,0.30000000000000004,0.1,0.6250000000000002,0.7142857142857127,0.6999999999999985,0.6142857142857131
0.46923076923076873,2.310546875,2.78515625,0.325,0.1,0.0,0.5750000000000002,0.25000000000000006,0.1928571428571429,0.307142857142857,0.8000000000000004,0.30000000000000004,0.1,0.6250000000000002,0.7142857142857127,0.6999999999999985,0.6214285714285702
0.47019230769230713,2.31640625,2.7890625,0.325,0.1,0.0,0.5750000000000002,0.25000000000000006,0.1928571428571429,0.3142857142857141,0.8000000000000004,0.30000000000000004,0.1,0.6250000000000002,0.7142857142857127,0.6999999999999985,0.6214285714285702
0.4711538461538457,2.3203125,2.794921875,0.325,0.1,0.0,0.5750000000000002,0.25000000000000006,0.1928571428571429,0.3142857142857141,0.8000000000000004,0.30000000000000004,0.1,0.6250000000000002,0.7214285714285699,0.6999999999999985,0.6214285714285702
0.4721153846153841,2.326171875,2.80078125,0.325,0.1,0.0,0.5750000000000002,0.25000000000000006,0.1928571428571429,0.32142857142857123,0.8000000000000004,0.30000000000000004,0.1,0.6250000000000002,0.7214285714285699,0.6999999999999985,0.6214285714285702
0.4730769230769225,2.330078125,2.806640625,0.325,0.1,0.0,0.5750000000000002,0.25000000000000006,0.1928571428571429,0.32142857142857123,0.8000000000000004,0.30000000000000004,0.1,0.6250000000000002,0.728571428571427,0.6999999999999985,0.6214285714285702
0.474038461538461,2.333984375,2.810546875,0.325,0.1,0.0,0.5750000000000002,0.25000000000000006,0.1928571428571429,0.32142857142857123,0.8000000000000004,0.30000000000000004,0.1,0.6250000000000002,0.7357142857142841,0.6999999999999985,0.6214285714285702
0.47499999999999953,2.337890625,2.81640625,0.325,0.1,0.0,0.5750000000000002,0.25000000000000006,0.1928571428571429,0.32142857142857123,0.8000000000000004,0.30000000000000004,0.1,0.6250000000000002,0.7357142857142841,0.6999999999999985,0.6285714285714273
0.47596153846153794,2.34375,2.822265625,0.325,0.1,0.0,0.5750000000000002,0.25000000000000006,0.1928571428571429,0.32857142857142835,0.8000000000000004,0.30000000000000004,0.1,0.6250000000000002,0.7357142857142841,0.6999999999999985,0.6285714285714273
0.4769230769230764,2.34765625,2.828125,0.325,0.1,0.0,0.5750000000000002,0.25000000000000006,0.1928571428571429,0.32857142857142835,0.8000000000000004,0.30000000000000004,0.1,0.6250000000000002,0.7428571428571412,0.6999999999999985,0.6285714285714273
0.47788461538461485,2.353515625,2.833984375,0.325,0.1,0.0,0.5750000000000002,0.25000000000000006,0.20000000000000004,0.32857142857142835,0.8000000000000004,0.30000000000000004,0.1,0.6250000000000002,0.7428571428571412,0.6999999999999985,0.6285714285714273
0.47884615384615326,2.359375,2.837890625,0.325,0.1,0.0,0.5750000000000002,0.25000000000000006,0.20714285714285718,0.32857142857142835,0.8000000000000004,0.30000000000000004,0.1,0.6250000000000002,0.7428571428571412,0.6999999999999985,0.6285714285714273
0.4798076923076918,2.365234375,2.84375,0.35000000000000003,0.1,0.0,0.5750000000000002,0.25000000000000006,0.20714285714285718,0.32857142857142835,0.8000000000000004,0.30000000000000004,0.1,0.6250000000000002,0.7428571428571412,0.6999999999999985,0.6285714285714273
0.4807692307692302,2.37109375,2.84765625,0.35000000000000003,0.1,0.0,0.5750000000000002,0.25000000000000006,0.21428571428571433,0.32857142857142835,0.8000000000000004,0.30000000000000004,0.1,0.6250000000000002,0.7428571428571412,0.6999999999999985,0.6285714285714273
0.48173076923076863,2.375,2.8515625,0.35000000000000003,0.1,0.0,0.5750000000000002,0.25000000000000006,0.21428571428571433,0.32857142857142835,0.8000000000000004,0.30000000000000004,0.1,0.6250000000000002,0.7499999999999983,0.6999999999999985,0.6285714285714273
0.4826923076923072,2.380859375,2.85546875,0.35000000000000003,0.1,0.0,0.5750000000000002,0.25000000000000006,0.21428571428571433,0.33571428571428547,0.8000000000000004,0.30000000000000004,0.1,0.6250000000000002,0.7499999999999983,0.6999999999999985,0.6285714285714273
0.48365384615384566,2.384765625,2.861328125,0.35000000000000003,0.1,0.0,0.5750000000000002,0.25000000000000006,0.21428571428571433,0.33571428571428547,0.8000000000000004,0.30000000000000004,0.1,0.6250000000000002,0.7499999999999983,0.6999999999999985,0.6357142857142845
0.4846153846153841,2.388671875,2.8671875,0.35000000000000003,0.1,0.0,0.5750000000000002,0.25000000000000006,0.21428571428571433,0.33571428571428547,0.8000000000000004,0.30000000000000004,0.1,0.6250000000000002,0.7499999999999983,0.6999999999999985,0.6428571428571416
0.4855769230769225,2.39453125,2.873046875,0.35000000000000003,0.1,0.0,0.5750000000000002,0.25000000000000006,0.22142857142857147,0.33571428571428547,0.8000000000000004,0.30000000000000004,0.1,0.6250000000000002,0.7499999999999983,0.6999999999999985,0.6428571428571416
0.4865384615384611,2.400390625,2.87890625,0.35000000000000003,0.1,0.0,0.5750000000000002,0.25000000000000006,0.22142857142857147,0.3428571428571426,0.8000000000000004,0.30000000000000004,0.1,0.6250000000000002,0.7499999999999983,0.6999999999999985,0.6428571428571416
0.4874999999999995,2.404296875,2.8828125,0.35000000000000003,0.1,0.0,0.5750000000000002,0.25000000000000006,0.22142857142857147,0.3428571428571426,0.8000000000000004,0.30000000000000004,0.1,0.6250000000000002,0.7499999999999983,0.7071428571428556,0.6428571428571416
0.4884615384615379,2.408203125,2.888671875,0.35000000000000003,0.1,0.0,0.5750000000000002,0.25000000000000006,0.22142857142857147,0.3428571428571426,0.8000000000000004,0.30000000000000004,0.1,0.6250000000000002,0.7499999999999983,0.7142857142857127,0.6428571428571416
0.4894230769230763,2.4140625,2.89453125,0.35000000000000003,0.1,0.0,0.5750000000000002,0.25000000000000006,0.22142857142857147,0.3499999999999997,0.8000000000000004,0.30000000000000004,0.1,0.6250000000000002,0.7499999999999983,0.7142857142857127,0.6428571428571416
0.49038461538461486,2.41796875,2.8984375,0.35000000000000003,0.1,0.0,0.5750000000000002,0.25000000000000006,0.22142857142857147,0.3499999999999997,0.8000000000000004,0.30000000000000004,0.1,0.6250000000000002,0.7499999999999983,0.7214285714285699,0.6428571428571416
0.49134615384615327,2.423828125,2.904296875,0.35000000000000003,0.1,0.0,0.5750000000000002,0.25000000000000006,0.22142857142857147,0.3571428571428568,0.8000000000000004,0.30000000000000004,0.1,0.6250000000000002,0.7499999999999983,0.7214285714285699,0.6428571428571416
0.4923076923076918,2.4296875,2.91015625,0.35000000000000003,0.1,0.0,0.5750000000000002,0.25000000000000006,0.22142857142857147,0.36428571428571394,0.8000000000000004,0.30000000000000004,0.1,0.6250000000000002,0.7499999999999983,0.7214285714285699,0.6428571428571416
0.4932692307692302,2.43359375,2.916015625,0.35000000000000003,0.1,0.0,0.5750000000000002,0.25000000000000006,0.22142857142857147,0.36428571428571394,0.8000000000000004,0.30000000000000004,0.1,0.6250000000000002,0.7499999999999983,0.7214285714285699,0.6499999999999987
0.4942307692307687,2.439453125,2.921875,0.35000000000000003,0.1,0.0,0.5750000000000002,0.25000000000000006,0.22142857142857147,0.37142857142857105,0.8000000000000004,0.30000000000000004,0.1,0.6250000000000002,0.7499999999999983,0.7214285714285699,0.6499999999999987
0.49519230769230715,2.443359375,2.927734375,0.35000000000000003,0.1,0.0,0.5750000000000002,0.25000000000000006,0.22142857142857147,0.37142857142857105,0.8000000000000004,0.30000000000000004,0.1,0.6250000000000002,0.7499999999999983,0.728571428571427,0.6499999999999987
0.49615384615384556,2.44921875,2.931640625,0.35000000000000003,0.1,0.0,0.5750000000000002,0.25000000000000006,0.22142857142857147,0.37857142857142817,0.8000000000000004,0.30000000000000004,0.1,0.6250000000000002,0.7499999999999983,0.728571428571427,0.6499999999999987
0.49711538461538396,2.453125,2.9375,0.35000000000000003,0.1,0.0,0.5750000000000002,0.25000000000000006,0.22142857142857147,0.37857142857142817,0.8000000000000004,0.30000000000000004,0.1,0.6250000000000002,0.7499999999999983,0.7357142857142841,0.6499999999999987
0.4980769230769224,2.458984375,2.943359375,0.35000000000000003,0.1,0.0,0.5750000000000002,0.25000000000000006,0.22142857142857147,0.3857142857142853,0.8000000000000004,0.30000000000000004,0.1,0.6250000000000002,0.7499999999999983,0.7357142857142841,0.6499999999999987
0.49903846153846093,2.462890625,2.94921875,0.35000000000000003,0.1,0.0,0.5750000000000002,0.25000000000000006,0.22142857142857147,0.3857142857142853,0.8000000000000004,0.30000000000000004,0.1,0.6250000000000002,0.7499999999999983,0.7357142857142841,0.6571428571428558
0.4999999999999994,2.46875,2.955078125,0.35000000000000003,0.1,0.0,0.5750000000000002,0.25000000000000006,0.22142857142857147,0.3928571428571424,0.8000000000000004,0.30000000000000004,0.1,0.6250000000000002,0.7499999999999983,0.7357142857142841,0.6571428571428558
0.5009615384615379,2.474609375,2.9609375,0.37500000000000006,0.1,0.0,0.5750000000000002,0.25000000000000006,0.22142857142857147,0.3928571428571424,0.8000000000000004,0.30000000000000004,0.1,0.6250000000000002,0.7499999999999983,0.7357142857142841,0.6571428571428558
0.5019230769230763,2.48046875,2.96484375,0.37500000000000006,0.1,0.0,0.5750000000000002,0.2571428571428572,0.22142857142857147,0.3928571428571424,0.8000000000000004,0.30000000000000004,0.1,0.6250000000000002,0.7499999999999983,0.7357142857142841,0.6571428571428558
0.5028846153846147,2.486328125,2.970703125,0.37500000000000006,0.1,0.0,0.5750000000000002,0.2642857142857143,0.22142857142857147,0.3928571428571424,0.8000000000000004,0.30000000000000004,0.1,0.6250000000000002,0.7499999999999983,0.7357142857142841,0.6571428571428558
0.5038461538461532,2.490234375,2.9765625,0.37500000000000006,0.1,0.0,0.5750000000000002,0.2642857142857143,0.22142857142857147,0.3928571428571424,0.8000000000000004,0.30000000000000004,0.1,0.6250000000000002,0.7499999999999983,0.7357142857142841,0.6642857142857129
0.5048076923076916,2.494140625,2.98046875,0.37500000000000006,0.1,0.0,0.5750000000000002,0.2642857142857143,0.22142857142857147,0.3928571428571424,0.8000000000000004,0.30000000000000004,0.1,0.6250000000000002,0.7499999999999983,0.7357142857142841,0.67142857142857
0.5057692307692301,2.498046875,2.984375,0.37500000000000006,0.1,0.0,0.5750000000000002,0.2642857142857143,0.22142857142857147,0.3928571428571424,0.8000000000000004,0.30000000000000004,0.1,0.6250000000000002,0.7499999999999983,0.7357142857142841,0.6785714285714272
0.5067307692307685,2.50390625,2.9921875,0.37500000000000006,0.1,0.0,0.5750000000000002,0.2714285714285714,0.22142857142857147,0.3928571428571424,0.8000000000000004,0.30000000000000004,0.1,0.6250000000000002,0.7499999999999983,0.7357142857142841,0.6785714285714272
0.507692307692307,2.5078125,2.994140625,0.37500000000000006,0.1,0.0,0.5750000000000002,0.2714285714285714,0.22142857142857147,0.3928571428571424,0.8000000000000004,0.30000000000000004,0.1,0.6250000000000002,0.7499999999999983,0.7357142857142841,0.6857142857142843
0.5086538461538456,2.513671875,2.998046875,0.37500000000000006,0.1,0.0,0.5750000000000002,0.2785714285714285,0.22142857142857147,0.3928571428571424,0.8000000000000004,0.30000000000000004,0.1,0.6250000000000002,0.7499999999999983,0.7357142857142841,0.6857142857142843
0.509615384615384,2.517578125,3.005859375,0.37500000000000006,0.1,0.0,0.5750000000000002,0.2785714285714285,0.22142857142857147,0.3928571428571424,0.8000000000000004,0.30000000000000004,0.1,0.6250000000000002,0.7499999999999983,0.7428571428571412,0.6857142857142843
0.5105769230769225,2.521484375,3.009765625,0.37500000000000006,0.1,0.0,0.5750000000000002,0.2785714285714285,0.22142857142857147,0.3928571428571424,0.8000000000000004,0.30000000000000004,0.1,0.6250000000000002,0.7499999999999983,0.7428571428571412,0.6928571428571414
0.5115384615384609,2.52734375,3.015625,0.37500000000000006,0.1,0.0,0.5750000000000002,0.2785714285714285,0.22142857142857147,0.3999999999999995,0.8000000000000004,0.30000000000000004,0.1,0.6250000000000002,0.7499999999999983,0.7428571428571412,0.6928571428571414
0.5124999999999994,2.533203125,3.021484375,0.37500000000000006,0.1,0.0,0.5750000000000002,0.2785714285714285,0.22142857142857147,0.40714285714285664,0.8000000000000004,0.30000000000000004,0.1,0.6250000000000002,0.7499999999999983,0.7428571428571412,0.6928571428571414
0.5134615384615379,2.537109375,3.025390625,0.37500000000000006,0.1,0.0,0.5750000000000002,0.2785714285714285,0.22142857142857147,0.40714285714285664,0.8000000000000004,0.30000000000000004,0.1,0.6250000000000002,0.7499999999999983,0.7499999999999983,0.6928571428571414
0.5144230769230763,2.54296875,3.03125,0.37500000000000006,0.1,0.0,0.5750000000000002,0.2785714285714285,0.22142857142857147,0.40714285714285664,0.8250000000000004,0.30000000000000004,0.1,0.6250000000000002,0.7499999999999983,0.7499999999999983,0.6928571428571414
0.5153846153846147,2.546875,3.03515625,0.37500000000000006,0.1,0.0,0.5750000000000002,0.2785714285714285,0.22142857142857147,0.40714285714285664,0.8250000000000004,0.4,0.1,0.6250000000000002,0.7499999999999983,0.7499999999999983,0.6928571428571414
0.5163461538461532,2.552734375,3.041015625,0.37500000000000006,0.1,0.0,0.5750000000000002,0.2785714285714285,0.22857142857142862,0.40714285714285664,0.8250000000000004,0.4,0.1,0.6250000000000002,0.7499999999999983,0.7499999999999983,0.6928571428571414
0.5173076923076917,2.55859375,3.046875,0.37500000000000006,0.1,0.0,0.5750000000000002,0.2785714285714285,0.23571428571428577,0.40714285714285664,0.8250000000000004,0.4,0.1,0.6250000000000002,0.7499999999999983,0.7499999999999983,0.6928571428571414
0.5182692307692301,2.5625,3.052734375,0.37500000000000006,0.1,0.0,0.5750000000000002,0.2785714285714285,0.23571428571428577,0.40714285714285664,0.8250000000000004,0.4,0.1,0.6250000000000002,0.7571428571428555,0.7499999999999983,0.6928571428571414
0.5192307692307685,2.568359375,3.05859375,0.37500000000000006,0.1,0.0,0.5750000000000002,0.28571428571428564,0.23571428571428577,0.40714285714285664,0.8250000000000004,0.4,0.1,0.6250000000000002,0.7571428571428555,0.7499999999999983,0.6928571428571414
0.5201923076923071,2.572265625,3.0625,0.37500000000000006,0.1,0.0,0.5750000000000002,0.28571428571428564,0.23571428571428577,0.40714285714285664,0.8250000000000004,0.4,0.1,0.6250000000000002,0.7642857142857126,0.7499999999999983,0.6928571428571414
0.5211538461538455,2.578125,3.068359375,0.37500000000000006,0.1,0.0,0.5750000000000002,0.29285714285714276,0.23571428571428577,0.40714285714285664,0.8250000000000004,0.4,0.1,0.6250000000000002,0.7642857142857126,0.7499999999999983,0.6928571428571414
0.522115384615384,2.583984375,3.072265625,0.37500000000000006,0.1,0.0,0.5750000000000002,0.2999999999999999,0.23571428571428577,0.40714285714285664,0.8250000000000004,0.4,0.1,0.6250000000000002,0.7642857142857126,0.7499999999999983,0.6928571428571414
0.5230769230769223,2.58984375,3.078125,0.37500000000000006,0.1,0.0,0.6000000000000002,0.2999999999999999,0.23571428571428577,0.40714285714285664,0.8250000000000004,0.4,0.1,0.6250000000000002,0.7642857142857126,0.7499999999999983,0.6928571428571414
0.5240384615384609,2.595703125,3.083984375,0.37500000000000006,0.1,0.0,0.6000000000000002,0.2999999999999999,0.2428571428571429,0.40714285714285664,0.8250000000000004,0.4,0.1,0.6250000000000002,0.7642857142857126,0.7499999999999983,0.6928571428571414
0.5249999999999994,2.6015625,3.08984375,0.37500000000000006,0.1,0.0,0.6000000000000002,0.2999999999999999,0.2428571428571429,0.41428571428571376,0.8250000000000004,0.4,0.1,0.6250000000000002,0.7642857142857126,0.7499999999999983,0.6928571428571414
0.5259615384615378,2.607421875,3.095703125,0.37500000000000006,0.1,0.0,0.6000000000000002,0.2999999999999999,0.2428571428571429,0.4214285714285709,0.8250000000000004,0.4,0.1,0.6250000000000002,0.7642857142857126,0.7499999999999983,0.6928571428571414
0.5269230769230762,2.61328125,3.1015625,0.37500000000000006,0.1,0.0,0.6000000000000002,0.2999999999999999,0.2428571428571429,0.428571428571428,0.8250000000000004,0.4,0.1,0.6250000000000002,0.7642857142857126,0.7499999999999983,0.6928571428571414
0.5278846153846147,2.6171875,3.10546875,0.37500000000000006,0.1,0.0,0.6000000000000002,0.2999999999999999,0.2428571428571429,0.428571428571428,0.8250000000000004,0.4,0.1,0.6250000000000002,0.7714285714285697,0.7499999999999983,0.6928571428571414
0.5288461538461532,2.623046875,3.111328125,0.37500000000000006,0.1,0.0,0.6000000000000002,0.2999999999999999,0.2428571428571429,0.428571428571428,0.8500000000000004,0.4,0.1,0.6250000000000002,0.7714285714285697,0.7499999999999983,0.6928571428571414
0.5298076923076915,2.626953125,3.115234375,0.37500000000000006,0.1,0.0,0.6000000000000002,0.2999999999999999,0.2428571428571429,0.428571428571428,0.8500000000000004,0.4,0.1,0.6250000000000002,0.7714285714285697,0.7499999999999983,0.6999999999999985
0.53076923076923,2.630859375,3.1171875,0.37500000000000006,0.1,0.0,0.6000000000000002,0.2999999999999999,0.2428571428571429,0.428571428571428,0.8500000000000004,0.4,0.1,0.6250000000000002,0.7714285714285697,0.7499999999999983,0.7071428571428556
0.5317307692307686,2.63671875,3.123046875,0.37500000000000006,0.1,0.0,0.6000000000000002,0.2999999999999999,0.2428571428571429,0.428571428571428,0.8750000000000004,0.4,0.1,0.6250000000000002,0.7714285714285697,0.7499999999999983,0.7071428571428556
0.532692307692307,2.642578125,3.12890625,0.37500000000000006,0.1,0.0,0.6000000000000002,0.2999999999999999,0.2428571428571429,0.428571428571428,0.8750000000000004,0.4,0.2,0.6250000000000002,0.7714285714285697,0.7499999999999983,0.7071428571428556
0.5336538461538455,2.646484375,3.134765625,0.37500000000000006,0.1,0.0,0.6000000000000002,0.2999999999999999,0.2428571428571429,0.428571428571428,0.8750000000000004,0.4,0.2,0.6250000000000002,0.7714285714285697,0.7571428571428555,0.7071428571428556
0.5346153846153839,2.650390625,3.140625,0.37500000000000006,0.1,0.0,0.6000000000000002,0.2999999999999999,0.2428571428571429,0.428571428571428,0.8750000000000004,0.4,0.2,0.6250000000000002,0.7714285714285697,0.7571428571428555,0.7142857142857127
0.5355769230769224,2.65625,3.14453125,0.37500000000000006,0.1,0.0,0.6000000000000002,0.2999999999999999,0.25000000000000006,0.428571428571428,0.8750000000000004,0.4,0.2,0.6250000000000002,0.7714285714285697,0.7571428571428555,0.7142857142857127
0.5365384615384609,2.662109375,3.150390625,0.37500000000000006,0.1,0.0,0.6000000000000002,0.2999999999999999,0.25000000000000006,0.428571428571428,0.8750000000000004,0.5,0.2,0.6250000000000002,0.7714285714285697,0.7571428571428555,0.7142857142857127
0.5374999999999993,2.66796875,3.15625,0.37500000000000006,0.1,0.0,0.6000000000000002,0.2999999999999999,0.25000000000000006,0.428571428571428,0.8750000000000004,0.5,0.2,0.6500000000000002,0.7714285714285697,0.7571428571428555,0.7142857142857127
0.5384615384615377,2.671875,3.162109375,0.37500000000000006,0.1,0.0,0.6000000000000002,0.2999999999999999,0.25000000000000006,0.428571428571428,0.8750000000000004,0.5,0.2,0.6500000000000002,0.7785714285714268,0.7571428571428555,0.7142857142857127
0.5394230769230762,2.67578125,3.16796875,0.37500000000000006,0.1,0.0,0.6000000000000002,0.2999999999999999,0.25000000000000006,0.428571428571428,0.8750000000000004,0.5,0.2,0.6500000000000002,0.7785714285714268,0.7642857142857126,0.7142857142857127
0.5403846153846147,2.6796875,3.173828125,0.37500000000000006,0.1,0.0,0.6000000000000002,0.2999999999999999,0.25000000000000006,0.428571428571428,0.8750000000000004,0.5,0.2,0.6500000000000002,0.7785714285714268,0.7714285714285697,0.7142857142857127
0.5413461538461531,2.685546875,3.177734375,0.37500000000000006,0.1,0.0,0.6000000000000002,0.2999999999999999,0.25000000000000006,0.428571428571428,0.8750000000000004,0.5,0.2,0.6750000000000003,0.7785714285714268,0.7714285714285697,0.7142857142857127
0.5423076923076915,2.69140625,3.181640625,0.37500000000000006,0.1,0.0,0.6000000000000002,0.2999999999999999,0.25000000000000006,0.4357142857142851,0.8750000000000004,0.5,0.2,0.6750000000000003,0.7785714285714268,0.7714285714285697,0.7142857142857127
0.5432692307692301,2.697265625,3.1875,0.37500000000000006,0.1,0.0,0.6000000000000002,0.2999999999999999,0.25000000000000006,0.4428571428571422,0.8750000000000004,0.5,0.2,0.6750000000000003,0.7785714285714268,0.7714285714285697,0.7142857142857127
0.5442307692307685,2.701171875,3.193359375,0.37500000000000006,0.1,0.0,0.6000000000000002,0.2999999999999999,0.25000000000000006,0.4428571428571422,0.8750000000000004,0.5,0.2,0.6750000000000003,0.7785714285714268,0.7714285714285697,0.7214285714285699
0.545192307692307,2.70703125,3.19921875,0.37500000000000006,0.1,0.0,0.6000000000000002,0.2999999999999999,0.25000000000000006,0.4428571428571422,0.8750000000000004,0.5,0.2,0.6750000000000003,0.7857142857142839,0.7714285714285697,0.7214285714285699
0.5461538461538453,2.7109375,3.203125,0.37500000000000006,0.1,0.0,0.6000000000000002,0.2999999999999999,0.25000000000000006,0.4428571428571422,0.8750000000000004,0.5,0.2,0.6750000000000003,0.792857142857141,0.7714285714285697,0.7214285714285699
0.5471153846153839,2.71484375,3.208984375,0.37500000000000006,0.1,0.0,0.6000000000000002,0.2999999999999999,0.25000000000000006,0.4428571428571422,0.8750000000000004,0.5,0.2,0.6750000000000003,0.7999999999999982,0.7714285714285697,0.7214285714285699
0.5480769230769224,2.71875,3.21484375,0.37500000000000006,0.1,0.0,0.6000000000000002,0.2999999999999999,0.25000000000000006,0.4428571428571422,0.8750000000000004,0.5,0.2,0.6750000000000003,0.8071428571428553,0.7714285714285697,0.7214285714285699
0.5490384615384607,2.72265625,3.21875,0.37500000000000006,0.1,0.0,0.6000000000000002,0.2999999999999999,0.25000000000000006,0.4428571428571422,0.8750000000000004,0.5,0.2,0.6750000000000003,0.8142857142857124,0.7714285714285697,0.7214285714285699
0.5499999999999992,2.7265625,3.224609375,0.37500000000000006,0.1,0.0,0.6000000000000002,0.2999999999999999,0.25000000000000006,0.4428571428571422,0.8750000000000004,0.5,0.2,0.6750000000000003,0.8142857142857124,0.7785714285714268,0.7214285714285699
0.5509615384615377,2.73046875,3.228515625,0.37500000000000006,0.1,0.0,0.6000000000000002,0.2999999999999999,0.25000000000000006,0.4428571428571422,0.8750000000000004,0.5,0.2,0.6750000000000003,0.8214285714285695,0.7785714285714268,0.7214285714285699
0.5519230769230762,2.736328125,3.234375,0.37500000000000006,0.1,0.0,0.6000000000000002,0.2999999999999999,0.25000000000000006,0.4428571428571422,0.8750000000000004,0.5,0.2,0.6750000000000003,0.8285714285714266,0.7785714285714268,0.7214285714285699
0.5528846153846146,2.740234375,3.240234375,0.37500000000000006,0.1,0.0,0.6000000000000002,0.2999999999999999,0.25000000000000006,0.4428571428571422,0.8750000000000004,0.5,0.2,0.6750000000000003,0.8357142857142837,0.7785714285714268,0.7214285714285699
0.5538461538461531,2.744140625,3.244140625,0.37500000000000006,0.1,0.0,0.6000000000000002,0.2999999999999999,0.25000000000000006,0.4428571428571422,0.8750000000000004,0.5,0.2,0.6750000000000003,0.8357142857142837,0.7785714285714268,0.728571428571427
0.5548076923076916,2.75,3.251953125,0.37500000000000006,0.1,0.0,0.6000000000000002,0.2999999999999999,0.25000000000000006,0.44999999999999934,0.8750000000000004,0.5,0.2,0.6750000000000003,0.8357142857142837,0.7785714285714268,0.728571428571427
0.55576923076923,2.755859375,3.2578125,0.37500000000000006,0.1,0.0,0.6000000000000002,0.2999999999999999,0.25000000000000006,0.45714285714285646,0.8750000000000004,0.5,0.2,0.6750000000000003,0.8357142857142837,0.7785714285714268,0.728571428571427
0.5567307692307685,2.759765625,3.26171875,0.37500000000000006,0.1,0.0,0.6000000000000002,0.2999999999999999,0.25000000000000006,0.45714285714285646,0.8750000000000004,0.5,0.2,0.6750000000000003,0.8357142857142837,0.7857142857142839,0.728571428571427
0.5576923076923068,2.763671875,3.267578125,0.37500000000000006,0.1,0.0,0.6000000000000002,0.2999999999999999,0.25000000000000006,0.45714285714285646,0.8750000000000004,0.5,0.2,0.6750000000000003,0.8357142857142837,0.792857142857141,0.728571428571427
0.5586538461538453,2.76953125,3.271484375,0.37500000000000006,0.1,0.0,0.6000000000000002,0.2999999999999999,0.25000000000000006,0.4642857142857136,0.8750000000000004,0.5,0.2,0.6750000000000003,0.8357142857142837,0.792857142857141,0.728571428571427
0.5596153846153837,2.7734375,3.27734375,0.37500000000000006,0.1,0.0,0.6000000000000002,0.2999999999999999,0.25000000000000006,0.4642857142857136,0.8750000000000004,0.5,0.2,0.6750000000000003,0.8357142857142837,0.792857142857141,0.7357142857142841
0.5605769230769222,2.77734375,3.28125,0.37500000000000006,0.1,0.0,0.6000000000000002,0.2999999999999999,0.25000000000000006,0.4642857142857136,0.8750000000000004,0.5,0.2,0.6750000000000003,0.8357142857142837,0.792857142857141,0.7428571428571412
0.5615384615384607,2.78125,3.287109375,0.37500000000000006,0.1,0.0,0.6000000000000002,0.2999999999999999,0.25000000000000006,0.4642857142857136,0.8750000000000004,0.5,0.2,0.6750000000000003,0.8357142857142837,0.792857142857141,0.7499999999999983
0.5624999999999992,2.78515625,3.29296875,0.37500000000000006,0.1,0.0,0.6000000000000002,0.2999999999999999,0.25000000000000006,0.4642857142857136,0.8750000000000004,0.5,0.2,0.6750000000000003,0.8357142857142837,0.792857142857141,0.7571428571428555
0.5634615384615376,2.791015625,3.298828125,0.37500000000000006,0.1,0.0,0.6000000000000002,0.307142857142857,0.25000000000000006,0.4642857142857136,0.8750000000000004,0.5,0.2,0.6750000000000003,0.8357142857142837,0.792857142857141,0.7571428571428555
0.5644230769230761,2.796875,3.3046875,0.37500000000000006,0.1,0.0,0.6000000000000002,0.3142857142857141,0.25000000000000006,0.4642857142857136,0.8750000000000004,0.5,0.2,0.6750000000000003,0.8357142857142837,0.792857142857141,0.7571428571428555
0.5653846153846145,2.80078125,3.310546875,0.37500000000000006,0.1,0.0,0.6000000000000002,0.3142857142857141,0.25000000000000006,0.4642857142857136,0.8750000000000004,0.5,0.2,0.6750000000000003,0.8357142857142837,0.792857142857141,0.7642857142857126
0.566346153846153,2.8046875,3.314453125,0.37500000000000006,0.1,0.0,0.6000000000000002,0.3142857142857141,0.25000000000000006,0.4642857142857136,0.8750000000000004,0.5,0.2,0.6750000000000003,0.8357142857142837,0.792857142857141,0.7714285714285697
0.5673076923076915,2.810546875,3.3203125,0.37500000000000006,0.1,0.0,0.6000000000000002,0.3142857142857141,0.2571428571428572,0.4642857142857136,0.8750000000000004,0.5,0.2,0.6750000000000003,0.8357142857142837,0.792857142857141,0.7714285714285697
0.5682692307692299,2.81640625,3.326171875,0.37500000000000006,0.1,0.0,0.6000000000000002,0.3142857142857141,0.2642857142857143,0.4642857142857136,0.8750000000000004,0.5,0.2,0.6750000000000003,0.8357142857142837,0.792857142857141,0.7714285714285697
0.5692307692307683,2.8203125,3.330078125,0.37500000000000006,0.1,0.0,0.6000000000000002,0.3142857142857141,0.2642857142857143,0.4642857142857136,0.8750000000000004,0.5,0.2,0.6750000000000003,0.8357142857142837,0.792857142857141,0.7785714285714268
0.5701923076923069,2.826171875,3.3359375,0.37500000000000006,0.1,0.0,0.6000000000000002,0.3142857142857141,0.2714285714285714,0.4642857142857136,0.8750000000000004,0.5,0.2,0.6750000000000003,0.8357142857142837,0.792857142857141,0.7785714285714268
0.5711538461538453,2.830078125,3.33984375,0.37500000000000006,0.1,0.0,0.6000000000000002,0.3142857142857141,0.2714285714285714,0.4642857142857136,0.8750000000000004,0.5,0.2,0.6750000000000003,0.8428571428571409,0.792857142857141,0.7785714285714268
0.5721153846153838,2.833984375,3.34375,0.37500000000000006,0.1,0.0,0.6000000000000002,0.3142857142857141,0.2714285714285714,0.4642857142857136,0.8750000000000004,0.5,0.2,0.6750000000000003,0.8428571428571409,0.7999999999999982,0.7785714285714268
0.5730769230769222,2.837890625,3.349609375,0.37500000000000006,0.1,0.0,0.6000000000000002,0.3142857142857141,0.2714285714285714,0.4642857142857136,0.8750000000000004,0.5,0.2,0.6750000000000003,0.8428571428571409,0.7999999999999982,0.7857142857142839
0.5740384615384606,2.84375,3.353515625,0.37500000000000006,0.1,0.0,0.6000000000000002,0.32142857142857123,0.2714285714285714,0.4642857142857136,0.8750000000000004,0.5,0.2,0.6750000000000003,0.8428571428571409,0.7999999999999982,0.7857142857142839
0.5749999999999992,2.849609375,3.359375,0.37500000000000006,0.1,0.0,0.6000000000000002,0.32142857142857123,0.2785714285714285,0.4642857142857136,0.8750000000000004,0.5,0.2,0.6750000000000003,0.8428571428571409,0.7999999999999982,0.7857142857142839
0.5759615384615377,2.853515625,3.36328125,0.37500000000000006,0.1,0.0,0.6000000000000002,0.32142857142857123,0.2785714285714285,0.4642857142857136,0.8750000000000004,0.5,0.2,0.6750000000000003,0.8428571428571409,0.8071428571428553,0.7857142857142839
0.5769230769230761,2.857421875,3.369140625,0.37500000000000006,0.1,0.0,0.6000000000000002,0.32142857142857123,0.2785714285714285,0.4642857142857136,0.8750000000000004,0.5,0.2,0.6750000000000003,0.8428571428571409,0.8142857142857124,0.7857142857142839
0.5778846153846146,2.861328125,3.375,0.37500000000000006,0.1,0.0,0.6000000000000002,0.32142857142857123,0.2785714285714285,0.4642857142857136,0.8750000000000004,0.5,0.2,0.6750000000000003,0.8428571428571409,0.8214285714285695,0.7857142857142839
0.578846153846153,2.865234375,3.37890625,0.37500000000000006,0.1,0.0,0.6000000000000002,0.32142857142857123,0.2785714285714285,0.4642857142857136,0.8750000000000004,0.5,0.2,0.6750000000000003,0.8428571428571409,0.8214285714285695,0.792857142857141
0.5798076923076914,2.87109375,3.384765625,0.37500000000000006,0.1,0.0,0.6000000000000002,0.32857142857142835,0.2785714285714285,0.4642857142857136,0.8750000000000004,0.5,0.2,0.6750000000000003,0.8428571428571409,0.8214285714285695,0.792857142857141
0.5807692307692298,2.875,3.388671875,0.37500000000000006,0.1,0.0,0.6000000000000002,0.32857142857142835,0.2785714285714285,0.4642857142857136,0.8750000000000004,0.5,0.2,0.6750000000000003,0.8428571428571409,0.8214285714285695,0.7999999999999982
0.5817307692307683,2.880859375,3.3984375,0.37500000000000006,0.1,0.0,0.6000000000000002,0.33571428571428547,0.2785714285714285,0.4642857142857136,0.8750000000000004,0.5,0.2,0.6750000000000003,0.8428571428571409,0.8214285714285695,0.7999999999999982
0.5826923076923067,2.884765625,3.404296875,0.37500000000000006,0.1,0.0,0.6000000000000002,0.33571428571428547,0.2785714285714285,0.4642857142857136,0.8750000000000004,0.5,0.2,0.6750000000000003,0.8428571428571409,0.8285714285714266,0.7999999999999982
0.5836538461538453,2.890625,3.408203125,0.37500000000000006,0.1,0.0,0.6000000000000002,0.3428571428571426,0.2785714285714285,0.4642857142857136,0.8750000000000004,0.5,0.2,0.6750000000000003,0.8428571428571409,0.8285714285714266,0.7999999999999982
0.5846153846153838,2.89453125,3.412109375,0.37500000000000006,0.1,0.0,0.6000000000000002,0.3428571428571426,0.2785714285714285,0.4642857142857136,0.8750000000000004,0.5,0.2,0.6750000000000003,0.8428571428571409,0.8357142857142837,0.7999999999999982
0.5855769230769222,2.900390625,3.41796875,0.37500000000000006,0.1,0.0,0.6000000000000002,0.3499999999999997,0.2785714285714285,0.4642857142857136,0.8750000000000004,0.5,0.2,0.6750000000000003,0.8428571428571409,0.8357142857142837,0.7999999999999982
0.5865384615384607,2.904296875,3.421875,0.37500000000000006,0.1,0.0,0.6000000000000002,0.3499999999999997,0.2785714285714285,0.4642857142857136,0.8750000000000004,0.5,0.2,0.6750000000000003,0.8428571428571409,0.8357142857142837,0.8071428571428553
0.5874999999999991,2.908203125,3.427734375,0.37500000000000006,0.1,0.0,0.6000000000000002,0.3499999999999997,0.2785714285714285,0.4642857142857136,0.8750000000000004,0.5,0.2,0.6750000000000003,0.8428571428571409,0.8357142857142837,0.8142857142857124
0.5884615384615375,2.912109375,3.43359375,0.37500000000000006,0.1,0.0,0.6000000000000002,0.3499999999999997,0.2785714285714285,0.4642857142857136,0.8750000000000004,0.5,0.2,0.6750000000000003,0.8428571428571409,0.8428571428571409,0.8142857142857124
0.5894230769230759,2.91796875,3.4375,0.37500000000000006,0.1,0.0,0.6000000000000002,0.3499999999999997,0.28571428571428564,0.4642857142857136,0.8750000000000004,0.5,0.2,0.6750000000000003,0.8428571428571409,0.8428571428571409,0.8142857142857124
0.5903846153846144,2.921875,3.443359375,0.37500000000000006,0.1,0.0,0.6000000000000002,0.3499999999999997,0.28571428571428564,0.4642857142857136,0.8750000000000004,0.5,0.2,0.6750000000000003,0.8428571428571409,0.8428571428571409,0.8214285714285695
0.5913461538461529,2.927734375,3.447265625,0.37500000000000006,0.1,0.0,0.6000000000000002,0.3571428571428568,0.28571428571428564,0.4642857142857136,0.8750000000000004,0.5,0.2,0.6750000000000003,0.8428571428571409,0.8428571428571409,0.8214285714285695
0.5923076923076913,2.931640625,3.451171875,0.37500000000000006,0.1,0.0,0.6000000000000002,0.3571428571428568,0.28571428571428564,0.4642857142857136,0.8750000000000004,0.5,0.2,0.6750000000000003,0.8428571428571409,0.8428571428571409,0.8285714285714266
0.5932692307692299,2.935546875,3.45703125,0.37500000000000006,0.1,0.0,0.6000000000000002,0.3571428571428568,0.28571428571428564,0.4642857142857136,0.8750000000000004,0.5,0.2,0.6750000000000003,0.8428571428571409,0.8428571428571409,0.8357142857142837
0.5942307692307682,2.94140625,3.462890625,0.37500000000000006,0.1,0.0,0.6000000000000002,0.36428571428571394,0.28571428571428564,0.4642857142857136,0.8750000000000004,0.5,0.2,0.6750000000000003,0.8428571428571409,0.8428571428571409,0.8357142857142837
0.5951923076923068,2.947265625,3.466796875,0.37500000000000006,0.1,0.0,0.6000000000000002,0.37142857142857105,0.28571428571428564,0.4642857142857136,0.8750000000000004,0.5,0.2,0.6750000000000003,0.8428571428571409,0.8428571428571409,0.8357142857142837
0.5961538461538451,2.953125,3.470703125,0.37500000000000006,0.1,0.0,0.6000000000000002,0.37857142857142817,0.28571428571428564,0.4642857142857136,0.8750000000000004,0.5,0.2,0.6750000000000003,0.8428571428571409,0.8428571428571409,0.8357142857142837
0.5971153846153836,2.95703125,3.4765625,0.37500000000000006,0.1,0.0,0.6000000000000002,0.37857142857142817,0.28571428571428564,0.4642857142857136,0.8750000000000004,0.5,0.2,0.6750000000000003,0.8428571428571409,0.8428571428571409,0.8428571428571409
0.5980769230769221,2.962890625,3.48046875,0.37500000000000006,0.1,0.0,0.6000000000000002,0.37857142857142817,0.29285714285714276,0.4642857142857136,0.8750000000000004,0.5,0.2,0.6750000000000003,0.8428571428571409,0.8428571428571409,0.8428571428571409
0.5990384615384605,2.966796875,3.486328125,0.37500000000000006,0.1,0.0,0.6000000000000002,0.37857142857142817,0.29285714285714276,0.4642857142857136,0.8750000000000004,0.5,0.2,0.6750000000000003,0.8428571428571409,0.849999999999998,0.8428571428571409
0.5999999999999991,2.97265625,3.490234375,0.37500000000000006,0.1,0.0,0.6000000000000002,0.3857142857142853,0.29285714285714276,0.4642857142857136,0.8750000000000004,0.5,0.2,0.6750000000000003,0.8428571428571409,0.849999999999998,0.8428571428571409
0.6009615384615375,2.9765625,3.49609375,0.37500000000000006,0.1,0.0,0.6000000000000002,0.3857142857142853,0.29285714285714276,0.4642857142857136,0.8750000000000004,0.5,0.2,0.6750000000000003,0.8428571428571409,0.8571428571428551,0.8428571428571409
