Effective Sparsity,Activation Error,Baseline Error,q0,k0,v0,o0,gate0,up0,down0,q1,k1,v1,o1,gate1,up1,down1
0.0009615384615384615,0.00010246038436889648,0.0019197463989257812,0.0,0.0,0.0,0.0,0.0,0.0,0.0,0.0,0.0,0.0,0.0,0.0,0.0,0.007142857142857143
0.001923076923076923,0.0001863241195678711,0.0019197463989257812,0.0,0.0,0.0,0.0,0.0,0.0,0.0,0.0,0.0,0.0,0.0,0.007142857142857143,0.0,0.007142857142857143
0.0028846153846153843,0.0002428293228149414,0.0019197463989257812,0.0,0.0,0.0,0.0,0.0,0.0,0.0,0.0,0.0,0.0,0.0,0.007142857142857143,0.007142857142857143,0.007142857142857143
0.003846153846153846,0.0003077983856201172,0.0019197463989257812,0.0,0.0,0.0,0.0,0.0,0.0,0.007142857142857143,0.0,0.0,0.0,0.0,0.007142857142857143,0.007142857142857143,0.007142857142857143
0.004807692307692307,0.00039124488830566406,0.0019197463989257812,0.0,0.0,0.0,0.0,0.007142857142857143,0.0,0.007142857142857143,0.0,0.0,0.0,0.0,0.007142857142857143,0.007142857142857143,0.007142857142857143
0.005769230769230769,0.0004813671112060547,0.0019197463989257812,0.0,0.0,0.0,0.0,0.007142857142857143,0.007142857142857143,0.007142857142857143,0.0,0.0,0.0,0.0,0.007142857142857143,0.007142857142857143,0.007142857142857143
0.00673076923076923,0.0011358261108398438,0.0019197463989257812,0.0,0.0,0.0,0.0,0.007142857142857143,0.007142857142857143,0.007142857142857143,0.0,0.0,0.0,0.0,0.007142857142857143,0.007142857142857143,0.014285714285714285
0.007692307692307692,0.00164794921875,0.0019197463989257812,0.0,0.0,0.0,0.0,0.007142857142857143,0.007142857142857143,0.007142857142857143,0.0,0.0,0.0,0.0,0.007142857142857143,0.007142857142857143,0.02142857142857143
0.008653846153846153,0.0023193359375,0.0019197463989257812,0.0,0.0,0.0,0.0,0.007142857142857143,0.007142857142857143,0.007142857142857143,0.0,0.0,0.0,0.0,0.007142857142857143,0.007142857142857143,0.02857142857142857
0.009615384615384616,0.0028743743896484375,0.0019197463989257812,0.0,0.0,0.0,0.0,0.007142857142857143,0.007142857142857143,0.014285714285714285,0.0,0.0,0.0,0.0,0.007142857142857143,0.007142857142857143,0.02857142857142857
0.010576923076923076,0.0035152435302734375,0.0140228271484375,0.0,0.0,0.0,0.0,0.007142857142857143,0.007142857142857143,0.02142857142857143,0.0,0.0,0.0,0.0,0.007142857142857143,0.007142857142857143,0.02857142857142857
0.011538461538461537,0.0041656494140625,0.014984130859375,0.0,0.0,0.0,0.0,0.007142857142857143,0.007142857142857143,0.02142857142857143,0.0,0.0,0.0,0.0,0.007142857142857143,0.007142857142857143,0.03571428571428571
0.012499999999999999,0.0050048828125,0.01593017578125,0.0,0.0,0.0,0.0,0.007142857142857143,0.007142857142857143,0.02857142857142857,0.0,0.0,0.0,0.0,0.007142857142857143,0.007142857142857143,0.03571428571428571
0.01346153846153846,0.00576019287109375,0.0169830322265625,0.0,0.0,0.0,0.0,0.007142857142857143,0.007142857142857143,0.02857142857142857,0.0,0.0,0.0,0.0,0.007142857142857143,0.007142857142857143,0.04285714285714286
0.014423076923076924,0.006458282470703125,0.0178375244140625,0.0,0.0,0.0,0.0,0.007142857142857143,0.007142857142857143,0.02857142857142857,0.025,0.0,0.0,0.0,0.007142857142857143,0.007142857142857143,0.04285714285714286
0.015384615384615385,0.00728607177734375,0.0187530517578125,0.0,0.0,0.0,0.0,0.007142857142857143,0.007142857142857143,0.02857142857142857,0.025,0.0,0.0,0.0,0.007142857142857143,0.007142857142857143,0.05
0.016346153846153847,0.0081634521484375,0.0196990966796875,0.0,0.0,0.0,0.0,0.007142857142857143,0.007142857142857143,0.03571428571428571,0.025,0.0,0.0,0.0,0.007142857142857143,0.007142857142857143,0.05
0.017307692307692305,0.00896453857421875,0.0205078125,0.0,0.0,0.0,0.0,0.007142857142857143,0.007142857142857143,0.03571428571428571,0.025,0.0,0.0,0.0,0.014285714285714285,0.007142857142857143,0.05
0.018269230769230767,0.00969696044921875,0.0214080810546875,0.0,0.0,0.0,0.0,0.007142857142857143,0.007142857142857143,0.03571428571428571,0.025,0.0,0.0,0.0,0.02142857142857143,0.007142857142857143,0.05
0.019230769230769232,0.01045989990234375,0.0220947265625,0.0,0.0,0.0,0.0,0.007142857142857143,0.007142857142857143,0.03571428571428571,0.025,0.0,0.0,0.0,0.02142857142857143,0.007142857142857143,0.05714285714285715
0.020192307692307693,0.01129913330078125,0.0228271484375,0.0,0.0,0.0,0.0,0.007142857142857143,0.007142857142857143,0.03571428571428571,0.05,0.0,0.0,0.0,0.02142857142857143,0.007142857142857143,0.05714285714285715
0.021153846153846155,0.01209259033203125,0.02349853515625,0.0,0.0,0.0,0.0,0.007142857142857143,0.007142857142857143,0.03571428571428571,0.05,0.0,0.0,0.0,0.02857142857142857,0.007142857142857143,0.05714285714285715
0.022115384615384613,0.01280975341796875,0.0244903564453125,0.0,0.0,0.0,0.0,0.007142857142857143,0.007142857142857143,0.03571428571428571,0.05,0.0,0.0,0.0,0.02857142857142857,0.014285714285714285,0.05714285714285715
0.023076923076923075,0.01351165771484375,0.0253448486328125,0.025,0.0,0.0,0.0,0.007142857142857143,0.007142857142857143,0.03571428571428571,0.05,0.0,0.0,0.0,0.02857142857142857,0.014285714285714285,0.05714285714285715
0.02403846153846154,0.0141754150390625,0.0263519287109375,0.025,0.0,0.0,0.0,0.007142857142857143,0.007142857142857143,0.03571428571428571,0.05,0.0,0.0,0.0,0.02857142857142857,0.02142857142857143,0.05714285714285715
0.025,0.014892578125,0.02728271484375,0.025,0.0,0.0,0.0,0.007142857142857143,0.007142857142857143,0.03571428571428571,0.05,0.0,0.0,0.0,0.02857142857142857,0.02142857142857143,0.0642857142857143
0.025961538461538463,0.0156097412109375,0.02801513671875,0.025,0.0,0.0,0.0,0.007142857142857143,0.007142857142857143,0.03571428571428571,0.05,0.0,0.0,0.0,0.03571428571428571,0.02142857142857143,0.0642857142857143
0.02692307692307692,0.0163726806640625,0.028778076171875,0.025,0.0,0.0,0.0,0.007142857142857143,0.007142857142857143,0.04285714285714286,0.05,0.0,0.0,0.0,0.03571428571428571,0.02142857142857143,0.0642857142857143
0.027884615384615383,0.01715087890625,0.0297393798828125,0.025,0.0,0.0,0.0,0.007142857142857143,0.007142857142857143,0.04285714285714286,0.05,0.0,0.0,0.0,0.03571428571428571,0.02857142857142857,0.0642857142857143
0.028846153846153848,0.0178985595703125,0.0305328369140625,0.025,0.0,0.0,0.0,0.007142857142857143,0.007142857142857143,0.04285714285714286,0.05,0.0,0.0,0.0,0.03571428571428571,0.02857142857142857,0.07142857142857144
0.029807692307692306,0.018646240234375,0.03125,0.025,0.0,0.0,0.0,0.007142857142857143,0.007142857142857143,0.04285714285714286,0.05,0.0,0.0,0.0,0.04285714285714286,0.02857142857142857,0.07142857142857144
0.03076923076923077,0.019378662109375,0.032379150390625,0.025,0.0,0.0,0.0,0.007142857142857143,0.007142857142857143,0.04285714285714286,0.07500000000000001,0.0,0.0,0.0,0.04285714285714286,0.02857142857142857,0.07142857142857144
0.03173076923076923,0.02008056640625,0.033233642578125,0.025,0.0,0.0,0.0,0.007142857142857143,0.007142857142857143,0.04285714285714286,0.07500000000000001,0.0,0.0,0.0,0.05,0.02857142857142857,0.07142857142857144
0.032692307692307694,0.02081298828125,0.033905029296875,0.025,0.0,0.0,0.0,0.007142857142857143,0.007142857142857143,0.04285714285714286,0.07500000000000001,0.0,0.0,0.025,0.05,0.02857142857142857,0.07142857142857144
0.03365384615384615,0.021514892578125,0.03460693359375,0.025,0.0,0.0,0.0,0.007142857142857143,0.007142857142857143,0.04285714285714286,0.07500000000000001,0.0,0.0,0.025,0.05,0.02857142857142857,0.07857142857142858
0.03461538461538462,0.0222320556640625,0.035430908203125,0.025,0.0,0.0,0.0,0.007142857142857143,0.007142857142857143,0.05,0.07500000000000001,0.0,0.0,0.025,0.05,0.02857142857142857,0.07857142857142858
0.035576923076923075,0.0229339599609375,0.036407470703125,0.025,0.0,0.0,0.0,0.007142857142857143,0.007142857142857143,0.05,0.07500000000000001,0.0,0.0,0.025,0.05,0.03571428571428571,0.07857142857142858
0.03653846153846154,0.0236663818359375,0.037139892578125,0.025,0.0,0.0,0.0,0.007142857142857143,0.007142857142857143,0.05,0.07500000000000001,0.0,0.0,0.025,0.05714285714285715,0.03571428571428571,0.07857142857142858
0.037500000000000006,0.0243682861328125,0.038116455078125,0.025,0.0,0.0,0.0,0.007142857142857143,0.007142857142857143,0.05,0.07500000000000001,0.0,0.0,0.025,0.05714285714285715,0.03571428571428571,0.08571428571428573
0.038461538461538464,0.02508544921875,0.0389404296875,0.025,0.0,0.0,0.0,0.007142857142857143,0.007142857142857143,0.05,0.07500000000000001,0.1,0.0,0.025,0.05714285714285715,0.03571428571428571,0.08571428571428573
0.03942307692307693,0.0258331298828125,0.03985595703125,0.025,0.0,0.0,0.0,0.007142857142857143,0.007142857142857143,0.05,0.1,0.1,0.0,0.025,0.05714285714285715,0.03571428571428571,0.08571428571428573
0.04038461538461539,0.026580810546875,0.04071044921875,0.025,0.0,0.0,0.0,0.007142857142857143,0.007142857142857143,0.05,0.1,0.1,0.0,0.025,0.0642857142857143,0.03571428571428571,0.08571428571428573
0.04134615384615385,0.0272979736328125,0.041412353515625,0.025,0.0,0.0,0.0,0.007142857142857143,0.007142857142857143,0.05,0.1,0.1,0.0,0.025,0.0642857142857143,0.04285714285714286,0.08571428571428573
0.04230769230769231,0.02801513671875,0.042205810546875,0.025,0.0,0.0,0.0,0.007142857142857143,0.007142857142857143,0.05,0.1,0.1,0.0,0.025,0.0642857142857143,0.04285714285714286,0.09285714285714287
0.043269230769230775,0.0287322998046875,0.04315185546875,0.025,0.0,0.0,0.0,0.007142857142857143,0.007142857142857143,0.05,0.1,0.1,0.0,0.025,0.07142857142857144,0.04285714285714286,0.09285714285714287
0.04423076923076925,0.0294189453125,0.0440673828125,0.025,0.0,0.0,0.0,0.007142857142857143,0.007142857142857143,0.05,0.1,0.1,0.0,0.025,0.07142857142857144,0.05,0.09285714285714287
0.045192307692307705,0.0301361083984375,0.0447998046875,0.025,0.0,0.0,0.0,0.014285714285714285,0.007142857142857143,0.05,0.1,0.1,0.0,0.025,0.07142857142857144,0.05,0.09285714285714287
0.04615384615384616,0.030792236328125,0.045562744140625,0.025,0.0,0.0,0.0,0.02142857142857143,0.007142857142857143,0.05,0.1,0.1,0.0,0.025,0.07142857142857144,0.05,0.09285714285714287
0.04711538461538463,0.031494140625,0.046295166015625,0.025,0.0,0.0,0.0,0.02142857142857143,0.007142857142857143,0.05,0.1,0.1,0.0,0.025,0.07142857142857144,0.05,0.10000000000000002
0.04807692307692309,0.03216552734375,0.047210693359375,0.025,0.0,0.0,0.0,0.02142857142857143,0.007142857142857143,0.05714285714285715,0.1,0.1,0.0,0.025,0.07142857142857144,0.05,0.10000000000000002
0.049038461538461545,0.03289794921875,0.047943115234375,0.05,0.0,0.0,0.0,0.02142857142857143,0.007142857142857143,0.05714285714285715,0.1,0.1,0.0,0.025,0.07142857142857144,0.05,0.10000000000000002
0.05000000000000001,0.033599853515625,0.0489501953125,0.05,0.0,0.0,0.0,0.02142857142857143,0.007142857142857143,0.05714285714285715,0.125,0.1,0.0,0.025,0.07142857142857144,0.05,0.10000000000000002
0.05096153846153847,0.0343017578125,0.049774169921875,0.05,0.0,0.0,0.0,0.02142857142857143,0.007142857142857143,0.05714285714285715,0.125,0.1,0.0,0.05,0.07142857142857144,0.05,0.10000000000000002
0.051923076923076926,0.03497314453125,0.05047607421875,0.05,0.0,0.0,0.0,0.02142857142857143,0.007142857142857143,0.05714285714285715,0.125,0.1,0.0,0.05,0.07857142857142858,0.05,0.10000000000000002
0.05288461538461539,0.035614013671875,0.0513916015625,0.05,0.0,0.0,0.0,0.02142857142857143,0.007142857142857143,0.05714285714285715,0.125,0.1,0.0,0.05,0.07857142857142858,0.05714285714285715,0.10000000000000002
0.05384615384615385,0.0362548828125,0.05206298828125,0.05,0.0,0.0,0.0,0.02142857142857143,0.007142857142857143,0.05714285714285715,0.125,0.1,0.0,0.05,0.07857142857142858,0.05714285714285715,0.10714285714285716
0.05480769230769232,0.03692626953125,0.053070068359375,0.05,0.0,0.0,0.0,0.02142857142857143,0.007142857142857143,0.05714285714285715,0.125,0.1,0.0,0.05,0.07857142857142858,0.05714285714285715,0.11428571428571431
0.05576923076923078,0.037628173828125,0.053863525390625,0.05,0.0,0.0,0.0,0.02857142857142857,0.007142857142857143,0.05714285714285715,0.125,0.1,0.0,0.05,0.07857142857142858,0.05714285714285715,0.11428571428571431
0.056730769230769244,0.038330078125,0.05450439453125,0.05,0.0,0.0,0.0,0.02857142857142857,0.007142857142857143,0.05714285714285715,0.125,0.1,0.0,0.05,0.08571428571428573,0.05714285714285715,0.11428571428571431
0.0576923076923077,0.03900146484375,0.055389404296875,0.05,0.0,0.0,0.0,0.02857142857142857,0.007142857142857143,0.05714285714285715,0.125,0.1,0.0,0.05,0.08571428571428573,0.05714285714285715,0.12142857142857146
0.05865384615384617,0.0396728515625,0.05615234375,0.05,0.0,0.0,0.0,0.02857142857142857,0.007142857142857143,0.05714285714285715,0.125,0.1,0.0,0.05,0.08571428571428573,0.05714285714285715,0.1285714285714286
0.059615384615384626,0.040374755859375,0.057037353515625,0.05,0.0,0.0,0.0,0.02857142857142857,0.007142857142857143,0.05714285714285715,0.125,0.1,0.0,0.05,0.09285714285714287,0.05714285714285715,0.1285714285714286
0.060576923076923084,0.041046142578125,0.05804443359375,0.05,0.0,0.0,0.0,0.02857142857142857,0.007142857142857143,0.05714285714285715,0.125,0.1,0.0,0.05,0.09285714285714287,0.0642857142857143,0.1285714285714286
0.06153846153846154,0.041717529296875,0.0589599609375,0.05,0.0,0.0,0.0,0.02857142857142857,0.007142857142857143,0.05714285714285715,0.15,0.1,0.0,0.05,0.09285714285714287,0.0642857142857143,0.1285714285714286
0.06250000000000001,0.042388916015625,0.059722900390625,0.05,0.0,0.0,0.0,0.02857142857142857,0.007142857142857143,0.05714285714285715,0.15,0.1,0.0,0.05,0.10000000000000002,0.0642857142857143,0.1285714285714286
0.06346153846153847,0.043060302734375,0.060577392578125,0.05,0.0,0.0,0.0,0.02857142857142857,0.007142857142857143,0.05714285714285715,0.15,0.1,0.0,0.05,0.10000000000000002,0.07142857142857144,0.1285714285714286
0.06442307692307693,0.043731689453125,0.061431884765625,0.05,0.0,0.0,0.0,0.02857142857142857,0.007142857142857143,0.0642857142857143,0.15,0.1,0.0,0.05,0.10000000000000002,0.07142857142857144,0.1285714285714286
0.06538461538461539,0.044403076171875,0.0621337890625,0.05,0.0,0.0,0.0,0.02857142857142857,0.014285714285714285,0.0642857142857143,0.15,0.1,0.0,0.05,0.10000000000000002,0.07142857142857144,0.1285714285714286
0.06634615384615385,0.0450439453125,0.06298828125,0.05,0.0,0.0,0.0,0.02857142857142857,0.02142857142857143,0.0642857142857143,0.15,0.1,0.0,0.05,0.10000000000000002,0.07142857142857144,0.1285714285714286
0.0673076923076923,0.04571533203125,0.06378173828125,0.05,0.0,0.0,0.0,0.02857142857142857,0.02142857142857143,0.0642857142857143,0.15,0.1,0.0,0.05,0.10714285714285716,0.07142857142857144,0.1285714285714286
0.06826923076923078,0.046356201171875,0.06463623046875,0.05,0.0,0.0,0.0,0.02857142857142857,0.02142857142857143,0.0642857142857143,0.15,0.1,0.0,0.05,0.11428571428571431,0.07142857142857144,0.1285714285714286
0.06923076923076923,0.046966552734375,0.06549072265625,0.05,0.0,0.0,0.0,0.02857142857142857,0.02142857142857143,0.0642857142857143,0.15,0.1,0.0,0.05,0.11428571428571431,0.07142857142857144,0.13571428571428573
0.07019230769230769,0.047607421875,0.0665283203125,0.05,0.0,0.0,0.0,0.02857142857142857,0.02142857142857143,0.0642857142857143,0.15,0.1,0.0,0.05,0.11428571428571431,0.07142857142857144,0.14285714285714288
0.07115384615384615,0.048248291015625,0.0672607421875,0.05,0.0,0.0,0.0,0.02857142857142857,0.02142857142857143,0.0642857142857143,0.15,0.1,0.0,0.07500000000000001,0.11428571428571431,0.07142857142857144,0.14285714285714288
0.07211538461538464,0.048919677734375,0.068115234375,0.05,0.0,0.0,0.0,0.02857142857142857,0.02142857142857143,0.0642857142857143,0.175,0.1,0.0,0.07500000000000001,0.11428571428571431,0.07142857142857144,0.14285714285714288
0.0730769230769231,0.049591064453125,0.0689697265625,0.05,0.0,0.0,0.0,0.03571428571428571,0.02142857142857143,0.0642857142857143,0.175,0.1,0.0,0.07500000000000001,0.11428571428571431,0.07142857142857144,0.14285714285714288
0.07403846153846155,0.050262451171875,0.0697021484375,0.05,0.0,0.0,0.0,0.03571428571428571,0.02142857142857143,0.0642857142857143,0.175,0.1,0.0,0.07500000000000001,0.12142857142857146,0.07142857142857144,0.14285714285714288
0.07500000000000001,0.0509033203125,0.070556640625,0.05,0.0,0.0,0.0,0.03571428571428571,0.02142857142857143,0.0642857142857143,0.175,0.1,0.0,0.07500000000000001,0.12142857142857146,0.07142857142857144,0.15000000000000002
0.07596153846153847,0.051544189453125,0.0714111328125,0.05,0.0,0.0,0.0,0.03571428571428571,0.02142857142857143,0.0642857142857143,0.175,0.1,0.0,0.07500000000000001,0.12142857142857146,0.07142857142857144,0.15714285714285717
0.07692307692307693,0.052215576171875,0.07232666015625,0.05,0.0,0.0,0.0,0.03571428571428571,0.02142857142857143,0.0642857142857143,0.175,0.1,0.0,0.07500000000000001,0.1285714285714286,0.07142857142857144,0.15714285714285717
0.0778846153846154,0.0528564453125,0.07318115234375,0.05,0.0,0.0,0.0,0.03571428571428571,0.02142857142857143,0.0642857142857143,0.175,0.1,0.0,0.07500000000000001,0.13571428571428573,0.07142857142857144,0.15714285714285717
0.07884615384615384,0.053466796875,0.07415771484375,0.05,0.0,0.0,0.0,0.03571428571428571,0.02142857142857143,0.0642857142857143,0.175,0.1,0.0,0.07500000000000001,0.13571428571428573,0.07857142857142858,0.15714285714285717
0.07980769230769232,0.05413818359375,0.07489013671875,0.05,0.0,0.0,0.0,0.03571428571428571,0.02142857142857143,0.0642857142857143,0.175,0.1,0.0,0.07500000000000001,0.14285714285714288,0.07857142857142858,0.15714285714285717
0.08076923076923079,0.054779052734375,0.0758056640625,0.05,0.0,0.0,0.025,0.03571428571428571,0.02142857142857143,0.0642857142857143,0.175,0.1,0.0,0.07500000000000001,0.14285714285714288,0.07857142857142858,0.15714285714285717
0.08173076923076923,0.055419921875,0.07666015625,0.05,0.0,0.0,0.025,0.03571428571428571,0.02142857142857143,0.0642857142857143,0.175,0.1,0.0,0.07500000000000001,0.15000000000000002,0.07857142857142858,0.15714285714285717
0.0826923076923077,0.056060791015625,0.07745361328125,0.05,0.0,0.0,0.025,0.03571428571428571,0.02142857142857143,0.0642857142857143,0.175,0.1,0.0,0.07500000000000001,0.15000000000000002,0.07857142857142858,0.1642857142857143
0.08365384615384616,0.05670166015625,0.078369140625,0.05,0.0,0.0,0.025,0.03571428571428571,0.02142857142857143,0.0642857142857143,0.19999999999999998,0.1,0.0,0.07500000000000001,0.15000000000000002,0.07857142857142858,0.1642857142857143
0.08461538461538462,0.057342529296875,0.079345703125,0.05,0.0,0.0,0.025,0.03571428571428571,0.02142857142857143,0.0642857142857143,0.19999999999999998,0.1,0.0,0.07500000000000001,0.15000000000000002,0.08571428571428573,0.1642857142857143
0.08557692307692309,0.0579833984375,0.08026123046875,0.05,0.0,0.0,0.025,0.03571428571428571,0.02142857142857143,0.0642857142857143,0.19999999999999998,0.1,0.0,0.07500000000000001,0.15000000000000002,0.08571428571428573,0.17142857142857146
0.08653846153846155,0.058624267578125,0.08099365234375,0.05,0.0,0.0,0.025,0.03571428571428571,0.02142857142857143,0.07142857142857144,0.19999999999999998,0.1,0.0,0.07500000000000001,0.15000000000000002,0.08571428571428573,0.17142857142857146
0.08750000000000001,0.05926513671875,0.08197021484375,0.05,0.0,0.0,0.025,0.03571428571428571,0.02142857142857143,0.07142857142857144,0.19999999999999998,0.1,0.0,0.1,0.15000000000000002,0.08571428571428573,0.17142857142857146
0.08846153846153847,0.05987548828125,0.08270263671875,0.05,0.0,0.0,0.025,0.03571428571428571,0.02142857142857143,0.07142857142857144,0.19999999999999998,0.1,0.0,0.1,0.15000000000000002,0.08571428571428573,0.1785714285714286
0.08942307692307692,0.060516357421875,0.08343505859375,0.05,0.0,0.0,0.025,0.03571428571428571,0.02142857142857143,0.07142857142857144,0.19999999999999998,0.1,0.0,0.1,0.15000000000000002,0.09285714285714287,0.1785714285714286
0.09038461538461541,0.0611572265625,0.08428955078125,0.05,0.0,0.0,0.025,0.03571428571428571,0.02142857142857143,0.07142857142857144,0.19999999999999998,0.1,0.0,0.1,0.15000000000000002,0.09285714285714287,0.18571428571428575
0.09134615384615384,0.061798095703125,0.0850830078125,0.05,0.0,0.0,0.025,0.03571428571428571,0.02857142857142857,0.07142857142857144,0.19999999999999998,0.1,0.0,0.1,0.15000000000000002,0.09285714285714287,0.18571428571428575
0.09230769230769233,0.06243896484375,0.08612060546875,0.05,0.0,0.0,0.025,0.03571428571428571,0.02857142857142857,0.07142857142857144,0.22499999999999998,0.1,0.0,0.1,0.15000000000000002,0.09285714285714287,0.18571428571428575
0.0932692307692308,0.06304931640625,0.0869140625,0.05,0.0,0.0,0.025,0.03571428571428571,0.02857142857142857,0.07142857142857144,0.22499999999999998,0.1,0.0,0.1,0.15714285714285717,0.09285714285714287,0.18571428571428575
0.09423076923076924,0.063720703125,0.0877685546875,0.05,0.0,0.0,0.025,0.04285714285714286,0.02857142857142857,0.07142857142857144,0.22499999999999998,0.1,0.0,0.1,0.15714285714285717,0.09285714285714287,0.18571428571428575
0.09519230769230771,0.0643310546875,0.08868408203125,0.05,0.0,0.0,0.025,0.04285714285714286,0.02857142857142857,0.07142857142857144,0.22499999999999998,0.1,0.0,0.1,0.1642857142857143,0.09285714285714287,0.18571428571428575
0.09615384615384616,0.06494140625,0.08966064453125,0.05,0.0,0.0,0.025,0.04285714285714286,0.02857142857142857,0.07142857142857144,0.22499999999999998,0.1,0.0,0.1,0.1642857142857143,0.10000000000000002,0.18571428571428575
0.09711538461538463,0.06561279296875,0.0904541015625,0.07500000000000001,0.0,0.0,0.025,0.04285714285714286,0.02857142857142857,0.07142857142857144,0.22499999999999998,0.1,0.0,0.1,0.1642857142857143,0.10000000000000002,0.18571428571428575
0.09807692307692309,0.0662841796875,0.09130859375,0.07500000000000001,0.0,0.0,0.025,0.05,0.02857142857142857,0.07142857142857144,0.22499999999999998,0.1,0.0,0.1,0.1642857142857143,0.10000000000000002,0.18571428571428575
0.09903846153846155,0.06689453125,0.0919189453125,0.07500000000000001,0.0,0.0,0.025,0.05,0.02857142857142857,0.07142857142857144,0.22499999999999998,0.1,0.0,0.1,0.1642857142857143,0.10000000000000002,0.1928571428571429
0.10000000000000002,0.0675048828125,0.0927734375,0.07500000000000001,0.0,0.0,0.025,0.05,0.02857142857142857,0.07142857142857144,0.22499999999999998,0.1,0.0,0.1,0.1642857142857143,0.10000000000000002,0.20000000000000004
0.10096153846153848,0.068115234375,0.0936279296875,0.07500000000000001,0.0,0.0,0.025,0.05,0.02857142857142857,0.07857142857142858,0.22499999999999998,0.1,0.0,0.1,0.1642857142857143,0.10000000000000002,0.20000000000000004
0.10192307692307694,0.06878662109375,0.094482421875,0.07500000000000001,0.0,0.0,0.025,0.05,0.02857142857142857,0.07857142857142858,0.24999999999999997,0.1,0.0,0.1,0.1642857142857143,0.10000000000000002,0.20000000000000004
0.10288461538461541,0.06939697265625,0.09521484375,0.07500000000000001,0.0,0.0,0.025,0.05,0.02857142857142857,0.07857142857142858,0.24999999999999997,0.1,0.0,0.1,0.17142857142857146,0.10000000000000002,0.20000000000000004
0.10384615384615387,0.0699462890625,0.09613037109375,0.07500000000000001,0.0,0.0,0.025,0.05,0.02857142857142857,0.07857142857142858,0.24999999999999997,0.1,0.0,0.1,0.1785714285714286,0.10000000000000002,0.20000000000000004
0.10480769230769232,0.070556640625,0.09698486328125,0.07500000000000001,0.0,0.0,0.025,0.05,0.02857142857142857,0.07857142857142858,0.24999999999999997,0.1,0.0,0.1,0.1785714285714286,0.10714285714285716,0.20000000000000004
0.10576923076923078,0.0711669921875,0.0977783203125,0.07500000000000001,0.0,0.0,0.025,0.05,0.02857142857142857,0.07857142857142858,0.24999999999999997,0.1,0.0,0.1,0.1785714285714286,0.11428571428571431,0.20000000000000004
0.10673076923076924,0.07177734375,0.0986328125,0.07500000000000001,0.0,0.0,0.025,0.05,0.02857142857142857,0.07857142857142858,0.24999999999999997,0.1,0.0,0.1,0.18571428571428575,0.11428571428571431,0.20000000000000004
0.1076923076923077,0.0723876953125,0.09942626953125,0.07500000000000001,0.0,0.0,0.025,0.05,0.02857142857142857,0.07857142857142858,0.24999999999999997,0.1,0.0,0.1,0.1928571428571429,0.11428571428571431,0.20000000000000004
0.10865384615384616,0.072998046875,0.10009765625,0.07500000000000001,0.0,0.0,0.025,0.05,0.02857142857142857,0.07857142857142858,0.24999999999999997,0.1,0.0,0.125,0.1928571428571429,0.11428571428571431,0.20000000000000004
0.10961538461538461,0.0736083984375,0.100830078125,0.07500000000000001,0.0,0.0,0.025,0.05,0.02857142857142857,0.07857142857142858,0.24999999999999997,0.1,0.0,0.125,0.1928571428571429,0.11428571428571431,0.20714285714285718
0.11057692307692307,0.07421875,0.10162353515625,0.07500000000000001,0.0,0.0,0.025,0.05,0.02857142857142857,0.07857142857142858,0.24999999999999997,0.1,0.0,0.125,0.1928571428571429,0.11428571428571431,0.21428571428571433
0.11153846153846156,0.0748291015625,0.1024169921875,0.07500000000000001,0.0,0.0,0.025,0.05,0.02857142857142857,0.07857142857142858,0.24999999999999997,0.1,0.0,0.125,0.1928571428571429,0.11428571428571431,0.22142857142857147
0.11250000000000002,0.075439453125,0.103271484375,0.07500000000000001,0.0,0.0,0.025,0.05,0.02857142857142857,0.07857142857142858,0.24999999999999997,0.1,0.0,0.125,0.1928571428571429,0.11428571428571431,0.22857142857142862
0.11346153846153847,0.0760498046875,0.1041259765625,0.07500000000000001,0.0,0.0,0.025,0.05,0.02857142857142857,0.07857142857142858,0.24999999999999997,0.1,0.0,0.125,0.1928571428571429,0.11428571428571431,0.23571428571428577
0.11442307692307695,0.07672119140625,0.10498046875,0.07500000000000001,0.0,0.0,0.025,0.05,0.03571428571428571,0.07857142857142858,0.24999999999999997,0.1,0.0,0.125,0.1928571428571429,0.11428571428571431,0.23571428571428577
0.1153846153846154,0.07733154296875,0.1058349609375,0.07500000000000001,0.0,0.0,0.025,0.05,0.03571428571428571,0.07857142857142858,0.24999999999999997,0.1,0.0,0.125,0.20000000000000004,0.11428571428571431,0.23571428571428577
0.11634615384615386,0.0780029296875,0.10638427734375,0.07500000000000001,0.0,0.0,0.025,0.05,0.03571428571428571,0.08571428571428573,0.24999999999999997,0.1,0.0,0.125,0.20000000000000004,0.11428571428571431,0.23571428571428577
0.11730769230769232,0.07861328125,0.10723876953125,0.07500000000000001,0.0,0.0,0.025,0.05,0.03571428571428571,0.08571428571428573,0.27499999999999997,0.1,0.0,0.125,0.20000000000000004,0.11428571428571431,0.23571428571428577
0.11826923076923078,0.0792236328125,0.1080322265625,0.07500000000000001,0.0,0.0,0.025,0.05,0.03571428571428571,0.08571428571428573,0.27499999999999997,0.1,0.0,0.125,0.20714285714285718,0.11428571428571431,0.23571428571428577
0.11923076923076924,0.079833984375,0.1087646484375,0.07500000000000001,0.0,0.0,0.025,0.05,0.03571428571428571,0.08571428571428573,0.27499999999999997,0.1,0.0,0.125,0.21428571428571433,0.11428571428571431,0.23571428571428577
0.12019230769230771,0.08038330078125,0.10968017578125,0.07500000000000001,0.0,0.0,0.025,0.05,0.03571428571428571,0.08571428571428573,0.27499999999999997,0.1,0.0,0.125,0.21428571428571433,0.12142857142857146,0.23571428571428577
0.12115384615384617,0.08099365234375,0.11053466796875,0.07500000000000001,0.0,0.0,0.025,0.05,0.03571428571428571,0.08571428571428573,0.27499999999999997,0.1,0.0,0.125,0.21428571428571433,0.1285714285714286,0.23571428571428577
0.12211538461538463,0.08160400390625,0.111328125,0.07500000000000001,0.0,0.0,0.025,0.05,0.03571428571428571,0.08571428571428573,0.27499999999999997,0.1,0.0,0.125,0.21428571428571433,0.13571428571428573,0.23571428571428577
0.12307692307692308,0.08221435546875,0.11199951171875,0.07500000000000001,0.0,0.0,0.025,0.05714285714285715,0.03571428571428571,0.08571428571428573,0.27499999999999997,0.1,0.0,0.125,0.21428571428571433,0.13571428571428573,0.23571428571428577
0.12403846153846154,0.08282470703125,0.11285400390625,0.07500000000000001,0.0,0.0,0.025,0.05714285714285715,0.03571428571428571,0.08571428571428573,0.27499999999999997,0.1,0.0,0.125,0.21428571428571433,0.14285714285714288,0.23571428571428577
0.125,0.08343505859375,0.11370849609375,0.07500000000000001,0.0,0.0,0.025,0.05714285714285715,0.03571428571428571,0.08571428571428573,0.27499999999999997,0.1,0.0,0.125,0.21428571428571433,0.15000000000000002,0.23571428571428577
0.12596153846153849,0.08404541015625,0.11456298828125,0.07500000000000001,0.0,0.0,0.025,0.05714285714285715,0.03571428571428571,0.08571428571428573,0.27499999999999997,0.1,0.0,0.125,0.22142857142857147,0.15000000000000002,0.23571428571428577
0.12692307692307694,0.08465576171875,0.115478515625,0.07500000000000001,0.0,0.0,0.025,0.05714285714285715,0.03571428571428571,0.08571428571428573,0.27499999999999997,0.1,0.0,0.125,0.22857142857142862,0.15000000000000002,0.23571428571428577
0.1278846153846154,0.08526611328125,0.11614990234375,0.07500000000000001,0.0,0.0,0.025,0.05714285714285715,0.03571428571428571,0.08571428571428573,0.27499999999999997,0.1,0.0,0.125,0.23571428571428577,0.15000000000000002,0.23571428571428577
0.12884615384615386,0.08587646484375,0.1168212890625,0.07500000000000001,0.0,0.0,0.025,0.05714285714285715,0.03571428571428571,0.08571428571428573,0.27499999999999997,0.1,0.0,0.125,0.2428571428571429,0.15000000000000002,0.23571428571428577
0.12980769230769235,0.08648681640625,0.11761474609375,0.07500000000000001,0.0,0.0,0.025,0.05714285714285715,0.03571428571428571,0.08571428571428573,0.27499999999999997,0.1,0.0,0.125,0.25000000000000006,0.15000000000000002,0.23571428571428577
0.1307692307692308,0.0870361328125,0.11846923828125,0.07500000000000001,0.0,0.0,0.025,0.05714285714285715,0.03571428571428571,0.08571428571428573,0.27499999999999997,0.1,0.0,0.125,0.25000000000000006,0.15000000000000002,0.2428571428571429
0.13173076923076926,0.087646484375,0.1192626953125,0.07500000000000001,0.0,0.0,0.025,0.05714285714285715,0.03571428571428571,0.08571428571428573,0.27499999999999997,0.1,0.0,0.125,0.25000000000000006,0.15000000000000002,0.25000000000000006
0.1326923076923077,0.0882568359375,0.12005615234375,0.07500000000000001,0.0,0.0,0.025,0.05714285714285715,0.03571428571428571,0.09285714285714287,0.27499999999999997,0.1,0.0,0.125,0.25000000000000006,0.15000000000000002,0.25000000000000006
0.13365384615384618,0.0888671875,0.1207275390625,0.07500000000000001,0.0,0.0,0.025,0.05714285714285715,0.03571428571428571,0.09285714285714287,0.27499999999999997,0.1,0.0,0.125,0.25000000000000006,0.15000000000000002,0.2571428571428572
0.1346153846153846,0.0894775390625,0.12158203125,0.07500000000000001,0.0,0.0,0.025,0.05714285714285715,0.03571428571428571,0.09285714285714287,0.27499999999999997,0.1,0.0,0.125,0.25000000000000006,0.15000000000000002,0.2642857142857143
0.1355769230769231,0.090087890625,0.12237548828125,0.07500000000000001,0.0,0.0,0.025,0.05714285714285715,0.03571428571428571,0.09285714285714287,0.3,0.1,0.0,0.125,0.25000000000000006,0.15000000000000002,0.2642857142857143
0.13653846153846153,0.0906982421875,0.123291015625,0.07500000000000001,0.0,0.0,0.025,0.05714285714285715,0.03571428571428571,0.09285714285714287,0.3,0.1,0.0,0.15,0.25000000000000006,0.15000000000000002,0.2642857142857143
0.1375,0.09130859375,0.1241455078125,0.07500000000000001,0.0,0.0,0.025,0.05714285714285715,0.03571428571428571,0.09285714285714287,0.3,0.1,0.0,0.15,0.25000000000000006,0.15714285714285717,0.2642857142857143
0.13846153846153847,0.0919189453125,0.12481689453125,0.07500000000000001,0.0,0.0,0.025,0.05714285714285715,0.03571428571428571,0.09285714285714287,0.3,0.1,0.0,0.15,0.25000000000000006,0.15714285714285717,0.2714285714285714
0.13942307692307693,0.092529296875,0.12548828125,0.07500000000000001,0.0,0.0,0.05,0.05714285714285715,0.03571428571428571,0.09285714285714287,0.3,0.1,0.0,0.15,0.25000000000000006,0.15714285714285717,0.2714285714285714
0.14038461538461539,0.0931396484375,0.12646484375,0.07500000000000001,0.0,0.0,0.05,0.05714285714285715,0.03571428571428571,0.09285714285714287,0.3,0.1,0.0,0.15,0.2571428571428572,0.15714285714285717,0.2714285714285714
0.14134615384615384,0.09375,0.127197265625,0.07500000000000001,0.0,0.0,0.05,0.05714285714285715,0.03571428571428571,0.09285714285714287,0.3,0.1,0.0,0.15,0.2642857142857143,0.15714285714285717,0.2714285714285714
0.1423076923076923,0.0943603515625,0.1278076171875,0.07500000000000001,0.0,0.0,0.05,0.05714285714285715,0.03571428571428571,0.09285714285714287,0.3,0.1,0.0,0.15,0.2714285714285714,0.15714285714285717,0.2714285714285714
0.1432692307692308,0.094970703125,0.1287841796875,0.07500000000000001,0.0,0.0,0.05,0.05714285714285715,0.03571428571428571,0.09285714285714287,0.3,0.1,0.0,0.15,0.2714285714285714,0.1642857142857143,0.2714285714285714
0.14423076923076922,0.0955810546875,0.1295166015625,0.07500000000000001,0.0,0.0,0.05,0.05714285714285715,0.03571428571428571,0.09285714285714287,0.3,0.1,0.0,0.15,0.2785714285714285,0.1642857142857143,0.2714285714285714
0.1451923076923077,0.09625244140625,0.13037109375,0.07500000000000001,0.0,0.0,0.05,0.0642857142857143,0.03571428571428571,0.09285714285714287,0.3,0.1,0.0,0.15,0.2785714285714285,0.1642857142857143,0.2714285714285714
0.14615384615384613,0.09686279296875,0.1309814453125,0.07500000000000001,0.0,0.0,0.05,0.0642857142857143,0.03571428571428571,0.09285714285714287,0.3,0.1,0.0,0.15,0.2785714285714285,0.17142857142857146,0.2714285714285714
0.14711538461538462,0.09747314453125,0.1318359375,0.07500000000000001,0.0,0.0,0.05,0.0642857142857143,0.03571428571428571,0.09285714285714287,0.3,0.1,0.0,0.15,0.2785714285714285,0.1785714285714286,0.2714285714285714
0.14807692307692305,0.09808349609375,0.1328125,0.07500000000000001,0.0,0.0,0.05,0.0642857142857143,0.04285714285714286,0.09285714285714287,0.3,0.1,0.0,0.15,0.2785714285714285,0.1785714285714286,0.2714285714285714
0.14903846153846154,0.09869384765625,0.133544921875,0.07500000000000001,0.0,0.0,0.05,0.0642857142857143,0.04285714285714286,0.09285714285714287,0.325,0.1,0.0,0.15,0.2785714285714285,0.1785714285714286,0.2714285714285714
0.14999999999999997,0.09930419921875,0.1343994140625,0.07500000000000001,0.0,0.0,0.05,0.0642857142857143,0.04285714285714286,0.09285714285714287,0.325,0.1,0.0,0.15,0.2785714285714285,0.1785714285714286,0.2785714285714285
0.15096153846153845,0.09991455078125,0.1351318359375,0.07500000000000001,0.0,0.0,0.05,0.0642857142857143,0.04285714285714286,0.09285714285714287,0.325,0.1,0.0,0.15,0.28571428571428564,0.1785714285714286,0.2785714285714285
0.15192307692307688,0.10052490234375,0.1358642578125,0.07500000000000001,0.0,0.0,0.05,0.0642857142857143,0.04285714285714286,0.09285714285714287,0.325,0.1,0.0,0.15,0.28571428571428564,0.1785714285714286,0.28571428571428564
0.15288461538461537,0.10107421875,0.1368408203125,0.07500000000000001,0.0,0.0,0.05,0.0642857142857143,0.04285714285714286,0.09285714285714287,0.325,0.1,0.0,0.15,0.28571428571428564,0.1785714285714286,0.29285714285714276
0.1538461538461538,0.1016845703125,0.1376953125,0.07500000000000001,0.0,0.0,0.05,0.0642857142857143,0.04285714285714286,0.09285714285714287,0.325,0.1,0.0,0.15,0.28571428571428564,0.18571428571428575,0.29285714285714276
0.15480769230769229,0.102294921875,0.138427734375,0.07500000000000001,0.0,0.0,0.05,0.0642857142857143,0.04285714285714286,0.09285714285714287,0.325,0.1,0.0,0.15,0.28571428571428564,0.1928571428571429,0.29285714285714276
0.15576923076923077,0.1029052734375,0.139404296875,0.07500000000000001,0.0,0.0,0.05,0.0642857142857143,0.04285714285714286,0.10000000000000002,0.325,0.1,0.0,0.15,0.28571428571428564,0.1928571428571429,0.29285714285714276
0.1567307692307692,0.103515625,0.14013671875,0.07500000000000001,0.0,0.0,0.05,0.0642857142857143,0.04285714285714286,0.10000000000000002,0.325,0.1,0.0,0.15,0.29285714285714276,0.1928571428571429,0.29285714285714276
0.1576923076923077,0.1041259765625,0.1407470703125,0.07500000000000001,0.0,0.0,0.05,0.0642857142857143,0.04285714285714286,0.10000000000000002,0.325,0.1,0.0,0.15,0.2999999999999999,0.1928571428571429,0.29285714285714276
0.15865384615384612,0.10467529296875,0.1417236328125,0.07500000000000001,0.0,0.0,0.05,0.0642857142857143,0.04285714285714286,0.10000000000000002,0.325,0.1,0.0,0.15,0.2999999999999999,0.1928571428571429,0.2999999999999999
0.1596153846153846,0.10528564453125,0.1424560546875,0.07500000000000001,0.0,0.0,0.05,0.0642857142857143,0.04285714285714286,0.10000000000000002,0.325,0.1,0.0,0.15,0.2999999999999999,0.1928571428571429,0.307142857142857
0.16057692307692306,0.10589599609375,0.1431884765625,0.07500000000000001,0.0,0.0,0.05,0.0642857142857143,0.05,0.10000000000000002,0.325,0.1,0.0,0.15,0.2999999999999999,0.1928571428571429,0.307142857142857
0.16153846153846152,0.10650634765625,0.14404296875,0.07500000000000001,0.0,0.0,0.05,0.0642857142857143,0.05,0.10000000000000002,0.35000000000000003,0.1,0.0,0.15,0.2999999999999999,0.1928571428571429,0.307142857142857
0.16249999999999998,0.10711669921875,0.144775390625,0.07500000000000001,0.0,0.0,0.05,0.0642857142857143,0.05,0.10000000000000002,0.35000000000000003,0.1,0.0,0.175,0.2999999999999999,0.1928571428571429,0.307142857142857
0.16346153846153844,0.10772705078125,0.145751953125,0.07500000000000001,0.0,0.0,0.05,0.0642857142857143,0.05,0.10000000000000002,0.35000000000000003,0.1,0.0,0.175,0.307142857142857,0.1928571428571429,0.307142857142857
0.1644230769230769,0.10833740234375,0.146484375,0.07500000000000001,0.0,0.0,0.05,0.0642857142857143,0.05,0.10000000000000002,0.35000000000000003,0.1,0.0,0.175,0.3142857142857141,0.1928571428571429,0.307142857142857
0.16538461538461538,0.10894775390625,0.147216796875,0.07500000000000001,0.0,0.0,0.05,0.0642857142857143,0.05,0.10714285714285716,0.35000000000000003,0.1,0.0,0.175,0.3142857142857141,0.1928571428571429,0.307142857142857
0.1663461538461538,0.10955810546875,0.14794921875,0.07500000000000001,0.0,0.0,0.05,0.0642857142857143,0.05,0.10714285714285716,0.35000000000000003,0.1,0.0,0.175,0.32142857142857123,0.1928571428571429,0.307142857142857
0.1673076923076923,0.11016845703125,0.148681640625,0.07500000000000001,0.0,0.0,0.05,0.0642857142857143,0.05,0.10714285714285716,0.37500000000000006,0.1,0.0,0.175,0.32142857142857123,0.1928571428571429,0.307142857142857
0.16826923076923073,0.11077880859375,0.1494140625,0.07500000000000001,0.0,0.0,0.05,0.0642857142857143,0.05,0.10714285714285716,0.37500000000000006,0.1,0.0,0.175,0.32142857142857123,0.20000000000000004,0.307142857142857
0.1692307692307692,0.11138916015625,0.1505126953125,0.07500000000000001,0.0,0.0,0.05,0.0642857142857143,0.05,0.10714285714285716,0.37500000000000006,0.1,0.0,0.175,0.32142857142857123,0.20714285714285718,0.307142857142857
0.17019230769230764,0.11199951171875,0.1512451171875,0.07500000000000001,0.0,0.0,0.05,0.0642857142857143,0.05,0.10714285714285716,0.37500000000000006,0.1,0.0,0.175,0.32142857142857123,0.21428571428571433,0.307142857142857
0.17115384615384613,0.112548828125,0.1519775390625,0.07500000000000001,0.0,0.0,0.05,0.0642857142857143,0.05,0.10714285714285716,0.37500000000000006,0.1,0.0,0.175,0.32142857142857123,0.21428571428571433,0.3142857142857141
0.17211538461538456,0.11309814453125,0.1527099609375,0.07500000000000001,0.0,0.0,0.05,0.0642857142857143,0.05,0.10714285714285716,0.37500000000000006,0.1,0.0,0.175,0.32142857142857123,0.21428571428571433,0.32142857142857123
0.17307692307692304,0.11370849609375,0.1534423828125,0.07500000000000001,0.0,0.0,0.05,0.0642857142857143,0.05,0.10714285714285716,0.37500000000000006,0.1,0.0,0.175,0.32142857142857123,0.21428571428571433,0.32857142857142835
0.17403846153846148,0.11431884765625,0.154296875,0.1,0.0,0.0,0.05,0.0642857142857143,0.05,0.10714285714285716,0.37500000000000006,0.1,0.0,0.175,0.32142857142857123,0.21428571428571433,0.32857142857142835
0.17499999999999993,0.11492919921875,0.155029296875,0.1,0.0,0.0,0.05,0.0642857142857143,0.05,0.10714285714285716,0.37500000000000006,0.1,0.0,0.175,0.32142857142857123,0.21428571428571433,0.33571428571428547
0.1759615384615384,0.11553955078125,0.1558837890625,0.1,0.0,0.0,0.05,0.0642857142857143,0.05,0.10714285714285716,0.37500000000000006,0.1,0.0,0.175,0.32142857142857123,0.21428571428571433,0.3428571428571426
0.17692307692307688,0.11614990234375,0.1566162109375,0.1,0.0,0.0,0.05,0.07142857142857144,0.05,0.10714285714285716,0.37500000000000006,0.1,0.0,0.175,0.32142857142857123,0.21428571428571433,0.3428571428571426
0.1778846153846153,0.1168212890625,0.157470703125,0.1,0.0,0.0,0.05,0.07142857142857144,0.05,0.11428571428571431,0.37500000000000006,0.1,0.0,0.175,0.32142857142857123,0.21428571428571433,0.3428571428571426
0.1788461538461538,0.117431640625,0.158203125,0.1,0.0,0.0,0.05,0.07142857142857144,0.05,0.11428571428571431,0.37500000000000006,0.1,0.0,0.19999999999999998,0.32142857142857123,0.21428571428571433,0.3428571428571426
0.17980769230769222,0.1180419921875,0.158935546875,0.1,0.0,0.0,0.05,0.07142857142857144,0.05,0.11428571428571431,0.37500000000000006,0.1,0.0,0.19999999999999998,0.32857142857142835,0.21428571428571433,0.3428571428571426
0.1807692307692307,0.11865234375,0.15966796875,0.1,0.0,0.0,0.05,0.07142857142857144,0.05,0.11428571428571431,0.37500000000000006,0.1,0.0,0.19999999999999998,0.33571428571428547,0.21428571428571433,0.3428571428571426
0.18173076923076914,0.1192626953125,0.16064453125,0.1,0.0,0.0,0.05,0.07142857142857144,0.05,0.11428571428571431,0.37500000000000006,0.1,0.0,0.19999999999999998,0.3428571428571426,0.21428571428571433,0.3428571428571426
0.18269230769230763,0.11981201171875,0.1614990234375,0.1,0.0,0.0,0.05,0.07142857142857144,0.05,0.11428571428571431,0.37500000000000006,0.1,0.0,0.19999999999999998,0.3499999999999997,0.21428571428571433,0.3428571428571426
0.18365384615384606,0.120361328125,0.1622314453125,0.1,0.0,0.0,0.05,0.07142857142857144,0.05,0.11428571428571431,0.37500000000000006,0.1,0.0,0.19999999999999998,0.3571428571428568,0.21428571428571433,0.3428571428571426
0.18461538461538454,0.1209716796875,0.1629638671875,0.1,0.0,0.0,0.05,0.07142857142857144,0.05,0.11428571428571431,0.37500000000000006,0.1,0.0,0.19999999999999998,0.36428571428571394,0.21428571428571433,0.3428571428571426
0.18557692307692303,0.12158203125,0.163818359375,0.1,0.0,0.0,0.05,0.07142857142857144,0.05,0.11428571428571431,0.37500000000000006,0.1,0.0,0.19999999999999998,0.36428571428571394,0.22142857142857147,0.3428571428571426
0.18653846153846146,0.1221923828125,0.16455078125,0.1,0.0,0.0,0.05,0.07142857142857144,0.05,0.11428571428571431,0.37500000000000006,0.1,0.0,0.19999999999999998,0.36428571428571394,0.22857142857142862,0.3428571428571426
0.18749999999999994,0.12274169921875,0.165283203125,0.1,0.0,0.0,0.05,0.07142857142857144,0.05,0.11428571428571431,0.37500000000000006,0.1,0.0,0.19999999999999998,0.36428571428571394,0.23571428571428577,0.3428571428571426
0.18846153846153837,0.12335205078125,0.1661376953125,0.1,0.0,0.0,0.05,0.07142857142857144,0.05,0.11428571428571431,0.37500000000000006,0.1,0.0,0.19999999999999998,0.36428571428571394,0.2428571428571429,0.3428571428571426
0.18942307692307686,0.12396240234375,0.1669921875,0.1,0.0,0.0,0.05,0.07142857142857144,0.05,0.11428571428571431,0.37500000000000006,0.1,0.0,0.19999999999999998,0.36428571428571394,0.25000000000000006,0.3428571428571426
0.19038461538461532,0.12457275390625,0.1676025390625,0.1,0.0,0.0,0.05,0.07142857142857144,0.05,0.11428571428571431,0.4000000000000001,0.1,0.0,0.19999999999999998,0.36428571428571394,0.25000000000000006,0.3428571428571426
0.1913461538461538,0.125244140625,0.1685791015625,0.1,0.1,0.0,0.05,0.07142857142857144,0.05,0.11428571428571431,0.4000000000000001,0.1,0.0,0.19999999999999998,0.36428571428571394,0.25000000000000006,0.3428571428571426
0.19230769230769224,0.1258544921875,0.16943359375,0.1,0.1,0.0,0.07500000000000001,0.07142857142857144,0.05,0.11428571428571431,0.4000000000000001,0.1,0.0,0.19999999999999998,0.36428571428571394,0.25000000000000006,0.3428571428571426
0.19326923076923072,0.12646484375,0.1700439453125,0.1,0.1,0.0,0.07500000000000001,0.07142857142857144,0.05,0.11428571428571431,0.4000000000000001,0.1,0.0,0.19999999999999998,0.37142857142857105,0.25000000000000006,0.3428571428571426
0.19423076923076915,0.1270751953125,0.1707763671875,0.1,0.1,0.0,0.07500000000000001,0.07142857142857144,0.05,0.11428571428571431,0.4000000000000001,0.1,0.0,0.19999999999999998,0.37857142857142817,0.25000000000000006,0.3428571428571426
0.1951923076923076,0.127685546875,0.1715087890625,0.1,0.1,0.0,0.07500000000000001,0.07142857142857144,0.05,0.11428571428571431,0.4000000000000001,0.1,0.0,0.19999999999999998,0.37857142857142817,0.25000000000000006,0.3499999999999997
0.19615384615384607,0.1282958984375,0.17236328125,0.1,0.1,0.0,0.07500000000000001,0.07142857142857144,0.05,0.11428571428571431,0.4000000000000001,0.1,0.0,0.19999999999999998,0.3857142857142853,0.25000000000000006,0.3499999999999997
0.19711538461538453,0.12890625,0.1732177734375,0.1,0.1,0.0,0.07500000000000001,0.07142857142857144,0.05,0.11428571428571431,0.4000000000000001,0.1,0.0,0.19999999999999998,0.3928571428571424,0.25000000000000006,0.3499999999999997
0.19807692307692298,0.1295166015625,0.174072265625,0.1,0.1,0.0,0.07500000000000001,0.07142857142857144,0.05714285714285715,0.11428571428571431,0.4000000000000001,0.1,0.0,0.19999999999999998,0.3928571428571424,0.25000000000000006,0.3499999999999997
0.19903846153846144,0.130126953125,0.1748046875,0.1,0.1,0.0,0.07500000000000001,0.07142857142857144,0.05714285714285715,0.11428571428571431,0.4000000000000001,0.1,0.0,0.19999999999999998,0.3999999999999995,0.25000000000000006,0.3499999999999997
0.1999999999999999,0.1307373046875,0.1756591796875,0.1,0.1,0.0,0.07500000000000001,0.07857142857142858,0.05714285714285715,0.11428571428571431,0.4000000000000001,0.1,0.0,0.19999999999999998,0.3999999999999995,0.25000000000000006,0.3499999999999997
0.20096153846153839,0.13134765625,0.1763916015625,0.1,0.1,0.0,0.07500000000000001,0.07857142857142858,0.05714285714285715,0.11428571428571431,0.4000000000000001,0.1,0.0,0.19999999999999998,0.3999999999999995,0.2571428571428572,0.3499999999999997
0.20192307692307682,0.1319580078125,0.17724609375,0.1,0.1,0.0,0.07500000000000001,0.07857142857142858,0.05714285714285715,0.11428571428571431,0.4000000000000001,0.1,0.0,0.19999999999999998,0.3999999999999995,0.2642857142857143,0.3499999999999997
0.20288461538461527,0.132568359375,0.1778564453125,0.1,0.1,0.0,0.07500000000000001,0.07857142857142858,0.05714285714285715,0.12142857142857146,0.4000000000000001,0.1,0.0,0.19999999999999998,0.3999999999999995,0.2642857142857143,0.3499999999999997
0.20384615384615373,0.1331787109375,0.1787109375,0.1,0.1,0.0,0.07500000000000001,0.07857142857142858,0.05714285714285715,0.12142857142857146,0.4000000000000001,0.1,0.0,0.19999999999999998,0.3999999999999995,0.2714285714285714,0.3499999999999997
0.2048076923076922,0.1337890625,0.1795654296875,0.1,0.1,0.0,0.07500000000000001,0.07857142857142858,0.05714285714285715,0.12142857142857146,0.4000000000000001,0.1,0.0,0.19999999999999998,0.3999999999999995,0.2785714285714285,0.3499999999999997
0.20576923076923065,0.1343994140625,0.180419921875,0.1,0.1,0.0,0.07500000000000001,0.07857142857142858,0.05714285714285715,0.12142857142857146,0.4000000000000001,0.1,0.0,0.19999999999999998,0.3999999999999995,0.2785714285714285,0.3571428571428568
0.2067307692307691,0.1348876953125,0.18115234375,0.1,0.1,0.0,0.07500000000000001,0.07857142857142858,0.05714285714285715,0.12142857142857146,0.4000000000000001,0.1,0.0,0.19999999999999998,0.3999999999999995,0.2785714285714285,0.36428571428571394
0.20769230769230757,0.135498046875,0.18212890625,0.1,0.1,0.0,0.07500000000000001,0.07857142857142858,0.05714285714285715,0.12142857142857146,0.4000000000000001,0.1,0.0,0.19999999999999998,0.3999999999999995,0.2785714285714285,0.37142857142857105
0.20865384615384602,0.135986328125,0.18310546875,0.1,0.1,0.0,0.07500000000000001,0.07857142857142858,0.05714285714285715,0.12142857142857146,0.4000000000000001,0.1,0.0,0.19999999999999998,0.3999999999999995,0.2785714285714285,0.37857142857142817
0.20961538461538448,0.1365966796875,0.1837158203125,0.1,0.1,0.0,0.07500000000000001,0.07857142857142858,0.05714285714285715,0.1285714285714286,0.4000000000000001,0.1,0.0,0.19999999999999998,0.3999999999999995,0.2785714285714285,0.37857142857142817
0.21057692307692297,0.13720703125,0.1845703125,0.1,0.1,0.0,0.07500000000000001,0.07857142857142858,0.05714285714285715,0.1285714285714286,0.4000000000000001,0.2,0.0,0.19999999999999998,0.3999999999999995,0.2785714285714285,0.37857142857142817
0.2115384615384614,0.1378173828125,0.185302734375,0.1,0.1,0.0,0.07500000000000001,0.07857142857142858,0.05714285714285715,0.1285714285714286,0.4000000000000001,0.2,0.0,0.22499999999999998,0.3999999999999995,0.2785714285714285,0.37857142857142817
0.21249999999999988,0.138427734375,0.1861572265625,0.1,0.1,0.0,0.07500000000000001,0.07857142857142858,0.05714285714285715,0.1285714285714286,0.4000000000000001,0.2,0.0,0.22499999999999998,0.40714285714285664,0.2785714285714285,0.37857142857142817
0.2134615384615383,0.1390380859375,0.18701171875,0.1,0.1,0.0,0.07500000000000001,0.07857142857142858,0.05714285714285715,0.1285714285714286,0.4000000000000001,0.2,0.0,0.22499999999999998,0.41428571428571376,0.2785714285714285,0.37857142857142817
0.2144230769230768,0.1396484375,0.1878662109375,0.1,0.1,0.0,0.07500000000000001,0.07857142857142858,0.05714285714285715,0.1285714285714286,0.4250000000000001,0.2,0.0,0.22499999999999998,0.41428571428571376,0.2785714285714285,0.37857142857142817
0.21538461538461526,0.1402587890625,0.188720703125,0.1,0.1,0.0,0.07500000000000001,0.07857142857142858,0.05714285714285715,0.1285714285714286,0.4250000000000001,0.2,0.0,0.22499999999999998,0.41428571428571376,0.28571428571428564,0.37857142857142817
0.21634615384615372,0.140869140625,0.189208984375,0.1,0.1,0.0,0.07500000000000001,0.07857142857142858,0.05714285714285715,0.1285714285714286,0.4250000000000001,0.2,0.0,0.22499999999999998,0.41428571428571376,0.29285714285714276,0.37857142857142817
0.21730769230769217,0.1414794921875,0.1900634765625,0.1,0.1,0.0,0.07500000000000001,0.07857142857142858,0.05714285714285715,0.1285714285714286,0.4250000000000001,0.2,0.0,0.22499999999999998,0.41428571428571376,0.2999999999999999,0.37857142857142817
0.21826923076923063,0.14208984375,0.19091796875,0.1,0.1,0.0,0.07500000000000001,0.07857142857142858,0.05714285714285715,0.1285714285714286,0.4250000000000001,0.2,0.0,0.22499999999999998,0.4214285714285709,0.2999999999999999,0.37857142857142817
0.2192307692307691,0.1427001953125,0.19189453125,0.1,0.1,0.0,0.07500000000000001,0.07857142857142858,0.05714285714285715,0.1285714285714286,0.4250000000000001,0.2,0.0,0.22499999999999998,0.428571428571428,0.2999999999999999,0.37857142857142817
0.22019230769230755,0.143310546875,0.1923828125,0.1,0.1,0.0,0.07500000000000001,0.08571428571428573,0.05714285714285715,0.1285714285714286,0.4250000000000001,0.2,0.0,0.22499999999999998,0.428571428571428,0.2999999999999999,0.37857142857142817
0.221153846153846,0.1439208984375,0.1932373046875,0.1,0.1,0.0,0.07500000000000001,0.08571428571428573,0.05714285714285715,0.1285714285714286,0.4250000000000001,0.2,0.0,0.22499999999999998,0.428571428571428,0.2999999999999999,0.3857142857142853
0.2221153846153845,0.14453125,0.1939697265625,0.1,0.1,0.0,0.07500000000000001,0.08571428571428573,0.05714285714285715,0.1285714285714286,0.4500000000000001,0.2,0.0,0.22499999999999998,0.428571428571428,0.2999999999999999,0.3857142857142853
0.22307692307692292,0.1451416015625,0.19482421875,0.1,0.1,0.0,0.07500000000000001,0.08571428571428573,0.05714285714285715,0.1285714285714286,0.4500000000000001,0.2,0.0,0.22499999999999998,0.428571428571428,0.2999999999999999,0.3928571428571424
0.2240384615384614,0.145751953125,0.1956787109375,0.1,0.1,0.0,0.07500000000000001,0.08571428571428573,0.0642857142857143,0.1285714285714286,0.4500000000000001,0.2,0.0,0.22499999999999998,0.428571428571428,0.2999999999999999,0.3928571428571424
0.22499999999999984,0.1463623046875,0.1962890625,0.1,0.1,0.0,0.07500000000000001,0.08571428571428573,0.0642857142857143,0.1285714285714286,0.4500000000000001,0.2,0.0,0.22499999999999998,0.4357142857142851,0.2999999999999999,0.3928571428571424
0.22596153846153832,0.14697265625,0.1971435546875,0.1,0.1,0.0,0.07500000000000001,0.08571428571428573,0.0642857142857143,0.1285714285714286,0.4500000000000001,0.2,0.0,0.22499999999999998,0.4428571428571422,0.2999999999999999,0.3928571428571424
0.22692307692307676,0.1475830078125,0.197998046875,0.1,0.1,0.0,0.07500000000000001,0.08571428571428573,0.0642857142857143,0.1285714285714286,0.4500000000000001,0.2,0.0,0.24999999999999997,0.4428571428571422,0.2999999999999999,0.3928571428571424
0.22788461538461524,0.148193359375,0.198974609375,0.1,0.1,0.0,0.07500000000000001,0.08571428571428573,0.0642857142857143,0.1285714285714286,0.4500000000000001,0.2,0.0,0.24999999999999997,0.44999999999999934,0.2999999999999999,0.3928571428571424
0.22884615384615367,0.1488037109375,0.199462890625,0.1,0.1,0.0,0.07500000000000001,0.08571428571428573,0.0642857142857143,0.1285714285714286,0.4500000000000001,0.2,0.0,0.24999999999999997,0.44999999999999934,0.307142857142857,0.3928571428571424
0.22980769230769216,0.1494140625,0.200439453125,0.1,0.1,0.0,0.07500000000000001,0.08571428571428573,0.0642857142857143,0.1285714285714286,0.4500000000000001,0.2,0.0,0.24999999999999997,0.44999999999999934,0.3142857142857141,0.3928571428571424
0.2307692307692306,0.1500244140625,0.2012939453125,0.1,0.1,0.0,0.07500000000000001,0.08571428571428573,0.0642857142857143,0.13571428571428573,0.4500000000000001,0.2,0.0,0.24999999999999997,0.44999999999999934,0.3142857142857141,0.3928571428571424
0.23173076923076907,0.150634765625,0.2021484375,0.1,0.1,0.0,0.07500000000000001,0.08571428571428573,0.0642857142857143,0.13571428571428573,0.4500000000000001,0.2,0.0,0.24999999999999997,0.44999999999999934,0.32142857142857123,0.3928571428571424
0.2326923076923075,0.1512451171875,0.2027587890625,0.1,0.1,0.0,0.07500000000000001,0.08571428571428573,0.0642857142857143,0.13571428571428573,0.4500000000000001,0.2,0.0,0.24999999999999997,0.45714285714285646,0.32142857142857123,0.3928571428571424
0.233653846153846,0.15185546875,0.2037353515625,0.1,0.1,0.0,0.07500000000000001,0.08571428571428573,0.0642857142857143,0.13571428571428573,0.4500000000000001,0.2,0.0,0.24999999999999997,0.4642857142857136,0.32142857142857123,0.3928571428571424
0.23461538461538442,0.1524658203125,0.2044677734375,0.1,0.1,0.0,0.07500000000000001,0.08571428571428573,0.0642857142857143,0.13571428571428573,0.4500000000000001,0.2,0.0,0.24999999999999997,0.4714285714285707,0.32142857142857123,0.3928571428571424
0.2355769230769229,0.153076171875,0.2052001953125,0.1,0.1,0.0,0.07500000000000001,0.08571428571428573,0.0642857142857143,0.13571428571428573,0.4500000000000001,0.2,0.0,0.24999999999999997,0.4785714285714278,0.32142857142857123,0.3928571428571424
0.2365384615384614,0.1536865234375,0.2060546875,0.1,0.1,0.0,0.07500000000000001,0.08571428571428573,0.0642857142857143,0.13571428571428573,0.4500000000000001,0.2,0.0,0.24999999999999997,0.4785714285714278,0.32142857142857123,0.3999999999999995
0.23749999999999982,0.1541748046875,0.2069091796875,0.1,0.1,0.0,0.07500000000000001,0.08571428571428573,0.0642857142857143,0.13571428571428573,0.4500000000000001,0.2,0.0,0.24999999999999997,0.4785714285714278,0.32142857142857123,0.40714285714285664
0.23846153846153825,0.15478515625,0.20751953125,0.1,0.1,0.0,0.07500000000000001,0.08571428571428573,0.0642857142857143,0.13571428571428573,0.4500000000000001,0.2,0.0,0.24999999999999997,0.4785714285714278,0.32857142857142835,0.40714285714285664
0.23942307692307674,0.1553955078125,0.2083740234375,0.1,0.1,0.0,0.07500000000000001,0.08571428571428573,0.0642857142857143,0.13571428571428573,0.4500000000000001,0.2,0.0,0.24999999999999997,0.4785714285714278,0.33571428571428547,0.40714285714285664
0.24038461538461517,0.156005859375,0.209228515625,0.1,0.1,0.0,0.07500000000000001,0.08571428571428573,0.0642857142857143,0.13571428571428573,0.4500000000000001,0.2,0.0,0.24999999999999997,0.4785714285714278,0.3428571428571426,0.40714285714285664
0.24134615384615365,0.1566162109375,0.2100830078125,0.1,0.1,0.0,0.07500000000000001,0.08571428571428573,0.0642857142857143,0.13571428571428573,0.4500000000000001,0.2,0.0,0.24999999999999997,0.4785714285714278,0.3499999999999997,0.40714285714285664
0.24230769230769209,0.1572265625,0.2109375,0.1,0.1,0.0,0.07500000000000001,0.08571428571428573,0.0642857142857143,0.13571428571428573,0.4500000000000001,0.2,0.0,0.24999999999999997,0.4785714285714278,0.3571428571428568,0.40714285714285664
0.24326923076923057,0.15771484375,0.2115478515625,0.1,0.1,0.0,0.07500000000000001,0.08571428571428573,0.0642857142857143,0.13571428571428573,0.4500000000000001,0.2,0.0,0.24999999999999997,0.4785714285714278,0.3571428571428568,0.41428571428571376
0.24423076923076906,0.1583251953125,0.2125244140625,0.1,0.1,0.0,0.07500000000000001,0.08571428571428573,0.0642857142857143,0.13571428571428573,0.4500000000000001,0.2,0.0,0.24999999999999997,0.4785714285714278,0.36428571428571394,0.41428571428571376
0.2451923076923075,0.158935546875,0.2132568359375,0.1,0.1,0.0,0.07500000000000001,0.08571428571428573,0.0642857142857143,0.13571428571428573,0.4500000000000001,0.2,0.0,0.24999999999999997,0.4785714285714278,0.36428571428571394,0.4214285714285709
0.24615384615384597,0.159423828125,0.2142333984375,0.1,0.1,0.0,0.07500000000000001,0.08571428571428573,0.0642857142857143,0.13571428571428573,0.4500000000000001,0.2,0.0,0.24999999999999997,0.4785714285714278,0.36428571428571394,0.428571428571428
0.2471153846153844,0.1600341796875,0.21484375,0.1,0.1,0.0,0.07500000000000001,0.08571428571428573,0.0642857142857143,0.13571428571428573,0.4500000000000001,0.2,0.0,0.24999999999999997,0.4785714285714278,0.36428571428571394,0.4357142857142851
0.2480769230769229,0.16064453125,0.2156982421875,0.1,0.1,0.0,0.07500000000000001,0.08571428571428573,0.0642857142857143,0.13571428571428573,0.4500000000000001,0.2,0.0,0.24999999999999997,0.4785714285714278,0.36428571428571394,0.4428571428571422
0.24903846153846132,0.1612548828125,0.216552734375,0.125,0.1,0.0,0.07500000000000001,0.08571428571428573,0.0642857142857143,0.13571428571428573,0.4500000000000001,0.2,0.0,0.24999999999999997,0.4785714285714278,0.36428571428571394,0.4428571428571422
0.24999999999999975,0.161865234375,0.2171630859375,0.125,0.1,0.0,0.07500000000000001,0.08571428571428573,0.0642857142857143,0.13571428571428573,0.4500000000000001,0.2,0.0,0.24999999999999997,0.4785714285714278,0.36428571428571394,0.44999999999999934
0.25096153846153824,0.1624755859375,0.218017578125,0.125,0.1,0.0,0.07500000000000001,0.08571428571428573,0.0642857142857143,0.13571428571428573,0.4500000000000001,0.2,0.0,0.24999999999999997,0.4785714285714278,0.37142857142857105,0.44999999999999934
0.2519230769230767,0.1630859375,0.2191162109375,0.125,0.1,0.0,0.07500000000000001,0.08571428571428573,0.0642857142857143,0.13571428571428573,0.4500000000000001,0.2,0.0,0.24999999999999997,0.4785714285714278,0.37142857142857105,0.45714285714285646
0.2528846153846152,0.1636962890625,0.2200927734375,0.125,0.1,0.0,0.1,0.08571428571428573,0.0642857142857143,0.13571428571428573,0.4500000000000001,0.2,0.0,0.24999999999999997,0.4785714285714278,0.37142857142857105,0.45714285714285646
0.2538461538461536,0.164306640625,0.2208251953125,0.125,0.1,0.0,0.1,0.09285714285714287,0.0642857142857143,0.13571428571428573,0.4500000000000001,0.2,0.0,0.24999999999999997,0.4785714285714278,0.37142857142857105,0.45714285714285646
0.25480769230769207,0.1649169921875,0.2215576171875,0.125,0.1,0.0,0.1,0.09285714285714287,0.0642857142857143,0.13571428571428573,0.4500000000000001,0.2,0.0,0.24999999999999997,0.4785714285714278,0.37142857142857105,0.4642857142857136
0.2557692307692305,0.16552734375,0.2222900390625,0.125,0.1,0.0,0.1,0.10000000000000002,0.0642857142857143,0.13571428571428573,0.4500000000000001,0.2,0.0,0.24999999999999997,0.4785714285714278,0.37142857142857105,0.4642857142857136
0.25673076923076904,0.1661376953125,0.22314453125,0.125,0.1,0.0,0.1,0.10000000000000002,0.0642857142857143,0.13571428571428573,0.4500000000000001,0.2,0.0,0.24999999999999997,0.4785714285714278,0.37142857142857105,0.4714285714285707
0.25769230769230744,0.166748046875,0.22412109375,0.125,0.1,0.0,0.1,0.10000000000000002,0.0642857142857143,0.13571428571428573,0.4500000000000001,0.2,0.0,0.24999999999999997,0.4785714285714278,0.37142857142857105,0.4785714285714278
0.25865384615384596,0.1673583984375,0.2247314453125,0.125,0.1,0.0,0.1,0.10000000000000002,0.0642857142857143,0.13571428571428573,0.4500000000000001,0.2,0.0,0.24999999999999997,0.4785714285714278,0.37142857142857105,0.48571428571428493
0.25961538461538436,0.16796875,0.2255859375,0.125,0.1,0.0,0.1,0.10000000000000002,0.07142857142857144,0.13571428571428573,0.4500000000000001,0.2,0.0,0.24999999999999997,0.4785714285714278,0.37142857142857105,0.48571428571428493
0.2605769230769229,0.1685791015625,0.2264404296875,0.125,0.1,0.0,0.1,0.10000000000000002,0.07142857142857144,0.14285714285714288,0.4500000000000001,0.2,0.0,0.24999999999999997,0.4785714285714278,0.37142857142857105,0.48571428571428493
0.2615384615384613,0.169189453125,0.2271728515625,0.125,0.1,0.0,0.1,0.10000000000000002,0.07142857142857144,0.14285714285714288,0.47500000000000014,0.2,0.0,0.24999999999999997,0.4785714285714278,0.37142857142857105,0.48571428571428493
0.2624999999999998,0.1697998046875,0.22802734375,0.125,0.1,0.0,0.1,0.10000000000000002,0.07142857142857144,0.14285714285714288,0.47500000000000014,0.2,0.0,0.27499999999999997,0.4785714285714278,0.37142857142857105,0.48571428571428493
0.26346153846153825,0.17041015625,0.22900390625,0.125,0.1,0.0,0.1,0.10000000000000002,0.07142857142857144,0.14285714285714288,0.47500000000000014,0.2,0.0,0.27499999999999997,0.48571428571428493,0.37142857142857105,0.48571428571428493
0.2644230769230767,0.1710205078125,0.2294921875,0.125,0.1,0.0,0.1,0.10000000000000002,0.07142857142857144,0.14285714285714288,0.47500000000000014,0.2,0.0,0.27499999999999997,0.49285714285714205,0.37142857142857105,0.48571428571428493
0.26538461538461516,0.171630859375,0.23046875,0.125,0.1,0.0,0.1,0.10000000000000002,0.07142857142857144,0.15000000000000002,0.47500000000000014,0.2,0.0,0.27499999999999997,0.49285714285714205,0.37142857142857105,0.48571428571428493
0.2663461538461536,0.1722412109375,0.2314453125,0.125,0.1,0.0,0.1,0.10000000000000002,0.07142857142857144,0.15000000000000002,0.47500000000000014,0.2,0.0,0.27499999999999997,0.49999999999999917,0.37142857142857105,0.48571428571428493
0.2673076923076921,0.1728515625,0.2320556640625,0.125,0.1,0.0,0.1,0.10000000000000002,0.07142857142857144,0.15714285714285717,0.47500000000000014,0.2,0.0,0.27499999999999997,0.49999999999999917,0.37142857142857105,0.48571428571428493
0.26826923076923054,0.1734619140625,0.23291015625,0.125,0.1,0.0,0.1,0.10000000000000002,0.07142857142857144,0.15714285714285717,0.47500000000000014,0.2,0.0,0.27499999999999997,0.5071428571428563,0.37142857142857105,0.48571428571428493
0.269230769230769,0.174072265625,0.2335205078125,0.125,0.1,0.0,0.1,0.10000000000000002,0.07142857142857144,0.15714285714285717,0.47500000000000014,0.2,0.0,0.27499999999999997,0.5142857142857135,0.37142857142857105,0.48571428571428493
0.27019230769230745,0.1746826171875,0.2344970703125,0.125,0.1,0.0,0.1,0.10000000000000002,0.07142857142857144,0.15714285714285717,0.5000000000000001,0.2,0.0,0.27499999999999997,0.5142857142857135,0.37142857142857105,0.48571428571428493
0.2711538461538459,0.17529296875,0.2353515625,0.125,0.1,0.0,0.1,0.10000000000000002,0.07142857142857144,0.15714285714285717,0.5000000000000001,0.2,0.0,0.27499999999999997,0.5142857142857135,0.37857142857142817,0.48571428571428493
0.27211538461538437,0.1759033203125,0.2359619140625,0.125,0.1,0.0,0.1,0.10000000000000002,0.07142857142857144,0.15714285714285717,0.5000000000000001,0.2,0.0,0.27499999999999997,0.5142857142857135,0.3857142857142853,0.48571428571428493
0.27307692307692283,0.176513671875,0.2369384765625,0.125,0.1,0.0,0.1,0.10000000000000002,0.07142857142857144,0.15714285714285717,0.5000000000000001,0.2,0.0,0.27499999999999997,0.5214285714285706,0.3857142857142853,0.48571428571428493
0.2740384615384613,0.1771240234375,0.237548828125,0.125,0.1,0.0,0.1,0.10000000000000002,0.07142857142857144,0.15714285714285717,0.5000000000000001,0.2,0.0,0.27499999999999997,0.5285714285714277,0.3857142857142853,0.48571428571428493
0.2749999999999998,0.177734375,0.2384033203125,0.125,0.1,0.0,0.1,0.10000000000000002,0.07142857142857144,0.15714285714285717,0.5000000000000001,0.2,0.0,0.3,0.5285714285714277,0.3857142857142853,0.48571428571428493
0.2759615384615382,0.1783447265625,0.2392578125,0.125,0.1,0.0,0.1,0.10000000000000002,0.07142857142857144,0.15714285714285717,0.5000000000000001,0.2,0.0,0.3,0.5285714285714277,0.3928571428571424,0.48571428571428493
0.27692307692307666,0.178955078125,0.2398681640625,0.125,0.1,0.0,0.1,0.10000000000000002,0.07142857142857144,0.15714285714285717,0.5250000000000001,0.2,0.0,0.3,0.5285714285714277,0.3928571428571424,0.48571428571428493
0.2778846153846151,0.1795654296875,0.2408447265625,0.125,0.1,0.0,0.1,0.10000000000000002,0.07142857142857144,0.15714285714285717,0.5250000000000001,0.2,0.0,0.3,0.5285714285714277,0.3999999999999995,0.48571428571428493
0.2788461538461536,0.18017578125,0.2415771484375,0.125,0.1,0.0,0.1,0.10000000000000002,0.07857142857142858,0.15714285714285717,0.5250000000000001,0.2,0.0,0.3,0.5285714285714277,0.3999999999999995,0.48571428571428493
0.27980769230769204,0.1807861328125,0.242431640625,0.125,0.1,0.0,0.1,0.10000000000000002,0.07857142857142858,0.15714285714285717,0.5250000000000001,0.2,0.0,0.3,0.5285714285714277,0.3999999999999995,0.49285714285714205
0.2807692307692305,0.181396484375,0.2432861328125,0.125,0.1,0.0,0.1,0.10000000000000002,0.07857142857142858,0.15714285714285717,0.5250000000000001,0.2,0.0,0.3,0.5357142857142848,0.3999999999999995,0.49285714285714205
0.28173076923076895,0.1820068359375,0.243896484375,0.125,0.1,0.0,0.1,0.10000000000000002,0.07857142857142858,0.15714285714285717,0.5250000000000001,0.2,0.0,0.3,0.5428571428571419,0.3999999999999995,0.49285714285714205
0.2826923076923074,0.1826171875,0.2449951171875,0.125,0.1,0.0,0.1,0.10000000000000002,0.07857142857142858,0.15714285714285717,0.5250000000000001,0.2,0.0,0.3,0.549999999999999,0.3999999999999995,0.49285714285714205
0.28365384615384587,0.1832275390625,0.24560546875,0.125,0.1,0.0,0.1,0.10000000000000002,0.07857142857142858,0.15714285714285717,0.5250000000000001,0.2,0.0,0.3,0.5571428571428562,0.3999999999999995,0.49285714285714205
0.2846153846153843,0.183837890625,0.2464599609375,0.125,0.1,0.0,0.1,0.10000000000000002,0.07857142857142858,0.15714285714285717,0.5250000000000001,0.2,0.0,0.3,0.5642857142857133,0.3999999999999995,0.49285714285714205
0.2855769230769228,0.1844482421875,0.2474365234375,0.125,0.1,0.0,0.125,0.10000000000000002,0.07857142857142858,0.15714285714285717,0.5250000000000001,0.2,0.0,0.3,0.5642857142857133,0.3999999999999995,0.49285714285714205
0.2865384615384613,0.18505859375,0.247802734375,0.125,0.1,0.0,0.125,0.10000000000000002,0.07857142857142858,0.15714285714285717,0.5250000000000001,0.2,0.0,0.3,0.5642857142857133,0.3999999999999995,0.49999999999999917
0.2874999999999997,0.1856689453125,0.2489013671875,0.125,0.1,0.0,0.125,0.10000000000000002,0.07857142857142858,0.15714285714285717,0.5250000000000001,0.2,0.0,0.3,0.5714285714285704,0.3999999999999995,0.49999999999999917
0.28846153846153816,0.186279296875,0.2496337890625,0.125,0.1,0.0,0.125,0.10000000000000002,0.07857142857142858,0.15714285714285717,0.5250000000000001,0.2,0.0,0.3,0.5714285714285704,0.40714285714285664,0.49999999999999917
0.2894230769230766,0.1868896484375,0.25048828125,0.125,0.1,0.0,0.125,0.10000000000000002,0.07857142857142858,0.15714285714285717,0.5250000000000001,0.2,0.0,0.3,0.5714285714285704,0.41428571428571376,0.49999999999999917
0.2903846153846151,0.1875,0.25146484375,0.125,0.1,0.0,0.125,0.10714285714285716,0.07857142857142858,0.15714285714285717,0.5250000000000001,0.2,0.0,0.3,0.5714285714285704,0.41428571428571376,0.49999999999999917
0.29134615384615353,0.1881103515625,0.251953125,0.125,0.1,0.0,0.125,0.10714285714285716,0.07857142857142858,0.15714285714285717,0.5250000000000001,0.2,0.0,0.3,0.5714285714285704,0.4214285714285709,0.49999999999999917
0.292307692307692,0.188720703125,0.2529296875,0.125,0.1,0.0,0.125,0.10714285714285716,0.07857142857142858,0.15714285714285717,0.5250000000000001,0.2,0.0,0.3,0.5714285714285704,0.428571428571428,0.49999999999999917
0.29326923076923045,0.1893310546875,0.253662109375,0.125,0.1,0.0,0.125,0.11428571428571431,0.07857142857142858,0.15714285714285717,0.5250000000000001,0.2,0.0,0.3,0.5714285714285704,0.428571428571428,0.49999999999999917
0.2942307692307689,0.18994140625,0.25439453125,0.125,0.1,0.0,0.125,0.11428571428571431,0.07857142857142858,0.15714285714285717,0.5250000000000001,0.2,0.0,0.3,0.5714285714285704,0.428571428571428,0.5071428571428563
0.29519230769230737,0.1904296875,0.25537109375,0.125,0.1,0.0,0.125,0.11428571428571431,0.07857142857142858,0.15714285714285717,0.5250000000000001,0.2,0.0,0.3,0.5714285714285704,0.428571428571428,0.5142857142857135
0.2961538461538459,0.1910400390625,0.256103515625,0.125,0.1,0.0,0.125,0.11428571428571431,0.07857142857142858,0.15714285714285717,0.5250000000000001,0.2,0.0,0.3,0.5785714285714275,0.428571428571428,0.5142857142857135
0.2971153846153843,0.1917724609375,0.257080078125,0.125,0.1,0.0,0.125,0.11428571428571431,0.08571428571428573,0.15714285714285717,0.5250000000000001,0.2,0.0,0.3,0.5785714285714275,0.428571428571428,0.5142857142857135
0.29807692307692274,0.1923828125,0.257568359375,0.125,0.1,0.0,0.125,0.11428571428571431,0.08571428571428573,0.15714285714285717,0.5250000000000001,0.2,0.0,0.3,0.5785714285714275,0.4357142857142851,0.5142857142857135
0.2990384615384612,0.1929931640625,0.258544921875,0.125,0.1,0.0,0.125,0.11428571428571431,0.08571428571428573,0.15714285714285717,0.5250000000000001,0.2,0.0,0.3,0.5785714285714275,0.4428571428571422,0.5142857142857135
0.29999999999999966,0.193603515625,0.25927734375,0.125,0.1,0.0,0.125,0.11428571428571431,0.08571428571428573,0.1642857142857143,0.5250000000000001,0.2,0.0,0.3,0.5785714285714275,0.4428571428571422,0.5142857142857135
0.3009615384615381,0.1942138671875,0.26025390625,0.125,0.1,0.0,0.125,0.11428571428571431,0.08571428571428573,0.1642857142857143,0.5250000000000001,0.2,0.0,0.3,0.5785714285714275,0.44999999999999934,0.5142857142857135
0.30192307692307657,0.19482421875,0.2607421875,0.125,0.1,0.0,0.125,0.11428571428571431,0.08571428571428573,0.1642857142857143,0.5250000000000001,0.2,0.0,0.325,0.5785714285714275,0.44999999999999934,0.5142857142857135
0.30288461538461503,0.1954345703125,0.26171875,0.125,0.1,0.0,0.125,0.11428571428571431,0.08571428571428573,0.1642857142857143,0.5250000000000001,0.2,0.0,0.325,0.5785714285714275,0.45714285714285646,0.5142857142857135
0.3038461538461535,0.196044921875,0.262451171875,0.125,0.1,0.0,0.125,0.11428571428571431,0.08571428571428573,0.1642857142857143,0.5250000000000001,0.2,0.0,0.325,0.5785714285714275,0.4642857142857136,0.5142857142857135
0.30480769230769195,0.1966552734375,0.26318359375,0.125,0.1,0.0,0.125,0.11428571428571431,0.08571428571428573,0.1642857142857143,0.5250000000000001,0.2,0.0,0.325,0.5857142857142846,0.4642857142857136,0.5142857142857135
0.3057692307692304,0.197265625,0.263916015625,0.125,0.1,0.0,0.125,0.11428571428571431,0.08571428571428573,0.1642857142857143,0.5250000000000001,0.2,0.0,0.325,0.5857142857142846,0.4642857142857136,0.5214285714285706
0.30673076923076886,0.1978759765625,0.264892578125,0.125,0.1,0.0,0.125,0.11428571428571431,0.08571428571428573,0.1642857142857143,0.5250000000000001,0.2,0.0,0.325,0.5857142857142846,0.4642857142857136,0.5285714285714277
0.3076923076923074,0.198486328125,0.265869140625,0.125,0.1,0.0,0.125,0.11428571428571431,0.08571428571428573,0.1642857142857143,0.5500000000000002,0.2,0.0,0.325,0.5857142857142846,0.4642857142857136,0.5285714285714277
0.30865384615384583,0.1990966796875,0.266357421875,0.125,0.1,0.0,0.125,0.11428571428571431,0.08571428571428573,0.1642857142857143,0.5500000000000002,0.2,0.0,0.325,0.5857142857142846,0.4642857142857136,0.5357142857142848
0.3096153846153843,0.19970703125,0.267333984375,0.125,0.1,0.0,0.125,0.11428571428571431,0.08571428571428573,0.1642857142857143,0.5500000000000002,0.2,0.0,0.325,0.5857142857142846,0.4714285714285707,0.5357142857142848
0.3105769230769227,0.2003173828125,0.26806640625,0.125,0.1,0.0,0.125,0.11428571428571431,0.08571428571428573,0.1642857142857143,0.5500000000000002,0.2,0.0,0.325,0.5857142857142846,0.4785714285714278,0.5357142857142848
0.3115384615384612,0.200927734375,0.26904296875,0.125,0.1,0.0,0.125,0.11428571428571431,0.08571428571428573,0.17142857142857146,0.5500000000000002,0.2,0.0,0.325,0.5857142857142846,0.4785714285714278,0.5357142857142848
0.31249999999999967,0.2015380859375,0.26953125,0.125,0.1,0.0,0.125,0.11428571428571431,0.08571428571428573,0.17142857142857146,0.5500000000000002,0.2,0.0,0.325,0.5857142857142846,0.4785714285714278,0.5428571428571419
0.3134615384615381,0.2021484375,0.2705078125,0.125,0.1,0.0,0.125,0.11428571428571431,0.08571428571428573,0.1785714285714286,0.5500000000000002,0.2,0.0,0.325,0.5857142857142846,0.4785714285714278,0.5428571428571419
0.3144230769230765,0.2027587890625,0.271240234375,0.125,0.1,0.0,0.125,0.11428571428571431,0.08571428571428573,0.1785714285714286,0.5500000000000002,0.2,0.0,0.325,0.5857142857142846,0.4785714285714278,0.549999999999999
0.31538461538461504,0.203369140625,0.27197265625,0.125,0.1,0.0,0.125,0.11428571428571431,0.08571428571428573,0.1785714285714286,0.5500000000000002,0.2,0.0,0.325,0.5857142857142846,0.48571428571428493,0.549999999999999
0.3163461538461535,0.2039794921875,0.27294921875,0.125,0.1,0.0,0.125,0.11428571428571431,0.08571428571428573,0.1785714285714286,0.5500000000000002,0.2,0.0,0.325,0.5857142857142846,0.49285714285714205,0.549999999999999
0.3173076923076919,0.20458984375,0.273681640625,0.125,0.1,0.0,0.125,0.11428571428571431,0.08571428571428573,0.1785714285714286,0.5500000000000002,0.2,0.0,0.325,0.5928571428571418,0.49285714285714205,0.549999999999999
0.31826923076923036,0.2052001953125,0.274658203125,0.125,0.1,0.0,0.125,0.11428571428571431,0.08571428571428573,0.1785714285714286,0.5500000000000002,0.2,0.0,0.325,0.5999999999999989,0.49285714285714205,0.549999999999999
0.3192307692307689,0.205810546875,0.275390625,0.125,0.1,0.0,0.125,0.11428571428571431,0.08571428571428573,0.1785714285714286,0.5500000000000002,0.2,0.0,0.35000000000000003,0.5999999999999989,0.49285714285714205,0.549999999999999
0.32019230769230733,0.2064208984375,0.2763671875,0.125,0.1,0.0,0.125,0.11428571428571431,0.08571428571428573,0.1785714285714286,0.5500000000000002,0.2,0.0,0.35000000000000003,0.5999999999999989,0.49999999999999917,0.549999999999999
0.3211538461538458,0.20703125,0.27685546875,0.125,0.1,0.0,0.125,0.11428571428571431,0.08571428571428573,0.1785714285714286,0.5500000000000002,0.2,0.0,0.35000000000000003,0.5999999999999989,0.49999999999999917,0.5571428571428562
0.3221153846153842,0.2076416015625,0.277587890625,0.125,0.1,0.0,0.125,0.11428571428571431,0.08571428571428573,0.1785714285714286,0.5500000000000002,0.2,0.0,0.35000000000000003,0.5999999999999989,0.5071428571428563,0.5571428571428562
0.32307692307692276,0.208251953125,0.278564453125,0.125,0.1,0.0,0.125,0.11428571428571431,0.08571428571428573,0.1785714285714286,0.5500000000000002,0.2,0.0,0.35000000000000003,0.5999999999999989,0.5142857142857135,0.5571428571428562
0.32403846153846116,0.2088623046875,0.279296875,0.125,0.1,0.0,0.125,0.11428571428571431,0.08571428571428573,0.1785714285714286,0.5500000000000002,0.2,0.0,0.35000000000000003,0.5999999999999989,0.5142857142857135,0.5642857142857133
0.3249999999999996,0.20947265625,0.280029296875,0.125,0.1,0.0,0.125,0.11428571428571431,0.08571428571428573,0.18571428571428575,0.5500000000000002,0.2,0.0,0.35000000000000003,0.5999999999999989,0.5142857142857135,0.5642857142857133
0.3259615384615381,0.2100830078125,0.281005859375,0.125,0.1,0.0,0.125,0.11428571428571431,0.08571428571428573,0.18571428571428575,0.5500000000000002,0.2,0.0,0.35000000000000003,0.5999999999999989,0.5142857142857135,0.5714285714285704
0.32692307692307654,0.210693359375,0.28173828125,0.125,0.1,0.0,0.125,0.11428571428571431,0.08571428571428573,0.18571428571428575,0.5500000000000002,0.2,0.0,0.35000000000000003,0.5999999999999989,0.5142857142857135,0.5785714285714275
0.327884615384615,0.2113037109375,0.28271484375,0.125,0.1,0.0,0.125,0.11428571428571431,0.08571428571428573,0.18571428571428575,0.5750000000000002,0.2,0.0,0.35000000000000003,0.5999999999999989,0.5142857142857135,0.5785714285714275
0.32884615384615346,0.2119140625,0.283447265625,0.125,0.1,0.0,0.125,0.11428571428571431,0.08571428571428573,0.18571428571428575,0.5750000000000002,0.2,0.0,0.35000000000000003,0.5999999999999989,0.5142857142857135,0.5857142857142846
0.32980769230769186,0.2125244140625,0.284423828125,0.125,0.1,0.0,0.125,0.11428571428571431,0.08571428571428573,0.18571428571428575,0.5750000000000002,0.2,0.0,0.35000000000000003,0.607142857142856,0.5142857142857135,0.5857142857142846
0.3307692307692304,0.213134765625,0.28515625,0.125,0.1,0.0,0.125,0.11428571428571431,0.08571428571428573,0.18571428571428575,0.5750000000000002,0.2,0.0,0.35000000000000003,0.6142857142857131,0.5142857142857135,0.5857142857142846
0.33173076923076883,0.213623046875,0.285888671875,0.125,0.1,0.0,0.125,0.11428571428571431,0.08571428571428573,0.18571428571428575,0.5750000000000002,0.2,0.0,0.35000000000000003,0.6142857142857131,0.5142857142857135,0.5928571428571418
0.3326923076923073,0.21435546875,0.28662109375,0.15,0.1,0.0,0.125,0.11428571428571431,0.08571428571428573,0.18571428571428575,0.5750000000000002,0.2,0.0,0.35000000000000003,0.6142857142857131,0.5142857142857135,0.5928571428571418
0.33365384615384575,0.215087890625,0.28759765625,0.15,0.1,0.0,0.15,0.11428571428571431,0.08571428571428573,0.18571428571428575,0.5750000000000002,0.2,0.0,0.35000000000000003,0.6142857142857131,0.5142857142857135,0.5928571428571418
0.3346153846153842,0.2156982421875,0.288330078125,0.15,0.1,0.0,0.15,0.12142857142857146,0.08571428571428573,0.18571428571428575,0.5750000000000002,0.2,0.0,0.35000000000000003,0.6142857142857131,0.5142857142857135,0.5928571428571418
0.33557692307692266,0.21630859375,0.2890625,0.15,0.1,0.0,0.15,0.12142857142857146,0.08571428571428573,0.18571428571428575,0.5750000000000002,0.2,0.0,0.35000000000000003,0.6214285714285702,0.5142857142857135,0.5928571428571418
0.3365384615384611,0.217041015625,0.289794921875,0.15,0.1,0.0,0.15,0.1285714285714286,0.08571428571428573,0.18571428571428575,0.5750000000000002,0.2,0.0,0.35000000000000003,0.6214285714285702,0.5142857142857135,0.5928571428571418
0.3374999999999996,0.2176513671875,0.290771484375,0.15,0.1,0.0,0.15,0.1285714285714286,0.09285714285714287,0.18571428571428575,0.5750000000000002,0.2,0.0,0.35000000000000003,0.6214285714285702,0.5142857142857135,0.5928571428571418
0.33846153846153804,0.21826171875,0.29150390625,0.15,0.1,0.0,0.15,0.1285714285714286,0.09285714285714287,0.18571428571428575,0.5750000000000002,0.2,0.0,0.35000000000000003,0.6214285714285702,0.5214285714285706,0.5928571428571418
0.3394230769230765,0.2188720703125,0.292236328125,0.15,0.1,0.0,0.15,0.1285714285714286,0.09285714285714287,0.18571428571428575,0.5750000000000002,0.2,0.0,0.35000000000000003,0.6214285714285702,0.5285714285714277,0.5928571428571418
0.34038461538461495,0.219482421875,0.29296875,0.15,0.1,0.0,0.15,0.1285714285714286,0.09285714285714287,0.18571428571428575,0.5750000000000002,0.2,0.0,0.35000000000000003,0.6285714285714273,0.5285714285714277,0.5928571428571418
0.3413461538461534,0.2200927734375,0.2939453125,0.15,0.1,0.0,0.15,0.1285714285714286,0.09285714285714287,0.18571428571428575,0.5750000000000002,0.2,0.0,0.35000000000000003,0.6357142857142845,0.5285714285714277,0.5928571428571418
0.3423076923076919,0.220703125,0.29443359375,0.15,0.1,0.0,0.15,0.13571428571428573,0.09285714285714287,0.18571428571428575,0.5750000000000002,0.2,0.0,0.35000000000000003,0.6357142857142845,0.5285714285714277,0.5928571428571418
0.3432692307692304,0.2213134765625,0.29541015625,0.15,0.1,0.0,0.15,0.13571428571428573,0.09285714285714287,0.18571428571428575,0.5750000000000002,0.2,0.0,0.35000000000000003,0.6428571428571416,0.5285714285714277,0.5928571428571418
0.3442307692307688,0.221923828125,0.296142578125,0.15,0.1,0.0,0.15,0.13571428571428573,0.09285714285714287,0.18571428571428575,0.5750000000000002,0.2,0.0,0.35000000000000003,0.6428571428571416,0.5285714285714277,0.5999999999999989
0.34519230769230724,0.2225341796875,0.296875,0.15,0.1,0.0,0.15,0.13571428571428573,0.09285714285714287,0.18571428571428575,0.5750000000000002,0.2,0.0,0.35000000000000003,0.6428571428571416,0.5285714285714277,0.607142857142856
0.34615384615384576,0.22314453125,0.2978515625,0.15,0.1,0.0,0.15,0.13571428571428573,0.09285714285714287,0.18571428571428575,0.5750000000000002,0.2,0.0,0.35000000000000003,0.6499999999999987,0.5285714285714277,0.607142857142856
0.34711538461538416,0.2237548828125,0.29833984375,0.15,0.1,0.0,0.15,0.13571428571428573,0.09285714285714287,0.18571428571428575,0.5750000000000002,0.2,0.0,0.35000000000000003,0.6571428571428558,0.5285714285714277,0.607142857142856
0.3480769230769226,0.224365234375,0.29931640625,0.15,0.1,0.0,0.15,0.13571428571428573,0.09285714285714287,0.18571428571428575,0.5750000000000002,0.2,0.0,0.35000000000000003,0.6571428571428558,0.5285714285714277,0.6142857142857131
0.3490384615384611,0.2249755859375,0.300048828125,0.15,0.1,0.0,0.15,0.13571428571428573,0.09285714285714287,0.18571428571428575,0.5750000000000002,0.2,0.0,0.37500000000000006,0.6571428571428558,0.5285714285714277,0.6142857142857131
0.3499999999999996,0.2255859375,0.301025390625,0.15,0.1,0.0,0.15,0.13571428571428573,0.09285714285714287,0.18571428571428575,0.5750000000000002,0.2,0.0,0.37500000000000006,0.6571428571428558,0.5285714285714277,0.6214285714285702
0.35096153846153805,0.2261962890625,0.3017578125,0.15,0.1,0.0,0.15,0.13571428571428573,0.09285714285714287,0.18571428571428575,0.5750000000000002,0.2,0.0,0.37500000000000006,0.6642857142857129,0.5285714285714277,0.6214285714285702
0.35192307692307645,0.226806640625,0.302734375,0.15,0.1,0.0,0.15,0.13571428571428573,0.09285714285714287,0.18571428571428575,0.5750000000000002,0.2,0.0,0.37500000000000006,0.6642857142857129,0.5285714285714277,0.6285714285714273
0.3528846153846149,0.2274169921875,0.30322265625,0.15,0.1,0.0,0.15,0.13571428571428573,0.09285714285714287,0.18571428571428575,0.5750000000000002,0.2,0.0,0.37500000000000006,0.67142857142857,0.5285714285714277,0.6285714285714273
0.3538461538461534,0.22802734375,0.30419921875,0.15,0.1,0.0,0.15,0.13571428571428573,0.09285714285714287,0.18571428571428575,0.5750000000000002,0.2,0.0,0.37500000000000006,0.6785714285714272,0.5285714285714277,0.6285714285714273
0.3548076923076918,0.2286376953125,0.304931640625,0.15,0.1,0.0,0.15,0.13571428571428573,0.09285714285714287,0.18571428571428575,0.5750000000000002,0.2,0.0,0.37500000000000006,0.6857142857142843,0.5285714285714277,0.6285714285714273
0.35576923076923034,0.229248046875,0.3056640625,0.15,0.1,0.0,0.15,0.13571428571428573,0.09285714285714287,0.18571428571428575,0.5750000000000002,0.2,0.0,0.37500000000000006,0.6928571428571414,0.5285714285714277,0.6285714285714273
0.35673076923076874,0.2298583984375,0.306640625,0.15,0.1,0.0,0.15,0.13571428571428573,0.09285714285714287,0.18571428571428575,0.5750000000000002,0.2,0.0,0.37500000000000006,0.6928571428571414,0.5357142857142848,0.6285714285714273
0.35769230769230725,0.23046875,0.30712890625,0.15,0.1,0.0,0.15,0.13571428571428573,0.09285714285714287,0.18571428571428575,0.5750000000000002,0.2,0.0,0.37500000000000006,0.6928571428571414,0.5428571428571419,0.6285714285714273
0.3586538461538457,0.2310791015625,0.30810546875,0.15,0.1,0.0,0.15,0.13571428571428573,0.10000000000000002,0.18571428571428575,0.5750000000000002,0.2,0.0,0.37500000000000006,0.6928571428571414,0.5428571428571419,0.6285714285714273
0.3596153846153841,0.231689453125,0.308837890625,0.15,0.1,0.0,0.15,0.13571428571428573,0.10000000000000002,0.18571428571428575,0.5750000000000002,0.2,0.0,0.37500000000000006,0.6928571428571414,0.549999999999999,0.6285714285714273
0.3605769230769226,0.2322998046875,0.309814453125,0.15,0.1,0.0,0.15,0.14285714285714288,0.10000000000000002,0.18571428571428575,0.5750000000000002,0.2,0.0,0.37500000000000006,0.6928571428571414,0.549999999999999,0.6285714285714273
0.3615384615384611,0.23291015625,0.310302734375,0.15,0.1,0.0,0.15,0.14285714285714288,0.10000000000000002,0.18571428571428575,0.5750000000000002,0.2,0.0,0.37500000000000006,0.6928571428571414,0.5571428571428562,0.6285714285714273
0.3624999999999995,0.2335205078125,0.311279296875,0.15,0.1,0.0,0.15,0.14285714285714288,0.10000000000000002,0.18571428571428575,0.5750000000000002,0.2,0.0,0.37500000000000006,0.6928571428571414,0.5642857142857133,0.6285714285714273
0.36346153846153795,0.234130859375,0.31201171875,0.15,0.1,0.0,0.15,0.15000000000000002,0.10000000000000002,0.18571428571428575,0.5750000000000002,0.2,0.0,0.37500000000000006,0.6928571428571414,0.5642857142857133,0.6285714285714273
0.3644230769230764,0.2347412109375,0.312744140625,0.15,0.1,0.0,0.15,0.15000000000000002,0.10000000000000002,0.18571428571428575,0.5750000000000002,0.2,0.0,0.37500000000000006,0.6928571428571414,0.5714285714285704,0.6285714285714273
0.3653846153846149,0.2353515625,0.313720703125,0.15,0.1,0.0,0.15,0.15000000000000002,0.10000000000000002,0.18571428571428575,0.5750000000000002,0.2,0.0,0.37500000000000006,0.6928571428571414,0.5785714285714275,0.6285714285714273
0.3663461538461534,0.2359619140625,0.314208984375,0.15,0.1,0.0,0.15,0.15000000000000002,0.10000000000000002,0.18571428571428575,0.5750000000000002,0.2,0.0,0.37500000000000006,0.6928571428571414,0.5785714285714275,0.6357142857142845
0.3673076923076918,0.236572265625,0.315185546875,0.15,0.1,0.0,0.15,0.15000000000000002,0.10000000000000002,0.18571428571428575,0.5750000000000002,0.2,0.0,0.37500000000000006,0.6928571428571414,0.5785714285714275,0.6428571428571416
0.36826923076923035,0.2371826171875,0.31591796875,0.15,0.1,0.0,0.15,0.15000000000000002,0.10000000000000002,0.18571428571428575,0.6000000000000002,0.2,0.0,0.37500000000000006,0.6928571428571414,0.5785714285714275,0.6428571428571416
0.36923076923076875,0.23779296875,0.31689453125,0.15,0.1,0.0,0.15,0.15000000000000002,0.10000000000000002,0.18571428571428575,0.6000000000000002,0.2,0.0,0.37500000000000006,0.6928571428571414,0.5857142857142846,0.6428571428571416
0.3701923076923072,0.238525390625,0.317626953125,0.15,0.1,0.0,0.175,0.15000000000000002,0.10000000000000002,0.18571428571428575,0.6000000000000002,0.2,0.0,0.37500000000000006,0.6928571428571414,0.5857142857142846,0.6428571428571416
0.37115384615384567,0.2391357421875,0.318603515625,0.15,0.1,0.0,0.175,0.15000000000000002,0.10000000000000002,0.18571428571428575,0.6000000000000002,0.2,0.0,0.4000000000000001,0.6928571428571414,0.5857142857142846,0.6428571428571416
0.37211538461538407,0.23974609375,0.3193359375,0.15,0.1,0.0,0.175,0.15000000000000002,0.10000000000000002,0.18571428571428575,0.6000000000000002,0.2,0.0,0.4000000000000001,0.6928571428571414,0.5857142857142846,0.6499999999999987
0.3730769230769226,0.2403564453125,0.320068359375,0.15,0.1,0.0,0.175,0.15000000000000002,0.10000000000000002,0.18571428571428575,0.6000000000000002,0.2,0.0,0.4000000000000001,0.6928571428571414,0.5857142857142846,0.6571428571428558
0.37403846153846104,0.240966796875,0.32080078125,0.15,0.1,0.0,0.175,0.15000000000000002,0.10714285714285716,0.18571428571428575,0.6000000000000002,0.2,0.0,0.4000000000000001,0.6928571428571414,0.5857142857142846,0.6571428571428558
0.37499999999999944,0.2415771484375,0.321533203125,0.15,0.1,0.0,0.175,0.15000000000000002,0.10714285714285716,0.18571428571428575,0.6000000000000002,0.2,0.0,0.4000000000000001,0.6928571428571414,0.5857142857142846,0.6642857142857129
0.3759615384615379,0.2421875,0.322509765625,0.15,0.1,0.0,0.175,0.15000000000000002,0.10714285714285716,0.18571428571428575,0.6000000000000002,0.2,0.0,0.4000000000000001,0.6928571428571414,0.5857142857142846,0.67142857142857
0.3769230769230764,0.2427978515625,0.3232421875,0.15,0.1,0.0,0.175,0.15000000000000002,0.10714285714285716,0.18571428571428575,0.6000000000000002,0.2,0.0,0.4000000000000001,0.6928571428571414,0.5857142857142846,0.6785714285714272
0.3778846153846149,0.243408203125,0.323974609375,0.15,0.1,0.0,0.175,0.15000000000000002,0.11428571428571431,0.18571428571428575,0.6000000000000002,0.2,0.0,0.4000000000000001,0.6928571428571414,0.5857142857142846,0.6785714285714272
0.37884615384615333,0.2440185546875,0.32470703125,0.15,0.1,0.0,0.175,0.15000000000000002,0.11428571428571431,0.18571428571428575,0.6000000000000002,0.2,0.0,0.4000000000000001,0.6928571428571414,0.5857142857142846,0.6857142857142843
0.37980769230769174,0.24462890625,0.32568359375,0.15,0.1,0.0,0.175,0.15000000000000002,0.11428571428571431,0.18571428571428575,0.6000000000000002,0.2,0.0,0.4000000000000001,0.6928571428571414,0.5857142857142846,0.6928571428571414
0.38076923076923025,0.245361328125,0.326416015625,0.175,0.1,0.0,0.175,0.15000000000000002,0.11428571428571431,0.18571428571428575,0.6000000000000002,0.2,0.0,0.4000000000000001,0.6928571428571414,0.5857142857142846,0.6928571428571414
0.3817307692307687,0.2459716796875,0.327392578125,0.175,0.1,0.0,0.175,0.15000000000000002,0.11428571428571431,0.18571428571428575,0.6000000000000002,0.2,0.0,0.4000000000000001,0.6928571428571414,0.5857142857142846,0.6999999999999985
0.38269230769230717,0.24658203125,0.327880859375,0.175,0.1,0.0,0.175,0.15000000000000002,0.11428571428571431,0.18571428571428575,0.6000000000000002,0.2,0.0,0.4000000000000001,0.6928571428571414,0.5857142857142846,0.7071428571428556
0.3836538461538457,0.247314453125,0.32861328125,0.175,0.1,0.0,0.175,0.15714285714285717,0.11428571428571431,0.18571428571428575,0.6000000000000002,0.2,0.0,0.4000000000000001,0.6928571428571414,0.5857142857142846,0.7071428571428556
0.3846153846153841,0.2479248046875,0.329833984375,0.175,0.1,0.0,0.175,0.15714285714285717,0.11428571428571431,0.18571428571428575,0.6000000000000002,0.2,0.0,0.4000000000000001,0.6928571428571414,0.5928571428571418,0.7071428571428556
0.38557692307692254,0.24853515625,0.33056640625,0.175,0.1,0.0,0.175,0.15714285714285717,0.11428571428571431,0.18571428571428575,0.6000000000000002,0.2,0.0,0.4000000000000001,0.6928571428571414,0.5999999999999989,0.7071428571428556
0.386538461538461,0.2491455078125,0.331298828125,0.175,0.1,0.0,0.175,0.15714285714285717,0.11428571428571431,0.1928571428571429,0.6000000000000002,0.2,0.0,0.4000000000000001,0.6928571428571414,0.5999999999999989,0.7071428571428556
0.3874999999999994,0.2498779296875,0.33203125,0.175,0.1,0.0,0.175,0.1642857142857143,0.11428571428571431,0.1928571428571429,0.6000000000000002,0.2,0.0,0.4000000000000001,0.6928571428571414,0.5999999999999989,0.7071428571428556
0.3884615384615379,0.25048828125,0.332763671875,0.175,0.1,0.0,0.175,0.1642857142857143,0.12142857142857146,0.1928571428571429,0.6000000000000002,0.2,0.0,0.4000000000000001,0.6928571428571414,0.5999999999999989,0.7071428571428556
0.38942307692307637,0.251220703125,0.333740234375,0.175,0.1,0.0,0.175,0.1642857142857143,0.1285714285714286,0.1928571428571429,0.6000000000000002,0.2,0.0,0.4000000000000001,0.6928571428571414,0.5999999999999989,0.7071428571428556
0.39038461538461483,0.251953125,0.334228515625,0.175,0.1,0.0,0.19999999999999998,0.1642857142857143,0.1285714285714286,0.1928571428571429,0.6000000000000002,0.2,0.0,0.4000000000000001,0.6928571428571414,0.5999999999999989,0.7071428571428556
0.39134615384615334,0.252685546875,0.335205078125,0.175,0.1,0.0,0.19999999999999998,0.17142857142857146,0.1285714285714286,0.1928571428571429,0.6000000000000002,0.2,0.0,0.4000000000000001,0.6928571428571414,0.5999999999999989,0.7071428571428556
0.39230769230769175,0.25341796875,0.335693359375,0.175,0.1,0.0,0.19999999999999998,0.1785714285714286,0.1285714285714286,0.1928571428571429,0.6000000000000002,0.2,0.0,0.4000000000000001,0.6928571428571414,0.5999999999999989,0.7071428571428556
0.3932692307692302,0.254150390625,0.336669921875,0.19999999999999998,0.1,0.0,0.19999999999999998,0.1785714285714286,0.1285714285714286,0.1928571428571429,0.6000000000000002,0.2,0.0,0.4000000000000001,0.6928571428571414,0.5999999999999989,0.7071428571428556
0.39423076923076866,0.2548828125,0.33740234375,0.19999999999999998,0.1,0.0,0.19999999999999998,0.18571428571428575,0.1285714285714286,0.1928571428571429,0.6000000000000002,0.2,0.0,0.4000000000000001,0.6928571428571414,0.5999999999999989,0.7071428571428556
0.3951923076923072,0.255615234375,0.338134765625,0.19999999999999998,0.1,0.0,0.19999999999999998,0.1928571428571429,0.1285714285714286,0.1928571428571429,0.6000000000000002,0.2,0.0,0.4000000000000001,0.6928571428571414,0.5999999999999989,0.7071428571428556
0.39615384615384563,0.25634765625,0.3388671875,0.19999999999999998,0.1,0.0,0.19999999999999998,0.1928571428571429,0.13571428571428573,0.1928571428571429,0.6000000000000002,0.2,0.0,0.4000000000000001,0.6928571428571414,0.5999999999999989,0.7071428571428556
0.39711538461538404,0.257080078125,0.339599609375,0.19999999999999998,0.1,0.0,0.19999999999999998,0.1928571428571429,0.14285714285714288,0.1928571428571429,0.6000000000000002,0.2,0.0,0.4000000000000001,0.6928571428571414,0.5999999999999989,0.7071428571428556
0.3980769230769225,0.2578125,0.340576171875,0.19999999999999998,0.1,0.0,0.19999999999999998,0.1928571428571429,0.15000000000000002,0.1928571428571429,0.6000000000000002,0.2,0.0,0.4000000000000001,0.6928571428571414,0.5999999999999989,0.7071428571428556
0.399038461538461,0.258544921875,0.34130859375,0.19999999999999998,0.1,0.0,0.22499999999999998,0.1928571428571429,0.15000000000000002,0.1928571428571429,0.6000000000000002,0.2,0.0,0.4000000000000001,0.6928571428571414,0.5999999999999989,0.7071428571428556
0.39999999999999947,0.25927734375,0.341796875,0.19999999999999998,0.1,0.0,0.22499999999999998,0.1928571428571429,0.15000000000000002,0.20000000000000004,0.6000000000000002,0.2,0.0,0.4000000000000001,0.6928571428571414,0.5999999999999989,0.7071428571428556
0.4009615384615379,0.260009765625,0.3427734375,0.19999999999999998,0.1,0.0,0.22499999999999998,0.20000000000000004,0.15000000000000002,0.20000000000000004,0.6000000000000002,0.2,0.0,0.4000000000000001,0.6928571428571414,0.5999999999999989,0.7071428571428556
0.40192307692307633,0.2607421875,0.343505859375,0.19999999999999998,0.1,0.0,0.22499999999999998,0.20000000000000004,0.15000000000000002,0.20714285714285718,0.6000000000000002,0.2,0.0,0.4000000000000001,0.6928571428571414,0.5999999999999989,0.7071428571428556
0.40288461538461484,0.261474609375,0.34423828125,0.19999999999999998,0.1,0.0,0.22499999999999998,0.20000000000000004,0.15000000000000002,0.21428571428571433,0.6000000000000002,0.2,0.0,0.4000000000000001,0.6928571428571414,0.5999999999999989,0.7071428571428556
0.4038461538461533,0.261962890625,0.344970703125,0.19999999999999998,0.1,0.0,0.22499999999999998,0.20000000000000004,0.15000000000000002,0.21428571428571433,0.6000000000000002,0.2,0.0,0.4000000000000001,0.6928571428571414,0.5999999999999989,0.7142857142857127
0.40480769230769176,0.2626953125,0.345703125,0.19999999999999998,0.1,0.0,0.22499999999999998,0.20000000000000004,0.15000000000000002,0.22142857142857147,0.6000000000000002,0.2,0.0,0.4000000000000001,0.6928571428571414,0.5999999999999989,0.7142857142857127
0.40576923076923027,0.263427734375,0.346435546875,0.19999999999999998,0.1,0.0,0.22499999999999998,0.20000000000000004,0.15000000000000002,0.22857142857142862,0.6000000000000002,0.2,0.0,0.4000000000000001,0.6928571428571414,0.5999999999999989,0.7142857142857127
0.40673076923076873,0.26416015625,0.34716796875,0.19999999999999998,0.1,0.0,0.22499999999999998,0.20714285714285718,0.15000000000000002,0.22857142857142862,0.6000000000000002,0.2,0.0,0.4000000000000001,0.6928571428571414,0.5999999999999989,0.7142857142857127
0.40769230769230713,0.264892578125,0.34814453125,0.19999999999999998,0.1,0.0,0.22499999999999998,0.20714285714285718,0.15000000000000002,0.23571428571428577,0.6000000000000002,0.2,0.0,0.4000000000000001,0.6928571428571414,0.5999999999999989,0.7142857142857127
0.4086538461538456,0.265625,0.348876953125,0.19999999999999998,0.1,0.0,0.22499999999999998,0.20714285714285718,0.15000000000000002,0.2428571428571429,0.6000000000000002,0.2,0.0,0.4000000000000001,0.6928571428571414,0.5999999999999989,0.7142857142857127
0.4096153846153841,0.266357421875,0.349609375,0.19999999999999998,0.1,0.0,0.22499999999999998,0.20714285714285718,0.15000000000000002,0.25000000000000006,0.6000000000000002,0.2,0.0,0.4000000000000001,0.6928571428571414,0.5999999999999989,0.7142857142857127
0.4105769230769225,0.26708984375,0.350341796875,0.19999999999999998,0.1,0.0,0.22499999999999998,0.20714285714285718,0.15000000000000002,0.25000000000000006,0.6250000000000002,0.2,0.0,0.4000000000000001,0.6928571428571414,0.5999999999999989,0.7142857142857127
0.411538461538461,0.267822265625,0.35107421875,0.19999999999999998,0.1,0.0,0.22499999999999998,0.21428571428571433,0.15000000000000002,0.25000000000000006,0.6250000000000002,0.2,0.0,0.4000000000000001,0.6928571428571414,0.5999999999999989,0.7142857142857127
0.4124999999999994,0.2685546875,0.35205078125,0.19999999999999998,0.1,0.0,0.22499999999999998,0.21428571428571433,0.15714285714285717,0.25000000000000006,0.6250000000000002,0.2,0.0,0.4000000000000001,0.6928571428571414,0.5999999999999989,0.7142857142857127
0.41346153846153794,0.269287109375,0.3525390625,0.19999999999999998,0.1,0.0,0.22499999999999998,0.21428571428571433,0.15714285714285717,0.25000000000000006,0.6500000000000002,0.2,0.0,0.4000000000000001,0.6928571428571414,0.5999999999999989,0.7142857142857127
0.4144230769230764,0.27001953125,0.353515625,0.19999999999999998,0.1,0.0,0.22499999999999998,0.21428571428571433,0.1642857142857143,0.25000000000000006,0.6500000000000002,0.2,0.0,0.4000000000000001,0.6928571428571414,0.5999999999999989,0.7142857142857127
0.41538461538461485,0.270751953125,0.35400390625,0.19999999999999998,0.1,0.0,0.22499999999999998,0.21428571428571433,0.1642857142857143,0.25000000000000006,0.6750000000000003,0.2,0.0,0.4000000000000001,0.6928571428571414,0.5999999999999989,0.7142857142857127
0.41634615384615337,0.271484375,0.354736328125,0.19999999999999998,0.1,0.0,0.22499999999999998,0.21428571428571433,0.1642857142857143,0.25000000000000006,0.7000000000000003,0.2,0.0,0.4000000000000001,0.6928571428571414,0.5999999999999989,0.7142857142857127
0.41730769230769177,0.272216796875,0.355712890625,0.19999999999999998,0.1,0.0,0.22499999999999998,0.21428571428571433,0.1642857142857143,0.25000000000000006,0.7000000000000003,0.30000000000000004,0.0,0.4000000000000001,0.6928571428571414,0.5999999999999989,0.7142857142857127
0.4182692307692302,0.272705078125,0.3564453125,0.19999999999999998,0.1,0.0,0.22499999999999998,0.21428571428571433,0.1642857142857143,0.25000000000000006,0.7000000000000003,0.30000000000000004,0.0,0.4000000000000001,0.6928571428571414,0.607142857142856,0.7142857142857127
0.4192307692307687,0.273193359375,0.357177734375,0.19999999999999998,0.1,0.0,0.22499999999999998,0.21428571428571433,0.1642857142857143,0.25000000000000006,0.7000000000000003,0.30000000000000004,0.0,0.4000000000000001,0.6928571428571414,0.6142857142857131,0.7142857142857127
0.4201923076923072,0.27392578125,0.35791015625,0.19999999999999998,0.1,0.0,0.22499999999999998,0.21428571428571433,0.1642857142857143,0.25000000000000006,0.7000000000000003,0.30000000000000004,0.0,0.4250000000000001,0.6928571428571414,0.6142857142857131,0.7142857142857127
0.42115384615384566,0.2744140625,0.35888671875,0.19999999999999998,0.1,0.0,0.22499999999999998,0.21428571428571433,0.1642857142857143,0.25000000000000006,0.7000000000000003,0.30000000000000004,0.0,0.4250000000000001,0.6999999999999985,0.6142857142857131,0.7142857142857127
0.42211538461538406,0.275146484375,0.359619140625,0.19999999999999998,0.1,0.0,0.22499999999999998,0.21428571428571433,0.1642857142857143,0.25000000000000006,0.7000000000000003,0.30000000000000004,0.0,0.4500000000000001,0.6999999999999985,0.6142857142857131,0.7142857142857127
0.4230769230769226,0.275634765625,0.360107421875,0.19999999999999998,0.1,0.0,0.22499999999999998,0.21428571428571433,0.1642857142857143,0.25000000000000006,0.7000000000000003,0.30000000000000004,0.0,0.4500000000000001,0.7071428571428556,0.6142857142857131,0.7142857142857127
0.42403846153846103,0.2763671875,0.361083984375,0.19999999999999998,0.1,0.0,0.22499999999999998,0.21428571428571433,0.1642857142857143,0.25000000000000006,0.7000000000000003,0.30000000000000004,0.0,0.47500000000000014,0.7071428571428556,0.6142857142857131,0.7142857142857127
0.42499999999999943,0.277099609375,0.361572265625,0.19999999999999998,0.1,0.0,0.22499999999999998,0.21428571428571433,0.1642857142857143,0.25000000000000006,0.7000000000000003,0.30000000000000004,0.0,0.5000000000000001,0.7071428571428556,0.6142857142857131,0.7142857142857127
0.42596153846153795,0.27783203125,0.3623046875,0.19999999999999998,0.1,0.0,0.22499999999999998,0.21428571428571433,0.1642857142857143,0.25000000000000006,0.7000000000000003,0.30000000000000004,0.0,0.5000000000000001,0.7142857142857127,0.6142857142857131,0.7142857142857127
0.42692307692307635,0.2783203125,0.36328125,0.19999999999999998,0.1,0.0,0.22499999999999998,0.21428571428571433,0.1642857142857143,0.25000000000000006,0.7000000000000003,0.30000000000000004,0.0,0.5000000000000001,0.7214285714285699,0.6142857142857131,0.7142857142857127
0.42788461538461486,0.27880859375,0.36376953125,0.19999999999999998,0.1,0.0,0.22499999999999998,0.21428571428571433,0.1642857142857143,0.25000000000000006,0.7000000000000003,0.30000000000000004,0.0,0.5000000000000001,0.7214285714285699,0.6142857142857131,0.7214285714285699
0.4288461538461533,0.279541015625,0.36474609375,0.19999999999999998,0.1,0.0,0.22499999999999998,0.21428571428571433,0.1642857142857143,0.25000000000000006,0.7000000000000003,0.30000000000000004,0.0,0.5000000000000001,0.728571428571427,0.6142857142857131,0.7214285714285699
0.4298076923076918,0.280029296875,0.36572265625,0.19999999999999998,0.1,0.0,0.22499999999999998,0.21428571428571433,0.1642857142857143,0.25000000000000006,0.7000000000000003,0.30000000000000004,0.0,0.5000000000000001,0.7357142857142841,0.6142857142857131,0.7214285714285699
0.4307692307692302,0.28076171875,0.3662109375,0.19999999999999998,0.1,0.0,0.22499999999999998,0.21428571428571433,0.1642857142857143,0.25000000000000006,0.7000000000000003,0.30000000000000004,0.0,0.5000000000000001,0.7428571428571412,0.6142857142857131,0.7214285714285699
0.43173076923076875,0.28125,0.3671875,0.19999999999999998,0.1,0.0,0.22499999999999998,0.21428571428571433,0.1642857142857143,0.25000000000000006,0.7000000000000003,0.30000000000000004,0.0,0.5000000000000001,0.7499999999999983,0.6142857142857131,0.7214285714285699
0.43269230769230715,0.28173828125,0.36767578125,0.19999999999999998,0.1,0.0,0.22499999999999998,0.21428571428571433,0.1642857142857143,0.25000000000000006,0.7000000000000003,0.30000000000000004,0.0,0.5000000000000001,0.7499999999999983,0.6142857142857131,0.728571428571427
0.43365384615384556,0.282470703125,0.36865234375,0.19999999999999998,0.1,0.0,0.22499999999999998,0.21428571428571433,0.1642857142857143,0.25000000000000006,0.7000000000000003,0.30000000000000004,0.0,0.5000000000000001,0.7571428571428555,0.6142857142857131,0.728571428571427
0.43461538461538396,0.282958984375,0.369384765625,0.19999999999999998,0.1,0.0,0.22499999999999998,0.21428571428571433,0.1642857142857143,0.25000000000000006,0.7000000000000003,0.30000000000000004,0.0,0.5000000000000001,0.7642857142857126,0.6142857142857131,0.728571428571427
0.4355769230769224,0.283447265625,0.3701171875,0.19999999999999998,0.1,0.0,0.22499999999999998,0.21428571428571433,0.1642857142857143,0.25000000000000006,0.7000000000000003,0.30000000000000004,0.0,0.5000000000000001,0.7642857142857126,0.6142857142857131,0.7357142857142841
0.436538461538461,0.2841796875,0.370849609375,0.19999999999999998,0.1,0.0,0.22499999999999998,0.21428571428571433,0.1642857142857143,0.25000000000000006,0.7000000000000003,0.30000000000000004,0.0,0.5000000000000001,0.7714285714285697,0.6142857142857131,0.7357142857142841
0.4374999999999994,0.28466796875,0.371337890625,0.19999999999999998,0.1,0.0,0.22499999999999998,0.21428571428571433,0.1642857142857143,0.25000000000000006,0.7000000000000003,0.30000000000000004,0.0,0.5000000000000001,0.7785714285714268,0.6142857142857131,0.7357142857142841
0.43846153846153785,0.285400390625,0.372314453125,0.19999999999999998,0.1,0.0,0.22499999999999998,0.21428571428571433,0.1642857142857143,0.25000000000000006,0.7000000000000003,0.30000000000000004,0.0,0.5000000000000001,0.7857142857142839,0.6142857142857131,0.7357142857142841
0.43942307692307636,0.285888671875,0.373046875,0.19999999999999998,0.1,0.0,0.22499999999999998,0.21428571428571433,0.1642857142857143,0.25000000000000006,0.7000000000000003,0.30000000000000004,0.0,0.5000000000000001,0.7857142857142839,0.6214285714285702,0.7357142857142841
0.44038461538461476,0.28662109375,0.373779296875,0.19999999999999998,0.1,0.0,0.22499999999999998,0.21428571428571433,0.1642857142857143,0.25000000000000006,0.7000000000000003,0.30000000000000004,0.0,0.5000000000000001,0.792857142857141,0.6214285714285702,0.7357142857142841
0.4413461538461532,0.287109375,0.37451171875,0.19999999999999998,0.1,0.0,0.22499999999999998,0.21428571428571433,0.1642857142857143,0.25000000000000006,0.7000000000000003,0.30000000000000004,0.0,0.5000000000000001,0.792857142857141,0.6285714285714273,0.7357142857142841
0.4423076923076917,0.28759765625,0.375244140625,0.19999999999999998,0.1,0.0,0.22499999999999998,0.21428571428571433,0.1642857142857143,0.25000000000000006,0.7000000000000003,0.30000000000000004,0.0,0.5000000000000001,0.792857142857141,0.6357142857142845,0.7357142857142841
0.4432692307692302,0.2880859375,0.3759765625,0.19999999999999998,0.1,0.0,0.22499999999999998,0.21428571428571433,0.1642857142857143,0.25000000000000006,0.7000000000000003,0.30000000000000004,0.0,0.5000000000000001,0.792857142857141,0.6357142857142845,0.7428571428571412
0.44423076923076865,0.288818359375,0.376708984375,0.19999999999999998,0.1,0.0,0.22499999999999998,0.21428571428571433,0.1642857142857143,0.25000000000000006,0.7000000000000003,0.30000000000000004,0.0,0.5000000000000001,0.7999999999999982,0.6357142857142845,0.7428571428571412
0.4451923076923071,0.28955078125,0.377197265625,0.19999999999999998,0.1,0.0,0.22499999999999998,0.21428571428571433,0.17142857142857146,0.25000000000000006,0.7000000000000003,0.30000000000000004,0.0,0.5000000000000001,0.7999999999999982,0.6357142857142845,0.7428571428571412
0.4461538461538455,0.290283203125,0.378173828125,0.19999999999999998,0.1,0.0,0.22499999999999998,0.21428571428571433,0.1785714285714286,0.25000000000000006,0.7000000000000003,0.30000000000000004,0.0,0.5000000000000001,0.7999999999999982,0.6357142857142845,0.7428571428571412
0.447115384615384,0.290771484375,0.378662109375,0.19999999999999998,0.1,0.0,0.22499999999999998,0.21428571428571433,0.1785714285714286,0.25000000000000006,0.7000000000000003,0.30000000000000004,0.0,0.5000000000000001,0.7999999999999982,0.6428571428571416,0.7428571428571412
0.4480769230769225,0.29150390625,0.379638671875,0.19999999999999998,0.1,0.0,0.22499999999999998,0.21428571428571433,0.1785714285714286,0.25000000000000006,0.7000000000000003,0.30000000000000004,0.0,0.5000000000000001,0.8071428571428553,0.6428571428571416,0.7428571428571412
0.4490384615384609,0.2919921875,0.38037109375,0.19999999999999998,0.1,0.0,0.22499999999999998,0.21428571428571433,0.1785714285714286,0.25000000000000006,0.7000000000000003,0.30000000000000004,0.0,0.5000000000000001,0.8071428571428553,0.6499999999999987,0.7428571428571412
0.44999999999999934,0.29248046875,0.380859375,0.19999999999999998,0.1,0.0,0.22499999999999998,0.21428571428571433,0.1785714285714286,0.25000000000000006,0.7000000000000003,0.30000000000000004,0.0,0.5000000000000001,0.8071428571428553,0.6571428571428558,0.7428571428571412
0.45096153846153786,0.293212890625,0.3818359375,0.19999999999999998,0.1,0.0,0.22499999999999998,0.21428571428571433,0.1785714285714286,0.25000000000000006,0.7000000000000003,0.30000000000000004,0.0,0.5000000000000001,0.8142857142857124,0.6571428571428558,0.7428571428571412
0.4519230769230763,0.293701171875,0.38232421875,0.19999999999999998,0.1,0.0,0.22499999999999998,0.21428571428571433,0.1785714285714286,0.25000000000000006,0.7000000000000003,0.30000000000000004,0.0,0.5000000000000001,0.8142857142857124,0.6642857142857129,0.7428571428571412
0.4528846153846148,0.29443359375,0.38330078125,0.19999999999999998,0.1,0.0,0.24999999999999997,0.21428571428571433,0.1785714285714286,0.25000000000000006,0.7000000000000003,0.30000000000000004,0.0,0.5000000000000001,0.8142857142857124,0.6642857142857129,0.7428571428571412
0.45384615384615323,0.295166015625,0.3837890625,0.19999999999999998,0.1,0.0,0.24999999999999997,0.21428571428571433,0.1785714285714286,0.25000000000000006,0.7000000000000003,0.30000000000000004,0.0,0.5000000000000001,0.8214285714285695,0.6642857142857129,0.7428571428571412
0.45480769230769175,0.295654296875,0.384521484375,0.19999999999999998,0.1,0.0,0.24999999999999997,0.21428571428571433,0.1785714285714286,0.25000000000000006,0.7000000000000003,0.30000000000000004,0.0,0.5000000000000001,0.8214285714285695,0.67142857142857,0.7428571428571412
0.45576923076923015,0.29638671875,0.385498046875,0.19999999999999998,0.1,0.0,0.24999999999999997,0.21428571428571433,0.18571428571428575,0.25000000000000006,0.7000000000000003,0.30000000000000004,0.0,0.5000000000000001,0.8214285714285695,0.67142857142857,0.7428571428571412
0.45673076923076855,0.297119140625,0.385986328125,0.19999999999999998,0.1,0.0,0.24999999999999997,0.21428571428571433,0.1928571428571429,0.25000000000000006,0.7000000000000003,0.30000000000000004,0.0,0.5000000000000001,0.8214285714285695,0.67142857142857,0.7428571428571412
0.45769230769230707,0.2978515625,0.386962890625,0.19999999999999998,0.1,0.0,0.24999999999999997,0.21428571428571433,0.1928571428571429,0.25000000000000006,0.7000000000000003,0.30000000000000004,0.0,0.5000000000000001,0.8285714285714266,0.67142857142857,0.7428571428571412
0.4586538461538455,0.29833984375,0.387451171875,0.19999999999999998,0.1,0.0,0.24999999999999997,0.21428571428571433,0.1928571428571429,0.25000000000000006,0.7000000000000003,0.30000000000000004,0.0,0.5000000000000001,0.8285714285714266,0.6785714285714272,0.7428571428571412
0.459615384615384,0.298828125,0.38818359375,0.19999999999999998,0.1,0.0,0.24999999999999997,0.21428571428571433,0.1928571428571429,0.25000000000000006,0.7000000000000003,0.30000000000000004,0.0,0.5000000000000001,0.8285714285714266,0.6785714285714272,0.7499999999999983
0.46057692307692244,0.299560546875,0.388916015625,0.19999999999999998,0.1,0.0,0.24999999999999997,0.21428571428571433,0.1928571428571429,0.25000000000000006,0.7000000000000003,0.30000000000000004,0.0,0.5000000000000001,0.8357142857142837,0.6785714285714272,0.7499999999999983
0.4615384615384609,0.300048828125,0.389404296875,0.19999999999999998,0.1,0.0,0.24999999999999997,0.21428571428571433,0.1928571428571429,0.25000000000000006,0.7000000000000003,0.30000000000000004,0.0,0.5000000000000001,0.8357142857142837,0.6857142857142843,0.7499999999999983
0.4624999999999994,0.300537109375,0.390380859375,0.19999999999999998,0.1,0.0,0.24999999999999997,0.21428571428571433,0.1928571428571429,0.25000000000000006,0.7000000000000003,0.30000000000000004,0.0,0.5000000000000001,0.8357142857142837,0.6928571428571414,0.7499999999999983
0.4634615384615378,0.301025390625,0.390869140625,0.19999999999999998,0.1,0.0,0.24999999999999997,0.21428571428571433,0.1928571428571429,0.25000000000000006,0.7000000000000003,0.30000000000000004,0.0,0.5000000000000001,0.8357142857142837,0.6928571428571414,0.7571428571428555
0.4644230769230762,0.3017578125,0.391845703125,0.19999999999999998,0.1,0.0,0.24999999999999997,0.21428571428571433,0.1928571428571429,0.25000000000000006,0.7000000000000003,0.30000000000000004,0.0,0.5000000000000001,0.8428571428571409,0.6928571428571414,0.7571428571428555
0.4653846153846147,0.30224609375,0.392333984375,0.19999999999999998,0.1,0.0,0.24999999999999997,0.21428571428571433,0.1928571428571429,0.25000000000000006,0.7000000000000003,0.30000000000000004,0.0,0.5000000000000001,0.8428571428571409,0.6928571428571414,0.7642857142857126
0.4663461538461532,0.302734375,0.39306640625,0.19999999999999998,0.1,0.0,0.24999999999999997,0.21428571428571433,0.1928571428571429,0.25000000000000006,0.7000000000000003,0.30000000000000004,0.0,0.5000000000000001,0.8428571428571409,0.6928571428571414,0.7714285714285697
0.46730769230769165,0.303466796875,0.39404296875,0.19999999999999998,0.1,0.0,0.24999999999999997,0.21428571428571433,0.1928571428571429,0.25000000000000006,0.7000000000000003,0.30000000000000004,0.0,0.5000000000000001,0.849999999999998,0.6928571428571414,0.7714285714285697
0.4682692307692301,0.303955078125,0.39453125,0.19999999999999998,0.1,0.0,0.24999999999999997,0.21428571428571433,0.1928571428571429,0.25000000000000006,0.7000000000000003,0.30000000000000004,0.0,0.5000000000000001,0.849999999999998,0.6928571428571414,0.7785714285714268
0.4692307692307685,0.304443359375,0.3955078125,0.19999999999999998,0.1,0.0,0.24999999999999997,0.21428571428571433,0.1928571428571429,0.25000000000000006,0.7000000000000003,0.30000000000000004,0.0,0.5000000000000001,0.849999999999998,0.6928571428571414,0.7857142857142839
0.4701923076923071,0.30517578125,0.39599609375,0.22499999999999998,0.1,0.0,0.24999999999999997,0.21428571428571433,0.1928571428571429,0.25000000000000006,0.7000000000000003,0.30000000000000004,0.0,0.5000000000000001,0.849999999999998,0.6928571428571414,0.7857142857142839
0.4711538461538455,0.305908203125,0.396484375,0.22499999999999998,0.1,0.0,0.24999999999999997,0.21428571428571433,0.1928571428571429,0.25000000000000006,0.7000000000000003,0.30000000000000004,0.0,0.5000000000000001,0.8571428571428551,0.6928571428571414,0.7857142857142839
0.4721153846153839,0.306640625,0.3974609375,0.22499999999999998,0.1,0.0,0.24999999999999997,0.22142857142857147,0.1928571428571429,0.25000000000000006,0.7000000000000003,0.30000000000000004,0.0,0.5000000000000001,0.8571428571428551,0.6928571428571414,0.7857142857142839
0.4730769230769224,0.307373046875,0.39794921875,0.22499999999999998,0.1,0.0,0.24999999999999997,0.22142857142857147,0.1928571428571429,0.25000000000000006,0.7250000000000003,0.30000000000000004,0.0,0.5000000000000001,0.8571428571428551,0.6928571428571414,0.7857142857142839
0.47403846153846085,0.30810546875,0.398681640625,0.22499999999999998,0.1,0.0,0.24999999999999997,0.22142857142857147,0.1928571428571429,0.25000000000000006,0.7250000000000003,0.30000000000000004,0.0,0.5000000000000001,0.8642857142857122,0.6928571428571414,0.7857142857142839
0.4749999999999993,0.30859375,0.3994140625,0.22499999999999998,0.1,0.0,0.24999999999999997,0.22142857142857147,0.1928571428571429,0.25000000000000006,0.7250000000000003,0.30000000000000004,0.0,0.5000000000000001,0.8642857142857122,0.6928571428571414,0.792857142857141
0.47596153846153777,0.309326171875,0.400146484375,0.22499999999999998,0.1,0.0,0.24999999999999997,0.22857142857142862,0.1928571428571429,0.25000000000000006,0.7250000000000003,0.30000000000000004,0.0,0.5000000000000001,0.8642857142857122,0.6928571428571414,0.792857142857141
0.47692307692307623,0.31005859375,0.40087890625,0.22499999999999998,0.1,0.0,0.24999999999999997,0.22857142857142862,0.1928571428571429,0.25000000000000006,0.7250000000000003,0.4,0.0,0.5000000000000001,0.8642857142857122,0.6928571428571414,0.792857142857141
0.47788461538461474,0.310791015625,0.4013671875,0.22499999999999998,0.1,0.0,0.24999999999999997,0.22857142857142862,0.1928571428571429,0.25000000000000006,0.7250000000000003,0.4,0.0,0.5000000000000001,0.8714285714285693,0.6928571428571414,0.792857142857141
0.4788461538461532,0.311279296875,0.402099609375,0.22499999999999998,0.1,0.0,0.24999999999999997,0.22857142857142862,0.1928571428571429,0.25000000000000006,0.7250000000000003,0.4,0.0,0.5000000000000001,0.8714285714285693,0.6928571428571414,0.7999999999999982
0.4798076923076916,0.31201171875,0.40283203125,0.22499999999999998,0.1,0.0,0.24999999999999997,0.22857142857142862,0.20000000000000004,0.25000000000000006,0.7250000000000003,0.4,0.0,0.5000000000000001,0.8714285714285693,0.6928571428571414,0.7999999999999982
0.48076923076923006,0.312744140625,0.4033203125,0.22499999999999998,0.1,0.0,0.24999999999999997,0.22857142857142862,0.20714285714285718,0.25000000000000006,0.7250000000000003,0.4,0.0,0.5000000000000001,0.8714285714285693,0.6928571428571414,0.7999999999999982
0.4817307692307686,0.3134765625,0.404296875,0.22499999999999998,0.1,0.0,0.24999999999999997,0.22857142857142862,0.21428571428571433,0.25000000000000006,0.7250000000000003,0.4,0.0,0.5000000000000001,0.8714285714285693,0.6928571428571414,0.7999999999999982
0.48269230769230703,0.31396484375,0.40478515625,0.22499999999999998,0.1,0.0,0.24999999999999997,0.22857142857142862,0.21428571428571433,0.25000000000000006,0.7250000000000003,0.4,0.0,0.5000000000000001,0.8714285714285693,0.6928571428571414,0.8071428571428553
0.48365384615384543,0.314453125,0.405517578125,0.22499999999999998,0.1,0.0,0.24999999999999997,0.22857142857142862,0.21428571428571433,0.25000000000000006,0.7250000000000003,0.4,0.0,0.5000000000000001,0.8714285714285693,0.6928571428571414,0.8142857142857124
0.484615384615384,0.315185546875,0.406494140625,0.22499999999999998,0.1,0.0,0.24999999999999997,0.22857142857142862,0.21428571428571433,0.25000000000000006,0.7250000000000003,0.4,0.0,0.5250000000000001,0.8714285714285693,0.6928571428571414,0.8142857142857124
0.4855769230769224,0.31591796875,0.406982421875,0.22499999999999998,0.1,0.0,0.24999999999999997,0.22857142857142862,0.21428571428571433,0.25000000000000006,0.7250000000000003,0.4,0.0,0.5250000000000001,0.8785714285714264,0.6928571428571414,0.8142857142857124
0.4865384615384609,0.31640625,0.40771484375,0.22499999999999998,0.1,0.0,0.24999999999999997,0.22857142857142862,0.21428571428571433,0.25000000000000006,0.7250000000000003,0.4,0.0,0.5250000000000001,0.8785714285714264,0.6999999999999985,0.8142857142857124
0.4874999999999993,0.31689453125,0.408203125,0.22499999999999998,0.1,0.0,0.24999999999999997,0.22857142857142862,0.21428571428571433,0.25000000000000006,0.7250000000000003,0.4,0.0,0.5250000000000001,0.8785714285714264,0.7071428571428556,0.8142857142857124
0.4884615384615377,0.317626953125,0.4091796875,0.22499999999999998,0.1,0.0,0.24999999999999997,0.22857142857142862,0.21428571428571433,0.25000000000000006,0.7250000000000003,0.4,0.0,0.5250000000000001,0.8857142857142836,0.7071428571428556,0.8142857142857124
0.4894230769230762,0.318359375,0.40966796875,0.22499999999999998,0.1,0.0,0.27499999999999997,0.22857142857142862,0.21428571428571433,0.25000000000000006,0.7250000000000003,0.4,0.0,0.5250000000000001,0.8857142857142836,0.7071428571428556,0.8142857142857124
0.4903846153846147,0.319091796875,0.410400390625,0.22499999999999998,0.1,0.0,0.27499999999999997,0.22857142857142862,0.21428571428571433,0.25000000000000006,0.7250000000000003,0.4,0.0,0.5250000000000001,0.8928571428571407,0.7071428571428556,0.8142857142857124
0.4913461538461531,0.319580078125,0.4111328125,0.22499999999999998,0.1,0.0,0.27499999999999997,0.22857142857142862,0.21428571428571433,0.25000000000000006,0.7250000000000003,0.4,0.0,0.5250000000000001,0.8928571428571407,0.7071428571428556,0.8214285714285695
0.49230769230769156,0.3203125,0.41162109375,0.22499999999999998,0.1,0.0,0.27499999999999997,0.22857142857142862,0.21428571428571433,0.25000000000000006,0.7250000000000003,0.4,0.0,0.5250000000000001,0.8999999999999978,0.7071428571428556,0.8214285714285695
0.49326923076923007,0.32080078125,0.41259765625,0.22499999999999998,0.1,0.0,0.27499999999999997,0.22857142857142862,0.21428571428571433,0.25000000000000006,0.7250000000000003,0.4,0.0,0.5250000000000001,0.8999999999999978,0.7071428571428556,0.8285714285714266
0.49423076923076853,0.3212890625,0.4130859375,0.22499999999999998,0.1,0.0,0.27499999999999997,0.22857142857142862,0.21428571428571433,0.25000000000000006,0.7250000000000003,0.4,0.0,0.5250000000000001,0.8999999999999978,0.7071428571428556,0.8357142857142837
0.49519230769230693,0.322021484375,0.41357421875,0.22499999999999998,0.1,0.0,0.27499999999999997,0.22857142857142862,0.21428571428571433,0.25000000000000006,0.7250000000000003,0.4,0.0,0.5250000000000001,0.9071428571428549,0.7071428571428556,0.8357142857142837
0.4961538461538454,0.322509765625,0.41455078125,0.22499999999999998,0.1,0.0,0.27499999999999997,0.22857142857142862,0.21428571428571433,0.25000000000000006,0.7250000000000003,0.4,0.0,0.5250000000000001,0.9071428571428549,0.7071428571428556,0.8428571428571409
0.49711538461538385,0.322998046875,0.4150390625,0.22499999999999998,0.1,0.0,0.27499999999999997,0.22857142857142862,0.21428571428571433,0.25000000000000006,0.7250000000000003,0.4,0.0,0.5250000000000001,0.9071428571428549,0.7071428571428556,0.849999999999998
0.4980769230769223,0.32373046875,0.415771484375,0.22499999999999998,0.1,0.0,0.27499999999999997,0.22857142857142862,0.21428571428571433,0.25000000000000006,0.7250000000000003,0.4,0.0,0.5250000000000001,0.914285714285712,0.7071428571428556,0.849999999999998
0.49903846153846076,0.324462890625,0.416259765625,0.22499999999999998,0.1,0.0,0.27499999999999997,0.22857142857142862,0.22142857142857147,0.25000000000000006,0.7250000000000003,0.4,0.0,0.5250000000000001,0.914285714285712,0.7071428571428556,0.849999999999998
0.4999999999999992,0.3251953125,0.4169921875,0.22499999999999998,0.1,0.0,0.27499999999999997,0.22857142857142862,0.22857142857142862,0.25000000000000006,0.7250000000000003,0.4,0.0,0.5250000000000001,0.914285714285712,0.7071428571428556,0.849999999999998
0.5009615384615377,0.325927734375,0.417724609375,0.22499999999999998,0.1,0.0,0.27499999999999997,0.22857142857142862,0.22857142857142862,0.25000000000000006,0.7250000000000003,0.4,0.0,0.5250000000000001,0.9214285714285692,0.7071428571428556,0.849999999999998
0.5019230769230761,0.32666015625,0.418212890625,0.22499999999999998,0.1,0.0,0.27499999999999997,0.23571428571428577,0.22857142857142862,0.25000000000000006,0.7250000000000003,0.4,0.0,0.5250000000000001,0.9214285714285692,0.7071428571428556,0.849999999999998
0.5028846153846146,0.327392578125,0.419189453125,0.22499999999999998,0.1,0.0,0.27499999999999997,0.2428571428571429,0.22857142857142862,0.25000000000000006,0.7250000000000003,0.4,0.0,0.5250000000000001,0.9214285714285692,0.7071428571428556,0.849999999999998
0.503846153846153,0.328125,0.419677734375,0.22499999999999998,0.1,0.0,0.27499999999999997,0.25000000000000006,0.22857142857142862,0.25000000000000006,0.7250000000000003,0.4,0.0,0.5250000000000001,0.9214285714285692,0.7071428571428556,0.849999999999998
0.5048076923076915,0.32861328125,0.420166015625,0.22499999999999998,0.1,0.0,0.27499999999999997,0.25000000000000006,0.22857142857142862,0.25000000000000006,0.7250000000000003,0.4,0.0,0.5250000000000001,0.9214285714285692,0.7142857142857127,0.849999999999998
0.5057692307692301,0.3291015625,0.4208984375,0.22499999999999998,0.1,0.0,0.27499999999999997,0.25000000000000006,0.22857142857142862,0.25000000000000006,0.7250000000000003,0.4,0.0,0.5250000000000001,0.9214285714285692,0.7214285714285699,0.849999999999998
0.5067307692307685,0.32958984375,0.42138671875,0.22499999999999998,0.1,0.0,0.27499999999999997,0.25000000000000006,0.22857142857142862,0.25000000000000006,0.7250000000000003,0.4,0.0,0.5250000000000001,0.9214285714285692,0.728571428571427,0.849999999999998
0.5076923076923069,0.330078125,0.422119140625,0.22499999999999998,0.1,0.0,0.27499999999999997,0.25000000000000006,0.22857142857142862,0.25000000000000006,0.7250000000000003,0.4,0.0,0.5250000000000001,0.9214285714285692,0.7357142857142841,0.849999999999998
0.5086538461538453,0.33056640625,0.4228515625,0.22499999999999998,0.1,0.0,0.27499999999999997,0.25000000000000006,0.22857142857142862,0.25000000000000006,0.7250000000000003,0.4,0.0,0.5250000000000001,0.9214285714285692,0.7428571428571412,0.849999999999998
0.5096153846153839,0.3310546875,0.42333984375,0.22499999999999998,0.1,0.0,0.27499999999999997,0.25000000000000006,0.22857142857142862,0.25000000000000006,0.7250000000000003,0.4,0.0,0.5250000000000001,0.9214285714285692,0.7499999999999983,0.849999999999998
0.5105769230769224,0.331787109375,0.424072265625,0.22499999999999998,0.1,0.0,0.27499999999999997,0.25000000000000006,0.23571428571428577,0.25000000000000006,0.7250000000000003,0.4,0.0,0.5250000000000001,0.9214285714285692,0.7499999999999983,0.849999999999998
0.5115384615384608,0.332275390625,0.424560546875,0.22499999999999998,0.1,0.0,0.27499999999999997,0.25000000000000006,0.23571428571428577,0.25000000000000006,0.7250000000000003,0.4,0.0,0.5250000000000001,0.9214285714285692,0.7571428571428555,0.849999999999998
0.5124999999999992,0.332763671875,0.42529296875,0.22499999999999998,0.1,0.0,0.27499999999999997,0.25000000000000006,0.23571428571428577,0.25000000000000006,0.7250000000000003,0.4,0.0,0.5250000000000001,0.9214285714285692,0.7642857142857126,0.849999999999998
0.5134615384615377,0.33349609375,0.426025390625,0.22499999999999998,0.1,0.0,0.27499999999999997,0.25000000000000006,0.2428571428571429,0.25000000000000006,0.7250000000000003,0.4,0.0,0.5250000000000001,0.9214285714285692,0.7642857142857126,0.849999999999998
0.5144230769230761,0.334228515625,0.4267578125,0.22499999999999998,0.1,0.0,0.27499999999999997,0.25000000000000006,0.25000000000000006,0.25000000000000006,0.7250000000000003,0.4,0.0,0.5250000000000001,0.9214285714285692,0.7642857142857126,0.849999999999998
0.5153846153846146,0.3349609375,0.427490234375,0.24999999999999997,0.1,0.0,0.27499999999999997,0.25000000000000006,0.25000000000000006,0.25000000000000006,0.7250000000000003,0.4,0.0,0.5250000000000001,0.9214285714285692,0.7642857142857126,0.849999999999998
0.516346153846153,0.335693359375,0.427978515625,0.24999999999999997,0.1,0.0,0.27499999999999997,0.25000000000000006,0.25000000000000006,0.25000000000000006,0.7250000000000003,0.4,0.0,0.5500000000000002,0.9214285714285692,0.7642857142857126,0.849999999999998
0.5173076923076916,0.336181640625,0.4287109375,0.24999999999999997,0.1,0.0,0.27499999999999997,0.25000000000000006,0.25000000000000006,0.25000000000000006,0.7250000000000003,0.4,0.0,0.5500000000000002,0.9214285714285692,0.7642857142857126,0.8571428571428551
0.51826923076923,0.336669921875,0.42919921875,0.24999999999999997,0.1,0.0,0.27499999999999997,0.25000000000000006,0.25000000000000006,0.25000000000000006,0.7250000000000003,0.4,0.0,0.5500000000000002,0.9214285714285692,0.7642857142857126,0.8642857142857122
0.5192307692307685,0.337158203125,0.4296875,0.24999999999999997,0.1,0.0,0.27499999999999997,0.25000000000000006,0.25000000000000006,0.25000000000000006,0.7250000000000003,0.4,0.0,0.5500000000000002,0.9214285714285692,0.7714285714285697,0.8642857142857122
0.520192307692307,0.337646484375,0.430419921875,0.24999999999999997,0.1,0.0,0.27499999999999997,0.25000000000000006,0.25000000000000006,0.25000000000000006,0.7250000000000003,0.4,0.0,0.5500000000000002,0.9214285714285692,0.7785714285714268,0.8642857142857122
0.5211538461538454,0.338134765625,0.430908203125,0.24999999999999997,0.1,0.0,0.27499999999999997,0.25000000000000006,0.25000000000000006,0.25000000000000006,0.7250000000000003,0.4,0.0,0.5500000000000002,0.9214285714285692,0.7785714285714268,0.8714285714285693
0.5221153846153839,0.338623046875,0.431640625,0.24999999999999997,0.1,0.0,0.27499999999999997,0.25000000000000006,0.25000000000000006,0.25000000000000006,0.7250000000000003,0.4,0.0,0.5500000000000002,0.9214285714285692,0.7857142857142839,0.8714285714285693
0.5230769230769223,0.339111328125,0.432373046875,0.24999999999999997,0.1,0.0,0.27499999999999997,0.25000000000000006,0.25000000000000006,0.25000000000000006,0.7250000000000003,0.4,0.0,0.5500000000000002,0.9214285714285692,0.7857142857142839,0.8785714285714264
0.5240384615384608,0.339599609375,0.432861328125,0.24999999999999997,0.1,0.0,0.27499999999999997,0.25000000000000006,0.25000000000000006,0.25000000000000006,0.7250000000000003,0.4,0.0,0.5500000000000002,0.9214285714285692,0.7857142857142839,0.8857142857142836
0.5249999999999992,0.340087890625,0.43359375,0.24999999999999997,0.1,0.0,0.27499999999999997,0.25000000000000006,0.25000000000000006,0.25000000000000006,0.7250000000000003,0.4,0.0,0.5500000000000002,0.9214285714285692,0.7857142857142839,0.8928571428571407
0.5259615384615377,0.3408203125,0.43408203125,0.24999999999999997,0.1,0.0,0.27499999999999997,0.2571428571428572,0.25000000000000006,0.25000000000000006,0.7250000000000003,0.4,0.0,0.5500000000000002,0.9214285714285692,0.7857142857142839,0.8928571428571407
0.526923076923076,0.34130859375,0.434814453125,0.24999999999999997,0.1,0.0,0.27499999999999997,0.2571428571428572,0.25000000000000006,0.25000000000000006,0.7250000000000003,0.4,0.0,0.5500000000000002,0.9214285714285692,0.792857142857141,0.8928571428571407
0.5278846153846145,0.341796875,0.435302734375,0.24999999999999997,0.1,0.0,0.27499999999999997,0.2571428571428572,0.25000000000000006,0.25000000000000006,0.7250000000000003,0.4,0.0,0.5500000000000002,0.9214285714285692,0.792857142857141,0.8999999999999978
0.5288461538461531,0.342529296875,0.43603515625,0.24999999999999997,0.1,0.0,0.27499999999999997,0.2642857142857143,0.25000000000000006,0.25000000000000006,0.7250000000000003,0.4,0.0,0.5500000000000002,0.9214285714285692,0.792857142857141,0.8999999999999978
0.5298076923076914,0.343017578125,0.4365234375,0.24999999999999997,0.1,0.0,0.27499999999999997,0.2642857142857143,0.25000000000000006,0.25000000000000006,0.7250000000000003,0.4,0.0,0.5500000000000002,0.9214285714285692,0.7999999999999982,0.8999999999999978
0.5307692307692299,0.343505859375,0.437255859375,0.24999999999999997,0.1,0.0,0.27499999999999997,0.2642857142857143,0.25000000000000006,0.25000000000000006,0.7250000000000003,0.4,0.0,0.5500000000000002,0.9214285714285692,0.7999999999999982,0.9071428571428549
0.5317307692307683,0.34423828125,0.437744140625,0.24999999999999997,0.1,0.0,0.27499999999999997,0.2714285714285714,0.25000000000000006,0.25000000000000006,0.7250000000000003,0.4,0.0,0.5500000000000002,0.9214285714285692,0.7999999999999982,0.9071428571428549
0.5326923076923069,0.3447265625,0.4384765625,0.24999999999999997,0.1,0.0,0.27499999999999997,0.2714285714285714,0.25000000000000006,0.25000000000000006,0.7250000000000003,0.4,0.0,0.5500000000000002,0.9214285714285692,0.8071428571428553,0.9071428571428549
0.5336538461538454,0.34521484375,0.43896484375,0.24999999999999997,0.1,0.0,0.27499999999999997,0.2714285714285714,0.25000000000000006,0.25000000000000006,0.7250000000000003,0.4,0.0,0.5500000000000002,0.9214285714285692,0.8071428571428553,0.914285714285712
0.5346153846153838,0.345703125,0.439697265625,0.24999999999999997,0.1,0.0,0.27499999999999997,0.2714285714285714,0.25000000000000006,0.25000000000000006,0.7250000000000003,0.4,0.0,0.5500000000000002,0.9214285714285692,0.8071428571428553,0.9214285714285692
0.5355769230769223,0.346435546875,0.440185546875,0.24999999999999997,0.1,0.0,0.3,0.2714285714285714,0.25000000000000006,0.25000000000000006,0.7250000000000003,0.4,0.0,0.5500000000000002,0.9214285714285692,0.8071428571428553,0.9214285714285692
0.5365384615384607,0.34716796875,0.44091796875,0.24999999999999997,0.1,0.0,0.3,0.2785714285714285,0.25000000000000006,0.25000000000000006,0.7250000000000003,0.4,0.0,0.5500000000000002,0.9214285714285692,0.8071428571428553,0.9214285714285692
0.5374999999999992,0.34765625,0.441650390625,0.24999999999999997,0.1,0.0,0.3,0.2785714285714285,0.25000000000000006,0.25000000000000006,0.7250000000000003,0.4,0.0,0.5500000000000002,0.9214285714285692,0.8142857142857124,0.9214285714285692
0.5384615384615375,0.348388671875,0.442138671875,0.24999999999999997,0.1,0.0,0.3,0.28571428571428564,0.25000000000000006,0.25000000000000006,0.7250000000000003,0.4,0.0,0.5500000000000002,0.9214285714285692,0.8142857142857124,0.9214285714285692
0.539423076923076,0.348876953125,0.442626953125,0.24999999999999997,0.1,0.0,0.3,0.28571428571428564,0.25000000000000006,0.25000000000000006,0.7250000000000003,0.4,0.0,0.5500000000000002,0.9214285714285692,0.8214285714285695,0.9214285714285692
0.5403846153846145,0.349365234375,0.443359375,0.24999999999999997,0.1,0.0,0.3,0.28571428571428564,0.25000000000000006,0.25000000000000006,0.7250000000000003,0.4,0.0,0.5500000000000002,0.9214285714285692,0.8214285714285695,0.9285714285714263
0.541346153846153,0.35009765625,0.44384765625,0.24999999999999997,0.1,0.0,0.3,0.29285714285714276,0.25000000000000006,0.25000000000000006,0.7250000000000003,0.4,0.0,0.5500000000000002,0.9214285714285692,0.8214285714285695,0.9285714285714263
0.5423076923076914,0.3505859375,0.444580078125,0.24999999999999997,0.1,0.0,0.3,0.29285714285714276,0.25000000000000006,0.25000000000000006,0.7250000000000003,0.4,0.0,0.5500000000000002,0.9214285714285692,0.8285714285714266,0.9285714285714263
0.54326923076923,0.35107421875,0.445068359375,0.24999999999999997,0.1,0.0,0.3,0.29285714285714276,0.25000000000000006,0.25000000000000006,0.7250000000000003,0.4,0.0,0.5500000000000002,0.9214285714285692,0.8357142857142837,0.9285714285714263
0.5442307692307684,0.351806640625,0.445556640625,0.24999999999999997,0.1,0.0,0.3,0.2999999999999999,0.25000000000000006,0.25000000000000006,0.7250000000000003,0.4,0.0,0.5500000000000002,0.9214285714285692,0.8357142857142837,0.9285714285714263
0.5451923076923069,0.352294921875,0.446044921875,0.24999999999999997,0.1,0.0,0.3,0.2999999999999999,0.25000000000000006,0.25000000000000006,0.7250000000000003,0.4,0.0,0.5500000000000002,0.9214285714285692,0.8428571428571409,0.9285714285714263
0.5461538461538453,0.35302734375,0.446533203125,0.24999999999999997,0.1,0.0,0.3,0.307142857142857,0.25000000000000006,0.25000000000000006,0.7250000000000003,0.4,0.0,0.5500000000000002,0.9214285714285692,0.8428571428571409,0.9285714285714263
0.5471153846153837,0.353759765625,0.447265625,0.24999999999999997,0.1,0.0,0.3,0.3142857142857141,0.25000000000000006,0.25000000000000006,0.7250000000000003,0.4,0.0,0.5500000000000002,0.9214285714285692,0.8428571428571409,0.9285714285714263
0.5480769230769221,0.354248046875,0.447998046875,0.24999999999999997,0.1,0.0,0.3,0.3142857142857141,0.25000000000000006,0.25000000000000006,0.7250000000000003,0.4,0.0,0.5500000000000002,0.9214285714285692,0.849999999999998,0.9285714285714263
0.5490384615384606,0.354736328125,0.44873046875,0.24999999999999997,0.1,0.0,0.3,0.3142857142857141,0.25000000000000006,0.25000000000000006,0.7250000000000003,0.4,0.0,0.5500000000000002,0.9214285714285692,0.849999999999998,0.9357142857142834
0.549999999999999,0.35546875,0.44921875,0.24999999999999997,0.1,0.0,0.3,0.32142857142857123,0.25000000000000006,0.25000000000000006,0.7250000000000003,0.4,0.0,0.5500000000000002,0.9214285714285692,0.849999999999998,0.9357142857142834
0.5509615384615375,0.35595703125,0.44970703125,0.24999999999999997,0.1,0.0,0.3,0.32142857142857123,0.25000000000000006,0.25000000000000006,0.7250000000000003,0.4,0.0,0.5500000000000002,0.9214285714285692,0.849999999999998,0.9428571428571405
0.5519230769230761,0.356689453125,0.4501953125,0.27499999999999997,0.1,0.0,0.3,0.32142857142857123,0.25000000000000006,0.25000000000000006,0.7250000000000003,0.4,0.0,0.5500000000000002,0.9214285714285692,0.849999999999998,0.9428571428571405
0.5528846153846144,0.357421875,0.45068359375,0.27499999999999997,0.1,0.0,0.3,0.32142857142857123,0.2571428571428572,0.25000000000000006,0.7250000000000003,0.4,0.0,0.5500000000000002,0.9214285714285692,0.849999999999998,0.9428571428571405
0.5538461538461529,0.35791015625,0.451416015625,0.27499999999999997,0.1,0.0,0.3,0.32142857142857123,0.2571428571428572,0.25000000000000006,0.7250000000000003,0.4,0.0,0.5500000000000002,0.9214285714285692,0.8571428571428551,0.9428571428571405
0.5548076923076913,0.358642578125,0.451904296875,0.27499999999999997,0.1,0.0,0.3,0.32142857142857123,0.2642857142857143,0.25000000000000006,0.7250000000000003,0.4,0.0,0.5500000000000002,0.9214285714285692,0.8571428571428551,0.9428571428571405
0.5557692307692299,0.359130859375,0.45263671875,0.27499999999999997,0.1,0.0,0.3,0.32142857142857123,0.2642857142857143,0.25000000000000006,0.7250000000000003,0.4,0.0,0.5500000000000002,0.9214285714285692,0.8642857142857122,0.9428571428571405
0.5567307692307683,0.359619140625,0.453125,0.27499999999999997,0.1,0.0,0.3,0.32142857142857123,0.2642857142857143,0.25000000000000006,0.7250000000000003,0.4,0.0,0.5500000000000002,0.9214285714285692,0.8714285714285693,0.9428571428571405
0.5576923076923067,0.360107421875,0.45361328125,0.27499999999999997,0.1,0.0,0.3,0.32142857142857123,0.2642857142857143,0.25000000000000006,0.7250000000000003,0.4,0.0,0.5500000000000002,0.9214285714285692,0.8714285714285693,0.9499999999999976
0.5586538461538453,0.36083984375,0.4541015625,0.27499999999999997,0.1,0.0,0.3,0.32857142857142835,0.2642857142857143,0.25000000000000006,0.7250000000000003,0.4,0.0,0.5500000000000002,0.9214285714285692,0.8714285714285693,0.9499999999999976
0.5596153846153837,0.361572265625,0.45458984375,0.27499999999999997,0.1,0.0,0.3,0.33571428571428547,0.2642857142857143,0.25000000000000006,0.7250000000000003,0.4,0.0,0.5500000000000002,0.9214285714285692,0.8714285714285693,0.9499999999999976
0.5605769230769222,0.3623046875,0.455322265625,0.27499999999999997,0.1,0.0,0.325,0.33571428571428547,0.2642857142857143,0.25000000000000006,0.7250000000000003,0.4,0.0,0.5500000000000002,0.9214285714285692,0.8714285714285693,0.9499999999999976
0.5615384615384607,0.363037109375,0.455810546875,0.27499999999999997,0.1,0.0,0.325,0.3428571428571426,0.2642857142857143,0.25000000000000006,0.7250000000000003,0.4,0.0,0.5500000000000002,0.9214285714285692,0.8714285714285693,0.9499999999999976
0.562499999999999,0.363525390625,0.45654296875,0.27499999999999997,0.1,0.0,0.325,0.3428571428571426,0.2642857142857143,0.25000000000000006,0.7250000000000003,0.4,0.0,0.5500000000000002,0.9214285714285692,0.8785714285714264,0.9499999999999976
0.5634615384615376,0.3642578125,0.45703125,0.27499999999999997,0.1,0.0,0.325,0.3499999999999997,0.2642857142857143,0.25000000000000006,0.7250000000000003,0.4,0.0,0.5500000000000002,0.9214285714285692,0.8785714285714264,0.9499999999999976
0.564423076923076,0.36474609375,0.45751953125,0.27499999999999997,0.1,0.0,0.325,0.3499999999999997,0.2642857142857143,0.25000000000000006,0.7250000000000003,0.4,0.0,0.5500000000000002,0.9214285714285692,0.8785714285714264,0.9571428571428547
0.5653846153846144,0.365478515625,0.4580078125,0.27499999999999997,0.1,0.0,0.325,0.3571428571428568,0.2642857142857143,0.25000000000000006,0.7250000000000003,0.4,0.0,0.5500000000000002,0.9214285714285692,0.8785714285714264,0.9571428571428547
0.5663461538461529,0.365966796875,0.45849609375,0.27499999999999997,0.1,0.0,0.325,0.3571428571428568,0.2642857142857143,0.25000000000000006,0.7250000000000003,0.4,0.0,0.5500000000000002,0.9214285714285692,0.8857142857142836,0.9571428571428547
0.5673076923076914,0.36669921875,0.458984375,0.27499999999999997,0.1,0.0,0.325,0.36428571428571394,0.2642857142857143,0.25000000000000006,0.7250000000000003,0.4,0.0,0.5500000000000002,0.9214285714285692,0.8857142857142836,0.9571428571428547
0.5682692307692297,0.367431640625,0.45947265625,0.27499999999999997,0.1,0.0,0.325,0.36428571428571394,0.2714285714285714,0.25000000000000006,0.7250000000000003,0.4,0.0,0.5500000000000002,0.9214285714285692,0.8857142857142836,0.9571428571428547
0.5692307692307683,0.367919921875,0.460205078125,0.27499999999999997,0.1,0.0,0.325,0.36428571428571394,0.2714285714285714,0.25000000000000006,0.7250000000000003,0.4,0.0,0.5500000000000002,0.9285714285714263,0.8857142857142836,0.9571428571428547
0.5701923076923067,0.368408203125,0.460693359375,0.27499999999999997,0.1,0.0,0.325,0.36428571428571394,0.2714285714285714,0.25000000000000006,0.7250000000000003,0.4,0.0,0.5500000000000002,0.9285714285714263,0.8928571428571407,0.9571428571428547
0.5711538461538452,0.369140625,0.46142578125,0.27499999999999997,0.1,0.0,0.325,0.36428571428571394,0.2785714285714285,0.25000000000000006,0.7250000000000003,0.4,0.0,0.5500000000000002,0.9285714285714263,0.8928571428571407,0.9571428571428547
0.5721153846153837,0.36962890625,0.461669921875,0.27499999999999997,0.1,0.0,0.325,0.36428571428571394,0.2785714285714285,0.25000000000000006,0.7250000000000003,0.4,0.0,0.5500000000000002,0.9285714285714263,0.8999999999999978,0.9571428571428547
0.5730769230769222,0.3701171875,0.46240234375,0.27499999999999997,0.1,0.0,0.325,0.36428571428571394,0.2785714285714285,0.25000000000000006,0.7250000000000003,0.4,0.0,0.5500000000000002,0.9285714285714263,0.8999999999999978,0.9642857142857119
0.5740384615384605,0.370849609375,0.462890625,0.27499999999999997,0.1,0.0,0.325,0.37142857142857105,0.2785714285714285,0.25000000000000006,0.7250000000000003,0.4,0.0,0.5500000000000002,0.9285714285714263,0.8999999999999978,0.9642857142857119
0.574999999999999,0.37158203125,0.46337890625,0.27499999999999997,0.1,0.0,0.325,0.37857142857142817,0.2785714285714285,0.25000000000000006,0.7250000000000003,0.4,0.0,0.5500000000000002,0.9285714285714263,0.8999999999999978,0.9642857142857119
0.5759615384615375,0.372314453125,0.4638671875,0.27499999999999997,0.1,0.0,0.325,0.3857142857142853,0.2785714285714285,0.25000000000000006,0.7250000000000003,0.4,0.0,0.5500000000000002,0.9285714285714263,0.8999999999999978,0.9642857142857119
0.5769230769230759,0.373046875,0.46435546875,0.27499999999999997,0.1,0.0,0.325,0.3928571428571424,0.2785714285714285,0.25000000000000006,0.7250000000000003,0.4,0.0,0.5500000000000002,0.9285714285714263,0.8999999999999978,0.9642857142857119
0.5778846153846143,0.37353515625,0.46484375,0.27499999999999997,0.1,0.0,0.325,0.3928571428571424,0.2785714285714285,0.25000000000000006,0.7250000000000003,0.4,0.0,0.5500000000000002,0.9285714285714263,0.8999999999999978,0.971428571428569
0.5788461538461528,0.374267578125,0.46533203125,0.27499999999999997,0.1,0.0,0.325,0.3999999999999995,0.2785714285714285,0.25000000000000006,0.7250000000000003,0.4,0.0,0.5500000000000002,0.9285714285714263,0.8999999999999978,0.971428571428569
0.5798076923076914,0.375,0.4658203125,0.3,0.1,0.0,0.325,0.3999999999999995,0.2785714285714285,0.25000000000000006,0.7250000000000003,0.4,0.0,0.5500000000000002,0.9285714285714263,0.8999999999999978,0.971428571428569
0.5807692307692297,0.375732421875,0.46630859375,0.3,0.1,0.0,0.325,0.3999999999999995,0.28571428571428564,0.25000000000000006,0.7250000000000003,0.4,0.0,0.5500000000000002,0.9285714285714263,0.8999999999999978,0.971428571428569
0.5817307692307683,0.376220703125,0.466796875,0.3,0.1,0.0,0.325,0.3999999999999995,0.28571428571428564,0.25000000000000006,0.7250000000000003,0.4,0.0,0.5500000000000002,0.9357142857142834,0.8999999999999978,0.971428571428569
0.5826923076923067,0.376953125,0.46728515625,0.3,0.1,0.0,0.325,0.3999999999999995,0.29285714285714276,0.25000000000000006,0.7250000000000003,0.4,0.0,0.5500000000000002,0.9357142857142834,0.8999999999999978,0.971428571428569
0.5836538461538451,0.37744140625,0.4677734375,0.3,0.1,0.0,0.325,0.3999999999999995,0.2999999999999999,0.25000000000000006,0.7250000000000003,0.4,0.0,0.5500000000000002,0.9357142857142834,0.8999999999999978,0.971428571428569
0.5846153846153836,0.378173828125,0.46826171875,0.3,0.1,0.0,0.325,0.3999999999999995,0.307142857142857,0.25000000000000006,0.7250000000000003,0.4,0.0,0.5500000000000002,0.9357142857142834,0.8999999999999978,0.971428571428569
0.585576923076922,0.378662109375,0.468994140625,0.3,0.1,0.0,0.325,0.3999999999999995,0.307142857142857,0.25000000000000006,0.7250000000000003,0.4,0.0,0.5500000000000002,0.9428571428571405,0.8999999999999978,0.971428571428569
0.5865384615384605,0.37939453125,0.469482421875,0.3,0.1,0.0,0.325,0.3999999999999995,0.3142857142857141,0.25000000000000006,0.7250000000000003,0.4,0.0,0.5500000000000002,0.9428571428571405,0.8999999999999978,0.971428571428569
0.587499999999999,0.3798828125,0.4697265625,0.3,0.1,0.0,0.325,0.3999999999999995,0.3142857142857141,0.25000000000000006,0.7250000000000003,0.4,0.0,0.5500000000000002,0.9499999999999976,0.8999999999999978,0.971428571428569
0.5884615384615375,0.38037109375,0.470458984375,0.3,0.1,0.0,0.325,0.3999999999999995,0.3142857142857141,0.25000000000000006,0.7250000000000003,0.4,0.0,0.5500000000000002,0.9499999999999976,0.8999999999999978,0.9785714285714261
0.5894230769230758,0.381103515625,0.470947265625,0.3,0.1,0.0,0.325,0.3999999999999995,0.32142857142857123,0.25000000000000006,0.7250000000000003,0.4,0.0,0.5500000000000002,0.9499999999999976,0.8999999999999978,0.9785714285714261
0.5903846153846144,0.381591796875,0.471435546875,0.3,0.1,0.0,0.325,0.3999999999999995,0.32142857142857123,0.25000000000000006,0.7250000000000003,0.4,0.0,0.5500000000000002,0.9499999999999976,0.9071428571428549,0.9785714285714261
0.5913461538461529,0.382080078125,0.4716796875,0.3,0.1,0.0,0.325,0.3999999999999995,0.32142857142857123,0.25000000000000006,0.7250000000000003,0.4,0.0,0.5500000000000002,0.9499999999999976,0.914285714285712,0.9785714285714261
0.5923076923076913,0.382568359375,0.47216796875,0.3,0.1,0.0,0.325,0.3999999999999995,0.32142857142857123,0.25000000000000006,0.7250000000000003,0.4,0.0,0.5500000000000002,0.9499999999999976,0.9214285714285692,0.9785714285714261
0.5932692307692298,0.383056640625,0.472900390625,0.3,0.1,0.0,0.325,0.3999999999999995,0.32142857142857123,0.25000000000000006,0.7250000000000003,0.4,0.0,0.5500000000000002,0.9499999999999976,0.9285714285714263,0.9785714285714261
0.5942307692307682,0.3837890625,0.473388671875,0.3,0.1,0.0,0.325,0.40714285714285664,0.32142857142857123,0.25000000000000006,0.7250000000000003,0.4,0.0,0.5500000000000002,0.9499999999999976,0.9285714285714263,0.9785714285714261
0.5951923076923067,0.384521484375,0.4736328125,0.3,0.1,0.0,0.325,0.41428571428571376,0.32142857142857123,0.25000000000000006,0.7250000000000003,0.4,0.0,0.5500000000000002,0.9499999999999976,0.9285714285714263,0.9785714285714261
0.5961538461538451,0.385009765625,0.47412109375,0.3,0.1,0.0,0.325,0.41428571428571376,0.32142857142857123,0.25000000000000006,0.7250000000000003,0.4,0.0,0.5500000000000002,0.9499999999999976,0.9357142857142834,0.9785714285714261
0.5971153846153835,0.3857421875,0.474853515625,0.3,0.1,0.0,0.325,0.41428571428571376,0.32857142857142835,0.25000000000000006,0.7250000000000003,0.4,0.0,0.5500000000000002,0.9499999999999976,0.9357142857142834,0.9785714285714261
0.5980769230769221,0.38623046875,0.475341796875,0.3,0.1,0.0,0.325,0.41428571428571376,0.32857142857142835,0.25000000000000006,0.7250000000000003,0.4,0.0,0.5500000000000002,0.9499999999999976,0.9357142857142834,0.9857142857142832
0.5990384615384604,0.386962890625,0.4755859375,0.3,0.1,0.0,0.35000000000000003,0.41428571428571376,0.32857142857142835,0.25000000000000006,0.7250000000000003,0.4,0.0,0.5500000000000002,0.9499999999999976,0.9357142857142834,0.9857142857142832
0.599999999999999,0.3876953125,0.47607421875,0.3,0.1,0.0,0.35000000000000003,0.4214285714285709,0.32857142857142835,0.25000000000000006,0.7250000000000003,0.4,0.0,0.5500000000000002,0.9499999999999976,0.9357142857142834,0.9857142857142832
0.6009615384615373,0.388427734375,0.4765625,0.3,0.1,0.0,0.35000000000000003,0.428571428571428,0.32857142857142835,0.25000000000000006,0.7250000000000003,0.4,0.0,0.5500000000000002,0.9499999999999976,0.9357142857142834,0.9857142857142832
