Effective Sparsity,Activation Error,Baseline Error,q0,k0,v0,o0,gate0,up0,down0,q1,k1,v1,o1,gate1,up1,down1
0.0009615384615384615,5.882978439331055e-05,0.003063201904296875,0.0,0.0,0.0,0.0,0.0,0.0,0.0,0.0,0.0,0.0,0.0,0.007142857142857143,0.0,0.0
0.001923076923076923,8.881092071533203e-05,0.003063201904296875,0.0,0.0,0.0,0.0,0.0,0.0,0.0,0.0,0.0,0.0,0.0,0.007142857142857143,0.007142857142857143,0.0
0.0028846153846153843,0.00011819601058959961,0.003063201904296875,0.0,0.0,0.0,0.0,0.0,0.0,0.0,0.0,0.0,0.0,0.0,0.007142857142857143,0.007142857142857143,0.007142857142857143
0.003846153846153846,0.00015485286712646484,0.003063201904296875,0.0,0.0,0.0,0.0,0.007142857142857143,0.0,0.0,0.0,0.0,0.0,0.0,0.007142857142857143,0.007142857142857143,0.007142857142857143
0.004807692307692307,0.0001952648162841797,0.003063201904296875,0.0,0.0,0.0,0.0,0.007142857142857143,0.0,0.007142857142857143,0.0,0.0,0.0,0.0,0.007142857142857143,0.007142857142857143,0.007142857142857143
0.005769230769230769,0.0002319812774658203,0.003063201904296875,0.0,0.0,0.0,0.0,0.007142857142857143,0.007142857142857143,0.007142857142857143,0.0,0.0,0.0,0.0,0.007142857142857143,0.007142857142857143,0.007142857142857143
0.00673076923076923,0.0005612373352050781,0.003063201904296875,0.0,0.0,0.0,0.0,0.007142857142857143,0.007142857142857143,0.007142857142857143,0.0,0.0,0.0,0.0,0.007142857142857143,0.007142857142857143,0.014285714285714285
0.007692307692307692,0.0008268356323242188,0.003063201904296875,0.0,0.0,0.0,0.0,0.007142857142857143,0.007142857142857143,0.007142857142857143,0.0,0.0,0.0,0.0,0.007142857142857143,0.007142857142857143,0.02142857142857143
0.008653846153846153,0.001171112060546875,0.003063201904296875,0.0,0.0,0.0,0.0,0.007142857142857143,0.007142857142857143,0.007142857142857143,0.0,0.0,0.0,0.0,0.007142857142857143,0.007142857142857143,0.02857142857142857
0.009615384615384616,0.0014581680297851562,0.003063201904296875,0.0,0.0,0.0,0.0,0.007142857142857143,0.007142857142857143,0.014285714285714285,0.0,0.0,0.0,0.0,0.007142857142857143,0.007142857142857143,0.02857142857142857
0.010576923076923076,0.0017728805541992188,0.01097869873046875,0.0,0.0,0.0,0.0,0.007142857142857143,0.007142857142857143,0.02142857142857143,0.0,0.0,0.0,0.0,0.007142857142857143,0.007142857142857143,0.02857142857142857
0.011538461538461537,0.0020809173583984375,0.011474609375,0.0,0.0,0.0,0.0,0.007142857142857143,0.007142857142857143,0.02142857142857143,0.0,0.0,0.0,0.0,0.007142857142857143,0.007142857142857143,0.03571428571428571
0.012499999999999999,0.0023517608642578125,0.0120697021484375,0.0,0.0,0.0,0.0,0.007142857142857143,0.007142857142857143,0.02142857142857143,0.025,0.0,0.0,0.0,0.007142857142857143,0.007142857142857143,0.03571428571428571
0.01346153846153846,0.002716064453125,0.012603759765625,0.0,0.0,0.0,0.0,0.007142857142857143,0.007142857142857143,0.02142857142857143,0.025,0.0,0.0,0.0,0.007142857142857143,0.007142857142857143,0.04285714285714286
0.014423076923076924,0.0030536651611328125,0.01311492919921875,0.0,0.0,0.0,0.0,0.007142857142857143,0.007142857142857143,0.02857142857142857,0.025,0.0,0.0,0.0,0.007142857142857143,0.007142857142857143,0.04285714285714286
0.015384615384615385,0.0034732818603515625,0.01371002197265625,0.0,0.0,0.0,0.0,0.007142857142857143,0.007142857142857143,0.02857142857142857,0.05,0.0,0.0,0.0,0.007142857142857143,0.007142857142857143,0.04285714285714286
0.016346153846153844,0.0038394927978515625,0.0141754150390625,0.025,0.0,0.0,0.0,0.007142857142857143,0.007142857142857143,0.02857142857142857,0.05,0.0,0.0,0.0,0.007142857142857143,0.007142857142857143,0.04285714285714286
0.017307692307692305,0.004177093505859375,0.0145416259765625,0.025,0.0,0.0,0.0,0.007142857142857143,0.007142857142857143,0.02857142857142857,0.05,0.0,0.0,0.0,0.007142857142857143,0.007142857142857143,0.05
0.018269230769230767,0.0045013427734375,0.01497650146484375,0.025,0.0,0.0,0.0,0.007142857142857143,0.007142857142857143,0.02857142857142857,0.05,0.0,0.0,0.0,0.014285714285714285,0.007142857142857143,0.05
0.019230769230769232,0.00485992431640625,0.0153961181640625,0.025,0.0,0.0,0.0,0.007142857142857143,0.007142857142857143,0.03571428571428571,0.05,0.0,0.0,0.0,0.014285714285714285,0.007142857142857143,0.05
0.020192307692307693,0.005191802978515625,0.015960693359375,0.025,0.0,0.0,0.0,0.007142857142857143,0.007142857142857143,0.03571428571428571,0.05,0.0,0.0,0.0,0.02142857142857143,0.007142857142857143,0.05
0.021153846153846155,0.005580902099609375,0.0164642333984375,0.025,0.0,0.0,0.0,0.007142857142857143,0.007142857142857143,0.03571428571428571,0.07500000000000001,0.0,0.0,0.0,0.02142857142857143,0.007142857142857143,0.05
0.022115384615384617,0.005939483642578125,0.01702880859375,0.025,0.0,0.0,0.0,0.007142857142857143,0.007142857142857143,0.03571428571428571,0.07500000000000001,0.0,0.0,0.0,0.02142857142857143,0.014285714285714285,0.05
0.02307692307692308,0.00629425048828125,0.01751708984375,0.025,0.0,0.0,0.0,0.007142857142857143,0.007142857142857143,0.03571428571428571,0.07500000000000001,0.0,0.0,0.0,0.02142857142857143,0.014285714285714285,0.05714285714285715
0.02403846153846154,0.006641387939453125,0.018035888671875,0.025,0.0,0.0,0.0,0.007142857142857143,0.007142857142857143,0.03571428571428571,0.07500000000000001,0.0,0.0,0.0,0.02142857142857143,0.02142857142857143,0.05714285714285715
0.025,0.00704193115234375,0.018524169921875,0.025,0.0,0.0,0.0,0.007142857142857143,0.007142857142857143,0.03571428571428571,0.07500000000000001,0.0,0.0,0.0,0.02857142857142857,0.02142857142857143,0.05714285714285715
0.025961538461538463,0.007396697998046875,0.0189666748046875,0.025,0.0,0.0,0.0,0.007142857142857143,0.007142857142857143,0.04285714285714286,0.07500000000000001,0.0,0.0,0.0,0.02857142857142857,0.02142857142857143,0.05714285714285715
0.02692307692307692,0.007762908935546875,0.01953125,0.025,0.0,0.0,0.0,0.007142857142857143,0.007142857142857143,0.04285714285714286,0.1,0.0,0.0,0.0,0.02857142857142857,0.02142857142857143,0.05714285714285715
0.027884615384615383,0.0081329345703125,0.02001953125,0.025,0.0,0.0,0.0,0.007142857142857143,0.007142857142857143,0.04285714285714286,0.1,0.0,0.0,0.0,0.02857142857142857,0.02142857142857143,0.0642857142857143
0.028846153846153848,0.008514404296875,0.0203857421875,0.025,0.0,0.0,0.0,0.007142857142857143,0.007142857142857143,0.04285714285714286,0.1,0.0,0.0,0.0,0.03571428571428571,0.02142857142857143,0.0642857142857143
0.029807692307692306,0.0089263916015625,0.0207977294921875,0.025,0.0,0.0,0.0,0.007142857142857143,0.007142857142857143,0.04285714285714286,0.125,0.0,0.0,0.0,0.03571428571428571,0.02142857142857143,0.0642857142857143
0.03076923076923077,0.00931549072265625,0.0213470458984375,0.025,0.0,0.0,0.0,0.007142857142857143,0.007142857142857143,0.04285714285714286,0.125,0.0,0.0,0.0,0.04285714285714286,0.02142857142857143,0.0642857142857143
0.03173076923076923,0.00969696044921875,0.0218505859375,0.05,0.0,0.0,0.0,0.007142857142857143,0.007142857142857143,0.04285714285714286,0.125,0.0,0.0,0.0,0.04285714285714286,0.02142857142857143,0.0642857142857143
0.032692307692307694,0.01006317138671875,0.022308349609375,0.05,0.0,0.0,0.0,0.007142857142857143,0.007142857142857143,0.04285714285714286,0.125,0.0,0.0,0.0,0.04285714285714286,0.02857142857142857,0.0642857142857143
0.03365384615384615,0.01043701171875,0.022796630859375,0.05,0.0,0.0,0.0,0.007142857142857143,0.007142857142857143,0.04285714285714286,0.125,0.0,0.0,0.0,0.04285714285714286,0.02857142857142857,0.07142857142857144
0.03461538461538462,0.01080322265625,0.0233001708984375,0.05,0.0,0.0,0.0,0.007142857142857143,0.007142857142857143,0.05,0.125,0.0,0.0,0.0,0.04285714285714286,0.02857142857142857,0.07142857142857144
0.035576923076923075,0.0111541748046875,0.023773193359375,0.05,0.0,0.0,0.0,0.007142857142857143,0.007142857142857143,0.05,0.125,0.0,0.0,0.025,0.04285714285714286,0.02857142857142857,0.07142857142857144
0.03653846153846155,0.011505126953125,0.024200439453125,0.05,0.0,0.0,0.0,0.007142857142857143,0.007142857142857143,0.05,0.15,0.0,0.0,0.025,0.04285714285714286,0.02857142857142857,0.07142857142857144
0.037500000000000006,0.0118560791015625,0.0246734619140625,0.05,0.0,0.0,0.0,0.014285714285714285,0.007142857142857143,0.05,0.15,0.0,0.0,0.025,0.04285714285714286,0.02857142857142857,0.07142857142857144
0.038461538461538464,0.01221466064453125,0.0250701904296875,0.05,0.0,0.0,0.0,0.014285714285714285,0.007142857142857143,0.05,0.15,0.0,0.0,0.025,0.04285714285714286,0.02857142857142857,0.07857142857142858
0.03942307692307693,0.01258087158203125,0.0254974365234375,0.05,0.0,0.0,0.0,0.014285714285714285,0.007142857142857143,0.05,0.15,0.0,0.0,0.025,0.04285714285714286,0.03571428571428571,0.07857142857142858
0.04038461538461539,0.01294708251953125,0.02593994140625,0.05,0.0,0.0,0.0,0.014285714285714285,0.007142857142857143,0.05,0.175,0.0,0.0,0.025,0.04285714285714286,0.03571428571428571,0.07857142857142858
0.04134615384615385,0.0133056640625,0.0262603759765625,0.05,0.0,0.0,0.0,0.014285714285714285,0.007142857142857143,0.05,0.175,0.0,0.0,0.025,0.05,0.03571428571428571,0.07857142857142858
0.04230769230769231,0.01364898681640625,0.0266571044921875,0.05,0.0,0.0,0.0,0.014285714285714285,0.007142857142857143,0.05,0.175,0.0,0.0,0.025,0.05,0.04285714285714286,0.07857142857142858
0.04326923076923077,0.01399993896484375,0.0270843505859375,0.05,0.0,0.0,0.0,0.02142857142857143,0.007142857142857143,0.05,0.175,0.0,0.0,0.025,0.05,0.04285714285714286,0.07857142857142858
0.04423076923076923,0.0143585205078125,0.0274810791015625,0.05,0.0,0.0,0.0,0.02142857142857143,0.007142857142857143,0.05,0.19999999999999998,0.0,0.0,0.025,0.05,0.04285714285714286,0.07857142857142858
0.04519230769230769,0.01471710205078125,0.0279083251953125,0.05,0.0,0.0,0.0,0.02142857142857143,0.007142857142857143,0.05,0.19999999999999998,0.0,0.0,0.025,0.05714285714285715,0.04285714285714286,0.07857142857142858
0.04615384615384616,0.01507568359375,0.028411865234375,0.05,0.0,0.0,0.0,0.02142857142857143,0.007142857142857143,0.05,0.19999999999999998,0.0,0.0,0.025,0.05714285714285715,0.04285714285714286,0.08571428571428573
0.04711538461538462,0.01544952392578125,0.0288848876953125,0.05,0.0,0.0,0.0,0.02142857142857143,0.007142857142857143,0.05,0.22499999999999998,0.0,0.0,0.025,0.05714285714285715,0.04285714285714286,0.08571428571428573
0.04807692307692308,0.0158233642578125,0.02923583984375,0.05,0.0,0.0,0.0,0.02142857142857143,0.007142857142857143,0.05,0.22499999999999998,0.0,0.0,0.05,0.05714285714285715,0.04285714285714286,0.08571428571428573
0.049038461538461545,0.0161895751953125,0.0296630859375,0.05,0.0,0.0,0.0,0.02142857142857143,0.007142857142857143,0.05,0.22499999999999998,0.0,0.0,0.05,0.05714285714285715,0.04285714285714286,0.09285714285714287
0.05000000000000001,0.0165557861328125,0.0299835205078125,0.05,0.0,0.0,0.0,0.02142857142857143,0.007142857142857143,0.05,0.22499999999999998,0.0,0.0,0.05,0.0642857142857143,0.04285714285714286,0.09285714285714287
0.05096153846153847,0.01690673828125,0.03057861328125,0.05,0.0,0.0,0.0,0.02142857142857143,0.007142857142857143,0.05714285714285715,0.22499999999999998,0.0,0.0,0.05,0.0642857142857143,0.04285714285714286,0.09285714285714287
0.051923076923076926,0.01727294921875,0.031097412109375,0.05,0.0,0.0,0.0,0.02142857142857143,0.014285714285714285,0.05714285714285715,0.22499999999999998,0.0,0.0,0.05,0.0642857142857143,0.04285714285714286,0.09285714285714287
0.052884615384615384,0.0176239013671875,0.03155517578125,0.05,0.0,0.0,0.0,0.02142857142857143,0.014285714285714285,0.05714285714285715,0.24999999999999997,0.0,0.0,0.05,0.0642857142857143,0.04285714285714286,0.09285714285714287
0.05384615384615386,0.0179901123046875,0.032012939453125,0.05,0.0,0.0,0.0,0.02142857142857143,0.014285714285714285,0.05714285714285715,0.24999999999999997,0.0,0.0,0.05,0.0642857142857143,0.05,0.09285714285714287
0.05480769230769232,0.018341064453125,0.032470703125,0.05,0.0,0.0,0.0,0.02142857142857143,0.014285714285714285,0.05714285714285715,0.24999999999999997,0.0,0.0,0.05,0.0642857142857143,0.05,0.10000000000000002
0.05576923076923078,0.018707275390625,0.0328369140625,0.07500000000000001,0.0,0.0,0.0,0.02142857142857143,0.014285714285714285,0.05714285714285715,0.24999999999999997,0.0,0.0,0.05,0.0642857142857143,0.05,0.10000000000000002
0.056730769230769244,0.0190582275390625,0.033203125,0.07500000000000001,0.0,0.0,0.0,0.02142857142857143,0.014285714285714285,0.05714285714285715,0.24999999999999997,0.1,0.0,0.05,0.0642857142857143,0.05,0.10000000000000002
0.0576923076923077,0.0194091796875,0.033599853515625,0.07500000000000001,0.0,0.0,0.0,0.02142857142857143,0.014285714285714285,0.05714285714285715,0.24999999999999997,0.1,0.0,0.05,0.07142857142857144,0.05,0.10000000000000002
0.05865384615384616,0.0197601318359375,0.034088134765625,0.07500000000000001,0.0,0.0,0.0,0.02142857142857143,0.014285714285714285,0.05714285714285715,0.24999999999999997,0.1,0.0,0.05,0.07142857142857144,0.05,0.10714285714285716
0.05961538461538462,0.0201263427734375,0.034454345703125,0.07500000000000001,0.0,0.0,0.0,0.02857142857142857,0.014285714285714285,0.05714285714285715,0.24999999999999997,0.1,0.0,0.05,0.07142857142857144,0.05,0.10714285714285716
0.060576923076923084,0.020477294921875,0.034912109375,0.07500000000000001,0.0,0.0,0.0,0.02857142857142857,0.014285714285714285,0.05714285714285715,0.27499999999999997,0.1,0.0,0.05,0.07142857142857144,0.05,0.10714285714285716
0.06153846153846154,0.0208282470703125,0.035308837890625,0.07500000000000001,0.0,0.0,0.0,0.02857142857142857,0.02142857142857143,0.05714285714285715,0.27499999999999997,0.1,0.0,0.05,0.07142857142857144,0.05,0.10714285714285716
0.06250000000000001,0.0211639404296875,0.035797119140625,0.07500000000000001,0.0,0.0,0.0,0.02857142857142857,0.02142857142857143,0.05714285714285715,0.27499999999999997,0.1,0.0,0.05,0.07857142857142858,0.05,0.10714285714285716
0.06346153846153847,0.0214996337890625,0.036224365234375,0.07500000000000001,0.0,0.0,0.0,0.02857142857142857,0.02142857142857143,0.05714285714285715,0.27499999999999997,0.1,0.0,0.05,0.07857142857142858,0.05714285714285715,0.10714285714285716
0.06442307692307693,0.0218353271484375,0.036712646484375,0.07500000000000001,0.0,0.0,0.0,0.02857142857142857,0.02142857142857143,0.05714285714285715,0.27499999999999997,0.1,0.0,0.07500000000000001,0.07857142857142858,0.05714285714285715,0.10714285714285716
0.06538461538461539,0.0221710205078125,0.03729248046875,0.07500000000000001,0.0,0.0,0.0,0.02857142857142857,0.02142857142857143,0.05714285714285715,0.27499999999999997,0.1,0.0,0.07500000000000001,0.08571428571428573,0.05714285714285715,0.10714285714285716
0.06634615384615385,0.022491455078125,0.037750244140625,0.07500000000000001,0.0,0.0,0.0,0.02857142857142857,0.02142857142857143,0.05714285714285715,0.27499999999999997,0.1,0.0,0.07500000000000001,0.09285714285714287,0.05714285714285715,0.10714285714285716
0.0673076923076923,0.0228271484375,0.038299560546875,0.07500000000000001,0.0,0.0,0.0,0.02857142857142857,0.02142857142857143,0.05714285714285715,0.27499999999999997,0.1,0.0,0.07500000000000001,0.09285714285714287,0.05714285714285715,0.11428571428571431
0.06826923076923078,0.023162841796875,0.03875732421875,0.07500000000000001,0.0,0.0,0.0,0.02857142857142857,0.02142857142857143,0.05714285714285715,0.3,0.1,0.0,0.07500000000000001,0.09285714285714287,0.05714285714285715,0.11428571428571431
0.06923076923076923,0.02349853515625,0.039276123046875,0.07500000000000001,0.0,0.0,0.0,0.02857142857142857,0.02142857142857143,0.0642857142857143,0.3,0.1,0.0,0.07500000000000001,0.09285714285714287,0.05714285714285715,0.11428571428571431
0.07019230769230769,0.023834228515625,0.039764404296875,0.07500000000000001,0.0,0.0,0.0,0.02857142857142857,0.02142857142857143,0.0642857142857143,0.3,0.1,0.0,0.07500000000000001,0.09285714285714287,0.05714285714285715,0.12142857142857146
0.07115384615384615,0.0241851806640625,0.0401611328125,0.07500000000000001,0.0,0.0,0.0,0.02857142857142857,0.02142857142857143,0.0642857142857143,0.325,0.1,0.0,0.07500000000000001,0.09285714285714287,0.05714285714285715,0.12142857142857146
0.07211538461538462,0.0245208740234375,0.040496826171875,0.07500000000000001,0.0,0.0,0.0,0.02857142857142857,0.02142857142857143,0.0642857142857143,0.325,0.1,0.0,0.07500000000000001,0.09285714285714287,0.0642857142857143,0.12142857142857146
0.0730769230769231,0.0248565673828125,0.04107666015625,0.07500000000000001,0.0,0.0,0.0,0.02857142857142857,0.02142857142857143,0.0642857142857143,0.325,0.1,0.0,0.07500000000000001,0.10000000000000002,0.0642857142857143,0.12142857142857146
0.07403846153846155,0.0251922607421875,0.041595458984375,0.07500000000000001,0.0,0.0,0.0,0.02857142857142857,0.02142857142857143,0.0642857142857143,0.325,0.1,0.0,0.07500000000000001,0.10000000000000002,0.0642857142857143,0.1285714285714286
0.07500000000000001,0.0255279541015625,0.0419921875,0.07500000000000001,0.0,0.0,0.0,0.02857142857142857,0.02142857142857143,0.0642857142857143,0.325,0.1,0.0,0.1,0.10000000000000002,0.0642857142857143,0.1285714285714286
0.07596153846153848,0.02587890625,0.04241943359375,0.07500000000000001,0.0,0.0,0.0,0.02857142857142857,0.02142857142857143,0.0642857142857143,0.35000000000000003,0.1,0.0,0.1,0.10000000000000002,0.0642857142857143,0.1285714285714286
0.07692307692307694,0.026214599609375,0.0428466796875,0.07500000000000001,0.0,0.0,0.0,0.02857142857142857,0.02142857142857143,0.0642857142857143,0.35000000000000003,0.1,0.0,0.1,0.10714285714285716,0.0642857142857143,0.1285714285714286
0.0778846153846154,0.0265655517578125,0.0433349609375,0.07500000000000001,0.0,0.0,0.0,0.03571428571428571,0.02142857142857143,0.0642857142857143,0.35000000000000003,0.1,0.0,0.1,0.10714285714285716,0.0642857142857143,0.1285714285714286
0.07884615384615386,0.0269012451171875,0.043853759765625,0.07500000000000001,0.0,0.0,0.0,0.03571428571428571,0.02142857142857143,0.0642857142857143,0.35000000000000003,0.1,0.0,0.1,0.10714285714285716,0.0642857142857143,0.13571428571428573
0.07980769230769232,0.0272369384765625,0.04425048828125,0.07500000000000001,0.0,0.0,0.0,0.03571428571428571,0.02142857142857143,0.0642857142857143,0.35000000000000003,0.1,0.0,0.1,0.10714285714285716,0.0642857142857143,0.14285714285714288
0.08076923076923077,0.027587890625,0.04473876953125,0.07500000000000001,0.0,0.0,0.025,0.03571428571428571,0.02142857142857143,0.0642857142857143,0.35000000000000003,0.1,0.0,0.1,0.10714285714285716,0.0642857142857143,0.14285714285714288
0.08173076923076925,0.027923583984375,0.045135498046875,0.07500000000000001,0.0,0.0,0.025,0.03571428571428571,0.02142857142857143,0.0642857142857143,0.37500000000000006,0.1,0.0,0.1,0.10714285714285716,0.0642857142857143,0.14285714285714288
0.0826923076923077,0.02825927734375,0.045562744140625,0.07500000000000001,0.0,0.0,0.025,0.04285714285714286,0.02142857142857143,0.0642857142857143,0.37500000000000006,0.1,0.0,0.1,0.10714285714285716,0.0642857142857143,0.14285714285714288
0.08365384615384616,0.028594970703125,0.045989990234375,0.07500000000000001,0.0,0.0,0.025,0.04285714285714286,0.02142857142857143,0.0642857142857143,0.37500000000000006,0.1,0.0,0.1,0.10714285714285716,0.07142857142857144,0.14285714285714288
0.08461538461538462,0.0289459228515625,0.04644775390625,0.07500000000000001,0.0,0.0,0.025,0.04285714285714286,0.02142857142857143,0.0642857142857143,0.4000000000000001,0.1,0.0,0.1,0.10714285714285716,0.07142857142857144,0.14285714285714288
0.08557692307692308,0.029296875,0.04693603515625,0.07500000000000001,0.0,0.0,0.025,0.04285714285714286,0.02142857142857143,0.07142857142857144,0.4000000000000001,0.1,0.0,0.1,0.10714285714285716,0.07142857142857144,0.14285714285714288
0.08653846153846154,0.029632568359375,0.04730224609375,0.07500000000000001,0.0,0.0,0.025,0.04285714285714286,0.02142857142857143,0.07142857142857144,0.4000000000000001,0.1,0.0,0.125,0.10714285714285716,0.07142857142857144,0.14285714285714288
0.08750000000000001,0.02996826171875,0.047821044921875,0.07500000000000001,0.0,0.0,0.025,0.04285714285714286,0.02142857142857143,0.07142857142857144,0.4000000000000001,0.1,0.0,0.125,0.11428571428571431,0.07142857142857144,0.14285714285714288
0.08846153846153847,0.030303955078125,0.048187255859375,0.07500000000000001,0.0,0.0,0.025,0.04285714285714286,0.02142857142857143,0.07142857142857144,0.4000000000000001,0.1,0.0,0.125,0.12142857142857146,0.07142857142857144,0.14285714285714288
0.08942307692307692,0.0306243896484375,0.048614501953125,0.07500000000000001,0.0,0.0,0.025,0.04285714285714286,0.02142857142857143,0.07142857142857144,0.4000000000000001,0.1,0.0,0.125,0.12142857142857146,0.07142857142857144,0.15000000000000002
0.09038461538461541,0.0309600830078125,0.049041748046875,0.07500000000000001,0.0,0.0,0.025,0.04285714285714286,0.02142857142857143,0.07142857142857144,0.4000000000000001,0.1,0.0,0.125,0.12142857142857146,0.07857142857142858,0.15000000000000002
0.09134615384615384,0.031280517578125,0.049468994140625,0.1,0.0,0.0,0.025,0.04285714285714286,0.02142857142857143,0.07142857142857144,0.4000000000000001,0.1,0.0,0.125,0.12142857142857146,0.07857142857142858,0.15000000000000002
0.09230769230769233,0.0316162109375,0.0498046875,0.1,0.0,0.0,0.025,0.04285714285714286,0.02142857142857143,0.07142857142857144,0.4000000000000001,0.1,0.0,0.125,0.12142857142857146,0.08571428571428573,0.15000000000000002
0.0932692307692308,0.031951904296875,0.05023193359375,0.1,0.0,0.0,0.025,0.04285714285714286,0.02142857142857143,0.07142857142857144,0.4000000000000001,0.1,0.0,0.125,0.12142857142857146,0.09285714285714287,0.15000000000000002
0.09423076923076924,0.032257080078125,0.05072021484375,0.1,0.0,0.0,0.025,0.04285714285714286,0.02142857142857143,0.07142857142857144,0.4000000000000001,0.1,0.0,0.125,0.12142857142857146,0.09285714285714287,0.15714285714285717
0.09519230769230771,0.0325927734375,0.051116943359375,0.1,0.0,0.0,0.025,0.04285714285714286,0.02142857142857143,0.07142857142857144,0.4250000000000001,0.1,0.0,0.125,0.12142857142857146,0.09285714285714287,0.15714285714285717
0.09615384615384616,0.032928466796875,0.051513671875,0.1,0.0,0.0,0.025,0.04285714285714286,0.02857142857142857,0.07142857142857144,0.4250000000000001,0.1,0.0,0.125,0.12142857142857146,0.09285714285714287,0.15714285714285717
0.09711538461538463,0.03326416015625,0.05194091796875,0.1,0.0,0.0,0.025,0.04285714285714286,0.02857142857142857,0.07142857142857144,0.4250000000000001,0.1,0.0,0.125,0.12142857142857146,0.09285714285714287,0.1642857142857143
0.09807692307692309,0.033599853515625,0.052337646484375,0.1,0.0,0.0,0.025,0.04285714285714286,0.02857142857142857,0.07142857142857144,0.4250000000000001,0.1,0.0,0.15,0.12142857142857146,0.09285714285714287,0.1642857142857143
0.09903846153846155,0.033935546875,0.05291748046875,0.1,0.0,0.0,0.025,0.04285714285714286,0.02857142857142857,0.07142857142857144,0.4250000000000001,0.1,0.0,0.15,0.1285714285714286,0.09285714285714287,0.1642857142857143
0.1,0.034271240234375,0.0533447265625,0.1,0.0,0.0,0.025,0.04285714285714286,0.02857142857142857,0.07142857142857144,0.4250000000000001,0.1,0.0,0.15,0.13571428571428573,0.09285714285714287,0.1642857142857143
0.10096153846153846,0.034576416015625,0.0538330078125,0.1,0.0,0.0,0.025,0.04285714285714286,0.02857142857142857,0.07142857142857144,0.4250000000000001,0.1,0.0,0.15,0.13571428571428573,0.09285714285714287,0.17142857142857146
0.10192307692307692,0.034912109375,0.054290771484375,0.1,0.0,0.0,0.025,0.04285714285714286,0.02857142857142857,0.07142857142857144,0.4250000000000001,0.1,0.0,0.15,0.13571428571428573,0.09285714285714287,0.1785714285714286
0.1028846153846154,0.035247802734375,0.05474853515625,0.1,0.0,0.0,0.025,0.04285714285714286,0.02857142857142857,0.07857142857142858,0.4250000000000001,0.1,0.0,0.15,0.13571428571428573,0.09285714285714287,0.1785714285714286
0.10384615384615385,0.035614013671875,0.05517578125,0.1,0.0,0.0,0.025,0.04285714285714286,0.02857142857142857,0.07857142857142858,0.4500000000000001,0.1,0.0,0.15,0.13571428571428573,0.09285714285714287,0.1785714285714286
0.10480769230769231,0.03594970703125,0.05560302734375,0.1,0.0,0.0,0.025,0.04285714285714286,0.02857142857142857,0.07857142857142858,0.47500000000000014,0.1,0.0,0.15,0.13571428571428573,0.09285714285714287,0.1785714285714286
0.10576923076923078,0.036285400390625,0.05609130859375,0.1,0.0,0.0,0.025,0.04285714285714286,0.02857142857142857,0.07857142857142858,0.47500000000000014,0.1,0.0,0.175,0.13571428571428573,0.09285714285714287,0.1785714285714286
0.10673076923076924,0.03662109375,0.056549072265625,0.1,0.0,0.0,0.025,0.04285714285714286,0.02857142857142857,0.07857142857142858,0.47500000000000014,0.1,0.0,0.175,0.14285714285714288,0.09285714285714287,0.1785714285714286
0.1076923076923077,0.036956787109375,0.056976318359375,0.1,0.0,0.0,0.025,0.04285714285714286,0.02857142857142857,0.07857142857142858,0.47500000000000014,0.1,0.0,0.175,0.14285714285714288,0.10000000000000002,0.1785714285714286
0.10865384615384616,0.03729248046875,0.057403564453125,0.1,0.0,0.0,0.025,0.04285714285714286,0.02857142857142857,0.07857142857142858,0.47500000000000014,0.1,0.0,0.175,0.15000000000000002,0.10000000000000002,0.1785714285714286
0.10961538461538464,0.037628173828125,0.057891845703125,0.1,0.0,0.0,0.025,0.04285714285714286,0.02857142857142857,0.07857142857142858,0.47500000000000014,0.1,0.0,0.175,0.15000000000000002,0.10714285714285716,0.1785714285714286
0.11057692307692311,0.0379638671875,0.058349609375,0.1,0.0,0.0,0.025,0.04285714285714286,0.02857142857142857,0.07857142857142858,0.47500000000000014,0.1,0.0,0.175,0.15000000000000002,0.10714285714285716,0.18571428571428575
0.11153846153846157,0.03826904296875,0.0587158203125,0.1,0.0,0.0,0.025,0.04285714285714286,0.02857142857142857,0.07857142857142858,0.47500000000000014,0.1,0.0,0.175,0.15000000000000002,0.10714285714285716,0.1928571428571429
0.11250000000000003,0.038604736328125,0.05914306640625,0.1,0.0,0.0,0.025,0.04285714285714286,0.02857142857142857,0.07857142857142858,0.47500000000000014,0.1,0.0,0.175,0.15714285714285717,0.10714285714285716,0.1928571428571429
0.11346153846153849,0.0389404296875,0.0595703125,0.1,0.0,0.0,0.025,0.04285714285714286,0.02857142857142857,0.07857142857142858,0.47500000000000014,0.1,0.0,0.175,0.1642857142857143,0.10714285714285716,0.1928571428571429
0.11442307692307695,0.039276123046875,0.060028076171875,0.1,0.0,0.0,0.025,0.04285714285714286,0.02857142857142857,0.07857142857142858,0.47500000000000014,0.1,0.0,0.175,0.17142857142857146,0.10714285714285716,0.1928571428571429
0.1153846153846154,0.03961181640625,0.06048583984375,0.1,0.0,0.0,0.025,0.04285714285714286,0.02857142857142857,0.07857142857142858,0.5000000000000001,0.1,0.0,0.175,0.17142857142857146,0.10714285714285716,0.1928571428571429
0.11634615384615386,0.039947509765625,0.0609130859375,0.1,0.0,0.0,0.025,0.04285714285714286,0.02857142857142857,0.07857142857142858,0.5000000000000001,0.1,0.0,0.175,0.17142857142857146,0.10714285714285716,0.20000000000000004
0.11730769230769234,0.040283203125,0.06134033203125,0.1,0.0,0.0,0.025,0.05,0.02857142857142857,0.07857142857142858,0.5000000000000001,0.1,0.0,0.175,0.17142857142857146,0.10714285714285716,0.20000000000000004
0.11826923076923078,0.040618896484375,0.061737060546875,0.1,0.0,0.0,0.025,0.05,0.03571428571428571,0.07857142857142858,0.5000000000000001,0.1,0.0,0.175,0.17142857142857146,0.10714285714285716,0.20000000000000004
0.11923076923076925,0.040985107421875,0.062255859375,0.1,0.0,0.0,0.05,0.05,0.03571428571428571,0.07857142857142858,0.5000000000000001,0.1,0.0,0.175,0.17142857142857146,0.10714285714285716,0.20000000000000004
0.12019230769230771,0.04132080078125,0.06268310546875,0.1,0.0,0.0,0.05,0.05,0.03571428571428571,0.07857142857142858,0.5250000000000001,0.1,0.0,0.175,0.17142857142857146,0.10714285714285716,0.20000000000000004
0.12115384615384617,0.041656494140625,0.0631103515625,0.1,0.0,0.0,0.05,0.05,0.03571428571428571,0.07857142857142858,0.5250000000000001,0.1,0.0,0.19999999999999998,0.17142857142857146,0.10714285714285716,0.20000000000000004
0.12211538461538463,0.0419921875,0.0635986328125,0.1,0.0,0.0,0.05,0.05,0.03571428571428571,0.07857142857142858,0.5250000000000001,0.1,0.0,0.19999999999999998,0.17142857142857146,0.11428571428571431,0.20000000000000004
0.1230769230769231,0.042327880859375,0.06396484375,0.1,0.0,0.0,0.05,0.05,0.03571428571428571,0.07857142857142858,0.5250000000000001,0.2,0.0,0.19999999999999998,0.17142857142857146,0.11428571428571431,0.20000000000000004
0.12403846153846157,0.04266357421875,0.064453125,0.1,0.0,0.0,0.05,0.05,0.03571428571428571,0.07857142857142858,0.5250000000000001,0.2,0.0,0.19999999999999998,0.17142857142857146,0.12142857142857146,0.20000000000000004
0.12500000000000003,0.042999267578125,0.06488037109375,0.1,0.0,0.0,0.05,0.05,0.03571428571428571,0.07857142857142858,0.5250000000000001,0.2,0.0,0.19999999999999998,0.17142857142857146,0.12142857142857146,0.20714285714285718
0.12596153846153849,0.043304443359375,0.06536865234375,0.1,0.0,0.0,0.05,0.05,0.03571428571428571,0.07857142857142858,0.5250000000000001,0.2,0.0,0.19999999999999998,0.17142857142857146,0.12142857142857146,0.21428571428571433
0.12692307692307694,0.04364013671875,0.0657958984375,0.1,0.0,0.0,0.05,0.05714285714285715,0.03571428571428571,0.07857142857142858,0.5250000000000001,0.2,0.0,0.19999999999999998,0.17142857142857146,0.12142857142857146,0.21428571428571433
0.1278846153846154,0.043975830078125,0.066162109375,0.1,0.0,0.0,0.05,0.05714285714285715,0.04285714285714286,0.07857142857142858,0.5250000000000001,0.2,0.0,0.19999999999999998,0.17142857142857146,0.12142857142857146,0.21428571428571433
0.12884615384615386,0.0443115234375,0.06658935546875,0.1,0.0,0.0,0.05,0.05714285714285715,0.04285714285714286,0.08571428571428573,0.5250000000000001,0.2,0.0,0.19999999999999998,0.17142857142857146,0.12142857142857146,0.21428571428571433
0.12980769230769232,0.044647216796875,0.0670166015625,0.1,0.0,0.0,0.05,0.05714285714285715,0.04285714285714286,0.08571428571428573,0.5250000000000001,0.2,0.0,0.19999999999999998,0.1785714285714286,0.12142857142857146,0.21428571428571433
0.1307692307692308,0.04498291015625,0.0673828125,0.1,0.0,0.0,0.05,0.05714285714285715,0.04285714285714286,0.08571428571428573,0.5250000000000001,0.2,0.0,0.19999999999999998,0.18571428571428575,0.12142857142857146,0.21428571428571433
0.13173076923076926,0.0452880859375,0.06781005859375,0.1,0.0,0.0,0.05,0.05714285714285715,0.04285714285714286,0.08571428571428573,0.5250000000000001,0.2,0.0,0.19999999999999998,0.18571428571428575,0.12142857142857146,0.22142857142857147
0.13269230769230772,0.04559326171875,0.0682373046875,0.1,0.0,0.0,0.05,0.05714285714285715,0.04285714285714286,0.08571428571428573,0.5250000000000001,0.2,0.0,0.19999999999999998,0.18571428571428575,0.12142857142857146,0.22857142857142862
0.13365384615384618,0.045928955078125,0.06866455078125,0.1,0.0,0.0,0.05,0.05714285714285715,0.04285714285714286,0.08571428571428573,0.5250000000000001,0.2,0.0,0.19999999999999998,0.1928571428571429,0.12142857142857146,0.22857142857142862
0.13461538461538464,0.0462646484375,0.069091796875,0.1,0.0,0.0,0.05,0.05714285714285715,0.04285714285714286,0.08571428571428573,0.5250000000000001,0.2,0.0,0.22499999999999998,0.1928571428571429,0.12142857142857146,0.22857142857142862
0.1355769230769231,0.046600341796875,0.069580078125,0.1,0.0,0.0,0.05,0.05714285714285715,0.04285714285714286,0.08571428571428573,0.5250000000000001,0.2,0.0,0.22499999999999998,0.20000000000000004,0.12142857142857146,0.22857142857142862
0.13653846153846155,0.046905517578125,0.07000732421875,0.1,0.0,0.0,0.05,0.05714285714285715,0.04285714285714286,0.08571428571428573,0.5250000000000001,0.2,0.0,0.22499999999999998,0.20714285714285718,0.12142857142857146,0.22857142857142862
0.1375,0.0472412109375,0.0704345703125,0.125,0.0,0.0,0.05,0.05714285714285715,0.04285714285714286,0.08571428571428573,0.5250000000000001,0.2,0.0,0.22499999999999998,0.20714285714285718,0.12142857142857146,0.22857142857142862
0.1384615384615385,0.047576904296875,0.07086181640625,0.125,0.0,0.0,0.05,0.05714285714285715,0.04285714285714286,0.09285714285714287,0.5250000000000001,0.2,0.0,0.22499999999999998,0.20714285714285718,0.12142857142857146,0.22857142857142862
0.13942307692307696,0.04791259765625,0.07135009765625,0.125,0.0,0.0,0.05,0.05714285714285715,0.04285714285714286,0.09285714285714287,0.5250000000000001,0.2,0.0,0.22499999999999998,0.20714285714285718,0.12142857142857146,0.23571428571428577
0.1403846153846154,0.048248291015625,0.07177734375,0.125,0.0,0.0,0.05,0.05714285714285715,0.04285714285714286,0.09285714285714287,0.5500000000000002,0.2,0.0,0.22499999999999998,0.20714285714285718,0.12142857142857146,0.23571428571428577
0.14134615384615387,0.048583984375,0.072265625,0.125,0.0,0.0,0.05,0.05714285714285715,0.04285714285714286,0.09285714285714287,0.5500000000000002,0.2,0.0,0.22499999999999998,0.21428571428571433,0.12142857142857146,0.23571428571428577
0.14230769230769233,0.048919677734375,0.07275390625,0.125,0.0,0.0,0.05,0.05714285714285715,0.04285714285714286,0.09285714285714287,0.5500000000000002,0.2,0.0,0.22499999999999998,0.22142857142857147,0.12142857142857146,0.23571428571428577
0.1432692307692308,0.04925537109375,0.0731201171875,0.125,0.0,0.0,0.05,0.05714285714285715,0.04285714285714286,0.09285714285714287,0.5500000000000002,0.2,0.0,0.22499999999999998,0.22142857142857147,0.1285714285714286,0.23571428571428577
0.14423076923076925,0.049560546875,0.0736083984375,0.125,0.0,0.0,0.05,0.05714285714285715,0.04285714285714286,0.09285714285714287,0.5500000000000002,0.2,0.0,0.22499999999999998,0.22142857142857147,0.1285714285714286,0.2428571428571429
0.1451923076923077,0.04986572265625,0.07403564453125,0.125,0.0,0.0,0.05,0.05714285714285715,0.04285714285714286,0.09285714285714287,0.5500000000000002,0.2,0.0,0.22499999999999998,0.22142857142857147,0.1285714285714286,0.25000000000000006
0.1461538461538462,0.050201416015625,0.07452392578125,0.125,0.0,0.0,0.05,0.05714285714285715,0.04285714285714286,0.09285714285714287,0.5500000000000002,0.2,0.0,0.24999999999999997,0.22142857142857147,0.1285714285714286,0.25000000000000006
0.14711538461538465,0.050537109375,0.074951171875,0.125,0.0,0.0,0.05,0.05714285714285715,0.04285714285714286,0.09285714285714287,0.5750000000000002,0.2,0.0,0.24999999999999997,0.22142857142857147,0.1285714285714286,0.25000000000000006
0.1480769230769231,0.050872802734375,0.075439453125,0.125,0.0,0.0,0.05,0.05714285714285715,0.04285714285714286,0.09285714285714287,0.5750000000000002,0.2,0.0,0.24999999999999997,0.22142857142857147,0.13571428571428573,0.25000000000000006
0.14903846153846156,0.051177978515625,0.07586669921875,0.125,0.0,0.0,0.05,0.05714285714285715,0.04285714285714286,0.09285714285714287,0.5750000000000002,0.2,0.0,0.24999999999999997,0.22142857142857147,0.13571428571428573,0.2571428571428572
0.15000000000000002,0.051513671875,0.07635498046875,0.125,0.0,0.0,0.05,0.05714285714285715,0.04285714285714286,0.09285714285714287,0.5750000000000002,0.2,0.0,0.24999999999999997,0.22142857142857147,0.14285714285714288,0.2571428571428572
0.15096153846153848,0.05181884765625,0.0767822265625,0.125,0.0,0.0,0.05,0.05714285714285715,0.04285714285714286,0.09285714285714287,0.5750000000000002,0.2,0.0,0.24999999999999997,0.22142857142857147,0.14285714285714288,0.2642857142857143
0.15192307692307694,0.052154541015625,0.0772705078125,0.125,0.0,0.0,0.05,0.05714285714285715,0.04285714285714286,0.09285714285714287,0.5750000000000002,0.2,0.0,0.24999999999999997,0.22857142857142862,0.14285714285714288,0.2642857142857143
0.1528846153846154,0.052490234375,0.07781982421875,0.125,0.0,0.0,0.05,0.05714285714285715,0.04285714285714286,0.09285714285714287,0.5750000000000002,0.2,0.0,0.24999999999999997,0.23571428571428577,0.14285714285714288,0.2642857142857143
0.15384615384615388,0.05279541015625,0.07818603515625,0.125,0.0,0.0,0.05,0.05714285714285715,0.04285714285714286,0.09285714285714287,0.5750000000000002,0.2,0.0,0.24999999999999997,0.23571428571428577,0.14285714285714288,0.2714285714285714
0.1548076923076923,0.053131103515625,0.07879638671875,0.125,0.0,0.0,0.07500000000000001,0.05714285714285715,0.04285714285714286,0.09285714285714287,0.5750000000000002,0.2,0.0,0.24999999999999997,0.23571428571428577,0.14285714285714288,0.2714285714285714
0.1557692307692308,0.053466796875,0.07904052734375,0.15,0.0,0.0,0.07500000000000001,0.05714285714285715,0.04285714285714286,0.09285714285714287,0.5750000000000002,0.2,0.0,0.24999999999999997,0.23571428571428577,0.14285714285714288,0.2714285714285714
0.15673076923076928,0.053802490234375,0.07952880859375,0.15,0.0,0.0,0.07500000000000001,0.0642857142857143,0.04285714285714286,0.09285714285714287,0.5750000000000002,0.2,0.0,0.24999999999999997,0.23571428571428577,0.14285714285714288,0.2714285714285714
0.15769230769230771,0.05413818359375,0.0799560546875,0.15,0.0,0.0,0.07500000000000001,0.0642857142857143,0.04285714285714286,0.09285714285714287,0.5750000000000002,0.2,0.0,0.24999999999999997,0.2428571428571429,0.14285714285714288,0.2714285714285714
0.1586538461538462,0.054443359375,0.080322265625,0.15,0.0,0.0,0.07500000000000001,0.0642857142857143,0.04285714285714286,0.09285714285714287,0.5750000000000002,0.2,0.0,0.24999999999999997,0.2428571428571429,0.14285714285714288,0.2785714285714285
0.15961538461538463,0.054779052734375,0.080810546875,0.15,0.0,0.0,0.07500000000000001,0.0642857142857143,0.04285714285714286,0.10000000000000002,0.5750000000000002,0.2,0.0,0.24999999999999997,0.2428571428571429,0.14285714285714288,0.2785714285714285
0.16057692307692312,0.05511474609375,0.08123779296875,0.15,0.0,0.0,0.07500000000000001,0.0642857142857143,0.04285714285714286,0.10000000000000002,0.6000000000000002,0.2,0.0,0.24999999999999997,0.2428571428571429,0.14285714285714288,0.2785714285714285
0.16153846153846155,0.055450439453125,0.08172607421875,0.15,0.0,0.0,0.07500000000000001,0.0642857142857143,0.04285714285714286,0.10000000000000002,0.6000000000000002,0.2,0.0,0.24999999999999997,0.25000000000000006,0.14285714285714288,0.2785714285714285
0.16250000000000003,0.055755615234375,0.0821533203125,0.15,0.0,0.0,0.07500000000000001,0.0642857142857143,0.04285714285714286,0.10000000000000002,0.6000000000000002,0.2,0.0,0.24999999999999997,0.25000000000000006,0.15000000000000002,0.2785714285714285
0.16346153846153846,0.05609130859375,0.08258056640625,0.15,0.0,0.0,0.07500000000000001,0.0642857142857143,0.04285714285714286,0.10000000000000002,0.6000000000000002,0.2,0.0,0.24999999999999997,0.2571428571428572,0.15000000000000002,0.2785714285714285
0.16442307692307695,0.056427001953125,0.08306884765625,0.15,0.0,0.0,0.07500000000000001,0.0642857142857143,0.04285714285714286,0.10000000000000002,0.6000000000000002,0.2,0.0,0.27499999999999997,0.2571428571428572,0.15000000000000002,0.2785714285714285
0.16538461538461538,0.0567626953125,0.08349609375,0.15,0.0,0.0,0.07500000000000001,0.0642857142857143,0.04285714285714286,0.10000000000000002,0.6000000000000002,0.2,0.0,0.27499999999999997,0.2642857142857143,0.15000000000000002,0.2785714285714285
0.16634615384615387,0.057098388671875,0.083984375,0.15,0.0,0.0,0.07500000000000001,0.0642857142857143,0.04285714285714286,0.10000000000000002,0.6000000000000002,0.2,0.0,0.27499999999999997,0.2714285714285714,0.15000000000000002,0.2785714285714285
0.16730769230769232,0.05743408203125,0.0843505859375,0.15,0.0,0.0,0.07500000000000001,0.0642857142857143,0.04285714285714286,0.10000000000000002,0.6250000000000002,0.2,0.0,0.27499999999999997,0.2714285714285714,0.15000000000000002,0.2785714285714285
0.16826923076923078,0.057769775390625,0.08477783203125,0.15,0.0,0.0,0.07500000000000001,0.0642857142857143,0.04285714285714286,0.10000000000000002,0.6250000000000002,0.2,0.0,0.27499999999999997,0.2714285714285714,0.15714285714285717,0.2785714285714285
0.16923076923076924,0.05810546875,0.08526611328125,0.15,0.0,0.0,0.07500000000000001,0.0642857142857143,0.04285714285714286,0.10000000000000002,0.6250000000000002,0.2,0.0,0.27499999999999997,0.2714285714285714,0.1642857142857143,0.2785714285714285
0.17019230769230773,0.05841064453125,0.0855712890625,0.15,0.0,0.0,0.07500000000000001,0.0642857142857143,0.04285714285714286,0.10000000000000002,0.6250000000000002,0.2,0.0,0.27499999999999997,0.2714285714285714,0.17142857142857146,0.2785714285714285
0.17115384615384616,0.058746337890625,0.0860595703125,0.15,0.0,0.0,0.07500000000000001,0.0642857142857143,0.04285714285714286,0.10714285714285716,0.6250000000000002,0.2,0.0,0.27499999999999997,0.2714285714285714,0.17142857142857146,0.2785714285714285
0.17211538461538461,0.05908203125,0.08648681640625,0.15,0.0,0.0,0.07500000000000001,0.0642857142857143,0.04285714285714286,0.10714285714285716,0.6250000000000002,0.2,0.0,0.27499999999999997,0.2714285714285714,0.17142857142857146,0.28571428571428564
0.17307692307692307,0.059356689453125,0.0869140625,0.15,0.0,0.0,0.07500000000000001,0.0642857142857143,0.04285714285714286,0.10714285714285716,0.6250000000000002,0.2,0.0,0.27499999999999997,0.2714285714285714,0.17142857142857146,0.29285714285714276
0.17403846153846153,0.0596923828125,0.08734130859375,0.15,0.0,0.0,0.07500000000000001,0.0642857142857143,0.04285714285714286,0.10714285714285716,0.6250000000000002,0.2,0.0,0.27499999999999997,0.2714285714285714,0.17142857142857146,0.2999999999999999
0.175,0.05999755859375,0.087646484375,0.15,0.0,0.0,0.07500000000000001,0.0642857142857143,0.04285714285714286,0.10714285714285716,0.6250000000000002,0.2,0.0,0.27499999999999997,0.2714285714285714,0.17142857142857146,0.307142857142857
0.17596153846153845,0.060333251953125,0.088134765625,0.15,0.0,0.0,0.07500000000000001,0.0642857142857143,0.04285714285714286,0.10714285714285716,0.6250000000000002,0.2,0.0,0.27499999999999997,0.2714285714285714,0.17142857142857146,0.3142857142857141
0.1769230769230769,0.0606689453125,0.088623046875,0.15,0.0,0.0,0.1,0.0642857142857143,0.04285714285714286,0.10714285714285716,0.6250000000000002,0.2,0.0,0.27499999999999997,0.2714285714285714,0.17142857142857146,0.3142857142857141
0.1778846153846154,0.061004638671875,0.089111328125,0.15,0.0,0.0,0.1,0.0642857142857143,0.05,0.10714285714285716,0.6250000000000002,0.2,0.0,0.27499999999999997,0.2714285714285714,0.17142857142857146,0.3142857142857141
0.17884615384615382,0.06134033203125,0.08941650390625,0.15,0.0,0.0,0.1,0.0642857142857143,0.05,0.10714285714285716,0.6250000000000002,0.2,0.0,0.3,0.2714285714285714,0.17142857142857146,0.3142857142857141
0.1798076923076923,0.061676025390625,0.08990478515625,0.15,0.0,0.0,0.1,0.0642857142857143,0.05,0.10714285714285716,0.6250000000000002,0.2,0.0,0.3,0.2785714285714285,0.17142857142857146,0.3142857142857141
0.18076923076923074,0.061981201171875,0.0902099609375,0.15,0.0,0.0,0.1,0.0642857142857143,0.05,0.10714285714285716,0.6250000000000002,0.2,0.0,0.3,0.28571428571428564,0.17142857142857146,0.3142857142857141
0.18173076923076922,0.06231689453125,0.0906982421875,0.15,0.0,0.0,0.1,0.0642857142857143,0.05,0.10714285714285716,0.6250000000000002,0.2,0.0,0.3,0.28571428571428564,0.1785714285714286,0.3142857142857141
0.18269230769230768,0.0626220703125,0.0911865234375,0.15,0.0,0.0,0.1,0.0642857142857143,0.05,0.10714285714285716,0.6250000000000002,0.2,0.0,0.3,0.28571428571428564,0.18571428571428575,0.3142857142857141
0.18365384615384617,0.06298828125,0.09149169921875,0.15,0.1,0.0,0.1,0.0642857142857143,0.05,0.10714285714285716,0.6250000000000002,0.2,0.0,0.3,0.28571428571428564,0.18571428571428575,0.3142857142857141
0.1846153846153846,0.0633544921875,0.09197998046875,0.175,0.1,0.0,0.1,0.0642857142857143,0.05,0.10714285714285716,0.6250000000000002,0.2,0.0,0.3,0.28571428571428564,0.18571428571428575,0.3142857142857141
0.18557692307692308,0.063720703125,0.09246826171875,0.175,0.1,0.0,0.125,0.0642857142857143,0.05,0.10714285714285716,0.6250000000000002,0.2,0.0,0.3,0.28571428571428564,0.18571428571428575,0.3142857142857141
0.18653846153846151,0.06402587890625,0.0927734375,0.175,0.1,0.0,0.125,0.0642857142857143,0.05,0.10714285714285716,0.6250000000000002,0.2,0.0,0.3,0.28571428571428564,0.18571428571428575,0.32142857142857123
0.1875,0.0643310546875,0.0933837890625,0.175,0.1,0.0,0.125,0.0642857142857143,0.05,0.10714285714285716,0.6250000000000002,0.2,0.0,0.3,0.28571428571428564,0.18571428571428575,0.32857142857142835
0.18846153846153843,0.064697265625,0.0938720703125,0.175,0.1,0.0,0.125,0.07142857142857144,0.05,0.10714285714285716,0.6250000000000002,0.2,0.0,0.3,0.28571428571428564,0.18571428571428575,0.32857142857142835
0.1894230769230769,0.06500244140625,0.09417724609375,0.175,0.1,0.0,0.125,0.07142857142857144,0.05,0.10714285714285716,0.6250000000000002,0.2,0.0,0.3,0.28571428571428564,0.1928571428571429,0.32857142857142835
0.19038461538461535,0.0653076171875,0.09466552734375,0.175,0.1,0.0,0.125,0.07142857142857144,0.05,0.10714285714285716,0.6250000000000002,0.2,0.0,0.3,0.28571428571428564,0.20000000000000004,0.32857142857142835
0.19134615384615383,0.065673828125,0.09503173828125,0.175,0.1,0.0,0.125,0.07142857142857144,0.05714285714285715,0.10714285714285716,0.6250000000000002,0.2,0.0,0.3,0.28571428571428564,0.20000000000000004,0.32857142857142835
0.19230769230769232,0.0660400390625,0.095458984375,0.175,0.1,0.0,0.125,0.07857142857142858,0.05714285714285715,0.10714285714285716,0.6250000000000002,0.2,0.0,0.3,0.28571428571428564,0.20000000000000004,0.32857142857142835
0.19326923076923075,0.06640625,0.095947265625,0.175,0.1,0.0,0.125,0.08571428571428573,0.05714285714285715,0.10714285714285716,0.6250000000000002,0.2,0.0,0.3,0.28571428571428564,0.20000000000000004,0.32857142857142835
0.19423076923076923,0.0667724609375,0.0963134765625,0.175,0.1,0.0,0.125,0.09285714285714287,0.05714285714285715,0.10714285714285716,0.6250000000000002,0.2,0.0,0.3,0.28571428571428564,0.20000000000000004,0.32857142857142835
0.1951923076923077,0.067138671875,0.0966796875,0.175,0.1,0.0,0.125,0.09285714285714287,0.05714285714285715,0.11428571428571431,0.6250000000000002,0.2,0.0,0.3,0.28571428571428564,0.20000000000000004,0.32857142857142835
0.19615384615384615,0.06744384765625,0.09716796875,0.175,0.1,0.0,0.125,0.09285714285714287,0.05714285714285715,0.11428571428571431,0.6500000000000002,0.2,0.0,0.3,0.28571428571428564,0.20000000000000004,0.32857142857142835
0.1971153846153846,0.06781005859375,0.0975341796875,0.175,0.1,0.0,0.125,0.09285714285714287,0.05714285714285715,0.12142857142857146,0.6500000000000002,0.2,0.0,0.3,0.28571428571428564,0.20000000000000004,0.32857142857142835
0.19807692307692307,0.068115234375,0.0980224609375,0.175,0.1,0.0,0.125,0.09285714285714287,0.05714285714285715,0.12142857142857146,0.6500000000000002,0.2,0.0,0.3,0.28571428571428564,0.20714285714285718,0.32857142857142835
0.19903846153846153,0.0684814453125,0.09844970703125,0.175,0.1,0.0,0.125,0.09285714285714287,0.05714285714285715,0.12142857142857146,0.6750000000000003,0.2,0.0,0.3,0.28571428571428564,0.20714285714285718,0.32857142857142835
0.2,0.06878662109375,0.09881591796875,0.175,0.1,0.0,0.125,0.09285714285714287,0.05714285714285715,0.12142857142857146,0.6750000000000003,0.2,0.0,0.325,0.28571428571428564,0.20714285714285718,0.32857142857142835
0.20096153846153847,0.06915283203125,0.09912109375,0.175,0.1,0.0,0.125,0.09285714285714287,0.05714285714285715,0.1285714285714286,0.6750000000000003,0.2,0.0,0.325,0.28571428571428564,0.20714285714285718,0.32857142857142835
0.2019230769230769,0.06951904296875,0.09967041015625,0.175,0.1,0.0,0.125,0.09285714285714287,0.05714285714285715,0.1285714285714286,0.7000000000000003,0.2,0.0,0.325,0.28571428571428564,0.20714285714285718,0.32857142857142835
0.20288461538461533,0.06982421875,0.10003662109375,0.175,0.1,0.0,0.125,0.09285714285714287,0.05714285714285715,0.1285714285714286,0.7000000000000003,0.2,0.0,0.325,0.28571428571428564,0.20714285714285718,0.33571428571428547
0.20384615384615382,0.07012939453125,0.10052490234375,0.175,0.1,0.0,0.125,0.09285714285714287,0.05714285714285715,0.1285714285714286,0.7000000000000003,0.2,0.0,0.325,0.28571428571428564,0.20714285714285718,0.3428571428571426
0.20480769230769225,0.0704345703125,0.10101318359375,0.175,0.1,0.0,0.125,0.09285714285714287,0.05714285714285715,0.1285714285714286,0.7000000000000003,0.2,0.0,0.325,0.28571428571428564,0.20714285714285718,0.3499999999999997
0.20576923076923073,0.07073974609375,0.10137939453125,0.175,0.1,0.0,0.125,0.09285714285714287,0.05714285714285715,0.1285714285714286,0.7000000000000003,0.2,0.0,0.325,0.29285714285714276,0.20714285714285718,0.3499999999999997
0.2067307692307692,0.071044921875,0.10186767578125,0.175,0.1,0.0,0.125,0.09285714285714287,0.05714285714285715,0.1285714285714286,0.7000000000000003,0.2,0.0,0.325,0.2999999999999999,0.20714285714285718,0.3499999999999997
0.20769230769230768,0.07135009765625,0.10223388671875,0.175,0.1,0.0,0.125,0.09285714285714287,0.05714285714285715,0.1285714285714286,0.7000000000000003,0.2,0.0,0.325,0.307142857142857,0.20714285714285718,0.3499999999999997
0.20865384615384608,0.0716552734375,0.1025390625,0.175,0.1,0.0,0.125,0.09285714285714287,0.05714285714285715,0.1285714285714286,0.7000000000000003,0.2,0.0,0.325,0.3142857142857141,0.20714285714285718,0.3499999999999997
0.20961538461538456,0.07196044921875,0.10308837890625,0.175,0.1,0.0,0.125,0.09285714285714287,0.05714285714285715,0.1285714285714286,0.7000000000000003,0.2,0.0,0.325,0.32142857142857123,0.20714285714285718,0.3499999999999997
0.21057692307692302,0.07220458984375,0.1036376953125,0.175,0.1,0.0,0.125,0.09285714285714287,0.05714285714285715,0.1285714285714286,0.7000000000000003,0.2,0.0,0.325,0.32142857142857123,0.20714285714285718,0.3571428571428568
0.2115384615384615,0.07257080078125,0.10394287109375,0.175,0.1,0.0,0.15,0.09285714285714287,0.05714285714285715,0.1285714285714286,0.7000000000000003,0.2,0.0,0.325,0.32142857142857123,0.20714285714285718,0.3571428571428568
0.21249999999999997,0.0728759765625,0.1044921875,0.175,0.1,0.0,0.15,0.09285714285714287,0.05714285714285715,0.1285714285714286,0.7000000000000003,0.2,0.0,0.325,0.32857142857142835,0.20714285714285718,0.3571428571428568
0.21346153846153842,0.07318115234375,0.1048583984375,0.175,0.1,0.0,0.15,0.09285714285714287,0.05714285714285715,0.1285714285714286,0.7000000000000003,0.2,0.0,0.325,0.32857142857142835,0.21428571428571433,0.3571428571428568
0.21442307692307686,0.07354736328125,0.1053466796875,0.175,0.1,0.0,0.15,0.09285714285714287,0.05714285714285715,0.13571428571428573,0.7000000000000003,0.2,0.0,0.325,0.32857142857142835,0.21428571428571433,0.3571428571428568
0.21538461538461534,0.07391357421875,0.10565185546875,0.175,0.1,0.0,0.15,0.09285714285714287,0.05714285714285715,0.13571428571428573,0.7000000000000003,0.2,0.0,0.35000000000000003,0.32857142857142835,0.21428571428571433,0.3571428571428568
0.21634615384615377,0.07421875,0.10601806640625,0.175,0.1,0.0,0.15,0.09285714285714287,0.05714285714285715,0.13571428571428573,0.7000000000000003,0.2,0.0,0.35000000000000003,0.33571428571428547,0.21428571428571433,0.3571428571428568
0.21730769230769226,0.07452392578125,0.10650634765625,0.175,0.1,0.0,0.15,0.09285714285714287,0.05714285714285715,0.13571428571428573,0.7000000000000003,0.2,0.0,0.35000000000000003,0.3428571428571426,0.21428571428571433,0.3571428571428568
0.2182692307692307,0.0748291015625,0.10687255859375,0.175,0.1,0.0,0.15,0.09285714285714287,0.05714285714285715,0.13571428571428573,0.7000000000000003,0.2,0.0,0.35000000000000003,0.3499999999999997,0.21428571428571433,0.3571428571428568
0.21923076923076917,0.07513427734375,0.10736083984375,0.175,0.1,0.0,0.15,0.09285714285714287,0.05714285714285715,0.13571428571428573,0.7000000000000003,0.2,0.0,0.35000000000000003,0.3499999999999997,0.22142857142857147,0.3571428571428568
0.2201923076923076,0.075439453125,0.10772705078125,0.175,0.1,0.0,0.15,0.09285714285714287,0.05714285714285715,0.13571428571428573,0.7000000000000003,0.2,0.0,0.35000000000000003,0.3499999999999997,0.22142857142857147,0.36428571428571394
0.2211538461538461,0.07574462890625,0.1082763671875,0.175,0.1,0.0,0.15,0.09285714285714287,0.05714285714285715,0.13571428571428573,0.7000000000000003,0.2,0.0,0.35000000000000003,0.3499999999999997,0.22142857142857147,0.37142857142857105
0.22211538461538452,0.0760498046875,0.10858154296875,0.175,0.1,0.0,0.15,0.09285714285714287,0.05714285714285715,0.13571428571428573,0.7000000000000003,0.2,0.0,0.35000000000000003,0.3499999999999997,0.22142857142857147,0.37857142857142817
0.223076923076923,0.07635498046875,0.109130859375,0.175,0.1,0.0,0.15,0.09285714285714287,0.05714285714285715,0.13571428571428573,0.7000000000000003,0.2,0.0,0.35000000000000003,0.3499999999999997,0.22142857142857147,0.3857142857142853
0.22403846153846146,0.07672119140625,0.1094970703125,0.19999999999999998,0.1,0.0,0.15,0.09285714285714287,0.05714285714285715,0.13571428571428573,0.7000000000000003,0.2,0.0,0.35000000000000003,0.3499999999999997,0.22142857142857147,0.3857142857142853
0.22499999999999992,0.0770263671875,0.10980224609375,0.19999999999999998,0.1,0.0,0.15,0.09285714285714287,0.05714285714285715,0.13571428571428573,0.7000000000000003,0.2,0.0,0.35000000000000003,0.3499999999999997,0.22857142857142862,0.3857142857142853
0.22596153846153838,0.07733154296875,0.11041259765625,0.19999999999999998,0.1,0.0,0.15,0.09285714285714287,0.05714285714285715,0.13571428571428573,0.7000000000000003,0.2,0.0,0.35000000000000003,0.3499999999999997,0.23571428571428577,0.3857142857142853
0.22692307692307687,0.07763671875,0.11077880859375,0.19999999999999998,0.1,0.0,0.15,0.09285714285714287,0.05714285714285715,0.13571428571428573,0.7000000000000003,0.2,0.0,0.35000000000000003,0.3499999999999997,0.2428571428571429,0.3857142857142853
0.22788461538461535,0.0780029296875,0.11126708984375,0.19999999999999998,0.1,0.0,0.15,0.09285714285714287,0.0642857142857143,0.13571428571428573,0.7000000000000003,0.2,0.0,0.35000000000000003,0.3499999999999997,0.2428571428571429,0.3857142857142853
0.22884615384615378,0.07830810546875,0.11163330078125,0.19999999999999998,0.1,0.0,0.15,0.09285714285714287,0.0642857142857143,0.13571428571428573,0.7000000000000003,0.2,0.0,0.35000000000000003,0.3499999999999997,0.2428571428571429,0.3928571428571424
0.22980769230769227,0.07861328125,0.1121826171875,0.19999999999999998,0.1,0.0,0.15,0.09285714285714287,0.0642857142857143,0.13571428571428573,0.7000000000000003,0.2,0.0,0.35000000000000003,0.3499999999999997,0.2428571428571429,0.3999999999999995
0.2307692307692307,0.0789794921875,0.11248779296875,0.19999999999999998,0.1,0.0,0.175,0.09285714285714287,0.0642857142857143,0.13571428571428573,0.7000000000000003,0.2,0.0,0.35000000000000003,0.3499999999999997,0.2428571428571429,0.3999999999999995
0.23173076923076918,0.079345703125,0.11285400390625,0.19999999999999998,0.1,0.0,0.175,0.09285714285714287,0.0642857142857143,0.14285714285714288,0.7000000000000003,0.2,0.0,0.35000000000000003,0.3499999999999997,0.2428571428571429,0.3999999999999995
0.23269230769230762,0.07965087890625,0.11334228515625,0.19999999999999998,0.1,0.0,0.175,0.09285714285714287,0.0642857142857143,0.14285714285714288,0.7000000000000003,0.2,0.0,0.35000000000000003,0.3571428571428568,0.2428571428571429,0.3999999999999995
0.2336538461538461,0.0799560546875,0.11370849609375,0.19999999999999998,0.1,0.0,0.175,0.09285714285714287,0.0642857142857143,0.14285714285714288,0.7000000000000003,0.2,0.0,0.35000000000000003,0.36428571428571394,0.2428571428571429,0.3999999999999995
0.23461538461538453,0.08026123046875,0.11444091796875,0.19999999999999998,0.1,0.0,0.175,0.09285714285714287,0.0642857142857143,0.14285714285714288,0.7000000000000003,0.2,0.0,0.35000000000000003,0.36428571428571394,0.25000000000000006,0.3999999999999995
0.23557692307692296,0.08056640625,0.11480712890625,0.19999999999999998,0.1,0.0,0.175,0.09285714285714287,0.0642857142857143,0.14285714285714288,0.7000000000000003,0.2,0.0,0.35000000000000003,0.36428571428571394,0.25000000000000006,0.40714285714285664
0.23653846153846142,0.0809326171875,0.11517333984375,0.19999999999999998,0.1,0.0,0.175,0.10000000000000002,0.0642857142857143,0.14285714285714288,0.7000000000000003,0.2,0.0,0.35000000000000003,0.36428571428571394,0.25000000000000006,0.40714285714285664
0.23749999999999988,0.081298828125,0.11566162109375,0.19999999999999998,0.1,0.0,0.175,0.10000000000000002,0.0642857142857143,0.14285714285714288,0.7250000000000003,0.2,0.0,0.35000000000000003,0.36428571428571394,0.25000000000000006,0.40714285714285664
0.23846153846153834,0.08160400390625,0.11602783203125,0.19999999999999998,0.1,0.0,0.175,0.10000000000000002,0.0642857142857143,0.14285714285714288,0.7250000000000003,0.2,0.0,0.37500000000000006,0.36428571428571394,0.25000000000000006,0.40714285714285664
0.2394230769230768,0.08197021484375,0.11639404296875,0.19999999999999998,0.1,0.0,0.175,0.10000000000000002,0.0642857142857143,0.14285714285714288,0.7500000000000003,0.2,0.0,0.37500000000000006,0.36428571428571394,0.25000000000000006,0.40714285714285664
0.24038461538461528,0.08233642578125,0.116943359375,0.19999999999999998,0.1,0.0,0.175,0.10000000000000002,0.0642857142857143,0.14285714285714288,0.7500000000000003,0.30000000000000004,0.0,0.37500000000000006,0.36428571428571394,0.25000000000000006,0.40714285714285664
0.24134615384615377,0.0826416015625,0.11724853515625,0.19999999999999998,0.1,0.0,0.175,0.10000000000000002,0.0642857142857143,0.14285714285714288,0.7500000000000003,0.30000000000000004,0.0,0.37500000000000006,0.36428571428571394,0.25000000000000006,0.41428571428571376
0.2423076923076922,0.08294677734375,0.11761474609375,0.19999999999999998,0.1,0.0,0.175,0.10000000000000002,0.0642857142857143,0.14285714285714288,0.7500000000000003,0.30000000000000004,0.0,0.37500000000000006,0.36428571428571394,0.25000000000000006,0.4214285714285709
0.24326923076923068,0.08331298828125,0.1181640625,0.19999999999999998,0.1,0.0,0.175,0.10000000000000002,0.0642857142857143,0.14285714285714288,0.7500000000000003,0.30000000000000004,0.0,0.4000000000000001,0.36428571428571394,0.25000000000000006,0.4214285714285709
0.2442307692307691,0.0836181640625,0.1185302734375,0.19999999999999998,0.1,0.0,0.175,0.10000000000000002,0.0642857142857143,0.14285714285714288,0.7500000000000003,0.30000000000000004,0.0,0.4000000000000001,0.37142857142857105,0.25000000000000006,0.4214285714285709
0.2451923076923076,0.08392333984375,0.11883544921875,0.19999999999999998,0.1,0.0,0.175,0.10000000000000002,0.0642857142857143,0.14285714285714288,0.7500000000000003,0.30000000000000004,0.0,0.4000000000000001,0.37857142857142817,0.25000000000000006,0.4214285714285709
0.24615384615384603,0.084228515625,0.11944580078125,0.19999999999999998,0.1,0.0,0.175,0.10000000000000002,0.0642857142857143,0.14285714285714288,0.7500000000000003,0.30000000000000004,0.0,0.4000000000000001,0.3857142857142853,0.25000000000000006,0.4214285714285709
0.24711538461538451,0.08453369140625,0.1197509765625,0.19999999999999998,0.1,0.0,0.175,0.10000000000000002,0.0642857142857143,0.14285714285714288,0.7500000000000003,0.30000000000000004,0.0,0.4000000000000001,0.3928571428571424,0.25000000000000006,0.4214285714285709
0.24807692307692294,0.0848388671875,0.1201171875,0.19999999999999998,0.1,0.0,0.175,0.10000000000000002,0.0642857142857143,0.14285714285714288,0.7500000000000003,0.30000000000000004,0.0,0.4000000000000001,0.3999999999999995,0.25000000000000006,0.4214285714285709
0.24903846153846143,0.08514404296875,0.12060546875,0.19999999999999998,0.1,0.0,0.175,0.10000000000000002,0.0642857142857143,0.14285714285714288,0.7500000000000003,0.30000000000000004,0.0,0.4000000000000001,0.40714285714285664,0.25000000000000006,0.4214285714285709
0.2499999999999999,0.08544921875,0.1209716796875,0.19999999999999998,0.1,0.0,0.175,0.10000000000000002,0.0642857142857143,0.14285714285714288,0.7500000000000003,0.30000000000000004,0.0,0.4000000000000001,0.40714285714285664,0.2571428571428572,0.4214285714285709
0.25096153846153835,0.08575439453125,0.121337890625,0.19999999999999998,0.1,0.0,0.175,0.10000000000000002,0.0642857142857143,0.14285714285714288,0.7500000000000003,0.30000000000000004,0.0,0.4000000000000001,0.40714285714285664,0.2642857142857143,0.4214285714285709
0.2519230769230768,0.0860595703125,0.12188720703125,0.19999999999999998,0.1,0.0,0.175,0.10000000000000002,0.0642857142857143,0.14285714285714288,0.7500000000000003,0.30000000000000004,0.0,0.4000000000000001,0.40714285714285664,0.2714285714285714,0.4214285714285709
0.25288461538461526,0.08636474609375,0.12225341796875,0.19999999999999998,0.1,0.0,0.175,0.10000000000000002,0.0642857142857143,0.14285714285714288,0.7500000000000003,0.30000000000000004,0.0,0.4000000000000001,0.41428571428571376,0.2714285714285714,0.4214285714285709
0.2538461538461537,0.086669921875,0.1226806640625,0.19999999999999998,0.1,0.0,0.175,0.10000000000000002,0.0642857142857143,0.14285714285714288,0.7500000000000003,0.30000000000000004,0.0,0.4000000000000001,0.4214285714285709,0.2714285714285714,0.4214285714285709
0.2548076923076922,0.08697509765625,0.1231689453125,0.19999999999999998,0.1,0.0,0.175,0.10000000000000002,0.0642857142857143,0.14285714285714288,0.7500000000000003,0.30000000000000004,0.0,0.4000000000000001,0.4214285714285709,0.2714285714285714,0.428571428571428
0.25576923076923064,0.0872802734375,0.12353515625,0.19999999999999998,0.1,0.0,0.175,0.10000000000000002,0.0642857142857143,0.14285714285714288,0.7500000000000003,0.30000000000000004,0.0,0.4000000000000001,0.428571428571428,0.2714285714285714,0.428571428571428
0.2567307692307691,0.087646484375,0.1239013671875,0.19999999999999998,0.1,0.0,0.175,0.10000000000000002,0.0642857142857143,0.15000000000000002,0.7500000000000003,0.30000000000000004,0.0,0.4000000000000001,0.428571428571428,0.2714285714285714,0.428571428571428
0.25769230769230755,0.0880126953125,0.12451171875,0.19999999999999998,0.1,0.0,0.19999999999999998,0.10000000000000002,0.0642857142857143,0.15000000000000002,0.7500000000000003,0.30000000000000004,0.0,0.4000000000000001,0.428571428571428,0.2714285714285714,0.428571428571428
0.258653846153846,0.08837890625,0.12481689453125,0.19999999999999998,0.1,0.0,0.19999999999999998,0.10000000000000002,0.0642857142857143,0.15714285714285717,0.7500000000000003,0.30000000000000004,0.0,0.4000000000000001,0.428571428571428,0.2714285714285714,0.428571428571428
0.2596153846153845,0.0887451171875,0.125244140625,0.19999999999999998,0.1,0.0,0.19999999999999998,0.10714285714285716,0.0642857142857143,0.15714285714285717,0.7500000000000003,0.30000000000000004,0.0,0.4000000000000001,0.428571428571428,0.2714285714285714,0.428571428571428
0.260576923076923,0.089111328125,0.125732421875,0.19999999999999998,0.1,0.0,0.19999999999999998,0.10714285714285716,0.0642857142857143,0.15714285714285717,0.7500000000000003,0.30000000000000004,0.0,0.4250000000000001,0.428571428571428,0.2714285714285714,0.428571428571428
0.26153846153846144,0.0894775390625,0.1260986328125,0.19999999999999998,0.1,0.0,0.19999999999999998,0.10714285714285716,0.0642857142857143,0.15714285714285717,0.7500000000000003,0.30000000000000004,0.0,0.4250000000000001,0.4357142857142851,0.2714285714285714,0.428571428571428
0.2624999999999999,0.08978271484375,0.12646484375,0.19999999999999998,0.1,0.0,0.19999999999999998,0.10714285714285716,0.0642857142857143,0.15714285714285717,0.7500000000000003,0.30000000000000004,0.0,0.4250000000000001,0.4428571428571422,0.2714285714285714,0.428571428571428
0.26346153846153836,0.090087890625,0.126953125,0.19999999999999998,0.1,0.0,0.19999999999999998,0.10714285714285716,0.0642857142857143,0.15714285714285717,0.7500000000000003,0.30000000000000004,0.0,0.4250000000000001,0.4428571428571422,0.2785714285714285,0.428571428571428
0.2644230769230768,0.09039306640625,0.12744140625,0.19999999999999998,0.1,0.0,0.19999999999999998,0.10714285714285716,0.0642857142857143,0.15714285714285717,0.7500000000000003,0.30000000000000004,0.0,0.4250000000000001,0.4428571428571422,0.28571428571428564,0.428571428571428
0.2653846153846153,0.0906982421875,0.127685546875,0.19999999999999998,0.1,0.0,0.19999999999999998,0.10714285714285716,0.0642857142857143,0.15714285714285717,0.7500000000000003,0.30000000000000004,0.0,0.4250000000000001,0.44999999999999934,0.28571428571428564,0.428571428571428
0.26634615384615373,0.091064453125,0.1282958984375,0.19999999999999998,0.1,0.0,0.19999999999999998,0.10714285714285716,0.0642857142857143,0.15714285714285717,0.7750000000000004,0.30000000000000004,0.0,0.4250000000000001,0.44999999999999934,0.28571428571428564,0.428571428571428
0.2673076923076922,0.0914306640625,0.128662109375,0.19999999999999998,0.1,0.0,0.19999999999999998,0.10714285714285716,0.07142857142857144,0.15714285714285717,0.7750000000000004,0.30000000000000004,0.0,0.4250000000000001,0.44999999999999934,0.28571428571428564,0.428571428571428
0.26826923076923065,0.091796875,0.1290283203125,0.19999999999999998,0.1,0.0,0.19999999999999998,0.10714285714285716,0.07142857142857144,0.15714285714285717,0.7750000000000004,0.30000000000000004,0.0,0.4250000000000001,0.45714285714285646,0.28571428571428564,0.428571428571428
0.2692307692307691,0.09210205078125,0.12939453125,0.19999999999999998,0.1,0.0,0.19999999999999998,0.10714285714285716,0.07142857142857144,0.15714285714285717,0.7750000000000004,0.30000000000000004,0.0,0.4250000000000001,0.4642857142857136,0.28571428571428564,0.428571428571428
0.27019230769230757,0.0924072265625,0.1298828125,0.19999999999999998,0.1,0.0,0.19999999999999998,0.10714285714285716,0.07142857142857144,0.15714285714285717,0.7750000000000004,0.30000000000000004,0.0,0.4250000000000001,0.4714285714285707,0.28571428571428564,0.428571428571428
0.271153846153846,0.09271240234375,0.1302490234375,0.19999999999999998,0.1,0.0,0.19999999999999998,0.10714285714285716,0.07142857142857144,0.15714285714285717,0.7750000000000004,0.30000000000000004,0.0,0.4250000000000001,0.4714285714285707,0.28571428571428564,0.4357142857142851
0.2721153846153845,0.093017578125,0.130615234375,0.19999999999999998,0.1,0.0,0.19999999999999998,0.10714285714285716,0.07142857142857144,0.15714285714285717,0.7750000000000004,0.30000000000000004,0.0,0.4250000000000001,0.4714285714285707,0.28571428571428564,0.4428571428571422
0.27307692307692294,0.09332275390625,0.1312255859375,0.19999999999999998,0.1,0.0,0.19999999999999998,0.10714285714285716,0.07142857142857144,0.15714285714285717,0.7750000000000004,0.30000000000000004,0.0,0.4250000000000001,0.4714285714285707,0.28571428571428564,0.44999999999999934
0.27403846153846134,0.0936279296875,0.131591796875,0.19999999999999998,0.1,0.0,0.19999999999999998,0.10714285714285716,0.07142857142857144,0.15714285714285717,0.7750000000000004,0.30000000000000004,0.0,0.4250000000000001,0.4785714285714278,0.28571428571428564,0.44999999999999934
0.27499999999999986,0.09393310546875,0.1319580078125,0.19999999999999998,0.1,0.0,0.19999999999999998,0.10714285714285716,0.07142857142857144,0.15714285714285717,0.7750000000000004,0.30000000000000004,0.0,0.4250000000000001,0.4785714285714278,0.28571428571428564,0.45714285714285646
0.27596153846153826,0.09423828125,0.13232421875,0.19999999999999998,0.1,0.0,0.19999999999999998,0.10714285714285716,0.07142857142857144,0.15714285714285717,0.7750000000000004,0.30000000000000004,0.0,0.4250000000000001,0.4785714285714278,0.28571428571428564,0.4642857142857136
0.27692307692307677,0.0946044921875,0.1329345703125,0.22499999999999998,0.1,0.0,0.19999999999999998,0.10714285714285716,0.07142857142857144,0.15714285714285717,0.7750000000000004,0.30000000000000004,0.0,0.4250000000000001,0.4785714285714278,0.28571428571428564,0.4642857142857136
0.2778846153846152,0.09490966796875,0.13330078125,0.22499999999999998,0.1,0.0,0.19999999999999998,0.10714285714285716,0.07142857142857144,0.15714285714285717,0.7750000000000004,0.30000000000000004,0.0,0.4250000000000001,0.4785714285714278,0.29285714285714276,0.4642857142857136
0.2788461538461537,0.09521484375,0.1336669921875,0.22499999999999998,0.1,0.0,0.19999999999999998,0.10714285714285716,0.07142857142857144,0.15714285714285717,0.7750000000000004,0.30000000000000004,0.0,0.4250000000000001,0.4785714285714278,0.2999999999999999,0.4642857142857136
0.2798076923076921,0.09552001953125,0.1341552734375,0.22499999999999998,0.1,0.0,0.19999999999999998,0.10714285714285716,0.07142857142857144,0.15714285714285717,0.7750000000000004,0.30000000000000004,0.0,0.4250000000000001,0.4785714285714278,0.307142857142857,0.4642857142857136
0.28076923076923055,0.0958251953125,0.134521484375,0.22499999999999998,0.1,0.0,0.19999999999999998,0.10714285714285716,0.07142857142857144,0.15714285714285717,0.7750000000000004,0.30000000000000004,0.0,0.4250000000000001,0.48571428571428493,0.307142857142857,0.4642857142857136
0.281730769230769,0.09613037109375,0.135009765625,0.22499999999999998,0.1,0.0,0.19999999999999998,0.10714285714285716,0.07142857142857144,0.15714285714285717,0.7750000000000004,0.30000000000000004,0.0,0.4250000000000001,0.48571428571428493,0.3142857142857141,0.4642857142857136
0.28269230769230747,0.096435546875,0.1353759765625,0.22499999999999998,0.1,0.0,0.19999999999999998,0.10714285714285716,0.07142857142857144,0.15714285714285717,0.7750000000000004,0.30000000000000004,0.0,0.4250000000000001,0.48571428571428493,0.32142857142857123,0.4642857142857136
0.2836538461538459,0.09674072265625,0.1358642578125,0.22499999999999998,0.1,0.0,0.19999999999999998,0.10714285714285716,0.07142857142857144,0.15714285714285717,0.7750000000000004,0.30000000000000004,0.0,0.4250000000000001,0.49285714285714205,0.32142857142857123,0.4642857142857136
0.28461538461538444,0.0970458984375,0.13623046875,0.22499999999999998,0.1,0.0,0.19999999999999998,0.10714285714285716,0.07142857142857144,0.15714285714285717,0.7750000000000004,0.30000000000000004,0.0,0.4250000000000001,0.49285714285714205,0.32857142857142835,0.4642857142857136
0.2855769230769229,0.097412109375,0.1365966796875,0.24999999999999997,0.1,0.0,0.19999999999999998,0.10714285714285716,0.07142857142857144,0.15714285714285717,0.7750000000000004,0.30000000000000004,0.0,0.4250000000000001,0.49285714285714205,0.32857142857142835,0.4642857142857136
0.28653846153846135,0.09771728515625,0.136962890625,0.24999999999999997,0.1,0.0,0.19999999999999998,0.10714285714285716,0.07142857142857144,0.15714285714285717,0.7750000000000004,0.30000000000000004,0.0,0.4250000000000001,0.49285714285714205,0.33571428571428547,0.4642857142857136
0.2874999999999998,0.0980224609375,0.1375732421875,0.24999999999999997,0.1,0.0,0.19999999999999998,0.10714285714285716,0.07142857142857144,0.15714285714285717,0.7750000000000004,0.30000000000000004,0.0,0.4250000000000001,0.49285714285714205,0.3428571428571426,0.4642857142857136
0.28846153846153827,0.09832763671875,0.1380615234375,0.24999999999999997,0.1,0.0,0.19999999999999998,0.10714285714285716,0.07142857142857144,0.15714285714285717,0.7750000000000004,0.30000000000000004,0.0,0.4250000000000001,0.49285714285714205,0.3499999999999997,0.4642857142857136
0.2894230769230767,0.0986328125,0.138427734375,0.24999999999999997,0.1,0.0,0.19999999999999998,0.10714285714285716,0.07142857142857144,0.15714285714285717,0.7750000000000004,0.30000000000000004,0.0,0.4250000000000001,0.49285714285714205,0.3499999999999997,0.4714285714285707
0.2903846153846152,0.09893798828125,0.1387939453125,0.24999999999999997,0.1,0.0,0.19999999999999998,0.10714285714285716,0.07142857142857144,0.15714285714285717,0.7750000000000004,0.30000000000000004,0.0,0.4250000000000001,0.49285714285714205,0.3499999999999997,0.4785714285714278
0.29134615384615364,0.0992431640625,0.1392822265625,0.24999999999999997,0.1,0.0,0.19999999999999998,0.10714285714285716,0.07142857142857144,0.15714285714285717,0.7750000000000004,0.30000000000000004,0.0,0.4250000000000001,0.49285714285714205,0.3499999999999997,0.48571428571428493
0.2923076923076921,0.09954833984375,0.1397705078125,0.24999999999999997,0.1,0.0,0.19999999999999998,0.10714285714285716,0.07142857142857144,0.15714285714285717,0.7750000000000004,0.30000000000000004,0.0,0.4250000000000001,0.49285714285714205,0.3499999999999997,0.49285714285714205
0.2932692307692305,0.09991455078125,0.14013671875,0.24999999999999997,0.1,0.0,0.22499999999999998,0.10714285714285716,0.07142857142857144,0.15714285714285717,0.7750000000000004,0.30000000000000004,0.0,0.4250000000000001,0.49285714285714205,0.3499999999999997,0.49285714285714205
0.294230769230769,0.1002197265625,0.1405029296875,0.24999999999999997,0.1,0.0,0.22499999999999998,0.10714285714285716,0.07142857142857144,0.15714285714285717,0.7750000000000004,0.30000000000000004,0.0,0.4250000000000001,0.49285714285714205,0.3571428571428568,0.49285714285714205
0.2951923076923074,0.10052490234375,0.1409912109375,0.24999999999999997,0.1,0.0,0.22499999999999998,0.10714285714285716,0.07142857142857144,0.15714285714285717,0.7750000000000004,0.30000000000000004,0.0,0.4250000000000001,0.49285714285714205,0.36428571428571394,0.49285714285714205
0.29615384615384593,0.10089111328125,0.1414794921875,0.24999999999999997,0.1,0.0,0.22499999999999998,0.11428571428571431,0.07142857142857144,0.15714285714285717,0.7750000000000004,0.30000000000000004,0.0,0.4250000000000001,0.49285714285714205,0.36428571428571394,0.49285714285714205
0.29711538461538434,0.10125732421875,0.141845703125,0.24999999999999997,0.1,0.0,0.22499999999999998,0.11428571428571431,0.07857142857142858,0.15714285714285717,0.7750000000000004,0.30000000000000004,0.0,0.4250000000000001,0.49285714285714205,0.36428571428571394,0.49285714285714205
0.29807692307692285,0.10162353515625,0.14208984375,0.24999999999999997,0.1,0.0,0.22499999999999998,0.12142857142857146,0.07857142857142858,0.15714285714285717,0.7750000000000004,0.30000000000000004,0.0,0.4250000000000001,0.49285714285714205,0.36428571428571394,0.49285714285714205
0.2990384615384613,0.10198974609375,0.142578125,0.24999999999999997,0.1,0.0,0.22499999999999998,0.12142857142857146,0.08571428571428573,0.15714285714285717,0.7750000000000004,0.30000000000000004,0.0,0.4250000000000001,0.49285714285714205,0.36428571428571394,0.49285714285714205
0.29999999999999977,0.10235595703125,0.1431884765625,0.24999999999999997,0.1,0.0,0.22499999999999998,0.12142857142857146,0.09285714285714287,0.15714285714285717,0.7750000000000004,0.30000000000000004,0.0,0.4250000000000001,0.49285714285714205,0.36428571428571394,0.49285714285714205
0.3009615384615382,0.10272216796875,0.1434326171875,0.24999999999999997,0.1,0.0,0.22499999999999998,0.12142857142857146,0.09285714285714287,0.1642857142857143,0.7750000000000004,0.30000000000000004,0.0,0.4250000000000001,0.49285714285714205,0.36428571428571394,0.49285714285714205
0.3019230769230767,0.10302734375,0.143798828125,0.24999999999999997,0.1,0.0,0.22499999999999998,0.12142857142857146,0.09285714285714287,0.1642857142857143,0.7750000000000004,0.30000000000000004,0.0,0.4250000000000001,0.49285714285714205,0.36428571428571394,0.49999999999999917
0.30288461538461514,0.1033935546875,0.1441650390625,0.24999999999999997,0.1,0.0,0.22499999999999998,0.12142857142857146,0.09285714285714287,0.17142857142857146,0.7750000000000004,0.30000000000000004,0.0,0.4250000000000001,0.49285714285714205,0.36428571428571394,0.49999999999999917
0.3038461538461536,0.10369873046875,0.144775390625,0.24999999999999997,0.1,0.0,0.22499999999999998,0.12142857142857146,0.09285714285714287,0.17142857142857146,0.7750000000000004,0.30000000000000004,0.0,0.4250000000000001,0.49285714285714205,0.36428571428571394,0.5071428571428563
0.30480769230769206,0.10400390625,0.1451416015625,0.24999999999999997,0.1,0.0,0.22499999999999998,0.12142857142857146,0.09285714285714287,0.17142857142857146,0.7750000000000004,0.30000000000000004,0.0,0.4250000000000001,0.49285714285714205,0.36428571428571394,0.5142857142857135
0.3057692307692305,0.1043701171875,0.1455078125,0.24999999999999997,0.1,0.0,0.24999999999999997,0.12142857142857146,0.09285714285714287,0.17142857142857146,0.7750000000000004,0.30000000000000004,0.0,0.4250000000000001,0.49285714285714205,0.36428571428571394,0.5142857142857135
0.306730769230769,0.104736328125,0.1458740234375,0.24999999999999997,0.1,0.0,0.24999999999999997,0.12142857142857146,0.09285714285714287,0.1785714285714286,0.7750000000000004,0.30000000000000004,0.0,0.4250000000000001,0.49285714285714205,0.36428571428571394,0.5142857142857135
0.30769230769230743,0.1051025390625,0.146240234375,0.24999999999999997,0.1,0.0,0.24999999999999997,0.12142857142857146,0.09285714285714287,0.1785714285714286,0.8000000000000004,0.30000000000000004,0.0,0.4250000000000001,0.49285714285714205,0.36428571428571394,0.5142857142857135
0.3086538461538459,0.10540771484375,0.1468505859375,0.24999999999999997,0.1,0.0,0.24999999999999997,0.12142857142857146,0.09285714285714287,0.1785714285714286,0.8000000000000004,0.30000000000000004,0.0,0.4250000000000001,0.49285714285714205,0.36428571428571394,0.5214285714285706
0.30961538461538435,0.10577392578125,0.147216796875,0.24999999999999997,0.1,0.0,0.24999999999999997,0.12142857142857146,0.09285714285714287,0.1785714285714286,0.8000000000000004,0.30000000000000004,0.0,0.4500000000000001,0.49285714285714205,0.36428571428571394,0.5214285714285706
0.31057692307692286,0.1060791015625,0.1475830078125,0.24999999999999997,0.1,0.0,0.24999999999999997,0.12142857142857146,0.09285714285714287,0.1785714285714286,0.8000000000000004,0.30000000000000004,0.0,0.4500000000000001,0.49285714285714205,0.37142857142857105,0.5214285714285706
0.31153846153846126,0.10638427734375,0.14794921875,0.24999999999999997,0.1,0.0,0.24999999999999997,0.12142857142857146,0.09285714285714287,0.1785714285714286,0.8000000000000004,0.30000000000000004,0.0,0.4500000000000001,0.49285714285714205,0.37857142857142817,0.5214285714285706
0.3124999999999997,0.106689453125,0.1483154296875,0.24999999999999997,0.1,0.0,0.24999999999999997,0.12142857142857146,0.09285714285714287,0.1785714285714286,0.8000000000000004,0.30000000000000004,0.0,0.4500000000000001,0.49285714285714205,0.3857142857142853,0.5214285714285706
0.3134615384615382,0.10699462890625,0.14892578125,0.24999999999999997,0.1,0.0,0.24999999999999997,0.12142857142857146,0.09285714285714287,0.1785714285714286,0.8000000000000004,0.30000000000000004,0.0,0.4500000000000001,0.49285714285714205,0.3857142857142853,0.5285714285714277
0.3144230769230767,0.10736083984375,0.1492919921875,0.24999999999999997,0.1,0.0,0.24999999999999997,0.12142857142857146,0.09285714285714287,0.18571428571428575,0.8000000000000004,0.30000000000000004,0.0,0.4500000000000001,0.49285714285714205,0.3857142857142853,0.5285714285714277
0.31538461538461515,0.10772705078125,0.149658203125,0.24999999999999997,0.1,0.0,0.24999999999999997,0.12142857142857146,0.09285714285714287,0.18571428571428575,0.8000000000000004,0.4,0.0,0.4500000000000001,0.49285714285714205,0.3857142857142853,0.5285714285714277
0.3163461538461536,0.10809326171875,0.1500244140625,0.24999999999999997,0.1,0.0,0.24999999999999997,0.12142857142857146,0.09285714285714287,0.18571428571428575,0.8000000000000004,0.4,0.0,0.47500000000000014,0.49285714285714205,0.3857142857142853,0.5285714285714277
0.317307692307692,0.1083984375,0.1505126953125,0.24999999999999997,0.1,0.0,0.24999999999999997,0.12142857142857146,0.09285714285714287,0.18571428571428575,0.8000000000000004,0.4,0.0,0.47500000000000014,0.49285714285714205,0.3857142857142853,0.5357142857142848
0.3182692307692305,0.1087646484375,0.1510009765625,0.24999999999999997,0.1,0.0,0.24999999999999997,0.12142857142857146,0.09285714285714287,0.1928571428571429,0.8000000000000004,0.4,0.0,0.47500000000000014,0.49285714285714205,0.3857142857142853,0.5357142857142848
0.319230769230769,0.109130859375,0.1513671875,0.24999999999999997,0.1,0.0,0.24999999999999997,0.12142857142857146,0.09285714285714287,0.1928571428571429,0.8000000000000004,0.4,0.0,0.47500000000000014,0.49999999999999917,0.3857142857142853,0.5357142857142848
0.32019230769230744,0.10943603515625,0.1517333984375,0.24999999999999997,0.1,0.0,0.24999999999999997,0.12142857142857146,0.09285714285714287,0.1928571428571429,0.8000000000000004,0.4,0.0,0.47500000000000014,0.5071428571428563,0.3857142857142853,0.5357142857142848
0.32115384615384596,0.1097412109375,0.152099609375,0.24999999999999997,0.1,0.0,0.24999999999999997,0.12142857142857146,0.09285714285714287,0.1928571428571429,0.8000000000000004,0.4,0.0,0.47500000000000014,0.5142857142857135,0.3857142857142853,0.5357142857142848
0.32211538461538436,0.11004638671875,0.1524658203125,0.24999999999999997,0.1,0.0,0.24999999999999997,0.12142857142857146,0.09285714285714287,0.1928571428571429,0.8000000000000004,0.4,0.0,0.47500000000000014,0.5214285714285706,0.3857142857142853,0.5357142857142848
0.3230769230769228,0.1103515625,0.15283203125,0.24999999999999997,0.1,0.0,0.24999999999999997,0.12142857142857146,0.09285714285714287,0.1928571428571429,0.8000000000000004,0.4,0.0,0.47500000000000014,0.5285714285714277,0.3857142857142853,0.5357142857142848
0.3240384615384613,0.11065673828125,0.1534423828125,0.24999999999999997,0.1,0.0,0.24999999999999997,0.12142857142857146,0.09285714285714287,0.1928571428571429,0.8000000000000004,0.4,0.0,0.47500000000000014,0.5357142857142848,0.3857142857142853,0.5357142857142848
0.3249999999999998,0.1109619140625,0.1539306640625,0.24999999999999997,0.1,0.0,0.24999999999999997,0.12142857142857146,0.09285714285714287,0.1928571428571429,0.8000000000000004,0.4,0.0,0.47500000000000014,0.5428571428571419,0.3857142857142853,0.5357142857142848
0.32596153846153825,0.111328125,0.154296875,0.27499999999999997,0.1,0.0,0.24999999999999997,0.12142857142857146,0.09285714285714287,0.1928571428571429,0.8000000000000004,0.4,0.0,0.47500000000000014,0.5428571428571419,0.3857142857142853,0.5357142857142848
0.32692307692307665,0.11163330078125,0.154541015625,0.27499999999999997,0.1,0.0,0.24999999999999997,0.12142857142857146,0.09285714285714287,0.1928571428571429,0.8000000000000004,0.4,0.0,0.47500000000000014,0.549999999999999,0.3857142857142853,0.5357142857142848
0.3278846153846151,0.11199951171875,0.1549072265625,0.27499999999999997,0.1,0.0,0.27499999999999997,0.12142857142857146,0.09285714285714287,0.1928571428571429,0.8000000000000004,0.4,0.0,0.47500000000000014,0.549999999999999,0.3857142857142853,0.5357142857142848
0.3288461538461536,0.11236572265625,0.1552734375,0.27499999999999997,0.1,0.0,0.27499999999999997,0.12142857142857146,0.09285714285714287,0.1928571428571429,0.8000000000000004,0.4,0.0,0.47500000000000014,0.5571428571428562,0.3857142857142853,0.5357142857142848
0.3298076923076921,0.1126708984375,0.1558837890625,0.27499999999999997,0.1,0.0,0.27499999999999997,0.12142857142857146,0.09285714285714287,0.1928571428571429,0.8000000000000004,0.4,0.0,0.47500000000000014,0.5642857142857133,0.3857142857142853,0.5357142857142848
0.33076923076923054,0.11297607421875,0.15625,0.27499999999999997,0.1,0.0,0.27499999999999997,0.12142857142857146,0.09285714285714287,0.1928571428571429,0.8000000000000004,0.4,0.0,0.47500000000000014,0.5642857142857133,0.3857142857142853,0.5428571428571419
0.33173076923076894,0.11328125,0.1566162109375,0.27499999999999997,0.1,0.0,0.27499999999999997,0.12142857142857146,0.09285714285714287,0.1928571428571429,0.8000000000000004,0.4,0.0,0.47500000000000014,0.5642857142857133,0.3857142857142853,0.549999999999999
0.33269230769230745,0.11358642578125,0.156982421875,0.27499999999999997,0.1,0.0,0.27499999999999997,0.12142857142857146,0.09285714285714287,0.1928571428571429,0.8000000000000004,0.4,0.0,0.47500000000000014,0.5642857142857133,0.3857142857142853,0.5571428571428562
0.3336538461538459,0.11395263671875,0.1573486328125,0.27499999999999997,0.1,0.0,0.27499999999999997,0.12142857142857146,0.09285714285714287,0.1928571428571429,0.8000000000000004,0.4,0.0,0.47500000000000014,0.5714285714285704,0.3857142857142853,0.5571428571428562
0.3346153846153843,0.1142578125,0.15771484375,0.27499999999999997,0.1,0.0,0.27499999999999997,0.12142857142857146,0.09285714285714287,0.1928571428571429,0.8000000000000004,0.4,0.0,0.47500000000000014,0.5785714285714275,0.3857142857142853,0.5571428571428562
0.3355769230769228,0.1146240234375,0.1583251953125,0.27499999999999997,0.1,0.0,0.27499999999999997,0.12142857142857146,0.10000000000000002,0.1928571428571429,0.8000000000000004,0.4,0.0,0.47500000000000014,0.5785714285714275,0.3857142857142853,0.5571428571428562
0.3365384615384613,0.114990234375,0.15869140625,0.27499999999999997,0.1,0.0,0.27499999999999997,0.12142857142857146,0.10000000000000002,0.1928571428571429,0.8000000000000004,0.4,0.0,0.47500000000000014,0.5857142857142846,0.3857142857142853,0.5571428571428562
0.33749999999999974,0.11529541015625,0.1590576171875,0.27499999999999997,0.1,0.0,0.27499999999999997,0.12142857142857146,0.10000000000000002,0.1928571428571429,0.8000000000000004,0.4,0.0,0.47500000000000014,0.5857142857142846,0.3857142857142853,0.5642857142857133
0.33846153846153815,0.11566162109375,0.159423828125,0.27499999999999997,0.1,0.0,0.27499999999999997,0.12142857142857146,0.10000000000000002,0.1928571428571429,0.8250000000000004,0.4,0.0,0.47500000000000014,0.5857142857142846,0.3857142857142853,0.5642857142857133
0.3394230769230766,0.11602783203125,0.1597900390625,0.27499999999999997,0.1,0.0,0.27499999999999997,0.12142857142857146,0.10000000000000002,0.1928571428571429,0.8250000000000004,0.4,0.0,0.47500000000000014,0.5928571428571418,0.3857142857142853,0.5642857142857133
0.3403846153846151,0.1163330078125,0.160400390625,0.27499999999999997,0.1,0.0,0.27499999999999997,0.12142857142857146,0.10000000000000002,0.1928571428571429,0.8250000000000004,0.4,0.0,0.47500000000000014,0.5999999999999989,0.3857142857142853,0.5642857142857133
0.3413461538461536,0.11669921875,0.1607666015625,0.27499999999999997,0.1,0.0,0.27499999999999997,0.12142857142857146,0.10000000000000002,0.1928571428571429,0.8250000000000004,0.4,0.0,0.47500000000000014,0.607142857142856,0.3857142857142853,0.5642857142857133
0.342307692307692,0.11700439453125,0.1612548828125,0.27499999999999997,0.1,0.0,0.27499999999999997,0.12142857142857146,0.10000000000000002,0.1928571428571429,0.8250000000000004,0.4,0.0,0.47500000000000014,0.6142857142857131,0.3857142857142853,0.5642857142857133
0.34326923076923044,0.1173095703125,0.16162109375,0.27499999999999997,0.1,0.0,0.27499999999999997,0.12142857142857146,0.10000000000000002,0.1928571428571429,0.8250000000000004,0.4,0.0,0.47500000000000014,0.6142857142857131,0.3928571428571424,0.5642857142857133
0.34423076923076895,0.11761474609375,0.1619873046875,0.27499999999999997,0.1,0.0,0.27499999999999997,0.12142857142857146,0.10000000000000002,0.1928571428571429,0.8250000000000004,0.4,0.0,0.47500000000000014,0.6142857142857131,0.3999999999999995,0.5642857142857133
0.34519230769230735,0.117919921875,0.1624755859375,0.27499999999999997,0.1,0.0,0.27499999999999997,0.12142857142857146,0.10000000000000002,0.1928571428571429,0.8250000000000004,0.4,0.0,0.47500000000000014,0.6142857142857131,0.40714285714285664,0.5642857142857133
0.3461538461538458,0.11822509765625,0.1629638671875,0.27499999999999997,0.1,0.0,0.27499999999999997,0.12142857142857146,0.10000000000000002,0.1928571428571429,0.8250000000000004,0.4,0.0,0.47500000000000014,0.6142857142857131,0.41428571428571376,0.5642857142857133
0.34711538461538427,0.1185302734375,0.1634521484375,0.27499999999999997,0.1,0.0,0.27499999999999997,0.12142857142857146,0.10000000000000002,0.1928571428571429,0.8250000000000004,0.4,0.0,0.47500000000000014,0.6142857142857131,0.4214285714285709,0.5642857142857133
0.3480769230769228,0.11883544921875,0.1639404296875,0.27499999999999997,0.1,0.0,0.27499999999999997,0.12142857142857146,0.10000000000000002,0.1928571428571429,0.8250000000000004,0.4,0.0,0.47500000000000014,0.6142857142857131,0.428571428571428,0.5642857142857133
0.3490384615384612,0.119140625,0.164306640625,0.27499999999999997,0.1,0.0,0.27499999999999997,0.12142857142857146,0.10000000000000002,0.1928571428571429,0.8250000000000004,0.4,0.0,0.47500000000000014,0.6214285714285702,0.428571428571428,0.5642857142857133
0.34999999999999964,0.1195068359375,0.1646728515625,0.27499999999999997,0.1,0.0,0.27499999999999997,0.12142857142857146,0.10000000000000002,0.1928571428571429,0.8250000000000004,0.4,0.0,0.5000000000000001,0.6214285714285702,0.428571428571428,0.5642857142857133
0.3509615384615381,0.119873046875,0.1650390625,0.27499999999999997,0.1,0.0,0.27499999999999997,0.12142857142857146,0.10000000000000002,0.1928571428571429,0.8250000000000004,0.4,0.0,0.5000000000000001,0.6285714285714273,0.428571428571428,0.5642857142857133
0.3519230769230766,0.12017822265625,0.1654052734375,0.27499999999999997,0.1,0.0,0.27499999999999997,0.12142857142857146,0.10000000000000002,0.1928571428571429,0.8250000000000004,0.4,0.0,0.5000000000000001,0.6285714285714273,0.428571428571428,0.5714285714285704
0.3528846153846151,0.1204833984375,0.166015625,0.27499999999999997,0.1,0.0,0.27499999999999997,0.12142857142857146,0.10000000000000002,0.1928571428571429,0.8250000000000004,0.4,0.0,0.5000000000000001,0.6285714285714273,0.428571428571428,0.5785714285714275
0.35384615384615353,0.120849609375,0.1663818359375,0.3,0.1,0.0,0.27499999999999997,0.12142857142857146,0.10000000000000002,0.1928571428571429,0.8250000000000004,0.4,0.0,0.5000000000000001,0.6285714285714273,0.428571428571428,0.5785714285714275
0.35480769230769194,0.1212158203125,0.1668701171875,0.3,0.1,0.0,0.27499999999999997,0.12142857142857146,0.10000000000000002,0.20000000000000004,0.8250000000000004,0.4,0.0,0.5000000000000001,0.6285714285714273,0.428571428571428,0.5785714285714275
0.35576923076923045,0.12158203125,0.167236328125,0.3,0.1,0.0,0.27499999999999997,0.12142857142857146,0.10000000000000002,0.20000000000000004,0.8250000000000004,0.4,0.0,0.5000000000000001,0.6357142857142845,0.428571428571428,0.5785714285714275
0.35673076923076885,0.12188720703125,0.1676025390625,0.3,0.1,0.0,0.27499999999999997,0.12142857142857146,0.10000000000000002,0.20000000000000004,0.8250000000000004,0.4,0.0,0.5000000000000001,0.6357142857142845,0.4357142857142851,0.5785714285714275
0.3576923076923073,0.1221923828125,0.16796875,0.3,0.1,0.0,0.27499999999999997,0.12142857142857146,0.10000000000000002,0.20000000000000004,0.8250000000000004,0.4,0.0,0.5000000000000001,0.6357142857142845,0.4428571428571422,0.5785714285714275
0.35865384615384577,0.12249755859375,0.1683349609375,0.3,0.1,0.0,0.27499999999999997,0.12142857142857146,0.10000000000000002,0.20000000000000004,0.8250000000000004,0.4,0.0,0.5000000000000001,0.6357142857142845,0.44999999999999934,0.5785714285714275
0.3596153846153843,0.122802734375,0.1689453125,0.3,0.1,0.0,0.27499999999999997,0.12142857142857146,0.10000000000000002,0.20000000000000004,0.8250000000000004,0.4,0.0,0.5000000000000001,0.6357142857142845,0.45714285714285646,0.5785714285714275
0.3605769230769227,0.12310791015625,0.1693115234375,0.3,0.1,0.0,0.27499999999999997,0.12142857142857146,0.10000000000000002,0.20000000000000004,0.8250000000000004,0.4,0.0,0.5000000000000001,0.6357142857142845,0.4642857142857136,0.5785714285714275
0.36153846153846114,0.1234130859375,0.1697998046875,0.3,0.1,0.0,0.27499999999999997,0.12142857142857146,0.10000000000000002,0.20000000000000004,0.8250000000000004,0.4,0.0,0.5000000000000001,0.6357142857142845,0.4714285714285707,0.5785714285714275
0.3624999999999996,0.12371826171875,0.170166015625,0.3,0.1,0.0,0.27499999999999997,0.12142857142857146,0.10000000000000002,0.20000000000000004,0.8250000000000004,0.4,0.0,0.5000000000000001,0.6357142857142845,0.4785714285714278,0.5785714285714275
0.3634615384615381,0.1240234375,0.1705322265625,0.3,0.1,0.0,0.27499999999999997,0.12142857142857146,0.10000000000000002,0.20000000000000004,0.8250000000000004,0.4,0.0,0.5000000000000001,0.6357142857142845,0.48571428571428493,0.5785714285714275
0.3644230769230765,0.12432861328125,0.1710205078125,0.3,0.1,0.0,0.27499999999999997,0.12142857142857146,0.10000000000000002,0.20000000000000004,0.8250000000000004,0.4,0.0,0.5000000000000001,0.6357142857142845,0.49285714285714205,0.5785714285714275
0.365384615384615,0.1246337890625,0.1712646484375,0.3,0.1,0.0,0.27499999999999997,0.12142857142857146,0.10000000000000002,0.20000000000000004,0.8250000000000004,0.4,0.0,0.5000000000000001,0.6357142857142845,0.49285714285714205,0.5857142857142846
0.36634615384615343,0.125,0.171875,0.325,0.1,0.0,0.27499999999999997,0.12142857142857146,0.10000000000000002,0.20000000000000004,0.8250000000000004,0.4,0.0,0.5000000000000001,0.6357142857142845,0.49285714285714205,0.5857142857142846
0.36730769230769195,0.1253662109375,0.1722412109375,0.325,0.1,0.0,0.3,0.12142857142857146,0.10000000000000002,0.20000000000000004,0.8250000000000004,0.4,0.0,0.5000000000000001,0.6357142857142845,0.49285714285714205,0.5857142857142846
0.36826923076923035,0.125732421875,0.172607421875,0.35000000000000003,0.1,0.0,0.3,0.12142857142857146,0.10000000000000002,0.20000000000000004,0.8250000000000004,0.4,0.0,0.5000000000000001,0.6357142857142845,0.49285714285714205,0.5857142857142846
0.36923076923076886,0.1260986328125,0.1729736328125,0.35000000000000003,0.1,0.0,0.3,0.12142857142857146,0.10714285714285716,0.20000000000000004,0.8250000000000004,0.4,0.0,0.5000000000000001,0.6357142857142845,0.49285714285714205,0.5857142857142846
0.37019230769230727,0.12646484375,0.17333984375,0.35000000000000003,0.1,0.0,0.3,0.12142857142857146,0.10714285714285716,0.20000000000000004,0.8250000000000004,0.4,0.0,0.5000000000000001,0.6428571428571416,0.49285714285714205,0.5857142857142846
0.3711538461538458,0.1268310546875,0.173828125,0.35000000000000003,0.1,0.0,0.325,0.12142857142857146,0.10714285714285716,0.20000000000000004,0.8250000000000004,0.4,0.0,0.5000000000000001,0.6428571428571416,0.49285714285714205,0.5857142857142846
0.37211538461538424,0.127197265625,0.1741943359375,0.35000000000000003,0.1,0.0,0.325,0.1285714285714286,0.10714285714285716,0.20000000000000004,0.8250000000000004,0.4,0.0,0.5000000000000001,0.6428571428571416,0.49285714285714205,0.5857142857142846
0.3730769230769227,0.1275634765625,0.1746826171875,0.35000000000000003,0.1,0.0,0.325,0.13571428571428573,0.10714285714285716,0.20000000000000004,0.8250000000000004,0.4,0.0,0.5000000000000001,0.6428571428571416,0.49285714285714205,0.5857142857142846
0.3740384615384612,0.1279296875,0.175048828125,0.35000000000000003,0.1,0.0,0.325,0.13571428571428573,0.10714285714285716,0.20000000000000004,0.8250000000000004,0.4,0.0,0.5000000000000001,0.6499999999999987,0.49285714285714205,0.5857142857142846
0.3749999999999996,0.1282958984375,0.1754150390625,0.35000000000000003,0.1,0.0,0.325,0.14285714285714288,0.10714285714285716,0.20000000000000004,0.8250000000000004,0.4,0.0,0.5000000000000001,0.6499999999999987,0.49285714285714205,0.5857142857142846
0.37596153846153807,0.128662109375,0.1759033203125,0.35000000000000003,0.1,0.0,0.325,0.14285714285714288,0.10714285714285716,0.20000000000000004,0.8250000000000004,0.4,0.0,0.5250000000000001,0.6499999999999987,0.49285714285714205,0.5857142857142846
0.3769230769230765,0.1290283203125,0.17626953125,0.35000000000000003,0.1,0.0,0.325,0.14285714285714288,0.10714285714285716,0.20000000000000004,0.8250000000000004,0.4,0.0,0.5250000000000001,0.6571428571428558,0.49285714285714205,0.5857142857142846
0.37788461538461493,0.12939453125,0.1766357421875,0.35000000000000003,0.1,0.0,0.325,0.15000000000000002,0.10714285714285716,0.20000000000000004,0.8250000000000004,0.4,0.0,0.5250000000000001,0.6571428571428558,0.49285714285714205,0.5857142857142846
0.37884615384615344,0.1297607421875,0.177001953125,0.35000000000000003,0.1,0.0,0.325,0.15000000000000002,0.10714285714285716,0.20000000000000004,0.8250000000000004,0.4,0.0,0.5250000000000001,0.6642857142857129,0.49285714285714205,0.5857142857142846
0.3798076923076919,0.130126953125,0.1773681640625,0.35000000000000003,0.1,0.0,0.325,0.15000000000000002,0.11428571428571431,0.20000000000000004,0.8250000000000004,0.4,0.0,0.5250000000000001,0.6642857142857129,0.49285714285714205,0.5857142857142846
0.38076923076923036,0.1304931640625,0.177978515625,0.35000000000000003,0.1,0.0,0.325,0.15000000000000002,0.11428571428571431,0.20000000000000004,0.8500000000000004,0.4,0.0,0.5250000000000001,0.6642857142857129,0.49285714285714205,0.5857142857142846
0.3817307692307689,0.130859375,0.1783447265625,0.35000000000000003,0.1,0.0,0.325,0.15000000000000002,0.11428571428571431,0.20000000000000004,0.8500000000000004,0.4,0.0,0.5250000000000001,0.67142857142857,0.49285714285714205,0.5857142857142846
0.3826923076923073,0.1312255859375,0.1788330078125,0.35000000000000003,0.1,0.0,0.325,0.15000000000000002,0.11428571428571431,0.20000000000000004,0.8500000000000004,0.4,0.0,0.5250000000000001,0.6785714285714272,0.49285714285714205,0.5857142857142846
0.38365384615384573,0.1314697265625,0.17919921875,0.35000000000000003,0.1,0.0,0.325,0.15000000000000002,0.11428571428571431,0.20000000000000004,0.8500000000000004,0.4,0.0,0.5250000000000001,0.6785714285714272,0.49285714285714205,0.5928571428571418
0.3846153846153842,0.1318359375,0.1796875,0.35000000000000003,0.1,0.0,0.325,0.15000000000000002,0.11428571428571431,0.20000000000000004,0.8500000000000004,0.4,0.0,0.5250000000000001,0.6857142857142843,0.49285714285714205,0.5928571428571418
0.3855769230769227,0.1322021484375,0.1800537109375,0.35000000000000003,0.1,0.0,0.325,0.15000000000000002,0.11428571428571431,0.20000000000000004,0.8500000000000004,0.4,0.0,0.5250000000000001,0.6928571428571414,0.49285714285714205,0.5928571428571418
0.3865384615384611,0.132568359375,0.180419921875,0.35000000000000003,0.1,0.0,0.325,0.15000000000000002,0.11428571428571431,0.20000000000000004,0.8500000000000004,0.4,0.0,0.5250000000000001,0.6999999999999985,0.49285714285714205,0.5928571428571418
0.38749999999999957,0.1329345703125,0.180908203125,0.35000000000000003,0.1,0.0,0.35000000000000003,0.15000000000000002,0.11428571428571431,0.20000000000000004,0.8500000000000004,0.4,0.0,0.5250000000000001,0.6999999999999985,0.49285714285714205,0.5928571428571418
0.388461538461538,0.13330078125,0.181396484375,0.35000000000000003,0.1,0.0,0.35000000000000003,0.15000000000000002,0.11428571428571431,0.20000000000000004,0.8500000000000004,0.4,0.0,0.5250000000000001,0.7071428571428556,0.49285714285714205,0.5928571428571418
0.38942307692307654,0.1336669921875,0.1817626953125,0.35000000000000003,0.1,0.0,0.35000000000000003,0.15000000000000002,0.11428571428571431,0.20000000000000004,0.8500000000000004,0.4,0.0,0.5250000000000001,0.7142857142857127,0.49285714285714205,0.5928571428571418
0.39038461538461494,0.134033203125,0.18212890625,0.35000000000000003,0.1,0.0,0.35000000000000003,0.15000000000000002,0.11428571428571431,0.20000000000000004,0.8500000000000004,0.4,0.0,0.5250000000000001,0.7142857142857127,0.49999999999999917,0.5928571428571418
0.3913461538461534,0.13427734375,0.1824951171875,0.35000000000000003,0.1,0.0,0.35000000000000003,0.15000000000000002,0.11428571428571431,0.20000000000000004,0.8500000000000004,0.4,0.0,0.5250000000000001,0.7142857142857127,0.5071428571428563,0.5928571428571418
0.39230769230769186,0.1346435546875,0.182861328125,0.35000000000000003,0.1,0.0,0.35000000000000003,0.15000000000000002,0.11428571428571431,0.20000000000000004,0.8500000000000004,0.4,0.0,0.5250000000000001,0.7142857142857127,0.5142857142857135,0.5928571428571418
0.39326923076923037,0.1348876953125,0.1832275390625,0.35000000000000003,0.1,0.0,0.35000000000000003,0.15000000000000002,0.11428571428571431,0.20000000000000004,0.8500000000000004,0.4,0.0,0.5250000000000001,0.7142857142857127,0.5214285714285706,0.5928571428571418
0.39423076923076883,0.13525390625,0.1837158203125,0.35000000000000003,0.1,0.0,0.35000000000000003,0.15000000000000002,0.12142857142857146,0.20000000000000004,0.8500000000000004,0.4,0.0,0.5250000000000001,0.7142857142857127,0.5214285714285706,0.5928571428571418
0.39519230769230723,0.1356201171875,0.1842041015625,0.35000000000000003,0.1,0.0,0.35000000000000003,0.15000000000000002,0.12142857142857146,0.20000000000000004,0.8500000000000004,0.4,0.0,0.5250000000000001,0.7142857142857127,0.5285714285714277,0.5928571428571418
0.3961538461538457,0.1358642578125,0.1845703125,0.35000000000000003,0.1,0.0,0.35000000000000003,0.15000000000000002,0.12142857142857146,0.20000000000000004,0.8500000000000004,0.4,0.0,0.5250000000000001,0.7142857142857127,0.5285714285714277,0.5999999999999989
0.3971153846153842,0.13623046875,0.1851806640625,0.35000000000000003,0.1,0.0,0.35000000000000003,0.15000000000000002,0.12142857142857146,0.20000000000000004,0.8500000000000004,0.4,0.0,0.5250000000000001,0.7142857142857127,0.5357142857142848,0.5999999999999989
0.39807692307692266,0.136474609375,0.185546875,0.35000000000000003,0.1,0.0,0.35000000000000003,0.15000000000000002,0.12142857142857146,0.20000000000000004,0.8500000000000004,0.4,0.0,0.5250000000000001,0.7142857142857127,0.5428571428571419,0.5999999999999989
0.3990384615384611,0.1368408203125,0.1859130859375,0.35000000000000003,0.1,0.0,0.35000000000000003,0.15000000000000002,0.12142857142857146,0.20000000000000004,0.8500000000000004,0.4,0.0,0.5500000000000002,0.7142857142857127,0.5428571428571419,0.5999999999999989
0.3999999999999996,0.13720703125,0.186279296875,0.35000000000000003,0.1,0.0,0.35000000000000003,0.15000000000000002,0.12142857142857146,0.20000000000000004,0.8500000000000004,0.4,0.0,0.5500000000000002,0.7142857142857127,0.549999999999999,0.5999999999999989
0.4009615384615381,0.137451171875,0.186767578125,0.35000000000000003,0.1,0.0,0.35000000000000003,0.15000000000000002,0.12142857142857146,0.20000000000000004,0.8500000000000004,0.4,0.0,0.5500000000000002,0.7142857142857127,0.549999999999999,0.607142857142856
0.4019230769230765,0.1378173828125,0.18701171875,0.35000000000000003,0.1,0.0,0.35000000000000003,0.15000000000000002,0.12142857142857146,0.20714285714285718,0.8500000000000004,0.4,0.0,0.5500000000000002,0.7142857142857127,0.549999999999999,0.607142857142856
0.40288461538461495,0.13818359375,0.1876220703125,0.35000000000000003,0.1,0.0,0.35000000000000003,0.15000000000000002,0.12142857142857146,0.21428571428571433,0.8500000000000004,0.4,0.0,0.5500000000000002,0.7142857142857127,0.549999999999999,0.607142857142856
0.4038461538461534,0.1385498046875,0.18798828125,0.35000000000000003,0.1,0.0,0.35000000000000003,0.15000000000000002,0.12142857142857146,0.21428571428571433,0.8500000000000004,0.4,0.0,0.5500000000000002,0.7214285714285699,0.549999999999999,0.607142857142856
0.4048076923076919,0.138916015625,0.1883544921875,0.35000000000000003,0.1,0.0,0.35000000000000003,0.15000000000000002,0.12142857142857146,0.21428571428571433,0.8500000000000004,0.4,0.0,0.5500000000000002,0.728571428571427,0.549999999999999,0.607142857142856
0.4057692307692303,0.1392822265625,0.188720703125,0.35000000000000003,0.2,0.0,0.35000000000000003,0.15000000000000002,0.12142857142857146,0.21428571428571433,0.8500000000000004,0.4,0.0,0.5500000000000002,0.728571428571427,0.549999999999999,0.607142857142856
0.4067307692307688,0.1396484375,0.1890869140625,0.35000000000000003,0.2,0.0,0.35000000000000003,0.15000000000000002,0.12142857142857146,0.21428571428571433,0.8500000000000004,0.4,0.0,0.5500000000000002,0.728571428571427,0.5571428571428562,0.607142857142856
0.4076923076923072,0.139892578125,0.1895751953125,0.35000000000000003,0.2,0.0,0.35000000000000003,0.15000000000000002,0.12142857142857146,0.21428571428571433,0.8500000000000004,0.4,0.0,0.5500000000000002,0.728571428571427,0.5571428571428562,0.6142857142857131
0.40865384615384576,0.1402587890625,0.18994140625,0.35000000000000003,0.2,0.0,0.35000000000000003,0.15000000000000002,0.12142857142857146,0.21428571428571433,0.8500000000000004,0.4,0.0,0.5500000000000002,0.728571428571427,0.5642857142857133,0.6142857142857131
0.40961538461538416,0.1405029296875,0.1903076171875,0.35000000000000003,0.2,0.0,0.35000000000000003,0.15000000000000002,0.12142857142857146,0.21428571428571433,0.8500000000000004,0.4,0.0,0.5500000000000002,0.728571428571427,0.5642857142857133,0.6214285714285702
0.41057692307692256,0.140869140625,0.190673828125,0.35000000000000003,0.2,0.0,0.35000000000000003,0.15000000000000002,0.12142857142857146,0.21428571428571433,0.8500000000000004,0.4,0.0,0.5500000000000002,0.7357142857142841,0.5642857142857133,0.6214285714285702
0.411538461538461,0.1412353515625,0.1912841796875,0.35000000000000003,0.2,0.0,0.35000000000000003,0.15000000000000002,0.12142857142857146,0.21428571428571433,0.8500000000000004,0.4,0.0,0.5500000000000002,0.7428571428571412,0.5642857142857133,0.6214285714285702
0.41249999999999953,0.1414794921875,0.191650390625,0.35000000000000003,0.2,0.0,0.35000000000000003,0.15000000000000002,0.12142857142857146,0.21428571428571433,0.8500000000000004,0.4,0.0,0.5500000000000002,0.7428571428571412,0.5642857142857133,0.6285714285714273
0.413461538461538,0.141845703125,0.192138671875,0.35000000000000003,0.2,0.0,0.35000000000000003,0.15000000000000002,0.12142857142857146,0.21428571428571433,0.8500000000000004,0.4,0.0,0.5500000000000002,0.7499999999999983,0.5642857142857133,0.6285714285714273
0.41442307692307645,0.1422119140625,0.1925048828125,0.35000000000000003,0.2,0.0,0.35000000000000003,0.15000000000000002,0.12142857142857146,0.21428571428571433,0.8500000000000004,0.4,0.0,0.5500000000000002,0.7499999999999983,0.5714285714285704,0.6285714285714273
0.4153846153846149,0.142578125,0.19287109375,0.37500000000000006,0.2,0.0,0.35000000000000003,0.15000000000000002,0.12142857142857146,0.21428571428571433,0.8500000000000004,0.4,0.0,0.5500000000000002,0.7499999999999983,0.5714285714285704,0.6285714285714273
0.41634615384615337,0.1429443359375,0.1932373046875,0.37500000000000006,0.2,0.0,0.35000000000000003,0.15000000000000002,0.12142857142857146,0.21428571428571433,0.8750000000000004,0.4,0.0,0.5500000000000002,0.7499999999999983,0.5714285714285704,0.6285714285714273
0.4173076923076918,0.143310546875,0.193603515625,0.37500000000000006,0.2,0.0,0.35000000000000003,0.15000000000000002,0.12142857142857146,0.21428571428571433,0.8750000000000004,0.4,0.0,0.5500000000000002,0.7499999999999983,0.5785714285714275,0.6285714285714273
0.4182692307692303,0.1435546875,0.1939697265625,0.37500000000000006,0.2,0.0,0.35000000000000003,0.15000000000000002,0.12142857142857146,0.21428571428571433,0.8750000000000004,0.4,0.0,0.5500000000000002,0.7499999999999983,0.5785714285714275,0.6357142857142845
0.41923076923076874,0.1439208984375,0.1944580078125,0.37500000000000006,0.2,0.0,0.37500000000000006,0.15000000000000002,0.12142857142857146,0.21428571428571433,0.8750000000000004,0.4,0.0,0.5500000000000002,0.7499999999999983,0.5785714285714275,0.6357142857142845
0.42019230769230725,0.144287109375,0.1949462890625,0.37500000000000006,0.2,0.0,0.37500000000000006,0.15000000000000002,0.12142857142857146,0.22142857142857147,0.8750000000000004,0.4,0.0,0.5500000000000002,0.7499999999999983,0.5785714285714275,0.6357142857142845
0.42115384615384566,0.1446533203125,0.1953125,0.37500000000000006,0.2,0.0,0.37500000000000006,0.15000000000000002,0.12142857142857146,0.22142857142857147,0.8750000000000004,0.4,0.0,0.5500000000000002,0.7499999999999983,0.5857142857142846,0.6357142857142845
0.42211538461538417,0.14501953125,0.19580078125,0.37500000000000006,0.2,0.0,0.37500000000000006,0.15714285714285717,0.12142857142857146,0.22142857142857147,0.8750000000000004,0.4,0.0,0.5500000000000002,0.7499999999999983,0.5857142857142846,0.6357142857142845
0.4230769230769226,0.1453857421875,0.196044921875,0.37500000000000006,0.2,0.0,0.37500000000000006,0.15714285714285717,0.12142857142857146,0.22857142857142862,0.8750000000000004,0.4,0.0,0.5500000000000002,0.7499999999999983,0.5857142857142846,0.6357142857142845
0.42403846153846103,0.145751953125,0.196533203125,0.37500000000000006,0.2,0.0,0.37500000000000006,0.15714285714285717,0.12142857142857146,0.22857142857142862,0.8750000000000004,0.4,0.0,0.5500000000000002,0.7499999999999983,0.5928571428571418,0.6357142857142845
0.4249999999999995,0.14599609375,0.1968994140625,0.37500000000000006,0.2,0.0,0.37500000000000006,0.15714285714285717,0.12142857142857146,0.22857142857142862,0.8750000000000004,0.4,0.0,0.5500000000000002,0.7499999999999983,0.5928571428571418,0.6428571428571416
0.4259615384615379,0.1463623046875,0.197265625,0.37500000000000006,0.2,0.0,0.37500000000000006,0.1642857142857143,0.12142857142857146,0.22857142857142862,0.8750000000000004,0.4,0.0,0.5500000000000002,0.7499999999999983,0.5928571428571418,0.6428571428571416
0.4269230769230764,0.146728515625,0.1976318359375,0.37500000000000006,0.2,0.0,0.37500000000000006,0.17142857142857146,0.12142857142857146,0.22857142857142862,0.8750000000000004,0.4,0.0,0.5500000000000002,0.7499999999999983,0.5928571428571418,0.6428571428571416
0.42788461538461486,0.1470947265625,0.197998046875,0.37500000000000006,0.2,0.0,0.37500000000000006,0.17142857142857146,0.12142857142857146,0.22857142857142862,0.8750000000000004,0.4,0.0,0.5500000000000002,0.7499999999999983,0.5999999999999989,0.6428571428571416
0.4288461538461533,0.1473388671875,0.198486328125,0.37500000000000006,0.2,0.0,0.37500000000000006,0.17142857142857146,0.12142857142857146,0.22857142857142862,0.8750000000000004,0.4,0.0,0.5500000000000002,0.7499999999999983,0.5999999999999989,0.6499999999999987
0.4298076923076918,0.147705078125,0.198974609375,0.37500000000000006,0.2,0.0,0.37500000000000006,0.17142857142857146,0.12142857142857146,0.22857142857142862,0.8750000000000004,0.4,0.0,0.5500000000000002,0.7499999999999983,0.607142857142856,0.6499999999999987
0.43076923076923024,0.14794921875,0.1993408203125,0.37500000000000006,0.2,0.0,0.37500000000000006,0.17142857142857146,0.12142857142857146,0.22857142857142862,0.8750000000000004,0.4,0.0,0.5500000000000002,0.7499999999999983,0.607142857142856,0.6571428571428558
0.43173076923076875,0.1483154296875,0.1995849609375,0.37500000000000006,0.2,0.0,0.37500000000000006,0.17142857142857146,0.12142857142857146,0.22857142857142862,0.8750000000000004,0.4,0.0,0.5500000000000002,0.7571428571428555,0.607142857142856,0.6571428571428558
0.4326923076923072,0.148681640625,0.2000732421875,0.37500000000000006,0.2,0.0,0.37500000000000006,0.17142857142857146,0.12142857142857146,0.22857142857142862,0.8750000000000004,0.4,0.0,0.5500000000000002,0.7642857142857126,0.607142857142856,0.6571428571428558
0.4336538461538456,0.1490478515625,0.200439453125,0.37500000000000006,0.2,0.0,0.37500000000000006,0.17142857142857146,0.12142857142857146,0.22857142857142862,0.8750000000000004,0.4,0.0,0.5500000000000002,0.7714285714285697,0.607142857142856,0.6571428571428558
0.43461538461538407,0.1494140625,0.2008056640625,0.37500000000000006,0.2,0.0,0.37500000000000006,0.17142857142857146,0.1285714285714286,0.22857142857142862,0.8750000000000004,0.4,0.0,0.5500000000000002,0.7714285714285697,0.607142857142856,0.6571428571428558
0.4355769230769226,0.1497802734375,0.201171875,0.37500000000000006,0.2,0.0,0.37500000000000006,0.17142857142857146,0.1285714285714286,0.22857142857142862,0.8750000000000004,0.4,0.0,0.5500000000000002,0.7785714285714268,0.607142857142856,0.6571428571428558
0.436538461538461,0.150146484375,0.2015380859375,0.37500000000000006,0.2,0.0,0.37500000000000006,0.17142857142857146,0.1285714285714286,0.22857142857142862,0.8750000000000004,0.4,0.0,0.5500000000000002,0.7785714285714268,0.6142857142857131,0.6571428571428558
0.4374999999999995,0.1505126953125,0.2021484375,0.4000000000000001,0.2,0.0,0.37500000000000006,0.17142857142857146,0.1285714285714286,0.22857142857142862,0.8750000000000004,0.4,0.0,0.5500000000000002,0.7785714285714268,0.6142857142857131,0.6571428571428558
0.4384615384615379,0.15087890625,0.2025146484375,0.4000000000000001,0.2,0.0,0.37500000000000006,0.17142857142857146,0.13571428571428573,0.22857142857142862,0.8750000000000004,0.4,0.0,0.5500000000000002,0.7785714285714268,0.6142857142857131,0.6571428571428558
0.4394230769230764,0.1512451171875,0.202880859375,0.4000000000000001,0.2,0.0,0.37500000000000006,0.17142857142857146,0.13571428571428573,0.22857142857142862,0.8750000000000004,0.4,0.0,0.5500000000000002,0.7785714285714268,0.6214285714285702,0.6571428571428558
0.4403846153846149,0.1514892578125,0.203125,0.4000000000000001,0.2,0.0,0.37500000000000006,0.17142857142857146,0.13571428571428573,0.22857142857142862,0.8750000000000004,0.4,0.0,0.5500000000000002,0.7785714285714268,0.6214285714285702,0.6642857142857129
0.44134615384615333,0.15185546875,0.20361328125,0.4000000000000001,0.2,0.0,0.37500000000000006,0.17142857142857146,0.13571428571428573,0.22857142857142862,0.8750000000000004,0.4,0.0,0.5500000000000002,0.7785714285714268,0.6285714285714273,0.6642857142857129
0.44230769230769174,0.152099609375,0.2039794921875,0.4000000000000001,0.2,0.0,0.37500000000000006,0.17142857142857146,0.13571428571428573,0.22857142857142862,0.8750000000000004,0.4,0.0,0.5500000000000002,0.7785714285714268,0.6285714285714273,0.67142857142857
0.4432692307692303,0.1524658203125,0.204345703125,0.4000000000000001,0.2,0.0,0.37500000000000006,0.17142857142857146,0.13571428571428573,0.22857142857142862,0.8750000000000004,0.4,0.0,0.5750000000000002,0.7785714285714268,0.6285714285714273,0.67142857142857
0.4442307692307687,0.15283203125,0.2047119140625,0.4000000000000001,0.2,0.0,0.37500000000000006,0.17142857142857146,0.13571428571428573,0.22857142857142862,0.8750000000000004,0.4,0.0,0.5750000000000002,0.7785714285714268,0.6357142857142845,0.67142857142857
0.44519230769230717,0.153076171875,0.205078125,0.4000000000000001,0.2,0.0,0.37500000000000006,0.17142857142857146,0.13571428571428573,0.22857142857142862,0.8750000000000004,0.4,0.0,0.5750000000000002,0.7785714285714268,0.6357142857142845,0.6785714285714272
0.44615384615384557,0.1534423828125,0.2054443359375,0.4000000000000001,0.2,0.0,0.37500000000000006,0.17142857142857146,0.13571428571428573,0.22857142857142862,0.8750000000000004,0.4,0.0,0.5750000000000002,0.7857142857142839,0.6357142857142845,0.6785714285714272
0.4471153846153841,0.15380859375,0.205810546875,0.4000000000000001,0.2,0.0,0.37500000000000006,0.17142857142857146,0.13571428571428573,0.22857142857142862,0.8750000000000004,0.4,0.0,0.5750000000000002,0.7857142857142839,0.6428571428571416,0.6785714285714272
0.44807692307692254,0.154052734375,0.206298828125,0.4000000000000001,0.2,0.0,0.37500000000000006,0.17142857142857146,0.13571428571428573,0.22857142857142862,0.8750000000000004,0.4,0.0,0.5750000000000002,0.7857142857142839,0.6428571428571416,0.6857142857142843
0.449038461538461,0.1544189453125,0.2066650390625,0.4000000000000001,0.2,0.0,0.37500000000000006,0.17142857142857146,0.13571428571428573,0.22857142857142862,0.8750000000000004,0.4,0.0,0.5750000000000002,0.7857142857142839,0.6499999999999987,0.6857142857142843
0.4499999999999995,0.1546630859375,0.2071533203125,0.4000000000000001,0.2,0.0,0.37500000000000006,0.17142857142857146,0.13571428571428573,0.22857142857142862,0.8750000000000004,0.4,0.0,0.5750000000000002,0.7857142857142839,0.6499999999999987,0.6928571428571414
0.4509615384615379,0.155029296875,0.2073974609375,0.4000000000000001,0.2,0.0,0.4000000000000001,0.17142857142857146,0.13571428571428573,0.22857142857142862,0.8750000000000004,0.4,0.0,0.5750000000000002,0.7857142857142839,0.6499999999999987,0.6928571428571414
0.45192307692307637,0.1553955078125,0.207763671875,0.4000000000000001,0.2,0.0,0.4000000000000001,0.17142857142857146,0.13571428571428573,0.22857142857142862,0.8750000000000004,0.5,0.0,0.5750000000000002,0.7857142857142839,0.6499999999999987,0.6928571428571414
0.45288461538461483,0.15576171875,0.208251953125,0.4000000000000001,0.2,0.0,0.4000000000000001,0.17142857142857146,0.13571428571428573,0.22857142857142862,0.8750000000000004,0.5,0.0,0.5750000000000002,0.7857142857142839,0.6571428571428558,0.6928571428571414
0.45384615384615334,0.156005859375,0.2086181640625,0.4000000000000001,0.2,0.0,0.4000000000000001,0.17142857142857146,0.13571428571428573,0.22857142857142862,0.8750000000000004,0.5,0.0,0.5750000000000002,0.7857142857142839,0.6571428571428558,0.6999999999999985
0.45480769230769175,0.1563720703125,0.208984375,0.4000000000000001,0.2,0.0,0.4000000000000001,0.17142857142857146,0.13571428571428573,0.22857142857142862,0.8750000000000004,0.5,0.0,0.5750000000000002,0.7857142857142839,0.6642857142857129,0.6999999999999985
0.45576923076923015,0.1566162109375,0.209228515625,0.4000000000000001,0.2,0.0,0.4000000000000001,0.17142857142857146,0.13571428571428573,0.22857142857142862,0.8750000000000004,0.5,0.0,0.5750000000000002,0.7857142857142839,0.6642857142857129,0.7071428571428556
0.4567307692307686,0.156982421875,0.2095947265625,0.4000000000000001,0.2,0.0,0.4000000000000001,0.17142857142857146,0.13571428571428573,0.22857142857142862,0.8750000000000004,0.5,0.0,0.5750000000000002,0.792857142857141,0.6642857142857129,0.7071428571428556
0.45769230769230707,0.1573486328125,0.2100830078125,0.4000000000000001,0.2,0.0,0.4000000000000001,0.17142857142857146,0.13571428571428573,0.22857142857142862,0.8750000000000004,0.5,0.0,0.5750000000000002,0.7999999999999982,0.6642857142857129,0.7071428571428556
0.4586538461538456,0.15771484375,0.2105712890625,0.4000000000000001,0.2,0.0,0.4000000000000001,0.17142857142857146,0.14285714285714288,0.22857142857142862,0.8750000000000004,0.5,0.0,0.5750000000000002,0.7999999999999982,0.6642857142857129,0.7071428571428556
0.45961538461538404,0.1580810546875,0.2109375,0.4000000000000001,0.2,0.0,0.4000000000000001,0.17142857142857146,0.14285714285714288,0.22857142857142862,0.8750000000000004,0.5,0.0,0.5750000000000002,0.8071428571428553,0.6642857142857129,0.7071428571428556
0.46057692307692244,0.158447265625,0.2113037109375,0.4000000000000001,0.2,0.0,0.4000000000000001,0.17142857142857146,0.14285714285714288,0.22857142857142862,0.8750000000000004,0.5,0.0,0.5750000000000002,0.8142857142857124,0.6642857142857129,0.7071428571428556
0.4615384615384609,0.1588134765625,0.211669921875,0.4000000000000001,0.2,0.0,0.4000000000000001,0.17142857142857146,0.14285714285714288,0.22857142857142862,0.8750000000000004,0.5,0.0,0.5750000000000002,0.8142857142857124,0.67142857142857,0.7071428571428556
0.4624999999999994,0.1590576171875,0.2120361328125,0.4000000000000001,0.2,0.0,0.4000000000000001,0.17142857142857146,0.14285714285714288,0.22857142857142862,0.8750000000000004,0.5,0.0,0.5750000000000002,0.8142857142857124,0.67142857142857,0.7142857142857127
0.46346153846153787,0.159423828125,0.21240234375,0.4000000000000001,0.2,0.0,0.4000000000000001,0.17142857142857146,0.14285714285714288,0.22857142857142862,0.8750000000000004,0.5,0.0,0.5750000000000002,0.8142857142857124,0.6785714285714272,0.7142857142857127
0.46442307692307633,0.15966796875,0.2127685546875,0.4000000000000001,0.2,0.0,0.4000000000000001,0.17142857142857146,0.14285714285714288,0.22857142857142862,0.8750000000000004,0.5,0.0,0.5750000000000002,0.8142857142857124,0.6785714285714272,0.7214285714285699
0.46538461538461484,0.1600341796875,0.213134765625,0.4250000000000001,0.2,0.0,0.4000000000000001,0.17142857142857146,0.14285714285714288,0.22857142857142862,0.8750000000000004,0.5,0.0,0.5750000000000002,0.8142857142857124,0.6785714285714272,0.7214285714285699
0.4663461538461533,0.160400390625,0.2135009765625,0.4250000000000001,0.2,0.0,0.4000000000000001,0.17142857142857146,0.14285714285714288,0.22857142857142862,0.8750000000000004,0.5,0.0,0.5750000000000002,0.8142857142857124,0.6857142857142843,0.7214285714285699
0.4673076923076917,0.1607666015625,0.2138671875,0.4250000000000001,0.2,0.0,0.4000000000000001,0.1785714285714286,0.14285714285714288,0.22857142857142862,0.8750000000000004,0.5,0.0,0.5750000000000002,0.8142857142857124,0.6857142857142843,0.7214285714285699
0.46826923076923016,0.1611328125,0.2142333984375,0.4250000000000001,0.2,0.0,0.4000000000000001,0.18571428571428575,0.14285714285714288,0.22857142857142862,0.8750000000000004,0.5,0.0,0.5750000000000002,0.8142857142857124,0.6857142857142843,0.7214285714285699
0.4692307692307687,0.1614990234375,0.214599609375,0.4250000000000001,0.2,0.0,0.4000000000000001,0.18571428571428575,0.14285714285714288,0.22857142857142862,0.8750000000000004,0.5,0.0,0.5750000000000002,0.8142857142857124,0.6928571428571414,0.7214285714285699
0.47019230769230713,0.161865234375,0.215087890625,0.4250000000000001,0.2,0.0,0.4000000000000001,0.18571428571428575,0.15000000000000002,0.22857142857142862,0.8750000000000004,0.5,0.0,0.5750000000000002,0.8142857142857124,0.6928571428571414,0.7214285714285699
0.4711538461538456,0.1622314453125,0.2154541015625,0.4250000000000001,0.2,0.0,0.4000000000000001,0.18571428571428575,0.15000000000000002,0.22857142857142862,0.8750000000000004,0.5,0.0,0.5750000000000002,0.8214285714285695,0.6928571428571414,0.7214285714285699
0.472115384615384,0.16259765625,0.2159423828125,0.4250000000000001,0.2,0.0,0.4000000000000001,0.18571428571428575,0.15000000000000002,0.22857142857142862,0.8750000000000004,0.5,0.0,0.5750000000000002,0.8285714285714266,0.6928571428571414,0.7214285714285699
0.4730769230769225,0.1629638671875,0.2161865234375,0.4250000000000001,0.2,0.0,0.4000000000000001,0.18571428571428575,0.15000000000000002,0.22857142857142862,0.8750000000000004,0.5,0.0,0.5750000000000002,0.8285714285714266,0.6999999999999985,0.7214285714285699
0.47403846153846096,0.1632080078125,0.216552734375,0.4250000000000001,0.2,0.0,0.4000000000000001,0.18571428571428575,0.15000000000000002,0.22857142857142862,0.8750000000000004,0.5,0.0,0.5750000000000002,0.8285714285714266,0.6999999999999985,0.728571428571427
0.47499999999999937,0.1634521484375,0.2169189453125,0.4250000000000001,0.2,0.0,0.4000000000000001,0.18571428571428575,0.15000000000000002,0.22857142857142862,0.8750000000000004,0.5,0.0,0.5750000000000002,0.8285714285714266,0.6999999999999985,0.7357142857142841
0.4759615384615378,0.163818359375,0.21728515625,0.4250000000000001,0.2,0.0,0.4000000000000001,0.18571428571428575,0.15000000000000002,0.22857142857142862,0.8750000000000004,0.5,0.0,0.5750000000000002,0.8285714285714266,0.7071428571428556,0.7357142857142841
0.47692307692307634,0.1640625,0.217529296875,0.4250000000000001,0.2,0.0,0.4000000000000001,0.18571428571428575,0.15000000000000002,0.22857142857142862,0.8750000000000004,0.5,0.0,0.5750000000000002,0.8285714285714266,0.7071428571428556,0.7428571428571412
0.47788461538461474,0.1644287109375,0.2178955078125,0.4250000000000001,0.2,0.0,0.4000000000000001,0.18571428571428575,0.15000000000000002,0.22857142857142862,0.8750000000000004,0.5,0.0,0.5750000000000002,0.8357142857142837,0.7071428571428556,0.7428571428571412
0.4788461538461532,0.164794921875,0.21826171875,0.4250000000000001,0.2,0.0,0.4000000000000001,0.18571428571428575,0.15000000000000002,0.22857142857142862,0.8750000000000004,0.5,0.0,0.5750000000000002,0.8357142857142837,0.7142857142857127,0.7428571428571412
0.47980769230769166,0.1650390625,0.21875,0.4250000000000001,0.2,0.0,0.4000000000000001,0.18571428571428575,0.15000000000000002,0.22857142857142862,0.8750000000000004,0.5,0.0,0.5750000000000002,0.8357142857142837,0.7142857142857127,0.7499999999999983
0.48076923076923017,0.1654052734375,0.2191162109375,0.4250000000000001,0.2,0.0,0.4250000000000001,0.18571428571428575,0.15000000000000002,0.22857142857142862,0.8750000000000004,0.5,0.0,0.5750000000000002,0.8357142857142837,0.7142857142857127,0.7499999999999983
0.48173076923076863,0.165771484375,0.219482421875,0.4250000000000001,0.2,0.0,0.4250000000000001,0.18571428571428575,0.15000000000000002,0.22857142857142862,0.8750000000000004,0.5,0.0,0.5750000000000002,0.8357142857142837,0.7214285714285699,0.7499999999999983
0.4826923076923071,0.1661376953125,0.2198486328125,0.4500000000000001,0.2,0.0,0.4250000000000001,0.18571428571428575,0.15000000000000002,0.22857142857142862,0.8750000000000004,0.5,0.0,0.5750000000000002,0.8357142857142837,0.7214285714285699,0.7499999999999983
0.4836538461538455,0.16650390625,0.22021484375,0.4500000000000001,0.2,0.0,0.4250000000000001,0.18571428571428575,0.15000000000000002,0.22857142857142862,0.8750000000000004,0.5,0.0,0.5750000000000002,0.8357142857142837,0.728571428571427,0.7499999999999983
0.484615384615384,0.166748046875,0.2205810546875,0.4500000000000001,0.2,0.0,0.4250000000000001,0.18571428571428575,0.15000000000000002,0.22857142857142862,0.8750000000000004,0.5,0.0,0.5750000000000002,0.8357142857142837,0.728571428571427,0.7571428571428555
0.4855769230769225,0.1671142578125,0.220947265625,0.4500000000000001,0.2,0.0,0.4250000000000001,0.18571428571428575,0.15714285714285717,0.22857142857142862,0.8750000000000004,0.5,0.0,0.5750000000000002,0.8357142857142837,0.728571428571427,0.7571428571428555
0.4865384615384609,0.16748046875,0.22119140625,0.4500000000000001,0.2,0.0,0.4250000000000001,0.18571428571428575,0.15714285714285717,0.22857142857142862,0.8750000000000004,0.5,0.0,0.5750000000000002,0.8357142857142837,0.7357142857142841,0.7571428571428555
0.4874999999999993,0.1678466796875,0.2215576171875,0.4500000000000001,0.2,0.0,0.4250000000000001,0.1928571428571429,0.15714285714285717,0.22857142857142862,0.8750000000000004,0.5,0.0,0.5750000000000002,0.8357142857142837,0.7357142857142841,0.7571428571428555
0.4884615384615377,0.168212890625,0.221923828125,0.4500000000000001,0.2,0.0,0.4250000000000001,0.20000000000000004,0.15714285714285717,0.22857142857142862,0.8750000000000004,0.5,0.0,0.5750000000000002,0.8357142857142837,0.7357142857142841,0.7571428571428555
0.4894230769230763,0.1685791015625,0.222412109375,0.4500000000000001,0.2,0.0,0.4250000000000001,0.20000000000000004,0.15714285714285717,0.22857142857142862,0.8750000000000004,0.5,0.0,0.5750000000000002,0.8428571428571409,0.7357142857142841,0.7571428571428555
0.4903846153846147,0.1689453125,0.2227783203125,0.4500000000000001,0.2,0.0,0.4250000000000001,0.20000000000000004,0.15714285714285717,0.22857142857142862,0.8750000000000004,0.5,0.0,0.5750000000000002,0.849999999999998,0.7357142857142841,0.7571428571428555
0.49134615384615327,0.1693115234375,0.22314453125,0.4500000000000001,0.2,0.0,0.4250000000000001,0.20000000000000004,0.1642857142857143,0.22857142857142862,0.8750000000000004,0.5,0.0,0.5750000000000002,0.849999999999998,0.7357142857142841,0.7571428571428555
0.49230769230769167,0.169677734375,0.2235107421875,0.4500000000000001,0.2,0.0,0.4250000000000001,0.20000000000000004,0.17142857142857146,0.22857142857142862,0.8750000000000004,0.5,0.0,0.5750000000000002,0.849999999999998,0.7357142857142841,0.7571428571428555
0.49326923076923007,0.1700439453125,0.223876953125,0.4500000000000001,0.2,0.0,0.4250000000000001,0.20000000000000004,0.17142857142857146,0.22857142857142862,0.8750000000000004,0.5,0.0,0.6000000000000002,0.849999999999998,0.7357142857142841,0.7571428571428555
0.4942307692307686,0.17041015625,0.22412109375,0.4500000000000001,0.2,0.0,0.4250000000000001,0.20000000000000004,0.17142857142857146,0.22857142857142862,0.8750000000000004,0.5,0.0,0.6000000000000002,0.849999999999998,0.7428571428571412,0.7571428571428555
0.495192307692307,0.170654296875,0.2244873046875,0.4500000000000001,0.2,0.0,0.4250000000000001,0.20000000000000004,0.17142857142857146,0.22857142857142862,0.8750000000000004,0.5,0.0,0.6000000000000002,0.849999999999998,0.7428571428571412,0.7642857142857126
0.4961538461538455,0.1708984375,0.22509765625,0.4500000000000001,0.2,0.0,0.4250000000000001,0.20000000000000004,0.17142857142857146,0.22857142857142862,0.8750000000000004,0.5,0.0,0.6000000000000002,0.849999999999998,0.7428571428571412,0.7714285714285697
0.49711538461538396,0.171142578125,0.225341796875,0.4500000000000001,0.2,0.0,0.4250000000000001,0.20000000000000004,0.17142857142857146,0.22857142857142862,0.8750000000000004,0.5,0.0,0.6000000000000002,0.849999999999998,0.7428571428571412,0.7785714285714268
0.4980769230769224,0.1715087890625,0.2257080078125,0.4500000000000001,0.2,0.0,0.4250000000000001,0.20000000000000004,0.17142857142857146,0.22857142857142862,0.8750000000000004,0.5,0.0,0.6000000000000002,0.8571428571428551,0.7428571428571412,0.7785714285714268
0.49903846153846093,0.171875,0.2261962890625,0.4500000000000001,0.2,0.0,0.4250000000000001,0.20000000000000004,0.17142857142857146,0.22857142857142862,0.8750000000000004,0.5,0.0,0.6000000000000002,0.8571428571428551,0.7499999999999983,0.7785714285714268
0.49999999999999933,0.172119140625,0.2265625,0.4500000000000001,0.2,0.0,0.4250000000000001,0.20000000000000004,0.17142857142857146,0.22857142857142862,0.8750000000000004,0.5,0.0,0.6000000000000002,0.8571428571428551,0.7499999999999983,0.7857142857142839
0.5009615384615377,0.1724853515625,0.2269287109375,0.47500000000000014,0.2,0.0,0.4250000000000001,0.20000000000000004,0.17142857142857146,0.22857142857142862,0.8750000000000004,0.5,0.0,0.6000000000000002,0.8571428571428551,0.7499999999999983,0.7857142857142839
0.5019230769230763,0.1728515625,0.227294921875,0.47500000000000014,0.2,0.0,0.4250000000000001,0.20000000000000004,0.17142857142857146,0.22857142857142862,0.8750000000000004,0.5,0.0,0.6000000000000002,0.8571428571428551,0.7571428571428555,0.7857142857142839
0.5028846153846147,0.1732177734375,0.2275390625,0.47500000000000014,0.2,0.0,0.4250000000000001,0.20714285714285718,0.17142857142857146,0.22857142857142862,0.8750000000000004,0.5,0.0,0.6000000000000002,0.8571428571428551,0.7571428571428555,0.7857142857142839
0.5038461538461532,0.173583984375,0.2279052734375,0.47500000000000014,0.2,0.0,0.4250000000000001,0.20714285714285718,0.17142857142857146,0.22857142857142862,0.8750000000000004,0.5,0.0,0.6000000000000002,0.8571428571428551,0.7642857142857126,0.7857142857142839
0.5048076923076916,0.173828125,0.228271484375,0.47500000000000014,0.2,0.0,0.4250000000000001,0.20714285714285718,0.17142857142857146,0.22857142857142862,0.8750000000000004,0.5,0.0,0.6000000000000002,0.8571428571428551,0.7714285714285697,0.7857142857142839
0.5057692307692301,0.1741943359375,0.2286376953125,0.47500000000000014,0.2,0.0,0.4250000000000001,0.20714285714285718,0.17142857142857146,0.22857142857142862,0.8750000000000004,0.5,0.0,0.6000000000000002,0.8571428571428551,0.7785714285714268,0.7857142857142839
0.5067307692307685,0.1744384765625,0.2288818359375,0.47500000000000014,0.2,0.0,0.4250000000000001,0.20714285714285718,0.17142857142857146,0.22857142857142862,0.8750000000000004,0.5,0.0,0.6000000000000002,0.8571428571428551,0.7785714285714268,0.792857142857141
0.507692307692307,0.1748046875,0.2293701171875,0.47500000000000014,0.2,0.0,0.4250000000000001,0.21428571428571433,0.17142857142857146,0.22857142857142862,0.8750000000000004,0.5,0.0,0.6000000000000002,0.8571428571428551,0.7785714285714268,0.792857142857141
0.5086538461538455,0.1751708984375,0.229736328125,0.47500000000000014,0.2,0.0,0.4250000000000001,0.21428571428571433,0.17142857142857146,0.22857142857142862,0.8750000000000004,0.5,0.0,0.6000000000000002,0.8571428571428551,0.7857142857142839,0.792857142857141
0.5096153846153839,0.1754150390625,0.2301025390625,0.47500000000000014,0.2,0.0,0.4250000000000001,0.21428571428571433,0.17142857142857146,0.22857142857142862,0.8750000000000004,0.5,0.0,0.6000000000000002,0.8571428571428551,0.7857142857142839,0.7999999999999982
0.5105769230769224,0.17578125,0.23046875,0.47500000000000014,0.2,0.0,0.4250000000000001,0.21428571428571433,0.17142857142857146,0.22857142857142862,0.8750000000000004,0.5,0.0,0.6000000000000002,0.8642857142857122,0.7857142857142839,0.7999999999999982
0.5115384615384608,0.1761474609375,0.230712890625,0.47500000000000014,0.2,0.0,0.4250000000000001,0.21428571428571433,0.17142857142857146,0.22857142857142862,0.8750000000000004,0.5,0.0,0.6000000000000002,0.8714285714285693,0.7857142857142839,0.7999999999999982
0.5124999999999993,0.176513671875,0.2310791015625,0.47500000000000014,0.2,0.0,0.4250000000000001,0.21428571428571433,0.17142857142857146,0.22857142857142862,0.8750000000000004,0.5,0.0,0.6000000000000002,0.8714285714285693,0.792857142857141,0.7999999999999982
0.5134615384615377,0.1767578125,0.2314453125,0.47500000000000014,0.2,0.0,0.4250000000000001,0.21428571428571433,0.17142857142857146,0.22857142857142862,0.8750000000000004,0.5,0.0,0.6000000000000002,0.8714285714285693,0.792857142857141,0.8071428571428553
0.5144230769230762,0.177001953125,0.2318115234375,0.47500000000000014,0.2,0.0,0.4250000000000001,0.21428571428571433,0.17142857142857146,0.22857142857142862,0.8750000000000004,0.5,0.0,0.6000000000000002,0.8714285714285693,0.792857142857141,0.8142857142857124
0.5153846153846147,0.1773681640625,0.2320556640625,0.47500000000000014,0.2,0.0,0.4250000000000001,0.21428571428571433,0.17142857142857146,0.22857142857142862,0.8750000000000004,0.5,0.0,0.6000000000000002,0.8714285714285693,0.7999999999999982,0.8142857142857124
0.5163461538461531,0.1776123046875,0.2325439453125,0.47500000000000014,0.2,0.0,0.4250000000000001,0.21428571428571433,0.17142857142857146,0.22857142857142862,0.8750000000000004,0.5,0.0,0.6000000000000002,0.8714285714285693,0.7999999999999982,0.8214285714285695
0.5173076923076916,0.1778564453125,0.23291015625,0.47500000000000014,0.2,0.0,0.4250000000000001,0.21428571428571433,0.17142857142857146,0.22857142857142862,0.8750000000000004,0.5,0.0,0.6000000000000002,0.8714285714285693,0.7999999999999982,0.8285714285714266
0.51826923076923,0.17822265625,0.2332763671875,0.47500000000000014,0.2,0.0,0.4250000000000001,0.21428571428571433,0.17142857142857146,0.22857142857142862,0.8750000000000004,0.5,0.0,0.6000000000000002,0.8714285714285693,0.8071428571428553,0.8285714285714266
0.5192307692307685,0.178466796875,0.233642578125,0.47500000000000014,0.2,0.0,0.4250000000000001,0.21428571428571433,0.17142857142857146,0.22857142857142862,0.8750000000000004,0.5,0.0,0.6000000000000002,0.8714285714285693,0.8071428571428553,0.8357142857142837
0.520192307692307,0.1788330078125,0.23388671875,0.47500000000000014,0.2,0.0,0.4250000000000001,0.21428571428571433,0.17142857142857146,0.22857142857142862,0.8750000000000004,0.5,0.0,0.6000000000000002,0.8714285714285693,0.8142857142857124,0.8357142857142837
0.5211538461538454,0.1790771484375,0.2342529296875,0.47500000000000014,0.2,0.0,0.4250000000000001,0.21428571428571433,0.17142857142857146,0.22857142857142862,0.8750000000000004,0.5,0.0,0.6000000000000002,0.8714285714285693,0.8142857142857124,0.8428571428571409
0.5221153846153839,0.179443359375,0.2344970703125,0.47500000000000014,0.2,0.0,0.4250000000000001,0.22142857142857147,0.17142857142857146,0.22857142857142862,0.8750000000000004,0.5,0.0,0.6000000000000002,0.8714285714285693,0.8142857142857124,0.8428571428571409
0.5230769230769223,0.1798095703125,0.23486328125,0.47500000000000014,0.2,0.0,0.4250000000000001,0.22142857142857147,0.17142857142857146,0.22857142857142862,0.8750000000000004,0.5,0.0,0.6000000000000002,0.8714285714285693,0.8214285714285695,0.8428571428571409
0.5240384615384608,0.1800537109375,0.2352294921875,0.47500000000000014,0.2,0.0,0.4250000000000001,0.22142857142857147,0.17142857142857146,0.22857142857142862,0.8750000000000004,0.5,0.0,0.6000000000000002,0.8714285714285693,0.8214285714285695,0.849999999999998
0.5249999999999992,0.180419921875,0.2357177734375,0.47500000000000014,0.2,0.0,0.4250000000000001,0.22142857142857147,0.17142857142857146,0.22857142857142862,0.8750000000000004,0.5,0.0,0.6000000000000002,0.8714285714285693,0.8285714285714266,0.849999999999998
0.5259615384615377,0.1807861328125,0.2359619140625,0.47500000000000014,0.2,0.0,0.4500000000000001,0.22142857142857147,0.17142857142857146,0.22857142857142862,0.8750000000000004,0.5,0.0,0.6000000000000002,0.8714285714285693,0.8285714285714266,0.849999999999998
0.5269230769230762,0.18115234375,0.236328125,0.47500000000000014,0.2,0.0,0.4500000000000001,0.22857142857142862,0.17142857142857146,0.22857142857142862,0.8750000000000004,0.5,0.0,0.6000000000000002,0.8714285714285693,0.8285714285714266,0.849999999999998
0.5278846153846146,0.1815185546875,0.2366943359375,0.47500000000000014,0.2,0.0,0.4500000000000001,0.23571428571428577,0.17142857142857146,0.22857142857142862,0.8750000000000004,0.5,0.0,0.6000000000000002,0.8714285714285693,0.8285714285714266,0.849999999999998
0.5288461538461531,0.181884765625,0.2369384765625,0.47500000000000014,0.2,0.0,0.4500000000000001,0.23571428571428577,0.17142857142857146,0.22857142857142862,0.9000000000000005,0.5,0.0,0.6000000000000002,0.8714285714285693,0.8285714285714266,0.849999999999998
0.5298076923076915,0.1822509765625,0.2373046875,0.47500000000000014,0.2,0.0,0.4500000000000001,0.2428571428571429,0.17142857142857146,0.22857142857142862,0.9000000000000005,0.5,0.0,0.6000000000000002,0.8714285714285693,0.8285714285714266,0.849999999999998
0.53076923076923,0.1826171875,0.2376708984375,0.47500000000000014,0.2,0.0,0.4500000000000001,0.2428571428571429,0.1785714285714286,0.22857142857142862,0.9000000000000005,0.5,0.0,0.6000000000000002,0.8714285714285693,0.8285714285714266,0.849999999999998
0.5317307692307685,0.1829833984375,0.238037109375,0.47500000000000014,0.2,0.0,0.4500000000000001,0.2428571428571429,0.18571428571428575,0.22857142857142862,0.9000000000000005,0.5,0.0,0.6000000000000002,0.8714285714285693,0.8285714285714266,0.849999999999998
0.532692307692307,0.183349609375,0.23828125,0.47500000000000014,0.2,0.0,0.4500000000000001,0.2428571428571429,0.1928571428571429,0.22857142857142862,0.9000000000000005,0.5,0.0,0.6000000000000002,0.8714285714285693,0.8285714285714266,0.849999999999998
0.5336538461538454,0.1837158203125,0.2386474609375,0.47500000000000014,0.2,0.0,0.4500000000000001,0.2428571428571429,0.20000000000000004,0.22857142857142862,0.9000000000000005,0.5,0.0,0.6000000000000002,0.8714285714285693,0.8285714285714266,0.849999999999998
0.5346153846153838,0.18408203125,0.2391357421875,0.47500000000000014,0.2,0.0,0.4500000000000001,0.2428571428571429,0.20000000000000004,0.22857142857142862,0.9000000000000005,0.5,0.0,0.6000000000000002,0.8785714285714264,0.8285714285714266,0.849999999999998
0.5355769230769223,0.1844482421875,0.239501953125,0.47500000000000014,0.2,0.0,0.4500000000000001,0.2428571428571429,0.20000000000000004,0.22857142857142862,0.9000000000000005,0.5,0.0,0.6000000000000002,0.8857142857142836,0.8285714285714266,0.849999999999998
0.5365384615384607,0.1846923828125,0.23974609375,0.47500000000000014,0.2,0.0,0.4500000000000001,0.2428571428571429,0.20000000000000004,0.22857142857142862,0.9000000000000005,0.5,0.0,0.6000000000000002,0.8857142857142836,0.8285714285714266,0.8571428571428551
0.5374999999999992,0.1849365234375,0.239990234375,0.47500000000000014,0.2,0.0,0.4500000000000001,0.2428571428571429,0.20000000000000004,0.22857142857142862,0.9000000000000005,0.5,0.0,0.6000000000000002,0.8857142857142836,0.8285714285714266,0.8642857142857122
0.5384615384615378,0.185302734375,0.2403564453125,0.47500000000000014,0.2,0.0,0.4500000000000001,0.25000000000000006,0.20000000000000004,0.22857142857142862,0.9000000000000005,0.5,0.0,0.6000000000000002,0.8857142857142836,0.8285714285714266,0.8642857142857122
0.5394230769230762,0.1856689453125,0.2408447265625,0.47500000000000014,0.2,0.0,0.4500000000000001,0.25000000000000006,0.20714285714285718,0.22857142857142862,0.9000000000000005,0.5,0.0,0.6000000000000002,0.8857142857142836,0.8285714285714266,0.8642857142857122
0.5403846153846146,0.18603515625,0.2410888671875,0.47500000000000014,0.2,0.0,0.4500000000000001,0.25000000000000006,0.20714285714285718,0.22857142857142862,0.9000000000000005,0.5,0.0,0.6250000000000002,0.8857142857142836,0.8285714285714266,0.8642857142857122
0.541346153846153,0.1864013671875,0.241455078125,0.47500000000000014,0.2,0.0,0.4500000000000001,0.25000000000000006,0.20714285714285718,0.22857142857142862,0.9000000000000005,0.5,0.0,0.6250000000000002,0.8928571428571407,0.8285714285714266,0.8642857142857122
0.5423076923076915,0.1866455078125,0.24169921875,0.47500000000000014,0.2,0.0,0.4500000000000001,0.25000000000000006,0.20714285714285718,0.22857142857142862,0.9000000000000005,0.5,0.0,0.6250000000000002,0.8928571428571407,0.8285714285714266,0.8714285714285693
0.54326923076923,0.18701171875,0.2421875,0.47500000000000014,0.2,0.0,0.4500000000000001,0.25000000000000006,0.20714285714285718,0.22857142857142862,0.9000000000000005,0.5,0.0,0.6250000000000002,0.8928571428571407,0.8357142857142837,0.8714285714285693
0.5442307692307684,0.187255859375,0.242431640625,0.47500000000000014,0.2,0.0,0.4500000000000001,0.25000000000000006,0.20714285714285718,0.22857142857142862,0.9000000000000005,0.5,0.0,0.6250000000000002,0.8928571428571407,0.8357142857142837,0.8785714285714264
0.5451923076923069,0.1875,0.2427978515625,0.47500000000000014,0.2,0.0,0.4500000000000001,0.25000000000000006,0.20714285714285718,0.22857142857142862,0.9000000000000005,0.5,0.0,0.6250000000000002,0.8928571428571407,0.8357142857142837,0.8857142857142836
0.5461538461538453,0.1878662109375,0.2430419921875,0.5000000000000001,0.2,0.0,0.4500000000000001,0.25000000000000006,0.20714285714285718,0.22857142857142862,0.9000000000000005,0.5,0.0,0.6250000000000002,0.8928571428571407,0.8357142857142837,0.8857142857142836
0.5471153846153839,0.188232421875,0.243408203125,0.5000000000000001,0.2,0.0,0.4500000000000001,0.25000000000000006,0.20714285714285718,0.22857142857142862,0.9000000000000005,0.6,0.0,0.6250000000000002,0.8928571428571407,0.8357142857142837,0.8857142857142836
0.5480769230769224,0.1885986328125,0.24365234375,0.5000000000000001,0.2,0.0,0.4500000000000001,0.25000000000000006,0.20714285714285718,0.22857142857142862,0.9000000000000005,0.6,0.0,0.6250000000000002,0.8999999999999978,0.8357142857142837,0.8857142857142836
0.5490384615384607,0.18896484375,0.243896484375,0.5000000000000001,0.2,0.0,0.4500000000000001,0.25000000000000006,0.21428571428571433,0.22857142857142862,0.9000000000000005,0.6,0.0,0.6250000000000002,0.8999999999999978,0.8357142857142837,0.8857142857142836
0.5499999999999992,0.1893310546875,0.2442626953125,0.5000000000000001,0.2,0.0,0.4500000000000001,0.25000000000000006,0.21428571428571433,0.22857142857142862,0.9000000000000005,0.6,0.0,0.6250000000000002,0.9071428571428549,0.8357142857142837,0.8857142857142836
0.5509615384615377,0.1895751953125,0.2447509765625,0.5000000000000001,0.2,0.0,0.4500000000000001,0.25000000000000006,0.21428571428571433,0.22857142857142862,0.9000000000000005,0.6,0.0,0.6250000000000002,0.9071428571428549,0.8357142857142837,0.8928571428571407
0.5519230769230762,0.18994140625,0.2449951171875,0.5000000000000001,0.2,0.0,0.4500000000000001,0.25000000000000006,0.21428571428571433,0.22857142857142862,0.9000000000000005,0.6,0.0,0.6250000000000002,0.914285714285712,0.8357142857142837,0.8928571428571407
0.5528846153846146,0.1903076171875,0.2452392578125,0.5000000000000001,0.2,0.0,0.47500000000000014,0.25000000000000006,0.21428571428571433,0.22857142857142862,0.9000000000000005,0.6,0.0,0.6250000000000002,0.914285714285712,0.8357142857142837,0.8928571428571407
0.5538461538461531,0.190673828125,0.24560546875,0.5000000000000001,0.2,0.0,0.47500000000000014,0.25000000000000006,0.21428571428571433,0.22857142857142862,0.9000000000000005,0.6,0.0,0.6250000000000002,0.914285714285712,0.8428571428571409,0.8928571428571407
0.5548076923076916,0.19091796875,0.245849609375,0.5000000000000001,0.2,0.0,0.47500000000000014,0.25000000000000006,0.21428571428571433,0.22857142857142862,0.9000000000000005,0.6,0.0,0.6250000000000002,0.914285714285712,0.8428571428571409,0.8999999999999978
0.55576923076923,0.191162109375,0.2462158203125,0.5000000000000001,0.2,0.0,0.47500000000000014,0.25000000000000006,0.21428571428571433,0.22857142857142862,0.9000000000000005,0.6,0.0,0.6250000000000002,0.914285714285712,0.8428571428571409,0.9071428571428549
0.5567307692307685,0.19140625,0.2464599609375,0.5000000000000001,0.2,0.0,0.47500000000000014,0.25000000000000006,0.21428571428571433,0.22857142857142862,0.9000000000000005,0.6,0.0,0.6250000000000002,0.914285714285712,0.8428571428571409,0.914285714285712
0.5576923076923068,0.1917724609375,0.246826171875,0.5250000000000001,0.2,0.0,0.47500000000000014,0.25000000000000006,0.21428571428571433,0.22857142857142862,0.9000000000000005,0.6,0.0,0.6250000000000002,0.914285714285712,0.8428571428571409,0.914285714285712
0.5586538461538453,0.192138671875,0.2471923828125,0.5250000000000001,0.2,0.0,0.47500000000000014,0.2571428571428572,0.21428571428571433,0.22857142857142862,0.9000000000000005,0.6,0.0,0.6250000000000002,0.914285714285712,0.8428571428571409,0.914285714285712
0.5596153846153838,0.1925048828125,0.24755859375,0.5250000000000001,0.2,0.0,0.47500000000000014,0.2571428571428572,0.22142857142857147,0.22857142857142862,0.9000000000000005,0.6,0.0,0.6250000000000002,0.914285714285712,0.8428571428571409,0.914285714285712
0.5605769230769222,0.19287109375,0.247802734375,0.5250000000000001,0.2,0.0,0.47500000000000014,0.2642857142857143,0.22142857142857147,0.22857142857142862,0.9000000000000005,0.6,0.0,0.6250000000000002,0.914285714285712,0.8428571428571409,0.914285714285712
0.5615384615384608,0.1932373046875,0.248046875,0.5250000000000001,0.2,0.0,0.47500000000000014,0.2714285714285714,0.22142857142857147,0.22857142857142862,0.9000000000000005,0.6,0.0,0.6250000000000002,0.914285714285712,0.8428571428571409,0.914285714285712
0.5624999999999992,0.1934814453125,0.2484130859375,0.5250000000000001,0.2,0.0,0.47500000000000014,0.2714285714285714,0.22142857142857147,0.22857142857142862,0.9000000000000005,0.6,0.0,0.6250000000000002,0.914285714285712,0.8428571428571409,0.9214285714285692
0.5634615384615377,0.19384765625,0.2486572265625,0.5250000000000001,0.2,0.0,0.47500000000000014,0.2714285714285714,0.22142857142857147,0.22857142857142862,0.9000000000000005,0.6,0.0,0.6250000000000002,0.9214285714285692,0.8428571428571409,0.9214285714285692
0.564423076923076,0.1942138671875,0.2489013671875,0.5250000000000001,0.2,0.0,0.47500000000000014,0.2714285714285714,0.22142857142857147,0.22857142857142862,0.9000000000000005,0.6,0.0,0.6250000000000002,0.9285714285714263,0.8428571428571409,0.9214285714285692
0.5653846153846145,0.1944580078125,0.249267578125,0.5250000000000001,0.2,0.0,0.47500000000000014,0.2714285714285714,0.22142857142857147,0.22857142857142862,0.9000000000000005,0.6,0.0,0.6250000000000002,0.9285714285714263,0.8428571428571409,0.9285714285714263
0.566346153846153,0.19482421875,0.2496337890625,0.5250000000000001,0.2,0.0,0.47500000000000014,0.2714285714285714,0.22142857142857147,0.22857142857142862,0.9000000000000005,0.6,0.0,0.6250000000000002,0.9357142857142834,0.8428571428571409,0.9285714285714263
0.5673076923076915,0.1951904296875,0.2498779296875,0.5250000000000001,0.2,0.0,0.47500000000000014,0.2714285714285714,0.22142857142857147,0.22857142857142862,0.9000000000000005,0.6,0.0,0.6250000000000002,0.9357142857142834,0.849999999999998,0.9285714285714263
0.5682692307692299,0.1954345703125,0.250244140625,0.5250000000000001,0.2,0.0,0.47500000000000014,0.2714285714285714,0.22142857142857147,0.22857142857142862,0.9000000000000005,0.6,0.0,0.6250000000000002,0.9357142857142834,0.8571428571428551,0.9285714285714263
0.5692307692307684,0.19580078125,0.25048828125,0.5250000000000001,0.2,0.0,0.47500000000000014,0.2785714285714285,0.22142857142857147,0.22857142857142862,0.9000000000000005,0.6,0.0,0.6250000000000002,0.9357142857142834,0.8571428571428551,0.9285714285714263
0.5701923076923069,0.1961669921875,0.250732421875,0.5250000000000001,0.2,0.0,0.47500000000000014,0.28571428571428564,0.22142857142857147,0.22857142857142862,0.9000000000000005,0.6,0.0,0.6250000000000002,0.9357142857142834,0.8571428571428551,0.9285714285714263
0.5711538461538452,0.196533203125,0.2509765625,0.5250000000000001,0.2,0.0,0.47500000000000014,0.28571428571428564,0.22857142857142862,0.22857142857142862,0.9000000000000005,0.6,0.0,0.6250000000000002,0.9357142857142834,0.8571428571428551,0.9285714285714263
0.5721153846153838,0.1968994140625,0.251220703125,0.5250000000000001,0.2,0.0,0.47500000000000014,0.28571428571428564,0.23571428571428577,0.22857142857142862,0.9000000000000005,0.6,0.0,0.6250000000000002,0.9357142857142834,0.8571428571428551,0.9285714285714263
0.5730769230769222,0.1971435546875,0.251708984375,0.5250000000000001,0.2,0.0,0.47500000000000014,0.28571428571428564,0.23571428571428577,0.22857142857142862,0.9000000000000005,0.6,0.0,0.6250000000000002,0.9357142857142834,0.8571428571428551,0.9357142857142834
0.5740384615384607,0.197509765625,0.251953125,0.5250000000000001,0.2,0.0,0.47500000000000014,0.28571428571428564,0.2428571428571429,0.22857142857142862,0.9000000000000005,0.6,0.0,0.6250000000000002,0.9357142857142834,0.8571428571428551,0.9357142857142834
0.5749999999999992,0.19775390625,0.252197265625,0.5250000000000001,0.2,0.0,0.47500000000000014,0.28571428571428564,0.2428571428571429,0.22857142857142862,0.9000000000000005,0.6,0.0,0.6250000000000002,0.9357142857142834,0.8571428571428551,0.9428571428571405
0.5759615384615376,0.1981201171875,0.25244140625,0.5250000000000001,0.2,0.0,0.47500000000000014,0.28571428571428564,0.25000000000000006,0.22857142857142862,0.9000000000000005,0.6,0.0,0.6250000000000002,0.9357142857142834,0.8571428571428551,0.9428571428571405
0.5769230769230761,0.198486328125,0.2529296875,0.5250000000000001,0.2,0.0,0.47500000000000014,0.28571428571428564,0.2571428571428572,0.22857142857142862,0.9000000000000005,0.6,0.0,0.6250000000000002,0.9357142857142834,0.8571428571428551,0.9428571428571405
0.5778846153846146,0.1988525390625,0.253173828125,0.5250000000000001,0.2,0.0,0.47500000000000014,0.28571428571428564,0.2571428571428572,0.22857142857142862,0.9000000000000005,0.6,0.0,0.6250000000000002,0.9357142857142834,0.8642857142857122,0.9428571428571405
0.578846153846153,0.1990966796875,0.25341796875,0.5250000000000001,0.2,0.0,0.47500000000000014,0.28571428571428564,0.2571428571428572,0.22857142857142862,0.9000000000000005,0.6,0.0,0.6250000000000002,0.9357142857142834,0.8714285714285693,0.9428571428571405
0.5798076923076916,0.199462890625,0.253662109375,0.5500000000000002,0.2,0.0,0.47500000000000014,0.28571428571428564,0.2571428571428572,0.22857142857142862,0.9000000000000005,0.6,0.0,0.6250000000000002,0.9357142857142834,0.8714285714285693,0.9428571428571405
0.5807692307692299,0.1998291015625,0.25390625,0.5500000000000002,0.2,0.0,0.47500000000000014,0.28571428571428564,0.2571428571428572,0.22857142857142862,0.9000000000000005,0.6,0.0,0.6250000000000002,0.9428571428571405,0.8714285714285693,0.9428571428571405
0.5817307692307684,0.2001953125,0.25439453125,0.5500000000000002,0.2,0.0,0.47500000000000014,0.28571428571428564,0.2571428571428572,0.22857142857142862,0.9000000000000005,0.6,0.0,0.6250000000000002,0.9499999999999976,0.8714285714285693,0.9428571428571405
0.5826923076923068,0.2005615234375,0.254638671875,0.5500000000000002,0.2,0.0,0.47500000000000014,0.28571428571428564,0.2571428571428572,0.22857142857142862,0.9000000000000005,0.6,0.0,0.6250000000000002,0.9499999999999976,0.8785714285714264,0.9428571428571405
0.5836538461538453,0.2008056640625,0.2548828125,0.5500000000000002,0.2,0.0,0.47500000000000014,0.28571428571428564,0.2571428571428572,0.22857142857142862,0.9000000000000005,0.6,0.0,0.6250000000000002,0.9499999999999976,0.8857142857142836,0.9428571428571405
0.5846153846153838,0.201171875,0.255126953125,0.5500000000000002,0.2,0.0,0.47500000000000014,0.28571428571428564,0.2571428571428572,0.22857142857142862,0.9000000000000005,0.6,0.0,0.6250000000000002,0.9499999999999976,0.8928571428571407,0.9428571428571405
0.5855769230769222,0.201416015625,0.25537109375,0.5500000000000002,0.2,0.0,0.47500000000000014,0.28571428571428564,0.2571428571428572,0.22857142857142862,0.9000000000000005,0.6,0.0,0.6250000000000002,0.9499999999999976,0.8928571428571407,0.9499999999999976
0.5865384615384607,0.20166015625,0.255859375,0.5500000000000002,0.2,0.0,0.47500000000000014,0.28571428571428564,0.2571428571428572,0.22857142857142862,0.9000000000000005,0.6,0.0,0.6250000000000002,0.9499999999999976,0.8928571428571407,0.9571428571428547
0.5874999999999991,0.2020263671875,0.256103515625,0.5500000000000002,0.2,0.0,0.47500000000000014,0.28571428571428564,0.2642857142857143,0.22857142857142862,0.9000000000000005,0.6,0.0,0.6250000000000002,0.9499999999999976,0.8928571428571407,0.9571428571428547
0.5884615384615377,0.202392578125,0.25634765625,0.5500000000000002,0.2,0.0,0.47500000000000014,0.28571428571428564,0.2714285714285714,0.22857142857142862,0.9000000000000005,0.6,0.0,0.6250000000000002,0.9499999999999976,0.8928571428571407,0.9571428571428547
0.589423076923076,0.2027587890625,0.256591796875,0.5500000000000002,0.30000000000000004,0.0,0.47500000000000014,0.28571428571428564,0.2714285714285714,0.22857142857142862,0.9000000000000005,0.6,0.0,0.6250000000000002,0.9499999999999976,0.8928571428571407,0.9571428571428547
0.5903846153846145,0.203125,0.2568359375,0.5500000000000002,0.30000000000000004,0.0,0.5000000000000001,0.28571428571428564,0.2714285714285714,0.22857142857142862,0.9000000000000005,0.6,0.0,0.6250000000000002,0.9499999999999976,0.8928571428571407,0.9571428571428547
0.5913461538461531,0.2034912109375,0.257080078125,0.5500000000000002,0.30000000000000004,0.0,0.5000000000000001,0.29285714285714276,0.2714285714285714,0.22857142857142862,0.9000000000000005,0.6,0.0,0.6250000000000002,0.9499999999999976,0.8928571428571407,0.9571428571428547
0.5923076923076914,0.203857421875,0.25732421875,0.5500000000000002,0.30000000000000004,0.0,0.5000000000000001,0.2999999999999999,0.2714285714285714,0.22857142857142862,0.9000000000000005,0.6,0.0,0.6250000000000002,0.9499999999999976,0.8928571428571407,0.9571428571428547
0.59326923076923,0.2042236328125,0.257568359375,0.5500000000000002,0.30000000000000004,0.0,0.5000000000000001,0.307142857142857,0.2714285714285714,0.22857142857142862,0.9000000000000005,0.6,0.0,0.6250000000000002,0.9499999999999976,0.8928571428571407,0.9571428571428547
0.5942307692307683,0.20458984375,0.2578125,0.5750000000000002,0.30000000000000004,0.0,0.5000000000000001,0.307142857142857,0.2714285714285714,0.22857142857142862,0.9000000000000005,0.6,0.0,0.6250000000000002,0.9499999999999976,0.8928571428571407,0.9571428571428547
0.5951923076923068,0.2049560546875,0.258056640625,0.5750000000000002,0.30000000000000004,0.0,0.5000000000000001,0.307142857142857,0.2714285714285714,0.22857142857142862,0.9250000000000005,0.6,0.0,0.6250000000000002,0.9499999999999976,0.8928571428571407,0.9571428571428547
0.5961538461538454,0.205322265625,0.25830078125,0.5750000000000002,0.30000000000000004,0.0,0.5000000000000001,0.3142857142857141,0.2714285714285714,0.22857142857142862,0.9250000000000005,0.6,0.0,0.6250000000000002,0.9499999999999976,0.8928571428571407,0.9571428571428547
0.5971153846153837,0.2056884765625,0.2587890625,0.5750000000000002,0.30000000000000004,0.0,0.5000000000000001,0.32142857142857123,0.2714285714285714,0.22857142857142862,0.9250000000000005,0.6,0.0,0.6250000000000002,0.9499999999999976,0.8928571428571407,0.9571428571428547
0.5980769230769222,0.2059326171875,0.259033203125,0.5750000000000002,0.30000000000000004,0.0,0.5000000000000001,0.32142857142857123,0.2714285714285714,0.22857142857142862,0.9250000000000005,0.6,0.0,0.6250000000000002,0.9499999999999976,0.8928571428571407,0.9642857142857119
0.5990384615384606,0.206298828125,0.25927734375,0.5750000000000002,0.30000000000000004,0.0,0.5000000000000001,0.32142857142857123,0.2714285714285714,0.22857142857142862,0.9250000000000005,0.6,0.0,0.6500000000000002,0.9499999999999976,0.8928571428571407,0.9642857142857119
0.5999999999999991,0.2066650390625,0.259521484375,0.5750000000000002,0.30000000000000004,0.0,0.5000000000000001,0.32857142857142835,0.2714285714285714,0.22857142857142862,0.9250000000000005,0.6,0.0,0.6500000000000002,0.9499999999999976,0.8928571428571407,0.9642857142857119
0.6009615384615375,0.20703125,0.259765625,0.5750000000000002,0.30000000000000004,0.0,0.5000000000000001,0.32857142857142835,0.2785714285714285,0.22857142857142862,0.9250000000000005,0.6,0.0,0.6500000000000002,0.9499999999999976,0.8928571428571407,0.9642857142857119
