Effective Sparsity,Activation Error,Baseline Error,q0,k0,v0,o0,gate0,up0,down0,q1,k1,v1,o1,gate1,up1,down1
0.0009615384615384615,0.000995635986328125,0.01214599609375,0.0,0.0,0.0,0.0,0.0,0.0,0.0,0.0,0.0,0.0,0.0,0.007142857142857143,0.0,0.0
0.001923076923076923,0.0015163421630859375,0.01214599609375,0.0,0.0,0.0,0.0,0.0,0.0,0.0,0.0,0.0,0.0,0.0,0.007142857142857143,0.007142857142857143,0.0
0.0028846153846153843,0.0021800994873046875,0.01214599609375,0.0,0.0,0.0,0.0,0.007142857142857143,0.0,0.0,0.0,0.0,0.0,0.0,0.007142857142857143,0.007142857142857143,0.0
0.003846153846153846,0.00274658203125,0.01214599609375,0.0,0.0,0.0,0.0,0.007142857142857143,0.0,0.0,0.0,0.0,0.0,0.0,0.007142857142857143,0.007142857142857143,0.007142857142857143
0.004807692307692307,0.0033969879150390625,0.01214599609375,0.0,0.0,0.0,0.0,0.007142857142857143,0.007142857142857143,0.0,0.0,0.0,0.0,0.0,0.007142857142857143,0.007142857142857143,0.007142857142857143
0.005769230769230769,0.004245758056640625,0.01214599609375,0.0,0.0,0.0,0.0,0.007142857142857143,0.007142857142857143,0.007142857142857143,0.0,0.0,0.0,0.0,0.007142857142857143,0.007142857142857143,0.007142857142857143
0.00673076923076923,0.00921630859375,0.01214599609375,0.0,0.0,0.0,0.0,0.007142857142857143,0.007142857142857143,0.007142857142857143,0.0,0.0,0.0,0.025,0.007142857142857143,0.007142857142857143,0.007142857142857143
0.007692307692307692,0.01357269287109375,0.01214599609375,0.0,0.0,0.0,0.0,0.007142857142857143,0.007142857142857143,0.007142857142857143,0.0,0.0,0.0,0.05,0.007142857142857143,0.007142857142857143,0.007142857142857143
0.008653846153846154,0.017608642578125,0.01214599609375,0.0,0.0,0.0,0.0,0.007142857142857143,0.007142857142857143,0.007142857142857143,0.0,0.0,0.0,0.07500000000000001,0.007142857142857143,0.007142857142857143,0.007142857142857143
0.009615384615384614,0.0214080810546875,0.01214599609375,0.0,0.0,0.0,0.0,0.007142857142857143,0.007142857142857143,0.007142857142857143,0.0,0.0,0.0,0.1,0.007142857142857143,0.007142857142857143,0.007142857142857143
0.010576923076923078,0.024871826171875,0.0848388671875,0.0,0.0,0.0,0.025,0.007142857142857143,0.007142857142857143,0.007142857142857143,0.0,0.0,0.0,0.1,0.007142857142857143,0.007142857142857143,0.007142857142857143
0.01153846153846154,0.0279998779296875,0.09014892578125,0.0,0.0,0.0,0.025,0.007142857142857143,0.007142857142857143,0.007142857142857143,0.025,0.0,0.0,0.1,0.007142857142857143,0.007142857142857143,0.007142857142857143
0.012500000000000002,0.030853271484375,0.0948486328125,0.0,0.0,0.0,0.025,0.007142857142857143,0.007142857142857143,0.007142857142857143,0.025,0.0,0.0,0.125,0.007142857142857143,0.007142857142857143,0.007142857142857143
0.013461538461538466,0.033782958984375,0.0997314453125,0.0,0.0,0.0,0.025,0.007142857142857143,0.007142857142857143,0.007142857142857143,0.025,0.0,0.0,0.15,0.007142857142857143,0.007142857142857143,0.007142857142857143
0.014423076923076926,0.03680419921875,0.104248046875,0.0,0.0,0.0,0.025,0.007142857142857143,0.007142857142857143,0.007142857142857143,0.025,0.0,0.0,0.175,0.007142857142857143,0.007142857142857143,0.007142857142857143
0.015384615384615385,0.039886474609375,0.10870361328125,0.0,0.0,0.0,0.025,0.007142857142857143,0.007142857142857143,0.007142857142857143,0.025,0.0,0.0,0.19999999999999998,0.007142857142857143,0.007142857142857143,0.007142857142857143
0.016346153846153847,0.042938232421875,0.11328125,0.0,0.0,0.0,0.025,0.007142857142857143,0.007142857142857143,0.007142857142857143,0.05,0.0,0.0,0.19999999999999998,0.007142857142857143,0.007142857142857143,0.007142857142857143
0.01730769230769231,0.0458984375,0.11737060546875,0.0,0.0,0.0,0.025,0.007142857142857143,0.007142857142857143,0.007142857142857143,0.05,0.0,0.0,0.22499999999999998,0.007142857142857143,0.007142857142857143,0.007142857142857143
0.01826923076923077,0.048736572265625,0.1212158203125,0.0,0.0,0.0,0.05,0.007142857142857143,0.007142857142857143,0.007142857142857143,0.05,0.0,0.0,0.22499999999999998,0.007142857142857143,0.007142857142857143,0.007142857142857143
0.019230769230769232,0.051666259765625,0.1258544921875,0.0,0.0,0.0,0.05,0.007142857142857143,0.007142857142857143,0.007142857142857143,0.05,0.0,0.0,0.24999999999999997,0.007142857142857143,0.007142857142857143,0.007142857142857143
0.020192307692307693,0.05450439453125,0.1298828125,0.0,0.0,0.0,0.05,0.007142857142857143,0.007142857142857143,0.007142857142857143,0.07500000000000001,0.0,0.0,0.24999999999999997,0.007142857142857143,0.007142857142857143,0.007142857142857143
0.021153846153846155,0.057464599609375,0.1339111328125,0.0,0.0,0.0,0.05,0.007142857142857143,0.007142857142857143,0.007142857142857143,0.07500000000000001,0.0,0.0,0.27499999999999997,0.007142857142857143,0.007142857142857143,0.007142857142857143
0.022115384615384617,0.060333251953125,0.1375732421875,0.0,0.0,0.0,0.07500000000000001,0.007142857142857143,0.007142857142857143,0.007142857142857143,0.07500000000000001,0.0,0.0,0.27499999999999997,0.007142857142857143,0.007142857142857143,0.007142857142857143
0.023076923076923075,0.0631103515625,0.141845703125,0.0,0.0,0.0,0.07500000000000001,0.007142857142857143,0.007142857142857143,0.007142857142857143,0.1,0.0,0.0,0.27499999999999997,0.007142857142857143,0.007142857142857143,0.007142857142857143
0.024038461538461543,0.06597900390625,0.1458740234375,0.0,0.0,0.0,0.07500000000000001,0.007142857142857143,0.007142857142857143,0.007142857142857143,0.1,0.0,0.0,0.3,0.007142857142857143,0.007142857142857143,0.007142857142857143
0.025,0.06878662109375,0.1494140625,0.0,0.0,0.0,0.07500000000000001,0.007142857142857143,0.007142857142857143,0.007142857142857143,0.125,0.0,0.0,0.3,0.007142857142857143,0.007142857142857143,0.007142857142857143
0.025961538461538463,0.07159423828125,0.1533203125,0.0,0.0,0.0,0.1,0.007142857142857143,0.007142857142857143,0.007142857142857143,0.125,0.0,0.0,0.3,0.007142857142857143,0.007142857142857143,0.007142857142857143
0.026923076923076925,0.0743408203125,0.1566162109375,0.0,0.0,0.0,0.1,0.007142857142857143,0.007142857142857143,0.007142857142857143,0.15,0.0,0.0,0.3,0.007142857142857143,0.007142857142857143,0.007142857142857143
0.027884615384615383,0.07708740234375,0.16064453125,0.0,0.0,0.0,0.1,0.007142857142857143,0.007142857142857143,0.007142857142857143,0.15,0.0,0.0,0.325,0.007142857142857143,0.007142857142857143,0.007142857142857143
0.02884615384615385,0.07989501953125,0.1636962890625,0.0,0.0,0.0,0.125,0.007142857142857143,0.007142857142857143,0.007142857142857143,0.15,0.0,0.0,0.325,0.007142857142857143,0.007142857142857143,0.007142857142857143
0.02980769230769231,0.08270263671875,0.16748046875,0.0,0.0,0.0,0.125,0.007142857142857143,0.007142857142857143,0.007142857142857143,0.175,0.0,0.0,0.325,0.007142857142857143,0.007142857142857143,0.007142857142857143
0.030769230769230774,0.08551025390625,0.1710205078125,0.0,0.0,0.0,0.125,0.007142857142857143,0.007142857142857143,0.007142857142857143,0.175,0.0,0.0,0.35000000000000003,0.007142857142857143,0.007142857142857143,0.007142857142857143
0.031730769230769236,0.08831787109375,0.1741943359375,0.0,0.0,0.0,0.125,0.007142857142857143,0.007142857142857143,0.007142857142857143,0.19999999999999998,0.0,0.0,0.35000000000000003,0.007142857142857143,0.007142857142857143,0.007142857142857143
0.032692307692307694,0.09112548828125,0.177734375,0.0,0.0,0.0,0.15,0.007142857142857143,0.007142857142857143,0.007142857142857143,0.19999999999999998,0.0,0.0,0.35000000000000003,0.007142857142857143,0.007142857142857143,0.007142857142857143
0.03365384615384616,0.09381103515625,0.180908203125,0.0,0.0,0.0,0.15,0.007142857142857143,0.007142857142857143,0.007142857142857143,0.22499999999999998,0.0,0.0,0.35000000000000003,0.007142857142857143,0.007142857142857143,0.007142857142857143
0.03461538461538462,0.09661865234375,0.184814453125,0.0,0.0,0.0,0.15,0.007142857142857143,0.007142857142857143,0.007142857142857143,0.22499999999999998,0.0,0.0,0.37500000000000006,0.007142857142857143,0.007142857142857143,0.007142857142857143
0.03557692307692308,0.09942626953125,0.1881103515625,0.025,0.0,0.0,0.15,0.007142857142857143,0.007142857142857143,0.007142857142857143,0.22499999999999998,0.0,0.0,0.37500000000000006,0.007142857142857143,0.007142857142857143,0.007142857142857143
0.03653846153846154,0.10211181640625,0.19189453125,0.025,0.0,0.0,0.175,0.007142857142857143,0.007142857142857143,0.007142857142857143,0.22499999999999998,0.0,0.0,0.37500000000000006,0.007142857142857143,0.007142857142857143,0.007142857142857143
0.0375,0.1048583984375,0.1951904296875,0.025,0.0,0.0,0.175,0.007142857142857143,0.007142857142857143,0.007142857142857143,0.24999999999999997,0.0,0.0,0.37500000000000006,0.007142857142857143,0.007142857142857143,0.007142857142857143
0.038461538461538464,0.1075439453125,0.1988525390625,0.025,0.0,0.0,0.175,0.007142857142857143,0.007142857142857143,0.007142857142857143,0.24999999999999997,0.0,0.0,0.37500000000000006,0.007142857142857143,0.007142857142857143,0.014285714285714285
0.03942307692307692,0.10955810546875,0.2020263671875,0.025,0.0,0.0,0.175,0.007142857142857143,0.007142857142857143,0.007142857142857143,0.24999999999999997,0.0,0.0,0.37500000000000006,0.007142857142857143,0.007142857142857143,0.02142857142857143
0.04038461538461539,0.11175537109375,0.2054443359375,0.025,0.0,0.0,0.175,0.007142857142857143,0.007142857142857143,0.007142857142857143,0.24999999999999997,0.0,0.0,0.37500000000000006,0.007142857142857143,0.007142857142857143,0.02857142857142857
0.041346153846153845,0.1141357421875,0.208740234375,0.025,0.0,0.0,0.175,0.007142857142857143,0.007142857142857143,0.007142857142857143,0.24999999999999997,0.0,0.0,0.37500000000000006,0.007142857142857143,0.007142857142857143,0.03571428571428571
0.0423076923076923,0.11663818359375,0.2120361328125,0.025,0.0,0.0,0.175,0.007142857142857143,0.007142857142857143,0.007142857142857143,0.24999999999999997,0.0,0.0,0.37500000000000006,0.007142857142857143,0.007142857142857143,0.04285714285714286
0.04326923076923077,0.11920166015625,0.215087890625,0.025,0.0,0.0,0.19999999999999998,0.007142857142857143,0.007142857142857143,0.007142857142857143,0.24999999999999997,0.0,0.0,0.37500000000000006,0.007142857142857143,0.007142857142857143,0.04285714285714286
0.044230769230769226,0.12164306640625,0.2183837890625,0.025,0.0,0.0,0.19999999999999998,0.007142857142857143,0.007142857142857143,0.007142857142857143,0.27499999999999997,0.0,0.0,0.37500000000000006,0.007142857142857143,0.007142857142857143,0.04285714285714286
0.045192307692307684,0.12420654296875,0.221923828125,0.025,0.0,0.0,0.19999999999999998,0.007142857142857143,0.007142857142857143,0.007142857142857143,0.27499999999999997,0.0,0.0,0.4000000000000001,0.007142857142857143,0.007142857142857143,0.04285714285714286
0.04615384615384614,0.126708984375,0.224853515625,0.025,0.0,0.0,0.19999999999999998,0.007142857142857143,0.007142857142857143,0.007142857142857143,0.3,0.0,0.0,0.4000000000000001,0.007142857142857143,0.007142857142857143,0.04285714285714286
0.04711538461538461,0.129150390625,0.22802734375,0.025,0.0,0.0,0.19999999999999998,0.007142857142857143,0.007142857142857143,0.007142857142857143,0.3,0.0,0.0,0.4000000000000001,0.007142857142857143,0.007142857142857143,0.05
0.04807692307692308,0.1317138671875,0.2310791015625,0.025,0.0,0.0,0.22499999999999998,0.007142857142857143,0.007142857142857143,0.007142857142857143,0.3,0.0,0.0,0.4000000000000001,0.007142857142857143,0.007142857142857143,0.05
0.049038461538461545,0.1341552734375,0.234130859375,0.025,0.0,0.0,0.22499999999999998,0.007142857142857143,0.007142857142857143,0.007142857142857143,0.3,0.0,0.0,0.4000000000000001,0.014285714285714285,0.007142857142857143,0.05
0.05,0.135986328125,0.2379150390625,0.025,0.0,0.0,0.22499999999999998,0.007142857142857143,0.007142857142857143,0.007142857142857143,0.3,0.0,0.0,0.4000000000000001,0.02142857142857143,0.007142857142857143,0.05
0.05096153846153847,0.13818359375,0.2408447265625,0.025,0.0,0.0,0.22499999999999998,0.007142857142857143,0.007142857142857143,0.007142857142857143,0.3,0.0,0.0,0.4000000000000001,0.02857142857142857,0.007142857142857143,0.05
0.051923076923076926,0.1402587890625,0.2437744140625,0.025,0.0,0.0,0.22499999999999998,0.007142857142857143,0.007142857142857143,0.007142857142857143,0.3,0.0,0.0,0.4000000000000001,0.03571428571428571,0.007142857142857143,0.05
0.052884615384615384,0.142578125,0.2474365234375,0.025,0.0,0.0,0.22499999999999998,0.007142857142857143,0.007142857142857143,0.007142857142857143,0.3,0.0,0.0,0.4000000000000001,0.04285714285714286,0.007142857142857143,0.05
0.05384615384615384,0.144775390625,0.25048828125,0.025,0.0,0.0,0.22499999999999998,0.007142857142857143,0.007142857142857143,0.007142857142857143,0.3,0.0,0.0,0.4000000000000001,0.04285714285714286,0.007142857142857143,0.05714285714285715
0.0548076923076923,0.1470947265625,0.25341796875,0.025,0.0,0.0,0.22499999999999998,0.007142857142857143,0.007142857142857143,0.007142857142857143,0.325,0.0,0.0,0.4000000000000001,0.04285714285714286,0.007142857142857143,0.05714285714285715
0.055769230769230765,0.1492919921875,0.25634765625,0.025,0.0,0.0,0.22499999999999998,0.007142857142857143,0.007142857142857143,0.007142857142857143,0.325,0.0,0.0,0.4000000000000001,0.05,0.007142857142857143,0.05714285714285715
0.05673076923076924,0.151611328125,0.259521484375,0.025,0.0,0.0,0.22499999999999998,0.007142857142857143,0.007142857142857143,0.007142857142857143,0.325,0.0,0.0,0.4000000000000001,0.05,0.007142857142857143,0.0642857142857143
0.0576923076923077,0.1539306640625,0.262451171875,0.025,0.0,0.0,0.22499999999999998,0.007142857142857143,0.007142857142857143,0.007142857142857143,0.35000000000000003,0.0,0.0,0.4000000000000001,0.05,0.007142857142857143,0.0642857142857143
0.05865384615384616,0.15625,0.265869140625,0.025,0.0,0.0,0.22499999999999998,0.007142857142857143,0.007142857142857143,0.007142857142857143,0.35000000000000003,0.0,0.0,0.4000000000000001,0.05714285714285715,0.007142857142857143,0.0642857142857143
0.05961538461538462,0.1585693359375,0.268310546875,0.025,0.0,0.0,0.24999999999999997,0.007142857142857143,0.007142857142857143,0.007142857142857143,0.35000000000000003,0.0,0.0,0.4000000000000001,0.05714285714285715,0.007142857142857143,0.0642857142857143
0.060576923076923084,0.160888671875,0.27197265625,0.025,0.0,0.0,0.24999999999999997,0.007142857142857143,0.007142857142857143,0.007142857142857143,0.37500000000000006,0.0,0.0,0.4000000000000001,0.05714285714285715,0.007142857142857143,0.0642857142857143
0.06153846153846154,0.1632080078125,0.27490234375,0.025,0.0,0.0,0.24999999999999997,0.007142857142857143,0.007142857142857143,0.007142857142857143,0.37500000000000006,0.0,0.0,0.4250000000000001,0.05714285714285715,0.007142857142857143,0.0642857142857143
0.0625,0.1654052734375,0.277587890625,0.025,0.0,0.0,0.24999999999999997,0.007142857142857143,0.007142857142857143,0.007142857142857143,0.37500000000000006,0.0,0.0,0.4250000000000001,0.05714285714285715,0.007142857142857143,0.07142857142857144
0.06346153846153847,0.167724609375,0.28076171875,0.025,0.0,0.0,0.24999999999999997,0.007142857142857143,0.007142857142857143,0.007142857142857143,0.37500000000000006,0.0,0.0,0.4250000000000001,0.0642857142857143,0.007142857142857143,0.07142857142857144
0.06442307692307693,0.1700439453125,0.283935546875,0.025,0.0,0.0,0.24999999999999997,0.007142857142857143,0.007142857142857143,0.007142857142857143,0.4000000000000001,0.0,0.0,0.4250000000000001,0.0642857142857143,0.007142857142857143,0.07142857142857144
0.06538461538461539,0.17236328125,0.286376953125,0.025,0.0,0.0,0.24999999999999997,0.007142857142857143,0.007142857142857143,0.007142857142857143,0.4000000000000001,0.0,0.0,0.4250000000000001,0.07142857142857144,0.007142857142857143,0.07142857142857144
0.06634615384615385,0.1746826171875,0.290283203125,0.025,0.0,0.0,0.24999999999999997,0.007142857142857143,0.007142857142857143,0.007142857142857143,0.4000000000000001,0.0,0.0,0.4250000000000001,0.07857142857142858,0.007142857142857143,0.07142857142857144
0.0673076923076923,0.1768798828125,0.29296875,0.025,0.0,0.0,0.24999999999999997,0.007142857142857143,0.007142857142857143,0.007142857142857143,0.4000000000000001,0.0,0.0,0.4250000000000001,0.07857142857142858,0.007142857142857143,0.07857142857142858
0.06826923076923078,0.1790771484375,0.29541015625,0.025,0.0,0.0,0.24999999999999997,0.007142857142857143,0.007142857142857143,0.007142857142857143,0.4000000000000001,0.0,0.0,0.4250000000000001,0.07857142857142858,0.007142857142857143,0.08571428571428573
0.06923076923076923,0.181396484375,0.2978515625,0.025,0.0,0.0,0.27499999999999997,0.007142857142857143,0.007142857142857143,0.007142857142857143,0.4000000000000001,0.0,0.0,0.4250000000000001,0.07857142857142858,0.007142857142857143,0.08571428571428573
0.07019230769230769,0.18359375,0.30126953125,0.025,0.0,0.0,0.27499999999999997,0.007142857142857143,0.007142857142857143,0.007142857142857143,0.4000000000000001,0.0,0.0,0.4250000000000001,0.07857142857142858,0.007142857142857143,0.09285714285714287
0.07115384615384618,0.1859130859375,0.303955078125,0.025,0.0,0.0,0.27499999999999997,0.007142857142857143,0.007142857142857143,0.007142857142857143,0.4250000000000001,0.0,0.0,0.4250000000000001,0.07857142857142858,0.007142857142857143,0.09285714285714287
0.07211538461538464,0.188232421875,0.306884765625,0.025,0.0,0.0,0.27499999999999997,0.007142857142857143,0.007142857142857143,0.007142857142857143,0.4250000000000001,0.1,0.0,0.4250000000000001,0.07857142857142858,0.007142857142857143,0.09285714285714287
0.0730769230769231,0.1905517578125,0.31005859375,0.025,0.0,0.0,0.27499999999999997,0.007142857142857143,0.007142857142857143,0.007142857142857143,0.4250000000000001,0.1,0.0,0.4500000000000001,0.07857142857142858,0.007142857142857143,0.09285714285714287
0.07403846153846155,0.1927490234375,0.312744140625,0.025,0.0,0.0,0.27499999999999997,0.007142857142857143,0.007142857142857143,0.007142857142857143,0.4250000000000001,0.1,0.0,0.4500000000000001,0.07857142857142858,0.007142857142857143,0.10000000000000002
0.07500000000000001,0.1949462890625,0.3154296875,0.025,0.0,0.0,0.27499999999999997,0.007142857142857143,0.007142857142857143,0.007142857142857143,0.4250000000000001,0.1,0.0,0.4500000000000001,0.07857142857142858,0.007142857142857143,0.10714285714285716
0.07596153846153847,0.197265625,0.318115234375,0.025,0.0,0.0,0.27499999999999997,0.007142857142857143,0.007142857142857143,0.007142857142857143,0.4250000000000001,0.1,0.0,0.4500000000000001,0.08571428571428573,0.007142857142857143,0.10714285714285716
0.07692307692307694,0.1993408203125,0.321533203125,0.025,0.0,0.0,0.27499999999999997,0.007142857142857143,0.007142857142857143,0.007142857142857143,0.4250000000000001,0.1,0.0,0.4500000000000001,0.09285714285714287,0.007142857142857143,0.10714285714285716
0.0778846153846154,0.20166015625,0.32421875,0.025,0.0,0.0,0.3,0.007142857142857143,0.007142857142857143,0.007142857142857143,0.4250000000000001,0.1,0.0,0.4500000000000001,0.09285714285714287,0.007142857142857143,0.10714285714285716
0.07884615384615386,0.203857421875,0.3271484375,0.025,0.0,0.0,0.3,0.007142857142857143,0.007142857142857143,0.007142857142857143,0.4250000000000001,0.1,0.0,0.4500000000000001,0.10000000000000002,0.007142857142857143,0.10714285714285716
0.07980769230769232,0.2060546875,0.329833984375,0.025,0.0,0.0,0.3,0.007142857142857143,0.007142857142857143,0.007142857142857143,0.4250000000000001,0.1,0.0,0.4500000000000001,0.10714285714285716,0.007142857142857143,0.10714285714285716
0.08076923076923077,0.208251953125,0.332763671875,0.025,0.0,0.0,0.3,0.007142857142857143,0.007142857142857143,0.007142857142857143,0.4250000000000001,0.1,0.0,0.4500000000000001,0.10714285714285716,0.007142857142857143,0.11428571428571431
0.08173076923076925,0.21044921875,0.335205078125,0.025,0.0,0.0,0.3,0.007142857142857143,0.007142857142857143,0.007142857142857143,0.4250000000000001,0.1,0.0,0.4500000000000001,0.10714285714285716,0.007142857142857143,0.12142857142857146
0.0826923076923077,0.2127685546875,0.338134765625,0.05,0.0,0.0,0.3,0.007142857142857143,0.007142857142857143,0.007142857142857143,0.4250000000000001,0.1,0.0,0.4500000000000001,0.10714285714285716,0.007142857142857143,0.12142857142857146
0.08365384615384616,0.215087890625,0.34130859375,0.05,0.0,0.0,0.3,0.007142857142857143,0.007142857142857143,0.007142857142857143,0.4500000000000001,0.1,0.0,0.4500000000000001,0.10714285714285716,0.007142857142857143,0.12142857142857146
0.08461538461538463,0.21728515625,0.343994140625,0.05,0.0,0.0,0.3,0.007142857142857143,0.007142857142857143,0.007142857142857143,0.4500000000000001,0.1,0.0,0.4500000000000001,0.11428571428571431,0.007142857142857143,0.12142857142857146
0.08557692307692309,0.219482421875,0.346923828125,0.05,0.0,0.0,0.3,0.007142857142857143,0.007142857142857143,0.007142857142857143,0.4500000000000001,0.1,0.0,0.4500000000000001,0.11428571428571431,0.007142857142857143,0.1285714285714286
0.08653846153846155,0.2216796875,0.349609375,0.05,0.0,0.0,0.3,0.007142857142857143,0.007142857142857143,0.007142857142857143,0.4500000000000001,0.1,0.0,0.4500000000000001,0.11428571428571431,0.014285714285714285,0.1285714285714286
0.08750000000000001,0.223388671875,0.352783203125,0.05,0.0,0.0,0.3,0.007142857142857143,0.007142857142857143,0.007142857142857143,0.4500000000000001,0.1,0.0,0.4500000000000001,0.11428571428571431,0.02142857142857143,0.1285714285714286
0.0884615384615385,0.22509765625,0.355712890625,0.05,0.0,0.0,0.3,0.007142857142857143,0.007142857142857143,0.007142857142857143,0.4500000000000001,0.1,0.0,0.4500000000000001,0.11428571428571431,0.02857142857142857,0.1285714285714286
0.08942307692307695,0.22705078125,0.3583984375,0.05,0.0,0.0,0.3,0.007142857142857143,0.007142857142857143,0.007142857142857143,0.4500000000000001,0.1,0.0,0.4500000000000001,0.11428571428571431,0.03571428571428571,0.1285714285714286
0.09038461538461541,0.2291259765625,0.361328125,0.05,0.0,0.0,0.3,0.007142857142857143,0.007142857142857143,0.007142857142857143,0.4500000000000001,0.1,0.0,0.4500000000000001,0.11428571428571431,0.04285714285714286,0.1285714285714286
0.09134615384615387,0.2313232421875,0.36376953125,0.05,0.0,0.0,0.325,0.007142857142857143,0.007142857142857143,0.007142857142857143,0.4500000000000001,0.1,0.0,0.4500000000000001,0.11428571428571431,0.04285714285714286,0.1285714285714286
0.09230769230769233,0.2333984375,0.366455078125,0.05,0.0,0.0,0.325,0.007142857142857143,0.007142857142857143,0.007142857142857143,0.47500000000000014,0.1,0.0,0.4500000000000001,0.11428571428571431,0.04285714285714286,0.1285714285714286
0.09326923076923078,0.235595703125,0.36962890625,0.05,0.0,0.0,0.325,0.007142857142857143,0.007142857142857143,0.007142857142857143,0.47500000000000014,0.1,0.0,0.4500000000000001,0.12142857142857146,0.04285714285714286,0.1285714285714286
0.09423076923076926,0.237548828125,0.3720703125,0.05,0.0,0.0,0.325,0.007142857142857143,0.007142857142857143,0.007142857142857143,0.47500000000000014,0.1,0.0,0.4500000000000001,0.1285714285714286,0.04285714285714286,0.1285714285714286
0.09519230769230771,0.2396240234375,0.37548828125,0.05,0.0,0.0,0.325,0.007142857142857143,0.007142857142857143,0.007142857142857143,0.47500000000000014,0.1,0.0,0.4500000000000001,0.1285714285714286,0.05,0.1285714285714286
0.09615384615384617,0.2418212890625,0.37841796875,0.05,0.0,0.0,0.325,0.007142857142857143,0.007142857142857143,0.007142857142857143,0.47500000000000014,0.1,0.0,0.47500000000000014,0.1285714285714286,0.05,0.1285714285714286
0.09711538461538465,0.2440185546875,0.38037109375,0.05,0.0,0.0,0.325,0.007142857142857143,0.007142857142857143,0.007142857142857143,0.47500000000000014,0.1,0.0,0.47500000000000014,0.1285714285714286,0.05714285714285715,0.1285714285714286
0.0980769230769231,0.24609375,0.38330078125,0.05,0.0,0.0,0.325,0.007142857142857143,0.007142857142857143,0.007142857142857143,0.47500000000000014,0.1,0.0,0.47500000000000014,0.1285714285714286,0.05714285714285715,0.13571428571428573
0.09903846153846156,0.248046875,0.38623046875,0.05,0.0,0.0,0.325,0.007142857142857143,0.007142857142857143,0.007142857142857143,0.47500000000000014,0.1,0.0,0.47500000000000014,0.1285714285714286,0.05714285714285715,0.14285714285714288
0.10000000000000002,0.250244140625,0.38916015625,0.05,0.0,0.0,0.325,0.007142857142857143,0.007142857142857143,0.007142857142857143,0.5000000000000001,0.1,0.0,0.47500000000000014,0.1285714285714286,0.05714285714285715,0.14285714285714288
0.10096153846153848,0.25244140625,0.391357421875,0.05,0.0,0.0,0.325,0.007142857142857143,0.007142857142857143,0.007142857142857143,0.5000000000000001,0.1,0.0,0.47500000000000014,0.13571428571428573,0.05714285714285715,0.14285714285714288
0.10192307692307695,0.25439453125,0.39404296875,0.05,0.0,0.0,0.325,0.007142857142857143,0.007142857142857143,0.007142857142857143,0.5000000000000001,0.1,0.0,0.47500000000000014,0.14285714285714288,0.05714285714285715,0.14285714285714288
0.10288461538461541,0.256591796875,0.396484375,0.05,0.0,0.0,0.325,0.007142857142857143,0.007142857142857143,0.007142857142857143,0.5000000000000001,0.1,0.0,0.47500000000000014,0.15000000000000002,0.05714285714285715,0.14285714285714288
0.1038461538461539,0.258544921875,0.3994140625,0.05,0.0,0.0,0.325,0.007142857142857143,0.007142857142857143,0.007142857142857143,0.5000000000000001,0.1,0.0,0.47500000000000014,0.15000000000000002,0.05714285714285715,0.15000000000000002
0.10480769230769232,0.260498046875,0.401611328125,0.05,0.0,0.0,0.325,0.007142857142857143,0.007142857142857143,0.007142857142857143,0.5000000000000001,0.1,0.0,0.47500000000000014,0.15000000000000002,0.05714285714285715,0.15714285714285717
0.10576923076923081,0.2626953125,0.40478515625,0.05,0.0,0.0,0.325,0.007142857142857143,0.007142857142857143,0.007142857142857143,0.5000000000000001,0.1,0.0,0.47500000000000014,0.15714285714285717,0.05714285714285715,0.15714285714285717
0.10673076923076924,0.264892578125,0.406982421875,0.05,0.0,0.0,0.35000000000000003,0.007142857142857143,0.007142857142857143,0.007142857142857143,0.5000000000000001,0.1,0.0,0.47500000000000014,0.15714285714285717,0.05714285714285715,0.15714285714285717
0.10769230769230773,0.26708984375,0.409912109375,0.05,0.0,0.0,0.35000000000000003,0.007142857142857143,0.007142857142857143,0.007142857142857143,0.5250000000000001,0.1,0.0,0.47500000000000014,0.15714285714285717,0.05714285714285715,0.15714285714285717
0.10865384615384618,0.26904296875,0.412353515625,0.05,0.0,0.0,0.35000000000000003,0.007142857142857143,0.007142857142857143,0.007142857142857143,0.5250000000000001,0.1,0.0,0.47500000000000014,0.15714285714285717,0.05714285714285715,0.1642857142857143
0.10961538461538464,0.271240234375,0.41552734375,0.05,0.0,0.0,0.35000000000000003,0.007142857142857143,0.007142857142857143,0.007142857142857143,0.5250000000000001,0.1,0.0,0.47500000000000014,0.1642857142857143,0.05714285714285715,0.1642857142857143
0.1105769230769231,0.273193359375,0.417724609375,0.05,0.0,0.0,0.35000000000000003,0.007142857142857143,0.007142857142857143,0.007142857142857143,0.5250000000000001,0.1,0.0,0.47500000000000014,0.1642857142857143,0.0642857142857143,0.1642857142857143
0.11153846153846157,0.275390625,0.4208984375,0.05,0.0,0.0,0.35000000000000003,0.007142857142857143,0.007142857142857143,0.007142857142857143,0.5250000000000001,0.1,0.0,0.47500000000000014,0.17142857142857146,0.0642857142857143,0.1642857142857143
0.11250000000000003,0.27734375,0.424072265625,0.05,0.0,0.0,0.35000000000000003,0.007142857142857143,0.007142857142857143,0.007142857142857143,0.5250000000000001,0.1,0.0,0.47500000000000014,0.17142857142857146,0.0642857142857143,0.17142857142857146
0.11346153846153849,0.279541015625,0.42626953125,0.05,0.0,0.0,0.35000000000000003,0.007142857142857143,0.007142857142857143,0.007142857142857143,0.5250000000000001,0.1,0.0,0.47500000000000014,0.1785714285714286,0.0642857142857143,0.17142857142857146
0.11442307692307695,0.28173828125,0.428466796875,0.05,0.0,0.0,0.35000000000000003,0.007142857142857143,0.007142857142857143,0.007142857142857143,0.5250000000000001,0.1,0.0,0.47500000000000014,0.18571428571428575,0.0642857142857143,0.17142857142857146
0.1153846153846154,0.28369140625,0.431884765625,0.05,0.0,0.0,0.35000000000000003,0.007142857142857143,0.007142857142857143,0.007142857142857143,0.5250000000000001,0.1,0.0,0.47500000000000014,0.18571428571428575,0.07142857142857144,0.17142857142857146
0.11634615384615388,0.285888671875,0.433837890625,0.05,0.0,0.0,0.35000000000000003,0.007142857142857143,0.007142857142857143,0.007142857142857143,0.5500000000000002,0.1,0.0,0.47500000000000014,0.18571428571428575,0.07142857142857144,0.17142857142857146
0.11730769230769232,0.2880859375,0.43701171875,0.05,0.0,0.0,0.35000000000000003,0.007142857142857143,0.007142857142857143,0.007142857142857143,0.5500000000000002,0.1,0.0,0.5000000000000001,0.18571428571428575,0.07142857142857144,0.17142857142857146
0.1182692307692308,0.290283203125,0.439697265625,0.05,0.0,0.0,0.35000000000000003,0.007142857142857143,0.007142857142857143,0.007142857142857143,0.5500000000000002,0.1,0.0,0.5000000000000001,0.1928571428571429,0.07142857142857144,0.17142857142857146
0.11923076923076925,0.292236328125,0.442626953125,0.05,0.0,0.0,0.35000000000000003,0.007142857142857143,0.007142857142857143,0.007142857142857143,0.5500000000000002,0.1,0.0,0.5000000000000001,0.1928571428571429,0.07142857142857144,0.1785714285714286
0.12019230769230772,0.294189453125,0.445068359375,0.05,0.0,0.0,0.35000000000000003,0.007142857142857143,0.007142857142857143,0.007142857142857143,0.5500000000000002,0.1,0.0,0.5000000000000001,0.1928571428571429,0.07142857142857144,0.18571428571428575
0.12115384615384617,0.296142578125,0.447509765625,0.05,0.0,0.0,0.35000000000000003,0.007142857142857143,0.007142857142857143,0.007142857142857143,0.5500000000000002,0.1,0.0,0.5000000000000001,0.1928571428571429,0.07857142857142858,0.18571428571428575
0.12211538461538464,0.298095703125,0.44970703125,0.05,0.0,0.0,0.35000000000000003,0.007142857142857143,0.007142857142857143,0.007142857142857143,0.5500000000000002,0.1,0.0,0.5000000000000001,0.1928571428571429,0.07857142857142858,0.1928571428571429
0.1230769230769231,0.300048828125,0.4521484375,0.05,0.0,0.0,0.35000000000000003,0.007142857142857143,0.007142857142857143,0.007142857142857143,0.5500000000000002,0.1,0.0,0.5000000000000001,0.1928571428571429,0.07857142857142858,0.20000000000000004
0.12403846153846156,0.30224609375,0.455322265625,0.05,0.0,0.0,0.37500000000000006,0.007142857142857143,0.007142857142857143,0.007142857142857143,0.5500000000000002,0.1,0.0,0.5000000000000001,0.1928571428571429,0.07857142857142858,0.20000000000000004
0.12500000000000003,0.304443359375,0.45751953125,0.05,0.0,0.0,0.37500000000000006,0.007142857142857143,0.007142857142857143,0.007142857142857143,0.5500000000000002,0.1,0.0,0.5000000000000001,0.20000000000000004,0.07857142857142858,0.20000000000000004
0.12596153846153849,0.306396484375,0.4599609375,0.05,0.0,0.0,0.37500000000000006,0.007142857142857143,0.007142857142857143,0.007142857142857143,0.5500000000000002,0.1,0.0,0.5000000000000001,0.20000000000000004,0.07857142857142858,0.20714285714285718
0.12692307692307694,0.30859375,0.462646484375,0.05,0.0,0.0,0.37500000000000006,0.007142857142857143,0.007142857142857143,0.007142857142857143,0.5500000000000002,0.1,0.0,0.5000000000000001,0.20714285714285718,0.07857142857142858,0.20714285714285718
0.1278846153846154,0.310546875,0.465576171875,0.05,0.0,0.0,0.37500000000000006,0.007142857142857143,0.007142857142857143,0.007142857142857143,0.5500000000000002,0.1,0.0,0.5000000000000001,0.20714285714285718,0.08571428571428573,0.20714285714285718
0.12884615384615386,0.312744140625,0.46826171875,0.07500000000000001,0.0,0.0,0.37500000000000006,0.007142857142857143,0.007142857142857143,0.007142857142857143,0.5500000000000002,0.1,0.0,0.5000000000000001,0.20714285714285718,0.08571428571428573,0.20714285714285718
0.12980769230769232,0.31494140625,0.470703125,0.07500000000000001,0.0,0.0,0.37500000000000006,0.007142857142857143,0.007142857142857143,0.007142857142857143,0.5500000000000002,0.1,0.0,0.5000000000000001,0.21428571428571433,0.08571428571428573,0.20714285714285718
0.13076923076923078,0.31689453125,0.47314453125,0.07500000000000001,0.0,0.0,0.37500000000000006,0.007142857142857143,0.007142857142857143,0.007142857142857143,0.5500000000000002,0.1,0.0,0.5000000000000001,0.21428571428571433,0.09285714285714287,0.20714285714285718
0.13173076923076923,0.31884765625,0.475341796875,0.07500000000000001,0.0,0.0,0.37500000000000006,0.007142857142857143,0.007142857142857143,0.007142857142857143,0.5500000000000002,0.1,0.0,0.5000000000000001,0.21428571428571433,0.09285714285714287,0.21428571428571433
0.13269230769230772,0.321044921875,0.477783203125,0.07500000000000001,0.0,0.0,0.37500000000000006,0.007142857142857143,0.007142857142857143,0.007142857142857143,0.5750000000000002,0.1,0.0,0.5000000000000001,0.21428571428571433,0.09285714285714287,0.21428571428571433
0.13365384615384618,0.3232421875,0.48095703125,0.07500000000000001,0.0,0.0,0.37500000000000006,0.007142857142857143,0.007142857142857143,0.007142857142857143,0.5750000000000002,0.1,0.0,0.5000000000000001,0.22142857142857147,0.09285714285714287,0.21428571428571433
0.13461538461538464,0.3251953125,0.4833984375,0.07500000000000001,0.0,0.0,0.37500000000000006,0.007142857142857143,0.007142857142857143,0.007142857142857143,0.5750000000000002,0.1,0.0,0.5000000000000001,0.22857142857142862,0.09285714285714287,0.21428571428571433
0.1355769230769231,0.327392578125,0.485595703125,0.07500000000000001,0.0,0.0,0.37500000000000006,0.007142857142857143,0.007142857142857143,0.007142857142857143,0.6000000000000002,0.1,0.0,0.5000000000000001,0.22857142857142862,0.09285714285714287,0.21428571428571433
0.13653846153846155,0.32958984375,0.488037109375,0.07500000000000001,0.0,0.0,0.4000000000000001,0.007142857142857143,0.007142857142857143,0.007142857142857143,0.6000000000000002,0.1,0.0,0.5000000000000001,0.22857142857142862,0.09285714285714287,0.21428571428571433
0.1375,0.331787109375,0.491455078125,0.07500000000000001,0.0,0.0,0.4000000000000001,0.007142857142857143,0.007142857142857143,0.007142857142857143,0.6000000000000002,0.1,0.0,0.5000000000000001,0.23571428571428577,0.09285714285714287,0.21428571428571433
0.13846153846153847,0.333984375,0.493896484375,0.07500000000000001,0.0,0.0,0.4000000000000001,0.007142857142857143,0.007142857142857143,0.007142857142857143,0.6000000000000002,0.1,0.0,0.5000000000000001,0.2428571428571429,0.09285714285714287,0.21428571428571433
0.13942307692307693,0.3359375,0.496337890625,0.07500000000000001,0.0,0.0,0.4000000000000001,0.007142857142857143,0.007142857142857143,0.007142857142857143,0.6000000000000002,0.1,0.0,0.5000000000000001,0.2428571428571429,0.10000000000000002,0.21428571428571433
0.14038461538461539,0.337890625,0.498779296875,0.07500000000000001,0.0,0.0,0.4000000000000001,0.007142857142857143,0.007142857142857143,0.007142857142857143,0.6000000000000002,0.1,0.0,0.5000000000000001,0.2428571428571429,0.10714285714285716,0.21428571428571433
0.14134615384615387,0.33984375,0.50146484375,0.07500000000000001,0.0,0.0,0.4000000000000001,0.007142857142857143,0.007142857142857143,0.007142857142857143,0.6000000000000002,0.1,0.0,0.5000000000000001,0.2428571428571429,0.10714285714285716,0.22142857142857147
0.14230769230769233,0.341796875,0.50439453125,0.07500000000000001,0.0,0.0,0.4000000000000001,0.007142857142857143,0.007142857142857143,0.007142857142857143,0.6000000000000002,0.1,0.0,0.5000000000000001,0.2428571428571429,0.10714285714285716,0.22857142857142862
0.14326923076923082,0.34375,0.50732421875,0.07500000000000001,0.0,0.0,0.4000000000000001,0.007142857142857143,0.007142857142857143,0.007142857142857143,0.6000000000000002,0.1,0.0,0.5000000000000001,0.25000000000000006,0.10714285714285716,0.22857142857142862
0.14423076923076925,0.345947265625,0.50927734375,0.07500000000000001,0.0,0.0,0.4000000000000001,0.007142857142857143,0.007142857142857143,0.014285714285714285,0.6000000000000002,0.1,0.0,0.5000000000000001,0.25000000000000006,0.10714285714285716,0.22857142857142862
0.14519230769230773,0.34765625,0.51220703125,0.07500000000000001,0.0,0.0,0.4000000000000001,0.007142857142857143,0.007142857142857143,0.02142857142857143,0.6000000000000002,0.1,0.0,0.5000000000000001,0.25000000000000006,0.10714285714285716,0.22857142857142862
0.1461538461538462,0.349853515625,0.5146484375,0.07500000000000001,0.0,0.0,0.4000000000000001,0.007142857142857143,0.007142857142857143,0.02857142857142857,0.6000000000000002,0.1,0.0,0.5000000000000001,0.25000000000000006,0.10714285714285716,0.22857142857142862
0.14711538461538465,0.351806640625,0.51708984375,0.07500000000000001,0.0,0.0,0.4000000000000001,0.007142857142857143,0.007142857142857143,0.03571428571428571,0.6000000000000002,0.1,0.0,0.5000000000000001,0.25000000000000006,0.10714285714285716,0.22857142857142862
0.1480769230769231,0.353759765625,0.51953125,0.07500000000000001,0.0,0.0,0.4000000000000001,0.007142857142857143,0.007142857142857143,0.03571428571428571,0.6000000000000002,0.1,0.0,0.5000000000000001,0.25000000000000006,0.10714285714285716,0.23571428571428577
0.14903846153846156,0.355712890625,0.52197265625,0.07500000000000001,0.0,0.0,0.4000000000000001,0.007142857142857143,0.007142857142857143,0.03571428571428571,0.6000000000000002,0.1,0.0,0.5000000000000001,0.25000000000000006,0.10714285714285716,0.2428571428571429
0.15000000000000002,0.357666015625,0.5244140625,0.07500000000000001,0.0,0.0,0.4000000000000001,0.007142857142857143,0.007142857142857143,0.03571428571428571,0.6000000000000002,0.1,0.0,0.5250000000000001,0.25000000000000006,0.10714285714285716,0.2428571428571429
0.15096153846153848,0.35986328125,0.52685546875,0.07500000000000001,0.0,0.0,0.4000000000000001,0.007142857142857143,0.007142857142857143,0.03571428571428571,0.6250000000000002,0.1,0.0,0.5250000000000001,0.25000000000000006,0.10714285714285716,0.2428571428571429
0.15192307692307697,0.36181640625,0.5302734375,0.07500000000000001,0.0,0.0,0.4000000000000001,0.007142857142857143,0.007142857142857143,0.03571428571428571,0.6250000000000002,0.1,0.0,0.5250000000000001,0.25000000000000006,0.10714285714285716,0.25000000000000006
0.1528846153846154,0.36376953125,0.5322265625,0.07500000000000001,0.0,0.0,0.4000000000000001,0.007142857142857143,0.007142857142857143,0.03571428571428571,0.6250000000000002,0.1,0.0,0.5250000000000001,0.25000000000000006,0.10714285714285716,0.2571428571428572
0.15384615384615388,0.36572265625,0.5341796875,0.07500000000000001,0.0,0.0,0.4000000000000001,0.007142857142857143,0.007142857142857143,0.03571428571428571,0.6250000000000002,0.1,0.0,0.5250000000000001,0.25000000000000006,0.11428571428571431,0.2571428571428572
0.1548076923076923,0.367919921875,0.537109375,0.07500000000000001,0.0,0.0,0.4000000000000001,0.007142857142857143,0.007142857142857143,0.03571428571428571,0.6250000000000002,0.2,0.0,0.5250000000000001,0.25000000000000006,0.11428571428571431,0.2571428571428572
0.1557692307692308,0.369873046875,0.5400390625,0.07500000000000001,0.0,0.0,0.4000000000000001,0.007142857142857143,0.007142857142857143,0.03571428571428571,0.6250000000000002,0.2,0.0,0.5250000000000001,0.25000000000000006,0.12142857142857146,0.2571428571428572
0.15673076923076928,0.371826171875,0.54248046875,0.07500000000000001,0.0,0.0,0.4000000000000001,0.007142857142857143,0.007142857142857143,0.03571428571428571,0.6250000000000002,0.2,0.0,0.5250000000000001,0.25000000000000006,0.1285714285714286,0.2571428571428572
0.15769230769230774,0.373779296875,0.54541015625,0.07500000000000001,0.0,0.0,0.4000000000000001,0.007142857142857143,0.007142857142857143,0.03571428571428571,0.6250000000000002,0.2,0.0,0.5250000000000001,0.2571428571428572,0.1285714285714286,0.2571428571428572
0.1586538461538462,0.3759765625,0.54833984375,0.07500000000000001,0.0,0.0,0.4000000000000001,0.007142857142857143,0.007142857142857143,0.04285714285714286,0.6250000000000002,0.2,0.0,0.5250000000000001,0.2571428571428572,0.1285714285714286,0.2571428571428572
0.15961538461538466,0.3779296875,0.55078125,0.07500000000000001,0.0,0.0,0.4000000000000001,0.007142857142857143,0.007142857142857143,0.04285714285714286,0.6250000000000002,0.2,0.0,0.5250000000000001,0.2642857142857143,0.1285714285714286,0.2571428571428572
0.16057692307692312,0.3798828125,0.55322265625,0.07500000000000001,0.0,0.0,0.4000000000000001,0.007142857142857143,0.007142857142857143,0.04285714285714286,0.6250000000000002,0.2,0.0,0.5250000000000001,0.2714285714285714,0.1285714285714286,0.2571428571428572
0.16153846153846155,0.3818359375,0.5556640625,0.07500000000000001,0.0,0.0,0.4000000000000001,0.007142857142857143,0.007142857142857143,0.04285714285714286,0.6250000000000002,0.2,0.0,0.5250000000000001,0.2714285714285714,0.1285714285714286,0.2642857142857143
0.16250000000000003,0.3837890625,0.55810546875,0.07500000000000001,0.0,0.0,0.4000000000000001,0.007142857142857143,0.007142857142857143,0.04285714285714286,0.6250000000000002,0.2,0.0,0.5250000000000001,0.2714285714285714,0.1285714285714286,0.2714285714285714
0.16346153846153846,0.3857421875,0.560546875,0.07500000000000001,0.0,0.0,0.4000000000000001,0.007142857142857143,0.007142857142857143,0.04285714285714286,0.6250000000000002,0.2,0.0,0.5250000000000001,0.2714285714285714,0.1285714285714286,0.2785714285714285
0.16442307692307695,0.3876953125,0.5634765625,0.07500000000000001,0.0,0.0,0.4000000000000001,0.007142857142857143,0.007142857142857143,0.04285714285714286,0.6250000000000002,0.2,0.0,0.5250000000000001,0.2714285714285714,0.1285714285714286,0.28571428571428564
0.16538461538461538,0.3896484375,0.56591796875,0.07500000000000001,0.0,0.0,0.4000000000000001,0.007142857142857143,0.007142857142857143,0.04285714285714286,0.6250000000000002,0.2,0.0,0.5250000000000001,0.2714285714285714,0.13571428571428573,0.28571428571428564
0.16634615384615387,0.3916015625,0.56884765625,0.07500000000000001,0.0,0.0,0.4000000000000001,0.007142857142857143,0.007142857142857143,0.04285714285714286,0.6250000000000002,0.2,0.0,0.5250000000000001,0.2714285714285714,0.14285714285714288,0.28571428571428564
0.16730769230769232,0.3935546875,0.57080078125,0.07500000000000001,0.0,0.0,0.4000000000000001,0.007142857142857143,0.007142857142857143,0.04285714285714286,0.6250000000000002,0.2,0.0,0.5250000000000001,0.2714285714285714,0.15000000000000002,0.28571428571428564
0.1682692307692308,0.395751953125,0.5732421875,0.1,0.0,0.0,0.4000000000000001,0.007142857142857143,0.007142857142857143,0.04285714285714286,0.6250000000000002,0.2,0.0,0.5250000000000001,0.2714285714285714,0.15000000000000002,0.28571428571428564
0.16923076923076924,0.397705078125,0.576171875,0.1,0.0,0.0,0.4000000000000001,0.007142857142857143,0.007142857142857143,0.04285714285714286,0.6250000000000002,0.2,0.0,0.5250000000000001,0.2714285714285714,0.15714285714285717,0.28571428571428564
0.17019230769230773,0.39990234375,0.57861328125,0.1,0.0,0.0,0.4250000000000001,0.007142857142857143,0.007142857142857143,0.04285714285714286,0.6250000000000002,0.2,0.0,0.5250000000000001,0.2714285714285714,0.15714285714285717,0.28571428571428564
0.17115384615384616,0.40185546875,0.58154296875,0.1,0.0,0.0,0.4250000000000001,0.007142857142857143,0.007142857142857143,0.04285714285714286,0.6250000000000002,0.2,0.0,0.5500000000000002,0.2714285714285714,0.15714285714285717,0.28571428571428564
0.17211538461538464,0.404052734375,0.583984375,0.1,0.0,0.0,0.4250000000000001,0.007142857142857143,0.007142857142857143,0.04285714285714286,0.6250000000000002,0.2,0.0,0.5500000000000002,0.2785714285714285,0.15714285714285717,0.28571428571428564
0.17307692307692307,0.406005859375,0.58642578125,0.1,0.0,0.0,0.4250000000000001,0.007142857142857143,0.007142857142857143,0.04285714285714286,0.6250000000000002,0.2,0.0,0.5500000000000002,0.28571428571428564,0.15714285714285717,0.28571428571428564
0.17403846153846156,0.40771484375,0.5888671875,0.1,0.0,0.0,0.4250000000000001,0.007142857142857143,0.007142857142857143,0.04285714285714286,0.6250000000000002,0.2,0.0,0.5500000000000002,0.29285714285714276,0.15714285714285717,0.28571428571428564
0.175,0.409912109375,0.591796875,0.1,0.0,0.0,0.4250000000000001,0.007142857142857143,0.007142857142857143,0.05,0.6250000000000002,0.2,0.0,0.5500000000000002,0.29285714285714276,0.15714285714285717,0.28571428571428564
0.17596153846153847,0.412109375,0.59326171875,0.1,0.0,0.0,0.4250000000000001,0.007142857142857143,0.007142857142857143,0.05,0.6500000000000002,0.2,0.0,0.5500000000000002,0.29285714285714276,0.15714285714285717,0.28571428571428564
0.1769230769230769,0.414306640625,0.595703125,0.1,0.0,0.0,0.4250000000000001,0.007142857142857143,0.007142857142857143,0.05,0.6500000000000002,0.2,0.0,0.5500000000000002,0.2999999999999999,0.15714285714285717,0.28571428571428564
0.1778846153846154,0.416259765625,0.59814453125,0.1,0.0,0.0,0.4250000000000001,0.007142857142857143,0.007142857142857143,0.05,0.6500000000000002,0.2,0.0,0.5500000000000002,0.307142857142857,0.15714285714285717,0.28571428571428564
0.17884615384615382,0.418212890625,0.6005859375,0.1,0.0,0.0,0.4250000000000001,0.007142857142857143,0.007142857142857143,0.05,0.6500000000000002,0.2,0.0,0.5500000000000002,0.3142857142857141,0.15714285714285717,0.28571428571428564
0.1798076923076923,0.420166015625,0.60302734375,0.1,0.0,0.0,0.4250000000000001,0.007142857142857143,0.007142857142857143,0.05,0.6500000000000002,0.2,0.0,0.5500000000000002,0.32142857142857123,0.15714285714285717,0.28571428571428564
0.18076923076923074,0.42236328125,0.60595703125,0.1,0.0,0.0,0.4250000000000001,0.007142857142857143,0.007142857142857143,0.05714285714285715,0.6500000000000002,0.2,0.0,0.5500000000000002,0.32142857142857123,0.15714285714285717,0.28571428571428564
0.18173076923076922,0.424560546875,0.6083984375,0.1,0.0,0.0,0.4250000000000001,0.007142857142857143,0.007142857142857143,0.05714285714285715,0.6500000000000002,0.2,0.0,0.5500000000000002,0.32857142857142835,0.15714285714285717,0.28571428571428564
0.18269230769230765,0.426513671875,0.61083984375,0.1,0.0,0.0,0.4250000000000001,0.007142857142857143,0.007142857142857143,0.05714285714285715,0.6500000000000002,0.2,0.0,0.5500000000000002,0.33571428571428547,0.15714285714285717,0.28571428571428564
0.18365384615384614,0.428466796875,0.61328125,0.1,0.0,0.0,0.4250000000000001,0.007142857142857143,0.007142857142857143,0.05714285714285715,0.6500000000000002,0.2,0.0,0.5500000000000002,0.33571428571428547,0.1642857142857143,0.28571428571428564
0.1846153846153846,0.4306640625,0.615234375,0.1,0.0,0.0,0.4250000000000001,0.007142857142857143,0.007142857142857143,0.05714285714285715,0.6500000000000002,0.2,0.0,0.5500000000000002,0.3428571428571426,0.1642857142857143,0.28571428571428564
0.18557692307692306,0.4326171875,0.61767578125,0.1,0.0,0.0,0.4250000000000001,0.007142857142857143,0.007142857142857143,0.05714285714285715,0.6500000000000002,0.2,0.0,0.5500000000000002,0.3428571428571426,0.17142857142857146,0.28571428571428564
0.18653846153846151,0.434814453125,0.62060546875,0.1,0.0,0.0,0.4250000000000001,0.007142857142857143,0.007142857142857143,0.05714285714285715,0.6500000000000002,0.2,0.0,0.5750000000000002,0.3428571428571426,0.17142857142857146,0.28571428571428564
0.1875,0.436767578125,0.623046875,0.1,0.0,0.0,0.4250000000000001,0.007142857142857143,0.007142857142857143,0.05714285714285715,0.6500000000000002,0.2,0.0,0.5750000000000002,0.3428571428571426,0.17142857142857146,0.29285714285714276
0.18846153846153843,0.438720703125,0.6259765625,0.1,0.0,0.0,0.4250000000000001,0.007142857142857143,0.007142857142857143,0.05714285714285715,0.6500000000000002,0.2,0.0,0.5750000000000002,0.3428571428571426,0.17142857142857146,0.2999999999999999
0.18942307692307692,0.4404296875,0.62841796875,0.1,0.0,0.0,0.4250000000000001,0.007142857142857143,0.007142857142857143,0.05714285714285715,0.6500000000000002,0.2,0.0,0.5750000000000002,0.3428571428571426,0.17142857142857146,0.307142857142857
0.19038461538461535,0.442138671875,0.630859375,0.1,0.0,0.0,0.4250000000000001,0.007142857142857143,0.007142857142857143,0.05714285714285715,0.6500000000000002,0.2,0.0,0.5750000000000002,0.3428571428571426,0.17142857142857146,0.3142857142857141
0.19134615384615383,0.444091796875,0.6337890625,0.1,0.0,0.0,0.4250000000000001,0.007142857142857143,0.007142857142857143,0.05714285714285715,0.6500000000000002,0.2,0.0,0.5750000000000002,0.3428571428571426,0.17142857142857146,0.32142857142857123
0.19230769230769226,0.446044921875,0.63525390625,0.1,0.0,0.0,0.4250000000000001,0.007142857142857143,0.007142857142857143,0.05714285714285715,0.6500000000000002,0.2,0.0,0.5750000000000002,0.3499999999999997,0.17142857142857146,0.32142857142857123
0.19326923076923075,0.447998046875,0.63818359375,0.1,0.0,0.0,0.4250000000000001,0.007142857142857143,0.007142857142857143,0.05714285714285715,0.6500000000000002,0.2,0.0,0.5750000000000002,0.3571428571428568,0.17142857142857146,0.32142857142857123
0.19423076923076918,0.449951171875,0.640625,0.1,0.0,0.0,0.4250000000000001,0.007142857142857143,0.007142857142857143,0.05714285714285715,0.6500000000000002,0.2,0.0,0.5750000000000002,0.3571428571428568,0.17142857142857146,0.32857142857142835
0.19519230769230766,0.451904296875,0.64306640625,0.1,0.0,0.0,0.4250000000000001,0.007142857142857143,0.007142857142857143,0.05714285714285715,0.6500000000000002,0.2,0.0,0.5750000000000002,0.3571428571428568,0.1785714285714286,0.32857142857142835
0.19615384615384615,0.453857421875,0.64453125,0.1,0.0,0.0,0.4250000000000001,0.007142857142857143,0.007142857142857143,0.05714285714285715,0.6500000000000002,0.2,0.0,0.5750000000000002,0.3571428571428568,0.18571428571428575,0.32857142857142835
0.19711538461538458,0.455810546875,0.6474609375,0.1,0.0,0.0,0.4250000000000001,0.007142857142857143,0.007142857142857143,0.05714285714285715,0.6500000000000002,0.2,0.0,0.5750000000000002,0.3571428571428568,0.1928571428571429,0.32857142857142835
0.19807692307692307,0.457763671875,0.650390625,0.1,0.0,0.0,0.4250000000000001,0.007142857142857143,0.007142857142857143,0.05714285714285715,0.6500000000000002,0.2,0.0,0.5750000000000002,0.3571428571428568,0.20000000000000004,0.32857142857142835
0.1990384615384615,0.459716796875,0.65185546875,0.1,0.0,0.0,0.4250000000000001,0.007142857142857143,0.007142857142857143,0.05714285714285715,0.6500000000000002,0.2,0.0,0.5750000000000002,0.3571428571428568,0.20000000000000004,0.33571428571428547
0.19999999999999993,0.461669921875,0.65478515625,0.1,0.0,0.0,0.4250000000000001,0.007142857142857143,0.007142857142857143,0.05714285714285715,0.6500000000000002,0.2,0.0,0.5750000000000002,0.36428571428571394,0.20000000000000004,0.33571428571428547
0.20096153846153839,0.4638671875,0.6572265625,0.125,0.0,0.0,0.4250000000000001,0.007142857142857143,0.007142857142857143,0.05714285714285715,0.6500000000000002,0.2,0.0,0.5750000000000002,0.36428571428571394,0.20000000000000004,0.33571428571428547
0.20192307692307684,0.4658203125,0.66015625,0.125,0.0,0.0,0.4250000000000001,0.007142857142857143,0.007142857142857143,0.05714285714285715,0.6500000000000002,0.2,0.0,0.5750000000000002,0.36428571428571394,0.20000000000000004,0.3428571428571426
0.2028846153846153,0.467529296875,0.66162109375,0.125,0.0,0.0,0.4250000000000001,0.007142857142857143,0.007142857142857143,0.05714285714285715,0.6500000000000002,0.2,0.0,0.5750000000000002,0.36428571428571394,0.20000000000000004,0.3499999999999997
0.20384615384615376,0.469482421875,0.66455078125,0.125,0.0,0.0,0.4250000000000001,0.007142857142857143,0.007142857142857143,0.05714285714285715,0.6500000000000002,0.2,0.0,0.5750000000000002,0.36428571428571394,0.20000000000000004,0.3571428571428568
0.20480769230769222,0.471435546875,0.66748046875,0.125,0.0,0.0,0.4250000000000001,0.007142857142857143,0.007142857142857143,0.05714285714285715,0.6500000000000002,0.2,0.0,0.5750000000000002,0.36428571428571394,0.20000000000000004,0.36428571428571394
0.20576923076923068,0.473388671875,0.6689453125,0.125,0.0,0.0,0.4250000000000001,0.007142857142857143,0.007142857142857143,0.05714285714285715,0.6500000000000002,0.2,0.0,0.5750000000000002,0.36428571428571394,0.20000000000000004,0.37142857142857105
0.20673076923076916,0.475341796875,0.671875,0.125,0.0,0.0,0.4250000000000001,0.007142857142857143,0.007142857142857143,0.05714285714285715,0.6750000000000003,0.2,0.0,0.5750000000000002,0.36428571428571394,0.20000000000000004,0.37142857142857105
0.20769230769230765,0.477294921875,0.67431640625,0.125,0.0,0.0,0.4250000000000001,0.007142857142857143,0.007142857142857143,0.05714285714285715,0.6750000000000003,0.2,0.0,0.5750000000000002,0.36428571428571394,0.20714285714285718,0.37142857142857105
0.2086538461538461,0.4794921875,0.67724609375,0.125,0.0,0.0,0.4500000000000001,0.007142857142857143,0.007142857142857143,0.05714285714285715,0.6750000000000003,0.2,0.0,0.5750000000000002,0.36428571428571394,0.20714285714285718,0.37142857142857105
0.20961538461538456,0.4814453125,0.6796875,0.125,0.0,0.0,0.4500000000000001,0.007142857142857143,0.007142857142857143,0.05714285714285715,0.6750000000000003,0.2,0.0,0.5750000000000002,0.36428571428571394,0.21428571428571433,0.37142857142857105
0.210576923076923,0.4833984375,0.681640625,0.125,0.0,0.0,0.4500000000000001,0.007142857142857143,0.007142857142857143,0.05714285714285715,0.6750000000000003,0.2,0.0,0.5750000000000002,0.36428571428571394,0.21428571428571433,0.37857142857142817
0.21153846153846148,0.485595703125,0.68408203125,0.125,0.0,0.0,0.4500000000000001,0.007142857142857143,0.007142857142857143,0.0642857142857143,0.6750000000000003,0.2,0.0,0.5750000000000002,0.36428571428571394,0.21428571428571433,0.37857142857142817
0.2124999999999999,0.48779296875,0.68701171875,0.15,0.0,0.0,0.4500000000000001,0.007142857142857143,0.007142857142857143,0.0642857142857143,0.6750000000000003,0.2,0.0,0.5750000000000002,0.36428571428571394,0.21428571428571433,0.37857142857142817
0.2134615384615384,0.489990234375,0.68994140625,0.15,0.0,0.0,0.4500000000000001,0.007142857142857143,0.007142857142857143,0.0642857142857143,0.6750000000000003,0.30000000000000004,0.0,0.5750000000000002,0.36428571428571394,0.21428571428571433,0.37857142857142817
0.21442307692307683,0.4921875,0.693359375,0.15,0.0,0.0,0.4500000000000001,0.007142857142857143,0.007142857142857143,0.0642857142857143,0.6750000000000003,0.30000000000000004,0.0,0.5750000000000002,0.37142857142857105,0.21428571428571433,0.37857142857142817
0.2153846153846153,0.494140625,0.69482421875,0.15,0.0,0.0,0.4500000000000001,0.007142857142857143,0.007142857142857143,0.0642857142857143,0.6750000000000003,0.30000000000000004,0.0,0.5750000000000002,0.37857142857142817,0.21428571428571433,0.37857142857142817
0.21634615384615374,0.49609375,0.69775390625,0.15,0.0,0.0,0.4500000000000001,0.007142857142857143,0.007142857142857143,0.07142857142857144,0.6750000000000003,0.30000000000000004,0.0,0.5750000000000002,0.37857142857142817,0.21428571428571433,0.37857142857142817
0.21730769230769223,0.498046875,0.70068359375,0.15,0.0,0.0,0.4500000000000001,0.007142857142857143,0.007142857142857143,0.07142857142857144,0.6750000000000003,0.30000000000000004,0.0,0.5750000000000002,0.37857142857142817,0.21428571428571433,0.3857142857142853
0.2182692307692307,0.5,0.7021484375,0.15,0.0,0.0,0.4500000000000001,0.007142857142857143,0.007142857142857143,0.07142857142857144,0.6750000000000003,0.30000000000000004,0.0,0.5750000000000002,0.3857142857142853,0.21428571428571433,0.3857142857142853
0.21923076923076915,0.501953125,0.705078125,0.15,0.0,0.0,0.4500000000000001,0.007142857142857143,0.007142857142857143,0.07142857142857144,0.6750000000000003,0.30000000000000004,0.0,0.5750000000000002,0.3928571428571424,0.21428571428571433,0.3857142857142853
0.2201923076923076,0.50390625,0.7080078125,0.15,0.0,0.0,0.4500000000000001,0.007142857142857143,0.007142857142857143,0.07142857142857144,0.6750000000000003,0.30000000000000004,0.0,0.5750000000000002,0.3999999999999995,0.21428571428571433,0.3857142857142853
0.2211538461538461,0.505859375,0.70947265625,0.15,0.0,0.0,0.4500000000000001,0.007142857142857143,0.007142857142857143,0.07142857142857144,0.6750000000000003,0.30000000000000004,0.0,0.5750000000000002,0.3999999999999995,0.22142857142857147,0.3857142857142853
0.22211538461538452,0.5078125,0.71240234375,0.15,0.0,0.0,0.4500000000000001,0.007142857142857143,0.007142857142857143,0.07142857142857144,0.6750000000000003,0.30000000000000004,0.0,0.5750000000000002,0.3999999999999995,0.22857142857142862,0.3857142857142853
0.223076923076923,0.509765625,0.71533203125,0.15,0.0,0.0,0.4500000000000001,0.007142857142857143,0.007142857142857143,0.07142857142857144,0.6750000000000003,0.30000000000000004,0.0,0.5750000000000002,0.3999999999999995,0.23571428571428577,0.3857142857142853
0.22403846153846146,0.51171875,0.716796875,0.15,0.0,0.0,0.4500000000000001,0.007142857142857143,0.007142857142857143,0.07142857142857144,0.6750000000000003,0.30000000000000004,0.0,0.5750000000000002,0.3999999999999995,0.2428571428571429,0.3857142857142853
0.22499999999999992,0.513671875,0.7197265625,0.15,0.0,0.0,0.4500000000000001,0.007142857142857143,0.007142857142857143,0.07142857142857144,0.6750000000000003,0.30000000000000004,0.0,0.5750000000000002,0.3999999999999995,0.2428571428571429,0.3928571428571424
0.22596153846153835,0.515625,0.72216796875,0.15,0.0,0.0,0.4500000000000001,0.007142857142857143,0.007142857142857143,0.07142857142857144,0.6750000000000003,0.30000000000000004,0.0,0.6000000000000002,0.3999999999999995,0.2428571428571429,0.3928571428571424
0.2269230769230768,0.517578125,0.7255859375,0.15,0.0,0.0,0.4500000000000001,0.007142857142857143,0.007142857142857143,0.07142857142857144,0.6750000000000003,0.30000000000000004,0.0,0.6000000000000002,0.3999999999999995,0.25000000000000006,0.3928571428571424
0.22788461538461527,0.51953125,0.7275390625,0.15,0.0,0.0,0.4500000000000001,0.007142857142857143,0.007142857142857143,0.07142857142857144,0.6750000000000003,0.30000000000000004,0.0,0.6000000000000002,0.3999999999999995,0.25000000000000006,0.3999999999999995
0.22884615384615373,0.521484375,0.72998046875,0.15,0.0,0.0,0.4500000000000001,0.007142857142857143,0.007142857142857143,0.07142857142857144,0.6750000000000003,0.30000000000000004,0.0,0.6000000000000002,0.3999999999999995,0.25000000000000006,0.40714285714285664
0.22980769230769219,0.52392578125,0.73193359375,0.175,0.0,0.0,0.4500000000000001,0.007142857142857143,0.007142857142857143,0.07142857142857144,0.6750000000000003,0.30000000000000004,0.0,0.6000000000000002,0.3999999999999995,0.25000000000000006,0.40714285714285664
0.23076923076923067,0.5263671875,0.73486328125,0.175,0.0,0.0,0.47500000000000014,0.007142857142857143,0.007142857142857143,0.07142857142857144,0.6750000000000003,0.30000000000000004,0.0,0.6000000000000002,0.3999999999999995,0.25000000000000006,0.40714285714285664
0.2317307692307691,0.5283203125,0.7373046875,0.175,0.0,0.0,0.47500000000000014,0.007142857142857143,0.007142857142857143,0.07857142857142858,0.6750000000000003,0.30000000000000004,0.0,0.6000000000000002,0.3999999999999995,0.25000000000000006,0.40714285714285664
0.2326923076923076,0.53076171875,0.740234375,0.175,0.0,0.0,0.47500000000000014,0.014285714285714285,0.007142857142857143,0.07857142857142858,0.6750000000000003,0.30000000000000004,0.0,0.6000000000000002,0.3999999999999995,0.25000000000000006,0.40714285714285664
0.23365384615384602,0.53271484375,0.7421875,0.175,0.0,0.0,0.47500000000000014,0.02142857142857143,0.007142857142857143,0.07857142857142858,0.6750000000000003,0.30000000000000004,0.0,0.6000000000000002,0.3999999999999995,0.25000000000000006,0.40714285714285664
0.2346153846153845,0.53466796875,0.7451171875,0.175,0.0,0.0,0.47500000000000014,0.02857142857142857,0.007142857142857143,0.07857142857142858,0.6750000000000003,0.30000000000000004,0.0,0.6000000000000002,0.3999999999999995,0.25000000000000006,0.40714285714285664
0.23557692307692296,0.53662109375,0.74755859375,0.175,0.0,0.0,0.47500000000000014,0.03571428571428571,0.007142857142857143,0.07857142857142858,0.6750000000000003,0.30000000000000004,0.0,0.6000000000000002,0.3999999999999995,0.25000000000000006,0.40714285714285664
0.23653846153846142,0.53857421875,0.74951171875,0.175,0.0,0.0,0.47500000000000014,0.04285714285714286,0.007142857142857143,0.07857142857142858,0.6750000000000003,0.30000000000000004,0.0,0.6000000000000002,0.3999999999999995,0.25000000000000006,0.40714285714285664
0.23749999999999988,0.54052734375,0.751953125,0.175,0.0,0.0,0.47500000000000014,0.04285714285714286,0.007142857142857143,0.08571428571428573,0.6750000000000003,0.30000000000000004,0.0,0.6000000000000002,0.3999999999999995,0.25000000000000006,0.40714285714285664
0.23846153846153836,0.54248046875,0.7548828125,0.175,0.0,0.0,0.47500000000000014,0.04285714285714286,0.007142857142857143,0.08571428571428573,0.6750000000000003,0.30000000000000004,0.0,0.6000000000000002,0.3999999999999995,0.25000000000000006,0.41428571428571376
0.2394230769230768,0.54443359375,0.75634765625,0.175,0.0,0.0,0.47500000000000014,0.04285714285714286,0.007142857142857143,0.08571428571428573,0.6750000000000003,0.30000000000000004,0.0,0.6000000000000002,0.3999999999999995,0.25000000000000006,0.4214285714285709
0.24038461538461525,0.54638671875,0.759765625,0.175,0.0,0.0,0.47500000000000014,0.04285714285714286,0.007142857142857143,0.08571428571428573,0.6750000000000003,0.30000000000000004,0.0,0.6000000000000002,0.40714285714285664,0.25000000000000006,0.4214285714285709
0.2413461538461537,0.54833984375,0.76123046875,0.175,0.0,0.0,0.47500000000000014,0.04285714285714286,0.007142857142857143,0.08571428571428573,0.6750000000000003,0.30000000000000004,0.0,0.6000000000000002,0.41428571428571376,0.25000000000000006,0.4214285714285709
0.2423076923076922,0.55029296875,0.76416015625,0.175,0.0,0.0,0.47500000000000014,0.04285714285714286,0.007142857142857143,0.08571428571428573,0.7000000000000003,0.30000000000000004,0.0,0.6000000000000002,0.41428571428571376,0.25000000000000006,0.4214285714285709
0.24326923076923068,0.55224609375,0.7666015625,0.175,0.0,0.0,0.47500000000000014,0.04285714285714286,0.007142857142857143,0.08571428571428573,0.7000000000000003,0.30000000000000004,0.0,0.6000000000000002,0.41428571428571376,0.25000000000000006,0.428571428571428
0.2442307692307691,0.55419921875,0.7685546875,0.175,0.0,0.0,0.47500000000000014,0.04285714285714286,0.007142857142857143,0.08571428571428573,0.7000000000000003,0.30000000000000004,0.0,0.6000000000000002,0.41428571428571376,0.25000000000000006,0.4357142857142851
0.2451923076923076,0.55615234375,0.771484375,0.175,0.0,0.0,0.47500000000000014,0.04285714285714286,0.007142857142857143,0.08571428571428573,0.7000000000000003,0.30000000000000004,0.0,0.6000000000000002,0.41428571428571376,0.25000000000000006,0.4428571428571422
0.24615384615384603,0.55810546875,0.7734375,0.175,0.0,0.0,0.47500000000000014,0.04285714285714286,0.007142857142857143,0.08571428571428573,0.7000000000000003,0.30000000000000004,0.0,0.6000000000000002,0.41428571428571376,0.25000000000000006,0.44999999999999934
0.24711538461538446,0.56005859375,0.77587890625,0.175,0.0,0.0,0.47500000000000014,0.04285714285714286,0.007142857142857143,0.08571428571428573,0.7000000000000003,0.30000000000000004,0.0,0.6000000000000002,0.4214285714285709,0.25000000000000006,0.44999999999999934
0.24807692307692294,0.56201171875,0.779296875,0.175,0.0,0.0,0.47500000000000014,0.04285714285714286,0.007142857142857143,0.08571428571428573,0.7000000000000003,0.30000000000000004,0.0,0.6000000000000002,0.428571428571428,0.25000000000000006,0.44999999999999934
0.24903846153846138,0.56396484375,0.78076171875,0.175,0.0,0.0,0.47500000000000014,0.04285714285714286,0.007142857142857143,0.08571428571428573,0.7000000000000003,0.30000000000000004,0.0,0.6000000000000002,0.4357142857142851,0.25000000000000006,0.44999999999999934
0.24999999999999986,0.56591796875,0.78369140625,0.175,0.0,0.0,0.47500000000000014,0.04285714285714286,0.007142857142857143,0.08571428571428573,0.7000000000000003,0.30000000000000004,0.0,0.6000000000000002,0.4428571428571422,0.25000000000000006,0.44999999999999934
0.2509615384615383,0.56787109375,0.7861328125,0.175,0.0,0.0,0.47500000000000014,0.04285714285714286,0.007142857142857143,0.08571428571428573,0.7000000000000003,0.30000000000000004,0.0,0.6000000000000002,0.44999999999999934,0.25000000000000006,0.44999999999999934
0.2519230769230768,0.56982421875,0.78857421875,0.175,0.0,0.0,0.47500000000000014,0.04285714285714286,0.007142857142857143,0.08571428571428573,0.7000000000000003,0.30000000000000004,0.0,0.6000000000000002,0.45714285714285646,0.25000000000000006,0.44999999999999934
0.25288461538461526,0.57177734375,0.791015625,0.175,0.0,0.0,0.47500000000000014,0.04285714285714286,0.007142857142857143,0.08571428571428573,0.7000000000000003,0.30000000000000004,0.0,0.6000000000000002,0.45714285714285646,0.2571428571428572,0.44999999999999934
0.2538461538461537,0.57373046875,0.79296875,0.175,0.0,0.0,0.47500000000000014,0.04285714285714286,0.007142857142857143,0.08571428571428573,0.7000000000000003,0.30000000000000004,0.0,0.6000000000000002,0.45714285714285646,0.2642857142857143,0.44999999999999934
0.2548076923076922,0.57568359375,0.7958984375,0.175,0.0,0.0,0.47500000000000014,0.04285714285714286,0.007142857142857143,0.08571428571428573,0.7000000000000003,0.30000000000000004,0.0,0.6000000000000002,0.45714285714285646,0.2714285714285714,0.44999999999999934
0.25576923076923064,0.57763671875,0.7978515625,0.175,0.0,0.0,0.47500000000000014,0.04285714285714286,0.007142857142857143,0.09285714285714287,0.7000000000000003,0.30000000000000004,0.0,0.6000000000000002,0.45714285714285646,0.2714285714285714,0.44999999999999934
0.2567307692307691,0.57958984375,0.80078125,0.175,0.0,0.0,0.47500000000000014,0.04285714285714286,0.007142857142857143,0.09285714285714287,0.7000000000000003,0.30000000000000004,0.0,0.6000000000000002,0.45714285714285646,0.2714285714285714,0.45714285714285646
0.25769230769230755,0.58154296875,0.80322265625,0.175,0.0,0.0,0.47500000000000014,0.04285714285714286,0.007142857142857143,0.09285714285714287,0.7000000000000003,0.30000000000000004,0.0,0.6000000000000002,0.45714285714285646,0.2785714285714285,0.45714285714285646
0.258653846153846,0.58349609375,0.8056640625,0.175,0.0,0.0,0.47500000000000014,0.04285714285714286,0.007142857142857143,0.09285714285714287,0.7000000000000003,0.30000000000000004,0.0,0.6000000000000002,0.45714285714285646,0.28571428571428564,0.45714285714285646
0.25961538461538447,0.58544921875,0.80859375,0.175,0.0,0.0,0.47500000000000014,0.04285714285714286,0.007142857142857143,0.09285714285714287,0.7000000000000003,0.30000000000000004,0.0,0.6000000000000002,0.45714285714285646,0.29285714285714276,0.45714285714285646
0.2605769230769229,0.58740234375,0.8115234375,0.175,0.0,0.0,0.47500000000000014,0.04285714285714286,0.007142857142857143,0.09285714285714287,0.7000000000000003,0.30000000000000004,0.0,0.6000000000000002,0.45714285714285646,0.29285714285714276,0.4642857142857136
0.2615384615384614,0.58935546875,0.81298828125,0.175,0.0,0.0,0.47500000000000014,0.04285714285714286,0.007142857142857143,0.09285714285714287,0.7000000000000003,0.30000000000000004,0.0,0.6000000000000002,0.4642857142857136,0.29285714285714276,0.4642857142857136
0.26249999999999984,0.59130859375,0.81591796875,0.175,0.0,0.0,0.47500000000000014,0.04285714285714286,0.007142857142857143,0.09285714285714287,0.7000000000000003,0.30000000000000004,0.0,0.6000000000000002,0.4642857142857136,0.29285714285714276,0.4714285714285707
0.2634615384615383,0.59326171875,0.81787109375,0.175,0.0,0.0,0.47500000000000014,0.04285714285714286,0.007142857142857143,0.09285714285714287,0.7000000000000003,0.30000000000000004,0.0,0.6000000000000002,0.4714285714285707,0.29285714285714276,0.4714285714285707
0.26442307692307676,0.59521484375,0.82080078125,0.175,0.0,0.0,0.47500000000000014,0.04285714285714286,0.007142857142857143,0.09285714285714287,0.7000000000000003,0.30000000000000004,0.0,0.6000000000000002,0.4785714285714278,0.29285714285714276,0.4714285714285707
0.2653846153846152,0.59716796875,0.82275390625,0.175,0.0,0.0,0.47500000000000014,0.04285714285714286,0.007142857142857143,0.09285714285714287,0.7000000000000003,0.30000000000000004,0.0,0.6000000000000002,0.4785714285714278,0.29285714285714276,0.4785714285714278
0.2663461538461537,0.59912109375,0.82568359375,0.175,0.0,0.0,0.47500000000000014,0.04285714285714286,0.007142857142857143,0.09285714285714287,0.7000000000000003,0.30000000000000004,0.0,0.6000000000000002,0.4785714285714278,0.29285714285714276,0.48571428571428493
0.26730769230769214,0.60107421875,0.82861328125,0.175,0.0,0.0,0.47500000000000014,0.04285714285714286,0.007142857142857143,0.09285714285714287,0.7000000000000003,0.30000000000000004,0.0,0.6000000000000002,0.4785714285714278,0.2999999999999999,0.48571428571428493
0.2682692307692306,0.60302734375,0.83056640625,0.175,0.0,0.0,0.47500000000000014,0.04285714285714286,0.007142857142857143,0.09285714285714287,0.7000000000000003,0.30000000000000004,0.0,0.6000000000000002,0.4785714285714278,0.307142857142857,0.48571428571428493
0.26923076923076905,0.60498046875,0.83349609375,0.175,0.0,0.0,0.47500000000000014,0.04285714285714286,0.007142857142857143,0.09285714285714287,0.7000000000000003,0.30000000000000004,0.0,0.6000000000000002,0.4785714285714278,0.307142857142857,0.49285714285714205
0.2701923076923075,0.60693359375,0.8349609375,0.175,0.0,0.0,0.47500000000000014,0.04285714285714286,0.007142857142857143,0.09285714285714287,0.7000000000000003,0.30000000000000004,0.0,0.6000000000000002,0.4785714285714278,0.307142857142857,0.49999999999999917
0.27115384615384597,0.60888671875,0.837890625,0.175,0.0,0.0,0.47500000000000014,0.04285714285714286,0.007142857142857143,0.09285714285714287,0.7000000000000003,0.30000000000000004,0.0,0.6000000000000002,0.4785714285714278,0.307142857142857,0.5071428571428563
0.2721153846153844,0.61083984375,0.8408203125,0.175,0.0,0.0,0.47500000000000014,0.04285714285714286,0.007142857142857143,0.09285714285714287,0.7000000000000003,0.30000000000000004,0.0,0.6000000000000002,0.4785714285714278,0.307142857142857,0.5142857142857135
0.2730769230769229,0.61279296875,0.8427734375,0.175,0.0,0.0,0.47500000000000014,0.04285714285714286,0.007142857142857143,0.09285714285714287,0.7250000000000003,0.30000000000000004,0.0,0.6000000000000002,0.4785714285714278,0.307142857142857,0.5142857142857135
0.27403846153846134,0.61474609375,0.84521484375,0.175,0.0,0.0,0.47500000000000014,0.04285714285714286,0.007142857142857143,0.09285714285714287,0.7250000000000003,0.30000000000000004,0.0,0.6000000000000002,0.4785714285714278,0.307142857142857,0.5214285714285706
0.2749999999999998,0.6171875,0.84765625,0.19999999999999998,0.0,0.0,0.47500000000000014,0.04285714285714286,0.007142857142857143,0.09285714285714287,0.7250000000000003,0.30000000000000004,0.0,0.6000000000000002,0.4785714285714278,0.307142857142857,0.5214285714285706
0.2759615384615382,0.61962890625,0.85107421875,0.19999999999999998,0.0,0.0,0.5000000000000001,0.04285714285714286,0.007142857142857143,0.09285714285714287,0.7250000000000003,0.30000000000000004,0.0,0.6000000000000002,0.4785714285714278,0.307142857142857,0.5214285714285706
0.2769230769230767,0.62158203125,0.8525390625,0.19999999999999998,0.0,0.0,0.5000000000000001,0.05,0.007142857142857143,0.09285714285714287,0.7250000000000003,0.30000000000000004,0.0,0.6000000000000002,0.4785714285714278,0.307142857142857,0.5214285714285706
0.2778846153846152,0.62353515625,0.85498046875,0.19999999999999998,0.0,0.0,0.5000000000000001,0.05,0.007142857142857143,0.09285714285714287,0.7250000000000003,0.30000000000000004,0.0,0.6250000000000002,0.4785714285714278,0.307142857142857,0.5214285714285706
0.27884615384615363,0.6259765625,0.857421875,0.22499999999999998,0.0,0.0,0.5000000000000001,0.05,0.007142857142857143,0.09285714285714287,0.7250000000000003,0.30000000000000004,0.0,0.6250000000000002,0.4785714285714278,0.307142857142857,0.5214285714285706
0.2798076923076921,0.6279296875,0.8603515625,0.22499999999999998,0.0,0.0,0.5000000000000001,0.05,0.007142857142857143,0.09285714285714287,0.7250000000000003,0.30000000000000004,0.0,0.6250000000000002,0.48571428571428493,0.307142857142857,0.5214285714285706
0.28076923076923055,0.6298828125,0.8623046875,0.22499999999999998,0.0,0.0,0.5000000000000001,0.05,0.007142857142857143,0.09285714285714287,0.7250000000000003,0.30000000000000004,0.0,0.6250000000000002,0.49285714285714205,0.307142857142857,0.5214285714285706
0.281730769230769,0.6318359375,0.86474609375,0.22499999999999998,0.0,0.0,0.5000000000000001,0.05,0.007142857142857143,0.10000000000000002,0.7250000000000003,0.30000000000000004,0.0,0.6250000000000002,0.49285714285714205,0.307142857142857,0.5214285714285706
0.28269230769230747,0.63427734375,0.8662109375,0.22499999999999998,0.0,0.0,0.5250000000000001,0.05,0.007142857142857143,0.10000000000000002,0.7250000000000003,0.30000000000000004,0.0,0.6250000000000002,0.49285714285714205,0.307142857142857,0.5214285714285706
0.2836538461538459,0.63671875,0.86962890625,0.22499999999999998,0.0,0.0,0.5250000000000001,0.05714285714285715,0.007142857142857143,0.10000000000000002,0.7250000000000003,0.30000000000000004,0.0,0.6250000000000002,0.49285714285714205,0.307142857142857,0.5214285714285706
0.28461538461538444,0.638671875,0.87158203125,0.22499999999999998,0.0,0.0,0.5250000000000001,0.05714285714285715,0.007142857142857143,0.10714285714285716,0.7250000000000003,0.30000000000000004,0.0,0.6250000000000002,0.49285714285714205,0.307142857142857,0.5214285714285706
0.2855769230769229,0.640625,0.87451171875,0.22499999999999998,0.0,0.0,0.5250000000000001,0.05714285714285715,0.007142857142857143,0.10714285714285716,0.7250000000000003,0.30000000000000004,0.0,0.6250000000000002,0.49999999999999917,0.307142857142857,0.5214285714285706
0.28653846153846135,0.642578125,0.87646484375,0.22499999999999998,0.0,0.0,0.5250000000000001,0.05714285714285715,0.007142857142857143,0.10714285714285716,0.7250000000000003,0.30000000000000004,0.0,0.6250000000000002,0.5071428571428563,0.307142857142857,0.5214285714285706
0.28749999999999976,0.64501953125,0.87939453125,0.22499999999999998,0.0,0.0,0.5250000000000001,0.0642857142857143,0.007142857142857143,0.10714285714285716,0.7250000000000003,0.30000000000000004,0.0,0.6250000000000002,0.5071428571428563,0.307142857142857,0.5214285714285706
0.28846153846153827,0.64697265625,0.88134765625,0.22499999999999998,0.0,0.0,0.5250000000000001,0.0642857142857143,0.007142857142857143,0.10714285714285716,0.7250000000000003,0.30000000000000004,0.0,0.6250000000000002,0.5071428571428563,0.3142857142857141,0.5214285714285706
0.28942307692307667,0.64892578125,0.8837890625,0.22499999999999998,0.0,0.0,0.5250000000000001,0.0642857142857143,0.007142857142857143,0.10714285714285716,0.7250000000000003,0.30000000000000004,0.0,0.6250000000000002,0.5071428571428563,0.32142857142857123,0.5214285714285706
0.29038461538461513,0.65087890625,0.88525390625,0.22499999999999998,0.0,0.0,0.5250000000000001,0.0642857142857143,0.007142857142857143,0.10714285714285716,0.7250000000000003,0.30000000000000004,0.0,0.6500000000000002,0.5071428571428563,0.32142857142857123,0.5214285714285706
0.2913461538461536,0.65283203125,0.888671875,0.22499999999999998,0.0,0.0,0.5250000000000001,0.0642857142857143,0.007142857142857143,0.10714285714285716,0.7250000000000003,0.30000000000000004,0.0,0.6500000000000002,0.5071428571428563,0.32857142857142835,0.5214285714285706
0.2923076923076921,0.65478515625,0.890625,0.22499999999999998,0.0,0.0,0.5250000000000001,0.0642857142857143,0.007142857142857143,0.10714285714285716,0.7250000000000003,0.30000000000000004,0.0,0.6500000000000002,0.5071428571428563,0.33571428571428547,0.5214285714285706
0.2932692307692305,0.65673828125,0.8935546875,0.22499999999999998,0.0,0.0,0.5250000000000001,0.0642857142857143,0.007142857142857143,0.10714285714285716,0.7250000000000003,0.30000000000000004,0.0,0.6500000000000002,0.5071428571428563,0.33571428571428547,0.5285714285714277
0.29423076923076896,0.65869140625,0.8955078125,0.22499999999999998,0.0,0.0,0.5250000000000001,0.0642857142857143,0.007142857142857143,0.10714285714285716,0.7250000000000003,0.30000000000000004,0.0,0.6500000000000002,0.5071428571428563,0.33571428571428547,0.5357142857142848
0.2951923076923074,0.66064453125,0.89794921875,0.22499999999999998,0.0,0.0,0.5250000000000001,0.0642857142857143,0.007142857142857143,0.10714285714285716,0.7250000000000003,0.30000000000000004,0.0,0.6500000000000002,0.5071428571428563,0.3428571428571426,0.5357142857142848
0.29615384615384593,0.66259765625,0.89990234375,0.22499999999999998,0.0,0.0,0.5250000000000001,0.0642857142857143,0.007142857142857143,0.10714285714285716,0.7250000000000003,0.30000000000000004,0.0,0.6500000000000002,0.5142857142857135,0.3428571428571426,0.5357142857142848
0.2971153846153844,0.66455078125,0.90283203125,0.22499999999999998,0.0,0.0,0.5250000000000001,0.0642857142857143,0.007142857142857143,0.10714285714285716,0.7250000000000003,0.30000000000000004,0.0,0.6500000000000002,0.5214285714285706,0.3428571428571426,0.5357142857142848
0.29807692307692285,0.66650390625,0.90576171875,0.22499999999999998,0.0,0.0,0.5250000000000001,0.0642857142857143,0.007142857142857143,0.10714285714285716,0.7250000000000003,0.30000000000000004,0.0,0.6500000000000002,0.5214285714285706,0.3499999999999997,0.5357142857142848
0.29903846153846136,0.66845703125,0.9072265625,0.22499999999999998,0.0,0.0,0.5250000000000001,0.0642857142857143,0.007142857142857143,0.10714285714285716,0.7250000000000003,0.30000000000000004,0.0,0.6500000000000002,0.5214285714285706,0.3571428571428568,0.5357142857142848
0.29999999999999977,0.67041015625,0.91015625,0.22499999999999998,0.0,0.0,0.5250000000000001,0.0642857142857143,0.007142857142857143,0.10714285714285716,0.7250000000000003,0.30000000000000004,0.0,0.6500000000000002,0.5214285714285706,0.3571428571428568,0.5428571428571419
0.3009615384615382,0.67236328125,0.912109375,0.22499999999999998,0.0,0.0,0.5250000000000001,0.0642857142857143,0.007142857142857143,0.10714285714285716,0.7500000000000003,0.30000000000000004,0.0,0.6500000000000002,0.5214285714285706,0.3571428571428568,0.5428571428571419
0.3019230769230767,0.6748046875,0.9150390625,0.22499999999999998,0.0,0.0,0.5250000000000001,0.07142857142857144,0.007142857142857143,0.10714285714285716,0.7500000000000003,0.30000000000000004,0.0,0.6500000000000002,0.5214285714285706,0.3571428571428568,0.5428571428571419
0.30288461538461514,0.67724609375,0.9169921875,0.22499999999999998,0.0,0.0,0.5250000000000001,0.07142857142857144,0.007142857142857143,0.11428571428571431,0.7500000000000003,0.30000000000000004,0.0,0.6500000000000002,0.5214285714285706,0.3571428571428568,0.5428571428571419
0.3038461538461536,0.67919921875,0.92041015625,0.22499999999999998,0.0,0.0,0.5250000000000001,0.07142857142857144,0.007142857142857143,0.12142857142857146,0.7500000000000003,0.30000000000000004,0.0,0.6500000000000002,0.5214285714285706,0.3571428571428568,0.5428571428571419
0.30480769230769206,0.68115234375,0.92236328125,0.22499999999999998,0.0,0.0,0.5250000000000001,0.07142857142857144,0.007142857142857143,0.12142857142857146,0.7500000000000003,0.30000000000000004,0.0,0.6500000000000002,0.5214285714285706,0.3571428571428568,0.549999999999999
0.3057692307692305,0.68310546875,0.92578125,0.22499999999999998,0.0,0.0,0.5250000000000001,0.07142857142857144,0.007142857142857143,0.12142857142857146,0.7500000000000003,0.30000000000000004,0.0,0.6500000000000002,0.5214285714285706,0.3571428571428568,0.5571428571428562
0.30673076923076903,0.68505859375,0.92724609375,0.22499999999999998,0.0,0.0,0.5250000000000001,0.07142857142857144,0.007142857142857143,0.12142857142857146,0.7500000000000003,0.30000000000000004,0.1,0.6500000000000002,0.5214285714285706,0.3571428571428568,0.5571428571428562
0.30769230769230743,0.68701171875,0.93017578125,0.22499999999999998,0.0,0.0,0.5250000000000001,0.07142857142857144,0.007142857142857143,0.12142857142857146,0.7500000000000003,0.30000000000000004,0.1,0.6500000000000002,0.5214285714285706,0.36428571428571394,0.5571428571428562
0.30865384615384595,0.68896484375,0.93310546875,0.22499999999999998,0.0,0.0,0.5250000000000001,0.07142857142857144,0.007142857142857143,0.12142857142857146,0.7500000000000003,0.30000000000000004,0.1,0.6500000000000002,0.5214285714285706,0.37142857142857105,0.5571428571428562
0.30961538461538435,0.69091796875,0.9345703125,0.22499999999999998,0.0,0.0,0.5250000000000001,0.07142857142857144,0.007142857142857143,0.12142857142857146,0.7500000000000003,0.30000000000000004,0.1,0.6500000000000002,0.5214285714285706,0.37857142857142817,0.5571428571428562
0.31057692307692286,0.69287109375,0.93798828125,0.22499999999999998,0.0,0.0,0.5250000000000001,0.07142857142857144,0.007142857142857143,0.12142857142857146,0.7500000000000003,0.30000000000000004,0.1,0.6500000000000002,0.5214285714285706,0.3857142857142853,0.5571428571428562
0.3115384615384613,0.69482421875,0.93994140625,0.22499999999999998,0.0,0.0,0.5250000000000001,0.07142857142857144,0.007142857142857143,0.12142857142857146,0.7500000000000003,0.30000000000000004,0.1,0.6500000000000002,0.5214285714285706,0.3857142857142853,0.5642857142857133
0.3124999999999997,0.69677734375,0.943359375,0.22499999999999998,0.0,0.0,0.5250000000000001,0.07142857142857144,0.007142857142857143,0.12142857142857146,0.7500000000000003,0.30000000000000004,0.1,0.6500000000000002,0.5214285714285706,0.3857142857142853,0.5714285714285704
0.3134615384615382,0.69873046875,0.94482421875,0.22499999999999998,0.0,0.0,0.5250000000000001,0.07142857142857144,0.007142857142857143,0.12142857142857146,0.7500000000000003,0.30000000000000004,0.1,0.6500000000000002,0.5214285714285706,0.3857142857142853,0.5785714285714275
0.3144230769230767,0.70068359375,0.94775390625,0.22499999999999998,0.0,0.0,0.5250000000000001,0.07142857142857144,0.007142857142857143,0.12142857142857146,0.7500000000000003,0.30000000000000004,0.1,0.6500000000000002,0.5214285714285706,0.3857142857142853,0.5857142857142846
0.3153846153846151,0.70263671875,0.9501953125,0.22499999999999998,0.0,0.0,0.5250000000000001,0.07142857142857144,0.007142857142857143,0.1285714285714286,0.7500000000000003,0.30000000000000004,0.1,0.6500000000000002,0.5214285714285706,0.3857142857142853,0.5857142857142846
0.31634615384615355,0.70458984375,0.95166015625,0.22499999999999998,0.0,0.0,0.5250000000000001,0.07142857142857144,0.007142857142857143,0.1285714285714286,0.7500000000000003,0.30000000000000004,0.1,0.6500000000000002,0.5214285714285706,0.3928571428571424,0.5857142857142846
0.317307692307692,0.70654296875,0.955078125,0.22499999999999998,0.0,0.0,0.5250000000000001,0.07142857142857144,0.007142857142857143,0.1285714285714286,0.7500000000000003,0.30000000000000004,0.1,0.6500000000000002,0.5214285714285706,0.3999999999999995,0.5857142857142846
0.3182692307692304,0.70849609375,0.95654296875,0.22499999999999998,0.0,0.0,0.5250000000000001,0.07142857142857144,0.007142857142857143,0.1285714285714286,0.7500000000000003,0.30000000000000004,0.1,0.6500000000000002,0.5214285714285706,0.40714285714285664,0.5857142857142846
0.319230769230769,0.71044921875,0.958984375,0.22499999999999998,0.0,0.0,0.5250000000000001,0.07142857142857144,0.007142857142857143,0.1285714285714286,0.7500000000000003,0.30000000000000004,0.1,0.6500000000000002,0.5214285714285706,0.41428571428571376,0.5857142857142846
0.3201923076923074,0.712890625,0.9609375,0.24999999999999997,0.0,0.0,0.5250000000000001,0.07142857142857144,0.007142857142857143,0.1285714285714286,0.7500000000000003,0.30000000000000004,0.1,0.6500000000000002,0.5214285714285706,0.41428571428571376,0.5857142857142846
0.32115384615384585,0.71533203125,0.96435546875,0.24999999999999997,0.0,0.0,0.5500000000000002,0.07142857142857144,0.007142857142857143,0.1285714285714286,0.7500000000000003,0.30000000000000004,0.1,0.6500000000000002,0.5214285714285706,0.41428571428571376,0.5857142857142846
0.32211538461538436,0.71728515625,0.96630859375,0.24999999999999997,0.0,0.0,0.5500000000000002,0.07857142857142858,0.007142857142857143,0.1285714285714286,0.7500000000000003,0.30000000000000004,0.1,0.6500000000000002,0.5214285714285706,0.41428571428571376,0.5857142857142846
0.3230769230769228,0.7197265625,0.96923828125,0.24999999999999997,0.0,0.0,0.5500000000000002,0.07857142857142858,0.007142857142857143,0.13571428571428573,0.7500000000000003,0.30000000000000004,0.1,0.6500000000000002,0.5214285714285706,0.41428571428571376,0.5857142857142846
0.3240384615384613,0.7216796875,0.97119140625,0.24999999999999997,0.0,0.0,0.5500000000000002,0.07857142857142858,0.007142857142857143,0.14285714285714288,0.7500000000000003,0.30000000000000004,0.1,0.6500000000000002,0.5214285714285706,0.41428571428571376,0.5857142857142846
0.3249999999999997,0.72412109375,0.97412109375,0.24999999999999997,0.0,0.0,0.5500000000000002,0.07857142857142858,0.007142857142857143,0.15000000000000002,0.7500000000000003,0.30000000000000004,0.1,0.6500000000000002,0.5214285714285706,0.41428571428571376,0.5857142857142846
0.3259615384615382,0.72607421875,0.97607421875,0.24999999999999997,0.0,0.0,0.5500000000000002,0.07857142857142858,0.007142857142857143,0.15000000000000002,0.7500000000000003,0.4,0.1,0.6500000000000002,0.5214285714285706,0.41428571428571376,0.5857142857142846
0.32692307692307665,0.728515625,0.97900390625,0.24999999999999997,0.0,0.0,0.5500000000000002,0.08571428571428573,0.007142857142857143,0.15000000000000002,0.7500000000000003,0.4,0.1,0.6500000000000002,0.5214285714285706,0.41428571428571376,0.5857142857142846
0.32788461538461505,0.73095703125,0.98095703125,0.24999999999999997,0.0,0.0,0.5500000000000002,0.08571428571428573,0.007142857142857143,0.15714285714285717,0.7500000000000003,0.4,0.1,0.6500000000000002,0.5214285714285706,0.41428571428571376,0.5857142857142846
0.3288461538461536,0.7333984375,0.98291015625,0.27499999999999997,0.0,0.0,0.5500000000000002,0.08571428571428573,0.007142857142857143,0.15714285714285717,0.7500000000000003,0.4,0.1,0.6500000000000002,0.5214285714285706,0.41428571428571376,0.5857142857142846
0.329807692307692,0.73583984375,0.98583984375,0.27499999999999997,0.0,0.0,0.5750000000000002,0.08571428571428573,0.007142857142857143,0.15714285714285717,0.7500000000000003,0.4,0.1,0.6500000000000002,0.5214285714285706,0.41428571428571376,0.5857142857142846
0.3307692307692305,0.73828125,0.9873046875,0.27499999999999997,0.0,0.0,0.5750000000000002,0.08571428571428573,0.014285714285714285,0.15714285714285717,0.7500000000000003,0.4,0.1,0.6500000000000002,0.5214285714285706,0.41428571428571376,0.5857142857142846
0.33173076923076894,0.740234375,0.99072265625,0.27499999999999997,0.0,0.0,0.5750000000000002,0.08571428571428573,0.02142857142857143,0.15714285714285717,0.7500000000000003,0.4,0.1,0.6500000000000002,0.5214285714285706,0.41428571428571376,0.5857142857142846
0.33269230769230745,0.74267578125,0.99267578125,0.27499999999999997,0.0,0.0,0.5750000000000002,0.09285714285714287,0.02142857142857143,0.15714285714285717,0.7500000000000003,0.4,0.1,0.6500000000000002,0.5214285714285706,0.41428571428571376,0.5857142857142846
0.3336538461538459,0.74462890625,0.99560546875,0.27499999999999997,0.0,0.0,0.5750000000000002,0.09285714285714287,0.02142857142857143,0.15714285714285717,0.7500000000000003,0.4,0.1,0.6500000000000002,0.5214285714285706,0.41428571428571376,0.5928571428571418
0.3346153846153843,0.74658203125,0.99755859375,0.27499999999999997,0.0,0.0,0.5750000000000002,0.09285714285714287,0.02142857142857143,0.15714285714285717,0.7500000000000003,0.4,0.1,0.6500000000000002,0.5214285714285706,0.41428571428571376,0.5999999999999989
0.3355769230769228,0.74853515625,1.0009765625,0.27499999999999997,0.0,0.0,0.5750000000000002,0.09285714285714287,0.02142857142857143,0.15714285714285717,0.7500000000000003,0.4,0.1,0.6500000000000002,0.5214285714285706,0.41428571428571376,0.607142857142856
0.3365384615384613,0.75048828125,1.0029296875,0.27499999999999997,0.0,0.0,0.5750000000000002,0.09285714285714287,0.02857142857142857,0.15714285714285717,0.7500000000000003,0.4,0.1,0.6500000000000002,0.5214285714285706,0.41428571428571376,0.607142857142856
0.3374999999999997,0.75244140625,1.005859375,0.27499999999999997,0.0,0.0,0.5750000000000002,0.09285714285714287,0.02857142857142857,0.15714285714285717,0.7500000000000003,0.4,0.1,0.6500000000000002,0.5285714285714277,0.41428571428571376,0.607142857142856
0.33846153846153815,0.75439453125,1.0078125,0.27499999999999997,0.0,0.0,0.5750000000000002,0.09285714285714287,0.02857142857142857,0.15714285714285717,0.7500000000000003,0.4,0.1,0.6500000000000002,0.5357142857142848,0.41428571428571376,0.607142857142856
0.3394230769230766,0.75634765625,1.0107421875,0.27499999999999997,0.0,0.0,0.5750000000000002,0.09285714285714287,0.02857142857142857,0.15714285714285717,0.7500000000000003,0.4,0.1,0.6750000000000003,0.5357142857142848,0.41428571428571376,0.607142857142856
0.3403846153846151,0.75830078125,1.0126953125,0.27499999999999997,0.0,0.0,0.5750000000000002,0.09285714285714287,0.02857142857142857,0.15714285714285717,0.7500000000000003,0.4,0.1,0.6750000000000003,0.5428571428571419,0.41428571428571376,0.607142857142856
0.3413461538461536,0.76025390625,1.0166015625,0.27499999999999997,0.0,0.0,0.5750000000000002,0.09285714285714287,0.02857142857142857,0.1642857142857143,0.7500000000000003,0.4,0.1,0.6750000000000003,0.5428571428571419,0.41428571428571376,0.607142857142856
0.342307692307692,0.76220703125,1.0185546875,0.27499999999999997,0.0,0.0,0.5750000000000002,0.09285714285714287,0.02857142857142857,0.1642857142857143,0.7500000000000003,0.4,0.1,0.6750000000000003,0.5428571428571419,0.41428571428571376,0.6142857142857131
0.34326923076923044,0.76416015625,1.021484375,0.27499999999999997,0.0,0.0,0.5750000000000002,0.09285714285714287,0.02857142857142857,0.1642857142857143,0.7500000000000003,0.4,0.1,0.6750000000000003,0.5428571428571419,0.4214285714285709,0.6142857142857131
0.34423076923076895,0.76611328125,1.0234375,0.27499999999999997,0.0,0.0,0.5750000000000002,0.09285714285714287,0.02857142857142857,0.1642857142857143,0.7500000000000003,0.4,0.1,0.6750000000000003,0.5428571428571419,0.428571428571428,0.6142857142857131
0.34519230769230735,0.76806640625,1.025390625,0.27499999999999997,0.0,0.0,0.5750000000000002,0.09285714285714287,0.02857142857142857,0.1642857142857143,0.7500000000000003,0.4,0.1,0.6750000000000003,0.5428571428571419,0.4357142857142851,0.6142857142857131
0.34615384615384587,0.77001953125,1.0283203125,0.27499999999999997,0.0,0.0,0.5750000000000002,0.09285714285714287,0.02857142857142857,0.1642857142857143,0.7500000000000003,0.4,0.1,0.6750000000000003,0.5428571428571419,0.4428571428571422,0.6142857142857131
0.34711538461538427,0.77197265625,1.0302734375,0.27499999999999997,0.0,0.0,0.5750000000000002,0.09285714285714287,0.02857142857142857,0.1642857142857143,0.7500000000000003,0.4,0.1,0.6750000000000003,0.5428571428571419,0.44999999999999934,0.6142857142857131
0.3480769230769228,0.77392578125,1.033203125,0.27499999999999997,0.0,0.0,0.5750000000000002,0.09285714285714287,0.02857142857142857,0.1642857142857143,0.7500000000000003,0.4,0.1,0.6750000000000003,0.5428571428571419,0.45714285714285646,0.6142857142857131
0.34903846153846124,0.77587890625,1.03515625,0.27499999999999997,0.0,0.0,0.5750000000000002,0.09285714285714287,0.02857142857142857,0.1642857142857143,0.7500000000000003,0.4,0.1,0.6750000000000003,0.5428571428571419,0.45714285714285646,0.6214285714285702
0.34999999999999964,0.77783203125,1.0380859375,0.27499999999999997,0.0,0.0,0.5750000000000002,0.09285714285714287,0.03571428571428571,0.1642857142857143,0.7500000000000003,0.4,0.1,0.6750000000000003,0.5428571428571419,0.45714285714285646,0.6214285714285702
0.3509615384615381,0.7802734375,1.0400390625,0.27499999999999997,0.0,0.0,0.5750000000000002,0.09285714285714287,0.04285714285714286,0.1642857142857143,0.7500000000000003,0.4,0.1,0.6750000000000003,0.5428571428571419,0.45714285714285646,0.6214285714285702
0.3519230769230766,0.7822265625,1.0419921875,0.27499999999999997,0.0,0.0,0.5750000000000002,0.09285714285714287,0.04285714285714286,0.1642857142857143,0.7500000000000003,0.4,0.1,0.6750000000000003,0.5428571428571419,0.4642857142857136,0.6214285714285702
0.352884615384615,0.7841796875,1.044921875,0.27499999999999997,0.0,0.0,0.5750000000000002,0.09285714285714287,0.04285714285714286,0.1642857142857143,0.7500000000000003,0.4,0.1,0.6750000000000003,0.5428571428571419,0.4642857142857136,0.6285714285714273
0.3538461538461535,0.7861328125,1.046875,0.27499999999999997,0.0,0.0,0.5750000000000002,0.09285714285714287,0.04285714285714286,0.1642857142857143,0.7500000000000003,0.4,0.1,0.6750000000000003,0.5428571428571419,0.4642857142857136,0.6357142857142845
0.35480769230769194,0.7880859375,1.0498046875,0.27499999999999997,0.0,0.0,0.5750000000000002,0.09285714285714287,0.04285714285714286,0.1642857142857143,0.7500000000000003,0.4,0.1,0.6750000000000003,0.5428571428571419,0.4642857142857136,0.6428571428571416
0.35576923076923045,0.7900390625,1.0517578125,0.27499999999999997,0.0,0.0,0.5750000000000002,0.09285714285714287,0.04285714285714286,0.1642857142857143,0.7500000000000003,0.4,0.1,0.6750000000000003,0.5428571428571419,0.4642857142857136,0.6499999999999987
0.3567307692307689,0.7919921875,1.0546875,0.27499999999999997,0.0,0.0,0.5750000000000002,0.09285714285714287,0.04285714285714286,0.1642857142857143,0.7500000000000003,0.4,0.1,0.6750000000000003,0.549999999999999,0.4642857142857136,0.6499999999999987
0.3576923076923073,0.7939453125,1.056640625,0.27499999999999997,0.0,0.0,0.5750000000000002,0.09285714285714287,0.04285714285714286,0.1642857142857143,0.7500000000000003,0.4,0.1,0.6750000000000003,0.5571428571428562,0.4642857142857136,0.6499999999999987
0.35865384615384577,0.7958984375,1.05859375,0.27499999999999997,0.0,0.0,0.5750000000000002,0.09285714285714287,0.04285714285714286,0.1642857142857143,0.7750000000000004,0.4,0.1,0.6750000000000003,0.5571428571428562,0.4642857142857136,0.6499999999999987
0.3596153846153843,0.7978515625,1.0615234375,0.27499999999999997,0.0,0.0,0.5750000000000002,0.09285714285714287,0.04285714285714286,0.1642857142857143,0.7750000000000004,0.4,0.1,0.6750000000000003,0.5642857142857133,0.4642857142857136,0.6499999999999987
0.36057692307692274,0.7998046875,1.0634765625,0.27499999999999997,0.0,0.0,0.5750000000000002,0.09285714285714287,0.04285714285714286,0.1642857142857143,0.7750000000000004,0.4,0.1,0.6750000000000003,0.5714285714285704,0.4642857142857136,0.6499999999999987
0.36153846153846114,0.8017578125,1.06640625,0.27499999999999997,0.0,0.0,0.5750000000000002,0.09285714285714287,0.04285714285714286,0.1642857142857143,0.7750000000000004,0.4,0.1,0.6750000000000003,0.5785714285714275,0.4642857142857136,0.6499999999999987
0.3624999999999996,0.8037109375,1.068359375,0.27499999999999997,0.0,0.0,0.5750000000000002,0.09285714285714287,0.04285714285714286,0.1642857142857143,0.7750000000000004,0.4,0.1,0.6750000000000003,0.5857142857142846,0.4642857142857136,0.6499999999999987
0.3634615384615381,0.8056640625,1.0703125,0.27499999999999997,0.0,0.0,0.5750000000000002,0.09285714285714287,0.05,0.1642857142857143,0.7750000000000004,0.4,0.1,0.6750000000000003,0.5857142857142846,0.4642857142857136,0.6499999999999987
0.36442307692307657,0.8076171875,1.0732421875,0.27499999999999997,0.0,0.0,0.5750000000000002,0.09285714285714287,0.05,0.1642857142857143,0.7750000000000004,0.4,0.1,0.6750000000000003,0.5928571428571418,0.4642857142857136,0.6499999999999987
0.365384615384615,0.8095703125,1.076171875,0.27499999999999997,0.0,0.0,0.5750000000000002,0.09285714285714287,0.05,0.1642857142857143,0.7750000000000004,0.4,0.1,0.6750000000000003,0.5928571428571418,0.4642857142857136,0.6571428571428558
0.36634615384615343,0.8115234375,1.078125,0.27499999999999997,0.0,0.0,0.5750000000000002,0.09285714285714287,0.05,0.1642857142857143,0.7750000000000004,0.4,0.1,0.6750000000000003,0.5928571428571418,0.4642857142857136,0.6642857142857129
0.36730769230769195,0.8134765625,1.080078125,0.27499999999999997,0.0,0.0,0.5750000000000002,0.09285714285714287,0.05,0.1642857142857143,0.7750000000000004,0.4,0.1,0.6750000000000003,0.5999999999999989,0.4642857142857136,0.6642857142857129
0.36826923076923035,0.8154296875,1.0830078125,0.27499999999999997,0.0,0.0,0.5750000000000002,0.09285714285714287,0.05,0.1642857142857143,0.7750000000000004,0.4,0.1,0.6750000000000003,0.5999999999999989,0.4642857142857136,0.67142857142857
0.3692307692307688,0.81787109375,1.0849609375,0.27499999999999997,0.0,0.0,0.5750000000000002,0.10000000000000002,0.05,0.1642857142857143,0.7750000000000004,0.4,0.1,0.6750000000000003,0.5999999999999989,0.4642857142857136,0.67142857142857
0.37019230769230727,0.81982421875,1.087890625,0.27499999999999997,0.0,0.0,0.5750000000000002,0.10000000000000002,0.05,0.1642857142857143,0.7750000000000004,0.4,0.1,0.6750000000000003,0.5999999999999989,0.4642857142857136,0.6785714285714272
0.3711538461538458,0.822265625,1.08984375,0.27499999999999997,0.0,0.0,0.5750000000000002,0.10714285714285716,0.05,0.1642857142857143,0.7750000000000004,0.4,0.1,0.6750000000000003,0.5999999999999989,0.4642857142857136,0.6785714285714272
0.37211538461538424,0.82421875,1.0927734375,0.27499999999999997,0.0,0.0,0.5750000000000002,0.10714285714285716,0.05,0.1642857142857143,0.7750000000000004,0.4,0.1,0.6750000000000003,0.5999999999999989,0.4642857142857136,0.6857142857142843
0.37307692307692264,0.826171875,1.0947265625,0.27499999999999997,0.0,0.0,0.5750000000000002,0.10714285714285716,0.05,0.1642857142857143,0.7750000000000004,0.4,0.1,0.6750000000000003,0.5999999999999989,0.4642857142857136,0.6928571428571414
0.3740384615384611,0.828125,1.0966796875,0.27499999999999997,0.0,0.0,0.5750000000000002,0.10714285714285716,0.05,0.1642857142857143,0.7750000000000004,0.4,0.1,0.6750000000000003,0.607142857142856,0.4642857142857136,0.6928571428571414
0.3749999999999996,0.830078125,1.099609375,0.27499999999999997,0.0,0.0,0.5750000000000002,0.10714285714285716,0.05,0.1642857142857143,0.7750000000000004,0.4,0.1,0.6750000000000003,0.6142857142857131,0.4642857142857136,0.6928571428571414
0.375961538461538,0.83203125,1.1015625,0.27499999999999997,0.0,0.0,0.5750000000000002,0.10714285714285716,0.05,0.17142857142857146,0.7750000000000004,0.4,0.1,0.6750000000000003,0.6142857142857131,0.4642857142857136,0.6928571428571414
0.37692307692307647,0.83447265625,1.1044921875,0.3,0.0,0.0,0.5750000000000002,0.10714285714285716,0.05,0.17142857142857146,0.7750000000000004,0.4,0.1,0.6750000000000003,0.6142857142857131,0.4642857142857136,0.6928571428571414
0.37788461538461493,0.8369140625,1.1064453125,0.3,0.0,0.0,0.6000000000000002,0.10714285714285716,0.05,0.17142857142857146,0.7750000000000004,0.4,0.1,0.6750000000000003,0.6142857142857131,0.4642857142857136,0.6928571428571414
0.37884615384615344,0.8388671875,1.109375,0.3,0.0,0.0,0.6000000000000002,0.10714285714285716,0.05,0.17142857142857146,0.7750000000000004,0.4,0.1,0.6750000000000003,0.6142857142857131,0.4642857142857136,0.6999999999999985
0.3798076923076919,0.8408203125,1.1123046875,0.3,0.0,0.0,0.6000000000000002,0.10714285714285716,0.05,0.17142857142857146,0.7750000000000004,0.4,0.1,0.6750000000000003,0.6142857142857131,0.4642857142857136,0.7071428571428556
0.38076923076923036,0.84326171875,1.115234375,0.325,0.0,0.0,0.6000000000000002,0.10714285714285716,0.05,0.17142857142857146,0.7750000000000004,0.4,0.1,0.6750000000000003,0.6142857142857131,0.4642857142857136,0.7071428571428556
0.3817307692307689,0.845703125,1.1171875,0.325,0.0,0.0,0.6000000000000002,0.10714285714285716,0.05,0.1785714285714286,0.7750000000000004,0.4,0.1,0.6750000000000003,0.6142857142857131,0.4642857142857136,0.7071428571428556
0.3826923076923073,0.84765625,1.1201171875,0.325,0.0,0.0,0.6000000000000002,0.10714285714285716,0.05,0.18571428571428575,0.7750000000000004,0.4,0.1,0.6750000000000003,0.6142857142857131,0.4642857142857136,0.7071428571428556
0.38365384615384573,0.85009765625,1.1220703125,0.35000000000000003,0.0,0.0,0.6000000000000002,0.10714285714285716,0.05,0.18571428571428575,0.7750000000000004,0.4,0.1,0.6750000000000003,0.6142857142857131,0.4642857142857136,0.7071428571428556
0.3846153846153842,0.8525390625,1.1240234375,0.35000000000000003,0.0,0.0,0.6000000000000002,0.10714285714285716,0.05,0.1928571428571429,0.7750000000000004,0.4,0.1,0.6750000000000003,0.6142857142857131,0.4642857142857136,0.7071428571428556
0.3855769230769227,0.8544921875,1.126953125,0.35000000000000003,0.0,0.0,0.6000000000000002,0.10714285714285716,0.05,0.20000000000000004,0.7750000000000004,0.4,0.1,0.6750000000000003,0.6142857142857131,0.4642857142857136,0.7071428571428556
0.38653846153846116,0.85693359375,1.12890625,0.35000000000000003,0.0,0.0,0.6000000000000002,0.10714285714285716,0.05,0.20714285714285718,0.7750000000000004,0.4,0.1,0.6750000000000003,0.6142857142857131,0.4642857142857136,0.7071428571428556
0.38749999999999957,0.85888671875,1.1318359375,0.35000000000000003,0.0,0.0,0.6000000000000002,0.10714285714285716,0.05,0.20714285714285718,0.7750000000000004,0.4,0.1,0.6750000000000003,0.6214285714285702,0.4642857142857136,0.7071428571428556
0.388461538461538,0.861328125,1.1337890625,0.35000000000000003,0.0,0.0,0.6000000000000002,0.10714285714285716,0.05,0.21428571428571433,0.7750000000000004,0.4,0.1,0.6750000000000003,0.6214285714285702,0.4642857142857136,0.7071428571428556
0.38942307692307654,0.86328125,1.13671875,0.35000000000000003,0.0,0.0,0.6000000000000002,0.10714285714285716,0.05,0.21428571428571433,0.7750000000000004,0.4,0.1,0.6750000000000003,0.6214285714285702,0.4714285714285707,0.7071428571428556
0.390384615384615,0.865234375,1.138671875,0.35000000000000003,0.0,0.0,0.6000000000000002,0.10714285714285716,0.05,0.21428571428571433,0.7750000000000004,0.4,0.1,0.6750000000000003,0.6285714285714273,0.4714285714285707,0.7071428571428556
0.39134615384615346,0.8671875,1.142578125,0.35000000000000003,0.0,0.0,0.6000000000000002,0.10714285714285716,0.05,0.21428571428571433,0.7750000000000004,0.4,0.1,0.6750000000000003,0.6357142857142845,0.4714285714285707,0.7071428571428556
0.39230769230769186,0.869140625,1.14453125,0.35000000000000003,0.0,0.0,0.6000000000000002,0.10714285714285716,0.05,0.21428571428571433,0.7750000000000004,0.4,0.1,0.6750000000000003,0.6428571428571416,0.4714285714285707,0.7071428571428556
0.39326923076923037,0.87109375,1.1474609375,0.35000000000000003,0.0,0.0,0.6000000000000002,0.10714285714285716,0.05,0.21428571428571433,0.7750000000000004,0.4,0.1,0.7000000000000003,0.6428571428571416,0.4714285714285707,0.7071428571428556
0.3942307692307688,0.873046875,1.1484375,0.35000000000000003,0.0,0.0,0.6000000000000002,0.10714285714285716,0.05,0.21428571428571433,0.7750000000000004,0.4,0.1,0.7000000000000003,0.6428571428571416,0.4785714285714278,0.7071428571428556
0.39519230769230723,0.875,1.150390625,0.35000000000000003,0.0,0.0,0.6000000000000002,0.10714285714285716,0.05,0.21428571428571433,0.7750000000000004,0.4,0.1,0.7000000000000003,0.6499999999999987,0.4785714285714278,0.7071428571428556
0.3961538461538457,0.876953125,1.1533203125,0.35000000000000003,0.0,0.0,0.6000000000000002,0.10714285714285716,0.05,0.21428571428571433,0.7750000000000004,0.4,0.1,0.7000000000000003,0.6571428571428558,0.4785714285714278,0.7071428571428556
0.3971153846153842,0.87890625,1.15625,0.35000000000000003,0.0,0.0,0.6000000000000002,0.10714285714285716,0.05,0.21428571428571433,0.7750000000000004,0.4,0.1,0.7000000000000003,0.6642857142857129,0.4785714285714278,0.7071428571428556
0.39807692307692266,0.880859375,1.1591796875,0.35000000000000003,0.0,0.0,0.6000000000000002,0.10714285714285716,0.05,0.21428571428571433,0.7750000000000004,0.4,0.1,0.7000000000000003,0.6642857142857129,0.48571428571428493,0.7071428571428556
0.39903846153846106,0.8828125,1.16015625,0.35000000000000003,0.0,0.0,0.6000000000000002,0.10714285714285716,0.05,0.21428571428571433,0.7750000000000004,0.4,0.1,0.7000000000000003,0.6642857142857129,0.49285714285714205,0.7071428571428556
0.3999999999999995,0.884765625,1.162109375,0.35000000000000003,0.0,0.0,0.6000000000000002,0.10714285714285716,0.05,0.21428571428571433,0.7750000000000004,0.4,0.1,0.7000000000000003,0.6642857142857129,0.49999999999999917,0.7071428571428556
0.40096153846153804,0.88671875,1.1650390625,0.35000000000000003,0.0,0.0,0.6000000000000002,0.10714285714285716,0.05,0.21428571428571433,0.7750000000000004,0.4,0.1,0.7000000000000003,0.6642857142857129,0.5071428571428563,0.7071428571428556
0.40192307692307644,0.888671875,1.16796875,0.35000000000000003,0.0,0.0,0.6000000000000002,0.10714285714285716,0.05,0.22142857142857147,0.7750000000000004,0.4,0.1,0.7000000000000003,0.6642857142857129,0.5071428571428563,0.7071428571428556
0.4028846153846149,0.89111328125,1.1708984375,0.35000000000000003,0.0,0.0,0.6000000000000002,0.10714285714285716,0.05714285714285715,0.22142857142857147,0.7750000000000004,0.4,0.1,0.7000000000000003,0.6642857142857129,0.5071428571428563,0.7071428571428556
0.40384615384615336,0.8935546875,1.1728515625,0.35000000000000003,0.0,0.0,0.6000000000000002,0.10714285714285716,0.0642857142857143,0.22142857142857147,0.7750000000000004,0.4,0.1,0.7000000000000003,0.6642857142857129,0.5071428571428563,0.7071428571428556
0.40480769230769187,0.8955078125,1.17578125,0.35000000000000003,0.0,0.0,0.6000000000000002,0.10714285714285716,0.0642857142857143,0.22142857142857147,0.7750000000000004,0.4,0.1,0.7000000000000003,0.6642857142857129,0.5142857142857135,0.7071428571428556
0.4057692307692303,0.8974609375,1.1787109375,0.35000000000000003,0.0,0.0,0.6000000000000002,0.10714285714285716,0.0642857142857143,0.22142857142857147,0.7750000000000004,0.4,0.1,0.7000000000000003,0.6642857142857129,0.5214285714285706,0.7071428571428556
0.4067307692307688,0.8994140625,1.1806640625,0.35000000000000003,0.0,0.0,0.6000000000000002,0.10714285714285716,0.0642857142857143,0.22142857142857147,0.7750000000000004,0.4,0.1,0.7000000000000003,0.6642857142857129,0.5214285714285706,0.7142857142857127
0.40769230769230724,0.9013671875,1.18359375,0.35000000000000003,0.0,0.0,0.6000000000000002,0.10714285714285716,0.0642857142857143,0.22142857142857147,0.7750000000000004,0.4,0.1,0.7000000000000003,0.6642857142857129,0.5214285714285706,0.7214285714285699
0.40865384615384576,0.9033203125,1.185546875,0.35000000000000003,0.0,0.0,0.6000000000000002,0.10714285714285716,0.0642857142857143,0.22142857142857147,0.7750000000000004,0.4,0.1,0.7000000000000003,0.6642857142857129,0.5214285714285706,0.728571428571427
0.40961538461538416,0.9052734375,1.1875,0.35000000000000003,0.0,0.0,0.6000000000000002,0.10714285714285716,0.0642857142857143,0.22142857142857147,0.7750000000000004,0.4,0.1,0.7000000000000003,0.6642857142857129,0.5285714285714277,0.728571428571427
0.41057692307692256,0.9072265625,1.1904296875,0.35000000000000003,0.0,0.0,0.6000000000000002,0.10714285714285716,0.0642857142857143,0.22142857142857147,0.7750000000000004,0.4,0.1,0.7000000000000003,0.6642857142857129,0.5357142857142848,0.728571428571427
0.4115384615384611,0.9091796875,1.1923828125,0.35000000000000003,0.0,0.0,0.6000000000000002,0.10714285714285716,0.0642857142857143,0.22142857142857147,0.7750000000000004,0.4,0.1,0.7000000000000003,0.6642857142857129,0.5428571428571419,0.728571428571427
0.41249999999999953,0.9111328125,1.1953125,0.35000000000000003,0.0,0.0,0.6000000000000002,0.10714285714285716,0.0642857142857143,0.22142857142857147,0.7750000000000004,0.4,0.1,0.7000000000000003,0.67142857142857,0.5428571428571419,0.728571428571427
0.41346153846153794,0.9130859375,1.197265625,0.35000000000000003,0.0,0.0,0.6000000000000002,0.10714285714285716,0.0642857142857143,0.22142857142857147,0.7750000000000004,0.4,0.1,0.7000000000000003,0.6785714285714272,0.5428571428571419,0.728571428571427
0.41442307692307645,0.9150390625,1.19921875,0.35000000000000003,0.0,0.0,0.6000000000000002,0.10714285714285716,0.0642857142857143,0.22142857142857147,0.7750000000000004,0.4,0.1,0.7000000000000003,0.6857142857142843,0.5428571428571419,0.728571428571427
0.41538461538461485,0.9169921875,1.2021484375,0.35000000000000003,0.0,0.0,0.6000000000000002,0.10714285714285716,0.0642857142857143,0.22142857142857147,0.7750000000000004,0.4,0.1,0.7000000000000003,0.6928571428571414,0.5428571428571419,0.728571428571427
0.41634615384615326,0.9189453125,1.2041015625,0.35000000000000003,0.0,0.0,0.6000000000000002,0.10714285714285716,0.0642857142857143,0.22142857142857147,0.7750000000000004,0.4,0.1,0.7000000000000003,0.6999999999999985,0.5428571428571419,0.728571428571427
0.41730769230769177,0.9208984375,1.205078125,0.35000000000000003,0.0,0.0,0.6000000000000002,0.10714285714285716,0.0642857142857143,0.22142857142857147,0.7750000000000004,0.4,0.1,0.7000000000000003,0.6999999999999985,0.5428571428571419,0.7357142857142841
0.4182692307692302,0.9228515625,1.208984375,0.35000000000000003,0.0,0.0,0.6000000000000002,0.10714285714285716,0.0642857142857143,0.22142857142857147,0.7750000000000004,0.4,0.1,0.7000000000000003,0.6999999999999985,0.5428571428571419,0.7428571428571412
0.4192307692307687,0.9248046875,1.2109375,0.35000000000000003,0.0,0.0,0.6000000000000002,0.10714285714285716,0.0642857142857143,0.22142857142857147,0.7750000000000004,0.4,0.1,0.7000000000000003,0.6999999999999985,0.5428571428571419,0.7499999999999983
0.4201923076923072,0.9267578125,1.212890625,0.35000000000000003,0.0,0.0,0.6000000000000002,0.10714285714285716,0.0642857142857143,0.22142857142857147,0.7750000000000004,0.4,0.1,0.7000000000000003,0.6999999999999985,0.549999999999999,0.7499999999999983
0.42115384615384566,0.9287109375,1.21484375,0.35000000000000003,0.0,0.0,0.6000000000000002,0.10714285714285716,0.0642857142857143,0.22142857142857147,0.7750000000000004,0.4,0.1,0.7000000000000003,0.6999999999999985,0.5571428571428562,0.7499999999999983
0.4221153846153841,0.9306640625,1.2177734375,0.35000000000000003,0.0,0.0,0.6000000000000002,0.10714285714285716,0.0642857142857143,0.22857142857142862,0.7750000000000004,0.4,0.1,0.7000000000000003,0.6999999999999985,0.5571428571428562,0.7499999999999983
0.4230769230769225,0.9326171875,1.2197265625,0.35000000000000003,0.0,0.0,0.6000000000000002,0.10714285714285716,0.0642857142857143,0.22857142857142862,0.7750000000000004,0.4,0.1,0.7000000000000003,0.6999999999999985,0.5571428571428562,0.7571428571428555
0.42403846153846103,0.9345703125,1.2216796875,0.35000000000000003,0.0,0.0,0.6000000000000002,0.10714285714285716,0.0642857142857143,0.22857142857142862,0.7750000000000004,0.4,0.1,0.7000000000000003,0.6999999999999985,0.5571428571428562,0.7642857142857126
0.4249999999999995,0.9365234375,1.224609375,0.35000000000000003,0.0,0.0,0.6000000000000002,0.10714285714285716,0.0642857142857143,0.22857142857142862,0.7750000000000004,0.4,0.1,0.7000000000000003,0.6999999999999985,0.5571428571428562,0.7714285714285697
0.42596153846153795,0.93896484375,1.2265625,0.35000000000000003,0.0,0.0,0.6250000000000002,0.10714285714285716,0.0642857142857143,0.22857142857142862,0.7750000000000004,0.4,0.1,0.7000000000000003,0.6999999999999985,0.5571428571428562,0.7714285714285697
0.42692307692307635,0.94140625,1.2294921875,0.35000000000000003,0.0,0.0,0.6250000000000002,0.10714285714285716,0.07142857142857144,0.22857142857142862,0.7750000000000004,0.4,0.1,0.7000000000000003,0.6999999999999985,0.5571428571428562,0.7714285714285697
0.4278846153846149,0.943359375,1.2314453125,0.35000000000000003,0.0,0.0,0.6250000000000002,0.10714285714285716,0.07142857142857144,0.22857142857142862,0.8000000000000004,0.4,0.1,0.7000000000000003,0.6999999999999985,0.5571428571428562,0.7714285714285697
0.4288461538461533,0.94580078125,1.234375,0.35000000000000003,0.0,0.0,0.6250000000000002,0.11428571428571431,0.07142857142857144,0.22857142857142862,0.8000000000000004,0.4,0.1,0.7000000000000003,0.6999999999999985,0.5571428571428562,0.7714285714285697
0.4298076923076918,0.9482421875,1.236328125,0.35000000000000003,0.0,0.0,0.6250000000000002,0.12142857142857146,0.07142857142857144,0.22857142857142862,0.8000000000000004,0.4,0.1,0.7000000000000003,0.6999999999999985,0.5571428571428562,0.7714285714285697
0.43076923076923024,0.95068359375,1.2392578125,0.35000000000000003,0.0,0.0,0.6250000000000002,0.1285714285714286,0.07142857142857144,0.22857142857142862,0.8000000000000004,0.4,0.1,0.7000000000000003,0.6999999999999985,0.5571428571428562,0.7714285714285697
0.4317307692307687,0.953125,1.2412109375,0.35000000000000003,0.0,0.0,0.6250000000000002,0.1285714285714286,0.07857142857142858,0.22857142857142862,0.8000000000000004,0.4,0.1,0.7000000000000003,0.6999999999999985,0.5571428571428562,0.7714285714285697
0.4326923076923072,0.95556640625,1.2421875,0.35000000000000003,0.0,0.0,0.6250000000000002,0.1285714285714286,0.08571428571428573,0.22857142857142862,0.8000000000000004,0.4,0.1,0.7000000000000003,0.6999999999999985,0.5571428571428562,0.7714285714285697
0.4336538461538456,0.95751953125,1.24609375,0.35000000000000003,0.0,0.0,0.6250000000000002,0.1285714285714286,0.08571428571428573,0.22857142857142862,0.8000000000000004,0.4,0.1,0.7000000000000003,0.6999999999999985,0.5642857142857133,0.7714285714285697
0.43461538461538407,0.95947265625,1.2470703125,0.35000000000000003,0.0,0.0,0.6250000000000002,0.1285714285714286,0.08571428571428573,0.22857142857142862,0.8000000000000004,0.4,0.1,0.7000000000000003,0.6999999999999985,0.5714285714285704,0.7714285714285697
0.4355769230769226,0.96142578125,1.2490234375,0.35000000000000003,0.0,0.0,0.6250000000000002,0.1285714285714286,0.08571428571428573,0.22857142857142862,0.8000000000000004,0.4,0.1,0.7000000000000003,0.6999999999999985,0.5785714285714275,0.7714285714285697
0.436538461538461,0.96337890625,1.251953125,0.35000000000000003,0.0,0.0,0.6250000000000002,0.1285714285714286,0.08571428571428573,0.22857142857142862,0.8000000000000004,0.4,0.1,0.7000000000000003,0.6999999999999985,0.5857142857142846,0.7714285714285697
0.43749999999999944,0.96533203125,1.25390625,0.35000000000000003,0.0,0.0,0.6250000000000002,0.1285714285714286,0.08571428571428573,0.22857142857142862,0.8000000000000004,0.4,0.1,0.7000000000000003,0.6999999999999985,0.5928571428571418,0.7714285714285697
0.4384615384615379,0.9677734375,1.2568359375,0.35000000000000003,0.0,0.0,0.6250000000000002,0.1285714285714286,0.08571428571428573,0.23571428571428577,0.8000000000000004,0.4,0.1,0.7000000000000003,0.6999999999999985,0.5928571428571418,0.7714285714285697
0.4394230769230764,0.9697265625,1.2587890625,0.35000000000000003,0.0,0.0,0.6250000000000002,0.1285714285714286,0.08571428571428573,0.23571428571428577,0.8000000000000004,0.4,0.1,0.7000000000000003,0.6999999999999985,0.5999999999999989,0.7714285714285697
0.4403846153846149,0.97216796875,1.26171875,0.35000000000000003,0.0,0.0,0.6250000000000002,0.1285714285714286,0.08571428571428573,0.2428571428571429,0.8000000000000004,0.4,0.1,0.7000000000000003,0.6999999999999985,0.5999999999999989,0.7714285714285697
0.4413461538461533,0.97412109375,1.263671875,0.35000000000000003,0.0,0.0,0.6250000000000002,0.1285714285714286,0.08571428571428573,0.2428571428571429,0.8000000000000004,0.4,0.1,0.7000000000000003,0.7071428571428556,0.5999999999999989,0.7714285714285697
0.44230769230769174,0.9765625,1.2666015625,0.35000000000000003,0.0,0.0,0.6250000000000002,0.1285714285714286,0.08571428571428573,0.25000000000000006,0.8000000000000004,0.4,0.1,0.7000000000000003,0.7071428571428556,0.5999999999999989,0.7714285714285697
0.44326923076923025,0.97900390625,1.2685546875,0.35000000000000003,0.0,0.0,0.6250000000000002,0.1285714285714286,0.08571428571428573,0.2571428571428572,0.8000000000000004,0.4,0.1,0.7000000000000003,0.7071428571428556,0.5999999999999989,0.7714285714285697
0.44423076923076865,0.98095703125,1.2705078125,0.35000000000000003,0.0,0.0,0.6250000000000002,0.1285714285714286,0.08571428571428573,0.2571428571428572,0.8000000000000004,0.4,0.1,0.7000000000000003,0.7142857142857127,0.5999999999999989,0.7714285714285697
0.4451923076923071,0.98291015625,1.2734375,0.35000000000000003,0.0,0.0,0.6250000000000002,0.1285714285714286,0.08571428571428573,0.2571428571428572,0.8000000000000004,0.4,0.1,0.7000000000000003,0.7214285714285699,0.5999999999999989,0.7714285714285697
0.44615384615384557,0.98486328125,1.275390625,0.35000000000000003,0.0,0.0,0.6250000000000002,0.1285714285714286,0.08571428571428573,0.2571428571428572,0.8000000000000004,0.4,0.1,0.7000000000000003,0.728571428571427,0.5999999999999989,0.7714285714285697
0.4471153846153841,0.98681640625,1.2783203125,0.35000000000000003,0.0,0.0,0.6250000000000002,0.1285714285714286,0.08571428571428573,0.2571428571428572,0.8000000000000004,0.4,0.1,0.7000000000000003,0.728571428571427,0.5999999999999989,0.7785714285714268
0.4480769230769225,0.98876953125,1.2802734375,0.35000000000000003,0.0,0.0,0.6250000000000002,0.1285714285714286,0.08571428571428573,0.2571428571428572,0.8000000000000004,0.4,0.1,0.7000000000000003,0.728571428571427,0.5999999999999989,0.7857142857142839
0.449038461538461,0.9912109375,1.2822265625,0.37500000000000006,0.0,0.0,0.6250000000000002,0.1285714285714286,0.08571428571428573,0.2571428571428572,0.8000000000000004,0.4,0.1,0.7000000000000003,0.728571428571427,0.5999999999999989,0.7857142857142839
0.4499999999999994,0.99365234375,1.2841796875,0.37500000000000006,0.0,0.0,0.6250000000000002,0.1285714285714286,0.08571428571428573,0.2571428571428572,0.8250000000000004,0.4,0.1,0.7000000000000003,0.728571428571427,0.5999999999999989,0.7857142857142839
0.45096153846153786,0.99609375,1.2861328125,0.37500000000000006,0.0,0.0,0.6500000000000002,0.1285714285714286,0.08571428571428573,0.2571428571428572,0.8250000000000004,0.4,0.1,0.7000000000000003,0.728571428571427,0.5999999999999989,0.7857142857142839
0.45192307692307637,0.99853515625,1.2900390625,0.37500000000000006,0.0,0.0,0.6500000000000002,0.1285714285714286,0.08571428571428573,0.2571428571428572,0.8250000000000004,0.4,0.1,0.7250000000000003,0.728571428571427,0.5999999999999989,0.7857142857142839
0.4528846153846148,1.0009765625,1.291015625,0.4000000000000001,0.0,0.0,0.6500000000000002,0.1285714285714286,0.08571428571428573,0.2571428571428572,0.8250000000000004,0.4,0.1,0.7250000000000003,0.728571428571427,0.5999999999999989,0.7857142857142839
0.45384615384615334,1.00390625,1.2939453125,0.4000000000000001,0.1,0.0,0.6500000000000002,0.1285714285714286,0.08571428571428573,0.2571428571428572,0.8250000000000004,0.4,0.1,0.7250000000000003,0.728571428571427,0.5999999999999989,0.7857142857142839
0.45480769230769175,1.005859375,1.2958984375,0.4000000000000001,0.1,0.0,0.6500000000000002,0.1285714285714286,0.08571428571428573,0.2571428571428572,0.8250000000000004,0.4,0.1,0.7250000000000003,0.728571428571427,0.5999999999999989,0.792857142857141
0.4557692307692302,1.0078125,1.298828125,0.4000000000000001,0.1,0.0,0.6500000000000002,0.1285714285714286,0.08571428571428573,0.2571428571428572,0.8250000000000004,0.4,0.1,0.7250000000000003,0.728571428571427,0.5999999999999989,0.7999999999999982
0.45673076923076866,1.009765625,1.3017578125,0.4000000000000001,0.1,0.0,0.6500000000000002,0.1285714285714286,0.08571428571428573,0.2571428571428572,0.8250000000000004,0.4,0.1,0.7250000000000003,0.728571428571427,0.5999999999999989,0.8071428571428553
0.45769230769230707,1.01171875,1.3037109375,0.4000000000000001,0.1,0.0,0.6500000000000002,0.1285714285714286,0.08571428571428573,0.2571428571428572,0.8250000000000004,0.4,0.1,0.7250000000000003,0.728571428571427,0.5999999999999989,0.8142857142857124
0.45865384615384563,1.0146484375,1.306640625,0.4000000000000001,0.1,0.0,0.6750000000000003,0.1285714285714286,0.08571428571428573,0.2571428571428572,0.8250000000000004,0.4,0.1,0.7250000000000003,0.728571428571427,0.5999999999999989,0.8142857142857124
0.45961538461538404,1.017578125,1.30859375,0.4000000000000001,0.1,0.0,0.6750000000000003,0.13571428571428573,0.08571428571428573,0.2571428571428572,0.8250000000000004,0.4,0.1,0.7250000000000003,0.728571428571427,0.5999999999999989,0.8142857142857124
0.4605769230769226,1.01953125,1.310546875,0.4000000000000001,0.1,0.0,0.6750000000000003,0.13571428571428573,0.09285714285714287,0.2571428571428572,0.8250000000000004,0.4,0.1,0.7250000000000003,0.728571428571427,0.5999999999999989,0.8142857142857124
0.461538461538461,1.0224609375,1.3134765625,0.4000000000000001,0.1,0.0,0.6750000000000003,0.14285714285714288,0.09285714285714287,0.2571428571428572,0.8250000000000004,0.4,0.1,0.7250000000000003,0.728571428571427,0.5999999999999989,0.8142857142857124
0.4624999999999994,1.0244140625,1.3154296875,0.4000000000000001,0.1,0.0,0.6750000000000003,0.15000000000000002,0.09285714285714287,0.2571428571428572,0.8250000000000004,0.4,0.1,0.7250000000000003,0.728571428571427,0.5999999999999989,0.8142857142857124
0.4634615384615379,1.02734375,1.318359375,0.4000000000000001,0.1,0.0,0.6750000000000003,0.15714285714285717,0.09285714285714287,0.2571428571428572,0.8250000000000004,0.4,0.1,0.7250000000000003,0.728571428571427,0.5999999999999989,0.8142857142857124
0.46442307692307633,1.029296875,1.3203125,0.4000000000000001,0.1,0.0,0.6750000000000003,0.15714285714285717,0.09285714285714287,0.2571428571428572,0.8250000000000004,0.4,0.1,0.7250000000000003,0.728571428571427,0.607142857142856,0.8142857142857124
0.4653846153846149,1.03125,1.322265625,0.4000000000000001,0.1,0.0,0.6750000000000003,0.15714285714285717,0.09285714285714287,0.2571428571428572,0.8250000000000004,0.4,0.1,0.7250000000000003,0.728571428571427,0.6142857142857131,0.8142857142857124
0.4663461538461533,1.033203125,1.3251953125,0.4000000000000001,0.1,0.0,0.6750000000000003,0.15714285714285717,0.09285714285714287,0.2571428571428572,0.8250000000000004,0.4,0.1,0.7250000000000003,0.7357142857142841,0.6142857142857131,0.8142857142857124
0.4673076923076917,1.03515625,1.328125,0.4000000000000001,0.1,0.0,0.6750000000000003,0.15714285714285717,0.09285714285714287,0.2571428571428572,0.8250000000000004,0.4,0.1,0.7250000000000003,0.7428571428571412,0.6142857142857131,0.8142857142857124
0.46826923076923027,1.037109375,1.330078125,0.4000000000000001,0.1,0.0,0.6750000000000003,0.15714285714285717,0.09285714285714287,0.2571428571428572,0.8250000000000004,0.4,0.1,0.7250000000000003,0.7428571428571412,0.6214285714285702,0.8142857142857124
0.4692307692307687,1.0390625,1.3330078125,0.4000000000000001,0.1,0.0,0.6750000000000003,0.15714285714285717,0.09285714285714287,0.2571428571428572,0.8250000000000004,0.4,0.1,0.7250000000000003,0.7428571428571412,0.6285714285714273,0.8142857142857124
0.4701923076923071,1.041015625,1.3349609375,0.4000000000000001,0.1,0.0,0.6750000000000003,0.15714285714285717,0.09285714285714287,0.2571428571428572,0.8250000000000004,0.4,0.1,0.7250000000000003,0.7428571428571412,0.6357142857142845,0.8142857142857124
0.4711538461538456,1.04296875,1.3369140625,0.4000000000000001,0.1,0.0,0.6750000000000003,0.15714285714285717,0.09285714285714287,0.2571428571428572,0.8250000000000004,0.4,0.1,0.7250000000000003,0.7428571428571412,0.6428571428571416,0.8142857142857124
0.472115384615384,1.044921875,1.3388671875,0.4000000000000001,0.1,0.0,0.6750000000000003,0.15714285714285717,0.10000000000000002,0.2571428571428572,0.8250000000000004,0.4,0.1,0.7250000000000003,0.7428571428571412,0.6428571428571416,0.8142857142857124
0.4730769230769224,1.046875,1.3408203125,0.4000000000000001,0.1,0.0,0.6750000000000003,0.15714285714285717,0.10000000000000002,0.2571428571428572,0.8250000000000004,0.4,0.1,0.7250000000000003,0.7428571428571412,0.6428571428571416,0.8214285714285695
0.4740384615384609,1.048828125,1.34375,0.4000000000000001,0.1,0.0,0.6750000000000003,0.15714285714285717,0.10000000000000002,0.2571428571428572,0.8250000000000004,0.4,0.1,0.7250000000000003,0.7428571428571412,0.6428571428571416,0.8285714285714266
0.4749999999999994,1.0517578125,1.345703125,0.4250000000000001,0.1,0.0,0.6750000000000003,0.15714285714285717,0.10000000000000002,0.2571428571428572,0.8250000000000004,0.4,0.1,0.7250000000000003,0.7428571428571412,0.6428571428571416,0.8285714285714266
0.47596153846153794,1.0537109375,1.34765625,0.4250000000000001,0.1,0.0,0.6750000000000003,0.15714285714285717,0.10000000000000002,0.2571428571428572,0.8250000000000004,0.4,0.1,0.7250000000000003,0.7428571428571412,0.6428571428571416,0.8357142857142837
0.47692307692307634,1.056640625,1.3505859375,0.4250000000000001,0.1,0.0,0.6750000000000003,0.1642857142857143,0.10000000000000002,0.2571428571428572,0.8250000000000004,0.4,0.1,0.7250000000000003,0.7428571428571412,0.6428571428571416,0.8357142857142837
0.47788461538461485,1.05859375,1.3525390625,0.4250000000000001,0.1,0.0,0.6750000000000003,0.1642857142857143,0.10000000000000002,0.2571428571428572,0.8250000000000004,0.4,0.1,0.7250000000000003,0.7499999999999983,0.6428571428571416,0.8357142857142837
0.47884615384615326,1.060546875,1.35546875,0.4250000000000001,0.1,0.0,0.6750000000000003,0.1642857142857143,0.10000000000000002,0.2571428571428572,0.8250000000000004,0.4,0.1,0.7250000000000003,0.7571428571428555,0.6428571428571416,0.8357142857142837
0.47980769230769177,1.0625,1.3564453125,0.4250000000000001,0.1,0.0,0.6750000000000003,0.1642857142857143,0.10000000000000002,0.2571428571428572,0.8250000000000004,0.4,0.1,0.7250000000000003,0.7571428571428555,0.6499999999999987,0.8357142857142837
0.4807692307692302,1.064453125,1.359375,0.4250000000000001,0.1,0.0,0.6750000000000003,0.1642857142857143,0.10000000000000002,0.2571428571428572,0.8250000000000004,0.4,0.1,0.7250000000000003,0.7571428571428555,0.6571428571428558,0.8357142857142837
0.48173076923076863,1.06640625,1.3623046875,0.4250000000000001,0.1,0.0,0.6750000000000003,0.1642857142857143,0.10000000000000002,0.2571428571428572,0.8250000000000004,0.4,0.1,0.7250000000000003,0.7571428571428555,0.6642857142857129,0.8357142857142837
0.48269230769230703,1.068359375,1.36328125,0.4250000000000001,0.1,0.0,0.6750000000000003,0.1642857142857143,0.10000000000000002,0.2571428571428572,0.8250000000000004,0.4,0.1,0.7250000000000003,0.7571428571428555,0.6642857142857129,0.8428571428571409
0.4836538461538455,1.0703125,1.3662109375,0.4250000000000001,0.1,0.0,0.6750000000000003,0.1642857142857143,0.10000000000000002,0.2571428571428572,0.8250000000000004,0.4,0.1,0.7250000000000003,0.7571428571428555,0.6642857142857129,0.849999999999998
0.484615384615384,1.0732421875,1.3681640625,0.4250000000000001,0.1,0.0,0.6750000000000003,0.17142857142857146,0.10000000000000002,0.2571428571428572,0.8250000000000004,0.4,0.1,0.7250000000000003,0.7571428571428555,0.6642857142857129,0.849999999999998
0.48557692307692246,1.0751953125,1.37109375,0.4250000000000001,0.1,0.0,0.6750000000000003,0.17142857142857146,0.10714285714285716,0.2571428571428572,0.8250000000000004,0.4,0.1,0.7250000000000003,0.7571428571428555,0.6642857142857129,0.849999999999998
0.48653846153846086,1.078125,1.373046875,0.4250000000000001,0.1,0.0,0.6750000000000003,0.1785714285714286,0.10714285714285716,0.2571428571428572,0.8250000000000004,0.4,0.1,0.7250000000000003,0.7571428571428555,0.6642857142857129,0.849999999999998
0.4874999999999993,1.080078125,1.375,0.4250000000000001,0.1,0.0,0.6750000000000003,0.1785714285714286,0.10714285714285716,0.2571428571428572,0.8250000000000004,0.4,0.1,0.7250000000000003,0.7571428571428555,0.6642857142857129,0.8571428571428551
0.48846153846153784,1.0830078125,1.376953125,0.4250000000000001,0.1,0.0,0.6750000000000003,0.18571428571428575,0.10714285714285716,0.2571428571428572,0.8250000000000004,0.4,0.1,0.7250000000000003,0.7571428571428555,0.6642857142857129,0.8571428571428551
0.4894230769230763,1.0849609375,1.3798828125,0.4250000000000001,0.1,0.0,0.6750000000000003,0.18571428571428575,0.10714285714285716,0.2642857142857143,0.8250000000000004,0.4,0.1,0.7250000000000003,0.7571428571428555,0.6642857142857129,0.8571428571428551
0.49038461538461475,1.087890625,1.3818359375,0.4250000000000001,0.1,0.0,0.6750000000000003,0.1928571428571429,0.10714285714285716,0.2642857142857143,0.8250000000000004,0.4,0.1,0.7250000000000003,0.7571428571428555,0.6642857142857129,0.8571428571428551
0.49134615384615327,1.08984375,1.3837890625,0.4250000000000001,0.1,0.0,0.6750000000000003,0.1928571428571429,0.10714285714285716,0.2714285714285714,0.8250000000000004,0.4,0.1,0.7250000000000003,0.7571428571428555,0.6642857142857129,0.8571428571428551
0.49230769230769167,1.0927734375,1.3857421875,0.4250000000000001,0.1,0.0,0.6750000000000003,0.20000000000000004,0.10714285714285716,0.2714285714285714,0.8250000000000004,0.4,0.1,0.7250000000000003,0.7571428571428555,0.6642857142857129,0.8571428571428551
0.4932692307692301,1.0947265625,1.388671875,0.4250000000000001,0.1,0.0,0.6750000000000003,0.20000000000000004,0.10714285714285716,0.2785714285714285,0.8250000000000004,0.4,0.1,0.7250000000000003,0.7571428571428555,0.6642857142857129,0.8571428571428551
0.4942307692307686,1.09765625,1.3896484375,0.4250000000000001,0.1,0.0,0.6750000000000003,0.20714285714285718,0.10714285714285716,0.2785714285714285,0.8250000000000004,0.4,0.1,0.7250000000000003,0.7571428571428555,0.6642857142857129,0.8571428571428551
0.4951923076923071,1.1005859375,1.3935546875,0.4250000000000001,0.1,0.0,0.6750000000000003,0.21428571428571433,0.10714285714285716,0.2785714285714285,0.8250000000000004,0.4,0.1,0.7250000000000003,0.7571428571428555,0.6642857142857129,0.8571428571428551
0.49615384615384556,1.1025390625,1.3955078125,0.4250000000000001,0.1,0.0,0.6750000000000003,0.21428571428571433,0.10714285714285716,0.2785714285714285,0.8250000000000004,0.4,0.1,0.7250000000000003,0.7571428571428555,0.6642857142857129,0.8642857142857122
0.497115384615384,1.10546875,1.3974609375,0.4250000000000001,0.1,0.0,0.6750000000000003,0.22142857142857147,0.10714285714285716,0.2785714285714285,0.8250000000000004,0.4,0.1,0.7250000000000003,0.7571428571428555,0.6642857142857129,0.8642857142857122
0.4980769230769224,1.1083984375,1.3994140625,0.4250000000000001,0.1,0.0,0.6750000000000003,0.22857142857142862,0.10714285714285716,0.2785714285714285,0.8250000000000004,0.4,0.1,0.7250000000000003,0.7571428571428555,0.6642857142857129,0.8642857142857122
0.49903846153846093,1.111328125,1.4033203125,0.4250000000000001,0.1,0.0,0.6750000000000003,0.22857142857142862,0.11428571428571431,0.2785714285714285,0.8250000000000004,0.4,0.1,0.7250000000000003,0.7571428571428555,0.6642857142857129,0.8642857142857122
0.4999999999999994,1.11328125,1.4033203125,0.4250000000000001,0.1,0.0,0.6750000000000003,0.22857142857142862,0.12142857142857146,0.2785714285714285,0.8250000000000004,0.4,0.1,0.7250000000000003,0.7571428571428555,0.6642857142857129,0.8642857142857122
0.5009615384615379,1.1162109375,1.40625,0.4250000000000001,0.1,0.0,0.6750000000000003,0.22857142857142862,0.1285714285714286,0.2785714285714285,0.8250000000000004,0.4,0.1,0.7250000000000003,0.7571428571428555,0.6642857142857129,0.8642857142857122
0.5019230769230764,1.1181640625,1.4072265625,0.4250000000000001,0.1,0.0,0.6750000000000003,0.22857142857142862,0.13571428571428573,0.2785714285714285,0.8250000000000004,0.4,0.1,0.7250000000000003,0.7571428571428555,0.6642857142857129,0.8642857142857122
0.5028846153846147,1.12109375,1.4091796875,0.4250000000000001,0.1,0.0,0.6750000000000003,0.22857142857142862,0.14285714285714288,0.2785714285714285,0.8250000000000004,0.4,0.1,0.7250000000000003,0.7571428571428555,0.6642857142857129,0.8642857142857122
0.5038461538461532,1.123046875,1.4130859375,0.4250000000000001,0.1,0.0,0.6750000000000003,0.22857142857142862,0.14285714285714288,0.28571428571428564,0.8250000000000004,0.4,0.1,0.7250000000000003,0.7571428571428555,0.6642857142857129,0.8642857142857122
0.5048076923076917,1.125,1.416015625,0.4250000000000001,0.1,0.0,0.6750000000000003,0.22857142857142862,0.14285714285714288,0.28571428571428564,0.8250000000000004,0.4,0.2,0.7250000000000003,0.7571428571428555,0.6642857142857129,0.8642857142857122
0.5057692307692302,1.1279296875,1.416015625,0.4250000000000001,0.1,0.0,0.6750000000000003,0.22857142857142862,0.15000000000000002,0.28571428571428564,0.8250000000000004,0.4,0.2,0.7250000000000003,0.7571428571428555,0.6642857142857129,0.8642857142857122
0.5067307692307685,1.1298828125,1.4189453125,0.4250000000000001,0.1,0.0,0.6750000000000003,0.22857142857142862,0.15000000000000002,0.29285714285714276,0.8250000000000004,0.4,0.2,0.7250000000000003,0.7571428571428555,0.6642857142857129,0.8642857142857122
0.507692307692307,1.1328125,1.421875,0.4250000000000001,0.1,0.0,0.6750000000000003,0.22857142857142862,0.15714285714285717,0.29285714285714276,0.8250000000000004,0.4,0.2,0.7250000000000003,0.7571428571428555,0.6642857142857129,0.8642857142857122
0.5086538461538456,1.134765625,1.4248046875,0.4250000000000001,0.1,0.0,0.6750000000000003,0.22857142857142862,0.15714285714285717,0.2999999999999999,0.8250000000000004,0.4,0.2,0.7250000000000003,0.7571428571428555,0.6642857142857129,0.8642857142857122
0.5096153846153839,1.13671875,1.42578125,0.4250000000000001,0.1,0.0,0.6750000000000003,0.22857142857142862,0.15714285714285717,0.307142857142857,0.8250000000000004,0.4,0.2,0.7250000000000003,0.7571428571428555,0.6642857142857129,0.8642857142857122
0.5105769230769224,1.1396484375,1.427734375,0.4250000000000001,0.1,0.0,0.6750000000000003,0.22857142857142862,0.1642857142857143,0.307142857142857,0.8250000000000004,0.4,0.2,0.7250000000000003,0.7571428571428555,0.6642857142857129,0.8642857142857122
0.5115384615384608,1.1416015625,1.4306640625,0.4250000000000001,0.1,0.0,0.6750000000000003,0.22857142857142862,0.1642857142857143,0.307142857142857,0.8250000000000004,0.4,0.2,0.7250000000000003,0.7642857142857126,0.6642857142857129,0.8642857142857122
0.5124999999999994,1.1435546875,1.431640625,0.4250000000000001,0.1,0.0,0.6750000000000003,0.22857142857142862,0.1642857142857143,0.307142857142857,0.8250000000000004,0.4,0.2,0.7250000000000003,0.7714285714285697,0.6642857142857129,0.8642857142857122
0.5134615384615379,1.146484375,1.435546875,0.4500000000000001,0.1,0.0,0.6750000000000003,0.22857142857142862,0.1642857142857143,0.307142857142857,0.8250000000000004,0.4,0.2,0.7250000000000003,0.7714285714285697,0.6642857142857129,0.8642857142857122
0.5144230769230763,1.1494140625,1.4384765625,0.4500000000000001,0.1,0.0,0.6750000000000003,0.22857142857142862,0.17142857142857146,0.307142857142857,0.8250000000000004,0.4,0.2,0.7250000000000003,0.7714285714285697,0.6642857142857129,0.8642857142857122
0.5153846153846147,1.1513671875,1.44140625,0.4500000000000001,0.1,0.0,0.6750000000000003,0.22857142857142862,0.17142857142857146,0.307142857142857,0.8250000000000004,0.4,0.2,0.7250000000000003,0.7785714285714268,0.6642857142857129,0.8642857142857122
0.5163461538461531,1.1533203125,1.44140625,0.4500000000000001,0.1,0.0,0.6750000000000003,0.22857142857142862,0.17142857142857146,0.307142857142857,0.8250000000000004,0.4,0.2,0.7250000000000003,0.7785714285714268,0.67142857142857,0.8642857142857122
0.5173076923076916,1.1552734375,1.4443359375,0.4500000000000001,0.1,0.0,0.6750000000000003,0.22857142857142862,0.17142857142857146,0.307142857142857,0.8250000000000004,0.4,0.2,0.7250000000000003,0.7785714285714268,0.6785714285714272,0.8642857142857122
0.51826923076923,1.1572265625,1.4462890625,0.4500000000000001,0.1,0.0,0.6750000000000003,0.22857142857142862,0.17142857142857146,0.3142857142857141,0.8250000000000004,0.4,0.2,0.7250000000000003,0.7785714285714268,0.6785714285714272,0.8642857142857122
0.5192307692307685,1.1591796875,1.44921875,0.4500000000000001,0.1,0.0,0.6750000000000003,0.22857142857142862,0.17142857142857146,0.3142857142857141,0.8250000000000004,0.4,0.2,0.7250000000000003,0.7785714285714268,0.6857142857142843,0.8642857142857122
0.520192307692307,1.1611328125,1.4501953125,0.4500000000000001,0.1,0.0,0.6750000000000003,0.22857142857142862,0.17142857142857146,0.3142857142857141,0.8250000000000004,0.4,0.2,0.7250000000000003,0.7785714285714268,0.6857142857142843,0.8714285714285693
0.5211538461538454,1.1630859375,1.453125,0.4500000000000001,0.1,0.0,0.6750000000000003,0.22857142857142862,0.17142857142857146,0.3142857142857141,0.8250000000000004,0.4,0.2,0.7250000000000003,0.7785714285714268,0.6857142857142843,0.8785714285714264
0.5221153846153839,1.166015625,1.455078125,0.4500000000000001,0.1,0.0,0.7000000000000003,0.22857142857142862,0.17142857142857146,0.3142857142857141,0.8250000000000004,0.4,0.2,0.7250000000000003,0.7785714285714268,0.6857142857142843,0.8785714285714264
0.5230769230769223,1.16796875,1.4580078125,0.4500000000000001,0.1,0.0,0.7000000000000003,0.22857142857142862,0.17142857142857146,0.3142857142857141,0.8250000000000004,0.4,0.2,0.7250000000000003,0.7785714285714268,0.6857142857142843,0.8857142857142836
0.5240384615384609,1.1708984375,1.458984375,0.4500000000000001,0.1,0.0,0.7000000000000003,0.22857142857142862,0.1785714285714286,0.3142857142857141,0.8250000000000004,0.4,0.2,0.7250000000000003,0.7785714285714268,0.6857142857142843,0.8857142857142836
0.5249999999999994,1.1728515625,1.4619140625,0.4500000000000001,0.1,0.0,0.7000000000000003,0.22857142857142862,0.1785714285714286,0.3142857142857141,0.8250000000000004,0.4,0.2,0.7250000000000003,0.7785714285714268,0.6928571428571414,0.8857142857142836
0.5259615384615377,1.1748046875,1.46484375,0.4500000000000001,0.1,0.0,0.7000000000000003,0.22857142857142862,0.1785714285714286,0.3142857142857141,0.8250000000000004,0.4,0.2,0.7250000000000003,0.7785714285714268,0.6999999999999985,0.8857142857142836
0.5269230769230762,1.1767578125,1.46484375,0.4500000000000001,0.1,0.0,0.7000000000000003,0.22857142857142862,0.1785714285714286,0.3142857142857141,0.8250000000000004,0.4,0.2,0.7250000000000003,0.7785714285714268,0.7071428571428556,0.8857142857142836
0.5278846153846147,1.1787109375,1.4677734375,0.4500000000000001,0.1,0.0,0.7000000000000003,0.22857142857142862,0.1785714285714286,0.3142857142857141,0.8250000000000004,0.4,0.2,0.7250000000000003,0.7785714285714268,0.7142857142857127,0.8857142857142836
0.5288461538461532,1.1806640625,1.470703125,0.4500000000000001,0.1,0.0,0.7000000000000003,0.22857142857142862,0.1785714285714286,0.3142857142857141,0.8250000000000004,0.4,0.2,0.7250000000000003,0.7785714285714268,0.7214285714285699,0.8857142857142836
0.5298076923076916,1.1826171875,1.4736328125,0.4500000000000001,0.1,0.0,0.7000000000000003,0.22857142857142862,0.1785714285714286,0.3142857142857141,0.8250000000000004,0.4,0.2,0.7250000000000003,0.7785714285714268,0.728571428571427,0.8857142857142836
0.5307692307692301,1.1845703125,1.4736328125,0.4500000000000001,0.1,0.0,0.7000000000000003,0.22857142857142862,0.1785714285714286,0.3142857142857141,0.8250000000000004,0.4,0.2,0.7250000000000003,0.7785714285714268,0.728571428571427,0.8928571428571407
0.5317307692307686,1.1875,1.4765625,0.4500000000000001,0.1,0.0,0.7000000000000003,0.23571428571428577,0.1785714285714286,0.3142857142857141,0.8250000000000004,0.4,0.2,0.7250000000000003,0.7785714285714268,0.728571428571427,0.8928571428571407
0.5326923076923069,1.189453125,1.4794921875,0.4500000000000001,0.1,0.0,0.7000000000000003,0.23571428571428577,0.1785714285714286,0.3142857142857141,0.8250000000000004,0.4,0.2,0.7250000000000003,0.7785714285714268,0.728571428571427,0.8999999999999978
0.5336538461538454,1.1923828125,1.4794921875,0.4500000000000001,0.1,0.0,0.7000000000000003,0.2428571428571429,0.1785714285714286,0.3142857142857141,0.8250000000000004,0.4,0.2,0.7250000000000003,0.7785714285714268,0.728571428571427,0.8999999999999978
0.5346153846153838,1.1943359375,1.482421875,0.4500000000000001,0.1,0.0,0.7000000000000003,0.2428571428571429,0.1785714285714286,0.3142857142857141,0.8250000000000004,0.4,0.2,0.7250000000000003,0.7857142857142839,0.728571428571427,0.8999999999999978
0.5355769230769223,1.197265625,1.4853515625,0.4500000000000001,0.1,0.0,0.7000000000000003,0.25000000000000006,0.1785714285714286,0.3142857142857141,0.8250000000000004,0.4,0.2,0.7250000000000003,0.7857142857142839,0.728571428571427,0.8999999999999978
0.5365384615384609,1.19921875,1.4873046875,0.4500000000000001,0.1,0.0,0.7000000000000003,0.25000000000000006,0.1785714285714286,0.3142857142857141,0.8250000000000004,0.4,0.2,0.7250000000000003,0.792857142857141,0.728571428571427,0.8999999999999978
0.5374999999999992,1.201171875,1.48828125,0.4500000000000001,0.1,0.0,0.7000000000000003,0.25000000000000006,0.1785714285714286,0.3142857142857141,0.8250000000000004,0.4,0.2,0.7250000000000003,0.7999999999999982,0.728571428571427,0.8999999999999978
0.5384615384615377,1.2041015625,1.4912109375,0.47500000000000014,0.1,0.0,0.7000000000000003,0.25000000000000006,0.1785714285714286,0.3142857142857141,0.8250000000000004,0.4,0.2,0.7250000000000003,0.7999999999999982,0.728571428571427,0.8999999999999978
0.5394230769230762,1.20703125,1.494140625,0.47500000000000014,0.1,0.0,0.7000000000000003,0.25000000000000006,0.18571428571428575,0.3142857142857141,0.8250000000000004,0.4,0.2,0.7250000000000003,0.7999999999999982,0.728571428571427,0.8999999999999978
0.5403846153846146,1.208984375,1.49609375,0.47500000000000014,0.1,0.0,0.7000000000000003,0.25000000000000006,0.18571428571428575,0.32142857142857123,0.8250000000000004,0.4,0.2,0.7250000000000003,0.7999999999999982,0.728571428571427,0.8999999999999978
0.541346153846153,1.2109375,1.4970703125,0.47500000000000014,0.1,0.0,0.7000000000000003,0.25000000000000006,0.18571428571428575,0.32857142857142835,0.8250000000000004,0.4,0.2,0.7250000000000003,0.7999999999999982,0.728571428571427,0.8999999999999978
0.5423076923076915,1.2138671875,1.5,0.47500000000000014,0.1,0.0,0.7000000000000003,0.25000000000000006,0.1928571428571429,0.32857142857142835,0.8250000000000004,0.4,0.2,0.7250000000000003,0.7999999999999982,0.728571428571427,0.8999999999999978
0.54326923076923,1.2158203125,1.5029296875,0.47500000000000014,0.1,0.0,0.7000000000000003,0.25000000000000006,0.1928571428571429,0.32857142857142835,0.8250000000000004,0.4,0.2,0.7250000000000003,0.8071428571428553,0.728571428571427,0.8999999999999978
0.5442307692307685,1.21875,1.5048828125,0.47500000000000014,0.1,0.0,0.7000000000000003,0.25000000000000006,0.20000000000000004,0.32857142857142835,0.8250000000000004,0.4,0.2,0.7250000000000003,0.8071428571428553,0.728571428571427,0.8999999999999978
0.5451923076923069,1.220703125,1.505859375,0.47500000000000014,0.1,0.0,0.7000000000000003,0.25000000000000006,0.20000000000000004,0.32857142857142835,0.8250000000000004,0.4,0.2,0.7250000000000003,0.8142857142857124,0.728571428571427,0.8999999999999978
0.5461538461538454,1.22265625,1.5087890625,0.47500000000000014,0.1,0.0,0.7000000000000003,0.25000000000000006,0.20000000000000004,0.32857142857142835,0.8250000000000004,0.4,0.2,0.7250000000000003,0.8142857142857124,0.7357142857142841,0.8999999999999978
0.5471153846153839,1.224609375,1.51171875,0.47500000000000014,0.1,0.0,0.7000000000000003,0.25000000000000006,0.20000000000000004,0.32857142857142835,0.8250000000000004,0.4,0.2,0.7250000000000003,0.8142857142857124,0.7428571428571412,0.8999999999999978
0.5480769230769224,1.2265625,1.51171875,0.47500000000000014,0.1,0.0,0.7000000000000003,0.25000000000000006,0.20000000000000004,0.32857142857142835,0.8250000000000004,0.4,0.2,0.7250000000000003,0.8142857142857124,0.7428571428571412,0.9071428571428549
0.5490384615384607,1.2294921875,1.5146484375,0.47500000000000014,0.1,0.0,0.7000000000000003,0.25000000000000006,0.20714285714285718,0.32857142857142835,0.8250000000000004,0.4,0.2,0.7250000000000003,0.8142857142857124,0.7428571428571412,0.9071428571428549
0.5499999999999992,1.2314453125,1.517578125,0.47500000000000014,0.1,0.0,0.7000000000000003,0.25000000000000006,0.20714285714285718,0.33571428571428547,0.8250000000000004,0.4,0.2,0.7250000000000003,0.8142857142857124,0.7428571428571412,0.9071428571428549
0.5509615384615377,1.234375,1.517578125,0.47500000000000014,0.1,0.0,0.7000000000000003,0.25000000000000006,0.21428571428571433,0.33571428571428547,0.8250000000000004,0.4,0.2,0.7250000000000003,0.8142857142857124,0.7428571428571412,0.9071428571428549
0.5519230769230762,1.236328125,1.5205078125,0.47500000000000014,0.1,0.0,0.7000000000000003,0.25000000000000006,0.21428571428571433,0.33571428571428547,0.8250000000000004,0.4,0.2,0.7250000000000003,0.8214285714285695,0.7428571428571412,0.9071428571428549
0.5528846153846145,1.2392578125,1.5224609375,0.47500000000000014,0.1,0.0,0.7000000000000003,0.2571428571428572,0.21428571428571433,0.33571428571428547,0.8250000000000004,0.4,0.2,0.7250000000000003,0.8214285714285695,0.7428571428571412,0.9071428571428549
0.553846153846153,1.2421875,1.525390625,0.47500000000000014,0.1,0.0,0.7000000000000003,0.2571428571428572,0.22142857142857147,0.33571428571428547,0.8250000000000004,0.4,0.2,0.7250000000000003,0.8214285714285695,0.7428571428571412,0.9071428571428549
0.5548076923076916,1.2451171875,1.5263671875,0.47500000000000014,0.1,0.0,0.7000000000000003,0.2571428571428572,0.22857142857142862,0.33571428571428547,0.8250000000000004,0.4,0.2,0.7250000000000003,0.8214285714285695,0.7428571428571412,0.9071428571428549
0.55576923076923,1.2470703125,1.5283203125,0.47500000000000014,0.1,0.0,0.7000000000000003,0.2571428571428572,0.22857142857142862,0.3428571428571426,0.8250000000000004,0.4,0.2,0.7250000000000003,0.8214285714285695,0.7428571428571412,0.9071428571428549
0.5567307692307685,1.2490234375,1.53125,0.47500000000000014,0.1,0.0,0.7000000000000003,0.2571428571428572,0.22857142857142862,0.3428571428571426,0.8250000000000004,0.4,0.2,0.7250000000000003,0.8214285714285695,0.7499999999999983,0.9071428571428549
0.5576923076923069,1.2509765625,1.5322265625,0.47500000000000014,0.1,0.0,0.7000000000000003,0.2571428571428572,0.22857142857142862,0.3428571428571426,0.8250000000000004,0.4,0.2,0.7250000000000003,0.8214285714285695,0.7571428571428555,0.9071428571428549
0.5586538461538454,1.2529296875,1.53515625,0.47500000000000014,0.1,0.0,0.7000000000000003,0.2571428571428572,0.22857142857142862,0.3499999999999997,0.8250000000000004,0.4,0.2,0.7250000000000003,0.8214285714285695,0.7571428571428555,0.9071428571428549
0.5596153846153838,1.2548828125,1.537109375,0.47500000000000014,0.1,0.0,0.7000000000000003,0.2571428571428572,0.22857142857142862,0.3499999999999997,0.8250000000000004,0.4,0.2,0.7250000000000003,0.8214285714285695,0.7571428571428555,0.914285714285712
0.5605769230769222,1.2578125,1.5400390625,0.47500000000000014,0.1,0.0,0.7000000000000003,0.2571428571428572,0.23571428571428577,0.3499999999999997,0.8250000000000004,0.4,0.2,0.7250000000000003,0.8214285714285695,0.7571428571428555,0.914285714285712
0.5615384615384608,1.2607421875,1.54296875,0.47500000000000014,0.1,0.0,0.7000000000000003,0.2571428571428572,0.2428571428571429,0.3499999999999997,0.8250000000000004,0.4,0.2,0.7250000000000003,0.8214285714285695,0.7571428571428555,0.914285714285712
0.5624999999999992,1.263671875,1.54296875,0.47500000000000014,0.2,0.0,0.7000000000000003,0.2571428571428572,0.2428571428571429,0.3499999999999997,0.8250000000000004,0.4,0.2,0.7250000000000003,0.8214285714285695,0.7571428571428555,0.914285714285712
0.5634615384615377,1.265625,1.5458984375,0.47500000000000014,0.2,0.0,0.7000000000000003,0.2571428571428572,0.2428571428571429,0.3499999999999997,0.8250000000000004,0.4,0.2,0.7250000000000003,0.8214285714285695,0.7642857142857126,0.914285714285712
0.5644230769230761,1.267578125,1.5478515625,0.47500000000000014,0.2,0.0,0.7000000000000003,0.2571428571428572,0.2428571428571429,0.3499999999999997,0.8250000000000004,0.4,0.2,0.7250000000000003,0.8214285714285695,0.7714285714285697,0.914285714285712
0.5653846153846146,1.2705078125,1.548828125,0.47500000000000014,0.2,0.0,0.7000000000000003,0.2571428571428572,0.25000000000000006,0.3499999999999997,0.8250000000000004,0.4,0.2,0.7250000000000003,0.8214285714285695,0.7714285714285697,0.914285714285712
0.566346153846153,1.2724609375,1.5517578125,0.47500000000000014,0.2,0.0,0.7000000000000003,0.2571428571428572,0.25000000000000006,0.3499999999999997,0.8250000000000004,0.4,0.2,0.7250000000000003,0.8285714285714266,0.7714285714285697,0.914285714285712
0.5673076923076915,1.2744140625,1.5546875,0.47500000000000014,0.2,0.0,0.7000000000000003,0.2571428571428572,0.25000000000000006,0.3499999999999997,0.8250000000000004,0.4,0.2,0.7250000000000003,0.8357142857142837,0.7714285714285697,0.914285714285712
0.56826923076923,1.27734375,1.556640625,0.47500000000000014,0.2,0.0,0.7000000000000003,0.2642857142857143,0.25000000000000006,0.3499999999999997,0.8250000000000004,0.4,0.2,0.7250000000000003,0.8357142857142837,0.7714285714285697,0.914285714285712
0.5692307692307684,1.2802734375,1.5576171875,0.47500000000000014,0.2,0.0,0.7000000000000003,0.2714285714285714,0.25000000000000006,0.3499999999999997,0.8250000000000004,0.4,0.2,0.7250000000000003,0.8357142857142837,0.7714285714285697,0.914285714285712
0.5701923076923069,1.2822265625,1.560546875,0.47500000000000014,0.2,0.0,0.7000000000000003,0.2714285714285714,0.25000000000000006,0.3571428571428568,0.8250000000000004,0.4,0.2,0.7250000000000003,0.8357142857142837,0.7714285714285697,0.914285714285712
0.5711538461538453,1.28515625,1.5625,0.47500000000000014,0.2,0.0,0.7000000000000003,0.2785714285714285,0.25000000000000006,0.3571428571428568,0.8250000000000004,0.4,0.2,0.7250000000000003,0.8357142857142837,0.7714285714285697,0.914285714285712
0.5721153846153838,1.287109375,1.5654296875,0.47500000000000014,0.2,0.0,0.7000000000000003,0.2785714285714285,0.25000000000000006,0.3571428571428568,0.8250000000000004,0.4,0.2,0.7250000000000003,0.8428571428571409,0.7714285714285697,0.914285714285712
0.5730769230769223,1.2900390625,1.5654296875,0.47500000000000014,0.2,0.0,0.7000000000000003,0.28571428571428564,0.25000000000000006,0.3571428571428568,0.8250000000000004,0.4,0.2,0.7250000000000003,0.8428571428571409,0.7714285714285697,0.914285714285712
0.5740384615384607,1.2919921875,1.568359375,0.47500000000000014,0.2,0.0,0.7000000000000003,0.28571428571428564,0.25000000000000006,0.3571428571428568,0.8250000000000004,0.4,0.2,0.7250000000000003,0.8428571428571409,0.7785714285714268,0.914285714285712
0.5749999999999992,1.294921875,1.5712890625,0.47500000000000014,0.2,0.0,0.7000000000000003,0.29285714285714276,0.25000000000000006,0.3571428571428568,0.8250000000000004,0.4,0.2,0.7250000000000003,0.8428571428571409,0.7785714285714268,0.914285714285712
0.5759615384615375,1.296875,1.57421875,0.47500000000000014,0.2,0.0,0.7000000000000003,0.29285714285714276,0.25000000000000006,0.3571428571428568,0.8250000000000004,0.4,0.2,0.7250000000000003,0.8428571428571409,0.7857142857142839,0.914285714285712
0.576923076923076,1.298828125,1.57421875,0.47500000000000014,0.2,0.0,0.7000000000000003,0.29285714285714276,0.25000000000000006,0.3571428571428568,0.8250000000000004,0.4,0.2,0.7250000000000003,0.8428571428571409,0.792857142857141,0.914285714285712
0.5778846153846146,1.30078125,1.5771484375,0.47500000000000014,0.2,0.0,0.7000000000000003,0.29285714285714276,0.25000000000000006,0.3571428571428568,0.8250000000000004,0.4,0.2,0.7250000000000003,0.8428571428571409,0.7999999999999982,0.914285714285712
0.578846153846153,1.302734375,1.5791015625,0.47500000000000014,0.2,0.0,0.7000000000000003,0.29285714285714276,0.25000000000000006,0.36428571428571394,0.8250000000000004,0.4,0.2,0.7250000000000003,0.8428571428571409,0.7999999999999982,0.914285714285712
0.5798076923076915,1.3056640625,1.580078125,0.47500000000000014,0.2,0.0,0.7000000000000003,0.29285714285714276,0.25000000000000006,0.37142857142857105,0.8250000000000004,0.4,0.2,0.7250000000000003,0.8428571428571409,0.7999999999999982,0.914285714285712
0.5807692307692298,1.3076171875,1.5830078125,0.47500000000000014,0.2,0.0,0.7000000000000003,0.29285714285714276,0.25000000000000006,0.37857142857142817,0.8250000000000004,0.4,0.2,0.7250000000000003,0.8428571428571409,0.7999999999999982,0.914285714285712
0.5817307692307684,1.3095703125,1.5849609375,0.47500000000000014,0.2,0.0,0.7000000000000003,0.29285714285714276,0.25000000000000006,0.3857142857142853,0.8250000000000004,0.4,0.2,0.7250000000000003,0.8428571428571409,0.7999999999999982,0.914285714285712
0.5826923076923068,1.3115234375,1.587890625,0.47500000000000014,0.2,0.0,0.7000000000000003,0.29285714285714276,0.25000000000000006,0.3928571428571424,0.8250000000000004,0.4,0.2,0.7250000000000003,0.8428571428571409,0.7999999999999982,0.914285714285712
0.5836538461538453,1.3134765625,1.5888671875,0.47500000000000014,0.2,0.0,0.7000000000000003,0.29285714285714276,0.25000000000000006,0.3928571428571424,0.8250000000000004,0.4,0.2,0.7250000000000003,0.849999999999998,0.7999999999999982,0.914285714285712
0.5846153846153838,1.3154296875,1.5908203125,0.47500000000000014,0.2,0.0,0.7000000000000003,0.29285714285714276,0.25000000000000006,0.3928571428571424,0.8250000000000004,0.4,0.2,0.7250000000000003,0.8571428571428551,0.7999999999999982,0.914285714285712
0.5855769230769222,1.3173828125,1.5927734375,0.47500000000000014,0.2,0.0,0.7000000000000003,0.29285714285714276,0.25000000000000006,0.3928571428571424,0.8250000000000004,0.4,0.2,0.7250000000000003,0.8571428571428551,0.8071428571428553,0.914285714285712
0.5865384615384607,1.3193359375,1.595703125,0.47500000000000014,0.2,0.0,0.7000000000000003,0.29285714285714276,0.25000000000000006,0.3928571428571424,0.8250000000000004,0.4,0.2,0.7250000000000003,0.8571428571428551,0.8071428571428553,0.9214285714285692
0.5874999999999991,1.3212890625,1.59765625,0.47500000000000014,0.2,0.0,0.7000000000000003,0.29285714285714276,0.25000000000000006,0.3928571428571424,0.8250000000000004,0.4,0.2,0.7250000000000003,0.8571428571428551,0.8071428571428553,0.9285714285714263
0.5884615384615375,1.32421875,1.5986328125,0.47500000000000014,0.2,0.0,0.7000000000000003,0.29285714285714276,0.2571428571428572,0.3928571428571424,0.8250000000000004,0.4,0.2,0.7250000000000003,0.8571428571428551,0.8071428571428553,0.9285714285714263
0.589423076923076,1.326171875,1.6005859375,0.47500000000000014,0.2,0.0,0.7000000000000003,0.29285714285714276,0.2571428571428572,0.3928571428571424,0.8250000000000004,0.5,0.2,0.7250000000000003,0.8571428571428551,0.8071428571428553,0.9285714285714263
0.5903846153846146,1.328125,1.603515625,0.47500000000000014,0.2,0.0,0.7000000000000003,0.29285714285714276,0.2571428571428572,0.3928571428571424,0.8250000000000004,0.5,0.2,0.7250000000000003,0.8571428571428551,0.8142857142857124,0.9285714285714263
0.5913461538461531,1.3310546875,1.60546875,0.47500000000000014,0.2,0.0,0.7000000000000003,0.29285714285714276,0.2642857142857143,0.3928571428571424,0.8250000000000004,0.5,0.2,0.7250000000000003,0.8571428571428551,0.8142857142857124,0.9285714285714263
0.5923076923076914,1.333984375,1.6064453125,0.47500000000000014,0.2,0.0,0.7000000000000003,0.29285714285714276,0.2714285714285714,0.3928571428571424,0.8250000000000004,0.5,0.2,0.7250000000000003,0.8571428571428551,0.8142857142857124,0.9285714285714263
0.59326923076923,1.3359375,1.6083984375,0.47500000000000014,0.2,0.0,0.7000000000000003,0.29285714285714276,0.2714285714285714,0.3999999999999995,0.8250000000000004,0.5,0.2,0.7250000000000003,0.8571428571428551,0.8142857142857124,0.9285714285714263
0.5942307692307683,1.3388671875,1.611328125,0.47500000000000014,0.2,0.0,0.7000000000000003,0.29285714285714276,0.2785714285714285,0.3999999999999995,0.8250000000000004,0.5,0.2,0.7250000000000003,0.8571428571428551,0.8142857142857124,0.9285714285714263
0.5951923076923069,1.341796875,1.61328125,0.47500000000000014,0.2,0.0,0.7000000000000003,0.2999999999999999,0.2785714285714285,0.3999999999999995,0.8250000000000004,0.5,0.2,0.7250000000000003,0.8571428571428551,0.8142857142857124,0.9285714285714263
0.5961538461538454,1.3447265625,1.6162109375,0.47500000000000014,0.2,0.0,0.7000000000000003,0.307142857142857,0.2785714285714285,0.3999999999999995,0.8250000000000004,0.5,0.2,0.7250000000000003,0.8571428571428551,0.8142857142857124,0.9285714285714263
0.5971153846153837,1.3466796875,1.6171875,0.47500000000000014,0.2,0.0,0.7000000000000003,0.307142857142857,0.2785714285714285,0.3999999999999995,0.8250000000000004,0.5,0.2,0.7250000000000003,0.8571428571428551,0.8142857142857124,0.9357142857142834
0.5980769230769222,1.349609375,1.6201171875,0.47500000000000014,0.2,0.0,0.7000000000000003,0.307142857142857,0.28571428571428564,0.3999999999999995,0.8250000000000004,0.5,0.2,0.7250000000000003,0.8571428571428551,0.8142857142857124,0.9357142857142834
0.5990384615384607,1.3515625,1.6220703125,0.47500000000000014,0.2,0.0,0.7000000000000003,0.307142857142857,0.28571428571428564,0.40714285714285664,0.8250000000000004,0.5,0.2,0.7250000000000003,0.8571428571428551,0.8142857142857124,0.9357142857142834
0.5999999999999991,1.3544921875,1.6240234375,0.47500000000000014,0.2,0.0,0.7000000000000003,0.307142857142857,0.29285714285714276,0.40714285714285664,0.8250000000000004,0.5,0.2,0.7250000000000003,0.8571428571428551,0.8142857142857124,0.9357142857142834
0.6009615384615375,1.3564453125,1.625,0.47500000000000014,0.2,0.0,0.7000000000000003,0.307142857142857,0.29285714285714276,0.41428571428571376,0.8250000000000004,0.5,0.2,0.7250000000000003,0.8571428571428551,0.8142857142857124,0.9357142857142834
