Effective Sparsity,Activation Error,Baseline Error,q0,k0,v0,o0,gate0,up0,down0,q1,k1,v1,o1,gate1,up1,down1
0.0009615384615384615,3.790855407714844e-05,0.002552032470703125,0.0,0.0,0.0,0.0,0.0,0.0,0.0,0.0,0.0,0.0,0.0,0.007142857142857143,0.0,0.0
0.001923076923076923,5.429983139038086e-05,0.002552032470703125,0.0,0.0,0.0,0.0,0.0,0.0,0.0,0.0,0.0,0.0,0.0,0.007142857142857143,0.007142857142857143,0.0
0.0028846153846153843,7.593631744384766e-05,0.002552032470703125,0.0,0.0,0.0,0.0,0.0,0.0,0.0,0.0,0.0,0.0,0.0,0.007142857142857143,0.007142857142857143,0.007142857142857143
0.003846153846153846,9.912252426147461e-05,0.002552032470703125,0.0,0.0,0.0,0.0,0.007142857142857143,0.0,0.0,0.0,0.0,0.0,0.0,0.007142857142857143,0.007142857142857143,0.007142857142857143
0.004807692307692307,0.00012111663818359375,0.002552032470703125,0.0,0.0,0.0,0.0,0.007142857142857143,0.007142857142857143,0.0,0.0,0.0,0.0,0.0,0.007142857142857143,0.007142857142857143,0.007142857142857143
0.005769230769230769,0.00014781951904296875,0.002552032470703125,0.0,0.0,0.0,0.0,0.007142857142857143,0.007142857142857143,0.007142857142857143,0.0,0.0,0.0,0.0,0.007142857142857143,0.007142857142857143,0.007142857142857143
0.00673076923076923,0.00035190582275390625,0.002552032470703125,0.0,0.0,0.0,0.0,0.007142857142857143,0.007142857142857143,0.007142857142857143,0.0,0.0,0.0,0.0,0.007142857142857143,0.007142857142857143,0.014285714285714285
0.007692307692307692,0.0005178451538085938,0.002552032470703125,0.0,0.0,0.0,0.0,0.007142857142857143,0.007142857142857143,0.007142857142857143,0.0,0.0,0.0,0.0,0.007142857142857143,0.007142857142857143,0.02142857142857143
0.008653846153846153,0.0007195472717285156,0.002552032470703125,0.0,0.0,0.0,0.0,0.007142857142857143,0.007142857142857143,0.007142857142857143,0.0,0.0,0.0,0.0,0.007142857142857143,0.007142857142857143,0.02857142857142857
0.009615384615384616,0.0008955001831054688,0.002552032470703125,0.0,0.0,0.0,0.0,0.007142857142857143,0.007142857142857143,0.014285714285714285,0.0,0.0,0.0,0.0,0.007142857142857143,0.007142857142857143,0.02857142857142857
0.010576923076923076,0.001087188720703125,0.007717132568359375,0.0,0.0,0.0,0.0,0.007142857142857143,0.007142857142857143,0.014285714285714285,0.025,0.0,0.0,0.0,0.007142857142857143,0.007142857142857143,0.02857142857142857
0.011538461538461537,0.0012531280517578125,0.0081024169921875,0.0,0.0,0.0,0.0,0.007142857142857143,0.007142857142857143,0.02142857142857143,0.025,0.0,0.0,0.0,0.007142857142857143,0.007142857142857143,0.02857142857142857
0.012499999999999999,0.0013990402221679688,0.00844573974609375,0.0,0.0,0.0,0.0,0.007142857142857143,0.007142857142857143,0.02142857142857143,0.025,0.0,0.0,0.0,0.007142857142857143,0.007142857142857143,0.03571428571428571
0.01346153846153846,0.0016050338745117188,0.008758544921875,0.0,0.0,0.0,0.0,0.007142857142857143,0.007142857142857143,0.02142857142857143,0.025,0.0,0.0,0.0,0.007142857142857143,0.007142857142857143,0.04285714285714286
0.014423076923076924,0.0018072128295898438,0.00910186767578125,0.0,0.0,0.0,0.0,0.007142857142857143,0.007142857142857143,0.02857142857142857,0.025,0.0,0.0,0.0,0.007142857142857143,0.007142857142857143,0.04285714285714286
0.015384615384615385,0.001995086669921875,0.009429931640625,0.0,0.0,0.0,0.0,0.007142857142857143,0.007142857142857143,0.02857142857142857,0.05,0.0,0.0,0.0,0.007142857142857143,0.007142857142857143,0.04285714285714286
0.016346153846153844,0.002231597900390625,0.00978851318359375,0.025,0.0,0.0,0.0,0.007142857142857143,0.007142857142857143,0.02857142857142857,0.05,0.0,0.0,0.0,0.007142857142857143,0.007142857142857143,0.04285714285714286
0.017307692307692305,0.002445220947265625,0.01010894775390625,0.025,0.0,0.0,0.0,0.007142857142857143,0.007142857142857143,0.02857142857142857,0.05,0.0,0.0,0.0,0.007142857142857143,0.007142857142857143,0.05
0.018269230769230767,0.0026416778564453125,0.01042938232421875,0.025,0.0,0.0,0.0,0.007142857142857143,0.007142857142857143,0.02857142857142857,0.05,0.0,0.0,0.0,0.014285714285714285,0.007142857142857143,0.05
0.019230769230769232,0.002826690673828125,0.0107574462890625,0.025,0.0,0.0,0.0,0.007142857142857143,0.007142857142857143,0.02857142857142857,0.07500000000000001,0.0,0.0,0.0,0.014285714285714285,0.007142857142857143,0.05
0.020192307692307693,0.003021240234375,0.01103973388671875,0.025,0.0,0.0,0.0,0.007142857142857143,0.007142857142857143,0.03571428571428571,0.07500000000000001,0.0,0.0,0.0,0.014285714285714285,0.007142857142857143,0.05
0.021153846153846155,0.003208160400390625,0.0113525390625,0.025,0.0,0.0,0.0,0.007142857142857143,0.007142857142857143,0.03571428571428571,0.07500000000000001,0.0,0.0,0.0,0.014285714285714285,0.014285714285714285,0.05
0.022115384615384613,0.0033969879150390625,0.01166534423828125,0.025,0.0,0.0,0.0,0.007142857142857143,0.007142857142857143,0.03571428571428571,0.07500000000000001,0.0,0.0,0.0,0.014285714285714285,0.014285714285714285,0.05714285714285715
0.02307692307692308,0.0035915374755859375,0.01204681396484375,0.025,0.0,0.0,0.0,0.007142857142857143,0.007142857142857143,0.03571428571428571,0.1,0.0,0.0,0.0,0.014285714285714285,0.014285714285714285,0.05714285714285715
0.02403846153846154,0.003787994384765625,0.0123138427734375,0.025,0.0,0.0,0.0,0.007142857142857143,0.007142857142857143,0.03571428571428571,0.1,0.0,0.0,0.0,0.02142857142857143,0.014285714285714285,0.05714285714285715
0.024999999999999998,0.003997802734375,0.01263427734375,0.025,0.0,0.0,0.0,0.007142857142857143,0.007142857142857143,0.04285714285714286,0.1,0.0,0.0,0.0,0.02142857142857143,0.014285714285714285,0.05714285714285715
0.025961538461538463,0.004207611083984375,0.01293182373046875,0.025,0.0,0.0,0.0,0.007142857142857143,0.007142857142857143,0.04285714285714286,0.1,0.0,0.0,0.0,0.02142857142857143,0.02142857142857143,0.05714285714285715
0.02692307692307692,0.004405975341796875,0.0132293701171875,0.025,0.0,0.0,0.0,0.007142857142857143,0.007142857142857143,0.04285714285714286,0.1,0.0,0.0,0.0,0.02142857142857143,0.02142857142857143,0.0642857142857143
0.02788461538461539,0.004604339599609375,0.0135040283203125,0.025,0.0,0.0,0.0,0.007142857142857143,0.007142857142857143,0.04285714285714286,0.125,0.0,0.0,0.0,0.02142857142857143,0.02142857142857143,0.0642857142857143
0.028846153846153848,0.004795074462890625,0.0138702392578125,0.025,0.0,0.0,0.0,0.007142857142857143,0.007142857142857143,0.04285714285714286,0.125,0.0,0.0,0.0,0.02857142857142857,0.02142857142857143,0.0642857142857143
0.029807692307692306,0.0050048828125,0.01416778564453125,0.025,0.0,0.0,0.0,0.007142857142857143,0.007142857142857143,0.04285714285714286,0.15,0.0,0.0,0.0,0.02857142857142857,0.02142857142857143,0.0642857142857143
0.03076923076923077,0.00521087646484375,0.01448822021484375,0.025,0.0,0.0,0.0,0.007142857142857143,0.007142857142857143,0.04285714285714286,0.15,0.0,0.0,0.0,0.02857142857142857,0.02142857142857143,0.07142857142857144
0.03173076923076923,0.0054168701171875,0.01479339599609375,0.025,0.0,0.0,0.0,0.007142857142857143,0.007142857142857143,0.04285714285714286,0.15,0.0,0.0,0.0,0.02857142857142857,0.02857142857142857,0.07142857142857144
0.032692307692307694,0.005626678466796875,0.01508331298828125,0.025,0.0,0.0,0.0,0.007142857142857143,0.007142857142857143,0.04285714285714286,0.175,0.0,0.0,0.0,0.02857142857142857,0.02857142857142857,0.07142857142857144
0.03365384615384615,0.005828857421875,0.015380859375,0.025,0.0,0.0,0.0,0.007142857142857143,0.007142857142857143,0.04285714285714286,0.175,0.0,0.0,0.0,0.03571428571428571,0.02857142857142857,0.07142857142857144
0.03461538461538461,0.006023406982421875,0.015655517578125,0.025,0.0,0.0,0.0,0.007142857142857143,0.007142857142857143,0.04285714285714286,0.175,0.0,0.0,0.0,0.04285714285714286,0.02857142857142857,0.07142857142857144
0.035576923076923075,0.006229400634765625,0.01593017578125,0.05,0.0,0.0,0.0,0.007142857142857143,0.007142857142857143,0.04285714285714286,0.175,0.0,0.0,0.0,0.04285714285714286,0.02857142857142857,0.07142857142857144
0.036538461538461534,0.006427764892578125,0.0162506103515625,0.05,0.0,0.0,0.0,0.007142857142857143,0.007142857142857143,0.04285714285714286,0.175,0.0,0.0,0.0,0.04285714285714286,0.02857142857142857,0.07857142857142858
0.0375,0.00662994384765625,0.0165252685546875,0.05,0.0,0.0,0.0,0.007142857142857143,0.007142857142857143,0.04285714285714286,0.19999999999999998,0.0,0.0,0.0,0.04285714285714286,0.02857142857142857,0.07857142857142858
0.038461538461538464,0.006839752197265625,0.0167999267578125,0.05,0.0,0.0,0.0,0.007142857142857143,0.007142857142857143,0.04285714285714286,0.19999999999999998,0.0,0.0,0.0,0.04285714285714286,0.03571428571428571,0.07857142857142858
0.03942307692307692,0.007045745849609375,0.0170135498046875,0.05,0.0,0.0,0.0,0.007142857142857143,0.007142857142857143,0.05,0.19999999999999998,0.0,0.0,0.0,0.04285714285714286,0.03571428571428571,0.07857142857142858
0.04038461538461539,0.0072479248046875,0.017303466796875,0.05,0.0,0.0,0.0,0.007142857142857143,0.007142857142857143,0.05,0.19999999999999998,0.0,0.0,0.0,0.04285714285714286,0.04285714285714286,0.07857142857142858
0.04134615384615385,0.0074462890625,0.017578125,0.05,0.0,0.0,0.0,0.014285714285714285,0.007142857142857143,0.05,0.19999999999999998,0.0,0.0,0.0,0.04285714285714286,0.04285714285714286,0.07857142857142858
0.04230769230769231,0.007640838623046875,0.017822265625,0.05,0.0,0.0,0.0,0.014285714285714285,0.007142857142857143,0.05,0.19999999999999998,0.0,0.0,0.0,0.04285714285714286,0.04285714285714286,0.08571428571428573
0.04326923076923077,0.00783538818359375,0.01806640625,0.05,0.0,0.0,0.0,0.014285714285714285,0.007142857142857143,0.05,0.22499999999999998,0.0,0.0,0.0,0.04285714285714286,0.04285714285714286,0.08571428571428573
0.04423076923076923,0.008026123046875,0.018310546875,0.05,0.0,0.0,0.0,0.014285714285714285,0.007142857142857143,0.05,0.22499999999999998,0.0,0.0,0.0,0.05,0.04285714285714286,0.08571428571428573
0.045192307692307705,0.00823211669921875,0.0185546875,0.05,0.0,0.0,0.0,0.014285714285714285,0.007142857142857143,0.05,0.24999999999999997,0.0,0.0,0.0,0.05,0.04285714285714286,0.08571428571428573
0.04615384615384616,0.00843048095703125,0.0187835693359375,0.05,0.0,0.0,0.0,0.014285714285714285,0.007142857142857143,0.05,0.24999999999999997,0.0,0.0,0.0,0.05,0.04285714285714286,0.09285714285714287
0.04711538461538462,0.008636474609375,0.019012451171875,0.05,0.0,0.0,0.0,0.014285714285714285,0.007142857142857143,0.05714285714285715,0.24999999999999997,0.0,0.0,0.0,0.05,0.04285714285714286,0.09285714285714287
0.04807692307692308,0.00884246826171875,0.019317626953125,0.05,0.0,0.0,0.0,0.014285714285714285,0.014285714285714285,0.05714285714285715,0.24999999999999997,0.0,0.0,0.0,0.05,0.04285714285714286,0.09285714285714287
0.049038461538461545,0.0090484619140625,0.0196380615234375,0.05,0.0,0.0,0.0,0.014285714285714285,0.014285714285714285,0.05714285714285715,0.27499999999999997,0.0,0.0,0.0,0.05,0.04285714285714286,0.09285714285714287
0.05000000000000001,0.009246826171875,0.019927978515625,0.05,0.0,0.0,0.0,0.014285714285714285,0.014285714285714285,0.05714285714285715,0.27499999999999997,0.0,0.0,0.0,0.05,0.04285714285714286,0.10000000000000002
0.05096153846153847,0.0094451904296875,0.020263671875,0.05,0.0,0.0,0.0,0.014285714285714285,0.014285714285714285,0.05714285714285715,0.27499999999999997,0.0,0.0,0.0,0.05,0.05,0.10000000000000002
0.051923076923076926,0.0096435546875,0.0205535888671875,0.05,0.0,0.0,0.0,0.014285714285714285,0.014285714285714285,0.05714285714285715,0.3,0.0,0.0,0.0,0.05,0.05,0.10000000000000002
0.05288461538461539,0.0098419189453125,0.0208740234375,0.05,0.0,0.0,0.0,0.02142857142857143,0.014285714285714285,0.05714285714285715,0.3,0.0,0.0,0.0,0.05,0.05,0.10000000000000002
0.05384615384615385,0.01003265380859375,0.0211029052734375,0.05,0.0,0.0,0.0,0.02142857142857143,0.014285714285714285,0.05714285714285715,0.3,0.0,0.0,0.0,0.05714285714285715,0.05,0.10000000000000002
0.05480769230769232,0.010223388671875,0.02142333984375,0.05,0.0,0.0,0.0,0.02142857142857143,0.014285714285714285,0.05714285714285715,0.3,0.1,0.0,0.0,0.05714285714285715,0.05,0.10000000000000002
0.05576923076923078,0.01041412353515625,0.0216827392578125,0.05,0.0,0.0,0.0,0.02142857142857143,0.014285714285714285,0.05714285714285715,0.3,0.1,0.0,0.0,0.05714285714285715,0.05,0.10714285714285716
0.05673076923076924,0.01061248779296875,0.02197265625,0.07500000000000001,0.0,0.0,0.0,0.02142857142857143,0.014285714285714285,0.05714285714285715,0.3,0.1,0.0,0.0,0.05714285714285715,0.05,0.10714285714285716
0.0576923076923077,0.01081085205078125,0.0223236083984375,0.07500000000000001,0.0,0.0,0.0,0.02142857142857143,0.014285714285714285,0.05714285714285715,0.325,0.1,0.0,0.0,0.05714285714285715,0.05,0.10714285714285716
0.05865384615384616,0.0110015869140625,0.0225830078125,0.07500000000000001,0.0,0.0,0.0,0.02142857142857143,0.014285714285714285,0.05714285714285715,0.325,0.1,0.0,0.025,0.05714285714285715,0.05,0.10714285714285716
0.059615384615384626,0.01119232177734375,0.0229034423828125,0.07500000000000001,0.0,0.0,0.0,0.02142857142857143,0.014285714285714285,0.05714285714285715,0.325,0.1,0.0,0.025,0.0642857142857143,0.05,0.10714285714285716
0.060576923076923084,0.01139068603515625,0.0231475830078125,0.07500000000000001,0.0,0.0,0.0,0.02142857142857143,0.014285714285714285,0.05714285714285715,0.35000000000000003,0.1,0.0,0.025,0.0642857142857143,0.05,0.10714285714285716
0.06153846153846154,0.01158905029296875,0.0234222412109375,0.07500000000000001,0.0,0.0,0.0,0.02142857142857143,0.014285714285714285,0.05714285714285715,0.35000000000000003,0.1,0.0,0.025,0.0642857142857143,0.05714285714285715,0.10714285714285716
0.06250000000000001,0.01177978515625,0.023712158203125,0.07500000000000001,0.0,0.0,0.0,0.02142857142857143,0.014285714285714285,0.05714285714285715,0.35000000000000003,0.1,0.0,0.025,0.0642857142857143,0.05714285714285715,0.11428571428571431
0.06346153846153847,0.0119781494140625,0.0239410400390625,0.07500000000000001,0.0,0.0,0.0,0.02142857142857143,0.014285714285714285,0.0642857142857143,0.35000000000000003,0.1,0.0,0.025,0.0642857142857143,0.05714285714285715,0.11428571428571431
0.06442307692307693,0.012176513671875,0.0242462158203125,0.07500000000000001,0.0,0.0,0.0,0.02142857142857143,0.014285714285714285,0.0642857142857143,0.35000000000000003,0.1,0.0,0.025,0.0642857142857143,0.05714285714285715,0.12142857142857146
0.06538461538461539,0.01238250732421875,0.02459716796875,0.07500000000000001,0.0,0.0,0.0,0.02142857142857143,0.014285714285714285,0.0642857142857143,0.35000000000000003,0.1,0.0,0.025,0.0642857142857143,0.05714285714285715,0.1285714285714286
0.06634615384615385,0.0125885009765625,0.0249176025390625,0.07500000000000001,0.0,0.0,0.0,0.02857142857142857,0.014285714285714285,0.0642857142857143,0.35000000000000003,0.1,0.0,0.025,0.0642857142857143,0.05714285714285715,0.1285714285714286
0.0673076923076923,0.012786865234375,0.025238037109375,0.07500000000000001,0.0,0.0,0.0,0.02857142857142857,0.02142857142857143,0.0642857142857143,0.35000000000000003,0.1,0.0,0.025,0.0642857142857143,0.05714285714285715,0.1285714285714286
0.06826923076923078,0.01297760009765625,0.0255279541015625,0.07500000000000001,0.0,0.0,0.0,0.02857142857142857,0.02142857142857143,0.0642857142857143,0.35000000000000003,0.1,0.0,0.025,0.0642857142857143,0.0642857142857143,0.1285714285714286
0.06923076923076923,0.01317596435546875,0.0258331298828125,0.07500000000000001,0.0,0.0,0.0,0.02857142857142857,0.02142857142857143,0.0642857142857143,0.37500000000000006,0.1,0.0,0.025,0.0642857142857143,0.0642857142857143,0.1285714285714286
0.07019230769230769,0.01337432861328125,0.0260772705078125,0.07500000000000001,0.0,0.0,0.0,0.02857142857142857,0.02142857142857143,0.0642857142857143,0.37500000000000006,0.1,0.0,0.025,0.07142857142857144,0.0642857142857143,0.1285714285714286
0.07115384615384618,0.01354217529296875,0.0263214111328125,0.07500000000000001,0.0,0.0,0.0,0.02857142857142857,0.02142857142857143,0.0642857142857143,0.37500000000000006,0.1,0.0,0.025,0.07857142857142858,0.0642857142857143,0.1285714285714286
0.07211538461538464,0.01374053955078125,0.026580810546875,0.07500000000000001,0.0,0.0,0.0,0.02857142857142857,0.02142857142857143,0.0642857142857143,0.4000000000000001,0.1,0.0,0.025,0.07857142857142858,0.0642857142857143,0.1285714285714286
0.0730769230769231,0.0139312744140625,0.0267791748046875,0.07500000000000001,0.0,0.0,0.0,0.02857142857142857,0.02142857142857143,0.0642857142857143,0.4000000000000001,0.1,0.0,0.025,0.08571428571428573,0.0642857142857143,0.1285714285714286
0.07403846153846155,0.01412200927734375,0.0270538330078125,0.07500000000000001,0.0,0.0,0.0,0.02857142857142857,0.02142857142857143,0.0642857142857143,0.4000000000000001,0.1,0.0,0.025,0.08571428571428573,0.0642857142857143,0.13571428571428573
0.07500000000000001,0.01432037353515625,0.0272674560546875,0.07500000000000001,0.0,0.0,0.0,0.02857142857142857,0.02142857142857143,0.0642857142857143,0.4000000000000001,0.1,0.0,0.025,0.09285714285714287,0.0642857142857143,0.13571428571428573
0.07596153846153848,0.0145263671875,0.0276031494140625,0.07500000000000001,0.0,0.0,0.0,0.02857142857142857,0.02142857142857143,0.07142857142857144,0.4000000000000001,0.1,0.0,0.025,0.09285714285714287,0.0642857142857143,0.13571428571428573
0.07692307692307694,0.0147247314453125,0.027923583984375,0.07500000000000001,0.0,0.0,0.0,0.02857142857142857,0.02142857142857143,0.07142857142857144,0.4000000000000001,0.1,0.0,0.025,0.09285714285714287,0.0642857142857143,0.14285714285714288
0.0778846153846154,0.014923095703125,0.0281982421875,0.07500000000000001,0.0,0.0,0.0,0.02857142857142857,0.02142857142857143,0.07142857142857144,0.4000000000000001,0.1,0.0,0.025,0.10000000000000002,0.0642857142857143,0.14285714285714288
0.07884615384615387,0.0151214599609375,0.0284271240234375,0.1,0.0,0.0,0.0,0.02857142857142857,0.02142857142857143,0.07142857142857144,0.4000000000000001,0.1,0.0,0.025,0.10000000000000002,0.0642857142857143,0.14285714285714288
0.07980769230769233,0.01532745361328125,0.028717041015625,0.1,0.0,0.0,0.0,0.02857142857142857,0.02857142857142857,0.07142857142857144,0.4000000000000001,0.1,0.0,0.025,0.10000000000000002,0.0642857142857143,0.14285714285714288
0.08076923076923077,0.01552581787109375,0.0290069580078125,0.1,0.0,0.0,0.0,0.02857142857142857,0.02857142857142857,0.07142857142857144,0.4250000000000001,0.1,0.0,0.025,0.10000000000000002,0.0642857142857143,0.14285714285714288
0.08173076923076925,0.015716552734375,0.0293121337890625,0.1,0.0,0.0,0.0,0.02857142857142857,0.02857142857142857,0.07142857142857144,0.4250000000000001,0.1,0.0,0.05,0.10000000000000002,0.0642857142857143,0.14285714285714288
0.0826923076923077,0.0159149169921875,0.029541015625,0.1,0.0,0.0,0.0,0.02857142857142857,0.02857142857142857,0.07142857142857144,0.4250000000000001,0.2,0.0,0.05,0.10000000000000002,0.0642857142857143,0.14285714285714288
0.08365384615384616,0.01611328125,0.0298004150390625,0.1,0.0,0.0,0.0,0.02857142857142857,0.02857142857142857,0.07142857142857144,0.4250000000000001,0.2,0.0,0.05,0.10000000000000002,0.07142857142857144,0.14285714285714288
0.08461538461538462,0.0162811279296875,0.030029296875,0.1,0.0,0.0,0.0,0.02857142857142857,0.02857142857142857,0.07142857142857144,0.4250000000000001,0.2,0.0,0.05,0.10000000000000002,0.07857142857142858,0.14285714285714288
0.08557692307692309,0.0164642333984375,0.030303955078125,0.1,0.0,0.0,0.0,0.02857142857142857,0.02857142857142857,0.07142857142857144,0.4250000000000001,0.2,0.0,0.05,0.10000000000000002,0.07857142857142858,0.15000000000000002
0.08653846153846158,0.01666259765625,0.030548095703125,0.1,0.0,0.0,0.0,0.02857142857142857,0.02857142857142857,0.07142857142857144,0.4500000000000001,0.2,0.0,0.05,0.10000000000000002,0.07857142857142858,0.15000000000000002
0.08750000000000001,0.0168609619140625,0.03076171875,0.1,0.0,0.0,0.0,0.02857142857142857,0.02857142857142857,0.07857142857142858,0.4500000000000001,0.2,0.0,0.05,0.10000000000000002,0.07857142857142858,0.15000000000000002
0.0884615384615385,0.017059326171875,0.0309906005859375,0.1,0.0,0.0,0.0,0.02857142857142857,0.02857142857142857,0.07857142857142858,0.4500000000000001,0.2,0.0,0.05,0.10000000000000002,0.08571428571428573,0.15000000000000002
0.08942307692307692,0.017242431640625,0.031219482421875,0.1,0.0,0.0,0.0,0.02857142857142857,0.02857142857142857,0.07857142857142858,0.4500000000000001,0.2,0.0,0.05,0.10000000000000002,0.08571428571428573,0.15714285714285717
0.09038461538461541,0.017425537109375,0.031494140625,0.1,0.0,0.0,0.0,0.02857142857142857,0.02857142857142857,0.07857142857142858,0.4500000000000001,0.2,0.0,0.05,0.10000000000000002,0.08571428571428573,0.1642857142857143
0.09134615384615387,0.0176239013671875,0.031768798828125,0.1,0.0,0.0,0.0,0.03571428571428571,0.02857142857142857,0.07857142857142858,0.4500000000000001,0.2,0.0,0.05,0.10000000000000002,0.08571428571428573,0.1642857142857143
0.09230769230769233,0.017822265625,0.03204345703125,0.1,0.0,0.0,0.0,0.04285714285714286,0.02857142857142857,0.07857142857142858,0.4500000000000001,0.2,0.0,0.05,0.10000000000000002,0.08571428571428573,0.1642857142857143
0.0932692307692308,0.01800537109375,0.032257080078125,0.1,0.0,0.0,0.0,0.04285714285714286,0.02857142857142857,0.07857142857142858,0.4500000000000001,0.2,0.0,0.05,0.10000000000000002,0.09285714285714287,0.1642857142857143
0.09423076923076926,0.0182037353515625,0.032623291015625,0.1,0.0,0.0,0.0,0.04285714285714286,0.02857142857142857,0.07857142857142858,0.47500000000000014,0.2,0.0,0.05,0.10000000000000002,0.09285714285714287,0.1642857142857143
0.09519230769230771,0.018402099609375,0.0328369140625,0.1,0.0,0.0,0.0,0.04285714285714286,0.02857142857142857,0.07857142857142858,0.47500000000000014,0.2,0.0,0.07500000000000001,0.10000000000000002,0.09285714285714287,0.1642857142857143
0.09615384615384617,0.0186004638671875,0.03314208984375,0.1,0.0,0.0,0.0,0.04285714285714286,0.02857142857142857,0.07857142857142858,0.47500000000000014,0.2,0.0,0.07500000000000001,0.10714285714285716,0.09285714285714287,0.1642857142857143
0.09711538461538463,0.0187835693359375,0.03338623046875,0.1,0.0,0.0,0.0,0.04285714285714286,0.02857142857142857,0.07857142857142858,0.47500000000000014,0.2,0.0,0.07500000000000001,0.10714285714285716,0.09285714285714287,0.17142857142857146
0.09807692307692309,0.01898193359375,0.03350830078125,0.1,0.0,0.0,0.0,0.04285714285714286,0.02857142857142857,0.07857142857142858,0.47500000000000014,0.2,0.0,0.07500000000000001,0.11428571428571431,0.09285714285714287,0.17142857142857146
0.09903846153846155,0.0191650390625,0.033782958984375,0.1,0.0,0.0,0.0,0.04285714285714286,0.02857142857142857,0.07857142857142858,0.47500000000000014,0.2,0.0,0.07500000000000001,0.11428571428571431,0.10000000000000002,0.17142857142857146
0.10000000000000002,0.01934814453125,0.034088134765625,0.1,0.0,0.0,0.0,0.04285714285714286,0.02857142857142857,0.07857142857142858,0.47500000000000014,0.2,0.0,0.07500000000000001,0.11428571428571431,0.10000000000000002,0.1785714285714286
0.10096153846153846,0.0195465087890625,0.034332275390625,0.1,0.0,0.0,0.0,0.04285714285714286,0.02857142857142857,0.07857142857142858,0.5000000000000001,0.2,0.0,0.07500000000000001,0.11428571428571431,0.10000000000000002,0.1785714285714286
0.10192307692307694,0.019744873046875,0.0345458984375,0.1,0.0,0.0,0.0,0.04285714285714286,0.02857142857142857,0.07857142857142858,0.5000000000000001,0.2,0.0,0.07500000000000001,0.12142857142857146,0.10000000000000002,0.1785714285714286
0.1028846153846154,0.0199432373046875,0.03485107421875,0.1,0.0,0.0,0.0,0.04285714285714286,0.02857142857142857,0.08571428571428573,0.5000000000000001,0.2,0.0,0.07500000000000001,0.12142857142857146,0.10000000000000002,0.1785714285714286
0.10384615384615385,0.0201416015625,0.03515625,0.1,0.0,0.0,0.0,0.04285714285714286,0.02857142857142857,0.08571428571428573,0.5000000000000001,0.2,0.0,0.07500000000000001,0.1285714285714286,0.10000000000000002,0.1785714285714286
0.10480769230769232,0.0203399658203125,0.035400390625,0.1,0.0,0.0,0.0,0.04285714285714286,0.02857142857142857,0.08571428571428573,0.5000000000000001,0.2,0.0,0.07500000000000001,0.1285714285714286,0.10000000000000002,0.18571428571428575
0.10576923076923078,0.0205230712890625,0.03564453125,0.1,0.0,0.0,0.0,0.04285714285714286,0.02857142857142857,0.08571428571428573,0.5000000000000001,0.2,0.0,0.07500000000000001,0.1285714285714286,0.10000000000000002,0.1928571428571429
0.10673076923076927,0.020721435546875,0.03594970703125,0.1,0.0,0.0,0.0,0.04285714285714286,0.02857142857142857,0.08571428571428573,0.5250000000000001,0.2,0.0,0.07500000000000001,0.1285714285714286,0.10000000000000002,0.1928571428571429
0.10769230769230773,0.0209197998046875,0.03619384765625,0.1,0.0,0.0,0.0,0.04285714285714286,0.02857142857142857,0.08571428571428573,0.5250000000000001,0.2,0.0,0.07500000000000001,0.13571428571428573,0.10000000000000002,0.1928571428571429
0.10865384615384618,0.0211181640625,0.0364990234375,0.1,0.0,0.0,0.0,0.04285714285714286,0.02857142857142857,0.08571428571428573,0.5250000000000001,0.2,0.0,0.07500000000000001,0.13571428571428573,0.10000000000000002,0.20000000000000004
0.10961538461538464,0.0213165283203125,0.036773681640625,0.1,0.0,0.0,0.0,0.04285714285714286,0.03571428571428571,0.08571428571428573,0.5250000000000001,0.2,0.0,0.07500000000000001,0.13571428571428573,0.10000000000000002,0.20000000000000004
0.1105769230769231,0.0215301513671875,0.03704833984375,0.125,0.0,0.0,0.0,0.04285714285714286,0.03571428571428571,0.08571428571428573,0.5250000000000001,0.2,0.0,0.07500000000000001,0.13571428571428573,0.10000000000000002,0.20000000000000004
0.11153846153846156,0.021728515625,0.03729248046875,0.125,0.0,0.0,0.0,0.04285714285714286,0.04285714285714286,0.08571428571428573,0.5250000000000001,0.2,0.0,0.07500000000000001,0.13571428571428573,0.10000000000000002,0.20000000000000004
0.11250000000000003,0.0219268798828125,0.03759765625,0.125,0.0,0.0,0.0,0.04285714285714286,0.04285714285714286,0.08571428571428573,0.5250000000000001,0.2,0.0,0.1,0.13571428571428573,0.10000000000000002,0.20000000000000004
0.11346153846153849,0.022125244140625,0.037841796875,0.125,0.0,0.0,0.0,0.04285714285714286,0.04285714285714286,0.08571428571428573,0.5250000000000001,0.2,0.0,0.1,0.14285714285714288,0.10000000000000002,0.20000000000000004
0.11442307692307695,0.0223236083984375,0.0380859375,0.125,0.0,0.0,0.0,0.04285714285714286,0.04285714285714286,0.08571428571428573,0.5250000000000001,0.2,0.0,0.1,0.15000000000000002,0.10000000000000002,0.20000000000000004
0.11538461538461542,0.02252197265625,0.038299560546875,0.125,0.0,0.0,0.0,0.04285714285714286,0.04285714285714286,0.08571428571428573,0.5250000000000001,0.2,0.0,0.1,0.15000000000000002,0.10714285714285716,0.20000000000000004
0.11634615384615388,0.0227203369140625,0.03857421875,0.125,0.0,0.0,0.0,0.04285714285714286,0.04285714285714286,0.08571428571428573,0.5250000000000001,0.2,0.0,0.1,0.15000000000000002,0.11428571428571431,0.20000000000000004
0.11730769230769234,0.0229034423828125,0.03887939453125,0.125,0.0,0.0,0.0,0.04285714285714286,0.04285714285714286,0.08571428571428573,0.5250000000000001,0.2,0.0,0.1,0.15000000000000002,0.11428571428571431,0.20714285714285718
0.1182692307692308,0.0230865478515625,0.039154052734375,0.125,0.0,0.0,0.0,0.04285714285714286,0.04285714285714286,0.08571428571428573,0.5250000000000001,0.2,0.0,0.1,0.15000000000000002,0.11428571428571431,0.21428571428571433
0.11923076923076925,0.023284912109375,0.03936767578125,0.125,0.0,0.0,0.025,0.04285714285714286,0.04285714285714286,0.08571428571428573,0.5250000000000001,0.2,0.0,0.1,0.15000000000000002,0.11428571428571431,0.21428571428571433
0.12019230769230771,0.0234832763671875,0.03961181640625,0.125,0.0,0.0,0.025,0.05,0.04285714285714286,0.08571428571428573,0.5250000000000001,0.2,0.0,0.1,0.15000000000000002,0.11428571428571431,0.21428571428571433
0.12115384615384617,0.023681640625,0.039886474609375,0.125,0.0,0.0,0.025,0.05,0.04285714285714286,0.09285714285714287,0.5250000000000001,0.2,0.0,0.1,0.15000000000000002,0.11428571428571431,0.21428571428571433
0.12211538461538463,0.0238800048828125,0.04034423828125,0.125,0.0,0.0,0.025,0.05,0.04285714285714286,0.09285714285714287,0.5500000000000002,0.2,0.0,0.1,0.15000000000000002,0.11428571428571431,0.21428571428571433
0.1230769230769231,0.024078369140625,0.040557861328125,0.125,0.0,0.0,0.025,0.05,0.04285714285714286,0.09285714285714287,0.5750000000000002,0.2,0.0,0.1,0.15000000000000002,0.11428571428571431,0.21428571428571433
0.12403846153846154,0.0242767333984375,0.04083251953125,0.125,0.0,0.0,0.025,0.05,0.04285714285714286,0.09285714285714287,0.5750000000000002,0.2,0.0,0.1,0.15714285714285717,0.11428571428571431,0.21428571428571433
0.125,0.0244598388671875,0.041046142578125,0.125,0.0,0.0,0.025,0.05,0.04285714285714286,0.09285714285714287,0.5750000000000002,0.2,0.0,0.1,0.15714285714285717,0.11428571428571431,0.22142857142857147
0.12596153846153849,0.024658203125,0.0413818359375,0.125,0.0,0.0,0.025,0.05,0.04285714285714286,0.09285714285714287,0.5750000000000002,0.2,0.0,0.1,0.15714285714285717,0.12142857142857146,0.22142857142857147
0.12692307692307694,0.02484130859375,0.0416259765625,0.125,0.0,0.0,0.025,0.05,0.04285714285714286,0.09285714285714287,0.5750000000000002,0.2,0.0,0.1,0.15714285714285717,0.1285714285714286,0.22142857142857147
0.12788461538461543,0.0250396728515625,0.0418701171875,0.125,0.0,0.0,0.025,0.05,0.04285714285714286,0.09285714285714287,0.5750000000000002,0.2,0.0,0.125,0.15714285714285717,0.1285714285714286,0.22142857142857147
0.1288461538461539,0.0252227783203125,0.04217529296875,0.125,0.0,0.0,0.025,0.05,0.04285714285714286,0.09285714285714287,0.5750000000000002,0.2,0.0,0.125,0.15714285714285717,0.1285714285714286,0.22857142857142862
0.12980769230769235,0.025421142578125,0.042388916015625,0.125,0.0,0.0,0.025,0.05,0.04285714285714286,0.09285714285714287,0.5750000000000002,0.2,0.0,0.125,0.15714285714285717,0.1285714285714286,0.23571428571428577
0.1307692307692308,0.025604248046875,0.042633056640625,0.125,0.0,0.0,0.025,0.05,0.04285714285714286,0.09285714285714287,0.5750000000000002,0.2,0.0,0.125,0.15714285714285717,0.1285714285714286,0.2428571428571429
0.13173076923076926,0.0258026123046875,0.042938232421875,0.125,0.0,0.0,0.025,0.05,0.04285714285714286,0.10000000000000002,0.5750000000000002,0.2,0.0,0.125,0.15714285714285717,0.1285714285714286,0.2428571428571429
0.13269230769230772,0.0260009765625,0.04315185546875,0.125,0.0,0.0,0.025,0.05,0.04285714285714286,0.10000000000000002,0.5750000000000002,0.30000000000000004,0.0,0.125,0.15714285714285717,0.1285714285714286,0.2428571428571429
0.13365384615384618,0.0261993408203125,0.043426513671875,0.125,0.0,0.0,0.025,0.05,0.04285714285714286,0.10000000000000002,0.5750000000000002,0.30000000000000004,0.0,0.125,0.1642857142857143,0.1285714285714286,0.2428571428571429
0.13461538461538464,0.026397705078125,0.043701171875,0.125,0.0,0.0,0.025,0.05,0.04285714285714286,0.10000000000000002,0.5750000000000002,0.30000000000000004,0.0,0.125,0.17142857142857146,0.1285714285714286,0.2428571428571429
0.1355769230769231,0.0265960693359375,0.0439453125,0.125,0.0,0.0,0.025,0.05,0.04285714285714286,0.10000000000000002,0.5750000000000002,0.30000000000000004,0.0,0.125,0.1785714285714286,0.1285714285714286,0.2428571428571429
0.13653846153846155,0.02679443359375,0.044219970703125,0.125,0.0,0.0,0.025,0.05,0.04285714285714286,0.10000000000000002,0.5750000000000002,0.30000000000000004,0.0,0.125,0.18571428571428575,0.1285714285714286,0.2428571428571429
0.1375,0.0269927978515625,0.044464111328125,0.125,0.0,0.0,0.025,0.05,0.04285714285714286,0.10000000000000002,0.5750000000000002,0.30000000000000004,0.0,0.15,0.18571428571428575,0.1285714285714286,0.2428571428571429
0.13846153846153847,0.027191162109375,0.044708251953125,0.125,0.0,0.0,0.025,0.05,0.04285714285714286,0.10000000000000002,0.5750000000000002,0.30000000000000004,0.0,0.15,0.18571428571428575,0.13571428571428573,0.2428571428571429
0.13942307692307696,0.027374267578125,0.04498291015625,0.125,0.0,0.0,0.025,0.05,0.04285714285714286,0.10000000000000002,0.5750000000000002,0.30000000000000004,0.0,0.15,0.18571428571428575,0.13571428571428573,0.25000000000000006
0.14038461538461539,0.027557373046875,0.04522705078125,0.125,0.0,0.0,0.025,0.05,0.04285714285714286,0.10000000000000002,0.5750000000000002,0.30000000000000004,0.0,0.15,0.18571428571428575,0.13571428571428573,0.2571428571428572
0.14134615384615387,0.027740478515625,0.045440673828125,0.125,0.0,0.0,0.025,0.05,0.04285714285714286,0.10000000000000002,0.5750000000000002,0.30000000000000004,0.0,0.15,0.18571428571428575,0.13571428571428573,0.2642857142857143
0.1423076923076923,0.0279388427734375,0.04571533203125,0.15,0.0,0.0,0.025,0.05,0.04285714285714286,0.10000000000000002,0.5750000000000002,0.30000000000000004,0.0,0.15,0.18571428571428575,0.13571428571428573,0.2642857142857143
0.1432692307692308,0.02813720703125,0.04608154296875,0.15,0.0,0.0,0.025,0.05,0.04285714285714286,0.10000000000000002,0.5750000000000002,0.30000000000000004,0.0,0.15,0.18571428571428575,0.14285714285714288,0.2642857142857143
0.14423076923076922,0.0283355712890625,0.04638671875,0.15,0.0,0.0,0.025,0.05,0.04285714285714286,0.10000000000000002,0.5750000000000002,0.30000000000000004,0.0,0.15,0.1928571428571429,0.14285714285714288,0.2642857142857143
0.1451923076923077,0.028533935546875,0.046630859375,0.15,0.0,0.0,0.025,0.05,0.04285714285714286,0.10000000000000002,0.6000000000000002,0.30000000000000004,0.0,0.15,0.1928571428571429,0.14285714285714288,0.2642857142857143
0.14615384615384613,0.0287322998046875,0.046905517578125,0.15,0.0,0.0,0.025,0.05,0.04285714285714286,0.10000000000000002,0.6000000000000002,0.30000000000000004,0.0,0.15,0.1928571428571429,0.15000000000000002,0.2642857142857143
0.14711538461538462,0.0289154052734375,0.047119140625,0.15,0.0,0.0,0.025,0.05,0.04285714285714286,0.10000000000000002,0.6000000000000002,0.30000000000000004,0.0,0.15,0.1928571428571429,0.15000000000000002,0.2714285714285714
0.1480769230769231,0.02911376953125,0.047393798828125,0.15,0.0,0.0,0.025,0.05714285714285715,0.04285714285714286,0.10000000000000002,0.6000000000000002,0.30000000000000004,0.0,0.15,0.1928571428571429,0.15000000000000002,0.2714285714285714
0.14903846153846156,0.0293121337890625,0.04766845703125,0.15,0.0,0.0,0.025,0.05714285714285715,0.05,0.10000000000000002,0.6000000000000002,0.30000000000000004,0.0,0.15,0.1928571428571429,0.15000000000000002,0.2714285714285714
0.15000000000000002,0.029510498046875,0.047882080078125,0.15,0.0,0.0,0.025,0.05714285714285715,0.05,0.10714285714285716,0.6000000000000002,0.30000000000000004,0.0,0.15,0.1928571428571429,0.15000000000000002,0.2714285714285714
0.15096153846153848,0.0297088623046875,0.04815673828125,0.15,0.0,0.0,0.025,0.05714285714285715,0.05,0.10714285714285716,0.6000000000000002,0.30000000000000004,0.0,0.15,0.20000000000000004,0.15000000000000002,0.2714285714285714
0.15192307692307697,0.0298919677734375,0.04840087890625,0.15,0.0,0.0,0.025,0.05714285714285715,0.05,0.10714285714285716,0.6000000000000002,0.30000000000000004,0.0,0.15,0.20714285714285718,0.15000000000000002,0.2714285714285714
0.1528846153846154,0.03009033203125,0.048736572265625,0.15,0.0,0.0,0.025,0.05714285714285715,0.05,0.10714285714285716,0.6000000000000002,0.30000000000000004,0.0,0.15,0.20714285714285718,0.15714285714285717,0.2714285714285714
0.15384615384615385,0.0302734375,0.048980712890625,0.15,0.0,0.0,0.025,0.05714285714285715,0.05,0.10714285714285716,0.6000000000000002,0.30000000000000004,0.0,0.15,0.20714285714285718,0.15714285714285717,0.2785714285714285
0.15480769230769229,0.0304718017578125,0.049285888671875,0.15,0.0,0.0,0.025,0.05714285714285715,0.05,0.10714285714285716,0.6250000000000002,0.30000000000000004,0.0,0.15,0.20714285714285718,0.15714285714285717,0.2785714285714285
0.15576923076923077,0.030670166015625,0.049591064453125,0.15,0.0,0.0,0.025,0.05714285714285715,0.05,0.10714285714285716,0.6250000000000002,0.30000000000000004,0.0,0.175,0.20714285714285718,0.15714285714285717,0.2785714285714285
0.15673076923076923,0.0308685302734375,0.049774169921875,0.15,0.0,0.0,0.025,0.05714285714285715,0.05,0.10714285714285716,0.6250000000000002,0.30000000000000004,0.0,0.175,0.21428571428571433,0.15714285714285717,0.2785714285714285
0.15769230769230771,0.03106689453125,0.050079345703125,0.15,0.0,0.0,0.025,0.05714285714285715,0.05,0.10714285714285716,0.6250000000000002,0.30000000000000004,0.0,0.175,0.21428571428571433,0.1642857142857143,0.2785714285714285
0.15865384615384615,0.03125,0.05035400390625,0.15,0.0,0.0,0.025,0.05714285714285715,0.05,0.10714285714285716,0.6250000000000002,0.30000000000000004,0.0,0.175,0.21428571428571433,0.1642857142857143,0.28571428571428564
0.15961538461538463,0.031463623046875,0.05059814453125,0.175,0.0,0.0,0.025,0.05714285714285715,0.05,0.10714285714285716,0.6250000000000002,0.30000000000000004,0.0,0.175,0.21428571428571433,0.1642857142857143,0.28571428571428564
0.16057692307692312,0.03167724609375,0.05084228515625,0.175,0.0,0.0,0.025,0.0642857142857143,0.05,0.10714285714285716,0.6250000000000002,0.30000000000000004,0.0,0.175,0.21428571428571433,0.1642857142857143,0.28571428571428564
0.16153846153846155,0.0318603515625,0.05108642578125,0.175,0.0,0.0,0.025,0.0642857142857143,0.05,0.10714285714285716,0.6250000000000002,0.30000000000000004,0.0,0.175,0.21428571428571433,0.1642857142857143,0.29285714285714276
0.16250000000000003,0.032073974609375,0.051300048828125,0.175,0.0,0.0,0.05,0.0642857142857143,0.05,0.10714285714285716,0.6250000000000002,0.30000000000000004,0.0,0.175,0.21428571428571433,0.1642857142857143,0.29285714285714276
0.16346153846153846,0.03228759765625,0.051605224609375,0.175,0.0,0.0,0.05,0.0642857142857143,0.05,0.11428571428571431,0.6250000000000002,0.30000000000000004,0.0,0.175,0.21428571428571433,0.1642857142857143,0.29285714285714276
0.16442307692307695,0.032470703125,0.0518798828125,0.175,0.0,0.0,0.05,0.0642857142857143,0.05,0.11428571428571431,0.6250000000000002,0.30000000000000004,0.0,0.175,0.21428571428571433,0.1642857142857143,0.2999999999999999
0.16538461538461538,0.03265380859375,0.052154541015625,0.175,0.0,0.0,0.05,0.0642857142857143,0.05,0.11428571428571431,0.6250000000000002,0.30000000000000004,0.0,0.175,0.21428571428571433,0.1642857142857143,0.307142857142857
0.16634615384615387,0.032867431640625,0.052398681640625,0.175,0.0,0.0,0.05,0.0642857142857143,0.05,0.11428571428571431,0.6500000000000002,0.30000000000000004,0.0,0.175,0.21428571428571433,0.1642857142857143,0.307142857142857
0.1673076923076923,0.033050537109375,0.0526123046875,0.175,0.0,0.0,0.05,0.0642857142857143,0.05,0.11428571428571431,0.6500000000000002,0.30000000000000004,0.0,0.175,0.21428571428571433,0.1642857142857143,0.3142857142857141
0.16826923076923078,0.03326416015625,0.0528564453125,0.175,0.0,0.0,0.05,0.0642857142857143,0.05,0.12142857142857146,0.6500000000000002,0.30000000000000004,0.0,0.175,0.21428571428571433,0.1642857142857143,0.3142857142857141
0.1692307692307692,0.033477783203125,0.053131103515625,0.175,0.0,0.0,0.05,0.0642857142857143,0.05,0.12142857142857146,0.6500000000000002,0.30000000000000004,0.0,0.19999999999999998,0.21428571428571433,0.1642857142857143,0.3142857142857141
0.1701923076923077,0.033660888671875,0.053375244140625,0.175,0.0,0.0,0.05,0.0642857142857143,0.05,0.12142857142857146,0.6500000000000002,0.30000000000000004,0.0,0.19999999999999998,0.22142857142857147,0.1642857142857143,0.3142857142857141
0.17115384615384616,0.033843994140625,0.05364990234375,0.175,0.0,0.0,0.05,0.0642857142857143,0.05,0.12142857142857146,0.6500000000000002,0.30000000000000004,0.0,0.19999999999999998,0.22857142857142862,0.1642857142857143,0.3142857142857141
0.17211538461538461,0.034027099609375,0.05389404296875,0.175,0.0,0.0,0.05,0.0642857142857143,0.05,0.12142857142857146,0.6500000000000002,0.30000000000000004,0.0,0.19999999999999998,0.23571428571428577,0.1642857142857143,0.3142857142857141
0.17307692307692307,0.034210205078125,0.054107666015625,0.175,0.0,0.0,0.05,0.0642857142857143,0.05,0.12142857142857146,0.6500000000000002,0.30000000000000004,0.0,0.19999999999999998,0.23571428571428577,0.17142857142857146,0.3142857142857141
0.17403846153846153,0.034393310546875,0.054412841796875,0.175,0.0,0.0,0.05,0.0642857142857143,0.05,0.12142857142857146,0.6500000000000002,0.30000000000000004,0.0,0.19999999999999998,0.23571428571428577,0.1785714285714286,0.3142857142857141
0.175,0.034576416015625,0.0546875,0.175,0.0,0.0,0.05,0.0642857142857143,0.05,0.12142857142857146,0.6500000000000002,0.30000000000000004,0.0,0.19999999999999998,0.23571428571428577,0.18571428571428575,0.3142857142857141
0.17596153846153847,0.0347900390625,0.054901123046875,0.175,0.0,0.0,0.05,0.0642857142857143,0.05714285714285715,0.12142857142857146,0.6500000000000002,0.30000000000000004,0.0,0.19999999999999998,0.23571428571428577,0.18571428571428575,0.3142857142857141
0.17692307692307693,0.035003662109375,0.055206298828125,0.175,0.0,0.0,0.05,0.0642857142857143,0.05714285714285715,0.1285714285714286,0.6500000000000002,0.30000000000000004,0.0,0.19999999999999998,0.23571428571428577,0.18571428571428575,0.3142857142857141
0.1778846153846154,0.03521728515625,0.055419921875,0.175,0.0,0.0,0.05,0.0642857142857143,0.05714285714285715,0.1285714285714286,0.6750000000000003,0.30000000000000004,0.0,0.19999999999999998,0.23571428571428577,0.18571428571428575,0.3142857142857141
0.17884615384615385,0.035430908203125,0.05572509765625,0.175,0.0,0.0,0.05,0.0642857142857143,0.05714285714285715,0.1285714285714286,0.6750000000000003,0.30000000000000004,0.0,0.22499999999999998,0.23571428571428577,0.18571428571428575,0.3142857142857141
0.1798076923076923,0.035614013671875,0.05596923828125,0.175,0.0,0.0,0.05,0.0642857142857143,0.05714285714285715,0.1285714285714286,0.6750000000000003,0.30000000000000004,0.0,0.22499999999999998,0.23571428571428577,0.1928571428571429,0.3142857142857141
0.18076923076923077,0.03582763671875,0.056304931640625,0.175,0.0,0.0,0.05,0.0642857142857143,0.05714285714285715,0.1285714285714286,0.6750000000000003,0.30000000000000004,0.0,0.22499999999999998,0.2428571428571429,0.1928571428571429,0.3142857142857141
0.18173076923076922,0.0360107421875,0.056549072265625,0.175,0.0,0.0,0.05,0.0642857142857143,0.05714285714285715,0.1285714285714286,0.6750000000000003,0.30000000000000004,0.0,0.22499999999999998,0.25000000000000006,0.1928571428571429,0.3142857142857141
0.18269230769230768,0.03619384765625,0.0567626953125,0.175,0.0,0.0,0.05,0.0642857142857143,0.05714285714285715,0.1285714285714286,0.6750000000000003,0.30000000000000004,0.0,0.22499999999999998,0.2571428571428572,0.1928571428571429,0.3142857142857141
0.18365384615384617,0.036376953125,0.05706787109375,0.175,0.0,0.0,0.05,0.0642857142857143,0.05714285714285715,0.1285714285714286,0.6750000000000003,0.30000000000000004,0.0,0.22499999999999998,0.2571428571428572,0.1928571428571429,0.32142857142857123
0.1846153846153846,0.03656005859375,0.05731201171875,0.175,0.0,0.0,0.05,0.0642857142857143,0.05714285714285715,0.1285714285714286,0.6750000000000003,0.30000000000000004,0.0,0.22499999999999998,0.2571428571428572,0.1928571428571429,0.32857142857142835
0.18557692307692308,0.0367431640625,0.05755615234375,0.175,0.0,0.0,0.05,0.0642857142857143,0.05714285714285715,0.1285714285714286,0.6750000000000003,0.30000000000000004,0.0,0.22499999999999998,0.2571428571428572,0.1928571428571429,0.33571428571428547
0.18653846153846151,0.03692626953125,0.057830810546875,0.175,0.0,0.0,0.05,0.0642857142857143,0.05714285714285715,0.1285714285714286,0.6750000000000003,0.30000000000000004,0.0,0.22499999999999998,0.2571428571428572,0.1928571428571429,0.3428571428571426
0.18749999999999997,0.037139892578125,0.05804443359375,0.19999999999999998,0.0,0.0,0.05,0.0642857142857143,0.05714285714285715,0.1285714285714286,0.6750000000000003,0.30000000000000004,0.0,0.22499999999999998,0.2571428571428572,0.1928571428571429,0.3428571428571426
0.18846153846153843,0.037353515625,0.058319091796875,0.19999999999999998,0.0,0.0,0.05,0.0642857142857143,0.05714285714285715,0.1285714285714286,0.6750000000000003,0.30000000000000004,0.0,0.24999999999999997,0.2571428571428572,0.1928571428571429,0.3428571428571426
0.1894230769230769,0.037567138671875,0.058624267578125,0.19999999999999998,0.0,0.0,0.05,0.0642857142857143,0.05714285714285715,0.1285714285714286,0.6750000000000003,0.30000000000000004,0.0,0.24999999999999997,0.2642857142857143,0.1928571428571429,0.3428571428571426
0.19038461538461535,0.037750244140625,0.058929443359375,0.19999999999999998,0.0,0.0,0.05,0.0642857142857143,0.05714285714285715,0.1285714285714286,0.6750000000000003,0.30000000000000004,0.0,0.24999999999999997,0.2714285714285714,0.1928571428571429,0.3428571428571426
0.1913461538461538,0.037933349609375,0.05914306640625,0.19999999999999998,0.0,0.0,0.05,0.0642857142857143,0.05714285714285715,0.1285714285714286,0.6750000000000003,0.30000000000000004,0.0,0.24999999999999997,0.2785714285714285,0.1928571428571429,0.3428571428571426
0.19230769230769226,0.038116455078125,0.059356689453125,0.19999999999999998,0.0,0.0,0.05,0.0642857142857143,0.05714285714285715,0.1285714285714286,0.6750000000000003,0.30000000000000004,0.0,0.24999999999999997,0.2785714285714285,0.20000000000000004,0.3428571428571426
0.19326923076923072,0.038299560546875,0.05963134765625,0.19999999999999998,0.0,0.0,0.05,0.0642857142857143,0.05714285714285715,0.1285714285714286,0.6750000000000003,0.30000000000000004,0.0,0.24999999999999997,0.2785714285714285,0.20714285714285718,0.3428571428571426
0.19423076923076918,0.038482666015625,0.059844970703125,0.19999999999999998,0.0,0.0,0.05,0.0642857142857143,0.05714285714285715,0.1285714285714286,0.6750000000000003,0.30000000000000004,0.0,0.24999999999999997,0.28571428571428564,0.20714285714285718,0.3428571428571426
0.19519230769230766,0.0386962890625,0.060089111328125,0.19999999999999998,0.0,0.0,0.05,0.0642857142857143,0.0642857142857143,0.1285714285714286,0.6750000000000003,0.30000000000000004,0.0,0.24999999999999997,0.28571428571428564,0.20714285714285718,0.3428571428571426
0.19615384615384615,0.03887939453125,0.060394287109375,0.19999999999999998,0.0,0.0,0.05,0.0642857142857143,0.0642857142857143,0.1285714285714286,0.6750000000000003,0.30000000000000004,0.0,0.24999999999999997,0.28571428571428564,0.20714285714285718,0.3499999999999997
0.19711538461538458,0.039093017578125,0.060577392578125,0.19999999999999998,0.0,0.0,0.05,0.0642857142857143,0.0642857142857143,0.13571428571428573,0.6750000000000003,0.30000000000000004,0.0,0.24999999999999997,0.28571428571428564,0.20714285714285718,0.3499999999999997
0.198076923076923,0.039276123046875,0.06085205078125,0.19999999999999998,0.0,0.0,0.05,0.0642857142857143,0.0642857142857143,0.13571428571428573,0.6750000000000003,0.30000000000000004,0.0,0.24999999999999997,0.28571428571428564,0.21428571428571433,0.3499999999999997
0.1990384615384615,0.03948974609375,0.061187744140625,0.19999999999999998,0.0,0.0,0.05,0.0642857142857143,0.0642857142857143,0.13571428571428573,0.7000000000000003,0.30000000000000004,0.0,0.24999999999999997,0.28571428571428564,0.21428571428571433,0.3499999999999997
0.19999999999999998,0.0396728515625,0.061492919921875,0.19999999999999998,0.0,0.0,0.05,0.0642857142857143,0.0642857142857143,0.13571428571428573,0.7000000000000003,0.30000000000000004,0.0,0.24999999999999997,0.28571428571428564,0.21428571428571433,0.3571428571428568
0.2009615384615384,0.039886474609375,0.06170654296875,0.19999999999999998,0.0,0.0,0.07500000000000001,0.0642857142857143,0.0642857142857143,0.13571428571428573,0.7000000000000003,0.30000000000000004,0.0,0.24999999999999997,0.28571428571428564,0.21428571428571433,0.3571428571428568
0.2019230769230769,0.04010009765625,0.06195068359375,0.19999999999999998,0.0,0.0,0.07500000000000001,0.0642857142857143,0.0642857142857143,0.13571428571428573,0.7000000000000003,0.4,0.0,0.24999999999999997,0.28571428571428564,0.21428571428571433,0.3571428571428568
0.20288461538461536,0.040283203125,0.062225341796875,0.19999999999999998,0.0,0.0,0.07500000000000001,0.0642857142857143,0.0642857142857143,0.13571428571428573,0.7000000000000003,0.4,0.0,0.24999999999999997,0.29285714285714276,0.21428571428571433,0.3571428571428568
0.20384615384615382,0.04046630859375,0.062469482421875,0.19999999999999998,0.0,0.0,0.07500000000000001,0.0642857142857143,0.0642857142857143,0.13571428571428573,0.7000000000000003,0.4,0.0,0.24999999999999997,0.29285714285714276,0.21428571428571433,0.36428571428571394
0.20480769230769227,0.0406494140625,0.062744140625,0.19999999999999998,0.0,0.0,0.07500000000000001,0.0642857142857143,0.0642857142857143,0.13571428571428573,0.7000000000000003,0.4,0.0,0.24999999999999997,0.29285714285714276,0.21428571428571433,0.37142857142857105
0.20576923076923073,0.040863037109375,0.06292724609375,0.19999999999999998,0.0,0.0,0.07500000000000001,0.0642857142857143,0.0642857142857143,0.13571428571428573,0.7000000000000003,0.4,0.0,0.24999999999999997,0.2999999999999999,0.21428571428571433,0.37142857142857105
0.2067307692307692,0.041046142578125,0.06317138671875,0.19999999999999998,0.0,0.0,0.07500000000000001,0.0642857142857143,0.0642857142857143,0.13571428571428573,0.7000000000000003,0.4,0.0,0.24999999999999997,0.307142857142857,0.21428571428571433,0.37142857142857105
0.20769230769230768,0.041229248046875,0.06353759765625,0.19999999999999998,0.0,0.0,0.07500000000000001,0.0642857142857143,0.0642857142857143,0.13571428571428573,0.7000000000000003,0.4,0.0,0.24999999999999997,0.307142857142857,0.22142857142857147,0.37142857142857105
0.2086538461538461,0.041412353515625,0.063720703125,0.19999999999999998,0.0,0.0,0.07500000000000001,0.0642857142857143,0.0642857142857143,0.13571428571428573,0.7000000000000003,0.4,0.0,0.24999999999999997,0.307142857142857,0.22857142857142862,0.37142857142857105
0.2096153846153846,0.041595458984375,0.06396484375,0.19999999999999998,0.0,0.0,0.07500000000000001,0.0642857142857143,0.0642857142857143,0.13571428571428573,0.7000000000000003,0.4,0.0,0.24999999999999997,0.307142857142857,0.23571428571428577,0.37142857142857105
0.21057692307692302,0.041778564453125,0.06427001953125,0.19999999999999998,0.0,0.0,0.07500000000000001,0.0642857142857143,0.0642857142857143,0.13571428571428573,0.7000000000000003,0.4,0.0,0.24999999999999997,0.3142857142857141,0.23571428571428577,0.37142857142857105
0.21153846153846148,0.041961669921875,0.06451416015625,0.19999999999999998,0.0,0.0,0.07500000000000001,0.0642857142857143,0.0642857142857143,0.13571428571428573,0.7000000000000003,0.4,0.0,0.24999999999999997,0.3142857142857141,0.23571428571428577,0.37857142857142817
0.21249999999999994,0.04217529296875,0.06475830078125,0.19999999999999998,0.0,0.0,0.07500000000000001,0.07142857142857144,0.0642857142857143,0.13571428571428573,0.7000000000000003,0.4,0.0,0.24999999999999997,0.3142857142857141,0.23571428571428577,0.37857142857142817
0.21346153846153842,0.0423583984375,0.06500244140625,0.19999999999999998,0.0,0.0,0.07500000000000001,0.07857142857142858,0.0642857142857143,0.13571428571428573,0.7000000000000003,0.4,0.0,0.24999999999999997,0.3142857142857141,0.23571428571428577,0.37857142857142817
0.21442307692307688,0.04254150390625,0.06524658203125,0.19999999999999998,0.0,0.0,0.07500000000000001,0.07857142857142858,0.0642857142857143,0.13571428571428573,0.7000000000000003,0.4,0.0,0.24999999999999997,0.3142857142857141,0.23571428571428577,0.3857142857142853
0.21538461538461534,0.042755126953125,0.0655517578125,0.19999999999999998,0.0,0.0,0.07500000000000001,0.07857142857142858,0.0642857142857143,0.14285714285714288,0.7000000000000003,0.4,0.0,0.24999999999999997,0.3142857142857141,0.23571428571428577,0.3857142857142853
0.2163461538461538,0.04296875,0.0657958984375,0.19999999999999998,0.0,0.0,0.07500000000000001,0.07857142857142858,0.0642857142857143,0.14285714285714288,0.7000000000000003,0.4,0.0,0.27499999999999997,0.3142857142857141,0.23571428571428577,0.3857142857142853
0.21730769230769226,0.043182373046875,0.06610107421875,0.22499999999999998,0.0,0.0,0.07500000000000001,0.07857142857142858,0.0642857142857143,0.14285714285714288,0.7000000000000003,0.4,0.0,0.27499999999999997,0.3142857142857141,0.23571428571428577,0.3857142857142853
0.2182692307692307,0.043365478515625,0.0662841796875,0.22499999999999998,0.0,0.0,0.07500000000000001,0.07857142857142858,0.0642857142857143,0.14285714285714288,0.7000000000000003,0.4,0.0,0.27499999999999997,0.3142857142857141,0.23571428571428577,0.3928571428571424
0.21923076923076917,0.0435791015625,0.06658935546875,0.22499999999999998,0.0,0.0,0.07500000000000001,0.07857142857142858,0.0642857142857143,0.14285714285714288,0.7000000000000003,0.4,0.0,0.27499999999999997,0.32142857142857123,0.23571428571428577,0.3928571428571424
0.2201923076923076,0.04376220703125,0.06683349609375,0.22499999999999998,0.0,0.0,0.07500000000000001,0.07857142857142858,0.0642857142857143,0.14285714285714288,0.7000000000000003,0.4,0.0,0.27499999999999997,0.32857142857142835,0.23571428571428577,0.3928571428571424
0.2211538461538461,0.0439453125,0.06707763671875,0.22499999999999998,0.0,0.0,0.07500000000000001,0.07857142857142858,0.0642857142857143,0.14285714285714288,0.7000000000000003,0.4,0.0,0.27499999999999997,0.33571428571428547,0.23571428571428577,0.3928571428571424
0.22211538461538452,0.044158935546875,0.0673828125,0.22499999999999998,0.0,0.0,0.07500000000000001,0.07857142857142858,0.0642857142857143,0.14285714285714288,0.7000000000000003,0.4,0.0,0.27499999999999997,0.3428571428571426,0.23571428571428577,0.3928571428571424
0.223076923076923,0.044342041015625,0.06768798828125,0.22499999999999998,0.0,0.0,0.07500000000000001,0.07857142857142858,0.0642857142857143,0.14285714285714288,0.7000000000000003,0.4,0.0,0.27499999999999997,0.3499999999999997,0.23571428571428577,0.3928571428571424
0.22403846153846146,0.044525146484375,0.06787109375,0.22499999999999998,0.0,0.0,0.07500000000000001,0.07857142857142858,0.0642857142857143,0.14285714285714288,0.7000000000000003,0.4,0.0,0.27499999999999997,0.3499999999999997,0.23571428571428577,0.3999999999999995
0.22499999999999992,0.044708251953125,0.068115234375,0.22499999999999998,0.0,0.0,0.07500000000000001,0.07857142857142858,0.0642857142857143,0.14285714285714288,0.7000000000000003,0.4,0.0,0.27499999999999997,0.3499999999999997,0.23571428571428577,0.40714285714285664
0.22596153846153835,0.044921875,0.068359375,0.22499999999999998,0.1,0.0,0.07500000000000001,0.07857142857142858,0.0642857142857143,0.14285714285714288,0.7000000000000003,0.4,0.0,0.27499999999999997,0.3499999999999997,0.23571428571428577,0.40714285714285664
0.22692307692307684,0.04510498046875,0.06866455078125,0.22499999999999998,0.1,0.0,0.07500000000000001,0.07857142857142858,0.0642857142857143,0.14285714285714288,0.7000000000000003,0.4,0.0,0.27499999999999997,0.3499999999999997,0.23571428571428577,0.41428571428571376
0.2278846153846153,0.045318603515625,0.06890869140625,0.22499999999999998,0.1,0.0,0.1,0.07857142857142858,0.0642857142857143,0.14285714285714288,0.7000000000000003,0.4,0.0,0.27499999999999997,0.3499999999999997,0.23571428571428577,0.41428571428571376
0.22884615384615375,0.0455322265625,0.06915283203125,0.22499999999999998,0.1,0.0,0.1,0.08571428571428573,0.0642857142857143,0.14285714285714288,0.7000000000000003,0.4,0.0,0.27499999999999997,0.3499999999999997,0.23571428571428577,0.41428571428571376
0.2298076923076922,0.045745849609375,0.06939697265625,0.22499999999999998,0.1,0.0,0.1,0.09285714285714287,0.0642857142857143,0.14285714285714288,0.7000000000000003,0.4,0.0,0.27499999999999997,0.3499999999999997,0.23571428571428577,0.41428571428571376
0.2307692307692307,0.04595947265625,0.06964111328125,0.22499999999999998,0.1,0.0,0.1,0.09285714285714287,0.0642857142857143,0.15000000000000002,0.7000000000000003,0.4,0.0,0.27499999999999997,0.3499999999999997,0.23571428571428577,0.41428571428571376
0.23173076923076918,0.046142578125,0.07000732421875,0.22499999999999998,0.1,0.0,0.1,0.09285714285714287,0.0642857142857143,0.15000000000000002,0.7000000000000003,0.4,0.0,0.27499999999999997,0.3499999999999997,0.2428571428571429,0.41428571428571376
0.23269230769230762,0.04632568359375,0.07025146484375,0.22499999999999998,0.1,0.0,0.1,0.09285714285714287,0.0642857142857143,0.15000000000000002,0.7000000000000003,0.4,0.0,0.27499999999999997,0.3499999999999997,0.25000000000000006,0.41428571428571376
0.23365384615384605,0.0465087890625,0.07049560546875,0.22499999999999998,0.1,0.0,0.1,0.09285714285714287,0.0642857142857143,0.15000000000000002,0.7000000000000003,0.4,0.0,0.3,0.3499999999999997,0.25000000000000006,0.41428571428571376
0.23461538461538453,0.04669189453125,0.07073974609375,0.22499999999999998,0.1,0.0,0.1,0.09285714285714287,0.0642857142857143,0.15000000000000002,0.7000000000000003,0.4,0.0,0.3,0.3499999999999997,0.2571428571428572,0.41428571428571376
0.23557692307692296,0.046875,0.07098388671875,0.22499999999999998,0.1,0.0,0.1,0.09285714285714287,0.0642857142857143,0.15000000000000002,0.7000000000000003,0.4,0.0,0.3,0.3499999999999997,0.2642857142857143,0.41428571428571376
0.23653846153846145,0.04705810546875,0.07122802734375,0.22499999999999998,0.1,0.0,0.1,0.09285714285714287,0.0642857142857143,0.15000000000000002,0.7000000000000003,0.4,0.0,0.3,0.3499999999999997,0.2714285714285714,0.41428571428571376
0.23749999999999988,0.0472412109375,0.071533203125,0.22499999999999998,0.1,0.0,0.1,0.09285714285714287,0.0642857142857143,0.15000000000000002,0.7000000000000003,0.4,0.0,0.3,0.3499999999999997,0.2785714285714285,0.41428571428571376
0.23846153846153836,0.04742431640625,0.07177734375,0.22499999999999998,0.1,0.0,0.1,0.09285714285714287,0.0642857142857143,0.15000000000000002,0.7000000000000003,0.4,0.0,0.3,0.3571428571428568,0.2785714285714285,0.41428571428571376
0.2394230769230768,0.047607421875,0.072021484375,0.22499999999999998,0.1,0.0,0.1,0.09285714285714287,0.0642857142857143,0.15000000000000002,0.7000000000000003,0.4,0.0,0.3,0.3571428571428568,0.2785714285714285,0.4214285714285709
0.24038461538461525,0.047821044921875,0.072265625,0.24999999999999997,0.1,0.0,0.1,0.09285714285714287,0.0642857142857143,0.15000000000000002,0.7000000000000003,0.4,0.0,0.3,0.3571428571428568,0.2785714285714285,0.4214285714285709
0.2413461538461537,0.048004150390625,0.072509765625,0.24999999999999997,0.1,0.0,0.1,0.09285714285714287,0.0642857142857143,0.15000000000000002,0.7000000000000003,0.4,0.0,0.3,0.36428571428571394,0.2785714285714285,0.4214285714285709
0.2423076923076922,0.048187255859375,0.07269287109375,0.24999999999999997,0.1,0.0,0.1,0.09285714285714287,0.0642857142857143,0.15000000000000002,0.7000000000000003,0.4,0.0,0.3,0.36428571428571394,0.2785714285714285,0.428571428571428
0.24326923076923063,0.04840087890625,0.07293701171875,0.24999999999999997,0.1,0.0,0.1,0.09285714285714287,0.0642857142857143,0.15714285714285717,0.7000000000000003,0.4,0.0,0.3,0.36428571428571394,0.2785714285714285,0.428571428571428
0.2442307692307691,0.048583984375,0.0732421875,0.24999999999999997,0.1,0.0,0.1,0.09285714285714287,0.0642857142857143,0.15714285714285717,0.7000000000000003,0.4,0.0,0.3,0.36428571428571394,0.28571428571428564,0.428571428571428
0.24519230769230754,0.04876708984375,0.07354736328125,0.24999999999999997,0.1,0.0,0.1,0.09285714285714287,0.0642857142857143,0.15714285714285717,0.7000000000000003,0.4,0.0,0.3,0.36428571428571394,0.29285714285714276,0.428571428571428
0.24615384615384603,0.048980712890625,0.07373046875,0.24999999999999997,0.1,0.0,0.1,0.09285714285714287,0.0642857142857143,0.1642857142857143,0.7000000000000003,0.4,0.0,0.3,0.36428571428571394,0.29285714285714276,0.428571428571428
0.24711538461538451,0.049163818359375,0.07403564453125,0.24999999999999997,0.1,0.0,0.1,0.09285714285714287,0.0642857142857143,0.1642857142857143,0.7000000000000003,0.4,0.0,0.3,0.36428571428571394,0.2999999999999999,0.428571428571428
0.24807692307692294,0.049346923828125,0.07427978515625,0.24999999999999997,0.1,0.0,0.1,0.09285714285714287,0.0642857142857143,0.1642857142857143,0.7000000000000003,0.4,0.0,0.3,0.36428571428571394,0.2999999999999999,0.4357142857142851
0.24903846153846143,0.049560546875,0.074462890625,0.24999999999999997,0.1,0.0,0.1,0.10000000000000002,0.0642857142857143,0.1642857142857143,0.7000000000000003,0.4,0.0,0.3,0.36428571428571394,0.2999999999999999,0.4357142857142851
0.2499999999999999,0.04974365234375,0.07476806640625,0.24999999999999997,0.1,0.0,0.1,0.10000000000000002,0.0642857142857143,0.1642857142857143,0.7000000000000003,0.4,0.0,0.3,0.36428571428571394,0.2999999999999999,0.4428571428571422
0.25096153846153835,0.049957275390625,0.07501220703125,0.24999999999999997,0.1,0.0,0.1,0.10000000000000002,0.0642857142857143,0.1642857142857143,0.7250000000000003,0.4,0.0,0.3,0.36428571428571394,0.2999999999999999,0.4428571428571422
0.25192307692307686,0.050140380859375,0.0751953125,0.24999999999999997,0.1,0.0,0.1,0.10000000000000002,0.0642857142857143,0.1642857142857143,0.7250000000000003,0.4,0.0,0.325,0.36428571428571394,0.2999999999999999,0.4428571428571422
0.25288461538461526,0.05035400390625,0.07550048828125,0.24999999999999997,0.1,0.0,0.125,0.10000000000000002,0.0642857142857143,0.1642857142857143,0.7250000000000003,0.4,0.0,0.325,0.36428571428571394,0.2999999999999999,0.4428571428571422
0.2538461538461538,0.050567626953125,0.07574462890625,0.24999999999999997,0.1,0.0,0.125,0.10000000000000002,0.0642857142857143,0.1642857142857143,0.7500000000000003,0.4,0.0,0.325,0.36428571428571394,0.2999999999999999,0.4428571428571422
0.2548076923076922,0.050750732421875,0.075927734375,0.24999999999999997,0.1,0.0,0.125,0.10000000000000002,0.0642857142857143,0.1642857142857143,0.7500000000000003,0.4,0.0,0.325,0.37142857142857105,0.2999999999999999,0.4428571428571422
0.2557692307692307,0.050933837890625,0.076171875,0.24999999999999997,0.1,0.0,0.125,0.10000000000000002,0.0642857142857143,0.1642857142857143,0.7500000000000003,0.4,0.0,0.325,0.37857142857142817,0.2999999999999999,0.4428571428571422
0.2567307692307691,0.051116943359375,0.07647705078125,0.24999999999999997,0.1,0.0,0.125,0.10000000000000002,0.0642857142857143,0.1642857142857143,0.7500000000000003,0.4,0.0,0.325,0.37857142857142817,0.307142857142857,0.4428571428571422
0.2576923076923076,0.051300048828125,0.07672119140625,0.24999999999999997,0.1,0.0,0.125,0.10000000000000002,0.0642857142857143,0.1642857142857143,0.7500000000000003,0.4,0.0,0.325,0.37857142857142817,0.3142857142857141,0.4428571428571422
0.258653846153846,0.051483154296875,0.0770263671875,0.24999999999999997,0.1,0.0,0.125,0.10000000000000002,0.0642857142857143,0.1642857142857143,0.7500000000000003,0.4,0.0,0.325,0.37857142857142817,0.3142857142857141,0.44999999999999934
0.25961538461538447,0.05169677734375,0.07733154296875,0.24999999999999997,0.1,0.0,0.125,0.10000000000000002,0.07142857142857144,0.1642857142857143,0.7500000000000003,0.4,0.0,0.325,0.37857142857142817,0.3142857142857141,0.44999999999999934
0.26057692307692293,0.0518798828125,0.0775146484375,0.24999999999999997,0.1,0.0,0.125,0.10000000000000002,0.07857142857142858,0.1642857142857143,0.7500000000000003,0.4,0.0,0.325,0.37857142857142817,0.3142857142857141,0.44999999999999934
0.2615384615384614,0.05206298828125,0.0777587890625,0.24999999999999997,0.1,0.0,0.125,0.10000000000000002,0.07857142857142858,0.1642857142857143,0.7500000000000003,0.4,0.0,0.325,0.37857142857142817,0.32142857142857123,0.44999999999999934
0.26249999999999984,0.052276611328125,0.0780029296875,0.24999999999999997,0.1,0.0,0.125,0.10000000000000002,0.07857142857142858,0.1642857142857143,0.7500000000000003,0.4,0.0,0.325,0.3857142857142853,0.32142857142857123,0.44999999999999934
0.2634615384615383,0.052459716796875,0.0782470703125,0.24999999999999997,0.1,0.0,0.125,0.10000000000000002,0.07857142857142858,0.1642857142857143,0.7500000000000003,0.4,0.0,0.325,0.3928571428571424,0.32142857142857123,0.44999999999999934
0.26442307692307676,0.052642822265625,0.07843017578125,0.24999999999999997,0.1,0.0,0.125,0.10000000000000002,0.07857142857142858,0.1642857142857143,0.7500000000000003,0.4,0.0,0.325,0.3928571428571424,0.32857142857142835,0.44999999999999934
0.2653846153846152,0.052825927734375,0.0787353515625,0.24999999999999997,0.1,0.0,0.125,0.10000000000000002,0.07857142857142858,0.1642857142857143,0.7500000000000003,0.4,0.0,0.325,0.3928571428571424,0.33571428571428547,0.44999999999999934
0.2663461538461537,0.053009033203125,0.0789794921875,0.24999999999999997,0.1,0.0,0.125,0.10000000000000002,0.07857142857142858,0.1642857142857143,0.7500000000000003,0.4,0.0,0.325,0.3928571428571424,0.3428571428571426,0.44999999999999934
0.26730769230769214,0.05322265625,0.0792236328125,0.24999999999999997,0.1,0.0,0.125,0.10000000000000002,0.08571428571428573,0.1642857142857143,0.7500000000000003,0.4,0.0,0.325,0.3928571428571424,0.3428571428571426,0.44999999999999934
0.2682692307692306,0.053436279296875,0.0794677734375,0.24999999999999997,0.1,0.0,0.125,0.10000000000000002,0.08571428571428573,0.17142857142857146,0.7500000000000003,0.4,0.0,0.325,0.3928571428571424,0.3428571428571426,0.44999999999999934
0.26923076923076905,0.05364990234375,0.0797119140625,0.24999999999999997,0.1,0.0,0.125,0.10000000000000002,0.08571428571428573,0.17142857142857146,0.7500000000000003,0.4,0.0,0.35000000000000003,0.3928571428571424,0.3428571428571426,0.44999999999999934
0.2701923076923075,0.0538330078125,0.0799560546875,0.24999999999999997,0.1,0.0,0.125,0.10000000000000002,0.08571428571428573,0.17142857142857146,0.7500000000000003,0.4,0.0,0.35000000000000003,0.3928571428571424,0.3499999999999997,0.44999999999999934
0.27115384615384597,0.054046630859375,0.0802001953125,0.24999999999999997,0.1,0.0,0.125,0.10000000000000002,0.08571428571428573,0.17142857142857146,0.7500000000000003,0.4,0.0,0.35000000000000003,0.3999999999999995,0.3499999999999997,0.44999999999999934
0.2721153846153844,0.054229736328125,0.08050537109375,0.24999999999999997,0.1,0.0,0.125,0.10000000000000002,0.08571428571428573,0.17142857142857146,0.7500000000000003,0.4,0.0,0.35000000000000003,0.40714285714285664,0.3499999999999997,0.44999999999999934
0.2730769230769229,0.054412841796875,0.08074951171875,0.24999999999999997,0.1,0.0,0.125,0.10000000000000002,0.08571428571428573,0.17142857142857146,0.7500000000000003,0.4,0.0,0.35000000000000003,0.41428571428571376,0.3499999999999997,0.44999999999999934
0.27403846153846134,0.054595947265625,0.08099365234375,0.24999999999999997,0.1,0.0,0.125,0.10000000000000002,0.08571428571428573,0.17142857142857146,0.7500000000000003,0.4,0.0,0.35000000000000003,0.41428571428571376,0.3571428571428568,0.44999999999999934
0.27499999999999986,0.054779052734375,0.08123779296875,0.24999999999999997,0.1,0.0,0.125,0.10000000000000002,0.08571428571428573,0.17142857142857146,0.7500000000000003,0.4,0.0,0.35000000000000003,0.41428571428571376,0.3571428571428568,0.45714285714285646
0.27596153846153826,0.054962158203125,0.08148193359375,0.24999999999999997,0.1,0.0,0.125,0.10000000000000002,0.08571428571428573,0.17142857142857146,0.7500000000000003,0.4,0.0,0.35000000000000003,0.41428571428571376,0.3571428571428568,0.4642857142857136
0.27692307692307677,0.055145263671875,0.08172607421875,0.24999999999999997,0.1,0.0,0.125,0.10000000000000002,0.08571428571428573,0.17142857142857146,0.7500000000000003,0.4,0.0,0.35000000000000003,0.41428571428571376,0.3571428571428568,0.4714285714285707
0.2778846153846152,0.055328369140625,0.08203125,0.24999999999999997,0.1,0.0,0.125,0.10000000000000002,0.08571428571428573,0.17142857142857146,0.7500000000000003,0.4,0.0,0.35000000000000003,0.41428571428571376,0.36428571428571394,0.4714285714285707
0.2788461538461537,0.0555419921875,0.08233642578125,0.27499999999999997,0.1,0.0,0.125,0.10000000000000002,0.08571428571428573,0.17142857142857146,0.7500000000000003,0.4,0.0,0.35000000000000003,0.41428571428571376,0.36428571428571394,0.4714285714285707
0.2798076923076921,0.05572509765625,0.0826416015625,0.27499999999999997,0.1,0.0,0.125,0.10000000000000002,0.08571428571428573,0.17142857142857146,0.7500000000000003,0.4,0.0,0.35000000000000003,0.41428571428571376,0.36428571428571394,0.4785714285714278
0.2807692307692306,0.055908203125,0.08294677734375,0.27499999999999997,0.1,0.0,0.125,0.10000000000000002,0.08571428571428573,0.17142857142857146,0.7500000000000003,0.4,0.0,0.35000000000000003,0.41428571428571376,0.36428571428571394,0.48571428571428493
0.28173076923076906,0.05609130859375,0.08319091796875,0.27499999999999997,0.1,0.0,0.125,0.10000000000000002,0.08571428571428573,0.17142857142857146,0.7500000000000003,0.4,0.0,0.35000000000000003,0.41428571428571376,0.37142857142857105,0.48571428571428493
0.2826923076923075,0.0562744140625,0.0833740234375,0.27499999999999997,0.1,0.0,0.125,0.10000000000000002,0.08571428571428573,0.17142857142857146,0.7500000000000003,0.4,0.0,0.35000000000000003,0.41428571428571376,0.37857142857142817,0.48571428571428493
0.2836538461538459,0.056488037109375,0.08367919921875,0.27499999999999997,0.1,0.0,0.15,0.10000000000000002,0.08571428571428573,0.17142857142857146,0.7500000000000003,0.4,0.0,0.35000000000000003,0.41428571428571376,0.37857142857142817,0.48571428571428493
0.28461538461538444,0.05670166015625,0.0838623046875,0.27499999999999997,0.1,0.0,0.15,0.10000000000000002,0.09285714285714287,0.17142857142857146,0.7500000000000003,0.4,0.0,0.35000000000000003,0.41428571428571376,0.37857142857142817,0.48571428571428493
0.28557692307692284,0.056884765625,0.0841064453125,0.27499999999999997,0.1,0.0,0.15,0.10000000000000002,0.09285714285714287,0.17142857142857146,0.7500000000000003,0.4,0.0,0.35000000000000003,0.41428571428571376,0.37857142857142817,0.49285714285714205
0.2865384615384613,0.057098388671875,0.0843505859375,0.27499999999999997,0.1,0.0,0.15,0.10000000000000002,0.09285714285714287,0.1785714285714286,0.7500000000000003,0.4,0.0,0.35000000000000003,0.41428571428571376,0.37857142857142817,0.49285714285714205
0.28749999999999976,0.05731201171875,0.08465576171875,0.3,0.1,0.0,0.15,0.10000000000000002,0.09285714285714287,0.1785714285714286,0.7500000000000003,0.4,0.0,0.35000000000000003,0.41428571428571376,0.37857142857142817,0.49285714285714205
0.28846153846153827,0.057525634765625,0.08489990234375,0.3,0.1,0.0,0.15,0.10000000000000002,0.09285714285714287,0.1785714285714286,0.7500000000000003,0.4,0.0,0.37500000000000006,0.41428571428571376,0.37857142857142817,0.49285714285714205
0.28942307692307667,0.0577392578125,0.08514404296875,0.3,0.1,0.0,0.15,0.10000000000000002,0.09285714285714287,0.1785714285714286,0.7500000000000003,0.4,0.0,0.37500000000000006,0.4214285714285709,0.37857142857142817,0.49285714285714205
0.2903846153846152,0.05792236328125,0.08538818359375,0.3,0.1,0.0,0.15,0.10000000000000002,0.09285714285714287,0.1785714285714286,0.7500000000000003,0.4,0.0,0.37500000000000006,0.428571428571428,0.37857142857142817,0.49285714285714205
0.2913461538461536,0.05810546875,0.08563232421875,0.3,0.1,0.0,0.15,0.10000000000000002,0.09285714285714287,0.1785714285714286,0.7500000000000003,0.4,0.0,0.37500000000000006,0.4357142857142851,0.37857142857142817,0.49285714285714205
0.2923076923076921,0.05828857421875,0.08587646484375,0.3,0.1,0.0,0.15,0.10000000000000002,0.09285714285714287,0.1785714285714286,0.7500000000000003,0.4,0.0,0.37500000000000006,0.4428571428571422,0.37857142857142817,0.49285714285714205
0.2932692307692305,0.0584716796875,0.086181640625,0.3,0.1,0.0,0.15,0.10000000000000002,0.09285714285714287,0.1785714285714286,0.7500000000000003,0.4,0.0,0.37500000000000006,0.44999999999999934,0.37857142857142817,0.49285714285714205
0.294230769230769,0.05865478515625,0.08636474609375,0.3,0.1,0.0,0.15,0.10000000000000002,0.09285714285714287,0.1785714285714286,0.7500000000000003,0.4,0.0,0.37500000000000006,0.45714285714285646,0.37857142857142817,0.49285714285714205
0.2951923076923074,0.058837890625,0.08660888671875,0.3,0.1,0.0,0.15,0.10000000000000002,0.09285714285714287,0.1785714285714286,0.7500000000000003,0.4,0.0,0.37500000000000006,0.4642857142857136,0.37857142857142817,0.49285714285714205
0.29615384615384593,0.05902099609375,0.08685302734375,0.3,0.1,0.0,0.15,0.10000000000000002,0.09285714285714287,0.1785714285714286,0.7500000000000003,0.4,0.0,0.37500000000000006,0.4642857142857136,0.37857142857142817,0.49999999999999917
0.2971153846153844,0.059234619140625,0.087158203125,0.3,0.1,0.0,0.15,0.10000000000000002,0.10000000000000002,0.1785714285714286,0.7500000000000003,0.4,0.0,0.37500000000000006,0.4642857142857136,0.37857142857142817,0.49999999999999917
0.29807692307692285,0.059417724609375,0.08740234375,0.3,0.1,0.0,0.15,0.10000000000000002,0.10000000000000002,0.1785714285714286,0.7500000000000003,0.4,0.0,0.37500000000000006,0.4642857142857136,0.37857142857142817,0.5071428571428563
0.2990384615384613,0.059600830078125,0.087646484375,0.3,0.1,0.0,0.15,0.10000000000000002,0.10000000000000002,0.1785714285714286,0.7500000000000003,0.4,0.0,0.37500000000000006,0.4642857142857136,0.37857142857142817,0.5142857142857135
0.29999999999999977,0.059783935546875,0.08795166015625,0.3,0.1,0.0,0.15,0.10000000000000002,0.10000000000000002,0.1785714285714286,0.7500000000000003,0.4,0.0,0.37500000000000006,0.4642857142857136,0.37857142857142817,0.5214285714285706
0.3009615384615382,0.05999755859375,0.08819580078125,0.3,0.1,0.0,0.15,0.10000000000000002,0.10000000000000002,0.1785714285714286,0.7500000000000003,0.5,0.0,0.37500000000000006,0.4642857142857136,0.37857142857142817,0.5214285714285706
0.3019230769230767,0.060211181640625,0.08843994140625,0.3,0.1,0.0,0.15,0.10000000000000002,0.10000000000000002,0.1785714285714286,0.7500000000000003,0.5,0.0,0.37500000000000006,0.4642857142857136,0.3857142857142853,0.5214285714285706
0.3028846153846151,0.060394287109375,0.088623046875,0.3,0.1,0.0,0.15,0.10000000000000002,0.10000000000000002,0.1785714285714286,0.7500000000000003,0.5,0.0,0.37500000000000006,0.4642857142857136,0.3928571428571424,0.5214285714285706
0.3038461538461536,0.060577392578125,0.08892822265625,0.3,0.1,0.0,0.15,0.10000000000000002,0.10000000000000002,0.1785714285714286,0.7500000000000003,0.5,0.0,0.37500000000000006,0.4642857142857136,0.3928571428571424,0.5285714285714277
0.30480769230769206,0.060760498046875,0.08917236328125,0.3,0.1,0.0,0.15,0.10000000000000002,0.10000000000000002,0.1785714285714286,0.7500000000000003,0.5,0.0,0.37500000000000006,0.4642857142857136,0.3928571428571424,0.5357142857142848
0.3057692307692305,0.06097412109375,0.08953857421875,0.3,0.1,0.0,0.15,0.10000000000000002,0.10000000000000002,0.18571428571428575,0.7500000000000003,0.5,0.0,0.37500000000000006,0.4642857142857136,0.3928571428571424,0.5357142857142848
0.30673076923076903,0.061187744140625,0.08978271484375,0.3,0.1,0.0,0.15,0.10000000000000002,0.10000000000000002,0.1928571428571429,0.7500000000000003,0.5,0.0,0.37500000000000006,0.4642857142857136,0.3928571428571424,0.5357142857142848
0.30769230769230743,0.0614013671875,0.09002685546875,0.3,0.1,0.0,0.175,0.10000000000000002,0.10000000000000002,0.1928571428571429,0.7500000000000003,0.5,0.0,0.37500000000000006,0.4642857142857136,0.3928571428571424,0.5357142857142848
0.3086538461538459,0.061614990234375,0.09033203125,0.3,0.1,0.0,0.175,0.10000000000000002,0.10000000000000002,0.1928571428571429,0.7750000000000004,0.5,0.0,0.37500000000000006,0.4642857142857136,0.3928571428571424,0.5357142857142848
0.30961538461538435,0.06182861328125,0.090576171875,0.3,0.1,0.0,0.175,0.10000000000000002,0.10000000000000002,0.1928571428571429,0.7750000000000004,0.5,0.0,0.4000000000000001,0.4642857142857136,0.3928571428571424,0.5357142857142848
0.31057692307692286,0.062042236328125,0.0908203125,0.3,0.1,0.0,0.175,0.10000000000000002,0.10000000000000002,0.1928571428571429,0.7750000000000004,0.5,0.0,0.4000000000000001,0.4714285714285707,0.3928571428571424,0.5357142857142848
0.31153846153846126,0.062225341796875,0.09112548828125,0.3,0.1,0.0,0.175,0.10000000000000002,0.10000000000000002,0.1928571428571429,0.7750000000000004,0.5,0.0,0.4000000000000001,0.4785714285714278,0.3928571428571424,0.5357142857142848
0.3124999999999997,0.062408447265625,0.09130859375,0.3,0.1,0.0,0.175,0.10000000000000002,0.10000000000000002,0.1928571428571429,0.7750000000000004,0.5,0.0,0.4000000000000001,0.48571428571428493,0.3928571428571424,0.5357142857142848
0.3134615384615382,0.0626220703125,0.091552734375,0.325,0.1,0.0,0.175,0.10000000000000002,0.10000000000000002,0.1928571428571429,0.7750000000000004,0.5,0.0,0.4000000000000001,0.48571428571428493,0.3928571428571424,0.5357142857142848
0.3144230769230767,0.0628662109375,0.091796875,0.35000000000000003,0.1,0.0,0.175,0.10000000000000002,0.10000000000000002,0.1928571428571429,0.7750000000000004,0.5,0.0,0.4000000000000001,0.48571428571428493,0.3928571428571424,0.5357142857142848
0.3153846153846151,0.06304931640625,0.09210205078125,0.35000000000000003,0.1,0.0,0.175,0.10000000000000002,0.10000000000000002,0.1928571428571429,0.7750000000000004,0.5,0.0,0.4000000000000001,0.48571428571428493,0.3928571428571424,0.5428571428571419
0.31634615384615355,0.063232421875,0.09234619140625,0.35000000000000003,0.1,0.0,0.175,0.10000000000000002,0.10000000000000002,0.1928571428571429,0.7750000000000004,0.5,0.0,0.4000000000000001,0.48571428571428493,0.3928571428571424,0.549999999999999
0.317307692307692,0.0634765625,0.09259033203125,0.35000000000000003,0.2,0.0,0.175,0.10000000000000002,0.10000000000000002,0.1928571428571429,0.7750000000000004,0.5,0.0,0.4000000000000001,0.48571428571428493,0.3928571428571424,0.549999999999999
0.3182692307692305,0.063720703125,0.09283447265625,0.35000000000000003,0.2,0.0,0.19999999999999998,0.10000000000000002,0.10000000000000002,0.1928571428571429,0.7750000000000004,0.5,0.0,0.4000000000000001,0.48571428571428493,0.3928571428571424,0.549999999999999
0.319230769230769,0.06390380859375,0.093017578125,0.35000000000000003,0.2,0.0,0.19999999999999998,0.10000000000000002,0.10000000000000002,0.1928571428571429,0.7750000000000004,0.5,0.0,0.4000000000000001,0.48571428571428493,0.3999999999999995,0.549999999999999
0.3201923076923074,0.0640869140625,0.09332275390625,0.35000000000000003,0.2,0.0,0.19999999999999998,0.10000000000000002,0.10000000000000002,0.1928571428571429,0.7750000000000004,0.5,0.0,0.4000000000000001,0.48571428571428493,0.40714285714285664,0.549999999999999
0.32115384615384585,0.06427001953125,0.0936279296875,0.35000000000000003,0.2,0.0,0.19999999999999998,0.10000000000000002,0.10000000000000002,0.1928571428571429,0.7750000000000004,0.5,0.0,0.4000000000000001,0.48571428571428493,0.41428571428571376,0.549999999999999
0.32211538461538436,0.064453125,0.09393310546875,0.35000000000000003,0.2,0.0,0.19999999999999998,0.10000000000000002,0.10000000000000002,0.1928571428571429,0.7750000000000004,0.5,0.0,0.4000000000000001,0.49285714285714205,0.41428571428571376,0.549999999999999
0.3230769230769228,0.06463623046875,0.09423828125,0.35000000000000003,0.2,0.0,0.19999999999999998,0.10000000000000002,0.10000000000000002,0.1928571428571429,0.7750000000000004,0.5,0.0,0.4000000000000001,0.49999999999999917,0.41428571428571376,0.549999999999999
0.3240384615384613,0.0648193359375,0.0943603515625,0.35000000000000003,0.2,0.0,0.19999999999999998,0.10000000000000002,0.10000000000000002,0.1928571428571429,0.7750000000000004,0.5,0.0,0.4000000000000001,0.5071428571428563,0.41428571428571376,0.549999999999999
0.3249999999999997,0.0650634765625,0.09466552734375,0.35000000000000003,0.2,0.0,0.19999999999999998,0.10714285714285716,0.10000000000000002,0.1928571428571429,0.7750000000000004,0.5,0.0,0.4000000000000001,0.5071428571428563,0.41428571428571376,0.549999999999999
0.3259615384615382,0.06524658203125,0.0948486328125,0.35000000000000003,0.2,0.0,0.19999999999999998,0.10714285714285716,0.10000000000000002,0.1928571428571429,0.7750000000000004,0.5,0.0,0.4000000000000001,0.5071428571428563,0.4214285714285709,0.549999999999999
0.32692307692307665,0.0654296875,0.0950927734375,0.35000000000000003,0.2,0.0,0.19999999999999998,0.10714285714285716,0.10000000000000002,0.1928571428571429,0.7750000000000004,0.5,0.0,0.4000000000000001,0.5071428571428563,0.428571428571428,0.549999999999999
0.32788461538461505,0.06561279296875,0.0953369140625,0.35000000000000003,0.2,0.0,0.19999999999999998,0.10714285714285716,0.10000000000000002,0.1928571428571429,0.7750000000000004,0.5,0.0,0.4000000000000001,0.5071428571428563,0.4357142857142851,0.549999999999999
0.3288461538461535,0.0657958984375,0.0955810546875,0.35000000000000003,0.2,0.0,0.19999999999999998,0.10714285714285716,0.10000000000000002,0.1928571428571429,0.7750000000000004,0.5,0.0,0.4000000000000001,0.5071428571428563,0.4357142857142851,0.5571428571428562
0.329807692307692,0.06597900390625,0.09588623046875,0.35000000000000003,0.2,0.0,0.19999999999999998,0.10714285714285716,0.10000000000000002,0.1928571428571429,0.7750000000000004,0.5,0.0,0.4000000000000001,0.5071428571428563,0.4357142857142851,0.5642857142857133
0.3307692307692304,0.066162109375,0.09613037109375,0.35000000000000003,0.2,0.0,0.19999999999999998,0.10714285714285716,0.10000000000000002,0.1928571428571429,0.7750000000000004,0.5,0.0,0.4000000000000001,0.5071428571428563,0.4357142857142851,0.5714285714285704
0.33173076923076894,0.06640625,0.09637451171875,0.35000000000000003,0.2,0.0,0.22499999999999998,0.10714285714285716,0.10000000000000002,0.1928571428571429,0.7750000000000004,0.5,0.0,0.4000000000000001,0.5071428571428563,0.4357142857142851,0.5714285714285704
0.33269230769230734,0.066650390625,0.09661865234375,0.35000000000000003,0.2,0.0,0.22499999999999998,0.11428571428571431,0.10000000000000002,0.1928571428571429,0.7750000000000004,0.5,0.0,0.4000000000000001,0.5071428571428563,0.4357142857142851,0.5714285714285704
0.33365384615384586,0.06683349609375,0.096923828125,0.35000000000000003,0.2,0.0,0.22499999999999998,0.11428571428571431,0.10000000000000002,0.20000000000000004,0.7750000000000004,0.5,0.0,0.4000000000000001,0.5071428571428563,0.4357142857142851,0.5714285714285704
0.3346153846153843,0.06707763671875,0.09716796875,0.35000000000000003,0.2,0.0,0.22499999999999998,0.12142857142857146,0.10000000000000002,0.20000000000000004,0.7750000000000004,0.5,0.0,0.4000000000000001,0.5071428571428563,0.4357142857142851,0.5714285714285704
0.3355769230769228,0.0672607421875,0.09747314453125,0.35000000000000003,0.2,0.0,0.22499999999999998,0.12142857142857146,0.10000000000000002,0.20000000000000004,0.7750000000000004,0.5,0.0,0.4000000000000001,0.5071428571428563,0.4428571428571422,0.5714285714285704
0.3365384615384613,0.06744384765625,0.09771728515625,0.35000000000000003,0.2,0.0,0.22499999999999998,0.12142857142857146,0.10000000000000002,0.20000000000000004,0.7750000000000004,0.5,0.0,0.4000000000000001,0.5071428571428563,0.44999999999999934,0.5714285714285704
0.3374999999999997,0.067626953125,0.0980224609375,0.35000000000000003,0.2,0.0,0.22499999999999998,0.12142857142857146,0.10000000000000002,0.20000000000000004,0.7750000000000004,0.5,0.0,0.4000000000000001,0.5071428571428563,0.45714285714285646,0.5714285714285704
0.33846153846153815,0.06781005859375,0.0982666015625,0.35000000000000003,0.2,0.0,0.22499999999999998,0.12142857142857146,0.10000000000000002,0.20000000000000004,0.7750000000000004,0.5,0.0,0.4000000000000001,0.5071428571428563,0.4642857142857136,0.5714285714285704
0.3394230769230766,0.0679931640625,0.0985107421875,0.35000000000000003,0.2,0.0,0.22499999999999998,0.12142857142857146,0.10000000000000002,0.20000000000000004,0.7750000000000004,0.5,0.0,0.4000000000000001,0.5071428571428563,0.4642857142857136,0.5785714285714275
0.340384615384615,0.0682373046875,0.09881591796875,0.35000000000000003,0.2,0.0,0.22499999999999998,0.1285714285714286,0.10000000000000002,0.20000000000000004,0.7750000000000004,0.5,0.0,0.4000000000000001,0.5071428571428563,0.4642857142857136,0.5785714285714275
0.3413461538461535,0.06842041015625,0.09906005859375,0.35000000000000003,0.2,0.0,0.22499999999999998,0.1285714285714286,0.10000000000000002,0.20000000000000004,0.7750000000000004,0.5,0.0,0.4000000000000001,0.5142857142857135,0.4642857142857136,0.5785714285714275
0.342307692307692,0.068603515625,0.0992431640625,0.35000000000000003,0.2,0.0,0.22499999999999998,0.1285714285714286,0.10000000000000002,0.20000000000000004,0.7750000000000004,0.5,0.0,0.4000000000000001,0.5214285714285706,0.4642857142857136,0.5785714285714275
0.34326923076923044,0.06878662109375,0.0994873046875,0.35000000000000003,0.2,0.0,0.22499999999999998,0.1285714285714286,0.10000000000000002,0.20000000000000004,0.7750000000000004,0.5,0.0,0.4000000000000001,0.5285714285714277,0.4642857142857136,0.5785714285714275
0.34423076923076884,0.06903076171875,0.099853515625,0.35000000000000003,0.2,0.0,0.22499999999999998,0.13571428571428573,0.10000000000000002,0.20000000000000004,0.7750000000000004,0.5,0.0,0.4000000000000001,0.5285714285714277,0.4642857142857136,0.5785714285714275
0.34519230769230735,0.06927490234375,0.10015869140625,0.35000000000000003,0.2,0.0,0.22499999999999998,0.13571428571428573,0.10714285714285716,0.20000000000000004,0.7750000000000004,0.5,0.0,0.4000000000000001,0.5285714285714277,0.4642857142857136,0.5785714285714275
0.3461538461538458,0.0694580078125,0.10040283203125,0.35000000000000003,0.2,0.0,0.22499999999999998,0.13571428571428573,0.10714285714285716,0.20000000000000004,0.7750000000000004,0.5,0.0,0.4000000000000001,0.5285714285714277,0.4642857142857136,0.5857142857142846
0.34711538461538427,0.06964111328125,0.10064697265625,0.35000000000000003,0.2,0.0,0.22499999999999998,0.13571428571428573,0.10714285714285716,0.20000000000000004,0.7750000000000004,0.5,0.0,0.4000000000000001,0.5285714285714277,0.4642857142857136,0.5928571428571418
0.3480769230769227,0.06982421875,0.10101318359375,0.35000000000000003,0.2,0.0,0.22499999999999998,0.13571428571428573,0.10714285714285716,0.20000000000000004,0.7750000000000004,0.5,0.0,0.4000000000000001,0.5285714285714277,0.4642857142857136,0.5999999999999989
0.34903846153846124,0.070068359375,0.10125732421875,0.35000000000000003,0.2,0.0,0.22499999999999998,0.13571428571428573,0.11428571428571431,0.20000000000000004,0.7750000000000004,0.5,0.0,0.4000000000000001,0.5285714285714277,0.4642857142857136,0.5999999999999989
0.34999999999999964,0.07025146484375,0.1014404296875,0.35000000000000003,0.2,0.0,0.22499999999999998,0.13571428571428573,0.11428571428571431,0.20000000000000004,0.7750000000000004,0.5,0.0,0.4000000000000001,0.5285714285714277,0.4642857142857136,0.607142857142856
0.3509615384615381,0.07049560546875,0.10174560546875,0.37500000000000006,0.2,0.0,0.22499999999999998,0.13571428571428573,0.11428571428571431,0.20000000000000004,0.7750000000000004,0.5,0.0,0.4000000000000001,0.5285714285714277,0.4642857142857136,0.607142857142856
0.3519230769230766,0.07073974609375,0.10198974609375,0.37500000000000006,0.2,0.0,0.24999999999999997,0.13571428571428573,0.11428571428571431,0.20000000000000004,0.7750000000000004,0.5,0.0,0.4000000000000001,0.5285714285714277,0.4642857142857136,0.607142857142856
0.352884615384615,0.07098388671875,0.10223388671875,0.37500000000000006,0.2,0.0,0.24999999999999997,0.13571428571428573,0.12142857142857146,0.20000000000000004,0.7750000000000004,0.5,0.0,0.4000000000000001,0.5285714285714277,0.4642857142857136,0.607142857142856
0.3538461538461535,0.07122802734375,0.1025390625,0.37500000000000006,0.2,0.0,0.24999999999999997,0.13571428571428573,0.1285714285714286,0.20000000000000004,0.7750000000000004,0.5,0.0,0.4000000000000001,0.5285714285714277,0.4642857142857136,0.607142857142856
0.35480769230769194,0.07147216796875,0.10272216796875,0.4000000000000001,0.2,0.0,0.24999999999999997,0.13571428571428573,0.1285714285714286,0.20000000000000004,0.7750000000000004,0.5,0.0,0.4000000000000001,0.5285714285714277,0.4642857142857136,0.607142857142856
0.35576923076923045,0.07171630859375,0.10296630859375,0.4000000000000001,0.2,0.0,0.24999999999999997,0.13571428571428573,0.1285714285714286,0.20714285714285718,0.7750000000000004,0.5,0.0,0.4000000000000001,0.5285714285714277,0.4642857142857136,0.607142857142856
0.3567307692307689,0.0718994140625,0.103271484375,0.4000000000000001,0.2,0.0,0.24999999999999997,0.13571428571428573,0.1285714285714286,0.21428571428571433,0.7750000000000004,0.5,0.0,0.4000000000000001,0.5285714285714277,0.4642857142857136,0.607142857142856
0.3576923076923073,0.0721435546875,0.103515625,0.4000000000000001,0.2,0.0,0.24999999999999997,0.14285714285714288,0.1285714285714286,0.21428571428571433,0.7750000000000004,0.5,0.0,0.4000000000000001,0.5285714285714277,0.4642857142857136,0.607142857142856
0.35865384615384577,0.0723876953125,0.10369873046875,0.4000000000000001,0.2,0.0,0.24999999999999997,0.14285714285714288,0.1285714285714286,0.22142857142857147,0.7750000000000004,0.5,0.0,0.4000000000000001,0.5285714285714277,0.4642857142857136,0.607142857142856
0.3596153846153843,0.07257080078125,0.10400390625,0.4000000000000001,0.2,0.0,0.24999999999999997,0.14285714285714288,0.1285714285714286,0.22142857142857147,0.7750000000000004,0.5,0.0,0.4250000000000001,0.5285714285714277,0.4642857142857136,0.607142857142856
0.36057692307692274,0.07281494140625,0.104248046875,0.4000000000000001,0.2,0.0,0.24999999999999997,0.14285714285714288,0.1285714285714286,0.22857142857142862,0.7750000000000004,0.5,0.0,0.4250000000000001,0.5285714285714277,0.4642857142857136,0.607142857142856
0.3615384615384612,0.072998046875,0.10455322265625,0.4000000000000001,0.2,0.0,0.24999999999999997,0.14285714285714288,0.1285714285714286,0.22857142857142862,0.7750000000000004,0.5,0.0,0.4250000000000001,0.5285714285714277,0.4642857142857136,0.6142857142857131
0.3624999999999997,0.07318115234375,0.10467529296875,0.4000000000000001,0.2,0.0,0.24999999999999997,0.14285714285714288,0.1285714285714286,0.22857142857142862,0.7750000000000004,0.5,0.0,0.4250000000000001,0.5285714285714277,0.4642857142857136,0.6214285714285702
0.36346153846153817,0.07342529296875,0.10498046875,0.4000000000000001,0.2,0.0,0.24999999999999997,0.14285714285714288,0.1285714285714286,0.23571428571428577,0.7750000000000004,0.5,0.0,0.4250000000000001,0.5285714285714277,0.4642857142857136,0.6214285714285702
0.36442307692307657,0.0736083984375,0.10528564453125,0.4000000000000001,0.2,0.0,0.24999999999999997,0.14285714285714288,0.1285714285714286,0.23571428571428577,0.7750000000000004,0.5,0.0,0.4250000000000001,0.5357142857142848,0.4642857142857136,0.6214285714285702
0.36538461538461503,0.07379150390625,0.10552978515625,0.4000000000000001,0.2,0.0,0.24999999999999997,0.14285714285714288,0.1285714285714286,0.23571428571428577,0.7750000000000004,0.5,0.0,0.4250000000000001,0.5428571428571419,0.4642857142857136,0.6214285714285702
0.36634615384615354,0.073974609375,0.105712890625,0.4000000000000001,0.2,0.0,0.24999999999999997,0.14285714285714288,0.1285714285714286,0.23571428571428577,0.7750000000000004,0.5,0.0,0.4250000000000001,0.549999999999999,0.4642857142857136,0.6214285714285702
0.367307692307692,0.07415771484375,0.10601806640625,0.4000000000000001,0.2,0.0,0.24999999999999997,0.14285714285714288,0.1285714285714286,0.23571428571428577,0.7750000000000004,0.5,0.0,0.4250000000000001,0.5571428571428562,0.4642857142857136,0.6214285714285702
0.3682692307692304,0.0743408203125,0.10626220703125,0.4000000000000001,0.2,0.0,0.24999999999999997,0.14285714285714288,0.1285714285714286,0.23571428571428577,0.7750000000000004,0.5,0.0,0.4250000000000001,0.5642857142857133,0.4642857142857136,0.6214285714285702
0.36923076923076886,0.0745849609375,0.10650634765625,0.4000000000000001,0.2,0.0,0.24999999999999997,0.15000000000000002,0.1285714285714286,0.23571428571428577,0.7750000000000004,0.5,0.0,0.4250000000000001,0.5642857142857133,0.4642857142857136,0.6214285714285702
0.3701923076923074,0.0748291015625,0.10675048828125,0.4000000000000001,0.2,0.0,0.24999999999999997,0.15000000000000002,0.13571428571428573,0.23571428571428577,0.7750000000000004,0.5,0.0,0.4250000000000001,0.5642857142857133,0.4642857142857136,0.6214285714285702
0.37115384615384583,0.0750732421875,0.10699462890625,0.4000000000000001,0.2,0.0,0.24999999999999997,0.15000000000000002,0.13571428571428573,0.2428571428571429,0.7750000000000004,0.5,0.0,0.4250000000000001,0.5642857142857133,0.4642857142857136,0.6214285714285702
0.37211538461538424,0.07525634765625,0.10723876953125,0.4000000000000001,0.2,0.0,0.24999999999999997,0.15000000000000002,0.13571428571428573,0.2428571428571429,0.7750000000000004,0.5,0.0,0.4250000000000001,0.5642857142857133,0.4642857142857136,0.6285714285714273
0.3730769230769227,0.07550048828125,0.1075439453125,0.4000000000000001,0.2,0.0,0.24999999999999997,0.15000000000000002,0.13571428571428573,0.25000000000000006,0.7750000000000004,0.5,0.0,0.4250000000000001,0.5642857142857133,0.4642857142857136,0.6285714285714273
0.3740384615384612,0.07574462890625,0.10772705078125,0.4000000000000001,0.2,0.0,0.24999999999999997,0.15000000000000002,0.13571428571428573,0.2571428571428572,0.7750000000000004,0.5,0.0,0.4250000000000001,0.5642857142857133,0.4642857142857136,0.6285714285714273
0.37499999999999967,0.075927734375,0.10809326171875,0.4000000000000001,0.2,0.0,0.24999999999999997,0.15000000000000002,0.13571428571428573,0.2571428571428572,0.7750000000000004,0.5,0.0,0.4250000000000001,0.5642857142857133,0.4714285714285707,0.6285714285714273
0.3759615384615381,0.07611083984375,0.10833740234375,0.4000000000000001,0.2,0.0,0.24999999999999997,0.15000000000000002,0.13571428571428573,0.2571428571428572,0.7750000000000004,0.5,0.0,0.4250000000000001,0.5642857142857133,0.4785714285714278,0.6285714285714273
0.3769230769230765,0.0762939453125,0.108642578125,0.4000000000000001,0.2,0.0,0.24999999999999997,0.15000000000000002,0.13571428571428573,0.2571428571428572,0.7750000000000004,0.5,0.0,0.4250000000000001,0.5642857142857133,0.48571428571428493,0.6285714285714273
0.37788461538461504,0.07647705078125,0.10894775390625,0.4000000000000001,0.2,0.0,0.24999999999999997,0.15000000000000002,0.13571428571428573,0.2571428571428572,0.7750000000000004,0.5,0.0,0.4500000000000001,0.5642857142857133,0.48571428571428493,0.6285714285714273
0.3788461538461535,0.07672119140625,0.10919189453125,0.4000000000000001,0.2,0.0,0.24999999999999997,0.15000000000000002,0.13571428571428573,0.2642857142857143,0.7750000000000004,0.5,0.0,0.4500000000000001,0.5642857142857133,0.48571428571428493,0.6285714285714273
0.37980769230769196,0.076904296875,0.10931396484375,0.4000000000000001,0.2,0.0,0.24999999999999997,0.15000000000000002,0.13571428571428573,0.2642857142857143,0.7750000000000004,0.5,0.0,0.4500000000000001,0.5642857142857133,0.48571428571428493,0.6357142857142845
0.3807692307692304,0.0771484375,0.109619140625,0.4000000000000001,0.2,0.0,0.24999999999999997,0.15000000000000002,0.13571428571428573,0.2714285714285714,0.7750000000000004,0.5,0.0,0.4500000000000001,0.5642857142857133,0.48571428571428493,0.6357142857142845
0.3817307692307689,0.077392578125,0.10986328125,0.4000000000000001,0.2,0.0,0.24999999999999997,0.15000000000000002,0.13571428571428573,0.2714285714285714,0.8000000000000004,0.5,0.0,0.4500000000000001,0.5642857142857133,0.48571428571428493,0.6357142857142845
0.38269230769230733,0.07757568359375,0.110107421875,0.4000000000000001,0.2,0.0,0.24999999999999997,0.15000000000000002,0.13571428571428573,0.2714285714285714,0.8000000000000004,0.5,0.0,0.4500000000000001,0.5714285714285704,0.48571428571428493,0.6357142857142845
0.3836538461538458,0.0777587890625,0.1104736328125,0.4000000000000001,0.2,0.0,0.24999999999999997,0.15000000000000002,0.13571428571428573,0.2714285714285714,0.8000000000000004,0.5,0.0,0.4500000000000001,0.5785714285714275,0.48571428571428493,0.6357142857142845
0.3846153846153842,0.07794189453125,0.1107177734375,0.4000000000000001,0.2,0.0,0.24999999999999997,0.15000000000000002,0.13571428571428573,0.2714285714285714,0.8000000000000004,0.5,0.0,0.4500000000000001,0.5857142857142846,0.48571428571428493,0.6357142857142845
0.3855769230769227,0.078125,0.1109619140625,0.4000000000000001,0.2,0.0,0.24999999999999997,0.15000000000000002,0.13571428571428573,0.2714285714285714,0.8000000000000004,0.5,0.0,0.4500000000000001,0.5928571428571418,0.48571428571428493,0.6357142857142845
0.38653846153846116,0.07830810546875,0.1112060546875,0.4000000000000001,0.2,0.0,0.24999999999999997,0.15000000000000002,0.13571428571428573,0.2714285714285714,0.8000000000000004,0.5,0.0,0.4500000000000001,0.5928571428571418,0.48571428571428493,0.6428571428571416
0.38749999999999957,0.0784912109375,0.111328125,0.4000000000000001,0.2,0.0,0.24999999999999997,0.15000000000000002,0.13571428571428573,0.2714285714285714,0.8000000000000004,0.5,0.0,0.4500000000000001,0.5928571428571418,0.48571428571428493,0.6499999999999987
0.388461538461538,0.0787353515625,0.11163330078125,0.4000000000000001,0.2,0.0,0.24999999999999997,0.15000000000000002,0.13571428571428573,0.2714285714285714,0.8250000000000004,0.5,0.0,0.4500000000000001,0.5928571428571418,0.48571428571428493,0.6499999999999987
0.38942307692307654,0.0789794921875,0.11187744140625,0.4000000000000001,0.2,0.0,0.27499999999999997,0.15000000000000002,0.13571428571428573,0.2714285714285714,0.8250000000000004,0.5,0.0,0.4500000000000001,0.5928571428571418,0.48571428571428493,0.6499999999999987
0.390384615384615,0.07916259765625,0.1121826171875,0.4000000000000001,0.2,0.0,0.27499999999999997,0.15000000000000002,0.13571428571428573,0.2714285714285714,0.8250000000000004,0.5,0.0,0.4500000000000001,0.5928571428571418,0.48571428571428493,0.6571428571428558
0.39134615384615346,0.07940673828125,0.11248779296875,0.4000000000000001,0.2,0.0,0.27499999999999997,0.15000000000000002,0.13571428571428573,0.2785714285714285,0.8250000000000004,0.5,0.0,0.4500000000000001,0.5928571428571418,0.48571428571428493,0.6571428571428558
0.3923076923076919,0.07965087890625,0.11273193359375,0.4000000000000001,0.2,0.0,0.27499999999999997,0.15000000000000002,0.13571428571428573,0.2785714285714285,0.8250000000000004,0.5,0.0,0.47500000000000014,0.5928571428571418,0.48571428571428493,0.6571428571428558
0.3932692307692304,0.079833984375,0.11297607421875,0.4000000000000001,0.2,0.0,0.27499999999999997,0.15000000000000002,0.13571428571428573,0.2785714285714285,0.8250000000000004,0.5,0.0,0.47500000000000014,0.5928571428571418,0.49285714285714205,0.6571428571428558
0.39423076923076883,0.08001708984375,0.11309814453125,0.4000000000000001,0.2,0.0,0.27499999999999997,0.15000000000000002,0.13571428571428573,0.2785714285714285,0.8250000000000004,0.5,0.0,0.47500000000000014,0.5928571428571418,0.49999999999999917,0.6571428571428558
0.3951923076923073,0.0802001953125,0.1134033203125,0.4000000000000001,0.2,0.0,0.27499999999999997,0.15000000000000002,0.13571428571428573,0.2785714285714285,0.8250000000000004,0.5,0.0,0.47500000000000014,0.5999999999999989,0.49999999999999917,0.6571428571428558
0.39615384615384575,0.08038330078125,0.1136474609375,0.4000000000000001,0.2,0.0,0.27499999999999997,0.15000000000000002,0.13571428571428573,0.2785714285714285,0.8250000000000004,0.5,0.0,0.47500000000000014,0.5999999999999989,0.5071428571428563,0.6571428571428558
0.3971153846153842,0.08056640625,0.11395263671875,0.4000000000000001,0.2,0.0,0.27499999999999997,0.15000000000000002,0.13571428571428573,0.2785714285714285,0.8250000000000004,0.5,0.0,0.47500000000000014,0.607142857142856,0.5071428571428563,0.6571428571428558
0.39807692307692266,0.08074951171875,0.1142578125,0.4000000000000001,0.2,0.0,0.27499999999999997,0.15000000000000002,0.13571428571428573,0.2785714285714285,0.8250000000000004,0.5,0.0,0.47500000000000014,0.6142857142857131,0.5071428571428563,0.6571428571428558
0.3990384615384611,0.0809326171875,0.114501953125,0.4000000000000001,0.2,0.0,0.27499999999999997,0.15000000000000002,0.13571428571428573,0.2785714285714285,0.8250000000000004,0.5,0.0,0.47500000000000014,0.6214285714285702,0.5071428571428563,0.6571428571428558
0.3999999999999996,0.0811767578125,0.11474609375,0.4000000000000001,0.2,0.0,0.3,0.15000000000000002,0.13571428571428573,0.2785714285714285,0.8250000000000004,0.5,0.0,0.47500000000000014,0.6214285714285702,0.5071428571428563,0.6571428571428558
0.4009615384615381,0.08135986328125,0.11492919921875,0.4000000000000001,0.2,0.0,0.3,0.15000000000000002,0.13571428571428573,0.2785714285714285,0.8250000000000004,0.5,0.0,0.47500000000000014,0.6214285714285702,0.5142857142857135,0.6571428571428558
0.40192307692307655,0.08154296875,0.11517333984375,0.4000000000000001,0.2,0.0,0.3,0.15000000000000002,0.13571428571428573,0.2785714285714285,0.8250000000000004,0.5,0.0,0.47500000000000014,0.6214285714285702,0.5214285714285706,0.6571428571428558
0.40288461538461495,0.08172607421875,0.11541748046875,0.4000000000000001,0.2,0.0,0.3,0.15000000000000002,0.13571428571428573,0.2785714285714285,0.8250000000000004,0.5,0.0,0.47500000000000014,0.6214285714285702,0.5285714285714277,0.6571428571428558
0.4038461538461534,0.0819091796875,0.11572265625,0.4000000000000001,0.2,0.0,0.3,0.15000000000000002,0.13571428571428573,0.2785714285714285,0.8250000000000004,0.5,0.0,0.47500000000000014,0.6285714285714273,0.5285714285714277,0.6571428571428558
0.4048076923076919,0.08209228515625,0.11602783203125,0.4000000000000001,0.2,0.0,0.3,0.15000000000000002,0.13571428571428573,0.2785714285714285,0.8250000000000004,0.5,0.0,0.47500000000000014,0.6285714285714273,0.5285714285714277,0.6642857142857129
0.4057692307692304,0.082275390625,0.11627197265625,0.4000000000000001,0.2,0.0,0.3,0.15000000000000002,0.13571428571428573,0.2785714285714285,0.8250000000000004,0.5,0.0,0.47500000000000014,0.6285714285714273,0.5285714285714277,0.67142857142857
0.4067307692307688,0.08251953125,0.11651611328125,0.4000000000000001,0.2,0.0,0.3,0.15714285714285717,0.13571428571428573,0.2785714285714285,0.8250000000000004,0.5,0.0,0.47500000000000014,0.6285714285714273,0.5285714285714277,0.67142857142857
0.4076923076923072,0.082763671875,0.11663818359375,0.4000000000000001,0.2,0.0,0.3,0.15714285714285717,0.14285714285714288,0.2785714285714285,0.8250000000000004,0.5,0.0,0.47500000000000014,0.6285714285714273,0.5285714285714277,0.67142857142857
0.40865384615384576,0.0830078125,0.116943359375,0.4000000000000001,0.2,0.0,0.3,0.15714285714285717,0.15000000000000002,0.2785714285714285,0.8250000000000004,0.5,0.0,0.47500000000000014,0.6285714285714273,0.5285714285714277,0.67142857142857
0.40961538461538416,0.083251953125,0.1171875,0.4000000000000001,0.2,0.0,0.3,0.15714285714285717,0.15000000000000002,0.28571428571428564,0.8250000000000004,0.5,0.0,0.47500000000000014,0.6285714285714273,0.5285714285714277,0.67142857142857
0.41057692307692256,0.08349609375,0.11749267578125,0.4000000000000001,0.2,0.0,0.3,0.15714285714285717,0.15000000000000002,0.28571428571428564,0.8250000000000004,0.6,0.0,0.47500000000000014,0.6285714285714273,0.5285714285714277,0.67142857142857
0.4115384615384611,0.083740234375,0.11773681640625,0.4000000000000001,0.2,0.0,0.3,0.15714285714285717,0.15000000000000002,0.28571428571428564,0.8250000000000004,0.6,0.0,0.5000000000000001,0.6285714285714273,0.5285714285714277,0.67142857142857
0.41249999999999953,0.08392333984375,0.11798095703125,0.4000000000000001,0.2,0.0,0.3,0.15714285714285717,0.15000000000000002,0.28571428571428564,0.8250000000000004,0.6,0.0,0.5000000000000001,0.6357142857142845,0.5285714285714277,0.67142857142857
0.41346153846153805,0.08416748046875,0.11822509765625,0.4000000000000001,0.2,0.0,0.3,0.15714285714285717,0.15000000000000002,0.28571428571428564,0.8250000000000004,0.6,0.0,0.5000000000000001,0.6428571428571416,0.5285714285714277,0.67142857142857
0.41442307692307645,0.0843505859375,0.118408203125,0.4000000000000001,0.2,0.0,0.3,0.15714285714285717,0.15000000000000002,0.28571428571428564,0.8250000000000004,0.6,0.0,0.5000000000000001,0.6499999999999987,0.5285714285714277,0.67142857142857
0.41538461538461485,0.08453369140625,0.11865234375,0.4000000000000001,0.2,0.0,0.3,0.15714285714285717,0.15000000000000002,0.28571428571428564,0.8250000000000004,0.6,0.0,0.5000000000000001,0.6571428571428558,0.5285714285714277,0.67142857142857
0.4163461538461534,0.084716796875,0.118896484375,0.4000000000000001,0.2,0.0,0.3,0.15714285714285717,0.15000000000000002,0.28571428571428564,0.8250000000000004,0.6,0.0,0.5000000000000001,0.6642857142857129,0.5285714285714277,0.67142857142857
0.4173076923076918,0.08489990234375,0.11920166015625,0.4000000000000001,0.2,0.0,0.3,0.15714285714285717,0.15000000000000002,0.28571428571428564,0.8250000000000004,0.6,0.0,0.5000000000000001,0.6642857142857129,0.5357142857142848,0.67142857142857
0.41826923076923034,0.0850830078125,0.11944580078125,0.4000000000000001,0.2,0.0,0.3,0.15714285714285717,0.15000000000000002,0.28571428571428564,0.8250000000000004,0.6,0.0,0.5000000000000001,0.6642857142857129,0.5428571428571419,0.67142857142857
0.41923076923076874,0.08526611328125,0.1197509765625,0.4000000000000001,0.2,0.0,0.3,0.15714285714285717,0.15000000000000002,0.28571428571428564,0.8250000000000004,0.6,0.0,0.5000000000000001,0.6642857142857129,0.549999999999999,0.67142857142857
0.4201923076923072,0.08544921875,0.1199951171875,0.4000000000000001,0.2,0.0,0.3,0.15714285714285717,0.15000000000000002,0.28571428571428564,0.8250000000000004,0.6,0.0,0.5000000000000001,0.6642857142857129,0.5571428571428562,0.67142857142857
0.4211538461538457,0.08563232421875,0.1201171875,0.4000000000000001,0.2,0.0,0.3,0.15714285714285717,0.15000000000000002,0.28571428571428564,0.8250000000000004,0.6,0.0,0.5000000000000001,0.6642857142857129,0.5642857142857133,0.67142857142857
0.4221153846153841,0.0858154296875,0.12042236328125,0.4000000000000001,0.2,0.0,0.3,0.15714285714285717,0.15000000000000002,0.28571428571428564,0.8250000000000004,0.6,0.0,0.5000000000000001,0.67142857142857,0.5642857142857133,0.67142857142857
0.4230769230769226,0.08599853515625,0.12066650390625,0.4000000000000001,0.2,0.0,0.3,0.15714285714285717,0.15000000000000002,0.28571428571428564,0.8250000000000004,0.6,0.0,0.5000000000000001,0.67142857142857,0.5642857142857133,0.6785714285714272
0.4240384615384611,0.086181640625,0.1209716796875,0.4000000000000001,0.2,0.0,0.3,0.15714285714285717,0.15000000000000002,0.28571428571428564,0.8250000000000004,0.6,0.0,0.5000000000000001,0.67142857142857,0.5642857142857133,0.6857142857142843
0.42499999999999954,0.08636474609375,0.1212158203125,0.4000000000000001,0.2,0.0,0.3,0.15714285714285717,0.15000000000000002,0.28571428571428564,0.8250000000000004,0.6,0.0,0.5000000000000001,0.67142857142857,0.5642857142857133,0.6928571428571414
0.425961538461538,0.0865478515625,0.1214599609375,0.4000000000000001,0.2,0.0,0.3,0.15714285714285717,0.15000000000000002,0.28571428571428564,0.8250000000000004,0.6,0.0,0.5000000000000001,0.67142857142857,0.5642857142857133,0.6999999999999985
0.4269230769230764,0.08673095703125,0.12176513671875,0.4000000000000001,0.2,0.0,0.3,0.15714285714285717,0.15000000000000002,0.28571428571428564,0.8250000000000004,0.6,0.0,0.5000000000000001,0.67142857142857,0.5642857142857133,0.7071428571428556
0.4278846153846149,0.08697509765625,0.12188720703125,0.4000000000000001,0.2,0.0,0.325,0.15714285714285717,0.15000000000000002,0.28571428571428564,0.8250000000000004,0.6,0.0,0.5000000000000001,0.67142857142857,0.5642857142857133,0.7071428571428556
0.4288461538461533,0.087158203125,0.1221923828125,0.4000000000000001,0.2,0.0,0.325,0.15714285714285717,0.15000000000000002,0.28571428571428564,0.8250000000000004,0.6,0.0,0.5000000000000001,0.6785714285714272,0.5642857142857133,0.7071428571428556
0.4298076923076918,0.08740234375,0.1224365234375,0.4000000000000001,0.2,0.0,0.325,0.15714285714285717,0.15000000000000002,0.28571428571428564,0.8250000000000004,0.6,0.0,0.5000000000000001,0.6857142857142843,0.5642857142857133,0.7071428571428556
0.43076923076923024,0.08758544921875,0.12274169921875,0.4000000000000001,0.2,0.0,0.325,0.15714285714285717,0.15000000000000002,0.28571428571428564,0.8250000000000004,0.6,0.0,0.5000000000000001,0.6928571428571414,0.5642857142857133,0.7071428571428556
0.43173076923076875,0.0877685546875,0.1229248046875,0.4000000000000001,0.2,0.0,0.325,0.15714285714285717,0.15000000000000002,0.28571428571428564,0.8250000000000004,0.6,0.0,0.5000000000000001,0.6999999999999985,0.5642857142857133,0.7071428571428556
0.43269230769230715,0.08795166015625,0.12322998046875,0.4000000000000001,0.2,0.0,0.325,0.15714285714285717,0.15000000000000002,0.28571428571428564,0.8250000000000004,0.6,0.0,0.5000000000000001,0.6999999999999985,0.5714285714285704,0.7071428571428556
0.4336538461538456,0.088134765625,0.12353515625,0.4000000000000001,0.2,0.0,0.325,0.15714285714285717,0.15000000000000002,0.28571428571428564,0.8250000000000004,0.6,0.0,0.5000000000000001,0.6999999999999985,0.5785714285714275,0.7071428571428556
0.43461538461538407,0.08831787109375,0.1236572265625,0.4000000000000001,0.2,0.0,0.325,0.15714285714285717,0.15000000000000002,0.28571428571428564,0.8250000000000004,0.6,0.0,0.5000000000000001,0.6999999999999985,0.5857142857142846,0.7071428571428556
0.4355769230769226,0.0885009765625,0.1239013671875,0.4000000000000001,0.2,0.0,0.325,0.15714285714285717,0.15000000000000002,0.28571428571428564,0.8250000000000004,0.6,0.0,0.5000000000000001,0.6999999999999985,0.5928571428571418,0.7071428571428556
0.436538461538461,0.08868408203125,0.1241455078125,0.4000000000000001,0.2,0.0,0.325,0.15714285714285717,0.15000000000000002,0.28571428571428564,0.8250000000000004,0.6,0.0,0.5000000000000001,0.7071428571428556,0.5928571428571418,0.7071428571428556
0.43749999999999944,0.08892822265625,0.12445068359375,0.4000000000000001,0.2,0.0,0.325,0.1642857142857143,0.15000000000000002,0.28571428571428564,0.8250000000000004,0.6,0.0,0.5000000000000001,0.7071428571428556,0.5928571428571418,0.7071428571428556
0.4384615384615379,0.08917236328125,0.12469482421875,0.4000000000000001,0.2,0.0,0.325,0.1642857142857143,0.15714285714285717,0.28571428571428564,0.8250000000000004,0.6,0.0,0.5000000000000001,0.7071428571428556,0.5928571428571418,0.7071428571428556
0.4394230769230764,0.08935546875,0.125,0.4000000000000001,0.2,0.0,0.325,0.1642857142857143,0.15714285714285717,0.28571428571428564,0.8250000000000004,0.6,0.0,0.5000000000000001,0.7071428571428556,0.5928571428571418,0.7142857142857127
0.4403846153846148,0.089599609375,0.1253662109375,0.4000000000000001,0.2,0.0,0.325,0.1642857142857143,0.15714285714285717,0.28571428571428564,0.8500000000000004,0.6,0.0,0.5000000000000001,0.7071428571428556,0.5928571428571418,0.7142857142857127
0.4413461538461533,0.08984375,0.12548828125,0.4000000000000001,0.2,0.0,0.325,0.1642857142857143,0.15714285714285717,0.28571428571428564,0.8500000000000004,0.6,0.0,0.5250000000000001,0.7071428571428556,0.5928571428571418,0.7142857142857127
0.44230769230769174,0.09002685546875,0.125732421875,0.4000000000000001,0.2,0.0,0.325,0.1642857142857143,0.15714285714285717,0.28571428571428564,0.8500000000000004,0.6,0.0,0.5250000000000001,0.7071428571428556,0.5928571428571418,0.7214285714285699
0.4432692307692302,0.0902099609375,0.1259765625,0.4000000000000001,0.2,0.0,0.325,0.1642857142857143,0.15714285714285717,0.28571428571428564,0.8500000000000004,0.6,0.0,0.5250000000000001,0.7071428571428556,0.5928571428571418,0.728571428571427
0.44423076923076865,0.09039306640625,0.126220703125,0.4000000000000001,0.2,0.0,0.325,0.1642857142857143,0.15714285714285717,0.28571428571428564,0.8500000000000004,0.6,0.0,0.5250000000000001,0.7071428571428556,0.5928571428571418,0.7357142857142841
0.4451923076923071,0.090576171875,0.1265869140625,0.4000000000000001,0.2,0.0,0.325,0.1642857142857143,0.15714285714285717,0.28571428571428564,0.8500000000000004,0.6,0.0,0.5250000000000001,0.7071428571428556,0.5999999999999989,0.7357142857142841
0.44615384615384557,0.0908203125,0.1268310546875,0.4000000000000001,0.2,0.0,0.325,0.1642857142857143,0.15714285714285717,0.28571428571428564,0.8500000000000004,0.6,0.0,0.5250000000000001,0.7142857142857127,0.5999999999999989,0.7357142857142841
0.4471153846153841,0.09100341796875,0.1270751953125,0.4000000000000001,0.2,0.0,0.325,0.1642857142857143,0.15714285714285717,0.28571428571428564,0.8500000000000004,0.6,0.0,0.5250000000000001,0.7214285714285699,0.5999999999999989,0.7357142857142841
0.44807692307692254,0.0911865234375,0.127197265625,0.4000000000000001,0.2,0.0,0.325,0.1642857142857143,0.15714285714285717,0.28571428571428564,0.8500000000000004,0.6,0.0,0.5250000000000001,0.7214285714285699,0.607142857142856,0.7357142857142841
0.44903846153846094,0.09136962890625,0.12744140625,0.4000000000000001,0.2,0.0,0.325,0.1642857142857143,0.15714285714285717,0.28571428571428564,0.8500000000000004,0.6,0.0,0.5250000000000001,0.7214285714285699,0.6142857142857131,0.7357142857142841
0.4499999999999994,0.091552734375,0.127685546875,0.4000000000000001,0.2,0.0,0.325,0.1642857142857143,0.15714285714285717,0.28571428571428564,0.8500000000000004,0.6,0.0,0.5250000000000001,0.728571428571427,0.6142857142857131,0.7357142857142841
0.4509615384615379,0.09173583984375,0.1280517578125,0.4000000000000001,0.2,0.0,0.325,0.1642857142857143,0.15714285714285717,0.28571428571428564,0.8500000000000004,0.6,0.0,0.5250000000000001,0.728571428571427,0.6214285714285702,0.7357142857142841
0.4519230769230763,0.0919189453125,0.1282958984375,0.4000000000000001,0.2,0.0,0.325,0.1642857142857143,0.15714285714285717,0.28571428571428564,0.8500000000000004,0.6,0.0,0.5250000000000001,0.728571428571427,0.6285714285714273,0.7357142857142841
0.4528846153846148,0.0921630859375,0.1285400390625,0.4000000000000001,0.2,0.0,0.325,0.17142857142857146,0.15714285714285717,0.28571428571428564,0.8500000000000004,0.6,0.0,0.5250000000000001,0.728571428571427,0.6285714285714273,0.7357142857142841
0.45384615384615323,0.0924072265625,0.128662109375,0.4250000000000001,0.2,0.0,0.325,0.17142857142857146,0.15714285714285717,0.28571428571428564,0.8500000000000004,0.6,0.0,0.5250000000000001,0.728571428571427,0.6285714285714273,0.7357142857142841
0.4548076923076917,0.0926513671875,0.12890625,0.4250000000000001,0.2,0.0,0.325,0.17142857142857146,0.1642857142857143,0.28571428571428564,0.8500000000000004,0.6,0.0,0.5250000000000001,0.728571428571427,0.6285714285714273,0.7357142857142841
0.4557692307692302,0.0928955078125,0.129150390625,0.4250000000000001,0.2,0.0,0.325,0.1785714285714286,0.1642857142857143,0.28571428571428564,0.8500000000000004,0.6,0.0,0.5250000000000001,0.728571428571427,0.6285714285714273,0.7357142857142841
0.45673076923076866,0.09307861328125,0.12939453125,0.4250000000000001,0.2,0.0,0.325,0.1785714285714286,0.1642857142857143,0.28571428571428564,0.8500000000000004,0.6,0.0,0.5250000000000001,0.728571428571427,0.6357142857142845,0.7357142857142841
0.4576923076923072,0.09332275390625,0.129638671875,0.4250000000000001,0.2,0.0,0.325,0.18571428571428575,0.1642857142857143,0.28571428571428564,0.8500000000000004,0.6,0.0,0.5250000000000001,0.728571428571427,0.6357142857142845,0.7357142857142841
0.4586538461538456,0.09356689453125,0.1298828125,0.4250000000000001,0.2,0.0,0.325,0.18571428571428575,0.17142857142857146,0.28571428571428564,0.8500000000000004,0.6,0.0,0.5250000000000001,0.728571428571427,0.6357142857142845,0.7357142857142841
0.45961538461538404,0.09375,0.130126953125,0.4250000000000001,0.2,0.0,0.325,0.18571428571428575,0.17142857142857146,0.28571428571428564,0.8500000000000004,0.6,0.0,0.5250000000000001,0.728571428571427,0.6357142857142845,0.7428571428571412
0.4605769230769225,0.093994140625,0.13037109375,0.4250000000000001,0.2,0.0,0.325,0.18571428571428575,0.17142857142857146,0.28571428571428564,0.8500000000000004,0.6,0.0,0.5250000000000001,0.7357142857142841,0.6357142857142845,0.7428571428571412
0.461538461538461,0.09417724609375,0.130615234375,0.4250000000000001,0.2,0.0,0.325,0.18571428571428575,0.17142857142857146,0.28571428571428564,0.8500000000000004,0.6,0.0,0.5250000000000001,0.7428571428571412,0.6357142857142845,0.7428571428571412
0.4624999999999994,0.0943603515625,0.130859375,0.4250000000000001,0.2,0.0,0.325,0.18571428571428575,0.17142857142857146,0.28571428571428564,0.8500000000000004,0.6,0.0,0.5250000000000001,0.7428571428571412,0.6428571428571416,0.7428571428571412
0.46346153846153787,0.09454345703125,0.131103515625,0.4250000000000001,0.2,0.0,0.325,0.18571428571428575,0.17142857142857146,0.28571428571428564,0.8500000000000004,0.6,0.0,0.5250000000000001,0.7428571428571412,0.6499999999999987,0.7428571428571412
0.46442307692307633,0.0947265625,0.13134765625,0.4250000000000001,0.2,0.0,0.325,0.18571428571428575,0.17142857142857146,0.28571428571428564,0.8500000000000004,0.6,0.0,0.5250000000000001,0.7499999999999983,0.6499999999999987,0.7428571428571412
0.46538461538461484,0.09490966796875,0.1314697265625,0.4250000000000001,0.2,0.0,0.325,0.18571428571428575,0.17142857142857146,0.28571428571428564,0.8500000000000004,0.6,0.0,0.5250000000000001,0.7499999999999983,0.6571428571428558,0.7428571428571412
0.4663461538461533,0.0950927734375,0.1317138671875,0.4250000000000001,0.2,0.0,0.325,0.18571428571428575,0.17142857142857146,0.28571428571428564,0.8500000000000004,0.6,0.0,0.5250000000000001,0.7499999999999983,0.6642857142857129,0.7428571428571412
0.46730769230769176,0.09527587890625,0.132080078125,0.4250000000000001,0.2,0.0,0.325,0.18571428571428575,0.17142857142857146,0.28571428571428564,0.8500000000000004,0.6,0.0,0.5250000000000001,0.7499999999999983,0.6642857142857129,0.7499999999999983
0.46826923076923016,0.095458984375,0.1322021484375,0.4250000000000001,0.2,0.0,0.325,0.18571428571428575,0.17142857142857146,0.28571428571428564,0.8500000000000004,0.6,0.0,0.5250000000000001,0.7571428571428555,0.6642857142857129,0.7499999999999983
0.4692307692307687,0.09564208984375,0.132568359375,0.4250000000000001,0.2,0.0,0.325,0.18571428571428575,0.17142857142857146,0.28571428571428564,0.8500000000000004,0.6,0.0,0.5250000000000001,0.7571428571428555,0.6642857142857129,0.7571428571428555
0.4701923076923071,0.0958251953125,0.1328125,0.4250000000000001,0.2,0.0,0.325,0.18571428571428575,0.17142857142857146,0.28571428571428564,0.8500000000000004,0.6,0.0,0.5250000000000001,0.7571428571428555,0.6642857142857129,0.7642857142857126
0.47115384615384553,0.09600830078125,0.1329345703125,0.4250000000000001,0.2,0.0,0.325,0.18571428571428575,0.17142857142857146,0.28571428571428564,0.8500000000000004,0.6,0.0,0.5250000000000001,0.7571428571428555,0.6642857142857129,0.7714285714285697
0.472115384615384,0.09619140625,0.1331787109375,0.4250000000000001,0.2,0.0,0.325,0.18571428571428575,0.17142857142857146,0.28571428571428564,0.8500000000000004,0.6,0.0,0.5250000000000001,0.7571428571428555,0.6642857142857129,0.7785714285714268
0.4730769230769224,0.09637451171875,0.1334228515625,0.4250000000000001,0.2,0.0,0.325,0.18571428571428575,0.17142857142857146,0.28571428571428564,0.8500000000000004,0.6,0.0,0.5250000000000001,0.7571428571428555,0.6642857142857129,0.7857142857142839
0.4740384615384609,0.0965576171875,0.1337890625,0.4250000000000001,0.2,0.0,0.325,0.18571428571428575,0.17142857142857146,0.28571428571428564,0.8500000000000004,0.6,0.0,0.5250000000000001,0.7571428571428555,0.6642857142857129,0.792857142857141
0.47499999999999937,0.09674072265625,0.134033203125,0.4250000000000001,0.2,0.0,0.325,0.18571428571428575,0.17142857142857146,0.28571428571428564,0.8500000000000004,0.6,0.0,0.5250000000000001,0.7571428571428555,0.6642857142857129,0.7999999999999982
0.4759615384615378,0.09698486328125,0.13427734375,0.4500000000000001,0.2,0.0,0.325,0.18571428571428575,0.17142857142857146,0.28571428571428564,0.8500000000000004,0.6,0.0,0.5250000000000001,0.7571428571428555,0.6642857142857129,0.7999999999999982
0.47692307692307634,0.09722900390625,0.1343994140625,0.4500000000000001,0.2,0.0,0.35000000000000003,0.18571428571428575,0.17142857142857146,0.28571428571428564,0.8500000000000004,0.6,0.0,0.5250000000000001,0.7571428571428555,0.6642857142857129,0.7999999999999982
0.4778846153846148,0.097412109375,0.1346435546875,0.4500000000000001,0.2,0.0,0.35000000000000003,0.18571428571428575,0.17142857142857146,0.28571428571428564,0.8500000000000004,0.6,0.0,0.5250000000000001,0.7571428571428555,0.6642857142857129,0.8071428571428553
0.47884615384615326,0.09765625,0.1348876953125,0.4500000000000001,0.2,0.0,0.35000000000000003,0.1928571428571429,0.17142857142857146,0.28571428571428564,0.8500000000000004,0.6,0.0,0.5250000000000001,0.7571428571428555,0.6642857142857129,0.8071428571428553
0.47980769230769177,0.097900390625,0.1351318359375,0.4500000000000001,0.2,0.0,0.35000000000000003,0.20000000000000004,0.17142857142857146,0.28571428571428564,0.8500000000000004,0.6,0.0,0.5250000000000001,0.7571428571428555,0.6642857142857129,0.8071428571428553
0.48076923076923017,0.09814453125,0.1353759765625,0.4500000000000001,0.2,0.0,0.35000000000000003,0.20714285714285718,0.17142857142857146,0.28571428571428564,0.8500000000000004,0.6,0.0,0.5250000000000001,0.7571428571428555,0.6642857142857129,0.8071428571428553
0.48173076923076863,0.09832763671875,0.1356201171875,0.4500000000000001,0.2,0.0,0.35000000000000003,0.20714285714285718,0.17142857142857146,0.28571428571428564,0.8500000000000004,0.6,0.0,0.5250000000000001,0.7571428571428555,0.67142857142857,0.8071428571428553
0.4826923076923071,0.0985107421875,0.1358642578125,0.4500000000000001,0.2,0.0,0.35000000000000003,0.20714285714285718,0.17142857142857146,0.28571428571428564,0.8500000000000004,0.6,0.0,0.5250000000000001,0.7571428571428555,0.6785714285714272,0.8071428571428553
0.4836538461538455,0.09869384765625,0.135986328125,0.4500000000000001,0.2,0.0,0.35000000000000003,0.20714285714285718,0.17142857142857146,0.28571428571428564,0.8500000000000004,0.6,0.0,0.5250000000000001,0.7571428571428555,0.6857142857142843,0.8071428571428553
0.484615384615384,0.098876953125,0.13623046875,0.4500000000000001,0.2,0.0,0.35000000000000003,0.20714285714285718,0.17142857142857146,0.28571428571428564,0.8500000000000004,0.6,0.0,0.5250000000000001,0.7642857142857126,0.6857142857142843,0.8071428571428553
0.48557692307692246,0.09912109375,0.1365966796875,0.4500000000000001,0.2,0.0,0.35000000000000003,0.20714285714285718,0.1785714285714286,0.28571428571428564,0.8500000000000004,0.6,0.0,0.5250000000000001,0.7642857142857126,0.6857142857142843,0.8071428571428553
0.4865384615384609,0.09930419921875,0.1368408203125,0.4500000000000001,0.2,0.0,0.35000000000000003,0.20714285714285718,0.1785714285714286,0.28571428571428564,0.8500000000000004,0.6,0.0,0.5250000000000001,0.7714285714285697,0.6857142857142843,0.8071428571428553
0.48749999999999943,0.09954833984375,0.136962890625,0.4500000000000001,0.2,0.0,0.35000000000000003,0.20714285714285718,0.18571428571428575,0.28571428571428564,0.8500000000000004,0.6,0.0,0.5250000000000001,0.7714285714285697,0.6857142857142843,0.8071428571428553
0.4884615384615379,0.0997314453125,0.1373291015625,0.4500000000000001,0.2,0.0,0.35000000000000003,0.20714285714285718,0.18571428571428575,0.28571428571428564,0.8500000000000004,0.6,0.0,0.5250000000000001,0.7785714285714268,0.6857142857142843,0.8071428571428553
0.4894230769230763,0.0999755859375,0.1375732421875,0.4500000000000001,0.2,0.0,0.35000000000000003,0.20714285714285718,0.1928571428571429,0.28571428571428564,0.8500000000000004,0.6,0.0,0.5250000000000001,0.7785714285714268,0.6857142857142843,0.8071428571428553
0.49038461538461475,0.10015869140625,0.1376953125,0.4500000000000001,0.2,0.0,0.35000000000000003,0.20714285714285718,0.1928571428571429,0.28571428571428564,0.8500000000000004,0.6,0.0,0.5250000000000001,0.7857142857142839,0.6857142857142843,0.8071428571428553
0.49134615384615327,0.10040283203125,0.137939453125,0.4500000000000001,0.2,0.0,0.35000000000000003,0.20714285714285718,0.1928571428571429,0.29285714285714276,0.8500000000000004,0.6,0.0,0.5250000000000001,0.7857142857142839,0.6857142857142843,0.8071428571428553
0.4923076923076917,0.10064697265625,0.13818359375,0.4500000000000001,0.2,0.0,0.35000000000000003,0.20714285714285718,0.20000000000000004,0.29285714285714276,0.8500000000000004,0.6,0.0,0.5250000000000001,0.7857142857142839,0.6857142857142843,0.8071428571428553
0.4932692307692302,0.100830078125,0.138427734375,0.4500000000000001,0.2,0.0,0.35000000000000003,0.20714285714285718,0.20000000000000004,0.29285714285714276,0.8500000000000004,0.6,0.0,0.5250000000000001,0.7857142857142839,0.6857142857142843,0.8142857142857124
0.4942307692307686,0.10101318359375,0.138671875,0.4500000000000001,0.2,0.0,0.35000000000000003,0.20714285714285718,0.20000000000000004,0.29285714285714276,0.8500000000000004,0.6,0.0,0.5250000000000001,0.7857142857142839,0.6857142857142843,0.8214285714285695
0.495192307692307,0.10125732421875,0.138916015625,0.4500000000000001,0.2,0.0,0.35000000000000003,0.20714285714285718,0.20714285714285718,0.29285714285714276,0.8500000000000004,0.6,0.0,0.5250000000000001,0.7857142857142839,0.6857142857142843,0.8214285714285695
0.4961538461538455,0.1014404296875,0.1390380859375,0.4500000000000001,0.2,0.0,0.35000000000000003,0.20714285714285718,0.20714285714285718,0.29285714285714276,0.8500000000000004,0.6,0.0,0.5250000000000001,0.7857142857142839,0.6928571428571414,0.8214285714285695
0.49711538461538396,0.10162353515625,0.1392822265625,0.4500000000000001,0.2,0.0,0.35000000000000003,0.20714285714285718,0.20714285714285718,0.29285714285714276,0.8500000000000004,0.6,0.0,0.5250000000000001,0.7857142857142839,0.6999999999999985,0.8214285714285695
0.49807692307692236,0.101806640625,0.1395263671875,0.4500000000000001,0.2,0.0,0.35000000000000003,0.20714285714285718,0.20714285714285718,0.29285714285714276,0.8500000000000004,0.6,0.0,0.5250000000000001,0.792857142857141,0.6999999999999985,0.8214285714285695
0.4990384615384608,0.10198974609375,0.1397705078125,0.4500000000000001,0.2,0.0,0.35000000000000003,0.20714285714285718,0.20714285714285718,0.29285714285714276,0.8500000000000004,0.6,0.0,0.5250000000000001,0.792857142857141,0.6999999999999985,0.8285714285714266
0.49999999999999933,0.1021728515625,0.1400146484375,0.4500000000000001,0.2,0.0,0.35000000000000003,0.20714285714285718,0.20714285714285718,0.29285714285714276,0.8500000000000004,0.6,0.0,0.5250000000000001,0.792857142857141,0.7071428571428556,0.8285714285714266
0.5009615384615378,0.10235595703125,0.140380859375,0.4500000000000001,0.2,0.0,0.35000000000000003,0.20714285714285718,0.20714285714285718,0.29285714285714276,0.8500000000000004,0.6,0.0,0.5250000000000001,0.792857142857141,0.7142857142857127,0.8285714285714266
0.5019230769230763,0.1025390625,0.140625,0.4500000000000001,0.2,0.0,0.35000000000000003,0.20714285714285718,0.20714285714285718,0.29285714285714276,0.8500000000000004,0.6,0.0,0.5250000000000001,0.792857142857141,0.7142857142857127,0.8357142857142837
0.5028846153846147,0.10272216796875,0.140625,0.4500000000000001,0.2,0.0,0.35000000000000003,0.20714285714285718,0.20714285714285718,0.29285714285714276,0.8500000000000004,0.6,0.0,0.5250000000000001,0.792857142857141,0.7214285714285699,0.8357142857142837
0.5038461538461532,0.1029052734375,0.1409912109375,0.4500000000000001,0.2,0.0,0.35000000000000003,0.20714285714285718,0.20714285714285718,0.29285714285714276,0.8500000000000004,0.6,0.0,0.5250000000000001,0.792857142857141,0.728571428571427,0.8357142857142837
0.5048076923076916,0.10308837890625,0.1412353515625,0.4500000000000001,0.2,0.0,0.35000000000000003,0.20714285714285718,0.20714285714285718,0.29285714285714276,0.8500000000000004,0.6,0.0,0.5250000000000001,0.792857142857141,0.7357142857142841,0.8357142857142837
0.5057692307692301,0.103271484375,0.141357421875,0.4500000000000001,0.2,0.0,0.35000000000000003,0.20714285714285718,0.20714285714285718,0.29285714285714276,0.8500000000000004,0.6,0.0,0.5250000000000001,0.792857142857141,0.7428571428571412,0.8357142857142837
0.5067307692307685,0.10345458984375,0.1417236328125,0.4500000000000001,0.2,0.0,0.35000000000000003,0.20714285714285718,0.20714285714285718,0.29285714285714276,0.8500000000000004,0.6,0.0,0.5250000000000001,0.792857142857141,0.7428571428571412,0.8428571428571409
0.507692307692307,0.1036376953125,0.1419677734375,0.4500000000000001,0.2,0.0,0.35000000000000003,0.20714285714285718,0.20714285714285718,0.29285714285714276,0.8500000000000004,0.6,0.0,0.5250000000000001,0.792857142857141,0.7428571428571412,0.849999999999998
0.5086538461538455,0.10382080078125,0.1422119140625,0.4500000000000001,0.2,0.0,0.35000000000000003,0.20714285714285718,0.20714285714285718,0.29285714285714276,0.8500000000000004,0.6,0.0,0.5250000000000001,0.792857142857141,0.7428571428571412,0.8571428571428551
0.5096153846153839,0.10400390625,0.142333984375,0.4500000000000001,0.2,0.0,0.35000000000000003,0.20714285714285718,0.20714285714285718,0.29285714285714276,0.8500000000000004,0.6,0.0,0.5250000000000001,0.792857142857141,0.7428571428571412,0.8642857142857122
0.5105769230769224,0.104248046875,0.142578125,0.47500000000000014,0.2,0.0,0.35000000000000003,0.20714285714285718,0.20714285714285718,0.29285714285714276,0.8500000000000004,0.6,0.0,0.5250000000000001,0.792857142857141,0.7428571428571412,0.8642857142857122
0.5115384615384608,0.1044921875,0.142822265625,0.47500000000000014,0.2,0.0,0.37500000000000006,0.20714285714285718,0.20714285714285718,0.29285714285714276,0.8500000000000004,0.6,0.0,0.5250000000000001,0.792857142857141,0.7428571428571412,0.8642857142857122
0.5124999999999994,0.104736328125,0.14306640625,0.47500000000000014,0.2,0.0,0.37500000000000006,0.21428571428571433,0.20714285714285718,0.29285714285714276,0.8500000000000004,0.6,0.0,0.5250000000000001,0.792857142857141,0.7428571428571412,0.8642857142857122
0.5134615384615379,0.10491943359375,0.143310546875,0.47500000000000014,0.2,0.0,0.37500000000000006,0.21428571428571433,0.20714285714285718,0.29285714285714276,0.8500000000000004,0.6,0.0,0.5250000000000001,0.792857142857141,0.7499999999999983,0.8642857142857122
0.5144230769230763,0.1051025390625,0.1436767578125,0.47500000000000014,0.2,0.0,0.37500000000000006,0.21428571428571433,0.20714285714285718,0.29285714285714276,0.8500000000000004,0.6,0.0,0.5250000000000001,0.792857142857141,0.7571428571428555,0.8642857142857122
0.5153846153846147,0.10528564453125,0.1439208984375,0.47500000000000014,0.2,0.0,0.37500000000000006,0.21428571428571433,0.20714285714285718,0.29285714285714276,0.8500000000000004,0.6,0.0,0.5250000000000001,0.7999999999999982,0.7571428571428555,0.8642857142857122
0.5163461538461531,0.10552978515625,0.14404296875,0.47500000000000014,0.2,0.0,0.37500000000000006,0.22142857142857147,0.20714285714285718,0.29285714285714276,0.8500000000000004,0.6,0.0,0.5250000000000001,0.7999999999999982,0.7571428571428555,0.8642857142857122
0.5173076923076916,0.105712890625,0.144287109375,0.47500000000000014,0.2,0.0,0.37500000000000006,0.22142857142857147,0.20714285714285718,0.29285714285714276,0.8500000000000004,0.6,0.0,0.5250000000000001,0.7999999999999982,0.7571428571428555,0.8714285714285693
0.5182692307692301,0.10595703125,0.14453125,0.47500000000000014,0.2,0.0,0.37500000000000006,0.22857142857142862,0.20714285714285718,0.29285714285714276,0.8500000000000004,0.6,0.0,0.5250000000000001,0.7999999999999982,0.7571428571428555,0.8714285714285693
0.5192307692307685,0.10614013671875,0.144775390625,0.47500000000000014,0.2,0.0,0.37500000000000006,0.22857142857142862,0.20714285714285718,0.29285714285714276,0.8500000000000004,0.6,0.0,0.5250000000000001,0.8071428571428553,0.7571428571428555,0.8714285714285693
0.520192307692307,0.10638427734375,0.14501953125,0.47500000000000014,0.2,0.0,0.37500000000000006,0.23571428571428577,0.20714285714285718,0.29285714285714276,0.8500000000000004,0.6,0.0,0.5250000000000001,0.8071428571428553,0.7571428571428555,0.8714285714285693
0.5211538461538455,0.1065673828125,0.145263671875,0.47500000000000014,0.2,0.0,0.37500000000000006,0.23571428571428577,0.20714285714285718,0.29285714285714276,0.8500000000000004,0.6,0.0,0.5250000000000001,0.8142857142857124,0.7571428571428555,0.8714285714285693
0.5221153846153839,0.10675048828125,0.1453857421875,0.47500000000000014,0.2,0.0,0.37500000000000006,0.23571428571428577,0.20714285714285718,0.29285714285714276,0.8500000000000004,0.6,0.0,0.5250000000000001,0.8142857142857124,0.7642857142857126,0.8714285714285693
0.5230769230769223,0.10693359375,0.1456298828125,0.47500000000000014,0.2,0.0,0.37500000000000006,0.23571428571428577,0.20714285714285718,0.29285714285714276,0.8500000000000004,0.6,0.0,0.5250000000000001,0.8142857142857124,0.7714285714285697,0.8714285714285693
0.5240384615384609,0.10711669921875,0.1458740234375,0.47500000000000014,0.2,0.0,0.37500000000000006,0.23571428571428577,0.20714285714285718,0.29285714285714276,0.8500000000000004,0.6,0.0,0.5250000000000001,0.8142857142857124,0.7785714285714268,0.8714285714285693
0.5249999999999992,0.1072998046875,0.1461181640625,0.47500000000000014,0.2,0.0,0.37500000000000006,0.23571428571428577,0.20714285714285718,0.29285714285714276,0.8500000000000004,0.6,0.0,0.5250000000000001,0.8142857142857124,0.7857142857142839,0.8714285714285693
0.5259615384615377,0.10748291015625,0.1463623046875,0.47500000000000014,0.2,0.0,0.37500000000000006,0.23571428571428577,0.20714285714285718,0.29285714285714276,0.8500000000000004,0.6,0.0,0.5250000000000001,0.8142857142857124,0.7857142857142839,0.8785714285714264
0.5269230769230762,0.107666015625,0.1466064453125,0.47500000000000014,0.2,0.0,0.37500000000000006,0.23571428571428577,0.20714285714285718,0.29285714285714276,0.8500000000000004,0.6,0.0,0.5250000000000001,0.8142857142857124,0.792857142857141,0.8785714285714264
0.5278846153846146,0.10784912109375,0.1468505859375,0.47500000000000014,0.2,0.0,0.37500000000000006,0.23571428571428577,0.20714285714285718,0.29285714285714276,0.8500000000000004,0.6,0.0,0.5250000000000001,0.8142857142857124,0.792857142857141,0.8857142857142836
0.5288461538461531,0.1080322265625,0.1468505859375,0.47500000000000014,0.2,0.0,0.37500000000000006,0.23571428571428577,0.20714285714285718,0.29285714285714276,0.8500000000000004,0.6,0.0,0.5250000000000001,0.8142857142857124,0.792857142857141,0.8928571428571407
0.5298076923076915,0.10821533203125,0.1470947265625,0.47500000000000014,0.2,0.0,0.37500000000000006,0.23571428571428577,0.20714285714285718,0.29285714285714276,0.8500000000000004,0.6,0.0,0.5250000000000001,0.8142857142857124,0.792857142857141,0.8999999999999978
0.53076923076923,0.1083984375,0.1473388671875,0.47500000000000014,0.2,0.0,0.37500000000000006,0.23571428571428577,0.20714285714285718,0.29285714285714276,0.8500000000000004,0.6,0.0,0.5250000000000001,0.8142857142857124,0.792857142857141,0.9071428571428549
0.5317307692307685,0.108642578125,0.1475830078125,0.47500000000000014,0.2,0.0,0.37500000000000006,0.23571428571428577,0.21428571428571433,0.29285714285714276,0.8500000000000004,0.6,0.0,0.5250000000000001,0.8142857142857124,0.792857142857141,0.9071428571428549
0.5326923076923069,0.10882568359375,0.1478271484375,0.47500000000000014,0.2,0.0,0.37500000000000006,0.23571428571428577,0.21428571428571433,0.29285714285714276,0.8500000000000004,0.6,0.0,0.5250000000000001,0.8214285714285695,0.792857142857141,0.9071428571428549
0.5336538461538454,0.1090087890625,0.1480712890625,0.47500000000000014,0.2,0.0,0.37500000000000006,0.23571428571428577,0.21428571428571433,0.29285714285714276,0.8500000000000004,0.6,0.0,0.5250000000000001,0.8285714285714266,0.792857142857141,0.9071428571428549
0.5346153846153838,0.10919189453125,0.1483154296875,0.47500000000000014,0.2,0.0,0.37500000000000006,0.23571428571428577,0.21428571428571433,0.29285714285714276,0.8500000000000004,0.6,0.0,0.5250000000000001,0.8285714285714266,0.7999999999999982,0.9071428571428549
0.5355769230769223,0.109375,0.1485595703125,0.47500000000000014,0.2,0.0,0.37500000000000006,0.23571428571428577,0.21428571428571433,0.29285714285714276,0.8500000000000004,0.6,0.0,0.5250000000000001,0.8285714285714266,0.8071428571428553,0.9071428571428549
0.5365384615384607,0.10955810546875,0.1488037109375,0.47500000000000014,0.2,0.0,0.37500000000000006,0.23571428571428577,0.21428571428571433,0.29285714285714276,0.8500000000000004,0.6,0.0,0.5250000000000001,0.8285714285714266,0.8142857142857124,0.9071428571428549
0.5374999999999992,0.1097412109375,0.1490478515625,0.47500000000000014,0.2,0.0,0.37500000000000006,0.23571428571428577,0.21428571428571433,0.29285714285714276,0.8500000000000004,0.6,0.0,0.5250000000000001,0.8285714285714266,0.8142857142857124,0.914285714285712
0.5384615384615377,0.10992431640625,0.1492919921875,0.47500000000000014,0.2,0.0,0.37500000000000006,0.23571428571428577,0.21428571428571433,0.29285714285714276,0.8500000000000004,0.6,0.0,0.5250000000000001,0.8285714285714266,0.8142857142857124,0.9214285714285692
0.5394230769230762,0.11016845703125,0.1495361328125,0.47500000000000014,0.2,0.0,0.37500000000000006,0.23571428571428577,0.22142857142857147,0.29285714285714276,0.8500000000000004,0.6,0.0,0.5250000000000001,0.8285714285714266,0.8142857142857124,0.9214285714285692
0.5403846153846147,0.1103515625,0.1497802734375,0.47500000000000014,0.2,0.0,0.37500000000000006,0.23571428571428577,0.22142857142857147,0.29285714285714276,0.8500000000000004,0.6,0.0,0.5500000000000002,0.8285714285714266,0.8142857142857124,0.9214285714285692
0.541346153846153,0.110595703125,0.1500244140625,0.5000000000000001,0.2,0.0,0.37500000000000006,0.23571428571428577,0.22142857142857147,0.29285714285714276,0.8500000000000004,0.6,0.0,0.5500000000000002,0.8285714285714266,0.8142857142857124,0.9214285714285692
0.5423076923076916,0.11083984375,0.150146484375,0.5000000000000001,0.30000000000000004,0.0,0.37500000000000006,0.23571428571428577,0.22142857142857147,0.29285714285714276,0.8500000000000004,0.6,0.0,0.5500000000000002,0.8285714285714266,0.8142857142857124,0.9214285714285692
0.5432692307692301,0.111083984375,0.150390625,0.5000000000000001,0.30000000000000004,0.0,0.4000000000000001,0.23571428571428577,0.22142857142857147,0.29285714285714276,0.8500000000000004,0.6,0.0,0.5500000000000002,0.8285714285714266,0.8142857142857124,0.9214285714285692
0.5442307692307684,0.111328125,0.1505126953125,0.5000000000000001,0.30000000000000004,0.0,0.4000000000000001,0.2428571428571429,0.22142857142857147,0.29285714285714276,0.8500000000000004,0.6,0.0,0.5500000000000002,0.8285714285714266,0.8142857142857124,0.9214285714285692
0.545192307692307,0.111572265625,0.15087890625,0.5000000000000001,0.30000000000000004,0.0,0.4000000000000001,0.25000000000000006,0.22142857142857147,0.29285714285714276,0.8500000000000004,0.6,0.0,0.5500000000000002,0.8285714285714266,0.8142857142857124,0.9214285714285692
0.5461538461538453,0.11175537109375,0.151123046875,0.5000000000000001,0.30000000000000004,0.0,0.4000000000000001,0.25000000000000006,0.22142857142857147,0.29285714285714276,0.8500000000000004,0.6,0.0,0.5500000000000002,0.8357142857142837,0.8142857142857124,0.9214285714285692
0.5471153846153839,0.1119384765625,0.1513671875,0.5000000000000001,0.30000000000000004,0.0,0.4000000000000001,0.25000000000000006,0.22142857142857147,0.29285714285714276,0.8500000000000004,0.6,0.0,0.5500000000000002,0.8428571428571409,0.8142857142857124,0.9214285714285692
0.5480769230769224,0.11212158203125,0.151611328125,0.5000000000000001,0.30000000000000004,0.0,0.4000000000000001,0.25000000000000006,0.22142857142857147,0.29285714285714276,0.8500000000000004,0.6,0.0,0.5500000000000002,0.849999999999998,0.8142857142857124,0.9214285714285692
0.5490384615384607,0.1123046875,0.151611328125,0.5000000000000001,0.30000000000000004,0.0,0.4000000000000001,0.25000000000000006,0.22142857142857147,0.29285714285714276,0.8500000000000004,0.6,0.0,0.5500000000000002,0.8571428571428551,0.8142857142857124,0.9214285714285692
0.5499999999999992,0.11248779296875,0.1519775390625,0.5000000000000001,0.30000000000000004,0.0,0.4000000000000001,0.25000000000000006,0.22142857142857147,0.29285714285714276,0.8500000000000004,0.6,0.0,0.5500000000000002,0.8571428571428551,0.8142857142857124,0.9285714285714263
0.5509615384615376,0.1126708984375,0.152099609375,0.5000000000000001,0.30000000000000004,0.0,0.4000000000000001,0.25000000000000006,0.22142857142857147,0.29285714285714276,0.8500000000000004,0.6,0.0,0.5500000000000002,0.8571428571428551,0.8142857142857124,0.9357142857142834
0.5519230769230762,0.1129150390625,0.15234375,0.5000000000000001,0.30000000000000004,0.0,0.4000000000000001,0.2571428571428572,0.22142857142857147,0.29285714285714276,0.8500000000000004,0.6,0.0,0.5500000000000002,0.8571428571428551,0.8142857142857124,0.9357142857142834
0.5528846153846145,0.11309814453125,0.152587890625,0.5000000000000001,0.30000000000000004,0.0,0.4000000000000001,0.2571428571428572,0.22142857142857147,0.29285714285714276,0.8500000000000004,0.6,0.0,0.5500000000000002,0.8642857142857122,0.8142857142857124,0.9357142857142834
0.553846153846153,0.11328125,0.15283203125,0.5000000000000001,0.30000000000000004,0.0,0.4000000000000001,0.2571428571428572,0.22142857142857147,0.29285714285714276,0.8500000000000004,0.6,0.0,0.5500000000000002,0.8642857142857122,0.8142857142857124,0.9428571428571405
0.5548076923076914,0.113525390625,0.1531982421875,0.5000000000000001,0.30000000000000004,0.0,0.4000000000000001,0.2642857142857143,0.22142857142857147,0.29285714285714276,0.8500000000000004,0.6,0.0,0.5500000000000002,0.8642857142857122,0.8142857142857124,0.9428571428571405
0.5557692307692299,0.11370849609375,0.1534423828125,0.5000000000000001,0.30000000000000004,0.0,0.4000000000000001,0.2642857142857143,0.22142857142857147,0.29285714285714276,0.8500000000000004,0.6,0.0,0.5500000000000002,0.8642857142857122,0.8214285714285695,0.9428571428571405
0.5567307692307684,0.1138916015625,0.153564453125,0.5000000000000001,0.30000000000000004,0.0,0.4000000000000001,0.2642857142857143,0.22142857142857147,0.29285714285714276,0.8500000000000004,0.6,0.0,0.5500000000000002,0.8642857142857122,0.8285714285714266,0.9428571428571405
0.5576923076923068,0.11407470703125,0.1536865234375,0.5000000000000001,0.30000000000000004,0.0,0.4000000000000001,0.2642857142857143,0.22857142857142862,0.29285714285714276,0.8500000000000004,0.6,0.0,0.5500000000000002,0.8642857142857122,0.8285714285714266,0.9428571428571405
0.5586538461538454,0.1142578125,0.1539306640625,0.5000000000000001,0.30000000000000004,0.0,0.4000000000000001,0.2642857142857143,0.22857142857142862,0.29285714285714276,0.8500000000000004,0.6,0.0,0.5500000000000002,0.8642857142857122,0.8357142857142837,0.9428571428571405
0.5596153846153837,0.11444091796875,0.1541748046875,0.5000000000000001,0.30000000000000004,0.0,0.4000000000000001,0.2642857142857143,0.22857142857142862,0.29285714285714276,0.8500000000000004,0.6,0.0,0.5500000000000002,0.8642857142857122,0.8428571428571409,0.9428571428571405
0.5605769230769222,0.1146240234375,0.1544189453125,0.5000000000000001,0.30000000000000004,0.0,0.4000000000000001,0.2642857142857143,0.22857142857142862,0.29285714285714276,0.8500000000000004,0.6,0.0,0.5500000000000002,0.8642857142857122,0.849999999999998,0.9428571428571405
0.5615384615384607,0.11480712890625,0.1546630859375,0.5000000000000001,0.30000000000000004,0.0,0.4000000000000001,0.2642857142857143,0.22857142857142862,0.29285714285714276,0.8500000000000004,0.6,0.0,0.5500000000000002,0.8642857142857122,0.8571428571428551,0.9428571428571405
0.5624999999999992,0.11505126953125,0.15478515625,0.5250000000000001,0.30000000000000004,0.0,0.4000000000000001,0.2642857142857143,0.22857142857142862,0.29285714285714276,0.8500000000000004,0.6,0.0,0.5500000000000002,0.8642857142857122,0.8571428571428551,0.9428571428571405
0.5634615384615377,0.115234375,0.1549072265625,0.5250000000000001,0.30000000000000004,0.0,0.4000000000000001,0.2642857142857143,0.22857142857142862,0.29285714285714276,0.8500000000000004,0.6,0.0,0.5500000000000002,0.8642857142857122,0.8571428571428551,0.9499999999999976
0.5644230769230761,0.115478515625,0.1552734375,0.5250000000000001,0.30000000000000004,0.0,0.4000000000000001,0.2714285714285714,0.22857142857142862,0.29285714285714276,0.8500000000000004,0.6,0.0,0.5500000000000002,0.8642857142857122,0.8571428571428551,0.9499999999999976
0.5653846153846145,0.11566162109375,0.1553955078125,0.5250000000000001,0.30000000000000004,0.0,0.4000000000000001,0.2714285714285714,0.23571428571428577,0.29285714285714276,0.8500000000000004,0.6,0.0,0.5500000000000002,0.8642857142857122,0.8571428571428551,0.9499999999999976
0.566346153846153,0.1158447265625,0.1556396484375,0.5250000000000001,0.30000000000000004,0.0,0.4000000000000001,0.2714285714285714,0.23571428571428577,0.29285714285714276,0.8500000000000004,0.6,0.0,0.5500000000000002,0.8642857142857122,0.8642857142857122,0.9499999999999976
0.5673076923076915,0.1160888671875,0.1558837890625,0.5250000000000001,0.30000000000000004,0.0,0.4000000000000001,0.2785714285714285,0.23571428571428577,0.29285714285714276,0.8500000000000004,0.6,0.0,0.5500000000000002,0.8642857142857122,0.8642857142857122,0.9499999999999976
0.56826923076923,0.11627197265625,0.1561279296875,0.5250000000000001,0.30000000000000004,0.0,0.4000000000000001,0.2785714285714285,0.23571428571428577,0.29285714285714276,0.8500000000000004,0.6,0.0,0.5500000000000002,0.8714285714285693,0.8642857142857122,0.9499999999999976
0.5692307692307684,0.116455078125,0.1563720703125,0.5250000000000001,0.30000000000000004,0.0,0.4000000000000001,0.2785714285714285,0.23571428571428577,0.29285714285714276,0.8500000000000004,0.6,0.0,0.5500000000000002,0.8785714285714264,0.8642857142857122,0.9499999999999976
0.5701923076923069,0.11663818359375,0.156494140625,0.5250000000000001,0.30000000000000004,0.0,0.4000000000000001,0.2785714285714285,0.23571428571428577,0.29285714285714276,0.8500000000000004,0.6,0.0,0.5500000000000002,0.8785714285714264,0.8642857142857122,0.9571428571428547
0.5711538461538453,0.1168212890625,0.1566162109375,0.5250000000000001,0.30000000000000004,0.0,0.4000000000000001,0.2785714285714285,0.23571428571428577,0.29285714285714276,0.8500000000000004,0.6,0.0,0.5500000000000002,0.8857142857142836,0.8642857142857122,0.9571428571428547
0.5721153846153838,0.1170654296875,0.1568603515625,0.5250000000000001,0.30000000000000004,0.0,0.4000000000000001,0.28571428571428564,0.23571428571428577,0.29285714285714276,0.8500000000000004,0.6,0.0,0.5500000000000002,0.8857142857142836,0.8642857142857122,0.9571428571428547
0.5730769230769222,0.1173095703125,0.1571044921875,0.5250000000000001,0.30000000000000004,0.0,0.4000000000000001,0.29285714285714276,0.23571428571428577,0.29285714285714276,0.8500000000000004,0.6,0.0,0.5500000000000002,0.8857142857142836,0.8642857142857122,0.9571428571428547
0.5740384615384606,0.11749267578125,0.1573486328125,0.5250000000000001,0.30000000000000004,0.0,0.4000000000000001,0.29285714285714276,0.23571428571428577,0.29285714285714276,0.8500000000000004,0.6,0.0,0.5500000000000002,0.8857142857142836,0.8714285714285693,0.9571428571428547
0.5749999999999992,0.11767578125,0.157470703125,0.5250000000000001,0.30000000000000004,0.0,0.4000000000000001,0.29285714285714276,0.23571428571428577,0.29285714285714276,0.8500000000000004,0.6,0.0,0.5500000000000002,0.8857142857142836,0.8785714285714264,0.9571428571428547
0.5759615384615375,0.11785888671875,0.15771484375,0.5250000000000001,0.30000000000000004,0.0,0.4000000000000001,0.29285714285714276,0.23571428571428577,0.29285714285714276,0.8500000000000004,0.6,0.0,0.5500000000000002,0.8857142857142836,0.8857142857142836,0.9571428571428547
0.576923076923076,0.1180419921875,0.157958984375,0.5250000000000001,0.30000000000000004,0.0,0.4000000000000001,0.29285714285714276,0.23571428571428577,0.29285714285714276,0.8500000000000004,0.6,0.0,0.5500000000000002,0.8857142857142836,0.8857142857142836,0.9642857142857119
0.5778846153846146,0.1182861328125,0.158203125,0.5250000000000001,0.30000000000000004,0.0,0.4000000000000001,0.2999999999999999,0.23571428571428577,0.29285714285714276,0.8500000000000004,0.6,0.0,0.5500000000000002,0.8857142857142836,0.8857142857142836,0.9642857142857119
0.5788461538461529,0.11846923828125,0.158447265625,0.5250000000000001,0.30000000000000004,0.0,0.4000000000000001,0.2999999999999999,0.23571428571428577,0.29285714285714276,0.8500000000000004,0.6,0.0,0.5500000000000002,0.8928571428571407,0.8857142857142836,0.9642857142857119
0.5798076923076914,0.11865234375,0.1585693359375,0.5250000000000001,0.30000000000000004,0.0,0.4000000000000001,0.2999999999999999,0.23571428571428577,0.29285714285714276,0.8500000000000004,0.6,0.0,0.5500000000000002,0.8999999999999978,0.8857142857142836,0.9642857142857119
0.5807692307692298,0.118896484375,0.15869140625,0.5250000000000001,0.30000000000000004,0.0,0.4000000000000001,0.307142857142857,0.23571428571428577,0.29285714285714276,0.8500000000000004,0.6,0.0,0.5500000000000002,0.8999999999999978,0.8857142857142836,0.9642857142857119
0.5817307692307683,0.119140625,0.158935546875,0.5250000000000001,0.30000000000000004,0.0,0.4000000000000001,0.3142857142857141,0.23571428571428577,0.29285714285714276,0.8500000000000004,0.6,0.0,0.5500000000000002,0.8999999999999978,0.8857142857142836,0.9642857142857119
0.5826923076923067,0.11932373046875,0.1591796875,0.5250000000000001,0.30000000000000004,0.0,0.4000000000000001,0.3142857142857141,0.23571428571428577,0.29285714285714276,0.8500000000000004,0.6,0.0,0.5500000000000002,0.8999999999999978,0.8928571428571407,0.9642857142857119
0.5836538461538453,0.11956787109375,0.159423828125,0.5250000000000001,0.30000000000000004,0.0,0.4000000000000001,0.3142857142857141,0.2428571428571429,0.29285714285714276,0.8500000000000004,0.6,0.0,0.5500000000000002,0.8999999999999978,0.8928571428571407,0.9642857142857119
0.5846153846153836,0.1197509765625,0.1595458984375,0.5250000000000001,0.30000000000000004,0.0,0.4000000000000001,0.3142857142857141,0.25000000000000006,0.29285714285714276,0.8500000000000004,0.6,0.0,0.5500000000000002,0.8999999999999978,0.8928571428571407,0.9642857142857119
0.5855769230769222,0.11993408203125,0.1597900390625,0.5250000000000001,0.30000000000000004,0.0,0.4000000000000001,0.3142857142857141,0.2571428571428572,0.29285714285714276,0.8500000000000004,0.6,0.0,0.5500000000000002,0.8999999999999978,0.8928571428571407,0.9642857142857119
0.5865384615384607,0.12017822265625,0.1600341796875,0.5250000000000001,0.30000000000000004,0.0,0.4000000000000001,0.32142857142857123,0.2571428571428572,0.29285714285714276,0.8500000000000004,0.6,0.0,0.5500000000000002,0.8999999999999978,0.8928571428571407,0.9642857142857119
0.5874999999999991,0.120361328125,0.1600341796875,0.5250000000000001,0.30000000000000004,0.0,0.4000000000000001,0.32142857142857123,0.2571428571428572,0.29285714285714276,0.8500000000000004,0.6,0.0,0.5500000000000002,0.8999999999999978,0.8928571428571407,0.971428571428569
0.5884615384615375,0.12054443359375,0.1602783203125,0.5250000000000001,0.30000000000000004,0.0,0.4000000000000001,0.32142857142857123,0.2571428571428572,0.29285714285714276,0.8500000000000004,0.6,0.0,0.5500000000000002,0.8999999999999978,0.8999999999999978,0.971428571428569
0.5894230769230759,0.12078857421875,0.1605224609375,0.5250000000000001,0.30000000000000004,0.0,0.4250000000000001,0.32142857142857123,0.2571428571428572,0.29285714285714276,0.8500000000000004,0.6,0.0,0.5500000000000002,0.8999999999999978,0.8999999999999978,0.971428571428569
0.5903846153846145,0.12103271484375,0.1607666015625,0.5250000000000001,0.30000000000000004,0.0,0.4250000000000001,0.32857142857142835,0.2571428571428572,0.29285714285714276,0.8500000000000004,0.6,0.0,0.5500000000000002,0.8999999999999978,0.8999999999999978,0.971428571428569
0.5913461538461529,0.1212158203125,0.160888671875,0.5250000000000001,0.30000000000000004,0.0,0.4250000000000001,0.32857142857142835,0.2571428571428572,0.29285714285714276,0.8500000000000004,0.6,0.0,0.5500000000000002,0.9071428571428549,0.8999999999999978,0.971428571428569
0.5923076923076913,0.12139892578125,0.1611328125,0.5250000000000001,0.30000000000000004,0.0,0.4250000000000001,0.32857142857142835,0.2571428571428572,0.29285714285714276,0.8500000000000004,0.6,0.0,0.5500000000000002,0.914285714285712,0.8999999999999978,0.971428571428569
0.5932692307692298,0.12158203125,0.161376953125,0.5250000000000001,0.30000000000000004,0.0,0.4250000000000001,0.32857142857142835,0.2571428571428572,0.29285714285714276,0.8500000000000004,0.6,0.0,0.5500000000000002,0.914285714285712,0.9071428571428549,0.971428571428569
0.5942307692307682,0.12176513671875,0.1614990234375,0.5250000000000001,0.30000000000000004,0.0,0.4250000000000001,0.32857142857142835,0.2571428571428572,0.29285714285714276,0.8500000000000004,0.6,0.0,0.5500000000000002,0.914285714285712,0.914285714285712,0.971428571428569
0.5951923076923068,0.12200927734375,0.1617431640625,0.5250000000000001,0.30000000000000004,0.0,0.4250000000000001,0.32857142857142835,0.2642857142857143,0.29285714285714276,0.8500000000000004,0.6,0.0,0.5500000000000002,0.914285714285712,0.914285714285712,0.971428571428569
0.5961538461538451,0.1221923828125,0.161865234375,0.5250000000000001,0.30000000000000004,0.0,0.4250000000000001,0.32857142857142835,0.2714285714285714,0.29285714285714276,0.8500000000000004,0.6,0.0,0.5500000000000002,0.914285714285712,0.914285714285712,0.971428571428569
0.5971153846153837,0.12237548828125,0.1619873046875,0.5250000000000001,0.30000000000000004,0.0,0.4250000000000001,0.32857142857142835,0.2785714285714285,0.29285714285714276,0.8500000000000004,0.6,0.0,0.5500000000000002,0.914285714285712,0.914285714285712,0.971428571428569
0.5980769230769222,0.12255859375,0.1622314453125,0.5250000000000001,0.30000000000000004,0.0,0.4250000000000001,0.32857142857142835,0.2785714285714285,0.29285714285714276,0.8500000000000004,0.6,0.0,0.5500000000000002,0.914285714285712,0.914285714285712,0.9785714285714261
0.5990384615384606,0.122802734375,0.162353515625,0.5500000000000002,0.30000000000000004,0.0,0.4250000000000001,0.32857142857142835,0.2785714285714285,0.29285714285714276,0.8500000000000004,0.6,0.0,0.5500000000000002,0.914285714285712,0.914285714285712,0.9785714285714261
0.599999999999999,0.123046875,0.16259765625,0.5750000000000002,0.30000000000000004,0.0,0.4250000000000001,0.32857142857142835,0.2785714285714285,0.29285714285714276,0.8500000000000004,0.6,0.0,0.5500000000000002,0.914285714285712,0.914285714285712,0.9785714285714261
0.6009615384615375,0.123291015625,0.162841796875,0.5750000000000002,0.30000000000000004,0.0,0.4250000000000001,0.33571428571428547,0.2785714285714285,0.29285714285714276,0.8500000000000004,0.6,0.0,0.5500000000000002,0.914285714285712,0.914285714285712,0.9785714285714261
