Effective Sparsity,Activation Error,Baseline Error,q0,k0,v0,o0,gate0,up0,down0,q1,k1,v1,o1,gate1,up1,down1
0.0009615384615384615,7.009506225585938e-05,0.002147674560546875,0.0,0.0,0.0,0.0,0.0,0.0,0.0,0.0,0.0,0.0,0.0,0.0,0.0,0.007142857142857143
0.001923076923076923,0.00012362003326416016,0.002147674560546875,0.0,0.0,0.0,0.0,0.0,0.0,0.0,0.0,0.0,0.0,0.0,0.007142857142857143,0.0,0.007142857142857143
0.0028846153846153843,0.0001589059829711914,0.002147674560546875,0.0,0.0,0.0,0.0,0.0,0.0,0.0,0.0,0.0,0.0,0.0,0.007142857142857143,0.007142857142857143,0.007142857142857143
0.003846153846153846,0.0002071857452392578,0.002147674560546875,0.0,0.0,0.0,0.0,0.0,0.0,0.007142857142857143,0.0,0.0,0.0,0.0,0.007142857142857143,0.007142857142857143,0.007142857142857143
0.004807692307692307,0.00025725364685058594,0.002147674560546875,0.0,0.0,0.0,0.0,0.007142857142857143,0.0,0.007142857142857143,0.0,0.0,0.0,0.0,0.007142857142857143,0.007142857142857143,0.007142857142857143
0.005769230769230769,0.0003120899200439453,0.002147674560546875,0.0,0.0,0.0,0.0,0.007142857142857143,0.007142857142857143,0.007142857142857143,0.0,0.0,0.0,0.0,0.007142857142857143,0.007142857142857143,0.007142857142857143
0.00673076923076923,0.0006546974182128906,0.002147674560546875,0.0,0.0,0.0,0.0,0.007142857142857143,0.007142857142857143,0.007142857142857143,0.0,0.0,0.0,0.0,0.007142857142857143,0.007142857142857143,0.014285714285714285
0.007692307692307692,0.0009331703186035156,0.002147674560546875,0.0,0.0,0.0,0.0,0.007142857142857143,0.007142857142857143,0.007142857142857143,0.0,0.0,0.0,0.0,0.007142857142857143,0.007142857142857143,0.02142857142857143
0.008653846153846153,0.0013055801391601562,0.002147674560546875,0.0,0.0,0.0,0.0,0.007142857142857143,0.007142857142857143,0.007142857142857143,0.0,0.0,0.0,0.0,0.007142857142857143,0.007142857142857143,0.02857142857142857
0.009615384615384616,0.0016126632690429688,0.002147674560546875,0.0,0.0,0.0,0.0,0.007142857142857143,0.007142857142857143,0.014285714285714285,0.0,0.0,0.0,0.0,0.007142857142857143,0.007142857142857143,0.02857142857142857
0.010576923076923076,0.0019521713256835938,0.010406494140625,0.0,0.0,0.0,0.0,0.007142857142857143,0.007142857142857143,0.02142857142857143,0.0,0.0,0.0,0.0,0.007142857142857143,0.007142857142857143,0.02857142857142857
0.011538461538461537,0.002315521240234375,0.01099395751953125,0.0,0.0,0.0,0.0,0.007142857142857143,0.007142857142857143,0.02142857142857143,0.0,0.0,0.0,0.0,0.007142857142857143,0.007142857142857143,0.03571428571428571
0.012499999999999999,0.002719879150390625,0.01161956787109375,0.0,0.0,0.0,0.0,0.007142857142857143,0.007142857142857143,0.02142857142857143,0.025,0.0,0.0,0.0,0.007142857142857143,0.007142857142857143,0.03571428571428571
0.01346153846153846,0.0031070709228515625,0.0121612548828125,0.0,0.0,0.0,0.0,0.007142857142857143,0.007142857142857143,0.02857142857142857,0.025,0.0,0.0,0.0,0.007142857142857143,0.007142857142857143,0.03571428571428571
0.014423076923076924,0.0034961700439453125,0.01276397705078125,0.0,0.0,0.0,0.0,0.007142857142857143,0.007142857142857143,0.02857142857142857,0.025,0.0,0.0,0.0,0.007142857142857143,0.007142857142857143,0.04285714285714286
0.015384615384615385,0.004009246826171875,0.01328277587890625,0.0,0.0,0.0,0.0,0.007142857142857143,0.007142857142857143,0.02857142857142857,0.025,0.0,0.0,0.0,0.007142857142857143,0.007142857142857143,0.05
0.016346153846153847,0.00450897216796875,0.01396942138671875,0.0,0.0,0.0,0.0,0.007142857142857143,0.007142857142857143,0.02857142857142857,0.05,0.0,0.0,0.0,0.007142857142857143,0.007142857142857143,0.05
0.017307692307692305,0.004947662353515625,0.01462554931640625,0.025,0.0,0.0,0.0,0.007142857142857143,0.007142857142857143,0.02857142857142857,0.05,0.0,0.0,0.0,0.007142857142857143,0.007142857142857143,0.05
0.018269230769230774,0.00537872314453125,0.0151824951171875,0.025,0.0,0.0,0.0,0.007142857142857143,0.007142857142857143,0.03571428571428571,0.05,0.0,0.0,0.0,0.007142857142857143,0.007142857142857143,0.05
0.019230769230769232,0.00580596923828125,0.015960693359375,0.025,0.0,0.0,0.0,0.007142857142857143,0.007142857142857143,0.03571428571428571,0.05,0.0,0.0,0.0,0.014285714285714285,0.007142857142857143,0.05
0.020192307692307693,0.006282806396484375,0.0166015625,0.025,0.0,0.0,0.0,0.007142857142857143,0.007142857142857143,0.03571428571428571,0.05,0.0,0.0,0.0,0.02142857142857143,0.007142857142857143,0.05
0.021153846153846155,0.006744384765625,0.017181396484375,0.025,0.0,0.0,0.0,0.007142857142857143,0.007142857142857143,0.03571428571428571,0.05,0.0,0.0,0.0,0.02142857142857143,0.007142857142857143,0.05714285714285715
0.022115384615384613,0.007167816162109375,0.017791748046875,0.025,0.0,0.0,0.0,0.007142857142857143,0.007142857142857143,0.03571428571428571,0.05,0.0,0.0,0.0,0.02142857142857143,0.014285714285714285,0.05714285714285715
0.02307692307692308,0.007602691650390625,0.0182647705078125,0.025,0.0,0.0,0.0,0.007142857142857143,0.007142857142857143,0.03571428571428571,0.07500000000000001,0.0,0.0,0.0,0.02142857142857143,0.014285714285714285,0.05714285714285715
0.02403846153846154,0.0080108642578125,0.0187530517578125,0.025,0.0,0.0,0.0,0.007142857142857143,0.007142857142857143,0.03571428571428571,0.07500000000000001,0.0,0.0,0.0,0.02857142857142857,0.014285714285714285,0.05714285714285715
0.024999999999999998,0.008453369140625,0.01922607421875,0.025,0.0,0.0,0.0,0.007142857142857143,0.007142857142857143,0.04285714285714286,0.07500000000000001,0.0,0.0,0.0,0.02857142857142857,0.014285714285714285,0.05714285714285715
0.025961538461538463,0.00891876220703125,0.0198822021484375,0.025,0.0,0.0,0.0,0.007142857142857143,0.007142857142857143,0.04285714285714286,0.07500000000000001,0.0,0.0,0.0,0.02857142857142857,0.02142857142857143,0.05714285714285715
0.02692307692307692,0.00936126708984375,0.0204315185546875,0.025,0.0,0.0,0.0,0.007142857142857143,0.007142857142857143,0.04285714285714286,0.07500000000000001,0.0,0.0,0.0,0.02857142857142857,0.02142857142857143,0.0642857142857143
0.027884615384615383,0.00980377197265625,0.020904541015625,0.025,0.0,0.0,0.0,0.007142857142857143,0.007142857142857143,0.04285714285714286,0.1,0.0,0.0,0.0,0.02857142857142857,0.02142857142857143,0.0642857142857143
0.028846153846153848,0.0102386474609375,0.0213623046875,0.025,0.0,0.0,0.0,0.007142857142857143,0.007142857142857143,0.04285714285714286,0.1,0.0,0.0,0.0,0.02857142857142857,0.02857142857142857,0.0642857142857143
0.029807692307692306,0.01068878173828125,0.0219268798828125,0.025,0.0,0.0,0.0,0.007142857142857143,0.007142857142857143,0.04285714285714286,0.1,0.0,0.0,0.0,0.03571428571428571,0.02857142857142857,0.0642857142857143
0.03076923076923077,0.01114654541015625,0.022430419921875,0.025,0.0,0.0,0.0,0.007142857142857143,0.007142857142857143,0.05,0.1,0.0,0.0,0.0,0.03571428571428571,0.02857142857142857,0.0642857142857143
0.03173076923076923,0.0116119384765625,0.02301025390625,0.025,0.0,0.0,0.0,0.007142857142857143,0.007142857142857143,0.05,0.125,0.0,0.0,0.0,0.03571428571428571,0.02857142857142857,0.0642857142857143
0.032692307692307694,0.012054443359375,0.0235595703125,0.025,0.0,0.0,0.0,0.007142857142857143,0.007142857142857143,0.05,0.125,0.0,0.0,0.0,0.03571428571428571,0.02857142857142857,0.07142857142857144
0.03365384615384615,0.01251983642578125,0.0241546630859375,0.05,0.0,0.0,0.0,0.007142857142857143,0.007142857142857143,0.05,0.125,0.0,0.0,0.0,0.03571428571428571,0.02857142857142857,0.07142857142857144
0.03461538461538462,0.01299285888671875,0.0247650146484375,0.05,0.0,0.0,0.0,0.007142857142857143,0.007142857142857143,0.05,0.125,0.0,0.0,0.0,0.04285714285714286,0.02857142857142857,0.07142857142857144
0.035576923076923075,0.01346588134765625,0.02532958984375,0.05,0.0,0.0,0.0,0.007142857142857143,0.007142857142857143,0.05,0.15,0.0,0.0,0.0,0.04285714285714286,0.02857142857142857,0.07142857142857144
0.03653846153846155,0.0139312744140625,0.0257568359375,0.05,0.0,0.0,0.0,0.007142857142857143,0.007142857142857143,0.05,0.15,0.0,0.0,0.0,0.05,0.02857142857142857,0.07142857142857144
0.037500000000000006,0.01438140869140625,0.0263214111328125,0.05,0.0,0.0,0.0,0.007142857142857143,0.007142857142857143,0.05,0.15,0.1,0.0,0.0,0.05,0.02857142857142857,0.07142857142857144
0.038461538461538464,0.0148162841796875,0.026947021484375,0.05,0.0,0.0,0.0,0.007142857142857143,0.007142857142857143,0.05,0.15,0.1,0.0,0.0,0.05,0.02857142857142857,0.07857142857142858
0.03942307692307693,0.01525115966796875,0.027374267578125,0.05,0.0,0.0,0.0,0.007142857142857143,0.007142857142857143,0.05,0.15,0.1,0.0,0.0,0.05,0.03571428571428571,0.07857142857142858
0.040384615384615394,0.0156707763671875,0.028076171875,0.05,0.0,0.0,0.0,0.014285714285714285,0.007142857142857143,0.05,0.15,0.1,0.0,0.0,0.05,0.03571428571428571,0.07857142857142858
0.04134615384615385,0.0160980224609375,0.028564453125,0.05,0.0,0.0,0.0,0.014285714285714285,0.007142857142857143,0.05,0.175,0.1,0.0,0.0,0.05,0.03571428571428571,0.07857142857142858
0.04230769230769231,0.016510009765625,0.0290985107421875,0.05,0.0,0.0,0.0,0.014285714285714285,0.007142857142857143,0.05,0.175,0.1,0.0,0.025,0.05,0.03571428571428571,0.07857142857142858
0.04326923076923077,0.016937255859375,0.0296630859375,0.05,0.0,0.0,0.0,0.014285714285714285,0.007142857142857143,0.05,0.175,0.1,0.0,0.025,0.05,0.03571428571428571,0.08571428571428573
0.04423076923076923,0.01739501953125,0.0301513671875,0.05,0.0,0.0,0.0,0.014285714285714285,0.007142857142857143,0.05,0.175,0.1,0.0,0.025,0.05,0.04285714285714286,0.08571428571428573
0.045192307692307705,0.017852783203125,0.030731201171875,0.05,0.0,0.0,0.0,0.02142857142857143,0.007142857142857143,0.05,0.175,0.1,0.0,0.025,0.05,0.04285714285714286,0.08571428571428573
0.04615384615384616,0.0182952880859375,0.031341552734375,0.05,0.0,0.0,0.0,0.02142857142857143,0.007142857142857143,0.05,0.19999999999999998,0.1,0.0,0.025,0.05,0.04285714285714286,0.08571428571428573
0.04711538461538462,0.01873779296875,0.031951904296875,0.05,0.0,0.0,0.0,0.02142857142857143,0.007142857142857143,0.05,0.19999999999999998,0.1,0.0,0.025,0.05,0.04285714285714286,0.09285714285714287
0.04807692307692308,0.019195556640625,0.032562255859375,0.05,0.0,0.0,0.0,0.02857142857142857,0.007142857142857143,0.05,0.19999999999999998,0.1,0.0,0.025,0.05,0.04285714285714286,0.09285714285714287
0.049038461538461545,0.019622802734375,0.033050537109375,0.05,0.0,0.0,0.0,0.02857142857142857,0.007142857142857143,0.05714285714285715,0.19999999999999998,0.1,0.0,0.025,0.05,0.04285714285714286,0.09285714285714287
0.05000000000000001,0.0200653076171875,0.03350830078125,0.05,0.0,0.0,0.0,0.02857142857142857,0.007142857142857143,0.05714285714285715,0.22499999999999998,0.1,0.0,0.025,0.05,0.04285714285714286,0.09285714285714287
0.05096153846153847,0.0204925537109375,0.034088134765625,0.05,0.0,0.0,0.0,0.02857142857142857,0.007142857142857143,0.05714285714285715,0.22499999999999998,0.1,0.0,0.025,0.05714285714285715,0.04285714285714286,0.09285714285714287
0.051923076923076926,0.0208587646484375,0.034698486328125,0.05,0.0,0.0,0.0,0.02857142857142857,0.007142857142857143,0.05714285714285715,0.22499999999999998,0.1,0.0,0.025,0.0642857142857143,0.04285714285714286,0.09285714285714287
0.052884615384615384,0.021240234375,0.035186767578125,0.05,0.0,0.0,0.0,0.02857142857142857,0.007142857142857143,0.05714285714285715,0.22499999999999998,0.1,0.0,0.025,0.07142857142857144,0.04285714285714286,0.09285714285714287
0.05384615384615386,0.0216522216796875,0.035736083984375,0.05,0.0,0.0,0.0,0.02857142857142857,0.007142857142857143,0.05714285714285715,0.22499999999999998,0.1,0.0,0.025,0.07142857142857144,0.05,0.09285714285714287
0.05480769230769232,0.022064208984375,0.036407470703125,0.05,0.0,0.0,0.0,0.02857142857142857,0.014285714285714285,0.05714285714285715,0.22499999999999998,0.1,0.0,0.025,0.07142857142857144,0.05,0.09285714285714287
0.05576923076923078,0.0224609375,0.0369873046875,0.05,0.0,0.0,0.0,0.02857142857142857,0.014285714285714285,0.05714285714285715,0.22499999999999998,0.1,0.0,0.025,0.07142857142857144,0.05,0.10000000000000002
0.056730769230769244,0.02288818359375,0.037628173828125,0.05,0.0,0.0,0.0,0.02857142857142857,0.014285714285714285,0.05714285714285715,0.24999999999999997,0.1,0.0,0.025,0.07142857142857144,0.05,0.10000000000000002
0.0576923076923077,0.0233001708984375,0.038299560546875,0.05,0.0,0.0,0.0,0.02857142857142857,0.014285714285714285,0.05714285714285715,0.24999999999999997,0.1,0.0,0.025,0.07142857142857144,0.05,0.10714285714285716
0.05865384615384616,0.02374267578125,0.038909912109375,0.07500000000000001,0.0,0.0,0.0,0.02857142857142857,0.014285714285714285,0.05714285714285715,0.24999999999999997,0.1,0.0,0.025,0.07142857142857144,0.05,0.10714285714285716
0.059615384615384626,0.024169921875,0.03936767578125,0.07500000000000001,0.0,0.0,0.0,0.02857142857142857,0.014285714285714285,0.05714285714285715,0.24999999999999997,0.1,0.0,0.025,0.07142857142857144,0.05,0.11428571428571431
0.060576923076923084,0.0246124267578125,0.039825439453125,0.07500000000000001,0.0,0.0,0.0,0.02857142857142857,0.014285714285714285,0.05714285714285715,0.24999999999999997,0.1,0.0,0.05,0.07142857142857144,0.05,0.11428571428571431
0.06153846153846155,0.025054931640625,0.040252685546875,0.07500000000000001,0.0,0.0,0.0,0.02857142857142857,0.014285714285714285,0.0642857142857143,0.24999999999999997,0.1,0.0,0.05,0.07142857142857144,0.05,0.11428571428571431
0.06250000000000001,0.0254669189453125,0.040924072265625,0.07500000000000001,0.0,0.0,0.0,0.02857142857142857,0.014285714285714285,0.0642857142857143,0.24999999999999997,0.1,0.0,0.05,0.07857142857142858,0.05,0.11428571428571431
0.06346153846153847,0.02587890625,0.04144287109375,0.07500000000000001,0.0,0.0,0.0,0.02857142857142857,0.014285714285714285,0.0642857142857143,0.24999999999999997,0.1,0.0,0.05,0.08571428571428573,0.05,0.11428571428571431
0.06442307692307693,0.0262908935546875,0.042022705078125,0.07500000000000001,0.0,0.0,0.0,0.02857142857142857,0.014285714285714285,0.0642857142857143,0.27499999999999997,0.1,0.0,0.05,0.08571428571428573,0.05,0.11428571428571431
0.06538461538461539,0.026702880859375,0.04266357421875,0.07500000000000001,0.0,0.0,0.0,0.02857142857142857,0.014285714285714285,0.0642857142857143,0.27499999999999997,0.1,0.0,0.05,0.09285714285714287,0.05,0.11428571428571431
0.06634615384615385,0.027130126953125,0.04327392578125,0.07500000000000001,0.0,0.0,0.0,0.02857142857142857,0.014285714285714285,0.0642857142857143,0.27499999999999997,0.1,0.0,0.05,0.09285714285714287,0.05,0.12142857142857146
0.06730769230769232,0.0275421142578125,0.04376220703125,0.07500000000000001,0.0,0.0,0.0,0.02857142857142857,0.014285714285714285,0.0642857142857143,0.3,0.1,0.0,0.05,0.09285714285714287,0.05,0.12142857142857146
0.06826923076923078,0.0279693603515625,0.044342041015625,0.07500000000000001,0.0,0.0,0.0,0.02857142857142857,0.014285714285714285,0.0642857142857143,0.3,0.1,0.0,0.05,0.10000000000000002,0.05,0.12142857142857146
0.06923076923076923,0.0283966064453125,0.044769287109375,0.07500000000000001,0.0,0.0,0.0,0.02857142857142857,0.014285714285714285,0.0642857142857143,0.3,0.1,0.0,0.05,0.10000000000000002,0.05,0.1285714285714286
0.07019230769230769,0.0288238525390625,0.04534912109375,0.07500000000000001,0.0,0.0,0.0,0.02857142857142857,0.02142857142857143,0.0642857142857143,0.3,0.1,0.0,0.05,0.10000000000000002,0.05,0.1285714285714286
0.07115384615384615,0.02923583984375,0.045806884765625,0.07500000000000001,0.0,0.0,0.0,0.02857142857142857,0.02142857142857143,0.0642857142857143,0.3,0.1,0.0,0.05,0.10000000000000002,0.05714285714285715,0.1285714285714286
0.07211538461538464,0.0295867919921875,0.046295166015625,0.07500000000000001,0.0,0.0,0.0,0.02857142857142857,0.02142857142857143,0.0642857142857143,0.3,0.1,0.0,0.05,0.10000000000000002,0.0642857142857143,0.1285714285714286
0.0730769230769231,0.02996826171875,0.046844482421875,0.07500000000000001,0.0,0.0,0.0,0.02857142857142857,0.02142857142857143,0.0642857142857143,0.3,0.1,0.0,0.05,0.10000000000000002,0.07142857142857144,0.1285714285714286
0.07403846153846155,0.0303802490234375,0.04736328125,0.07500000000000001,0.0,0.0,0.0,0.02857142857142857,0.02142857142857143,0.0642857142857143,0.3,0.1,0.0,0.05,0.10714285714285716,0.07142857142857144,0.1285714285714286
0.07500000000000001,0.030792236328125,0.048004150390625,0.07500000000000001,0.0,0.0,0.0,0.02857142857142857,0.02142857142857143,0.0642857142857143,0.3,0.1,0.0,0.05,0.10714285714285716,0.07142857142857144,0.13571428571428573
0.07596153846153847,0.031219482421875,0.0487060546875,0.07500000000000001,0.0,0.0,0.0,0.03571428571428571,0.02142857142857143,0.0642857142857143,0.3,0.1,0.0,0.05,0.10714285714285716,0.07142857142857144,0.13571428571428573
0.07692307692307693,0.0316162109375,0.04913330078125,0.07500000000000001,0.0,0.0,0.0,0.03571428571428571,0.02142857142857143,0.0642857142857143,0.325,0.1,0.0,0.05,0.10714285714285716,0.07142857142857144,0.13571428571428573
0.0778846153846154,0.03204345703125,0.049774169921875,0.07500000000000001,0.0,0.0,0.0,0.03571428571428571,0.02857142857142857,0.0642857142857143,0.325,0.1,0.0,0.05,0.10714285714285716,0.07142857142857144,0.13571428571428573
0.07884615384615386,0.032470703125,0.050384521484375,0.07500000000000001,0.0,0.0,0.0,0.03571428571428571,0.02857142857142857,0.0642857142857143,0.35000000000000003,0.1,0.0,0.05,0.10714285714285716,0.07142857142857144,0.13571428571428573
0.07980769230769232,0.032867431640625,0.0509033203125,0.07500000000000001,0.0,0.0,0.0,0.03571428571428571,0.02857142857142857,0.0642857142857143,0.35000000000000003,0.1,0.0,0.05,0.10714285714285716,0.07142857142857144,0.14285714285714288
0.08076923076923079,0.033294677734375,0.05133056640625,0.07500000000000001,0.0,0.0,0.0,0.03571428571428571,0.02857142857142857,0.07142857142857144,0.35000000000000003,0.1,0.0,0.05,0.10714285714285716,0.07142857142857144,0.14285714285714288
0.08173076923076925,0.03369140625,0.051849365234375,0.07500000000000001,0.0,0.0,0.0,0.03571428571428571,0.02857142857142857,0.07142857142857144,0.35000000000000003,0.1,0.0,0.05,0.11428571428571431,0.07142857142857144,0.14285714285714288
0.0826923076923077,0.03411865234375,0.052337646484375,0.07500000000000001,0.0,0.0,0.0,0.03571428571428571,0.02857142857142857,0.07142857142857144,0.35000000000000003,0.1,0.0,0.07500000000000001,0.11428571428571431,0.07142857142857144,0.14285714285714288
0.08365384615384618,0.034515380859375,0.05279541015625,0.07500000000000001,0.0,0.0,0.0,0.03571428571428571,0.02857142857142857,0.07142857142857144,0.35000000000000003,0.1,0.0,0.07500000000000001,0.11428571428571431,0.07142857142857144,0.15000000000000002
0.08461538461538462,0.034912109375,0.0533447265625,0.07500000000000001,0.0,0.0,0.0,0.03571428571428571,0.02857142857142857,0.07142857142857144,0.35000000000000003,0.1,0.0,0.07500000000000001,0.11428571428571431,0.07142857142857144,0.15714285714285717
0.08557692307692309,0.03533935546875,0.05389404296875,0.1,0.0,0.0,0.0,0.03571428571428571,0.02857142857142857,0.07142857142857144,0.35000000000000003,0.1,0.0,0.07500000000000001,0.11428571428571431,0.07142857142857144,0.15714285714285717
0.08653846153846155,0.0357666015625,0.054473876953125,0.1,0.0,0.0,0.0,0.03571428571428571,0.02857142857142857,0.07142857142857144,0.37500000000000006,0.1,0.0,0.07500000000000001,0.11428571428571431,0.07142857142857144,0.15714285714285717
0.08750000000000001,0.036163330078125,0.054931640625,0.1,0.0,0.0,0.0,0.03571428571428571,0.02857142857142857,0.07142857142857144,0.37500000000000006,0.1,0.0,0.07500000000000001,0.12142857142857146,0.07142857142857144,0.15714285714285717
0.0884615384615385,0.036590576171875,0.05548095703125,0.1,0.0,0.0,0.0,0.03571428571428571,0.02857142857142857,0.07142857142857144,0.37500000000000006,0.1,0.0,0.07500000000000001,0.1285714285714286,0.07142857142857144,0.15714285714285717
0.08942307692307692,0.0369873046875,0.055999755859375,0.1,0.0,0.0,0.0,0.03571428571428571,0.02857142857142857,0.07142857142857144,0.37500000000000006,0.1,0.0,0.07500000000000001,0.1285714285714286,0.07857142857142858,0.15714285714285717
0.09038461538461541,0.037384033203125,0.056427001953125,0.1,0.0,0.0,0.0,0.03571428571428571,0.02857142857142857,0.07142857142857144,0.37500000000000006,0.1,0.0,0.07500000000000001,0.1285714285714286,0.08571428571428573,0.15714285714285717
0.09134615384615388,0.03778076171875,0.05706787109375,0.1,0.0,0.0,0.0,0.03571428571428571,0.02857142857142857,0.07142857142857144,0.37500000000000006,0.1,0.0,0.07500000000000001,0.1285714285714286,0.09285714285714287,0.15714285714285717
0.09230769230769233,0.0382080078125,0.0576171875,0.1,0.0,0.0,0.025,0.03571428571428571,0.02857142857142857,0.07142857142857144,0.37500000000000006,0.1,0.0,0.07500000000000001,0.1285714285714286,0.09285714285714287,0.15714285714285717
0.09326923076923076,0.038604736328125,0.05828857421875,0.1,0.0,0.0,0.025,0.03571428571428571,0.02857142857142857,0.07142857142857144,0.37500000000000006,0.1,0.0,0.07500000000000001,0.13571428571428573,0.09285714285714287,0.15714285714285717
0.09423076923076924,0.03900146484375,0.058868408203125,0.1,0.0,0.0,0.025,0.03571428571428571,0.02857142857142857,0.07142857142857144,0.37500000000000006,0.1,0.0,0.07500000000000001,0.13571428571428573,0.09285714285714287,0.1642857142857143
0.0951923076923077,0.039398193359375,0.05938720703125,0.1,0.0,0.0,0.025,0.04285714285714286,0.02857142857142857,0.07142857142857144,0.37500000000000006,0.1,0.0,0.07500000000000001,0.13571428571428573,0.09285714285714287,0.1642857142857143
0.09615384615384617,0.039794921875,0.05987548828125,0.1,0.0,0.0,0.025,0.04285714285714286,0.02857142857142857,0.07142857142857144,0.37500000000000006,0.1,0.0,0.07500000000000001,0.14285714285714288,0.09285714285714287,0.1642857142857143
0.09711538461538463,0.040191650390625,0.06036376953125,0.1,0.0,0.0,0.025,0.04285714285714286,0.02857142857142857,0.07142857142857144,0.37500000000000006,0.1,0.0,0.07500000000000001,0.14285714285714288,0.09285714285714287,0.17142857142857146
0.09807692307692309,0.04058837890625,0.06085205078125,0.1,0.0,0.0,0.025,0.04285714285714286,0.02857142857142857,0.07142857142857144,0.4000000000000001,0.1,0.0,0.07500000000000001,0.14285714285714288,0.09285714285714287,0.17142857142857146
0.09903846153846155,0.040985107421875,0.06134033203125,0.1,0.0,0.0,0.025,0.04285714285714286,0.02857142857142857,0.07142857142857144,0.4000000000000001,0.1,0.0,0.07500000000000001,0.14285714285714288,0.09285714285714287,0.1785714285714286
0.10000000000000002,0.0413818359375,0.061920166015625,0.1,0.0,0.0,0.025,0.04285714285714286,0.02857142857142857,0.07142857142857144,0.4000000000000001,0.1,0.0,0.1,0.14285714285714288,0.09285714285714287,0.1785714285714286
0.10096153846153848,0.04180908203125,0.0623779296875,0.1,0.0,0.0,0.025,0.05,0.02857142857142857,0.07142857142857144,0.4000000000000001,0.1,0.0,0.1,0.14285714285714288,0.09285714285714287,0.1785714285714286
0.10192307692307694,0.042205810546875,0.0628662109375,0.1,0.0,0.0,0.025,0.05,0.02857142857142857,0.07142857142857144,0.4250000000000001,0.1,0.0,0.1,0.14285714285714288,0.09285714285714287,0.1785714285714286
0.1028846153846154,0.0426025390625,0.06341552734375,0.1,0.0,0.0,0.025,0.05,0.02857142857142857,0.07142857142857144,0.4250000000000001,0.1,0.0,0.1,0.14285714285714288,0.10000000000000002,0.1785714285714286
0.10384615384615385,0.042999267578125,0.06402587890625,0.1,0.0,0.0,0.025,0.05,0.02857142857142857,0.07142857142857144,0.4250000000000001,0.1,0.0,0.1,0.15000000000000002,0.10000000000000002,0.1785714285714286
0.10480769230769232,0.04339599609375,0.064453125,0.1,0.0,0.0,0.025,0.05,0.02857142857142857,0.07142857142857144,0.4250000000000001,0.1,0.0,0.1,0.15000000000000002,0.10000000000000002,0.18571428571428575
0.10576923076923081,0.043792724609375,0.06494140625,0.1,0.0,0.0,0.025,0.05,0.02857142857142857,0.07857142857142858,0.4250000000000001,0.1,0.0,0.1,0.15000000000000002,0.10000000000000002,0.18571428571428575
0.10673076923076924,0.044189453125,0.0655517578125,0.1,0.0,0.0,0.025,0.05,0.02857142857142857,0.07857142857142858,0.4250000000000001,0.2,0.0,0.1,0.15000000000000002,0.10000000000000002,0.18571428571428575
0.10769230769230773,0.044586181640625,0.06610107421875,0.1,0.0,0.0,0.025,0.05,0.02857142857142857,0.07857142857142858,0.4250000000000001,0.2,0.0,0.1,0.15000000000000002,0.10714285714285716,0.18571428571428575
0.10865384615384618,0.04498291015625,0.0665283203125,0.1,0.0,0.0,0.025,0.05,0.02857142857142857,0.07857142857142858,0.4250000000000001,0.2,0.0,0.1,0.15000000000000002,0.10714285714285716,0.1928571428571429
0.10961538461538464,0.04534912109375,0.067138671875,0.1,0.0,0.0,0.025,0.05,0.02857142857142857,0.07857142857142858,0.4250000000000001,0.2,0.0,0.1,0.15000000000000002,0.10714285714285716,0.20000000000000004
0.1105769230769231,0.045745849609375,0.067626953125,0.1,0.0,0.0,0.025,0.05,0.02857142857142857,0.07857142857142858,0.4250000000000001,0.2,0.0,0.1,0.15714285714285717,0.10714285714285716,0.20000000000000004
0.11153846153846156,0.046142578125,0.068359375,0.1,0.0,0.0,0.025,0.05,0.02857142857142857,0.07857142857142858,0.4250000000000001,0.2,0.0,0.1,0.1642857142857143,0.10714285714285716,0.20000000000000004
0.11250000000000002,0.046539306640625,0.0689697265625,0.1,0.0,0.0,0.025,0.05,0.02857142857142857,0.07857142857142858,0.4250000000000001,0.2,0.0,0.1,0.1642857142857143,0.11428571428571431,0.20000000000000004
0.11346153846153847,0.04693603515625,0.06951904296875,0.1,0.0,0.0,0.025,0.05,0.02857142857142857,0.07857142857142858,0.4250000000000001,0.2,0.0,0.1,0.1642857142857143,0.11428571428571431,0.20714285714285718
0.11442307692307695,0.047332763671875,0.07012939453125,0.1,0.0,0.0,0.025,0.05,0.02857142857142857,0.07857142857142858,0.4500000000000001,0.2,0.0,0.1,0.1642857142857143,0.11428571428571431,0.20714285714285718
0.1153846153846154,0.0477294921875,0.07061767578125,0.1,0.0,0.0,0.025,0.05,0.02857142857142857,0.08571428571428573,0.4500000000000001,0.2,0.0,0.1,0.1642857142857143,0.11428571428571431,0.20714285714285718
0.11634615384615386,0.04815673828125,0.0711669921875,0.1,0.0,0.0,0.025,0.05,0.02857142857142857,0.08571428571428573,0.4500000000000001,0.2,0.0,0.125,0.1642857142857143,0.11428571428571431,0.20714285714285718
0.11730769230769232,0.048553466796875,0.0716552734375,0.1,0.0,0.0,0.025,0.05,0.02857142857142857,0.08571428571428573,0.4500000000000001,0.2,0.0,0.125,0.17142857142857146,0.11428571428571431,0.20714285714285718
0.11826923076923078,0.0489501953125,0.0721435546875,0.1,0.0,0.0,0.025,0.05,0.02857142857142857,0.08571428571428573,0.4500000000000001,0.2,0.0,0.125,0.17142857142857146,0.11428571428571431,0.21428571428571433
0.11923076923076925,0.049346923828125,0.07281494140625,0.1,0.0,0.0,0.025,0.05,0.02857142857142857,0.08571428571428573,0.47500000000000014,0.2,0.0,0.125,0.17142857142857146,0.11428571428571431,0.21428571428571433
0.12019230769230772,0.04974365234375,0.07330322265625,0.1,0.0,0.0,0.025,0.05,0.02857142857142857,0.08571428571428573,0.47500000000000014,0.2,0.0,0.125,0.17142857142857146,0.11428571428571431,0.22142857142857147
0.12115384615384618,0.050140380859375,0.07391357421875,0.1,0.0,0.0,0.025,0.05,0.02857142857142857,0.08571428571428573,0.47500000000000014,0.2,0.0,0.125,0.17142857142857146,0.11428571428571431,0.22857142857142862
0.12211538461538464,0.050567626953125,0.074462890625,0.1,0.0,0.0,0.025,0.05,0.03571428571428571,0.08571428571428573,0.47500000000000014,0.2,0.0,0.125,0.17142857142857146,0.11428571428571431,0.22857142857142862
0.1230769230769231,0.05096435546875,0.07489013671875,0.1,0.0,0.0,0.025,0.05,0.03571428571428571,0.08571428571428573,0.47500000000000014,0.2,0.0,0.125,0.1785714285714286,0.11428571428571431,0.22857142857142862
0.12403846153846156,0.051361083984375,0.07550048828125,0.1,0.0,0.0,0.025,0.05,0.03571428571428571,0.08571428571428573,0.47500000000000014,0.2,0.0,0.125,0.18571428571428575,0.11428571428571431,0.22857142857142862
0.12500000000000003,0.051727294921875,0.07598876953125,0.1,0.0,0.0,0.025,0.05,0.03571428571428571,0.08571428571428573,0.47500000000000014,0.2,0.0,0.125,0.1928571428571429,0.11428571428571431,0.22857142857142862
0.12596153846153849,0.0521240234375,0.07647705078125,0.1,0.0,0.0,0.025,0.05,0.03571428571428571,0.08571428571428573,0.47500000000000014,0.2,0.0,0.125,0.20000000000000004,0.11428571428571431,0.22857142857142862
0.12692307692307694,0.052520751953125,0.076904296875,0.1,0.0,0.0,0.025,0.05,0.03571428571428571,0.08571428571428573,0.47500000000000014,0.2,0.0,0.125,0.20000000000000004,0.12142857142857146,0.22857142857142862
0.1278846153846154,0.05291748046875,0.0775146484375,0.1,0.0,0.0,0.025,0.05,0.03571428571428571,0.08571428571428573,0.47500000000000014,0.2,0.0,0.125,0.20000000000000004,0.12142857142857146,0.23571428571428577
0.1288461538461539,0.053314208984375,0.0780029296875,0.125,0.0,0.0,0.025,0.05,0.03571428571428571,0.08571428571428573,0.47500000000000014,0.2,0.0,0.125,0.20000000000000004,0.12142857142857146,0.23571428571428577
0.12980769230769235,0.0537109375,0.07855224609375,0.125,0.0,0.0,0.025,0.05,0.03571428571428571,0.08571428571428573,0.47500000000000014,0.2,0.0,0.125,0.20000000000000004,0.12142857142857146,0.2428571428571429
0.1307692307692308,0.054107666015625,0.07904052734375,0.125,0.0,0.0,0.025,0.05,0.03571428571428571,0.08571428571428573,0.47500000000000014,0.2,0.0,0.125,0.20000000000000004,0.12142857142857146,0.25000000000000006
0.13173076923076926,0.05450439453125,0.07952880859375,0.125,0.0,0.0,0.025,0.05,0.03571428571428571,0.08571428571428573,0.5000000000000001,0.2,0.0,0.125,0.20000000000000004,0.12142857142857146,0.25000000000000006
0.1326923076923077,0.054901123046875,0.08001708984375,0.125,0.0,0.0,0.025,0.05,0.03571428571428571,0.08571428571428573,0.5000000000000001,0.2,0.0,0.125,0.20000000000000004,0.1285714285714286,0.25000000000000006
0.13365384615384618,0.0552978515625,0.0806884765625,0.125,0.0,0.0,0.025,0.05,0.03571428571428571,0.08571428571428573,0.5000000000000001,0.2,0.0,0.125,0.20000000000000004,0.1285714285714286,0.2571428571428572
0.13461538461538464,0.055694580078125,0.08111572265625,0.125,0.0,0.0,0.025,0.05,0.03571428571428571,0.08571428571428573,0.5000000000000001,0.2,0.0,0.15,0.20000000000000004,0.1285714285714286,0.2571428571428572
0.1355769230769231,0.05609130859375,0.08172607421875,0.125,0.0,0.0,0.025,0.05,0.03571428571428571,0.08571428571428573,0.5000000000000001,0.2,0.0,0.15,0.20000000000000004,0.13571428571428573,0.2571428571428572
0.13653846153846155,0.056488037109375,0.08221435546875,0.125,0.0,0.0,0.025,0.05,0.03571428571428571,0.08571428571428573,0.5000000000000001,0.2,0.0,0.15,0.20000000000000004,0.14285714285714288,0.2571428571428572
0.13750000000000004,0.056884765625,0.08270263671875,0.125,0.0,0.0,0.025,0.05,0.03571428571428571,0.09285714285714287,0.5000000000000001,0.2,0.0,0.15,0.20000000000000004,0.14285714285714288,0.2571428571428572
0.13846153846153847,0.05731201171875,0.08319091796875,0.125,0.0,0.0,0.025,0.05,0.03571428571428571,0.09285714285714287,0.5000000000000001,0.2,0.0,0.15,0.20714285714285718,0.14285714285714288,0.2571428571428572
0.13942307692307696,0.057708740234375,0.083740234375,0.125,0.0,0.0,0.025,0.05,0.03571428571428571,0.09285714285714287,0.5000000000000001,0.2,0.0,0.15,0.21428571428571433,0.14285714285714288,0.2571428571428572
0.14038461538461539,0.058074951171875,0.084228515625,0.125,0.0,0.0,0.025,0.05,0.03571428571428571,0.09285714285714287,0.5000000000000001,0.2,0.0,0.15,0.22142857142857147,0.14285714285714288,0.2571428571428572
0.14134615384615387,0.058441162109375,0.084716796875,0.125,0.0,0.0,0.025,0.05,0.03571428571428571,0.09285714285714287,0.5000000000000001,0.2,0.0,0.15,0.22857142857142862,0.14285714285714288,0.2571428571428572
0.14230769230769236,0.058837890625,0.08526611328125,0.125,0.0,0.0,0.025,0.05,0.03571428571428571,0.09285714285714287,0.5000000000000001,0.2,0.0,0.15,0.23571428571428577,0.14285714285714288,0.2571428571428572
0.1432692307692308,0.05926513671875,0.08575439453125,0.125,0.0,0.0,0.025,0.05,0.04285714285714286,0.09285714285714287,0.5000000000000001,0.2,0.0,0.15,0.23571428571428577,0.14285714285714288,0.2571428571428572
0.14423076923076927,0.0596923828125,0.08624267578125,0.125,0.0,0.0,0.05,0.05,0.04285714285714286,0.09285714285714287,0.5000000000000001,0.2,0.0,0.15,0.23571428571428577,0.14285714285714288,0.2571428571428572
0.1451923076923077,0.060089111328125,0.08673095703125,0.125,0.0,0.0,0.05,0.05,0.04285714285714286,0.09285714285714287,0.5000000000000001,0.2,0.0,0.15,0.23571428571428577,0.14285714285714288,0.2642857142857143
0.1461538461538462,0.06048583984375,0.08721923828125,0.125,0.0,0.0,0.05,0.05,0.04285714285714286,0.09285714285714287,0.5000000000000001,0.2,0.0,0.15,0.23571428571428577,0.14285714285714288,0.2714285714285714
0.14711538461538462,0.060882568359375,0.0877685546875,0.125,0.0,0.0,0.05,0.05,0.04285714285714286,0.10000000000000002,0.5000000000000001,0.2,0.0,0.15,0.23571428571428577,0.14285714285714288,0.2714285714285714
0.1480769230769231,0.061279296875,0.0882568359375,0.125,0.0,0.0,0.05,0.05,0.04285714285714286,0.10000000000000002,0.5250000000000001,0.2,0.0,0.15,0.23571428571428577,0.14285714285714288,0.2714285714285714
0.14903846153846154,0.061676025390625,0.08880615234375,0.125,0.0,0.0,0.05,0.05,0.04285714285714286,0.10000000000000002,0.5250000000000001,0.2,0.0,0.15,0.2428571428571429,0.14285714285714288,0.2714285714285714
0.15000000000000002,0.06207275390625,0.08929443359375,0.125,0.0,0.0,0.05,0.05,0.04285714285714286,0.10000000000000002,0.5250000000000001,0.2,0.0,0.175,0.2428571428571429,0.14285714285714288,0.2714285714285714
0.15096153846153848,0.062469482421875,0.08978271484375,0.125,0.0,0.0,0.05,0.05,0.04285714285714286,0.10000000000000002,0.5250000000000001,0.2,0.0,0.175,0.2428571428571429,0.15000000000000002,0.2714285714285714
0.15192307692307697,0.0628662109375,0.09033203125,0.15,0.0,0.0,0.05,0.05,0.04285714285714286,0.10000000000000002,0.5250000000000001,0.2,0.0,0.175,0.2428571428571429,0.15000000000000002,0.2714285714285714
0.1528846153846154,0.06329345703125,0.0909423828125,0.15,0.1,0.0,0.05,0.05,0.04285714285714286,0.10000000000000002,0.5250000000000001,0.2,0.0,0.175,0.2428571428571429,0.15000000000000002,0.2714285714285714
0.15384615384615385,0.06365966796875,0.09149169921875,0.15,0.1,0.0,0.05,0.05,0.04285714285714286,0.10000000000000002,0.5250000000000001,0.2,0.0,0.175,0.2428571428571429,0.15000000000000002,0.2785714285714285
0.1548076923076923,0.0640869140625,0.092041015625,0.15,0.1,0.0,0.05,0.05714285714285715,0.04285714285714286,0.10000000000000002,0.5250000000000001,0.2,0.0,0.175,0.2428571428571429,0.15000000000000002,0.2785714285714285
0.15576923076923077,0.064453125,0.092529296875,0.15,0.1,0.0,0.05,0.0642857142857143,0.04285714285714286,0.10000000000000002,0.5250000000000001,0.2,0.0,0.175,0.2428571428571429,0.15000000000000002,0.2785714285714285
0.15673076923076923,0.0648193359375,0.09307861328125,0.15,0.1,0.0,0.05,0.07142857142857144,0.04285714285714286,0.10000000000000002,0.5250000000000001,0.2,0.0,0.175,0.2428571428571429,0.15000000000000002,0.2785714285714285
0.15769230769230771,0.065185546875,0.09356689453125,0.15,0.1,0.0,0.05,0.07142857142857144,0.04285714285714286,0.10000000000000002,0.5250000000000001,0.2,0.0,0.175,0.25000000000000006,0.15000000000000002,0.2785714285714285
0.15865384615384615,0.0655517578125,0.0941162109375,0.15,0.1,0.0,0.05,0.07142857142857144,0.04285714285714286,0.10000000000000002,0.5250000000000001,0.2,0.0,0.175,0.2571428571428572,0.15000000000000002,0.2785714285714285
0.15961538461538463,0.06591796875,0.0946044921875,0.15,0.1,0.0,0.05,0.07142857142857144,0.04285714285714286,0.10000000000000002,0.5250000000000001,0.2,0.0,0.175,0.2642857142857143,0.15000000000000002,0.2785714285714285
0.16057692307692306,0.06634521484375,0.09515380859375,0.15,0.1,0.0,0.05,0.07142857142857144,0.05,0.10000000000000002,0.5250000000000001,0.2,0.0,0.175,0.2642857142857143,0.15000000000000002,0.2785714285714285
0.16153846153846155,0.0667724609375,0.095703125,0.15,0.1,0.0,0.05,0.07142857142857144,0.05,0.10714285714285716,0.5250000000000001,0.2,0.0,0.175,0.2642857142857143,0.15000000000000002,0.2785714285714285
0.16250000000000003,0.06719970703125,0.09625244140625,0.15,0.1,0.0,0.05,0.07142857142857144,0.05,0.10714285714285716,0.5500000000000002,0.2,0.0,0.175,0.2642857142857143,0.15000000000000002,0.2785714285714285
0.16346153846153846,0.06756591796875,0.09674072265625,0.15,0.1,0.0,0.05,0.07142857142857144,0.05,0.10714285714285716,0.5500000000000002,0.2,0.0,0.175,0.2642857142857143,0.15714285714285717,0.2785714285714285
0.16442307692307695,0.06793212890625,0.0972900390625,0.15,0.1,0.0,0.05,0.07142857142857144,0.05,0.10714285714285716,0.5500000000000002,0.2,0.0,0.175,0.2642857142857143,0.1642857142857143,0.2785714285714285
0.1653846153846154,0.06829833984375,0.09783935546875,0.15,0.1,0.0,0.05,0.07142857142857144,0.05,0.10714285714285716,0.5500000000000002,0.2,0.0,0.175,0.2642857142857143,0.1642857142857143,0.28571428571428564
0.16634615384615387,0.06866455078125,0.09820556640625,0.15,0.1,0.0,0.05,0.07142857142857144,0.05,0.10714285714285716,0.5500000000000002,0.2,0.0,0.175,0.2642857142857143,0.1642857142857143,0.29285714285714276
0.1673076923076923,0.069091796875,0.09881591796875,0.175,0.1,0.0,0.05,0.07142857142857144,0.05,0.10714285714285716,0.5500000000000002,0.2,0.0,0.175,0.2642857142857143,0.1642857142857143,0.29285714285714276
0.16826923076923078,0.06951904296875,0.099365234375,0.175,0.1,0.0,0.05,0.07142857142857144,0.05,0.11428571428571431,0.5500000000000002,0.2,0.0,0.175,0.2642857142857143,0.1642857142857143,0.29285714285714276
0.16923076923076924,0.0699462890625,0.0999755859375,0.175,0.1,0.0,0.05,0.07142857142857144,0.05,0.11428571428571431,0.5500000000000002,0.2,0.0,0.19999999999999998,0.2642857142857143,0.1642857142857143,0.29285714285714276
0.17019230769230773,0.0703125,0.1004638671875,0.175,0.1,0.0,0.05,0.07142857142857144,0.05,0.11428571428571431,0.5500000000000002,0.2,0.0,0.19999999999999998,0.2642857142857143,0.17142857142857146,0.29285714285714276
0.17115384615384616,0.07073974609375,0.10113525390625,0.175,0.1,0.0,0.05,0.07142857142857144,0.05,0.11428571428571431,0.5750000000000002,0.2,0.0,0.19999999999999998,0.2642857142857143,0.17142857142857146,0.29285714285714276
0.17211538461538461,0.07110595703125,0.1016845703125,0.175,0.1,0.0,0.05,0.07142857142857144,0.05,0.11428571428571431,0.5750000000000002,0.2,0.0,0.19999999999999998,0.2642857142857143,0.17142857142857146,0.2999999999999999
0.17307692307692307,0.07147216796875,0.10205078125,0.175,0.1,0.0,0.05,0.07142857142857144,0.05,0.11428571428571431,0.5750000000000002,0.2,0.0,0.19999999999999998,0.2642857142857143,0.17142857142857146,0.307142857142857
0.17403846153846153,0.07183837890625,0.1026611328125,0.175,0.1,0.0,0.05,0.07142857142857144,0.05,0.11428571428571431,0.5750000000000002,0.2,0.0,0.19999999999999998,0.2642857142857143,0.17142857142857146,0.3142857142857141
0.175,0.072265625,0.10321044921875,0.175,0.1,0.0,0.05,0.07142857142857144,0.05,0.11428571428571431,0.6000000000000002,0.2,0.0,0.19999999999999998,0.2642857142857143,0.17142857142857146,0.3142857142857141
0.17596153846153845,0.07269287109375,0.10369873046875,0.175,0.1,0.0,0.05,0.07142857142857144,0.05,0.11428571428571431,0.6000000000000002,0.2,0.0,0.22499999999999998,0.2642857142857143,0.17142857142857146,0.3142857142857141
0.1769230769230769,0.0731201171875,0.104248046875,0.175,0.1,0.0,0.05,0.07142857142857144,0.05,0.11428571428571431,0.6000000000000002,0.2,0.0,0.22499999999999998,0.2714285714285714,0.17142857142857146,0.3142857142857141
0.17788461538461536,0.07342529296875,0.1046142578125,0.175,0.1,0.0,0.05,0.07142857142857144,0.05,0.11428571428571431,0.6000000000000002,0.2,0.0,0.22499999999999998,0.2785714285714285,0.17142857142857146,0.3142857142857141
0.17884615384615382,0.07379150390625,0.10516357421875,0.175,0.1,0.0,0.05,0.07142857142857144,0.05,0.11428571428571431,0.6000000000000002,0.2,0.0,0.22499999999999998,0.28571428571428564,0.17142857142857146,0.3142857142857141
0.1798076923076923,0.07415771484375,0.10577392578125,0.175,0.1,0.0,0.05,0.07142857142857144,0.05,0.11428571428571431,0.6000000000000002,0.2,0.0,0.22499999999999998,0.28571428571428564,0.17142857142857146,0.32142857142857123
0.18076923076923077,0.0745849609375,0.10614013671875,0.175,0.1,0.0,0.07500000000000001,0.07142857142857144,0.05,0.11428571428571431,0.6000000000000002,0.2,0.0,0.22499999999999998,0.28571428571428564,0.17142857142857146,0.32142857142857123
0.18173076923076922,0.07501220703125,0.106689453125,0.175,0.1,0.0,0.07500000000000001,0.07142857142857144,0.05,0.12142857142857146,0.6000000000000002,0.2,0.0,0.22499999999999998,0.28571428571428564,0.17142857142857146,0.32142857142857123
0.18269230769230768,0.075439453125,0.1072998046875,0.175,0.1,0.0,0.07500000000000001,0.07142857142857144,0.05,0.12142857142857146,0.6000000000000002,0.2,0.0,0.22499999999999998,0.29285714285714276,0.17142857142857146,0.32142857142857123
0.18365384615384614,0.07574462890625,0.1077880859375,0.175,0.1,0.0,0.07500000000000001,0.07142857142857144,0.05,0.12142857142857146,0.6000000000000002,0.2,0.0,0.22499999999999998,0.2999999999999999,0.17142857142857146,0.32142857142857123
0.1846153846153846,0.07611083984375,0.10833740234375,0.175,0.1,0.0,0.07500000000000001,0.07142857142857144,0.05,0.12142857142857146,0.6000000000000002,0.2,0.0,0.22499999999999998,0.307142857142857,0.17142857142857146,0.32142857142857123
0.18557692307692306,0.0765380859375,0.10888671875,0.175,0.1,0.0,0.07500000000000001,0.07142857142857144,0.05,0.12142857142857146,0.6000000000000002,0.2,0.0,0.22499999999999998,0.3142857142857141,0.17142857142857146,0.32142857142857123
0.1865384615384615,0.076904296875,0.1092529296875,0.175,0.1,0.0,0.07500000000000001,0.07142857142857144,0.05,0.12142857142857146,0.6000000000000002,0.2,0.0,0.22499999999999998,0.3142857142857141,0.1785714285714286,0.32142857142857123
0.18749999999999997,0.0772705078125,0.10980224609375,0.175,0.1,0.0,0.07500000000000001,0.07142857142857144,0.05,0.12142857142857146,0.6000000000000002,0.2,0.0,0.22499999999999998,0.3142857142857141,0.18571428571428575,0.32142857142857123
0.18846153846153843,0.07763671875,0.1103515625,0.175,0.1,0.0,0.07500000000000001,0.07142857142857144,0.05,0.12142857142857146,0.6000000000000002,0.2,0.0,0.22499999999999998,0.3142857142857141,0.1928571428571429,0.32142857142857123
0.18942307692307692,0.0780029296875,0.11077880859375,0.175,0.1,0.0,0.07500000000000001,0.07142857142857144,0.05,0.12142857142857146,0.6000000000000002,0.2,0.0,0.22499999999999998,0.32142857142857123,0.1928571428571429,0.32142857142857123
0.19038461538461535,0.078369140625,0.111328125,0.175,0.1,0.0,0.07500000000000001,0.07142857142857144,0.05,0.12142857142857146,0.6000000000000002,0.2,0.0,0.22499999999999998,0.32857142857142835,0.1928571428571429,0.32142857142857123
0.1913461538461538,0.0787353515625,0.1116943359375,0.175,0.1,0.0,0.07500000000000001,0.07142857142857144,0.05,0.12142857142857146,0.6000000000000002,0.2,0.0,0.22499999999999998,0.32857142857142835,0.20000000000000004,0.32142857142857123
0.19230769230769226,0.0791015625,0.11224365234375,0.175,0.1,0.0,0.07500000000000001,0.07142857142857144,0.05,0.12142857142857146,0.6000000000000002,0.2,0.0,0.22499999999999998,0.32857142857142835,0.20000000000000004,0.32857142857142835
0.19326923076923072,0.0794677734375,0.11285400390625,0.175,0.1,0.0,0.07500000000000001,0.07142857142857144,0.05,0.12142857142857146,0.6000000000000002,0.2,0.0,0.22499999999999998,0.32857142857142835,0.20000000000000004,0.33571428571428547
0.19423076923076918,0.079833984375,0.1131591796875,0.175,0.1,0.0,0.07500000000000001,0.07142857142857144,0.05,0.12142857142857146,0.6250000000000002,0.2,0.0,0.22499999999999998,0.32857142857142835,0.20000000000000004,0.33571428571428547
0.19519230769230764,0.08026123046875,0.11376953125,0.175,0.1,0.0,0.07500000000000001,0.07857142857142858,0.05,0.12142857142857146,0.6250000000000002,0.2,0.0,0.22499999999999998,0.32857142857142835,0.20000000000000004,0.33571428571428547
0.1961538461538461,0.08062744140625,0.11431884765625,0.175,0.1,0.0,0.07500000000000001,0.07857142857142858,0.05,0.12142857142857146,0.6250000000000002,0.2,0.0,0.22499999999999998,0.32857142857142835,0.20000000000000004,0.3428571428571426
0.19711538461538458,0.0810546875,0.1148681640625,0.175,0.1,0.0,0.07500000000000001,0.08571428571428573,0.05,0.12142857142857146,0.6250000000000002,0.2,0.0,0.22499999999999998,0.32857142857142835,0.20000000000000004,0.3428571428571426
0.198076923076923,0.0814208984375,0.115234375,0.175,0.1,0.0,0.07500000000000001,0.08571428571428573,0.05,0.12142857142857146,0.6250000000000002,0.2,0.0,0.22499999999999998,0.32857142857142835,0.20000000000000004,0.3499999999999997
0.1990384615384615,0.08184814453125,0.11578369140625,0.175,0.1,0.0,0.07500000000000001,0.08571428571428573,0.05,0.1285714285714286,0.6250000000000002,0.2,0.0,0.22499999999999998,0.32857142857142835,0.20000000000000004,0.3499999999999997
0.19999999999999993,0.082275390625,0.1163330078125,0.175,0.1,0.0,0.07500000000000001,0.08571428571428573,0.05,0.1285714285714286,0.6250000000000002,0.2,0.0,0.24999999999999997,0.32857142857142835,0.20000000000000004,0.3499999999999997
0.2009615384615384,0.08270263671875,0.11688232421875,0.175,0.1,0.0,0.07500000000000001,0.08571428571428573,0.05,0.1285714285714286,0.6500000000000002,0.2,0.0,0.24999999999999997,0.32857142857142835,0.20000000000000004,0.3499999999999997
0.20192307692307684,0.0831298828125,0.117431640625,0.175,0.1,0.0,0.07500000000000001,0.08571428571428573,0.05,0.1285714285714286,0.6500000000000002,0.2,0.0,0.24999999999999997,0.33571428571428547,0.20000000000000004,0.3499999999999997
0.20288461538461533,0.08349609375,0.11798095703125,0.175,0.1,0.0,0.07500000000000001,0.08571428571428573,0.05,0.1285714285714286,0.6500000000000002,0.2,0.0,0.24999999999999997,0.3428571428571426,0.20000000000000004,0.3499999999999997
0.20384615384615376,0.0838623046875,0.118408203125,0.175,0.1,0.0,0.07500000000000001,0.08571428571428573,0.05,0.1285714285714286,0.6500000000000002,0.2,0.0,0.24999999999999997,0.3499999999999997,0.20000000000000004,0.3499999999999997
0.20480769230769225,0.084228515625,0.11895751953125,0.175,0.1,0.0,0.07500000000000001,0.08571428571428573,0.05,0.1285714285714286,0.6500000000000002,0.2,0.0,0.24999999999999997,0.3499999999999997,0.20714285714285718,0.3499999999999997
0.20576923076923073,0.0845947265625,0.119384765625,0.175,0.1,0.0,0.07500000000000001,0.08571428571428573,0.05,0.1285714285714286,0.6500000000000002,0.2,0.0,0.24999999999999997,0.3499999999999997,0.20714285714285718,0.3571428571428568
0.20673076923076916,0.0849609375,0.11993408203125,0.175,0.1,0.0,0.07500000000000001,0.08571428571428573,0.05,0.1285714285714286,0.6500000000000002,0.2,0.0,0.24999999999999997,0.3499999999999997,0.20714285714285718,0.36428571428571394
0.2076923076923076,0.0853271484375,0.12054443359375,0.175,0.1,0.0,0.07500000000000001,0.08571428571428573,0.05,0.1285714285714286,0.6500000000000002,0.2,0.0,0.24999999999999997,0.3499999999999997,0.21428571428571433,0.36428571428571394
0.20865384615384608,0.085693359375,0.12091064453125,0.175,0.1,0.0,0.07500000000000001,0.08571428571428573,0.05,0.1285714285714286,0.6500000000000002,0.2,0.0,0.24999999999999997,0.3499999999999997,0.22142857142857147,0.36428571428571394
0.2096153846153845,0.0860595703125,0.12152099609375,0.175,0.1,0.0,0.07500000000000001,0.08571428571428573,0.05,0.1285714285714286,0.6500000000000002,0.2,0.0,0.24999999999999997,0.3499999999999997,0.22857142857142862,0.36428571428571394
0.210576923076923,0.08642578125,0.12200927734375,0.175,0.1,0.0,0.07500000000000001,0.08571428571428573,0.05,0.1285714285714286,0.6500000000000002,0.2,0.0,0.24999999999999997,0.3499999999999997,0.23571428571428577,0.36428571428571394
0.21153846153846148,0.0867919921875,0.12249755859375,0.175,0.1,0.0,0.07500000000000001,0.08571428571428573,0.05,0.1285714285714286,0.6500000000000002,0.2,0.0,0.24999999999999997,0.3499999999999997,0.2428571428571429,0.36428571428571394
0.21249999999999994,0.087158203125,0.12322998046875,0.175,0.1,0.0,0.07500000000000001,0.08571428571428573,0.05,0.1285714285714286,0.6500000000000002,0.2,0.0,0.24999999999999997,0.3499999999999997,0.2428571428571429,0.37142857142857105
0.21346153846153842,0.08758544921875,0.12371826171875,0.175,0.1,0.0,0.07500000000000001,0.09285714285714287,0.05,0.1285714285714286,0.6500000000000002,0.2,0.0,0.24999999999999997,0.3499999999999997,0.2428571428571429,0.37142857142857105
0.21442307692307686,0.0880126953125,0.124267578125,0.19999999999999998,0.1,0.0,0.07500000000000001,0.09285714285714287,0.05,0.1285714285714286,0.6500000000000002,0.2,0.0,0.24999999999999997,0.3499999999999997,0.2428571428571429,0.37142857142857105
0.21538461538461534,0.08843994140625,0.12469482421875,0.19999999999999998,0.1,0.0,0.07500000000000001,0.09285714285714287,0.05,0.13571428571428573,0.6500000000000002,0.2,0.0,0.24999999999999997,0.3499999999999997,0.2428571428571429,0.37142857142857105
0.2163461538461538,0.0888671875,0.125244140625,0.19999999999999998,0.1,0.0,0.07500000000000001,0.09285714285714287,0.05,0.13571428571428573,0.6500000000000002,0.30000000000000004,0.0,0.24999999999999997,0.3499999999999997,0.2428571428571429,0.37142857142857105
0.21730769230769226,0.08929443359375,0.1256103515625,0.19999999999999998,0.1,0.0,0.07500000000000001,0.09285714285714287,0.05,0.13571428571428573,0.6500000000000002,0.30000000000000004,0.0,0.27499999999999997,0.3499999999999997,0.2428571428571429,0.37142857142857105
0.2182692307692307,0.08966064453125,0.126220703125,0.19999999999999998,0.1,0.0,0.07500000000000001,0.09285714285714287,0.05,0.13571428571428573,0.6500000000000002,0.30000000000000004,0.0,0.27499999999999997,0.3499999999999997,0.2428571428571429,0.37857142857142817
0.21923076923076917,0.09002685546875,0.126708984375,0.19999999999999998,0.1,0.0,0.07500000000000001,0.09285714285714287,0.05,0.13571428571428573,0.6500000000000002,0.30000000000000004,0.0,0.27499999999999997,0.3499999999999997,0.2428571428571429,0.3857142857142853
0.2201923076923076,0.09039306640625,0.127197265625,0.19999999999999998,0.1,0.0,0.07500000000000001,0.09285714285714287,0.05,0.13571428571428573,0.6500000000000002,0.30000000000000004,0.0,0.27499999999999997,0.3499999999999997,0.25000000000000006,0.3857142857142853
0.2211538461538461,0.09075927734375,0.1275634765625,0.19999999999999998,0.1,0.0,0.07500000000000001,0.09285714285714287,0.05,0.13571428571428573,0.6500000000000002,0.30000000000000004,0.0,0.27499999999999997,0.3499999999999997,0.2571428571428572,0.3857142857142853
0.22211538461538452,0.09112548828125,0.128173828125,0.19999999999999998,0.1,0.0,0.07500000000000001,0.09285714285714287,0.05,0.13571428571428573,0.6500000000000002,0.30000000000000004,0.0,0.27499999999999997,0.3499999999999997,0.2642857142857143,0.3857142857142853
0.22307692307692298,0.09149169921875,0.128662109375,0.19999999999999998,0.1,0.0,0.07500000000000001,0.09285714285714287,0.05,0.13571428571428573,0.6500000000000002,0.30000000000000004,0.0,0.27499999999999997,0.3499999999999997,0.2642857142857143,0.3928571428571424
0.22403846153846144,0.09185791015625,0.1292724609375,0.19999999999999998,0.1,0.0,0.07500000000000001,0.09285714285714287,0.05,0.13571428571428573,0.6500000000000002,0.30000000000000004,0.0,0.27499999999999997,0.3571428571428568,0.2642857142857143,0.3928571428571424
0.2249999999999999,0.09222412109375,0.1297607421875,0.19999999999999998,0.1,0.0,0.07500000000000001,0.09285714285714287,0.05,0.13571428571428573,0.6500000000000002,0.30000000000000004,0.0,0.27499999999999997,0.36428571428571394,0.2642857142857143,0.3928571428571424
0.22596153846153835,0.09259033203125,0.1302490234375,0.19999999999999998,0.1,0.0,0.07500000000000001,0.09285714285714287,0.05,0.13571428571428573,0.6500000000000002,0.30000000000000004,0.0,0.27499999999999997,0.37142857142857105,0.2642857142857143,0.3928571428571424
0.2269230769230768,0.09295654296875,0.130615234375,0.19999999999999998,0.1,0.0,0.07500000000000001,0.09285714285714287,0.05,0.13571428571428573,0.6500000000000002,0.30000000000000004,0.0,0.27499999999999997,0.37857142857142817,0.2642857142857143,0.3928571428571424
0.22788461538461527,0.09332275390625,0.131103515625,0.19999999999999998,0.1,0.0,0.07500000000000001,0.09285714285714287,0.05,0.13571428571428573,0.6500000000000002,0.30000000000000004,0.0,0.27499999999999997,0.3857142857142853,0.2642857142857143,0.3928571428571424
0.22884615384615373,0.09368896484375,0.131591796875,0.19999999999999998,0.1,0.0,0.07500000000000001,0.09285714285714287,0.05,0.13571428571428573,0.6500000000000002,0.30000000000000004,0.0,0.27499999999999997,0.3928571428571424,0.2642857142857143,0.3928571428571424
0.22980769230769219,0.0941162109375,0.1322021484375,0.19999999999999998,0.1,0.0,0.1,0.09285714285714287,0.05,0.13571428571428573,0.6500000000000002,0.30000000000000004,0.0,0.27499999999999997,0.3928571428571424,0.2642857142857143,0.3928571428571424
0.23076923076923067,0.094482421875,0.132568359375,0.19999999999999998,0.1,0.0,0.1,0.09285714285714287,0.05,0.13571428571428573,0.6500000000000002,0.30000000000000004,0.0,0.27499999999999997,0.3999999999999995,0.2642857142857143,0.3928571428571424
0.2317307692307691,0.09490966796875,0.1331787109375,0.19999999999999998,0.1,0.0,0.1,0.09285714285714287,0.05,0.14285714285714288,0.6500000000000002,0.30000000000000004,0.0,0.27499999999999997,0.3999999999999995,0.2642857142857143,0.3928571428571424
0.2326923076923076,0.09527587890625,0.1336669921875,0.19999999999999998,0.1,0.0,0.1,0.09285714285714287,0.05,0.14285714285714288,0.6500000000000002,0.30000000000000004,0.0,0.27499999999999997,0.3999999999999995,0.2642857142857143,0.3999999999999995
0.23365384615384605,0.095703125,0.1341552734375,0.19999999999999998,0.1,0.0,0.1,0.10000000000000002,0.05,0.14285714285714288,0.6500000000000002,0.30000000000000004,0.0,0.27499999999999997,0.3999999999999995,0.2642857142857143,0.3999999999999995
0.2346153846153845,0.09613037109375,0.134521484375,0.19999999999999998,0.1,0.0,0.1,0.10000000000000002,0.05,0.14285714285714288,0.6750000000000003,0.30000000000000004,0.0,0.27499999999999997,0.3999999999999995,0.2642857142857143,0.3999999999999995
0.23557692307692296,0.09649658203125,0.13525390625,0.19999999999999998,0.1,0.0,0.1,0.10000000000000002,0.05,0.14285714285714288,0.6750000000000003,0.30000000000000004,0.0,0.27499999999999997,0.40714285714285664,0.2642857142857143,0.3999999999999995
0.23653846153846142,0.096923828125,0.1356201171875,0.19999999999999998,0.1,0.0,0.1,0.10000000000000002,0.05714285714285715,0.14285714285714288,0.6750000000000003,0.30000000000000004,0.0,0.27499999999999997,0.40714285714285664,0.2642857142857143,0.3999999999999995
0.23749999999999988,0.0972900390625,0.13623046875,0.19999999999999998,0.1,0.0,0.1,0.10000000000000002,0.0642857142857143,0.14285714285714288,0.6750000000000003,0.30000000000000004,0.0,0.27499999999999997,0.40714285714285664,0.2642857142857143,0.3999999999999995
0.23846153846153836,0.09771728515625,0.13671875,0.19999999999999998,0.1,0.0,0.1,0.10000000000000002,0.07142857142857144,0.14285714285714288,0.6750000000000003,0.30000000000000004,0.0,0.27499999999999997,0.40714285714285664,0.2642857142857143,0.3999999999999995
0.2394230769230768,0.09808349609375,0.13720703125,0.19999999999999998,0.1,0.0,0.1,0.10000000000000002,0.07142857142857144,0.14285714285714288,0.6750000000000003,0.30000000000000004,0.0,0.27499999999999997,0.41428571428571376,0.2642857142857143,0.3999999999999995
0.24038461538461525,0.09844970703125,0.1375732421875,0.19999999999999998,0.1,0.0,0.1,0.10000000000000002,0.07142857142857144,0.14285714285714288,0.6750000000000003,0.30000000000000004,0.0,0.27499999999999997,0.41428571428571376,0.2642857142857143,0.40714285714285664
0.2413461538461537,0.09881591796875,0.1380615234375,0.19999999999999998,0.1,0.0,0.1,0.10000000000000002,0.07142857142857144,0.14285714285714288,0.6750000000000003,0.30000000000000004,0.0,0.27499999999999997,0.41428571428571376,0.2642857142857143,0.41428571428571376
0.2423076923076922,0.09918212890625,0.1385498046875,0.19999999999999998,0.1,0.0,0.1,0.10000000000000002,0.07142857142857144,0.14285714285714288,0.6750000000000003,0.30000000000000004,0.0,0.27499999999999997,0.4214285714285709,0.2642857142857143,0.41428571428571376
0.24326923076923063,0.09954833984375,0.1390380859375,0.19999999999999998,0.1,0.0,0.1,0.10000000000000002,0.07142857142857144,0.14285714285714288,0.6750000000000003,0.30000000000000004,0.0,0.27499999999999997,0.4214285714285709,0.2642857142857143,0.4214285714285709
0.2442307692307691,0.09991455078125,0.1396484375,0.19999999999999998,0.1,0.0,0.1,0.10000000000000002,0.07142857142857144,0.14285714285714288,0.6750000000000003,0.30000000000000004,0.0,0.27499999999999997,0.4214285714285709,0.2714285714285714,0.4214285714285709
0.24519230769230754,0.10028076171875,0.1400146484375,0.19999999999999998,0.1,0.0,0.1,0.10000000000000002,0.07142857142857144,0.14285714285714288,0.6750000000000003,0.30000000000000004,0.0,0.27499999999999997,0.4214285714285709,0.2785714285714285,0.4214285714285709
0.24615384615384603,0.10064697265625,0.140625,0.19999999999999998,0.1,0.0,0.1,0.10000000000000002,0.07142857142857144,0.14285714285714288,0.6750000000000003,0.30000000000000004,0.0,0.27499999999999997,0.4214285714285709,0.28571428571428564,0.4214285714285709
0.24711538461538446,0.10101318359375,0.1409912109375,0.19999999999999998,0.1,0.0,0.1,0.10000000000000002,0.07142857142857144,0.14285714285714288,0.6750000000000003,0.30000000000000004,0.0,0.27499999999999997,0.4214285714285709,0.29285714285714276,0.4214285714285709
0.24807692307692294,0.10137939453125,0.1416015625,0.19999999999999998,0.1,0.0,0.1,0.10000000000000002,0.07142857142857144,0.14285714285714288,0.6750000000000003,0.30000000000000004,0.0,0.27499999999999997,0.4214285714285709,0.2999999999999999,0.4214285714285709
0.24903846153846138,0.10174560546875,0.14208984375,0.19999999999999998,0.1,0.0,0.1,0.10000000000000002,0.07142857142857144,0.14285714285714288,0.6750000000000003,0.30000000000000004,0.0,0.27499999999999997,0.428571428571428,0.2999999999999999,0.4214285714285709
0.24999999999999986,0.1021728515625,0.1427001953125,0.22499999999999998,0.1,0.0,0.1,0.10000000000000002,0.07142857142857144,0.14285714285714288,0.6750000000000003,0.30000000000000004,0.0,0.27499999999999997,0.428571428571428,0.2999999999999999,0.4214285714285709
0.25096153846153835,0.1025390625,0.14306640625,0.22499999999999998,0.1,0.0,0.1,0.10000000000000002,0.07142857142857144,0.14285714285714288,0.6750000000000003,0.30000000000000004,0.0,0.27499999999999997,0.428571428571428,0.2999999999999999,0.428571428571428
0.2519230769230768,0.10296630859375,0.1434326171875,0.22499999999999998,0.1,0.0,0.1,0.10000000000000002,0.07142857142857144,0.15000000000000002,0.6750000000000003,0.30000000000000004,0.0,0.27499999999999997,0.428571428571428,0.2999999999999999,0.428571428571428
0.2528846153846152,0.10333251953125,0.14404296875,0.22499999999999998,0.1,0.0,0.1,0.10000000000000002,0.07142857142857144,0.15000000000000002,0.6750000000000003,0.30000000000000004,0.0,0.27499999999999997,0.428571428571428,0.2999999999999999,0.4357142857142851
0.2538461538461537,0.10369873046875,0.14453125,0.22499999999999998,0.1,0.0,0.1,0.10000000000000002,0.07142857142857144,0.15000000000000002,0.6750000000000003,0.30000000000000004,0.0,0.27499999999999997,0.428571428571428,0.2999999999999999,0.4428571428571422
0.2548076923076922,0.1041259765625,0.1451416015625,0.22499999999999998,0.1,0.0,0.1,0.10714285714285716,0.07142857142857144,0.15000000000000002,0.6750000000000003,0.30000000000000004,0.0,0.27499999999999997,0.428571428571428,0.2999999999999999,0.4428571428571422
0.25576923076923064,0.10455322265625,0.1455078125,0.22499999999999998,0.1,0.0,0.1,0.10714285714285716,0.07142857142857144,0.15714285714285717,0.6750000000000003,0.30000000000000004,0.0,0.27499999999999997,0.428571428571428,0.2999999999999999,0.4428571428571422
0.2567307692307691,0.10498046875,0.14599609375,0.22499999999999998,0.1,0.0,0.125,0.10714285714285716,0.07142857142857144,0.15714285714285717,0.6750000000000003,0.30000000000000004,0.0,0.27499999999999997,0.428571428571428,0.2999999999999999,0.4428571428571422
0.25769230769230755,0.10540771484375,0.1466064453125,0.22499999999999998,0.1,0.0,0.125,0.10714285714285716,0.07142857142857144,0.15714285714285717,0.7000000000000003,0.30000000000000004,0.0,0.27499999999999997,0.428571428571428,0.2999999999999999,0.4428571428571422
0.258653846153846,0.10577392578125,0.14697265625,0.22499999999999998,0.1,0.0,0.125,0.10714285714285716,0.07142857142857144,0.15714285714285717,0.7000000000000003,0.30000000000000004,0.0,0.27499999999999997,0.4357142857142851,0.2999999999999999,0.4428571428571422
0.25961538461538447,0.10614013671875,0.1475830078125,0.22499999999999998,0.1,0.0,0.125,0.10714285714285716,0.07142857142857144,0.15714285714285717,0.7000000000000003,0.30000000000000004,0.0,0.27499999999999997,0.4357142857142851,0.307142857142857,0.4428571428571422
0.26057692307692293,0.1065673828125,0.1480712890625,0.22499999999999998,0.1,0.0,0.125,0.10714285714285716,0.07142857142857144,0.15714285714285717,0.7000000000000003,0.30000000000000004,0.0,0.3,0.4357142857142851,0.307142857142857,0.4428571428571422
0.2615384615384614,0.10693359375,0.1484375,0.22499999999999998,0.1,0.0,0.125,0.10714285714285716,0.07142857142857144,0.15714285714285717,0.7000000000000003,0.30000000000000004,0.0,0.3,0.4428571428571422,0.307142857142857,0.4428571428571422
0.26249999999999984,0.1072998046875,0.1490478515625,0.22499999999999998,0.1,0.0,0.125,0.10714285714285716,0.07142857142857144,0.15714285714285717,0.7000000000000003,0.30000000000000004,0.0,0.3,0.44999999999999934,0.307142857142857,0.4428571428571422
0.2634615384615383,0.107666015625,0.1494140625,0.22499999999999998,0.1,0.0,0.125,0.10714285714285716,0.07142857142857144,0.15714285714285717,0.7000000000000003,0.30000000000000004,0.0,0.3,0.45714285714285646,0.307142857142857,0.4428571428571422
0.26442307692307676,0.1080322265625,0.1500244140625,0.22499999999999998,0.1,0.0,0.125,0.10714285714285716,0.07142857142857144,0.15714285714285717,0.7000000000000003,0.30000000000000004,0.0,0.3,0.4642857142857136,0.307142857142857,0.4428571428571422
0.2653846153846152,0.10845947265625,0.150390625,0.22499999999999998,0.1,0.0,0.125,0.10714285714285716,0.07142857142857144,0.15714285714285717,0.7000000000000003,0.30000000000000004,0.0,0.325,0.4642857142857136,0.307142857142857,0.4428571428571422
0.2663461538461537,0.10888671875,0.15087890625,0.22499999999999998,0.1,0.0,0.125,0.10714285714285716,0.07142857142857144,0.15714285714285717,0.7250000000000003,0.30000000000000004,0.0,0.325,0.4642857142857136,0.307142857142857,0.4428571428571422
0.26730769230769214,0.1092529296875,0.1514892578125,0.22499999999999998,0.1,0.0,0.125,0.10714285714285716,0.07142857142857144,0.15714285714285717,0.7250000000000003,0.30000000000000004,0.0,0.325,0.4642857142857136,0.307142857142857,0.44999999999999934
0.2682692307692306,0.109619140625,0.15185546875,0.22499999999999998,0.1,0.0,0.125,0.10714285714285716,0.07142857142857144,0.15714285714285717,0.7250000000000003,0.30000000000000004,0.0,0.325,0.4642857142857136,0.307142857142857,0.45714285714285646
0.26923076923076905,0.1099853515625,0.1524658203125,0.22499999999999998,0.1,0.0,0.125,0.10714285714285716,0.07142857142857144,0.15714285714285717,0.7250000000000003,0.30000000000000004,0.0,0.325,0.4642857142857136,0.3142857142857141,0.45714285714285646
0.2701923076923075,0.1103515625,0.1529541015625,0.22499999999999998,0.1,0.0,0.125,0.10714285714285716,0.07142857142857144,0.15714285714285717,0.7250000000000003,0.30000000000000004,0.0,0.325,0.4642857142857136,0.3142857142857141,0.4642857142857136
0.27115384615384597,0.11077880859375,0.1533203125,0.22499999999999998,0.1,0.0,0.125,0.10714285714285716,0.07142857142857144,0.15714285714285717,0.7250000000000003,0.30000000000000004,0.0,0.325,0.4714285714285707,0.3142857142857141,0.4642857142857136
0.2721153846153844,0.11114501953125,0.154052734375,0.22499999999999998,0.1,0.0,0.125,0.10714285714285716,0.07142857142857144,0.15714285714285717,0.7250000000000003,0.30000000000000004,0.0,0.325,0.4785714285714278,0.3142857142857141,0.4642857142857136
0.2730769230769229,0.111572265625,0.1544189453125,0.24999999999999997,0.1,0.0,0.125,0.10714285714285716,0.07142857142857144,0.15714285714285717,0.7250000000000003,0.30000000000000004,0.0,0.325,0.4785714285714278,0.3142857142857141,0.4642857142857136
0.27403846153846134,0.11199951171875,0.15478515625,0.24999999999999997,0.1,0.0,0.125,0.10714285714285716,0.07142857142857144,0.1642857142857143,0.7250000000000003,0.30000000000000004,0.0,0.325,0.4785714285714278,0.3142857142857141,0.4642857142857136
0.2749999999999998,0.1124267578125,0.155517578125,0.24999999999999997,0.1,0.0,0.125,0.10714285714285716,0.07142857142857144,0.1642857142857143,0.7250000000000003,0.30000000000000004,0.0,0.325,0.48571428571428493,0.3142857142857141,0.4642857142857136
0.27596153846153826,0.11279296875,0.1558837890625,0.24999999999999997,0.1,0.0,0.125,0.10714285714285716,0.07142857142857144,0.1642857142857143,0.7250000000000003,0.30000000000000004,0.0,0.325,0.49285714285714205,0.3142857142857141,0.4642857142857136
0.2769230769230767,0.1131591796875,0.156494140625,0.24999999999999997,0.1,0.0,0.125,0.10714285714285716,0.07142857142857144,0.1642857142857143,0.7250000000000003,0.30000000000000004,0.0,0.325,0.49999999999999917,0.3142857142857141,0.4642857142857136
0.2778846153846152,0.113525390625,0.1568603515625,0.24999999999999997,0.1,0.0,0.125,0.10714285714285716,0.07142857142857144,0.1642857142857143,0.7250000000000003,0.30000000000000004,0.0,0.325,0.49999999999999917,0.32142857142857123,0.4642857142857136
0.27884615384615363,0.1138916015625,0.157470703125,0.24999999999999997,0.1,0.0,0.125,0.10714285714285716,0.07142857142857144,0.1642857142857143,0.7250000000000003,0.30000000000000004,0.0,0.325,0.49999999999999917,0.32857142857142835,0.4642857142857136
0.2798076923076921,0.1142578125,0.1580810546875,0.24999999999999997,0.1,0.0,0.125,0.10714285714285716,0.07142857142857144,0.1642857142857143,0.7250000000000003,0.30000000000000004,0.0,0.325,0.49999999999999917,0.33571428571428547,0.4642857142857136
0.28076923076923055,0.1146240234375,0.158447265625,0.24999999999999997,0.1,0.0,0.125,0.10714285714285716,0.07142857142857144,0.1642857142857143,0.7250000000000003,0.30000000000000004,0.0,0.325,0.49999999999999917,0.3428571428571426,0.4642857142857136
0.281730769230769,0.114990234375,0.1591796875,0.24999999999999997,0.1,0.0,0.125,0.10714285714285716,0.07142857142857144,0.1642857142857143,0.7250000000000003,0.30000000000000004,0.0,0.325,0.49999999999999917,0.3499999999999997,0.4642857142857136
0.28269230769230747,0.1153564453125,0.1595458984375,0.24999999999999997,0.1,0.0,0.125,0.10714285714285716,0.07142857142857144,0.1642857142857143,0.7250000000000003,0.30000000000000004,0.0,0.325,0.49999999999999917,0.3499999999999997,0.4714285714285707
0.2836538461538459,0.11572265625,0.159912109375,0.24999999999999997,0.1,0.0,0.125,0.10714285714285716,0.07142857142857144,0.1642857142857143,0.7250000000000003,0.30000000000000004,0.0,0.325,0.49999999999999917,0.3499999999999997,0.4785714285714278
0.2846153846153844,0.1160888671875,0.160400390625,0.24999999999999997,0.1,0.0,0.125,0.10714285714285716,0.07142857142857144,0.1642857142857143,0.7250000000000003,0.30000000000000004,0.0,0.325,0.49999999999999917,0.3499999999999997,0.48571428571428493
0.28557692307692284,0.116455078125,0.1610107421875,0.24999999999999997,0.1,0.0,0.125,0.10714285714285716,0.07142857142857144,0.1642857142857143,0.7250000000000003,0.30000000000000004,0.0,0.325,0.49999999999999917,0.3499999999999997,0.49285714285714205
0.2865384615384613,0.11688232421875,0.161376953125,0.24999999999999997,0.1,0.0,0.125,0.11428571428571431,0.07142857142857144,0.1642857142857143,0.7250000000000003,0.30000000000000004,0.0,0.325,0.49999999999999917,0.3499999999999997,0.49285714285714205
0.28749999999999976,0.1173095703125,0.161865234375,0.24999999999999997,0.1,0.0,0.125,0.11428571428571431,0.07142857142857144,0.17142857142857146,0.7250000000000003,0.30000000000000004,0.0,0.325,0.49999999999999917,0.3499999999999997,0.49285714285714205
0.2884615384615382,0.11773681640625,0.1624755859375,0.24999999999999997,0.1,0.0,0.15,0.11428571428571431,0.07142857142857144,0.17142857142857146,0.7250000000000003,0.30000000000000004,0.0,0.325,0.49999999999999917,0.3499999999999997,0.49285714285714205
0.28942307692307667,0.1181640625,0.162841796875,0.24999999999999997,0.1,0.0,0.15,0.11428571428571431,0.07142857142857144,0.17142857142857146,0.7250000000000003,0.30000000000000004,0.0,0.325,0.5071428571428563,0.3499999999999997,0.49285714285714205
0.29038461538461513,0.1185302734375,0.163330078125,0.24999999999999997,0.1,0.0,0.15,0.11428571428571431,0.07142857142857144,0.17142857142857146,0.7250000000000003,0.30000000000000004,0.0,0.325,0.5142857142857135,0.3499999999999997,0.49285714285714205
0.2913461538461536,0.11895751953125,0.1639404296875,0.24999999999999997,0.1,0.0,0.15,0.11428571428571431,0.07142857142857144,0.1785714285714286,0.7250000000000003,0.30000000000000004,0.0,0.325,0.5142857142857135,0.3499999999999997,0.49285714285714205
0.2923076923076921,0.119384765625,0.164306640625,0.24999999999999997,0.1,0.0,0.15,0.11428571428571431,0.07142857142857144,0.1785714285714286,0.7250000000000003,0.30000000000000004,0.0,0.35000000000000003,0.5142857142857135,0.3499999999999997,0.49285714285714205
0.2932692307692305,0.11981201171875,0.164794921875,0.24999999999999997,0.1,0.0,0.15,0.11428571428571431,0.07142857142857144,0.1785714285714286,0.7250000000000003,0.30000000000000004,0.0,0.35000000000000003,0.5214285714285706,0.3499999999999997,0.49285714285714205
0.294230769230769,0.12017822265625,0.1654052734375,0.24999999999999997,0.1,0.0,0.15,0.11428571428571431,0.07142857142857144,0.1785714285714286,0.7250000000000003,0.30000000000000004,0.0,0.35000000000000003,0.5214285714285706,0.3571428571428568,0.49285714285714205
0.2951923076923074,0.12054443359375,0.165771484375,0.24999999999999997,0.1,0.0,0.15,0.11428571428571431,0.07142857142857144,0.1785714285714286,0.7250000000000003,0.30000000000000004,0.0,0.35000000000000003,0.5214285714285706,0.36428571428571394,0.49285714285714205
0.29615384615384593,0.12091064453125,0.166259765625,0.24999999999999997,0.1,0.0,0.15,0.11428571428571431,0.07142857142857144,0.1785714285714286,0.7250000000000003,0.30000000000000004,0.0,0.35000000000000003,0.5214285714285706,0.37142857142857105,0.49285714285714205
0.29711538461538434,0.12127685546875,0.1668701171875,0.24999999999999997,0.1,0.0,0.15,0.11428571428571431,0.07142857142857144,0.1785714285714286,0.7250000000000003,0.30000000000000004,0.0,0.35000000000000003,0.5214285714285706,0.37857142857142817,0.49285714285714205
0.29807692307692285,0.12164306640625,0.1673583984375,0.24999999999999997,0.1,0.0,0.15,0.11428571428571431,0.07142857142857144,0.1785714285714286,0.7250000000000003,0.30000000000000004,0.0,0.35000000000000003,0.5214285714285706,0.37857142857142817,0.49999999999999917
0.2990384615384613,0.12200927734375,0.167724609375,0.24999999999999997,0.1,0.0,0.15,0.11428571428571431,0.07142857142857144,0.1785714285714286,0.7250000000000003,0.30000000000000004,0.0,0.35000000000000003,0.5214285714285706,0.3857142857142853,0.49999999999999917
0.29999999999999977,0.12237548828125,0.168212890625,0.24999999999999997,0.1,0.0,0.15,0.11428571428571431,0.07142857142857144,0.1785714285714286,0.7250000000000003,0.30000000000000004,0.0,0.35000000000000003,0.5214285714285706,0.3857142857142853,0.5071428571428563
0.3009615384615382,0.122802734375,0.1688232421875,0.24999999999999997,0.1,0.0,0.15,0.11428571428571431,0.07142857142857144,0.1785714285714286,0.7250000000000003,0.30000000000000004,0.0,0.35000000000000003,0.5285714285714277,0.3857142857142853,0.5071428571428563
0.3019230769230767,0.1231689453125,0.169189453125,0.24999999999999997,0.1,0.0,0.15,0.11428571428571431,0.07142857142857144,0.1785714285714286,0.7250000000000003,0.30000000000000004,0.0,0.35000000000000003,0.5357142857142848,0.3857142857142853,0.5071428571428563
0.3028846153846151,0.12353515625,0.169677734375,0.24999999999999997,0.1,0.0,0.15,0.11428571428571431,0.07142857142857144,0.1785714285714286,0.7250000000000003,0.30000000000000004,0.0,0.35000000000000003,0.5357142857142848,0.3928571428571424,0.5071428571428563
0.3038461538461536,0.1239013671875,0.1702880859375,0.24999999999999997,0.1,0.0,0.15,0.11428571428571431,0.07142857142857144,0.1785714285714286,0.7250000000000003,0.30000000000000004,0.0,0.35000000000000003,0.5357142857142848,0.3928571428571424,0.5142857142857135
0.304807692307692,0.12432861328125,0.170654296875,0.24999999999999997,0.1,0.0,0.15,0.11428571428571431,0.07857142857142858,0.1785714285714286,0.7250000000000003,0.30000000000000004,0.0,0.35000000000000003,0.5357142857142848,0.3928571428571424,0.5142857142857135
0.3057692307692305,0.124755859375,0.171142578125,0.24999999999999997,0.1,0.0,0.15,0.11428571428571431,0.08571428571428573,0.1785714285714286,0.7250000000000003,0.30000000000000004,0.0,0.35000000000000003,0.5357142857142848,0.3928571428571424,0.5142857142857135
0.3067307692307689,0.1251220703125,0.1717529296875,0.24999999999999997,0.1,0.0,0.15,0.11428571428571431,0.08571428571428573,0.1785714285714286,0.7250000000000003,0.30000000000000004,0.0,0.35000000000000003,0.5428571428571419,0.3928571428571424,0.5142857142857135
0.30769230769230743,0.1256103515625,0.1722412109375,0.27499999999999997,0.1,0.0,0.15,0.11428571428571431,0.08571428571428573,0.1785714285714286,0.7250000000000003,0.30000000000000004,0.0,0.35000000000000003,0.5428571428571419,0.3928571428571424,0.5142857142857135
0.3086538461538459,0.1259765625,0.1727294921875,0.27499999999999997,0.1,0.0,0.15,0.11428571428571431,0.08571428571428573,0.1785714285714286,0.7500000000000003,0.30000000000000004,0.0,0.35000000000000003,0.5428571428571419,0.3928571428571424,0.5142857142857135
0.30961538461538435,0.12646484375,0.17333984375,0.3,0.1,0.0,0.15,0.11428571428571431,0.08571428571428573,0.1785714285714286,0.7500000000000003,0.30000000000000004,0.0,0.35000000000000003,0.5428571428571419,0.3928571428571424,0.5142857142857135
0.31057692307692286,0.1268310546875,0.1737060546875,0.3,0.1,0.0,0.15,0.11428571428571431,0.08571428571428573,0.1785714285714286,0.7500000000000003,0.30000000000000004,0.0,0.35000000000000003,0.5428571428571419,0.3999999999999995,0.5142857142857135
0.3115384615384613,0.127197265625,0.17431640625,0.3,0.1,0.0,0.15,0.11428571428571431,0.08571428571428573,0.1785714285714286,0.7500000000000003,0.30000000000000004,0.0,0.35000000000000003,0.5428571428571419,0.40714285714285664,0.5142857142857135
0.3124999999999997,0.127685546875,0.1749267578125,0.3,0.1,0.0,0.175,0.11428571428571431,0.08571428571428573,0.1785714285714286,0.7500000000000003,0.30000000000000004,0.0,0.35000000000000003,0.5428571428571419,0.40714285714285664,0.5142857142857135
0.3134615384615381,0.1280517578125,0.17529296875,0.3,0.1,0.0,0.175,0.11428571428571431,0.08571428571428573,0.1785714285714286,0.7500000000000003,0.30000000000000004,0.0,0.35000000000000003,0.549999999999999,0.40714285714285664,0.5142857142857135
0.3144230769230767,0.1285400390625,0.17578125,0.3,0.1,0.0,0.175,0.12142857142857146,0.08571428571428573,0.1785714285714286,0.7500000000000003,0.30000000000000004,0.0,0.35000000000000003,0.549999999999999,0.40714285714285664,0.5142857142857135
0.3153846153846151,0.12890625,0.1763916015625,0.3,0.1,0.0,0.175,0.12142857142857146,0.08571428571428573,0.1785714285714286,0.7500000000000003,0.30000000000000004,0.0,0.35000000000000003,0.5571428571428562,0.40714285714285664,0.5142857142857135
0.3163461538461536,0.1292724609375,0.1767578125,0.3,0.1,0.0,0.175,0.12142857142857146,0.08571428571428573,0.1785714285714286,0.7500000000000003,0.30000000000000004,0.0,0.35000000000000003,0.5571428571428562,0.41428571428571376,0.5142857142857135
0.317307692307692,0.129638671875,0.17724609375,0.3,0.1,0.0,0.175,0.12142857142857146,0.08571428571428573,0.1785714285714286,0.7500000000000003,0.30000000000000004,0.0,0.35000000000000003,0.5571428571428562,0.41428571428571376,0.5214285714285706
0.3182692307692305,0.1300048828125,0.177734375,0.3,0.1,0.0,0.175,0.12142857142857146,0.08571428571428573,0.1785714285714286,0.7500000000000003,0.30000000000000004,0.0,0.35000000000000003,0.5571428571428562,0.41428571428571376,0.5285714285714277
0.319230769230769,0.13037109375,0.1783447265625,0.3,0.1,0.0,0.175,0.12142857142857146,0.08571428571428573,0.1785714285714286,0.7500000000000003,0.30000000000000004,0.0,0.35000000000000003,0.5571428571428562,0.41428571428571376,0.5357142857142848
0.3201923076923074,0.1307373046875,0.1787109375,0.3,0.1,0.0,0.175,0.12142857142857146,0.08571428571428573,0.1785714285714286,0.7500000000000003,0.30000000000000004,0.0,0.35000000000000003,0.5571428571428562,0.41428571428571376,0.5428571428571419
0.32115384615384585,0.1312255859375,0.17919921875,0.3,0.1,0.0,0.175,0.1285714285714286,0.08571428571428573,0.1785714285714286,0.7500000000000003,0.30000000000000004,0.0,0.35000000000000003,0.5571428571428562,0.41428571428571376,0.5428571428571419
0.32211538461538436,0.131591796875,0.1798095703125,0.3,0.1,0.0,0.175,0.1285714285714286,0.08571428571428573,0.1785714285714286,0.7500000000000003,0.30000000000000004,0.0,0.35000000000000003,0.5642857142857133,0.41428571428571376,0.5428571428571419
0.32307692307692276,0.1319580078125,0.18017578125,0.3,0.1,0.0,0.175,0.1285714285714286,0.08571428571428573,0.1785714285714286,0.7500000000000003,0.30000000000000004,0.0,0.35000000000000003,0.5642857142857133,0.4214285714285709,0.5428571428571419
0.3240384615384612,0.13232421875,0.1806640625,0.3,0.1,0.0,0.175,0.1285714285714286,0.08571428571428573,0.1785714285714286,0.7500000000000003,0.30000000000000004,0.0,0.35000000000000003,0.5642857142857133,0.428571428571428,0.5428571428571419
0.3249999999999997,0.1328125,0.18115234375,0.3,0.1,0.0,0.175,0.13571428571428573,0.08571428571428573,0.1785714285714286,0.7500000000000003,0.30000000000000004,0.0,0.35000000000000003,0.5642857142857133,0.428571428571428,0.5428571428571419
0.3259615384615381,0.1331787109375,0.181640625,0.3,0.1,0.0,0.175,0.13571428571428573,0.08571428571428573,0.1785714285714286,0.7500000000000003,0.30000000000000004,0.0,0.35000000000000003,0.5642857142857133,0.4357142857142851,0.5428571428571419
0.3269230769230766,0.133544921875,0.18212890625,0.3,0.1,0.0,0.175,0.13571428571428573,0.08571428571428573,0.1785714285714286,0.7500000000000003,0.30000000000000004,0.0,0.35000000000000003,0.5642857142857133,0.4357142857142851,0.549999999999999
0.32788461538461505,0.134033203125,0.1826171875,0.3,0.1,0.0,0.175,0.14285714285714288,0.08571428571428573,0.1785714285714286,0.7500000000000003,0.30000000000000004,0.0,0.35000000000000003,0.5642857142857133,0.4357142857142851,0.549999999999999
0.3288461538461535,0.1343994140625,0.1832275390625,0.3,0.1,0.0,0.175,0.14285714285714288,0.08571428571428573,0.1785714285714286,0.7500000000000003,0.30000000000000004,0.0,0.35000000000000003,0.5642857142857133,0.4428571428571422,0.549999999999999
0.329807692307692,0.134765625,0.18359375,0.3,0.1,0.0,0.175,0.14285714285714288,0.08571428571428573,0.1785714285714286,0.7500000000000003,0.30000000000000004,0.0,0.35000000000000003,0.5642857142857133,0.44999999999999934,0.549999999999999
0.3307692307692305,0.1351318359375,0.18408203125,0.3,0.1,0.0,0.175,0.14285714285714288,0.08571428571428573,0.1785714285714286,0.7500000000000003,0.30000000000000004,0.0,0.35000000000000003,0.5642857142857133,0.45714285714285646,0.549999999999999
0.33173076923076894,0.1356201171875,0.1845703125,0.325,0.1,0.0,0.175,0.14285714285714288,0.08571428571428573,0.1785714285714286,0.7500000000000003,0.30000000000000004,0.0,0.35000000000000003,0.5642857142857133,0.45714285714285646,0.549999999999999
0.33269230769230745,0.1361083984375,0.1851806640625,0.325,0.1,0.0,0.19999999999999998,0.14285714285714288,0.08571428571428573,0.1785714285714286,0.7500000000000003,0.30000000000000004,0.0,0.35000000000000003,0.5642857142857133,0.45714285714285646,0.549999999999999
0.3336538461538459,0.136474609375,0.1856689453125,0.325,0.1,0.0,0.19999999999999998,0.14285714285714288,0.08571428571428573,0.1785714285714286,0.7500000000000003,0.30000000000000004,0.0,0.35000000000000003,0.5642857142857133,0.45714285714285646,0.5571428571428562
0.3346153846153843,0.1368408203125,0.18603515625,0.325,0.1,0.0,0.19999999999999998,0.14285714285714288,0.08571428571428573,0.1785714285714286,0.7500000000000003,0.30000000000000004,0.0,0.35000000000000003,0.5642857142857133,0.45714285714285646,0.5642857142857133
0.3355769230769228,0.13720703125,0.1865234375,0.325,0.1,0.0,0.19999999999999998,0.14285714285714288,0.08571428571428573,0.1785714285714286,0.7500000000000003,0.30000000000000004,0.0,0.35000000000000003,0.5642857142857133,0.4642857142857136,0.5642857142857133
0.3365384615384612,0.1376953125,0.1871337890625,0.325,0.1,0.0,0.19999999999999998,0.15000000000000002,0.08571428571428573,0.1785714285714286,0.7500000000000003,0.30000000000000004,0.0,0.35000000000000003,0.5642857142857133,0.4642857142857136,0.5642857142857133
0.3374999999999997,0.13818359375,0.1876220703125,0.325,0.1,0.0,0.19999999999999998,0.15000000000000002,0.09285714285714287,0.1785714285714286,0.7500000000000003,0.30000000000000004,0.0,0.35000000000000003,0.5642857142857133,0.4642857142857136,0.5642857142857133
0.33846153846153815,0.1385498046875,0.18798828125,0.325,0.1,0.0,0.19999999999999998,0.15000000000000002,0.10000000000000002,0.1785714285714286,0.7500000000000003,0.30000000000000004,0.0,0.35000000000000003,0.5642857142857133,0.4642857142857136,0.5642857142857133
0.3394230769230766,0.1390380859375,0.188720703125,0.35000000000000003,0.1,0.0,0.19999999999999998,0.15000000000000002,0.10000000000000002,0.1785714285714286,0.7500000000000003,0.30000000000000004,0.0,0.35000000000000003,0.5642857142857133,0.4642857142857136,0.5642857142857133
0.340384615384615,0.1395263671875,0.1890869140625,0.35000000000000003,0.1,0.0,0.19999999999999998,0.15000000000000002,0.10714285714285716,0.1785714285714286,0.7500000000000003,0.30000000000000004,0.0,0.35000000000000003,0.5642857142857133,0.4642857142857136,0.5642857142857133
0.3413461538461535,0.139892578125,0.1895751953125,0.35000000000000003,0.1,0.0,0.19999999999999998,0.15000000000000002,0.10714285714285716,0.18571428571428575,0.7500000000000003,0.30000000000000004,0.0,0.35000000000000003,0.5642857142857133,0.4642857142857136,0.5642857142857133
0.342307692307692,0.140380859375,0.18994140625,0.35000000000000003,0.1,0.0,0.19999999999999998,0.15000000000000002,0.11428571428571431,0.18571428571428575,0.7500000000000003,0.30000000000000004,0.0,0.35000000000000003,0.5642857142857133,0.4642857142857136,0.5642857142857133
0.34326923076923044,0.140869140625,0.190673828125,0.35000000000000003,0.1,0.0,0.19999999999999998,0.15000000000000002,0.11428571428571431,0.1928571428571429,0.7500000000000003,0.30000000000000004,0.0,0.35000000000000003,0.5642857142857133,0.4642857142857136,0.5642857142857133
0.34423076923076895,0.1412353515625,0.1910400390625,0.35000000000000003,0.1,0.0,0.19999999999999998,0.15000000000000002,0.11428571428571431,0.20000000000000004,0.7500000000000003,0.30000000000000004,0.0,0.35000000000000003,0.5642857142857133,0.4642857142857136,0.5642857142857133
0.34519230769230735,0.1416015625,0.19140625,0.35000000000000003,0.1,0.0,0.19999999999999998,0.15000000000000002,0.11428571428571431,0.20000000000000004,0.7500000000000003,0.30000000000000004,0.0,0.37500000000000006,0.5642857142857133,0.4642857142857136,0.5642857142857133
0.3461538461538458,0.1419677734375,0.19189453125,0.35000000000000003,0.1,0.0,0.19999999999999998,0.15000000000000002,0.11428571428571431,0.20000000000000004,0.7500000000000003,0.30000000000000004,0.0,0.37500000000000006,0.5642857142857133,0.4714285714285707,0.5642857142857133
0.34711538461538427,0.1424560546875,0.1925048828125,0.35000000000000003,0.1,0.0,0.19999999999999998,0.15000000000000002,0.11428571428571431,0.20714285714285718,0.7500000000000003,0.30000000000000004,0.0,0.37500000000000006,0.5642857142857133,0.4714285714285707,0.5642857142857133
0.3480769230769228,0.142822265625,0.193115234375,0.35000000000000003,0.1,0.0,0.19999999999999998,0.15000000000000002,0.11428571428571431,0.20714285714285718,0.7750000000000004,0.30000000000000004,0.0,0.37500000000000006,0.5642857142857133,0.4714285714285707,0.5642857142857133
0.34903846153846124,0.1431884765625,0.193603515625,0.35000000000000003,0.1,0.0,0.19999999999999998,0.15000000000000002,0.11428571428571431,0.20714285714285718,0.7750000000000004,0.30000000000000004,0.0,0.37500000000000006,0.5642857142857133,0.4714285714285707,0.5714285714285704
0.34999999999999964,0.1436767578125,0.1939697265625,0.35000000000000003,0.1,0.0,0.19999999999999998,0.15000000000000002,0.11428571428571431,0.21428571428571433,0.7750000000000004,0.30000000000000004,0.0,0.37500000000000006,0.5642857142857133,0.4714285714285707,0.5714285714285704
0.3509615384615382,0.14404296875,0.1947021484375,0.35000000000000003,0.1,0.0,0.19999999999999998,0.15000000000000002,0.11428571428571431,0.21428571428571433,0.7750000000000004,0.4,0.0,0.37500000000000006,0.5642857142857133,0.4714285714285707,0.5714285714285704
0.3519230769230766,0.14453125,0.1951904296875,0.35000000000000003,0.1,0.0,0.22499999999999998,0.15000000000000002,0.11428571428571431,0.21428571428571433,0.7750000000000004,0.4,0.0,0.37500000000000006,0.5642857142857133,0.4714285714285707,0.5714285714285704
0.3528846153846151,0.14501953125,0.195556640625,0.35000000000000003,0.1,0.0,0.22499999999999998,0.15000000000000002,0.11428571428571431,0.22142857142857147,0.7750000000000004,0.4,0.0,0.37500000000000006,0.5642857142857133,0.4714285714285707,0.5714285714285704
0.35384615384615353,0.1453857421875,0.196044921875,0.35000000000000003,0.1,0.0,0.22499999999999998,0.15000000000000002,0.11428571428571431,0.22142857142857147,0.7750000000000004,0.4,0.0,0.4000000000000001,0.5642857142857133,0.4714285714285707,0.5714285714285704
0.35480769230769194,0.1458740234375,0.1966552734375,0.35000000000000003,0.1,0.0,0.22499999999999998,0.15000000000000002,0.11428571428571431,0.22857142857142862,0.7750000000000004,0.4,0.0,0.4000000000000001,0.5642857142857133,0.4714285714285707,0.5714285714285704
0.3557692307692305,0.146240234375,0.1971435546875,0.35000000000000003,0.1,0.0,0.22499999999999998,0.15000000000000002,0.11428571428571431,0.22857142857142862,0.7750000000000004,0.4,0.0,0.4000000000000001,0.5714285714285704,0.4714285714285707,0.5714285714285704
0.3567307692307689,0.1466064453125,0.197509765625,0.35000000000000003,0.1,0.0,0.22499999999999998,0.15000000000000002,0.11428571428571431,0.22857142857142862,0.7750000000000004,0.4,0.0,0.4000000000000001,0.5785714285714275,0.4714285714285707,0.5714285714285704
0.3576923076923073,0.14697265625,0.1978759765625,0.35000000000000003,0.1,0.0,0.22499999999999998,0.15000000000000002,0.11428571428571431,0.22857142857142862,0.7750000000000004,0.4,0.0,0.4000000000000001,0.5857142857142846,0.4714285714285707,0.5714285714285704
0.3586538461538459,0.1473388671875,0.1986083984375,0.35000000000000003,0.1,0.0,0.22499999999999998,0.15000000000000002,0.11428571428571431,0.22857142857142862,0.7750000000000004,0.4,0.0,0.4000000000000001,0.5928571428571418,0.4714285714285707,0.5714285714285704
0.3596153846153843,0.147705078125,0.198974609375,0.35000000000000003,0.1,0.0,0.22499999999999998,0.15000000000000002,0.11428571428571431,0.22857142857142862,0.7750000000000004,0.4,0.0,0.4000000000000001,0.5928571428571418,0.4785714285714278,0.5714285714285704
0.36057692307692274,0.1480712890625,0.199462890625,0.35000000000000003,0.1,0.0,0.22499999999999998,0.15000000000000002,0.11428571428571431,0.22857142857142862,0.7750000000000004,0.4,0.0,0.4000000000000001,0.5928571428571418,0.4785714285714278,0.5785714285714275
0.3615384615384612,0.1484375,0.199951171875,0.35000000000000003,0.1,0.0,0.22499999999999998,0.15000000000000002,0.11428571428571431,0.22857142857142862,0.7750000000000004,0.4,0.0,0.4000000000000001,0.5928571428571418,0.4785714285714278,0.5857142857142846
0.3624999999999996,0.1488037109375,0.2005615234375,0.35000000000000003,0.1,0.0,0.22499999999999998,0.15000000000000002,0.11428571428571431,0.22857142857142862,0.7750000000000004,0.4,0.0,0.4000000000000001,0.5999999999999989,0.4785714285714278,0.5857142857142846
0.3634615384615381,0.1492919921875,0.2010498046875,0.35000000000000003,0.1,0.0,0.22499999999999998,0.15000000000000002,0.11428571428571431,0.23571428571428577,0.7750000000000004,0.4,0.0,0.4000000000000001,0.5999999999999989,0.4785714285714278,0.5857142857142846
0.36442307692307657,0.149658203125,0.201416015625,0.35000000000000003,0.1,0.0,0.22499999999999998,0.15000000000000002,0.11428571428571431,0.23571428571428577,0.7750000000000004,0.4,0.0,0.4000000000000001,0.607142857142856,0.4785714285714278,0.5857142857142846
0.365384615384615,0.1500244140625,0.201904296875,0.35000000000000003,0.1,0.0,0.22499999999999998,0.15000000000000002,0.11428571428571431,0.23571428571428577,0.7750000000000004,0.4,0.0,0.4000000000000001,0.607142857142856,0.48571428571428493,0.5857142857142846
0.36634615384615343,0.150390625,0.202392578125,0.35000000000000003,0.1,0.0,0.22499999999999998,0.15000000000000002,0.11428571428571431,0.23571428571428577,0.7750000000000004,0.4,0.0,0.4000000000000001,0.607142857142856,0.49285714285714205,0.5857142857142846
0.36730769230769195,0.1507568359375,0.2030029296875,0.35000000000000003,0.1,0.0,0.22499999999999998,0.15000000000000002,0.11428571428571431,0.23571428571428577,0.7750000000000004,0.4,0.0,0.4250000000000001,0.607142857142856,0.49285714285714205,0.5857142857142846
0.3682692307692304,0.1512451171875,0.2034912109375,0.35000000000000003,0.1,0.0,0.22499999999999998,0.15000000000000002,0.11428571428571431,0.2428571428571429,0.7750000000000004,0.4,0.0,0.4250000000000001,0.607142857142856,0.49285714285714205,0.5857142857142846
0.36923076923076886,0.151611328125,0.2039794921875,0.35000000000000003,0.1,0.0,0.22499999999999998,0.15000000000000002,0.11428571428571431,0.2428571428571429,0.7750000000000004,0.4,0.0,0.4250000000000001,0.607142857142856,0.49999999999999917,0.5857142857142846
0.3701923076923074,0.1519775390625,0.204345703125,0.35000000000000003,0.1,0.0,0.22499999999999998,0.15000000000000002,0.11428571428571431,0.2428571428571429,0.7750000000000004,0.4,0.0,0.4250000000000001,0.607142857142856,0.49999999999999917,0.5928571428571418
0.37115384615384583,0.15234375,0.2049560546875,0.35000000000000003,0.1,0.0,0.22499999999999998,0.15000000000000002,0.11428571428571431,0.2428571428571429,0.7750000000000004,0.4,0.0,0.4250000000000001,0.607142857142856,0.49999999999999917,0.5999999999999989
0.37211538461538424,0.1527099609375,0.2054443359375,0.35000000000000003,0.1,0.0,0.22499999999999998,0.15000000000000002,0.11428571428571431,0.2428571428571429,0.7750000000000004,0.4,0.0,0.4250000000000001,0.607142857142856,0.49999999999999917,0.607142857142856
0.3730769230769227,0.153076171875,0.2059326171875,0.35000000000000003,0.1,0.0,0.22499999999999998,0.15000000000000002,0.11428571428571431,0.2428571428571429,0.7750000000000004,0.4,0.0,0.4250000000000001,0.607142857142856,0.49999999999999917,0.6142857142857131
0.3740384615384612,0.1534423828125,0.206298828125,0.35000000000000003,0.1,0.0,0.22499999999999998,0.15000000000000002,0.11428571428571431,0.2428571428571429,0.7750000000000004,0.4,0.0,0.4250000000000001,0.607142857142856,0.49999999999999917,0.6214285714285702
0.37499999999999967,0.1539306640625,0.206787109375,0.35000000000000003,0.1,0.0,0.22499999999999998,0.15714285714285717,0.11428571428571431,0.2428571428571429,0.7750000000000004,0.4,0.0,0.4250000000000001,0.607142857142856,0.49999999999999917,0.6214285714285702
0.37596153846153807,0.1544189453125,0.2073974609375,0.37500000000000006,0.1,0.0,0.22499999999999998,0.15714285714285717,0.11428571428571431,0.2428571428571429,0.7750000000000004,0.4,0.0,0.4250000000000001,0.607142857142856,0.49999999999999917,0.6214285714285702
0.3769230769230765,0.1549072265625,0.2078857421875,0.37500000000000006,0.1,0.0,0.22499999999999998,0.1642857142857143,0.11428571428571431,0.2428571428571429,0.7750000000000004,0.4,0.0,0.4250000000000001,0.607142857142856,0.49999999999999917,0.6214285714285702
0.37788461538461504,0.1552734375,0.2083740234375,0.37500000000000006,0.1,0.0,0.22499999999999998,0.1642857142857143,0.11428571428571431,0.2428571428571429,0.7750000000000004,0.4,0.0,0.4250000000000001,0.607142857142856,0.5071428571428563,0.6214285714285702
0.37884615384615344,0.15576171875,0.208740234375,0.37500000000000006,0.1,0.0,0.22499999999999998,0.1642857142857143,0.11428571428571431,0.25000000000000006,0.7750000000000004,0.4,0.0,0.4250000000000001,0.607142857142856,0.5071428571428563,0.6214285714285702
0.3798076923076919,0.1561279296875,0.2093505859375,0.37500000000000006,0.1,0.0,0.22499999999999998,0.1642857142857143,0.11428571428571431,0.25000000000000006,0.7750000000000004,0.4,0.0,0.4250000000000001,0.6142857142857131,0.5071428571428563,0.6214285714285702
0.38076923076923036,0.156494140625,0.2098388671875,0.37500000000000006,0.1,0.0,0.22499999999999998,0.1642857142857143,0.11428571428571431,0.25000000000000006,0.7750000000000004,0.4,0.0,0.4250000000000001,0.6214285714285702,0.5071428571428563,0.6214285714285702
0.3817307692307689,0.156982421875,0.210205078125,0.37500000000000006,0.1,0.0,0.22499999999999998,0.1642857142857143,0.12142857142857146,0.25000000000000006,0.7750000000000004,0.4,0.0,0.4250000000000001,0.6214285714285702,0.5071428571428563,0.6214285714285702
0.3826923076923073,0.157470703125,0.210693359375,0.37500000000000006,0.1,0.0,0.22499999999999998,0.1642857142857143,0.12142857142857146,0.2571428571428572,0.7750000000000004,0.4,0.0,0.4250000000000001,0.6214285714285702,0.5071428571428563,0.6214285714285702
0.38365384615384573,0.1578369140625,0.211181640625,0.37500000000000006,0.1,0.0,0.22499999999999998,0.1642857142857143,0.12142857142857146,0.2571428571428572,0.7750000000000004,0.4,0.0,0.4250000000000001,0.6214285714285702,0.5142857142857135,0.6214285714285702
0.3846153846153842,0.158203125,0.2117919921875,0.37500000000000006,0.1,0.0,0.22499999999999998,0.1642857142857143,0.12142857142857146,0.2571428571428572,0.7750000000000004,0.4,0.0,0.4250000000000001,0.6214285714285702,0.5214285714285706,0.6214285714285702
0.3855769230769227,0.15869140625,0.2122802734375,0.37500000000000006,0.1,0.0,0.22499999999999998,0.1642857142857143,0.12142857142857146,0.2571428571428572,0.8000000000000004,0.4,0.0,0.4250000000000001,0.6214285714285702,0.5214285714285706,0.6214285714285702
0.38653846153846116,0.1590576171875,0.212646484375,0.37500000000000006,0.1,0.0,0.22499999999999998,0.1642857142857143,0.12142857142857146,0.2571428571428572,0.8000000000000004,0.4,0.0,0.4250000000000001,0.6285714285714273,0.5214285714285706,0.6214285714285702
0.3874999999999996,0.159423828125,0.213134765625,0.37500000000000006,0.1,0.0,0.22499999999999998,0.1642857142857143,0.12142857142857146,0.2571428571428572,0.8000000000000004,0.4,0.0,0.4250000000000001,0.6285714285714273,0.5285714285714277,0.6214285714285702
0.388461538461538,0.1597900390625,0.2135009765625,0.37500000000000006,0.1,0.0,0.22499999999999998,0.1642857142857143,0.12142857142857146,0.2571428571428572,0.8000000000000004,0.4,0.0,0.4250000000000001,0.6285714285714273,0.5357142857142848,0.6214285714285702
0.38942307692307654,0.1602783203125,0.2142333984375,0.37500000000000006,0.1,0.0,0.22499999999999998,0.1642857142857143,0.12142857142857146,0.2571428571428572,0.8250000000000004,0.4,0.0,0.4250000000000001,0.6285714285714273,0.5357142857142848,0.6214285714285702
0.390384615384615,0.1607666015625,0.214599609375,0.37500000000000006,0.1,0.0,0.24999999999999997,0.1642857142857143,0.12142857142857146,0.2571428571428572,0.8250000000000004,0.4,0.0,0.4250000000000001,0.6285714285714273,0.5357142857142848,0.6214285714285702
0.3913461538461534,0.1612548828125,0.215087890625,0.37500000000000006,0.1,0.0,0.24999999999999997,0.1642857142857143,0.12142857142857146,0.2571428571428572,0.8250000000000004,0.4,0.0,0.4500000000000001,0.6285714285714273,0.5357142857142848,0.6214285714285702
0.39230769230769186,0.16162109375,0.2154541015625,0.37500000000000006,0.1,0.0,0.24999999999999997,0.1642857142857143,0.12142857142857146,0.2571428571428572,0.8250000000000004,0.4,0.0,0.4500000000000001,0.6357142857142845,0.5357142857142848,0.6214285714285702
0.39326923076923037,0.1619873046875,0.216064453125,0.37500000000000006,0.1,0.0,0.24999999999999997,0.1642857142857143,0.12142857142857146,0.2571428571428572,0.8250000000000004,0.4,0.0,0.4500000000000001,0.6428571428571416,0.5357142857142848,0.6214285714285702
0.39423076923076883,0.162353515625,0.216552734375,0.37500000000000006,0.1,0.0,0.24999999999999997,0.1642857142857143,0.12142857142857146,0.2571428571428572,0.8250000000000004,0.4,0.0,0.4500000000000001,0.6428571428571416,0.5428571428571419,0.6214285714285702
0.3951923076923073,0.1627197265625,0.217041015625,0.37500000000000006,0.1,0.0,0.24999999999999997,0.1642857142857143,0.12142857142857146,0.2571428571428572,0.8250000000000004,0.4,0.0,0.4500000000000001,0.6428571428571416,0.549999999999999,0.6214285714285702
0.3961538461538457,0.1632080078125,0.2174072265625,0.37500000000000006,0.1,0.0,0.24999999999999997,0.17142857142857146,0.12142857142857146,0.2571428571428572,0.8250000000000004,0.4,0.0,0.4500000000000001,0.6428571428571416,0.549999999999999,0.6214285714285702
0.3971153846153842,0.1636962890625,0.2181396484375,0.37500000000000006,0.1,0.0,0.24999999999999997,0.17142857142857146,0.1285714285714286,0.2571428571428572,0.8250000000000004,0.4,0.0,0.4500000000000001,0.6428571428571416,0.549999999999999,0.6214285714285702
0.39807692307692266,0.1641845703125,0.2186279296875,0.37500000000000006,0.1,0.0,0.24999999999999997,0.17142857142857146,0.1285714285714286,0.2571428571428572,0.8250000000000004,0.5,0.0,0.4500000000000001,0.6428571428571416,0.549999999999999,0.6214285714285702
0.39903846153846106,0.16455078125,0.218994140625,0.37500000000000006,0.1,0.0,0.24999999999999997,0.17142857142857146,0.1285714285714286,0.2571428571428572,0.8250000000000004,0.5,0.0,0.4500000000000001,0.6428571428571416,0.5571428571428562,0.6214285714285702
0.3999999999999995,0.1649169921875,0.219482421875,0.37500000000000006,0.1,0.0,0.24999999999999997,0.17142857142857146,0.1285714285714286,0.2571428571428572,0.8250000000000004,0.5,0.0,0.4500000000000001,0.6428571428571416,0.5642857142857133,0.6214285714285702
0.40096153846153804,0.1654052734375,0.2198486328125,0.37500000000000006,0.1,0.0,0.24999999999999997,0.17142857142857146,0.1285714285714286,0.2571428571428572,0.8250000000000004,0.5,0.0,0.47500000000000014,0.6428571428571416,0.5642857142857133,0.6214285714285702
0.4019230769230765,0.165771484375,0.2205810546875,0.37500000000000006,0.1,0.0,0.24999999999999997,0.17142857142857146,0.1285714285714286,0.2571428571428572,0.8250000000000004,0.5,0.0,0.47500000000000014,0.6499999999999987,0.5642857142857133,0.6214285714285702
0.40288461538461495,0.1661376953125,0.220947265625,0.37500000000000006,0.1,0.0,0.24999999999999997,0.17142857142857146,0.1285714285714286,0.2571428571428572,0.8250000000000004,0.5,0.0,0.47500000000000014,0.6499999999999987,0.5642857142857133,0.6285714285714273
0.4038461538461534,0.16650390625,0.221435546875,0.37500000000000006,0.1,0.0,0.24999999999999997,0.17142857142857146,0.1285714285714286,0.2571428571428572,0.8250000000000004,0.5,0.0,0.47500000000000014,0.6499999999999987,0.5642857142857133,0.6357142857142845
0.4048076923076919,0.1668701171875,0.221923828125,0.37500000000000006,0.1,0.0,0.24999999999999997,0.17142857142857146,0.1285714285714286,0.2571428571428572,0.8250000000000004,0.5,0.0,0.47500000000000014,0.6571428571428558,0.5642857142857133,0.6357142857142845
0.4057692307692304,0.167236328125,0.2222900390625,0.37500000000000006,0.1,0.0,0.24999999999999997,0.17142857142857146,0.1285714285714286,0.2571428571428572,0.8250000000000004,0.5,0.0,0.47500000000000014,0.6571428571428558,0.5642857142857133,0.6428571428571416
0.4067307692307688,0.1676025390625,0.2230224609375,0.37500000000000006,0.1,0.0,0.24999999999999997,0.17142857142857146,0.1285714285714286,0.2571428571428572,0.8250000000000004,0.5,0.0,0.47500000000000014,0.6571428571428558,0.5642857142857133,0.6499999999999987
0.4076923076923072,0.16796875,0.223388671875,0.37500000000000006,0.1,0.0,0.24999999999999997,0.17142857142857146,0.1285714285714286,0.2571428571428572,0.8250000000000004,0.5,0.0,0.47500000000000014,0.6642857142857129,0.5642857142857133,0.6499999999999987
0.4086538461538457,0.1683349609375,0.223876953125,0.37500000000000006,0.1,0.0,0.24999999999999997,0.17142857142857146,0.1285714285714286,0.2571428571428572,0.8250000000000004,0.5,0.0,0.47500000000000014,0.67142857142857,0.5642857142857133,0.6499999999999987
0.40961538461538416,0.1688232421875,0.2242431640625,0.4000000000000001,0.1,0.0,0.24999999999999997,0.17142857142857146,0.1285714285714286,0.2571428571428572,0.8250000000000004,0.5,0.0,0.47500000000000014,0.67142857142857,0.5642857142857133,0.6499999999999987
0.4105769230769226,0.1693115234375,0.224609375,0.4000000000000001,0.1,0.0,0.24999999999999997,0.17142857142857146,0.13571428571428573,0.2571428571428572,0.8250000000000004,0.5,0.0,0.47500000000000014,0.67142857142857,0.5642857142857133,0.6499999999999987
0.4115384615384611,0.169677734375,0.225341796875,0.4000000000000001,0.1,0.0,0.24999999999999997,0.17142857142857146,0.13571428571428573,0.2571428571428572,0.8250000000000004,0.5,0.0,0.47500000000000014,0.67142857142857,0.5642857142857133,0.6571428571428558
0.4124999999999996,0.1700439453125,0.225830078125,0.4000000000000001,0.1,0.0,0.24999999999999997,0.17142857142857146,0.13571428571428573,0.2571428571428572,0.8250000000000004,0.5,0.0,0.47500000000000014,0.67142857142857,0.5642857142857133,0.6642857142857129
0.41346153846153805,0.17041015625,0.2261962890625,0.4000000000000001,0.1,0.0,0.24999999999999997,0.17142857142857146,0.13571428571428573,0.2571428571428572,0.8250000000000004,0.5,0.0,0.47500000000000014,0.67142857142857,0.5642857142857133,0.67142857142857
0.41442307692307645,0.1708984375,0.226806640625,0.4000000000000001,0.1,0.0,0.27499999999999997,0.17142857142857146,0.13571428571428573,0.2571428571428572,0.8250000000000004,0.5,0.0,0.47500000000000014,0.67142857142857,0.5642857142857133,0.67142857142857
0.41538461538461485,0.17138671875,0.2271728515625,0.4000000000000001,0.1,0.0,0.27499999999999997,0.17142857142857146,0.14285714285714288,0.2571428571428572,0.8250000000000004,0.5,0.0,0.47500000000000014,0.67142857142857,0.5642857142857133,0.67142857142857
0.4163461538461534,0.171875,0.227783203125,0.4000000000000001,0.1,0.0,0.27499999999999997,0.1785714285714286,0.14285714285714288,0.2571428571428572,0.8250000000000004,0.5,0.0,0.47500000000000014,0.67142857142857,0.5642857142857133,0.67142857142857
0.4173076923076918,0.17236328125,0.228271484375,0.4000000000000001,0.1,0.0,0.27499999999999997,0.18571428571428575,0.14285714285714288,0.2571428571428572,0.8250000000000004,0.5,0.0,0.47500000000000014,0.67142857142857,0.5642857142857133,0.67142857142857
0.41826923076923034,0.1728515625,0.2286376953125,0.4000000000000001,0.1,0.0,0.27499999999999997,0.1928571428571429,0.14285714285714288,0.2571428571428572,0.8250000000000004,0.5,0.0,0.47500000000000014,0.67142857142857,0.5642857142857133,0.67142857142857
0.41923076923076874,0.17333984375,0.2291259765625,0.4000000000000001,0.1,0.0,0.27499999999999997,0.20000000000000004,0.14285714285714288,0.2571428571428572,0.8250000000000004,0.5,0.0,0.47500000000000014,0.67142857142857,0.5642857142857133,0.67142857142857
0.4201923076923072,0.173828125,0.2296142578125,0.4000000000000001,0.1,0.0,0.27499999999999997,0.20000000000000004,0.14285714285714288,0.2642857142857143,0.8250000000000004,0.5,0.0,0.47500000000000014,0.67142857142857,0.5642857142857133,0.67142857142857
0.4211538461538457,0.17431640625,0.230224609375,0.4000000000000001,0.1,0.0,0.27499999999999997,0.20000000000000004,0.14285714285714288,0.2714285714285714,0.8250000000000004,0.5,0.0,0.47500000000000014,0.67142857142857,0.5642857142857133,0.67142857142857
0.4221153846153841,0.1746826171875,0.2308349609375,0.4000000000000001,0.1,0.0,0.27499999999999997,0.20000000000000004,0.14285714285714288,0.2714285714285714,0.8250000000000004,0.5,0.0,0.47500000000000014,0.6785714285714272,0.5642857142857133,0.67142857142857
0.4230769230769227,0.175048828125,0.2313232421875,0.4000000000000001,0.1,0.0,0.27499999999999997,0.20000000000000004,0.14285714285714288,0.2714285714285714,0.8250000000000004,0.5,0.0,0.47500000000000014,0.6857142857142843,0.5642857142857133,0.67142857142857
0.4240384615384611,0.175537109375,0.231689453125,0.4250000000000001,0.1,0.0,0.27499999999999997,0.20000000000000004,0.14285714285714288,0.2714285714285714,0.8250000000000004,0.5,0.0,0.47500000000000014,0.6857142857142843,0.5642857142857133,0.67142857142857
0.4249999999999995,0.176025390625,0.232177734375,0.4250000000000001,0.1,0.0,0.27499999999999997,0.20000000000000004,0.14285714285714288,0.2785714285714285,0.8250000000000004,0.5,0.0,0.47500000000000014,0.6857142857142843,0.5642857142857133,0.67142857142857
0.425961538461538,0.176513671875,0.2327880859375,0.4250000000000001,0.1,0.0,0.27499999999999997,0.20000000000000004,0.15000000000000002,0.2785714285714285,0.8250000000000004,0.5,0.0,0.47500000000000014,0.6857142857142843,0.5642857142857133,0.67142857142857
0.4269230769230764,0.177001953125,0.2332763671875,0.4250000000000001,0.1,0.0,0.27499999999999997,0.20000000000000004,0.15000000000000002,0.28571428571428564,0.8250000000000004,0.5,0.0,0.47500000000000014,0.6857142857142843,0.5642857142857133,0.67142857142857
0.427884615384615,0.177490234375,0.233642578125,0.4250000000000001,0.1,0.0,0.27499999999999997,0.20000000000000004,0.15000000000000002,0.29285714285714276,0.8250000000000004,0.5,0.0,0.47500000000000014,0.6857142857142843,0.5642857142857133,0.67142857142857
0.4288461538461534,0.1778564453125,0.234130859375,0.4250000000000001,0.1,0.0,0.27499999999999997,0.20000000000000004,0.15000000000000002,0.29285714285714276,0.8250000000000004,0.5,0.0,0.47500000000000014,0.6857142857142843,0.5642857142857133,0.6785714285714272
0.42980769230769184,0.17822265625,0.2344970703125,0.4250000000000001,0.1,0.0,0.27499999999999997,0.20000000000000004,0.15000000000000002,0.29285714285714276,0.8250000000000004,0.5,0.0,0.47500000000000014,0.6857142857142843,0.5642857142857133,0.6857142857142843
0.43076923076923035,0.1785888671875,0.2352294921875,0.4250000000000001,0.1,0.0,0.27499999999999997,0.20000000000000004,0.15000000000000002,0.29285714285714276,0.8250000000000004,0.5,0.0,0.47500000000000014,0.6857142857142843,0.5642857142857133,0.6928571428571414
0.43173076923076875,0.178955078125,0.2357177734375,0.4250000000000001,0.1,0.0,0.27499999999999997,0.20000000000000004,0.15000000000000002,0.29285714285714276,0.8250000000000004,0.5,0.0,0.47500000000000014,0.6857142857142843,0.5642857142857133,0.6999999999999985
0.4326923076923072,0.1793212890625,0.2362060546875,0.4250000000000001,0.1,0.0,0.27499999999999997,0.20000000000000004,0.15000000000000002,0.29285714285714276,0.8250000000000004,0.5,0.0,0.47500000000000014,0.6857142857142843,0.5642857142857133,0.7071428571428556
0.4336538461538456,0.1798095703125,0.236572265625,0.4250000000000001,0.2,0.0,0.27499999999999997,0.20000000000000004,0.15000000000000002,0.29285714285714276,0.8250000000000004,0.5,0.0,0.47500000000000014,0.6857142857142843,0.5642857142857133,0.7071428571428556
0.43461538461538407,0.1802978515625,0.237060546875,0.4250000000000001,0.2,0.0,0.27499999999999997,0.20000000000000004,0.15000000000000002,0.29285714285714276,0.8250000000000004,0.5,0.0,0.5000000000000001,0.6857142857142843,0.5642857142857133,0.7071428571428556
0.43557692307692253,0.1806640625,0.2376708984375,0.4250000000000001,0.2,0.0,0.27499999999999997,0.20000000000000004,0.15000000000000002,0.29285714285714276,0.8250000000000004,0.5,0.0,0.5000000000000001,0.6928571428571414,0.5642857142857133,0.7071428571428556
0.436538461538461,0.1810302734375,0.2381591796875,0.4250000000000001,0.2,0.0,0.27499999999999997,0.20000000000000004,0.15000000000000002,0.29285714285714276,0.8250000000000004,0.5,0.0,0.5000000000000001,0.6928571428571414,0.5714285714285704,0.7071428571428556
0.43749999999999944,0.181396484375,0.238525390625,0.4250000000000001,0.2,0.0,0.27499999999999997,0.20000000000000004,0.15000000000000002,0.29285714285714276,0.8250000000000004,0.5,0.0,0.5000000000000001,0.6928571428571414,0.5785714285714275,0.7071428571428556
0.43846153846153785,0.1817626953125,0.239013671875,0.4250000000000001,0.2,0.0,0.27499999999999997,0.20000000000000004,0.15000000000000002,0.29285714285714276,0.8250000000000004,0.5,0.0,0.5000000000000001,0.6928571428571414,0.5857142857142846,0.7071428571428556
0.4394230769230764,0.18212890625,0.2393798828125,0.4250000000000001,0.2,0.0,0.27499999999999997,0.20000000000000004,0.15000000000000002,0.29285714285714276,0.8250000000000004,0.5,0.0,0.5000000000000001,0.6999999999999985,0.5857142857142846,0.7071428571428556
0.4403846153846148,0.1824951171875,0.239990234375,0.4250000000000001,0.2,0.0,0.27499999999999997,0.20000000000000004,0.15000000000000002,0.29285714285714276,0.8250000000000004,0.5,0.0,0.5000000000000001,0.7071428571428556,0.5857142857142846,0.7071428571428556
0.4413461538461533,0.182861328125,0.240478515625,0.4250000000000001,0.2,0.0,0.27499999999999997,0.20000000000000004,0.15000000000000002,0.29285714285714276,0.8250000000000004,0.5,0.0,0.5000000000000001,0.7071428571428556,0.5928571428571418,0.7071428571428556
0.44230769230769174,0.1832275390625,0.240966796875,0.4250000000000001,0.2,0.0,0.27499999999999997,0.20000000000000004,0.15000000000000002,0.29285714285714276,0.8250000000000004,0.5,0.0,0.5000000000000001,0.7071428571428556,0.5999999999999989,0.7071428571428556
0.44326923076923025,0.18359375,0.2413330078125,0.4250000000000001,0.2,0.0,0.27499999999999997,0.20000000000000004,0.15000000000000002,0.29285714285714276,0.8250000000000004,0.5,0.0,0.5000000000000001,0.7071428571428556,0.607142857142856,0.7071428571428556
0.4442307692307687,0.1839599609375,0.2418212890625,0.4250000000000001,0.2,0.0,0.27499999999999997,0.20000000000000004,0.15000000000000002,0.29285714285714276,0.8250000000000004,0.5,0.0,0.5000000000000001,0.7071428571428556,0.6142857142857131,0.7071428571428556
0.4451923076923071,0.184326171875,0.242431640625,0.4250000000000001,0.2,0.0,0.27499999999999997,0.20000000000000004,0.15000000000000002,0.29285714285714276,0.8250000000000004,0.5,0.0,0.5000000000000001,0.7071428571428556,0.6214285714285702,0.7071428571428556
0.44615384615384557,0.1846923828125,0.242919921875,0.4250000000000001,0.2,0.0,0.27499999999999997,0.20000000000000004,0.15000000000000002,0.29285714285714276,0.8250000000000004,0.5,0.0,0.5000000000000001,0.7071428571428556,0.6285714285714273,0.7071428571428556
0.4471153846153841,0.18505859375,0.2432861328125,0.4250000000000001,0.2,0.0,0.27499999999999997,0.20000000000000004,0.15000000000000002,0.29285714285714276,0.8250000000000004,0.5,0.0,0.5000000000000001,0.7071428571428556,0.6357142857142845,0.7071428571428556
0.44807692307692254,0.185546875,0.2437744140625,0.4250000000000001,0.2,0.0,0.3,0.20000000000000004,0.15000000000000002,0.29285714285714276,0.8250000000000004,0.5,0.0,0.5000000000000001,0.7071428571428556,0.6357142857142845,0.7071428571428556
0.449038461538461,0.18603515625,0.244140625,0.4250000000000001,0.2,0.0,0.3,0.20000000000000004,0.15000000000000002,0.29285714285714276,0.8500000000000004,0.5,0.0,0.5000000000000001,0.7071428571428556,0.6357142857142845,0.7071428571428556
0.4499999999999995,0.1865234375,0.2445068359375,0.4250000000000001,0.2,0.0,0.3,0.20000000000000004,0.15000000000000002,0.29285714285714276,0.8500000000000004,0.5,0.0,0.5250000000000001,0.7071428571428556,0.6357142857142845,0.7071428571428556
0.45096153846153797,0.1868896484375,0.2451171875,0.4250000000000001,0.2,0.0,0.3,0.20000000000000004,0.15000000000000002,0.29285714285714276,0.8500000000000004,0.5,0.0,0.5250000000000001,0.7071428571428556,0.6357142857142845,0.7142857142857127
0.4519230769230764,0.187255859375,0.24560546875,0.4250000000000001,0.2,0.0,0.3,0.20000000000000004,0.15000000000000002,0.29285714285714276,0.8500000000000004,0.5,0.0,0.5250000000000001,0.7071428571428556,0.6357142857142845,0.7214285714285699
0.45288461538461483,0.187744140625,0.24609375,0.4250000000000001,0.2,0.0,0.3,0.20000000000000004,0.15714285714285717,0.29285714285714276,0.8500000000000004,0.5,0.0,0.5250000000000001,0.7071428571428556,0.6357142857142845,0.7214285714285699
0.45384615384615334,0.188232421875,0.2464599609375,0.4250000000000001,0.2,0.0,0.3,0.20000000000000004,0.15714285714285717,0.29285714285714276,0.8500000000000004,0.5,0.0,0.5250000000000001,0.7142857142857127,0.6357142857142845,0.7214285714285699
0.4548076923076918,0.1885986328125,0.2469482421875,0.4250000000000001,0.2,0.0,0.3,0.20000000000000004,0.15714285714285717,0.29285714285714276,0.8500000000000004,0.5,0.0,0.5250000000000001,0.7214285714285699,0.6357142857142845,0.7214285714285699
0.4557692307692302,0.18896484375,0.24755859375,0.4250000000000001,0.2,0.0,0.3,0.20000000000000004,0.15714285714285717,0.29285714285714276,0.8500000000000004,0.5,0.0,0.5250000000000001,0.728571428571427,0.6357142857142845,0.7214285714285699
0.45673076923076866,0.1893310546875,0.2479248046875,0.4250000000000001,0.2,0.0,0.3,0.20000000000000004,0.15714285714285717,0.29285714285714276,0.8500000000000004,0.5,0.0,0.5250000000000001,0.728571428571427,0.6428571428571416,0.7214285714285699
0.4576923076923072,0.189697265625,0.2484130859375,0.4250000000000001,0.2,0.0,0.3,0.20000000000000004,0.15714285714285717,0.29285714285714276,0.8500000000000004,0.5,0.0,0.5250000000000001,0.728571428571427,0.6499999999999987,0.7214285714285699
0.45865384615384563,0.1900634765625,0.248779296875,0.4250000000000001,0.2,0.0,0.3,0.20000000000000004,0.15714285714285717,0.29285714285714276,0.8500000000000004,0.5,0.0,0.5250000000000001,0.728571428571427,0.6571428571428558,0.7214285714285699
0.45961538461538404,0.1905517578125,0.2491455078125,0.4250000000000001,0.2,0.0,0.3,0.20000000000000004,0.1642857142857143,0.29285714285714276,0.8500000000000004,0.5,0.0,0.5250000000000001,0.728571428571427,0.6571428571428558,0.7214285714285699
0.4605769230769225,0.1910400390625,0.2498779296875,0.4250000000000001,0.2,0.0,0.3,0.20000000000000004,0.1642857142857143,0.29285714285714276,0.8500000000000004,0.5,0.0,0.5500000000000002,0.728571428571427,0.6571428571428558,0.7214285714285699
0.461538461538461,0.1915283203125,0.250244140625,0.4250000000000001,0.2,0.0,0.3,0.20000000000000004,0.1642857142857143,0.29285714285714276,0.8500000000000004,0.5,0.0,0.5500000000000002,0.7357142857142841,0.6571428571428558,0.7214285714285699
0.4624999999999994,0.19189453125,0.250732421875,0.4250000000000001,0.2,0.0,0.3,0.20000000000000004,0.1642857142857143,0.29285714285714276,0.8500000000000004,0.5,0.0,0.5500000000000002,0.7428571428571412,0.6571428571428558,0.7214285714285699
0.46346153846153787,0.1922607421875,0.2509765625,0.4250000000000001,0.2,0.0,0.3,0.20000000000000004,0.1642857142857143,0.29285714285714276,0.8500000000000004,0.5,0.0,0.5500000000000002,0.7428571428571412,0.6642857142857129,0.7214285714285699
0.46442307692307633,0.192626953125,0.25146484375,0.4250000000000001,0.2,0.0,0.3,0.20000000000000004,0.1642857142857143,0.29285714285714276,0.8500000000000004,0.5,0.0,0.5500000000000002,0.7428571428571412,0.67142857142857,0.7214285714285699
0.46538461538461473,0.1929931640625,0.251953125,0.4250000000000001,0.2,0.0,0.3,0.20000000000000004,0.1642857142857143,0.29285714285714276,0.8500000000000004,0.5,0.0,0.5500000000000002,0.7428571428571412,0.67142857142857,0.728571428571427
0.46634615384615324,0.193359375,0.252685546875,0.4250000000000001,0.2,0.0,0.3,0.20000000000000004,0.1642857142857143,0.29285714285714276,0.8500000000000004,0.5,0.0,0.5500000000000002,0.7428571428571412,0.67142857142857,0.7357142857142841
0.46730769230769165,0.1937255859375,0.2529296875,0.4250000000000001,0.2,0.0,0.3,0.20000000000000004,0.1642857142857143,0.29285714285714276,0.8500000000000004,0.5,0.0,0.5500000000000002,0.7499999999999983,0.67142857142857,0.7357142857142841
0.46826923076923016,0.1942138671875,0.25341796875,0.4500000000000001,0.2,0.0,0.3,0.20000000000000004,0.1642857142857143,0.29285714285714276,0.8500000000000004,0.5,0.0,0.5500000000000002,0.7499999999999983,0.67142857142857,0.7357142857142841
0.46923076923076856,0.1947021484375,0.253662109375,0.4500000000000001,0.2,0.0,0.325,0.20000000000000004,0.1642857142857143,0.29285714285714276,0.8500000000000004,0.5,0.0,0.5500000000000002,0.7499999999999983,0.67142857142857,0.7357142857142841
0.47019230769230713,0.1951904296875,0.254150390625,0.47500000000000014,0.2,0.0,0.325,0.20000000000000004,0.1642857142857143,0.29285714285714276,0.8500000000000004,0.5,0.0,0.5500000000000002,0.7499999999999983,0.67142857142857,0.7357142857142841
0.47115384615384553,0.1956787109375,0.2548828125,0.47500000000000014,0.2,0.0,0.325,0.20000000000000004,0.1642857142857143,0.2999999999999999,0.8500000000000004,0.5,0.0,0.5500000000000002,0.7499999999999983,0.67142857142857,0.7357142857142841
0.47211538461538394,0.1961669921875,0.25537109375,0.47500000000000014,0.2,0.0,0.325,0.20000000000000004,0.17142857142857146,0.2999999999999999,0.8500000000000004,0.5,0.0,0.5500000000000002,0.7499999999999983,0.67142857142857,0.7357142857142841
0.4730769230769225,0.1966552734375,0.255615234375,0.47500000000000014,0.2,0.0,0.325,0.20000000000000004,0.17142857142857146,0.307142857142857,0.8500000000000004,0.5,0.0,0.5500000000000002,0.7499999999999983,0.67142857142857,0.7357142857142841
0.47403846153846096,0.197021484375,0.256103515625,0.47500000000000014,0.2,0.0,0.325,0.20000000000000004,0.17142857142857146,0.307142857142857,0.8500000000000004,0.5,0.0,0.5500000000000002,0.7499999999999983,0.67142857142857,0.7428571428571412
0.4749999999999994,0.1973876953125,0.256591796875,0.47500000000000014,0.2,0.0,0.325,0.20000000000000004,0.17142857142857146,0.307142857142857,0.8500000000000004,0.5,0.0,0.5500000000000002,0.7499999999999983,0.67142857142857,0.7499999999999983
0.47596153846153794,0.19775390625,0.257080078125,0.47500000000000014,0.2,0.0,0.325,0.20000000000000004,0.17142857142857146,0.307142857142857,0.8500000000000004,0.5,0.0,0.5500000000000002,0.7499999999999983,0.67142857142857,0.7571428571428555
0.47692307692307634,0.1981201171875,0.257568359375,0.47500000000000014,0.2,0.0,0.325,0.20000000000000004,0.17142857142857146,0.307142857142857,0.8500000000000004,0.5,0.0,0.5500000000000002,0.7499999999999983,0.67142857142857,0.7642857142857126
0.4778846153846148,0.198486328125,0.258056640625,0.47500000000000014,0.2,0.0,0.325,0.20000000000000004,0.17142857142857146,0.307142857142857,0.8500000000000004,0.5,0.0,0.5500000000000002,0.7499999999999983,0.67142857142857,0.7714285714285697
0.4788461538461532,0.198974609375,0.258544921875,0.47500000000000014,0.2,0.0,0.325,0.20714285714285718,0.17142857142857146,0.307142857142857,0.8500000000000004,0.5,0.0,0.5500000000000002,0.7499999999999983,0.67142857142857,0.7714285714285697
0.4798076923076916,0.199462890625,0.2587890625,0.47500000000000014,0.2,0.0,0.325,0.21428571428571433,0.17142857142857146,0.307142857142857,0.8500000000000004,0.5,0.0,0.5500000000000002,0.7499999999999983,0.67142857142857,0.7714285714285697
0.48076923076923017,0.199951171875,0.259521484375,0.47500000000000014,0.2,0.0,0.325,0.22142857142857147,0.17142857142857146,0.307142857142857,0.8500000000000004,0.5,0.0,0.5500000000000002,0.7499999999999983,0.67142857142857,0.7714285714285697
0.4817307692307686,0.2003173828125,0.259765625,0.47500000000000014,0.2,0.0,0.325,0.22142857142857147,0.17142857142857146,0.307142857142857,0.8500000000000004,0.5,0.0,0.5500000000000002,0.7571428571428555,0.67142857142857,0.7714285714285697
0.48269230769230703,0.20068359375,0.26025390625,0.47500000000000014,0.2,0.0,0.325,0.22142857142857147,0.17142857142857146,0.307142857142857,0.8500000000000004,0.5,0.0,0.5500000000000002,0.7571428571428555,0.67142857142857,0.7785714285714268
0.4836538461538456,0.201171875,0.2607421875,0.47500000000000014,0.2,0.0,0.325,0.22857142857142862,0.17142857142857146,0.307142857142857,0.8500000000000004,0.5,0.0,0.5500000000000002,0.7571428571428555,0.67142857142857,0.7785714285714268
0.484615384615384,0.2015380859375,0.26123046875,0.47500000000000014,0.2,0.0,0.325,0.22857142857142862,0.17142857142857146,0.307142857142857,0.8500000000000004,0.5,0.0,0.5500000000000002,0.7571428571428555,0.67142857142857,0.7857142857142839
0.4855769230769224,0.2020263671875,0.261474609375,0.47500000000000014,0.2,0.0,0.325,0.22857142857142862,0.17142857142857146,0.3142857142857141,0.8500000000000004,0.5,0.0,0.5500000000000002,0.7571428571428555,0.67142857142857,0.7857142857142839
0.4865384615384609,0.2025146484375,0.26220703125,0.47500000000000014,0.2,0.0,0.325,0.23571428571428577,0.17142857142857146,0.3142857142857141,0.8500000000000004,0.5,0.0,0.5500000000000002,0.7571428571428555,0.67142857142857,0.7857142857142839
0.4874999999999993,0.2030029296875,0.2626953125,0.47500000000000014,0.2,0.0,0.325,0.23571428571428577,0.17142857142857146,0.32142857142857123,0.8500000000000004,0.5,0.0,0.5500000000000002,0.7571428571428555,0.67142857142857,0.7857142857142839
0.4884615384615377,0.2034912109375,0.262939453125,0.47500000000000014,0.2,0.0,0.325,0.23571428571428577,0.17142857142857146,0.32857142857142835,0.8500000000000004,0.5,0.0,0.5500000000000002,0.7571428571428555,0.67142857142857,0.7857142857142839
0.4894230769230763,0.2039794921875,0.263427734375,0.47500000000000014,0.2,0.0,0.325,0.23571428571428577,0.17142857142857146,0.33571428571428547,0.8500000000000004,0.5,0.0,0.5500000000000002,0.7571428571428555,0.67142857142857,0.7857142857142839
0.4903846153846147,0.204345703125,0.263916015625,0.47500000000000014,0.2,0.0,0.325,0.23571428571428577,0.17142857142857146,0.33571428571428547,0.8500000000000004,0.5,0.0,0.5500000000000002,0.7571428571428555,0.6785714285714272,0.7857142857142839
0.4913461538461531,0.2047119140625,0.264404296875,0.47500000000000014,0.2,0.0,0.325,0.23571428571428577,0.17142857142857146,0.33571428571428547,0.8500000000000004,0.5,0.0,0.5500000000000002,0.7571428571428555,0.6857142857142843,0.7857142857142839
0.49230769230769167,0.205078125,0.264892578125,0.47500000000000014,0.2,0.0,0.325,0.23571428571428577,0.17142857142857146,0.33571428571428547,0.8500000000000004,0.5,0.0,0.5500000000000002,0.7571428571428555,0.6928571428571414,0.7857142857142839
0.49326923076923007,0.2054443359375,0.265380859375,0.47500000000000014,0.2,0.0,0.325,0.23571428571428577,0.17142857142857146,0.33571428571428547,0.8500000000000004,0.5,0.0,0.5500000000000002,0.7571428571428555,0.6999999999999985,0.7857142857142839
0.4942307692307686,0.205810546875,0.265625,0.47500000000000014,0.2,0.0,0.325,0.23571428571428577,0.17142857142857146,0.33571428571428547,0.8500000000000004,0.5,0.0,0.5500000000000002,0.7571428571428555,0.7071428571428556,0.7857142857142839
0.495192307692307,0.2061767578125,0.26611328125,0.47500000000000014,0.2,0.0,0.325,0.23571428571428577,0.17142857142857146,0.33571428571428547,0.8500000000000004,0.5,0.0,0.5500000000000002,0.7571428571428555,0.7071428571428556,0.792857142857141
0.4961538461538455,0.2066650390625,0.266845703125,0.47500000000000014,0.2,0.0,0.35000000000000003,0.23571428571428577,0.17142857142857146,0.33571428571428547,0.8500000000000004,0.5,0.0,0.5500000000000002,0.7571428571428555,0.7071428571428556,0.792857142857141
0.49711538461538396,0.2071533203125,0.26708984375,0.47500000000000014,0.2,0.0,0.35000000000000003,0.2428571428571429,0.17142857142857146,0.33571428571428547,0.8500000000000004,0.5,0.0,0.5500000000000002,0.7571428571428555,0.7071428571428556,0.792857142857141
0.49807692307692236,0.2076416015625,0.267578125,0.47500000000000014,0.2,0.0,0.35000000000000003,0.2428571428571429,0.17142857142857146,0.33571428571428547,0.8500000000000004,0.5,0.0,0.5500000000000002,0.7642857142857126,0.7071428571428556,0.792857142857141
0.4990384615384608,0.2080078125,0.26806640625,0.47500000000000014,0.2,0.0,0.35000000000000003,0.2428571428571429,0.17142857142857146,0.33571428571428547,0.8500000000000004,0.5,0.0,0.5500000000000002,0.7714285714285697,0.7071428571428556,0.792857142857141
0.49999999999999933,0.2083740234375,0.268310546875,0.47500000000000014,0.2,0.0,0.35000000000000003,0.2428571428571429,0.17142857142857146,0.33571428571428547,0.8500000000000004,0.5,0.0,0.5500000000000002,0.7785714285714268,0.7071428571428556,0.792857142857141
0.5009615384615378,0.208740234375,0.26904296875,0.47500000000000014,0.2,0.0,0.35000000000000003,0.2428571428571429,0.17142857142857146,0.33571428571428547,0.8500000000000004,0.5,0.0,0.5500000000000002,0.7785714285714268,0.7071428571428556,0.7999999999999982
0.5019230769230763,0.2091064453125,0.269287109375,0.47500000000000014,0.2,0.0,0.35000000000000003,0.2428571428571429,0.17142857142857146,0.33571428571428547,0.8500000000000004,0.5,0.0,0.5500000000000002,0.7785714285714268,0.7071428571428556,0.8071428571428553
0.5028846153846147,0.20947265625,0.269775390625,0.47500000000000014,0.2,0.0,0.35000000000000003,0.2428571428571429,0.17142857142857146,0.33571428571428547,0.8500000000000004,0.5,0.0,0.5500000000000002,0.7785714285714268,0.7071428571428556,0.8142857142857124
0.503846153846153,0.2099609375,0.270263671875,0.47500000000000014,0.2,0.0,0.35000000000000003,0.2428571428571429,0.1785714285714286,0.33571428571428547,0.8500000000000004,0.5,0.0,0.5500000000000002,0.7785714285714268,0.7071428571428556,0.8142857142857124
0.5048076923076916,0.21044921875,0.2705078125,0.5000000000000001,0.2,0.0,0.35000000000000003,0.2428571428571429,0.1785714285714286,0.33571428571428547,0.8500000000000004,0.5,0.0,0.5500000000000002,0.7785714285714268,0.7071428571428556,0.8142857142857124
0.5057692307692301,0.2109375,0.271240234375,0.5000000000000001,0.2,0.0,0.35000000000000003,0.2428571428571429,0.18571428571428575,0.33571428571428547,0.8500000000000004,0.5,0.0,0.5500000000000002,0.7785714285714268,0.7071428571428556,0.8142857142857124
0.5067307692307685,0.2113037109375,0.271728515625,0.5000000000000001,0.2,0.0,0.35000000000000003,0.2428571428571429,0.18571428571428575,0.33571428571428547,0.8500000000000004,0.5,0.0,0.5500000000000002,0.7785714285714268,0.7142857142857127,0.8142857142857124
0.507692307692307,0.211669921875,0.27197265625,0.5000000000000001,0.2,0.0,0.35000000000000003,0.2428571428571429,0.18571428571428575,0.33571428571428547,0.8500000000000004,0.5,0.0,0.5500000000000002,0.7785714285714268,0.7214285714285699,0.8142857142857124
0.5086538461538456,0.2120361328125,0.2724609375,0.5000000000000001,0.2,0.0,0.35000000000000003,0.2428571428571429,0.18571428571428575,0.33571428571428547,0.8500000000000004,0.5,0.0,0.5500000000000002,0.7785714285714268,0.728571428571427,0.8142857142857124
0.5096153846153839,0.2125244140625,0.272705078125,0.5000000000000001,0.2,0.0,0.35000000000000003,0.25000000000000006,0.18571428571428575,0.33571428571428547,0.8500000000000004,0.5,0.0,0.5500000000000002,0.7785714285714268,0.728571428571427,0.8142857142857124
0.5105769230769224,0.2130126953125,0.2734375,0.5000000000000001,0.2,0.0,0.35000000000000003,0.2571428571428572,0.18571428571428575,0.33571428571428547,0.8500000000000004,0.5,0.0,0.5500000000000002,0.7785714285714268,0.728571428571427,0.8142857142857124
0.5115384615384607,0.21337890625,0.27392578125,0.5000000000000001,0.2,0.0,0.35000000000000003,0.2571428571428572,0.18571428571428575,0.33571428571428547,0.8500000000000004,0.5,0.0,0.5500000000000002,0.7785714285714268,0.728571428571427,0.8214285714285695
0.5124999999999993,0.2138671875,0.274169921875,0.5000000000000001,0.2,0.0,0.35000000000000003,0.2642857142857143,0.18571428571428575,0.33571428571428547,0.8500000000000004,0.5,0.0,0.5500000000000002,0.7785714285714268,0.728571428571427,0.8214285714285695
0.5134615384615377,0.21435546875,0.274658203125,0.5000000000000001,0.2,0.0,0.35000000000000003,0.2642857142857143,0.1928571428571429,0.33571428571428547,0.8500000000000004,0.5,0.0,0.5500000000000002,0.7785714285714268,0.728571428571427,0.8214285714285695
0.5144230769230762,0.2147216796875,0.275146484375,0.5000000000000001,0.2,0.0,0.35000000000000003,0.2642857142857143,0.1928571428571429,0.33571428571428547,0.8500000000000004,0.5,0.0,0.5500000000000002,0.7785714285714268,0.7357142857142841,0.8214285714285695
0.5153846153846147,0.215087890625,0.275634765625,0.5000000000000001,0.2,0.0,0.35000000000000003,0.2642857142857143,0.1928571428571429,0.33571428571428547,0.8500000000000004,0.5,0.0,0.5500000000000002,0.7785714285714268,0.7428571428571412,0.8214285714285695
0.5163461538461531,0.2154541015625,0.276123046875,0.5000000000000001,0.2,0.0,0.35000000000000003,0.2642857142857143,0.1928571428571429,0.33571428571428547,0.8500000000000004,0.5,0.0,0.5500000000000002,0.7785714285714268,0.7428571428571412,0.8285714285714266
0.5173076923076916,0.2159423828125,0.2763671875,0.5000000000000001,0.2,0.0,0.35000000000000003,0.2642857142857143,0.20000000000000004,0.33571428571428547,0.8500000000000004,0.5,0.0,0.5500000000000002,0.7785714285714268,0.7428571428571412,0.8285714285714266
0.51826923076923,0.21630859375,0.27685546875,0.5000000000000001,0.2,0.0,0.35000000000000003,0.2642857142857143,0.20000000000000004,0.33571428571428547,0.8500000000000004,0.5,0.0,0.5500000000000002,0.7785714285714268,0.7499999999999983,0.8285714285714266
0.5192307692307685,0.2166748046875,0.27734375,0.5000000000000001,0.2,0.0,0.35000000000000003,0.2642857142857143,0.20000000000000004,0.33571428571428547,0.8500000000000004,0.5,0.0,0.5500000000000002,0.7785714285714268,0.7571428571428555,0.8285714285714266
0.520192307692307,0.217041015625,0.27783203125,0.5000000000000001,0.2,0.0,0.35000000000000003,0.2642857142857143,0.20000000000000004,0.33571428571428547,0.8500000000000004,0.5,0.0,0.5500000000000002,0.7785714285714268,0.7571428571428555,0.8357142857142837
0.5211538461538454,0.2174072265625,0.2783203125,0.5000000000000001,0.2,0.0,0.35000000000000003,0.2642857142857143,0.20000000000000004,0.33571428571428547,0.8500000000000004,0.5,0.0,0.5500000000000002,0.7785714285714268,0.7571428571428555,0.8428571428571409
0.5221153846153839,0.2178955078125,0.278564453125,0.5250000000000001,0.2,0.0,0.35000000000000003,0.2642857142857143,0.20000000000000004,0.33571428571428547,0.8500000000000004,0.5,0.0,0.5500000000000002,0.7785714285714268,0.7571428571428555,0.8428571428571409
0.5230769230769223,0.2183837890625,0.279052734375,0.5250000000000001,0.2,0.0,0.35000000000000003,0.2642857142857143,0.20000000000000004,0.3428571428571426,0.8500000000000004,0.5,0.0,0.5500000000000002,0.7785714285714268,0.7571428571428555,0.8428571428571409
0.5240384615384609,0.2188720703125,0.279541015625,0.5250000000000001,0.2,0.0,0.35000000000000003,0.2642857142857143,0.20000000000000004,0.3428571428571426,0.8500000000000004,0.5,0.0,0.5750000000000002,0.7785714285714268,0.7571428571428555,0.8428571428571409
0.5249999999999992,0.2193603515625,0.280029296875,0.5250000000000001,0.2,0.0,0.35000000000000003,0.2642857142857143,0.20000000000000004,0.3499999999999997,0.8500000000000004,0.5,0.0,0.5750000000000002,0.7785714285714268,0.7571428571428555,0.8428571428571409
0.5259615384615377,0.2198486328125,0.280517578125,0.5250000000000001,0.2,0.0,0.35000000000000003,0.2642857142857143,0.20000000000000004,0.3499999999999997,0.8500000000000004,0.6,0.0,0.5750000000000002,0.7785714285714268,0.7571428571428555,0.8428571428571409
0.5269230769230762,0.22021484375,0.28076171875,0.5250000000000001,0.2,0.0,0.35000000000000003,0.2642857142857143,0.20000000000000004,0.3499999999999997,0.8500000000000004,0.6,0.0,0.5750000000000002,0.7785714285714268,0.7571428571428555,0.849999999999998
0.5278846153846147,0.220703125,0.28125,0.5250000000000001,0.2,0.0,0.35000000000000003,0.2642857142857143,0.20000000000000004,0.3499999999999997,0.8500000000000004,0.6,0.0,0.5750000000000002,0.7857142857142839,0.7571428571428555,0.849999999999998
0.5288461538461531,0.2210693359375,0.281494140625,0.5250000000000001,0.2,0.0,0.35000000000000003,0.2642857142857143,0.20000000000000004,0.3499999999999997,0.8500000000000004,0.6,0.0,0.5750000000000002,0.792857142857141,0.7571428571428555,0.849999999999998
0.5298076923076916,0.221435546875,0.2822265625,0.5250000000000001,0.2,0.0,0.35000000000000003,0.2642857142857143,0.20000000000000004,0.3499999999999997,0.8500000000000004,0.6,0.0,0.5750000000000002,0.7999999999999982,0.7571428571428555,0.849999999999998
0.5307692307692301,0.2218017578125,0.28271484375,0.5250000000000001,0.2,0.0,0.35000000000000003,0.2642857142857143,0.20000000000000004,0.3499999999999997,0.8500000000000004,0.6,0.0,0.5750000000000002,0.7999999999999982,0.7571428571428555,0.8571428571428551
0.5317307692307686,0.22216796875,0.282958984375,0.5250000000000001,0.2,0.0,0.35000000000000003,0.2642857142857143,0.20000000000000004,0.3499999999999997,0.8500000000000004,0.6,0.0,0.5750000000000002,0.7999999999999982,0.7642857142857126,0.8571428571428551
0.532692307692307,0.2225341796875,0.283447265625,0.5250000000000001,0.2,0.0,0.35000000000000003,0.2642857142857143,0.20000000000000004,0.3499999999999997,0.8500000000000004,0.6,0.0,0.5750000000000002,0.7999999999999982,0.7714285714285697,0.8571428571428551
0.5336538461538455,0.222900390625,0.283935546875,0.5250000000000001,0.2,0.0,0.35000000000000003,0.2642857142857143,0.20000000000000004,0.3499999999999997,0.8500000000000004,0.6,0.0,0.5750000000000002,0.7999999999999982,0.7785714285714268,0.8571428571428551
0.5346153846153839,0.2232666015625,0.284423828125,0.5250000000000001,0.2,0.0,0.35000000000000003,0.2642857142857143,0.20000000000000004,0.3499999999999997,0.8500000000000004,0.6,0.0,0.5750000000000002,0.7999999999999982,0.7785714285714268,0.8642857142857122
0.5355769230769224,0.2237548828125,0.28466796875,0.5250000000000001,0.2,0.0,0.37500000000000006,0.2642857142857143,0.20000000000000004,0.3499999999999997,0.8500000000000004,0.6,0.0,0.5750000000000002,0.7999999999999982,0.7785714285714268,0.8642857142857122
0.5365384615384609,0.2242431640625,0.28515625,0.5250000000000001,0.2,0.0,0.37500000000000006,0.2642857142857143,0.20000000000000004,0.3499999999999997,0.8500000000000004,0.6,0.0,0.6000000000000002,0.7999999999999982,0.7785714285714268,0.8642857142857122
0.5374999999999993,0.2247314453125,0.28564453125,0.5250000000000001,0.2,0.0,0.37500000000000006,0.2642857142857143,0.20000000000000004,0.3499999999999997,0.8750000000000004,0.6,0.0,0.6000000000000002,0.7999999999999982,0.7785714285714268,0.8642857142857122
0.5384615384615377,0.2252197265625,0.2861328125,0.5250000000000001,0.2,0.0,0.37500000000000006,0.2642857142857143,0.20000000000000004,0.3499999999999997,0.8750000000000004,0.6,0.0,0.6000000000000002,0.8071428571428553,0.7785714285714268,0.8642857142857122
0.5394230769230762,0.2255859375,0.28662109375,0.5250000000000001,0.2,0.0,0.37500000000000006,0.2642857142857143,0.20000000000000004,0.3499999999999997,0.8750000000000004,0.6,0.0,0.6000000000000002,0.8142857142857124,0.7785714285714268,0.8642857142857122
0.5403846153846147,0.2259521484375,0.286865234375,0.5250000000000001,0.2,0.0,0.37500000000000006,0.2642857142857143,0.20000000000000004,0.3499999999999997,0.8750000000000004,0.6,0.0,0.6000000000000002,0.8214285714285695,0.7785714285714268,0.8642857142857122
0.541346153846153,0.226318359375,0.287353515625,0.5250000000000001,0.2,0.0,0.37500000000000006,0.2642857142857143,0.20000000000000004,0.3499999999999997,0.8750000000000004,0.6,0.0,0.6000000000000002,0.8285714285714266,0.7785714285714268,0.8642857142857122
0.5423076923076915,0.2266845703125,0.28759765625,0.5250000000000001,0.2,0.0,0.37500000000000006,0.2642857142857143,0.20000000000000004,0.3499999999999997,0.8750000000000004,0.6,0.0,0.6000000000000002,0.8357142857142837,0.7785714285714268,0.8642857142857122
0.54326923076923,0.22705078125,0.288330078125,0.5250000000000001,0.2,0.0,0.37500000000000006,0.2642857142857143,0.20000000000000004,0.3499999999999997,0.8750000000000004,0.6,0.0,0.6000000000000002,0.8357142857142837,0.7785714285714268,0.8714285714285693
0.5442307692307684,0.2274169921875,0.28857421875,0.5250000000000001,0.2,0.0,0.37500000000000006,0.2642857142857143,0.20000000000000004,0.3499999999999997,0.8750000000000004,0.6,0.0,0.6000000000000002,0.8357142857142837,0.7785714285714268,0.8785714285714264
0.5451923076923069,0.2279052734375,0.2890625,0.5250000000000001,0.2,0.0,0.37500000000000006,0.2642857142857143,0.20714285714285718,0.3499999999999997,0.8750000000000004,0.6,0.0,0.6000000000000002,0.8357142857142837,0.7785714285714268,0.8785714285714264
0.5461538461538453,0.2283935546875,0.289306640625,0.5250000000000001,0.2,0.0,0.4000000000000001,0.2642857142857143,0.20714285714285718,0.3499999999999997,0.8750000000000004,0.6,0.0,0.6000000000000002,0.8357142857142837,0.7785714285714268,0.8785714285714264
0.5471153846153839,0.2288818359375,0.289794921875,0.5250000000000001,0.2,0.0,0.4000000000000001,0.2642857142857143,0.21428571428571433,0.3499999999999997,0.8750000000000004,0.6,0.0,0.6000000000000002,0.8357142857142837,0.7785714285714268,0.8785714285714264
0.5480769230769222,0.229248046875,0.290283203125,0.5250000000000001,0.2,0.0,0.4000000000000001,0.2642857142857143,0.21428571428571433,0.3499999999999997,0.8750000000000004,0.6,0.0,0.6000000000000002,0.8357142857142837,0.7857142857142839,0.8785714285714264
0.5490384615384607,0.2296142578125,0.290771484375,0.5250000000000001,0.2,0.0,0.4000000000000001,0.2642857142857143,0.21428571428571433,0.3499999999999997,0.8750000000000004,0.6,0.0,0.6000000000000002,0.8357142857142837,0.792857142857141,0.8785714285714264
0.5499999999999992,0.22998046875,0.291015625,0.5250000000000001,0.2,0.0,0.4000000000000001,0.2642857142857143,0.21428571428571433,0.3499999999999997,0.8750000000000004,0.6,0.0,0.6000000000000002,0.8357142857142837,0.792857142857141,0.8857142857142836
0.5509615384615377,0.2303466796875,0.29150390625,0.5250000000000001,0.2,0.0,0.4000000000000001,0.2642857142857143,0.21428571428571433,0.3499999999999997,0.8750000000000004,0.6,0.0,0.6000000000000002,0.8357142857142837,0.792857142857141,0.8928571428571407
0.5519230769230762,0.2308349609375,0.2919921875,0.5250000000000001,0.2,0.0,0.4000000000000001,0.2714285714285714,0.21428571428571433,0.3499999999999997,0.8750000000000004,0.6,0.0,0.6000000000000002,0.8357142857142837,0.792857142857141,0.8928571428571407
0.5528846153846145,0.2313232421875,0.292236328125,0.5250000000000001,0.2,0.0,0.4000000000000001,0.2785714285714285,0.21428571428571433,0.3499999999999997,0.8750000000000004,0.6,0.0,0.6000000000000002,0.8357142857142837,0.792857142857141,0.8928571428571407
0.553846153846153,0.231689453125,0.292724609375,0.5250000000000001,0.2,0.0,0.4000000000000001,0.2785714285714285,0.21428571428571433,0.3499999999999997,0.8750000000000004,0.6,0.0,0.6000000000000002,0.8357142857142837,0.792857142857141,0.8999999999999978
0.5548076923076916,0.232177734375,0.293212890625,0.5250000000000001,0.2,0.0,0.4000000000000001,0.28571428571428564,0.21428571428571433,0.3499999999999997,0.8750000000000004,0.6,0.0,0.6000000000000002,0.8357142857142837,0.792857142857141,0.8999999999999978
0.5557692307692299,0.2325439453125,0.293701171875,0.5250000000000001,0.2,0.0,0.4000000000000001,0.28571428571428564,0.21428571428571433,0.3499999999999997,0.8750000000000004,0.6,0.0,0.6000000000000002,0.8357142857142837,0.792857142857141,0.9071428571428549
0.5567307692307684,0.2330322265625,0.2939453125,0.5250000000000001,0.2,0.0,0.4000000000000001,0.29285714285714276,0.21428571428571433,0.3499999999999997,0.8750000000000004,0.6,0.0,0.6000000000000002,0.8357142857142837,0.792857142857141,0.9071428571428549
0.5576923076923068,0.2335205078125,0.29443359375,0.5250000000000001,0.2,0.0,0.4000000000000001,0.2999999999999999,0.21428571428571433,0.3499999999999997,0.8750000000000004,0.6,0.0,0.6000000000000002,0.8357142857142837,0.792857142857141,0.9071428571428549
0.5586538461538453,0.23388671875,0.294677734375,0.5250000000000001,0.2,0.0,0.4000000000000001,0.2999999999999999,0.22142857142857147,0.3499999999999997,0.8750000000000004,0.6,0.0,0.6000000000000002,0.8357142857142837,0.792857142857141,0.9071428571428549
0.5596153846153837,0.234375,0.295166015625,0.5250000000000001,0.2,0.0,0.4000000000000001,0.2999999999999999,0.22857142857142862,0.3499999999999997,0.8750000000000004,0.6,0.0,0.6000000000000002,0.8357142857142837,0.792857142857141,0.9071428571428549
0.5605769230769222,0.2347412109375,0.295654296875,0.5250000000000001,0.2,0.0,0.4000000000000001,0.2999999999999999,0.22857142857142862,0.3499999999999997,0.8750000000000004,0.6,0.0,0.6000000000000002,0.8357142857142837,0.7999999999999982,0.9071428571428549
0.5615384615384607,0.235107421875,0.296142578125,0.5250000000000001,0.2,0.0,0.4000000000000001,0.2999999999999999,0.22857142857142862,0.3499999999999997,0.8750000000000004,0.6,0.0,0.6000000000000002,0.8357142857142837,0.8071428571428553,0.9071428571428549
0.5624999999999991,0.2354736328125,0.29638671875,0.5250000000000001,0.2,0.0,0.4000000000000001,0.2999999999999999,0.22857142857142862,0.3499999999999997,0.8750000000000004,0.6,0.0,0.6000000000000002,0.8357142857142837,0.8142857142857124,0.9071428571428549
0.5634615384615377,0.23583984375,0.296630859375,0.5250000000000001,0.2,0.0,0.4000000000000001,0.2999999999999999,0.22857142857142862,0.3499999999999997,0.8750000000000004,0.6,0.0,0.6000000000000002,0.8428571428571409,0.8142857142857124,0.9071428571428549
0.564423076923076,0.2362060546875,0.297119140625,0.5250000000000001,0.2,0.0,0.4000000000000001,0.2999999999999999,0.22857142857142862,0.3499999999999997,0.8750000000000004,0.6,0.0,0.6000000000000002,0.849999999999998,0.8142857142857124,0.9071428571428549
0.5653846153846146,0.2366943359375,0.297607421875,0.5250000000000001,0.2,0.0,0.4000000000000001,0.307142857142857,0.22857142857142862,0.3499999999999997,0.8750000000000004,0.6,0.0,0.6000000000000002,0.849999999999998,0.8142857142857124,0.9071428571428549
0.566346153846153,0.237060546875,0.298095703125,0.5250000000000001,0.2,0.0,0.4000000000000001,0.307142857142857,0.22857142857142862,0.3499999999999997,0.8750000000000004,0.6,0.0,0.6000000000000002,0.849999999999998,0.8142857142857124,0.914285714285712
0.5673076923076915,0.237548828125,0.29833984375,0.5250000000000001,0.2,0.0,0.4000000000000001,0.307142857142857,0.23571428571428577,0.3499999999999997,0.8750000000000004,0.6,0.0,0.6000000000000002,0.849999999999998,0.8142857142857124,0.914285714285712
0.5682692307692301,0.2379150390625,0.298828125,0.5250000000000001,0.2,0.0,0.4000000000000001,0.307142857142857,0.23571428571428577,0.3499999999999997,0.8750000000000004,0.6,0.0,0.6000000000000002,0.8571428571428551,0.8142857142857124,0.914285714285712
0.5692307692307685,0.23828125,0.29931640625,0.5250000000000001,0.2,0.0,0.4000000000000001,0.307142857142857,0.23571428571428577,0.3499999999999997,0.8750000000000004,0.6,0.0,0.6000000000000002,0.8571428571428551,0.8142857142857124,0.9214285714285692
0.5701923076923069,0.23876953125,0.299560546875,0.5250000000000001,0.2,0.0,0.4000000000000001,0.307142857142857,0.2428571428571429,0.3499999999999997,0.8750000000000004,0.6,0.0,0.6000000000000002,0.8571428571428551,0.8142857142857124,0.9214285714285692
0.5711538461538453,0.2391357421875,0.300048828125,0.5250000000000001,0.2,0.0,0.4000000000000001,0.307142857142857,0.2428571428571429,0.3499999999999997,0.8750000000000004,0.6,0.0,0.6000000000000002,0.8642857142857122,0.8142857142857124,0.9214285714285692
0.5721153846153838,0.239501953125,0.300537109375,0.5250000000000001,0.2,0.0,0.4000000000000001,0.307142857142857,0.2428571428571429,0.3499999999999997,0.8750000000000004,0.6,0.0,0.6000000000000002,0.8642857142857122,0.8214285714285695,0.9214285714285692
0.5730769230769223,0.2398681640625,0.30078125,0.5250000000000001,0.2,0.0,0.4000000000000001,0.307142857142857,0.2428571428571429,0.3499999999999997,0.8750000000000004,0.6,0.0,0.6000000000000002,0.8642857142857122,0.8285714285714266,0.9214285714285692
0.5740384615384607,0.240234375,0.30126953125,0.5250000000000001,0.2,0.0,0.4000000000000001,0.307142857142857,0.2428571428571429,0.3499999999999997,0.8750000000000004,0.6,0.0,0.6000000000000002,0.8714285714285693,0.8285714285714266,0.9214285714285692
0.5749999999999992,0.2406005859375,0.301513671875,0.5250000000000001,0.2,0.0,0.4000000000000001,0.307142857142857,0.2428571428571429,0.3499999999999997,0.8750000000000004,0.6,0.0,0.6000000000000002,0.8714285714285693,0.8357142857142837,0.9214285714285692
0.5759615384615377,0.240966796875,0.302001953125,0.5250000000000001,0.2,0.0,0.4000000000000001,0.307142857142857,0.2428571428571429,0.3499999999999997,0.8750000000000004,0.6,0.0,0.6000000000000002,0.8714285714285693,0.8357142857142837,0.9285714285714263
0.5769230769230761,0.241455078125,0.302490234375,0.5500000000000002,0.2,0.0,0.4000000000000001,0.307142857142857,0.2428571428571429,0.3499999999999997,0.8750000000000004,0.6,0.0,0.6000000000000002,0.8714285714285693,0.8357142857142837,0.9285714285714263
0.5778846153846146,0.241943359375,0.302734375,0.5500000000000002,0.2,0.0,0.4000000000000001,0.3142857142857141,0.2428571428571429,0.3499999999999997,0.8750000000000004,0.6,0.0,0.6000000000000002,0.8714285714285693,0.8357142857142837,0.9285714285714263
0.578846153846153,0.242431640625,0.30322265625,0.5500000000000002,0.2,0.0,0.4000000000000001,0.3142857142857141,0.25000000000000006,0.3499999999999997,0.8750000000000004,0.6,0.0,0.6000000000000002,0.8714285714285693,0.8357142857142837,0.9285714285714263
0.5798076923076915,0.2427978515625,0.303466796875,0.5500000000000002,0.2,0.0,0.4000000000000001,0.3142857142857141,0.25000000000000006,0.3499999999999997,0.8750000000000004,0.6,0.0,0.6000000000000002,0.8785714285714264,0.8357142857142837,0.9285714285714263
0.5807692307692299,0.2431640625,0.303955078125,0.5500000000000002,0.2,0.0,0.4000000000000001,0.3142857142857141,0.25000000000000006,0.3499999999999997,0.8750000000000004,0.6,0.0,0.6000000000000002,0.8785714285714264,0.8357142857142837,0.9357142857142834
0.5817307692307684,0.24365234375,0.304443359375,0.5500000000000002,0.2,0.0,0.4000000000000001,0.32142857142857123,0.25000000000000006,0.3499999999999997,0.8750000000000004,0.6,0.0,0.6000000000000002,0.8785714285714264,0.8357142857142837,0.9357142857142834
0.5826923076923068,0.244140625,0.3046875,0.5500000000000002,0.2,0.0,0.4000000000000001,0.32857142857142835,0.25000000000000006,0.3499999999999997,0.8750000000000004,0.6,0.0,0.6000000000000002,0.8785714285714264,0.8357142857142837,0.9357142857142834
0.5836538461538452,0.2445068359375,0.30517578125,0.5500000000000002,0.2,0.0,0.4000000000000001,0.32857142857142835,0.25000000000000006,0.3499999999999997,0.8750000000000004,0.6,0.0,0.6000000000000002,0.8785714285714264,0.8428571428571409,0.9357142857142834
0.5846153846153836,0.244873046875,0.3056640625,0.5500000000000002,0.2,0.0,0.4000000000000001,0.32857142857142835,0.25000000000000006,0.3499999999999997,0.8750000000000004,0.6,0.0,0.6000000000000002,0.8785714285714264,0.849999999999998,0.9357142857142834
0.5855769230769222,0.2452392578125,0.305908203125,0.5500000000000002,0.2,0.0,0.4000000000000001,0.32857142857142835,0.25000000000000006,0.3499999999999997,0.8750000000000004,0.6,0.0,0.6000000000000002,0.8785714285714264,0.8571428571428551,0.9357142857142834
0.5865384615384607,0.24560546875,0.30615234375,0.5500000000000002,0.2,0.0,0.4000000000000001,0.32857142857142835,0.25000000000000006,0.3499999999999997,0.8750000000000004,0.6,0.0,0.6000000000000002,0.8785714285714264,0.8642857142857122,0.9357142857142834
0.5874999999999991,0.2459716796875,0.306640625,0.5500000000000002,0.2,0.0,0.4000000000000001,0.32857142857142835,0.25000000000000006,0.3499999999999997,0.8750000000000004,0.6,0.0,0.6000000000000002,0.8785714285714264,0.8714285714285693,0.9357142857142834
0.5884615384615375,0.246337890625,0.30712890625,0.5500000000000002,0.2,0.0,0.4000000000000001,0.32857142857142835,0.25000000000000006,0.3499999999999997,0.8750000000000004,0.6,0.0,0.6000000000000002,0.8785714285714264,0.8785714285714264,0.9357142857142834
0.589423076923076,0.2467041015625,0.307373046875,0.5500000000000002,0.2,0.0,0.4000000000000001,0.32857142857142835,0.25000000000000006,0.3499999999999997,0.8750000000000004,0.6,0.0,0.6000000000000002,0.8785714285714264,0.8785714285714264,0.9428571428571405
0.5903846153846145,0.2470703125,0.307861328125,0.5500000000000002,0.2,0.0,0.4000000000000001,0.32857142857142835,0.25000000000000006,0.3499999999999997,0.8750000000000004,0.6,0.0,0.6000000000000002,0.8785714285714264,0.8785714285714264,0.9499999999999976
0.591346153846153,0.24755859375,0.30810546875,0.5500000000000002,0.2,0.0,0.4250000000000001,0.32857142857142835,0.25000000000000006,0.3499999999999997,0.8750000000000004,0.6,0.0,0.6000000000000002,0.8785714285714264,0.8785714285714264,0.9499999999999976
0.5923076923076914,0.248046875,0.30859375,0.5500000000000002,0.2,0.0,0.4250000000000001,0.33571428571428547,0.25000000000000006,0.3499999999999997,0.8750000000000004,0.6,0.0,0.6000000000000002,0.8785714285714264,0.8785714285714264,0.9499999999999976
0.5932692307692299,0.24853515625,0.30908203125,0.5500000000000002,0.2,0.0,0.4250000000000001,0.3428571428571426,0.25000000000000006,0.3499999999999997,0.8750000000000004,0.6,0.0,0.6000000000000002,0.8785714285714264,0.8785714285714264,0.9499999999999976
0.5942307692307683,0.2489013671875,0.309326171875,0.5500000000000002,0.2,0.0,0.4250000000000001,0.3428571428571426,0.25000000000000006,0.3499999999999997,0.8750000000000004,0.6,0.0,0.6000000000000002,0.8785714285714264,0.8785714285714264,0.9571428571428547
0.5951923076923068,0.2493896484375,0.3095703125,0.5500000000000002,0.2,0.0,0.4250000000000001,0.3499999999999997,0.25000000000000006,0.3499999999999997,0.8750000000000004,0.6,0.0,0.6000000000000002,0.8785714285714264,0.8785714285714264,0.9571428571428547
0.5961538461538451,0.249755859375,0.31005859375,0.5500000000000002,0.2,0.0,0.4250000000000001,0.3499999999999997,0.2571428571428572,0.3499999999999997,0.8750000000000004,0.6,0.0,0.6000000000000002,0.8785714285714264,0.8785714285714264,0.9571428571428547
0.5971153846153837,0.250244140625,0.310546875,0.5750000000000002,0.2,0.0,0.4250000000000001,0.3499999999999997,0.2571428571428572,0.3499999999999997,0.8750000000000004,0.6,0.0,0.6000000000000002,0.8785714285714264,0.8785714285714264,0.9571428571428547
0.5980769230769222,0.250732421875,0.310791015625,0.5750000000000002,0.2,0.0,0.4500000000000001,0.3499999999999997,0.2571428571428572,0.3499999999999997,0.8750000000000004,0.6,0.0,0.6000000000000002,0.8785714285714264,0.8785714285714264,0.9571428571428547
0.5990384615384607,0.251220703125,0.311279296875,0.5750000000000002,0.2,0.0,0.4500000000000001,0.3499999999999997,0.2642857142857143,0.3499999999999997,0.8750000000000004,0.6,0.0,0.6000000000000002,0.8785714285714264,0.8785714285714264,0.9571428571428547
0.5999999999999991,0.251708984375,0.3115234375,0.6000000000000002,0.2,0.0,0.4500000000000001,0.3499999999999997,0.2642857142857143,0.3499999999999997,0.8750000000000004,0.6,0.0,0.6000000000000002,0.8785714285714264,0.8785714285714264,0.9571428571428547
0.6009615384615375,0.252197265625,0.31201171875,0.6000000000000002,0.30000000000000004,0.0,0.4500000000000001,0.3499999999999997,0.2642857142857143,0.3499999999999997,0.8750000000000004,0.6,0.0,0.6000000000000002,0.8785714285714264,0.8785714285714264,0.9571428571428547
