Effective Sparsity,Activation Error,Baseline Error,q0,k0,v0,o0,gate0,up0,down0,q1,k1,v1,o1,gate1,up1,down1
0.0009615384615384615,0.0012416839599609375,0.012542724609375,0.0,0.0,0.0,0.0,0.0,0.0,0.0,0.0,0.0,0.0,0.0,0.007142857142857143,0.0,0.0
0.001923076923076923,0.0018777847290039062,0.012542724609375,0.0,0.0,0.0,0.0,0.0,0.0,0.0,0.0,0.0,0.0,0.0,0.007142857142857143,0.007142857142857143,0.0
0.0028846153846153843,0.0026988983154296875,0.012542724609375,0.0,0.0,0.0,0.0,0.0,0.0,0.0,0.0,0.0,0.0,0.0,0.007142857142857143,0.007142857142857143,0.007142857142857143
0.003846153846153846,0.003345489501953125,0.012542724609375,0.0,0.0,0.0,0.0,0.007142857142857143,0.0,0.0,0.0,0.0,0.0,0.0,0.007142857142857143,0.007142857142857143,0.007142857142857143
0.004807692307692307,0.004119873046875,0.012542724609375,0.0,0.0,0.0,0.0,0.007142857142857143,0.007142857142857143,0.0,0.0,0.0,0.0,0.0,0.007142857142857143,0.007142857142857143,0.007142857142857143
0.005769230769230769,0.005054473876953125,0.012542724609375,0.0,0.0,0.0,0.0,0.007142857142857143,0.007142857142857143,0.007142857142857143,0.0,0.0,0.0,0.0,0.007142857142857143,0.007142857142857143,0.007142857142857143
0.00673076923076923,0.00991058349609375,0.012542724609375,0.0,0.0,0.0,0.0,0.007142857142857143,0.007142857142857143,0.007142857142857143,0.0,0.0,0.0,0.025,0.007142857142857143,0.007142857142857143,0.007142857142857143
0.007692307692307692,0.01425933837890625,0.012542724609375,0.0,0.0,0.0,0.0,0.007142857142857143,0.007142857142857143,0.007142857142857143,0.0,0.0,0.0,0.05,0.007142857142857143,0.007142857142857143,0.007142857142857143
0.008653846153846154,0.01812744140625,0.012542724609375,0.0,0.0,0.0,0.0,0.007142857142857143,0.007142857142857143,0.007142857142857143,0.0,0.0,0.0,0.07500000000000001,0.007142857142857143,0.007142857142857143,0.007142857142857143
0.009615384615384614,0.021759033203125,0.012542724609375,0.0,0.0,0.0,0.0,0.007142857142857143,0.007142857142857143,0.007142857142857143,0.0,0.0,0.0,0.1,0.007142857142857143,0.007142857142857143,0.007142857142857143
0.010576923076923078,0.025146484375,0.09967041015625,0.0,0.0,0.0,0.0,0.007142857142857143,0.007142857142857143,0.007142857142857143,0.0,0.0,0.0,0.125,0.007142857142857143,0.007142857142857143,0.007142857142857143
0.011538461538461537,0.02825927734375,0.10498046875,0.0,0.0,0.0,0.025,0.007142857142857143,0.007142857142857143,0.007142857142857143,0.0,0.0,0.0,0.125,0.007142857142857143,0.007142857142857143,0.007142857142857143
0.012500000000000002,0.0311431884765625,0.1102294921875,0.0,0.0,0.0,0.025,0.007142857142857143,0.007142857142857143,0.007142857142857143,0.0,0.0,0.0,0.15,0.007142857142857143,0.007142857142857143,0.007142857142857143
0.013461538461538466,0.034088134765625,0.11663818359375,0.0,0.0,0.0,0.025,0.007142857142857143,0.007142857142857143,0.007142857142857143,0.025,0.0,0.0,0.15,0.007142857142857143,0.007142857142857143,0.007142857142857143
0.014423076923076926,0.036773681640625,0.12158203125,0.0,0.0,0.0,0.025,0.007142857142857143,0.007142857142857143,0.007142857142857143,0.025,0.0,0.0,0.175,0.007142857142857143,0.007142857142857143,0.007142857142857143
0.015384615384615385,0.039398193359375,0.1265869140625,0.0,0.0,0.0,0.025,0.007142857142857143,0.007142857142857143,0.007142857142857143,0.025,0.0,0.0,0.19999999999999998,0.007142857142857143,0.007142857142857143,0.007142857142857143
0.016346153846153847,0.04205322265625,0.1317138671875,0.0,0.0,0.0,0.025,0.007142857142857143,0.007142857142857143,0.007142857142857143,0.025,0.0,0.0,0.22499999999999998,0.007142857142857143,0.007142857142857143,0.007142857142857143
0.01730769230769231,0.04473876953125,0.136474609375,0.0,0.0,0.0,0.025,0.007142857142857143,0.007142857142857143,0.007142857142857143,0.025,0.0,0.0,0.24999999999999997,0.007142857142857143,0.007142857142857143,0.007142857142857143
0.01826923076923077,0.047332763671875,0.14111328125,0.0,0.0,0.0,0.025,0.007142857142857143,0.007142857142857143,0.007142857142857143,0.025,0.0,0.0,0.27499999999999997,0.007142857142857143,0.007142857142857143,0.007142857142857143
0.019230769230769232,0.050018310546875,0.145751953125,0.0,0.0,0.0,0.025,0.007142857142857143,0.007142857142857143,0.007142857142857143,0.025,0.0,0.0,0.3,0.007142857142857143,0.007142857142857143,0.007142857142857143
0.020192307692307693,0.052734375,0.1505126953125,0.0,0.0,0.0,0.025,0.007142857142857143,0.007142857142857143,0.007142857142857143,0.025,0.0,0.0,0.325,0.007142857142857143,0.007142857142857143,0.007142857142857143
0.021153846153846155,0.05535888671875,0.1549072265625,0.0,0.0,0.0,0.05,0.007142857142857143,0.007142857142857143,0.007142857142857143,0.025,0.0,0.0,0.325,0.007142857142857143,0.007142857142857143,0.007142857142857143
0.022115384615384617,0.05792236328125,0.1602783203125,0.0,0.0,0.0,0.05,0.007142857142857143,0.007142857142857143,0.007142857142857143,0.05,0.0,0.0,0.325,0.007142857142857143,0.007142857142857143,0.007142857142857143
0.02307692307692308,0.060455322265625,0.1649169921875,0.0,0.0,0.0,0.05,0.007142857142857143,0.007142857142857143,0.007142857142857143,0.05,0.0,0.0,0.35000000000000003,0.007142857142857143,0.007142857142857143,0.007142857142857143
0.024038461538461543,0.06298828125,0.169189453125,0.0,0.0,0.0,0.05,0.007142857142857143,0.007142857142857143,0.007142857142857143,0.05,0.0,0.0,0.37500000000000006,0.007142857142857143,0.007142857142857143,0.007142857142857143
0.025000000000000005,0.065673828125,0.173828125,0.0,0.0,0.0,0.07500000000000001,0.007142857142857143,0.007142857142857143,0.007142857142857143,0.05,0.0,0.0,0.37500000000000006,0.007142857142857143,0.007142857142857143,0.007142857142857143
0.025961538461538466,0.06817626953125,0.1778564453125,0.0,0.0,0.0,0.07500000000000001,0.007142857142857143,0.007142857142857143,0.007142857142857143,0.07500000000000001,0.0,0.0,0.37500000000000006,0.007142857142857143,0.007142857142857143,0.007142857142857143
0.02692307692307693,0.07073974609375,0.182373046875,0.0,0.0,0.0,0.07500000000000001,0.007142857142857143,0.007142857142857143,0.007142857142857143,0.07500000000000001,0.0,0.0,0.4000000000000001,0.007142857142857143,0.007142857142857143,0.007142857142857143
0.027884615384615393,0.07330322265625,0.1868896484375,0.0,0.0,0.0,0.07500000000000001,0.007142857142857143,0.007142857142857143,0.007142857142857143,0.07500000000000001,0.0,0.0,0.4250000000000001,0.007142857142857143,0.007142857142857143,0.007142857142857143
0.02884615384615385,0.07598876953125,0.1907958984375,0.0,0.0,0.0,0.07500000000000001,0.007142857142857143,0.007142857142857143,0.007142857142857143,0.1,0.0,0.0,0.4250000000000001,0.007142857142857143,0.007142857142857143,0.007142857142857143
0.029807692307692316,0.07861328125,0.19482421875,0.0,0.0,0.0,0.1,0.007142857142857143,0.007142857142857143,0.007142857142857143,0.1,0.0,0.0,0.4250000000000001,0.007142857142857143,0.007142857142857143,0.007142857142857143
0.030769230769230774,0.08123779296875,0.1988525390625,0.0,0.0,0.0,0.1,0.007142857142857143,0.007142857142857143,0.007142857142857143,0.1,0.0,0.0,0.4500000000000001,0.007142857142857143,0.007142857142857143,0.007142857142857143
0.031730769230769236,0.08392333984375,0.2030029296875,0.0,0.0,0.0,0.1,0.007142857142857143,0.007142857142857143,0.007142857142857143,0.125,0.0,0.0,0.4500000000000001,0.007142857142857143,0.007142857142857143,0.007142857142857143
0.0326923076923077,0.0865478515625,0.207275390625,0.0,0.0,0.0,0.125,0.007142857142857143,0.007142857142857143,0.007142857142857143,0.125,0.0,0.0,0.4500000000000001,0.007142857142857143,0.007142857142857143,0.007142857142857143
0.03365384615384616,0.089111328125,0.2115478515625,0.0,0.0,0.0,0.125,0.007142857142857143,0.007142857142857143,0.007142857142857143,0.15,0.0,0.0,0.4500000000000001,0.007142857142857143,0.007142857142857143,0.007142857142857143
0.034615384615384624,0.09173583984375,0.21533203125,0.0,0.0,0.0,0.125,0.007142857142857143,0.007142857142857143,0.007142857142857143,0.15,0.0,0.0,0.47500000000000014,0.007142857142857143,0.007142857142857143,0.007142857142857143
0.03557692307692308,0.09429931640625,0.2196044921875,0.0,0.0,0.0,0.15,0.007142857142857143,0.007142857142857143,0.007142857142857143,0.15,0.0,0.0,0.47500000000000014,0.007142857142857143,0.007142857142857143,0.007142857142857143
0.03653846153846155,0.096923828125,0.2242431640625,0.0,0.0,0.0,0.15,0.007142857142857143,0.007142857142857143,0.007142857142857143,0.175,0.0,0.0,0.47500000000000014,0.007142857142857143,0.007142857142857143,0.007142857142857143
0.037500000000000006,0.09954833984375,0.227783203125,0.0,0.0,0.0,0.175,0.007142857142857143,0.007142857142857143,0.007142857142857143,0.175,0.0,0.0,0.47500000000000014,0.007142857142857143,0.007142857142857143,0.007142857142857143
0.038461538461538464,0.10211181640625,0.2315673828125,0.0,0.0,0.0,0.19999999999999998,0.007142857142857143,0.007142857142857143,0.007142857142857143,0.175,0.0,0.0,0.47500000000000014,0.007142857142857143,0.007142857142857143,0.007142857142857143
0.03942307692307693,0.104736328125,0.2349853515625,0.0,0.0,0.0,0.19999999999999998,0.007142857142857143,0.007142857142857143,0.007142857142857143,0.19999999999999998,0.0,0.0,0.47500000000000014,0.007142857142857143,0.007142857142857143,0.007142857142857143
0.04038461538461538,0.1072998046875,0.2388916015625,0.0,0.0,0.0,0.19999999999999998,0.007142857142857143,0.007142857142857143,0.007142857142857143,0.19999999999999998,0.0,0.0,0.5000000000000001,0.007142857142857143,0.007142857142857143,0.007142857142857143
0.04134615384615384,0.10980224609375,0.2423095703125,0.0,0.0,0.0,0.19999999999999998,0.007142857142857143,0.007142857142857143,0.007142857142857143,0.22499999999999998,0.0,0.0,0.5000000000000001,0.007142857142857143,0.007142857142857143,0.007142857142857143
0.042307692307692296,0.1123046875,0.24658203125,0.0,0.0,0.0,0.22499999999999998,0.007142857142857143,0.007142857142857143,0.007142857142857143,0.22499999999999998,0.0,0.0,0.5000000000000001,0.007142857142857143,0.007142857142857143,0.007142857142857143
0.04326923076923077,0.114990234375,0.25,0.0,0.0,0.0,0.24999999999999997,0.007142857142857143,0.007142857142857143,0.007142857142857143,0.22499999999999998,0.0,0.0,0.5000000000000001,0.007142857142857143,0.007142857142857143,0.007142857142857143
0.044230769230769226,0.11767578125,0.25341796875,0.025,0.0,0.0,0.24999999999999997,0.007142857142857143,0.007142857142857143,0.007142857142857143,0.22499999999999998,0.0,0.0,0.5000000000000001,0.007142857142857143,0.007142857142857143,0.007142857142857143
0.045192307692307684,0.12030029296875,0.257568359375,0.025,0.0,0.0,0.27499999999999997,0.007142857142857143,0.007142857142857143,0.007142857142857143,0.22499999999999998,0.0,0.0,0.5000000000000001,0.007142857142857143,0.007142857142857143,0.007142857142857143
0.04615384615384615,0.12286376953125,0.260986328125,0.025,0.0,0.0,0.27499999999999997,0.007142857142857143,0.007142857142857143,0.007142857142857143,0.22499999999999998,0.0,0.0,0.5250000000000001,0.007142857142857143,0.007142857142857143,0.007142857142857143
0.04711538461538461,0.12548828125,0.2646484375,0.025,0.0,0.0,0.3,0.007142857142857143,0.007142857142857143,0.007142857142857143,0.22499999999999998,0.0,0.0,0.5250000000000001,0.007142857142857143,0.007142857142857143,0.007142857142857143
0.04807692307692308,0.1280517578125,0.26806640625,0.025,0.0,0.0,0.3,0.007142857142857143,0.007142857142857143,0.007142857142857143,0.24999999999999997,0.0,0.0,0.5250000000000001,0.007142857142857143,0.007142857142857143,0.007142857142857143
0.04903846153846154,0.1304931640625,0.27197265625,0.025,0.0,0.0,0.3,0.007142857142857143,0.007142857142857143,0.007142857142857143,0.27499999999999997,0.0,0.0,0.5250000000000001,0.007142857142857143,0.007142857142857143,0.007142857142857143
0.049999999999999996,0.1331787109375,0.275390625,0.025,0.0,0.0,0.325,0.007142857142857143,0.007142857142857143,0.007142857142857143,0.27499999999999997,0.0,0.0,0.5250000000000001,0.007142857142857143,0.007142857142857143,0.007142857142857143
0.05096153846153846,0.1357421875,0.279052734375,0.025,0.0,0.0,0.325,0.007142857142857143,0.007142857142857143,0.007142857142857143,0.3,0.0,0.0,0.5250000000000001,0.007142857142857143,0.007142857142857143,0.007142857142857143
0.051923076923076926,0.138427734375,0.2822265625,0.025,0.0,0.0,0.325,0.007142857142857143,0.007142857142857143,0.007142857142857143,0.325,0.0,0.0,0.5250000000000001,0.007142857142857143,0.007142857142857143,0.007142857142857143
0.05288461538461539,0.1409912109375,0.285400390625,0.025,0.0,0.0,0.325,0.007142857142857143,0.007142857142857143,0.007142857142857143,0.325,0.0,0.0,0.5250000000000001,0.007142857142857143,0.007142857142857143,0.014285714285714285
0.05384615384615385,0.142822265625,0.288818359375,0.025,0.0,0.0,0.325,0.007142857142857143,0.007142857142857143,0.007142857142857143,0.325,0.0,0.0,0.5250000000000001,0.007142857142857143,0.007142857142857143,0.02142857142857143
0.05480769230769232,0.14501953125,0.29296875,0.025,0.0,0.0,0.325,0.007142857142857143,0.007142857142857143,0.007142857142857143,0.325,0.0,0.0,0.5250000000000001,0.007142857142857143,0.007142857142857143,0.02857142857142857
0.05576923076923078,0.1473388671875,0.296142578125,0.025,0.0,0.0,0.325,0.007142857142857143,0.007142857142857143,0.007142857142857143,0.325,0.0,0.0,0.5250000000000001,0.007142857142857143,0.007142857142857143,0.03571428571428571
0.05673076923076924,0.1497802734375,0.29931640625,0.025,0.0,0.0,0.325,0.007142857142857143,0.007142857142857143,0.007142857142857143,0.35000000000000003,0.0,0.0,0.5250000000000001,0.007142857142857143,0.007142857142857143,0.03571428571428571
0.057692307692307696,0.1522216796875,0.30322265625,0.025,0.0,0.0,0.325,0.007142857142857143,0.007142857142857143,0.007142857142857143,0.35000000000000003,0.0,0.0,0.5250000000000001,0.007142857142857143,0.007142857142857143,0.04285714285714286
0.058653846153846154,0.1546630859375,0.306640625,0.025,0.0,0.0,0.35000000000000003,0.007142857142857143,0.007142857142857143,0.007142857142857143,0.35000000000000003,0.0,0.0,0.5250000000000001,0.007142857142857143,0.007142857142857143,0.04285714285714286
0.05961538461538462,0.1572265625,0.3095703125,0.025,0.0,0.0,0.35000000000000003,0.007142857142857143,0.007142857142857143,0.007142857142857143,0.37500000000000006,0.0,0.0,0.5250000000000001,0.007142857142857143,0.007142857142857143,0.04285714285714286
0.060576923076923084,0.1597900390625,0.3134765625,0.025,0.0,0.0,0.37500000000000006,0.007142857142857143,0.007142857142857143,0.007142857142857143,0.37500000000000006,0.0,0.0,0.5250000000000001,0.007142857142857143,0.007142857142857143,0.04285714285714286
0.06153846153846154,0.1622314453125,0.31689453125,0.025,0.0,0.0,0.37500000000000006,0.007142857142857143,0.007142857142857143,0.007142857142857143,0.37500000000000006,0.0,0.0,0.5500000000000002,0.007142857142857143,0.007142857142857143,0.04285714285714286
0.06250000000000001,0.1646728515625,0.320068359375,0.025,0.0,0.0,0.37500000000000006,0.007142857142857143,0.007142857142857143,0.007142857142857143,0.37500000000000006,0.0,0.0,0.5500000000000002,0.007142857142857143,0.007142857142857143,0.05
0.06346153846153847,0.167236328125,0.323486328125,0.025,0.0,0.0,0.37500000000000006,0.007142857142857143,0.007142857142857143,0.007142857142857143,0.4000000000000001,0.0,0.0,0.5500000000000002,0.007142857142857143,0.007142857142857143,0.05
0.06442307692307693,0.169677734375,0.326904296875,0.025,0.0,0.0,0.37500000000000006,0.007142857142857143,0.007142857142857143,0.007142857142857143,0.4000000000000001,0.0,0.0,0.5500000000000002,0.007142857142857143,0.007142857142857143,0.05714285714285715
0.06538461538461539,0.1722412109375,0.330322265625,0.025,0.0,0.0,0.4000000000000001,0.007142857142857143,0.007142857142857143,0.007142857142857143,0.4000000000000001,0.0,0.0,0.5500000000000002,0.007142857142857143,0.007142857142857143,0.05714285714285715
0.06634615384615386,0.1748046875,0.33349609375,0.025,0.0,0.0,0.4000000000000001,0.007142857142857143,0.007142857142857143,0.007142857142857143,0.4250000000000001,0.0,0.0,0.5500000000000002,0.007142857142857143,0.007142857142857143,0.05714285714285715
0.06730769230769232,0.17724609375,0.336181640625,0.025,0.0,0.0,0.4000000000000001,0.007142857142857143,0.007142857142857143,0.007142857142857143,0.4250000000000001,0.0,0.0,0.5750000000000002,0.007142857142857143,0.007142857142857143,0.05714285714285715
0.06826923076923078,0.1796875,0.339599609375,0.025,0.0,0.0,0.4000000000000001,0.007142857142857143,0.007142857142857143,0.007142857142857143,0.4250000000000001,0.0,0.0,0.5750000000000002,0.007142857142857143,0.007142857142857143,0.0642857142857143
0.06923076923076923,0.1822509765625,0.3427734375,0.025,0.0,0.0,0.4250000000000001,0.007142857142857143,0.007142857142857143,0.007142857142857143,0.4250000000000001,0.0,0.0,0.5750000000000002,0.007142857142857143,0.007142857142857143,0.0642857142857143
0.0701923076923077,0.1846923828125,0.34619140625,0.025,0.0,0.0,0.4250000000000001,0.007142857142857143,0.007142857142857143,0.007142857142857143,0.4250000000000001,0.0,0.0,0.5750000000000002,0.014285714285714285,0.007142857142857143,0.0642857142857143
0.07115384615384616,0.1866455078125,0.349609375,0.025,0.0,0.0,0.4250000000000001,0.007142857142857143,0.007142857142857143,0.007142857142857143,0.4250000000000001,0.0,0.0,0.5750000000000002,0.02142857142857143,0.007142857142857143,0.0642857142857143
0.07211538461538464,0.1885986328125,0.353271484375,0.025,0.0,0.0,0.4250000000000001,0.007142857142857143,0.007142857142857143,0.007142857142857143,0.4250000000000001,0.0,0.0,0.5750000000000002,0.02857142857142857,0.007142857142857143,0.0642857142857143
0.0730769230769231,0.1907958984375,0.356201171875,0.025,0.0,0.0,0.4250000000000001,0.007142857142857143,0.007142857142857143,0.007142857142857143,0.4250000000000001,0.0,0.0,0.5750000000000002,0.03571428571428571,0.007142857142857143,0.0642857142857143
0.07403846153846155,0.193115234375,0.359619140625,0.025,0.0,0.0,0.4250000000000001,0.007142857142857143,0.007142857142857143,0.007142857142857143,0.4250000000000001,0.0,0.0,0.5750000000000002,0.03571428571428571,0.007142857142857143,0.07142857142857144
0.07500000000000001,0.195556640625,0.363037109375,0.025,0.0,0.0,0.4250000000000001,0.007142857142857143,0.007142857142857143,0.007142857142857143,0.4250000000000001,0.0,0.0,0.5750000000000002,0.04285714285714286,0.007142857142857143,0.07142857142857144
0.07596153846153847,0.197998046875,0.36572265625,0.025,0.0,0.0,0.4250000000000001,0.007142857142857143,0.007142857142857143,0.007142857142857143,0.4500000000000001,0.0,0.0,0.5750000000000002,0.04285714285714286,0.007142857142857143,0.07142857142857144
0.07692307692307694,0.2003173828125,0.369140625,0.025,0.0,0.0,0.4250000000000001,0.007142857142857143,0.007142857142857143,0.007142857142857143,0.47500000000000014,0.0,0.0,0.5750000000000002,0.04285714285714286,0.007142857142857143,0.07142857142857144
0.0778846153846154,0.2027587890625,0.37255859375,0.025,0.0,0.0,0.4250000000000001,0.007142857142857143,0.007142857142857143,0.007142857142857143,0.47500000000000014,0.0,0.0,0.6000000000000002,0.04285714285714286,0.007142857142857143,0.07142857142857144
0.07884615384615387,0.205078125,0.375732421875,0.025,0.0,0.0,0.4250000000000001,0.007142857142857143,0.007142857142857143,0.007142857142857143,0.47500000000000014,0.0,0.0,0.6000000000000002,0.05,0.007142857142857143,0.07142857142857144
0.07980769230769233,0.20751953125,0.37890625,0.025,0.0,0.0,0.4500000000000001,0.007142857142857143,0.007142857142857143,0.007142857142857143,0.47500000000000014,0.0,0.0,0.6000000000000002,0.05,0.007142857142857143,0.07142857142857144
0.08076923076923079,0.2099609375,0.3818359375,0.025,0.0,0.0,0.4500000000000001,0.007142857142857143,0.007142857142857143,0.007142857142857143,0.47500000000000014,0.0,0.0,0.6000000000000002,0.05714285714285715,0.007142857142857143,0.07142857142857144
0.08173076923076925,0.2122802734375,0.38525390625,0.025,0.0,0.0,0.4500000000000001,0.007142857142857143,0.007142857142857143,0.007142857142857143,0.47500000000000014,0.0,0.0,0.6000000000000002,0.05714285714285715,0.007142857142857143,0.07857142857142858
0.0826923076923077,0.214599609375,0.38818359375,0.025,0.0,0.0,0.4500000000000001,0.007142857142857143,0.007142857142857143,0.007142857142857143,0.47500000000000014,0.0,0.0,0.6000000000000002,0.05714285714285715,0.007142857142857143,0.08571428571428573
0.08365384615384616,0.217041015625,0.3916015625,0.025,0.0,0.0,0.4500000000000001,0.007142857142857143,0.007142857142857143,0.007142857142857143,0.5000000000000001,0.0,0.0,0.6000000000000002,0.05714285714285715,0.007142857142857143,0.08571428571428573
0.08461538461538462,0.2193603515625,0.394775390625,0.025,0.0,0.0,0.4500000000000001,0.007142857142857143,0.007142857142857143,0.007142857142857143,0.5000000000000001,0.0,0.0,0.6000000000000002,0.0642857142857143,0.007142857142857143,0.08571428571428573
0.08557692307692309,0.2218017578125,0.397705078125,0.025,0.0,0.0,0.4500000000000001,0.007142857142857143,0.007142857142857143,0.007142857142857143,0.5000000000000001,0.0,0.0,0.6000000000000002,0.07142857142857144,0.007142857142857143,0.08571428571428573
0.08653846153846154,0.2242431640625,0.400634765625,0.025,0.0,0.0,0.4500000000000001,0.007142857142857143,0.007142857142857143,0.007142857142857143,0.5250000000000001,0.0,0.0,0.6000000000000002,0.07142857142857144,0.007142857142857143,0.08571428571428573
0.08750000000000001,0.2265625,0.404052734375,0.025,0.0,0.0,0.4500000000000001,0.007142857142857143,0.007142857142857143,0.007142857142857143,0.5250000000000001,0.0,0.0,0.6000000000000002,0.07142857142857144,0.007142857142857143,0.09285714285714287
0.0884615384615385,0.22900390625,0.40771484375,0.025,0.0,0.0,0.47500000000000014,0.007142857142857143,0.007142857142857143,0.007142857142857143,0.5250000000000001,0.0,0.0,0.6000000000000002,0.07142857142857144,0.007142857142857143,0.09285714285714287
0.08942307692307695,0.2313232421875,0.410888671875,0.025,0.0,0.0,0.47500000000000014,0.007142857142857143,0.007142857142857143,0.007142857142857143,0.5250000000000001,0.0,0.0,0.6000000000000002,0.07142857142857144,0.007142857142857143,0.10000000000000002
0.09038461538461541,0.2337646484375,0.413818359375,0.05,0.0,0.0,0.47500000000000014,0.007142857142857143,0.007142857142857143,0.007142857142857143,0.5250000000000001,0.0,0.0,0.6000000000000002,0.07142857142857144,0.007142857142857143,0.10000000000000002
0.09134615384615387,0.236083984375,0.416748046875,0.05,0.0,0.0,0.47500000000000014,0.007142857142857143,0.007142857142857143,0.007142857142857143,0.5250000000000001,0.0,0.0,0.6000000000000002,0.07142857142857144,0.007142857142857143,0.10714285714285716
0.09230769230769233,0.238525390625,0.42041015625,0.05,0.0,0.0,0.47500000000000014,0.007142857142857143,0.007142857142857143,0.007142857142857143,0.5250000000000001,0.0,0.0,0.6000000000000002,0.07857142857142858,0.007142857142857143,0.10714285714285716
0.09326923076923078,0.2408447265625,0.42333984375,0.05,0.0,0.0,0.47500000000000014,0.007142857142857143,0.007142857142857143,0.007142857142857143,0.5250000000000001,0.0,0.0,0.6000000000000002,0.07857142857142858,0.007142857142857143,0.11428571428571431
0.09423076923076924,0.2432861328125,0.42626953125,0.05,0.0,0.0,0.47500000000000014,0.007142857142857143,0.007142857142857143,0.007142857142857143,0.5500000000000002,0.0,0.0,0.6000000000000002,0.07857142857142858,0.007142857142857143,0.11428571428571431
0.09519230769230771,0.24560546875,0.429443359375,0.05,0.0,0.0,0.47500000000000014,0.007142857142857143,0.007142857142857143,0.007142857142857143,0.5500000000000002,0.0,0.0,0.6000000000000002,0.07857142857142858,0.007142857142857143,0.12142857142857146
0.09615384615384619,0.248046875,0.432373046875,0.05,0.0,0.0,0.47500000000000014,0.007142857142857143,0.007142857142857143,0.007142857142857143,0.5500000000000002,0.0,0.0,0.6250000000000002,0.07857142857142858,0.007142857142857143,0.12142857142857146
0.09711538461538465,0.25048828125,0.435302734375,0.05,0.0,0.0,0.5000000000000001,0.007142857142857143,0.007142857142857143,0.007142857142857143,0.5500000000000002,0.0,0.0,0.6250000000000002,0.07857142857142858,0.007142857142857143,0.12142857142857146
0.0980769230769231,0.2529296875,0.439208984375,0.05,0.0,0.0,0.5000000000000001,0.007142857142857143,0.007142857142857143,0.007142857142857143,0.5750000000000002,0.0,0.0,0.6250000000000002,0.07857142857142858,0.007142857142857143,0.12142857142857146
0.09903846153846158,0.25537109375,0.442138671875,0.05,0.0,0.0,0.5000000000000001,0.007142857142857143,0.007142857142857143,0.007142857142857143,0.6000000000000002,0.0,0.0,0.6250000000000002,0.07857142857142858,0.007142857142857143,0.12142857142857146
0.10000000000000003,0.2578125,0.4453125,0.05,0.0,0.0,0.5000000000000001,0.007142857142857143,0.007142857142857143,0.007142857142857143,0.6000000000000002,0.0,0.0,0.6250000000000002,0.08571428571428573,0.007142857142857143,0.12142857142857146
0.10096153846153849,0.260009765625,0.448486328125,0.05,0.0,0.0,0.5000000000000001,0.007142857142857143,0.007142857142857143,0.007142857142857143,0.6000000000000002,0.0,0.0,0.6250000000000002,0.09285714285714287,0.007142857142857143,0.12142857142857146
0.10192307692307695,0.262451171875,0.451416015625,0.05,0.0,0.0,0.5000000000000001,0.007142857142857143,0.007142857142857143,0.007142857142857143,0.6000000000000002,0.0,0.0,0.6250000000000002,0.09285714285714287,0.007142857142857143,0.1285714285714286
0.10288461538461544,0.264892578125,0.453857421875,0.05,0.0,0.0,0.5000000000000001,0.007142857142857143,0.007142857142857143,0.007142857142857143,0.6000000000000002,0.0,0.0,0.6250000000000002,0.10000000000000002,0.007142857142857143,0.1285714285714286
0.1038461538461539,0.267333984375,0.457275390625,0.05,0.0,0.0,0.5000000000000001,0.007142857142857143,0.007142857142857143,0.007142857142857143,0.6000000000000002,0.0,0.0,0.6250000000000002,0.10714285714285716,0.007142857142857143,0.1285714285714286
0.10480769230769235,0.269775390625,0.46044921875,0.05,0.0,0.0,0.5000000000000001,0.007142857142857143,0.007142857142857143,0.007142857142857143,0.6000000000000002,0.0,0.0,0.6250000000000002,0.10714285714285716,0.014285714285714285,0.1285714285714286
0.10576923076923082,0.271728515625,0.4638671875,0.05,0.0,0.0,0.5000000000000001,0.007142857142857143,0.007142857142857143,0.007142857142857143,0.6000000000000002,0.0,0.0,0.6250000000000002,0.10714285714285716,0.02142857142857143,0.1285714285714286
0.10673076923076928,0.273681640625,0.467041015625,0.05,0.0,0.0,0.5000000000000001,0.007142857142857143,0.007142857142857143,0.007142857142857143,0.6000000000000002,0.0,0.0,0.6250000000000002,0.10714285714285716,0.02857142857142857,0.1285714285714286
0.10769230769230774,0.275634765625,0.47021484375,0.05,0.0,0.0,0.5000000000000001,0.007142857142857143,0.007142857142857143,0.007142857142857143,0.6000000000000002,0.0,0.0,0.6250000000000002,0.10714285714285716,0.03571428571428571,0.1285714285714286
0.1086538461538462,0.278076171875,0.47314453125,0.05,0.0,0.0,0.5000000000000001,0.007142857142857143,0.007142857142857143,0.007142857142857143,0.6000000000000002,0.0,0.0,0.6250000000000002,0.11428571428571431,0.03571428571428571,0.1285714285714286
0.10961538461538466,0.280517578125,0.4755859375,0.05,0.0,0.0,0.5000000000000001,0.007142857142857143,0.007142857142857143,0.007142857142857143,0.6000000000000002,0.0,0.0,0.6250000000000002,0.12142857142857146,0.03571428571428571,0.1285714285714286
0.11057692307692311,0.282958984375,0.478515625,0.05,0.0,0.0,0.5000000000000001,0.007142857142857143,0.007142857142857143,0.007142857142857143,0.6000000000000002,0.0,0.0,0.6250000000000002,0.12142857142857146,0.04285714285714286,0.1285714285714286
0.11153846153846157,0.28515625,0.48193359375,0.05,0.0,0.0,0.5000000000000001,0.007142857142857143,0.007142857142857143,0.007142857142857143,0.6000000000000002,0.0,0.0,0.6250000000000002,0.12142857142857146,0.05,0.1285714285714286
0.11250000000000003,0.287353515625,0.48486328125,0.05,0.0,0.0,0.5000000000000001,0.007142857142857143,0.007142857142857143,0.007142857142857143,0.6000000000000002,0.0,0.0,0.6250000000000002,0.12142857142857146,0.05,0.13571428571428573
0.11346153846153849,0.289794921875,0.487548828125,0.05,0.0,0.0,0.5000000000000001,0.007142857142857143,0.007142857142857143,0.007142857142857143,0.6000000000000002,0.0,0.0,0.6250000000000002,0.1285714285714286,0.05,0.13571428571428573
0.11442307692307695,0.292236328125,0.49072265625,0.07500000000000001,0.0,0.0,0.5000000000000001,0.007142857142857143,0.007142857142857143,0.007142857142857143,0.6000000000000002,0.0,0.0,0.6250000000000002,0.1285714285714286,0.05,0.13571428571428573
0.11538461538461542,0.294677734375,0.493896484375,0.07500000000000001,0.0,0.0,0.5000000000000001,0.007142857142857143,0.007142857142857143,0.007142857142857143,0.6000000000000002,0.0,0.0,0.6250000000000002,0.1285714285714286,0.05714285714285715,0.13571428571428573
0.11634615384615388,0.296875,0.497314453125,0.07500000000000001,0.0,0.0,0.5000000000000001,0.007142857142857143,0.007142857142857143,0.007142857142857143,0.6000000000000002,0.0,0.0,0.6250000000000002,0.1285714285714286,0.05714285714285715,0.14285714285714288
0.11730769230769234,0.299072265625,0.50048828125,0.07500000000000001,0.0,0.0,0.5000000000000001,0.007142857142857143,0.007142857142857143,0.007142857142857143,0.6000000000000002,0.0,0.0,0.6250000000000002,0.1285714285714286,0.05714285714285715,0.15000000000000002
0.11826923076923081,0.30126953125,0.50341796875,0.07500000000000001,0.0,0.0,0.5000000000000001,0.007142857142857143,0.007142857142857143,0.007142857142857143,0.6000000000000002,0.0,0.0,0.6250000000000002,0.1285714285714286,0.05714285714285715,0.15714285714285717
0.11923076923076927,0.303466796875,0.505859375,0.07500000000000001,0.0,0.0,0.5000000000000001,0.007142857142857143,0.007142857142857143,0.007142857142857143,0.6000000000000002,0.0,0.0,0.6250000000000002,0.1285714285714286,0.05714285714285715,0.1642857142857143
0.12019230769230772,0.305908203125,0.50830078125,0.07500000000000001,0.0,0.0,0.5250000000000001,0.007142857142857143,0.007142857142857143,0.007142857142857143,0.6000000000000002,0.0,0.0,0.6250000000000002,0.1285714285714286,0.05714285714285715,0.1642857142857143
0.12115384615384618,0.308349609375,0.51123046875,0.07500000000000001,0.0,0.0,0.5250000000000001,0.007142857142857143,0.007142857142857143,0.007142857142857143,0.6250000000000002,0.0,0.0,0.6250000000000002,0.1285714285714286,0.05714285714285715,0.1642857142857143
0.12211538461538465,0.310791015625,0.5146484375,0.07500000000000001,0.0,0.0,0.5250000000000001,0.007142857142857143,0.007142857142857143,0.007142857142857143,0.6500000000000002,0.0,0.0,0.6250000000000002,0.1285714285714286,0.05714285714285715,0.1642857142857143
0.12307692307692311,0.31298828125,0.51708984375,0.07500000000000001,0.0,0.0,0.5250000000000001,0.007142857142857143,0.007142857142857143,0.007142857142857143,0.6500000000000002,0.0,0.0,0.6500000000000002,0.1285714285714286,0.05714285714285715,0.1642857142857143
0.12403846153846157,0.3154296875,0.52001953125,0.07500000000000001,0.0,0.0,0.5250000000000001,0.007142857142857143,0.007142857142857143,0.007142857142857143,0.6500000000000002,0.0,0.0,0.6500000000000002,0.13571428571428573,0.05714285714285715,0.1642857142857143
0.12500000000000003,0.317626953125,0.52294921875,0.07500000000000001,0.0,0.0,0.5250000000000001,0.007142857142857143,0.007142857142857143,0.007142857142857143,0.6500000000000002,0.0,0.0,0.6500000000000002,0.14285714285714288,0.05714285714285715,0.1642857142857143
0.12596153846153849,0.31982421875,0.525390625,0.07500000000000001,0.0,0.0,0.5250000000000001,0.007142857142857143,0.007142857142857143,0.007142857142857143,0.6500000000000002,0.0,0.0,0.6500000000000002,0.14285714285714288,0.05714285714285715,0.17142857142857146
0.12692307692307697,0.322265625,0.529296875,0.07500000000000001,0.0,0.0,0.5250000000000001,0.007142857142857143,0.007142857142857143,0.007142857142857143,0.6500000000000002,0.0,0.0,0.6500000000000002,0.15000000000000002,0.05714285714285715,0.17142857142857146
0.1278846153846154,0.32470703125,0.5322265625,0.07500000000000001,0.0,0.0,0.5250000000000001,0.007142857142857143,0.007142857142857143,0.007142857142857143,0.6500000000000002,0.0,0.0,0.6500000000000002,0.15714285714285717,0.05714285714285715,0.17142857142857146
0.12884615384615386,0.326904296875,0.53466796875,0.07500000000000001,0.0,0.0,0.5250000000000001,0.007142857142857143,0.007142857142857143,0.007142857142857143,0.6500000000000002,0.0,0.0,0.6500000000000002,0.15714285714285717,0.0642857142857143,0.17142857142857146
0.12980769230769235,0.329345703125,0.5380859375,0.07500000000000001,0.0,0.0,0.5250000000000001,0.007142857142857143,0.007142857142857143,0.007142857142857143,0.6500000000000002,0.0,0.0,0.6500000000000002,0.1642857142857143,0.0642857142857143,0.17142857142857146
0.1307692307692308,0.33154296875,0.54052734375,0.07500000000000001,0.0,0.0,0.5250000000000001,0.007142857142857143,0.007142857142857143,0.007142857142857143,0.6500000000000002,0.0,0.0,0.6500000000000002,0.1642857142857143,0.07142857142857144,0.17142857142857146
0.13173076923076926,0.333740234375,0.54345703125,0.07500000000000001,0.0,0.0,0.5250000000000001,0.007142857142857143,0.007142857142857143,0.007142857142857143,0.6500000000000002,0.0,0.0,0.6500000000000002,0.1642857142857143,0.07142857142857144,0.1785714285714286
0.13269230769230772,0.3359375,0.5458984375,0.07500000000000001,0.0,0.0,0.5250000000000001,0.007142857142857143,0.007142857142857143,0.007142857142857143,0.6500000000000002,0.0,0.0,0.6500000000000002,0.1642857142857143,0.07142857142857144,0.18571428571428575
0.13365384615384618,0.338134765625,0.54833984375,0.07500000000000001,0.0,0.0,0.5250000000000001,0.007142857142857143,0.007142857142857143,0.007142857142857143,0.6500000000000002,0.0,0.0,0.6500000000000002,0.1642857142857143,0.07857142857142858,0.18571428571428575
0.13461538461538464,0.340576171875,0.55078125,0.07500000000000001,0.0,0.0,0.5250000000000001,0.007142857142857143,0.007142857142857143,0.007142857142857143,0.6500000000000002,0.0,0.0,0.6500000000000002,0.1642857142857143,0.08571428571428573,0.18571428571428575
0.13557692307692312,0.343017578125,0.55419921875,0.07500000000000001,0.0,0.0,0.5250000000000001,0.007142857142857143,0.007142857142857143,0.007142857142857143,0.6500000000000002,0.0,0.0,0.6500000000000002,0.1642857142857143,0.09285714285714287,0.18571428571428575
0.1365384615384616,0.345458984375,0.556640625,0.07500000000000001,0.0,0.0,0.5250000000000001,0.007142857142857143,0.007142857142857143,0.007142857142857143,0.6750000000000003,0.0,0.0,0.6500000000000002,0.1642857142857143,0.09285714285714287,0.18571428571428575
0.13750000000000007,0.347900390625,0.55908203125,0.07500000000000001,0.0,0.0,0.5250000000000001,0.007142857142857143,0.007142857142857143,0.007142857142857143,0.6750000000000003,0.0,0.0,0.6500000000000002,0.1642857142857143,0.09285714285714287,0.1928571428571429
0.13846153846153852,0.35009765625,0.5625,0.07500000000000001,0.0,0.0,0.5250000000000001,0.007142857142857143,0.007142857142857143,0.007142857142857143,0.6750000000000003,0.0,0.0,0.6500000000000002,0.1642857142857143,0.09285714285714287,0.20000000000000004
0.13942307692307698,0.352294921875,0.56494140625,0.07500000000000001,0.0,0.0,0.5250000000000001,0.007142857142857143,0.007142857142857143,0.007142857142857143,0.6750000000000003,0.0,0.0,0.6500000000000002,0.1642857142857143,0.09285714285714287,0.20714285714285718
0.14038461538461544,0.354736328125,0.568359375,0.07500000000000001,0.0,0.0,0.5250000000000001,0.007142857142857143,0.007142857142857143,0.007142857142857143,0.6750000000000003,0.0,0.0,0.6500000000000002,0.17142857142857146,0.09285714285714287,0.20714285714285718
0.1413461538461539,0.35693359375,0.5712890625,0.07500000000000001,0.0,0.0,0.5250000000000001,0.007142857142857143,0.007142857142857143,0.007142857142857143,0.6750000000000003,0.0,0.0,0.6500000000000002,0.17142857142857146,0.09285714285714287,0.21428571428571433
0.14230769230769236,0.359375,0.57373046875,0.07500000000000001,0.0,0.0,0.5250000000000001,0.007142857142857143,0.007142857142857143,0.007142857142857143,0.6750000000000003,0.0,0.0,0.6500000000000002,0.1785714285714286,0.09285714285714287,0.21428571428571433
0.14326923076923082,0.361572265625,0.5771484375,0.07500000000000001,0.0,0.0,0.5250000000000001,0.007142857142857143,0.007142857142857143,0.007142857142857143,0.6750000000000003,0.0,0.0,0.6500000000000002,0.18571428571428575,0.09285714285714287,0.21428571428571433
0.1442307692307693,0.36376953125,0.58056640625,0.07500000000000001,0.0,0.0,0.5250000000000001,0.007142857142857143,0.007142857142857143,0.007142857142857143,0.6750000000000003,0.0,0.0,0.6500000000000002,0.18571428571428575,0.09285714285714287,0.22142857142857147
0.14519230769230773,0.3662109375,0.5830078125,0.1,0.0,0.0,0.5250000000000001,0.007142857142857143,0.007142857142857143,0.007142857142857143,0.6750000000000003,0.0,0.0,0.6500000000000002,0.18571428571428575,0.09285714285714287,0.22142857142857147
0.14615384615384622,0.36865234375,0.58544921875,0.1,0.0,0.0,0.5250000000000001,0.007142857142857143,0.007142857142857143,0.007142857142857143,0.6750000000000003,0.0,0.0,0.6750000000000003,0.18571428571428575,0.09285714285714287,0.22142857142857147
0.14711538461538465,0.37109375,0.587890625,0.1,0.0,0.0,0.5250000000000001,0.007142857142857143,0.007142857142857143,0.007142857142857143,0.6750000000000003,0.0,0.0,0.6750000000000003,0.1928571428571429,0.09285714285714287,0.22142857142857147
0.14807692307692313,0.37353515625,0.59033203125,0.1,0.0,0.0,0.5250000000000001,0.007142857142857143,0.007142857142857143,0.007142857142857143,0.6750000000000003,0.0,0.0,0.6750000000000003,0.20000000000000004,0.09285714285714287,0.22142857142857147
0.1490384615384616,0.375732421875,0.59375,0.1,0.0,0.0,0.5250000000000001,0.007142857142857143,0.007142857142857143,0.007142857142857143,0.6750000000000003,0.0,0.0,0.6750000000000003,0.20000000000000004,0.09285714285714287,0.22857142857142862
0.15000000000000005,0.378173828125,0.59619140625,0.1,0.0,0.0,0.5250000000000001,0.007142857142857143,0.007142857142857143,0.007142857142857143,0.6750000000000003,0.0,0.0,0.6750000000000003,0.20714285714285718,0.09285714285714287,0.22857142857142862
0.1509615384615385,0.380615234375,0.60009765625,0.1,0.0,0.0,0.5250000000000001,0.007142857142857143,0.007142857142857143,0.007142857142857143,0.6750000000000003,0.0,0.0,0.6750000000000003,0.21428571428571433,0.09285714285714287,0.22857142857142862
0.15192307692307697,0.3828125,0.6025390625,0.1,0.0,0.0,0.5250000000000001,0.007142857142857143,0.007142857142857143,0.007142857142857143,0.6750000000000003,0.0,0.0,0.6750000000000003,0.21428571428571433,0.10000000000000002,0.22857142857142862
0.15288461538461542,0.38525390625,0.60498046875,0.1,0.0,0.0,0.5250000000000001,0.007142857142857143,0.007142857142857143,0.007142857142857143,0.6750000000000003,0.0,0.0,0.6750000000000003,0.21428571428571433,0.10714285714285716,0.22857142857142862
0.15384615384615388,0.387451171875,0.607421875,0.1,0.0,0.0,0.5250000000000001,0.007142857142857143,0.007142857142857143,0.007142857142857143,0.6750000000000003,0.0,0.0,0.6750000000000003,0.21428571428571433,0.10714285714285716,0.23571428571428577
0.15480769230769237,0.3896484375,0.6103515625,0.1,0.0,0.0,0.5250000000000001,0.007142857142857143,0.007142857142857143,0.007142857142857143,0.6750000000000003,0.0,0.0,0.6750000000000003,0.21428571428571433,0.10714285714285716,0.2428571428571429
0.1557692307692308,0.39208984375,0.61376953125,0.1,0.0,0.0,0.5250000000000001,0.007142857142857143,0.007142857142857143,0.014285714285714285,0.6750000000000003,0.0,0.0,0.6750000000000003,0.21428571428571433,0.10714285714285716,0.2428571428571429
0.15673076923076928,0.39404296875,0.6162109375,0.1,0.0,0.0,0.5250000000000001,0.007142857142857143,0.007142857142857143,0.02142857142857143,0.6750000000000003,0.0,0.0,0.6750000000000003,0.21428571428571433,0.10714285714285716,0.2428571428571429
0.15769230769230774,0.396240234375,0.6201171875,0.1,0.0,0.0,0.5250000000000001,0.007142857142857143,0.007142857142857143,0.02857142857142857,0.6750000000000003,0.0,0.0,0.6750000000000003,0.21428571428571433,0.10714285714285716,0.2428571428571429
0.1586538461538462,0.398681640625,0.62255859375,0.125,0.0,0.0,0.5250000000000001,0.007142857142857143,0.007142857142857143,0.02857142857142857,0.6750000000000003,0.0,0.0,0.6750000000000003,0.21428571428571433,0.10714285714285716,0.2428571428571429
0.15961538461538466,0.401123046875,0.625,0.125,0.0,0.0,0.5250000000000001,0.007142857142857143,0.007142857142857143,0.03571428571428571,0.6750000000000003,0.0,0.0,0.6750000000000003,0.21428571428571433,0.10714285714285716,0.2428571428571429
0.16057692307692312,0.403564453125,0.62744140625,0.125,0.0,0.0,0.5500000000000002,0.007142857142857143,0.007142857142857143,0.03571428571428571,0.6750000000000003,0.0,0.0,0.6750000000000003,0.21428571428571433,0.10714285714285716,0.2428571428571429
0.16153846153846158,0.406005859375,0.630859375,0.125,0.0,0.0,0.5500000000000002,0.007142857142857143,0.007142857142857143,0.03571428571428571,0.6750000000000003,0.0,0.0,0.6750000000000003,0.22142857142857147,0.10714285714285716,0.2428571428571429
0.16250000000000006,0.408203125,0.63330078125,0.125,0.0,0.0,0.5500000000000002,0.007142857142857143,0.007142857142857143,0.03571428571428571,0.6750000000000003,0.0,0.0,0.6750000000000003,0.22857142857142862,0.10714285714285716,0.2428571428571429
0.1634615384615385,0.41064453125,0.6357421875,0.125,0.0,0.0,0.5500000000000002,0.007142857142857143,0.007142857142857143,0.03571428571428571,0.7000000000000003,0.0,0.0,0.6750000000000003,0.22857142857142862,0.10714285714285716,0.2428571428571429
0.16442307692307698,0.4130859375,0.63916015625,0.125,0.0,0.0,0.5750000000000002,0.007142857142857143,0.007142857142857143,0.03571428571428571,0.7000000000000003,0.0,0.0,0.6750000000000003,0.22857142857142862,0.10714285714285716,0.2428571428571429
0.16538461538461544,0.41552734375,0.6416015625,0.125,0.0,0.0,0.5750000000000002,0.007142857142857143,0.007142857142857143,0.03571428571428571,0.7000000000000003,0.0,0.0,0.6750000000000003,0.23571428571428577,0.10714285714285716,0.2428571428571429
0.1663461538461539,0.417724609375,0.64404296875,0.125,0.0,0.0,0.5750000000000002,0.007142857142857143,0.007142857142857143,0.03571428571428571,0.7000000000000003,0.0,0.0,0.6750000000000003,0.23571428571428577,0.11428571428571431,0.2428571428571429
0.16730769230769235,0.419921875,0.64697265625,0.125,0.0,0.0,0.5750000000000002,0.007142857142857143,0.007142857142857143,0.03571428571428571,0.7000000000000003,0.0,0.0,0.6750000000000003,0.23571428571428577,0.11428571428571431,0.25000000000000006
0.1682692307692308,0.422119140625,0.64990234375,0.125,0.0,0.0,0.5750000000000002,0.007142857142857143,0.007142857142857143,0.03571428571428571,0.7000000000000003,0.0,0.0,0.6750000000000003,0.23571428571428577,0.11428571428571431,0.2571428571428572
0.16923076923076927,0.424072265625,0.65283203125,0.125,0.0,0.0,0.5750000000000002,0.007142857142857143,0.007142857142857143,0.03571428571428571,0.7000000000000003,0.0,0.0,0.6750000000000003,0.23571428571428577,0.11428571428571431,0.2642857142857143
0.17019230769230773,0.42626953125,0.6552734375,0.125,0.0,0.0,0.5750000000000002,0.007142857142857143,0.007142857142857143,0.03571428571428571,0.7000000000000003,0.0,0.0,0.6750000000000003,0.23571428571428577,0.11428571428571431,0.2714285714285714
0.17115384615384618,0.428466796875,0.658203125,0.125,0.0,0.0,0.5750000000000002,0.007142857142857143,0.007142857142857143,0.03571428571428571,0.7000000000000003,0.0,0.0,0.6750000000000003,0.23571428571428577,0.11428571428571431,0.2785714285714285
0.17211538461538467,0.4306640625,0.66064453125,0.125,0.0,0.0,0.5750000000000002,0.007142857142857143,0.007142857142857143,0.03571428571428571,0.7000000000000003,0.0,0.0,0.6750000000000003,0.23571428571428577,0.12142857142857146,0.2785714285714285
0.1730769230769231,0.432861328125,0.6630859375,0.125,0.0,0.0,0.5750000000000002,0.007142857142857143,0.007142857142857143,0.03571428571428571,0.7000000000000003,0.0,0.0,0.6750000000000003,0.23571428571428577,0.1285714285714286,0.2785714285714285
0.1740384615384616,0.43505859375,0.66650390625,0.125,0.0,0.0,0.5750000000000002,0.007142857142857143,0.007142857142857143,0.03571428571428571,0.7000000000000003,0.0,0.0,0.6750000000000003,0.2428571428571429,0.1285714285714286,0.2785714285714285
0.17500000000000002,0.437255859375,0.6689453125,0.125,0.0,0.0,0.5750000000000002,0.007142857142857143,0.007142857142857143,0.03571428571428571,0.7000000000000003,0.0,0.0,0.6750000000000003,0.25000000000000006,0.1285714285714286,0.2785714285714285
0.1759615384615385,0.439453125,0.671875,0.125,0.0,0.0,0.5750000000000002,0.007142857142857143,0.007142857142857143,0.03571428571428571,0.7000000000000003,0.0,0.0,0.6750000000000003,0.25000000000000006,0.1285714285714286,0.28571428571428564
0.17692307692307693,0.441650390625,0.67431640625,0.125,0.0,0.0,0.5750000000000002,0.007142857142857143,0.007142857142857143,0.03571428571428571,0.7000000000000003,0.0,0.0,0.6750000000000003,0.25000000000000006,0.1285714285714286,0.29285714285714276
0.17788461538461542,0.444091796875,0.67724609375,0.125,0.0,0.0,0.5750000000000002,0.007142857142857143,0.007142857142857143,0.04285714285714286,0.7000000000000003,0.0,0.0,0.6750000000000003,0.25000000000000006,0.1285714285714286,0.29285714285714276
0.17884615384615385,0.4462890625,0.6796875,0.125,0.0,0.0,0.5750000000000002,0.007142857142857143,0.007142857142857143,0.04285714285714286,0.7000000000000003,0.0,0.0,0.6750000000000003,0.2571428571428572,0.1285714285714286,0.29285714285714276
0.17980769230769234,0.448486328125,0.6826171875,0.125,0.0,0.0,0.5750000000000002,0.007142857142857143,0.007142857142857143,0.04285714285714286,0.7000000000000003,0.0,0.0,0.6750000000000003,0.2571428571428572,0.1285714285714286,0.2999999999999999
0.18076923076923082,0.450927734375,0.68603515625,0.125,0.0,0.0,0.5750000000000002,0.007142857142857143,0.007142857142857143,0.04285714285714286,0.7250000000000003,0.0,0.0,0.6750000000000003,0.2571428571428572,0.1285714285714286,0.2999999999999999
0.18173076923076925,0.453125,0.6884765625,0.125,0.0,0.0,0.5750000000000002,0.007142857142857143,0.007142857142857143,0.04285714285714286,0.7250000000000003,0.0,0.0,0.6750000000000003,0.2642857142857143,0.1285714285714286,0.2999999999999999
0.18269230769230774,0.45556640625,0.69140625,0.125,0.0,0.0,0.6000000000000002,0.007142857142857143,0.007142857142857143,0.04285714285714286,0.7250000000000003,0.0,0.0,0.6750000000000003,0.2642857142857143,0.1285714285714286,0.2999999999999999
0.18365384615384617,0.457763671875,0.69384765625,0.125,0.0,0.0,0.6000000000000002,0.007142857142857143,0.007142857142857143,0.04285714285714286,0.7250000000000003,0.0,0.0,0.6750000000000003,0.2642857142857143,0.13571428571428573,0.2999999999999999
0.18461538461538465,0.4599609375,0.69677734375,0.125,0.0,0.0,0.6000000000000002,0.007142857142857143,0.007142857142857143,0.04285714285714286,0.7250000000000003,0.0,0.0,0.6750000000000003,0.2642857142857143,0.14285714285714288,0.2999999999999999
0.18557692307692308,0.462158203125,0.69873046875,0.125,0.0,0.0,0.6000000000000002,0.007142857142857143,0.007142857142857143,0.04285714285714286,0.7250000000000003,0.0,0.0,0.6750000000000003,0.2642857142857143,0.14285714285714288,0.307142857142857
0.18653846153846157,0.464599609375,0.7021484375,0.15,0.0,0.0,0.6000000000000002,0.007142857142857143,0.007142857142857143,0.04285714285714286,0.7250000000000003,0.0,0.0,0.6750000000000003,0.2642857142857143,0.14285714285714288,0.307142857142857
0.18750000000000003,0.466796875,0.70458984375,0.15,0.0,0.0,0.6000000000000002,0.007142857142857143,0.007142857142857143,0.04285714285714286,0.7250000000000003,0.0,0.0,0.6750000000000003,0.2642857142857143,0.14285714285714288,0.3142857142857141
0.18846153846153849,0.46923828125,0.70703125,0.15,0.0,0.0,0.6000000000000002,0.007142857142857143,0.007142857142857143,0.05,0.7250000000000003,0.0,0.0,0.6750000000000003,0.2642857142857143,0.14285714285714288,0.3142857142857141
0.18942307692307692,0.471435546875,0.7109375,0.15,0.0,0.0,0.6000000000000002,0.007142857142857143,0.007142857142857143,0.05,0.7250000000000003,0.0,0.0,0.6750000000000003,0.2642857142857143,0.14285714285714288,0.32142857142857123
0.1903846153846154,0.4736328125,0.71337890625,0.15,0.0,0.0,0.6000000000000002,0.007142857142857143,0.007142857142857143,0.05,0.7250000000000003,0.0,0.0,0.6750000000000003,0.2642857142857143,0.14285714285714288,0.32857142857142835
0.19134615384615386,0.475830078125,0.7158203125,0.15,0.0,0.0,0.6000000000000002,0.007142857142857143,0.007142857142857143,0.05,0.7250000000000003,0.0,0.0,0.6750000000000003,0.2714285714285714,0.14285714285714288,0.32857142857142835
0.19230769230769232,0.47802734375,0.71826171875,0.15,0.0,0.0,0.6000000000000002,0.007142857142857143,0.007142857142857143,0.05,0.7250000000000003,0.0,0.0,0.6750000000000003,0.2785714285714285,0.14285714285714288,0.32857142857142835
0.19326923076923078,0.480224609375,0.7216796875,0.15,0.0,0.0,0.6000000000000002,0.007142857142857143,0.007142857142857143,0.05,0.7250000000000003,0.0,0.0,0.6750000000000003,0.2785714285714285,0.15000000000000002,0.32857142857142835
0.19423076923076923,0.482421875,0.72412109375,0.15,0.0,0.0,0.6000000000000002,0.007142857142857143,0.007142857142857143,0.05,0.7250000000000003,0.0,0.0,0.6750000000000003,0.2785714285714285,0.15714285714285717,0.32857142857142835
0.1951923076923077,0.484619140625,0.72705078125,0.15,0.0,0.0,0.6000000000000002,0.007142857142857143,0.007142857142857143,0.05,0.7250000000000003,0.0,0.0,0.6750000000000003,0.2785714285714285,0.1642857142857143,0.32857142857142835
0.19615384615384615,0.48681640625,0.73046875,0.15,0.0,0.0,0.6000000000000002,0.007142857142857143,0.007142857142857143,0.05,0.7250000000000003,0.0,0.0,0.6750000000000003,0.2785714285714285,0.1642857142857143,0.33571428571428547
0.1971153846153846,0.4892578125,0.73291015625,0.15,0.0,0.0,0.6000000000000002,0.007142857142857143,0.007142857142857143,0.05714285714285715,0.7250000000000003,0.0,0.0,0.6750000000000003,0.2785714285714285,0.1642857142857143,0.33571428571428547
0.19807692307692307,0.49169921875,0.73583984375,0.15,0.0,0.0,0.6000000000000002,0.007142857142857143,0.007142857142857143,0.05714285714285715,0.7500000000000003,0.0,0.0,0.6750000000000003,0.2785714285714285,0.1642857142857143,0.33571428571428547
0.19903846153846153,0.493896484375,0.73828125,0.15,0.0,0.0,0.6000000000000002,0.007142857142857143,0.007142857142857143,0.05714285714285715,0.7500000000000003,0.0,0.0,0.6750000000000003,0.28571428571428564,0.1642857142857143,0.33571428571428547
0.19999999999999998,0.49609375,0.7412109375,0.15,0.0,0.0,0.6000000000000002,0.007142857142857143,0.007142857142857143,0.05714285714285715,0.7500000000000003,0.0,0.0,0.6750000000000003,0.29285714285714276,0.1642857142857143,0.33571428571428547
0.20096153846153844,0.498291015625,0.74365234375,0.15,0.0,0.0,0.6000000000000002,0.007142857142857143,0.007142857142857143,0.05714285714285715,0.7500000000000003,0.0,0.0,0.6750000000000003,0.2999999999999999,0.1642857142857143,0.33571428571428547
0.2019230769230769,0.50048828125,0.74658203125,0.15,0.0,0.0,0.6000000000000002,0.007142857142857143,0.007142857142857143,0.05714285714285715,0.7500000000000003,0.0,0.0,0.7000000000000003,0.2999999999999999,0.1642857142857143,0.33571428571428547
0.20288461538461536,0.5029296875,0.74853515625,0.15,0.0,0.0,0.6000000000000002,0.007142857142857143,0.007142857142857143,0.0642857142857143,0.7500000000000003,0.0,0.0,0.7000000000000003,0.2999999999999999,0.1642857142857143,0.33571428571428547
0.20384615384615384,0.50537109375,0.751953125,0.15,0.0,0.0,0.6000000000000002,0.007142857142857143,0.007142857142857143,0.0642857142857143,0.7500000000000003,0.1,0.0,0.7000000000000003,0.2999999999999999,0.1642857142857143,0.33571428571428547
0.2048076923076923,0.50732421875,0.75439453125,0.15,0.0,0.0,0.6000000000000002,0.007142857142857143,0.007142857142857143,0.0642857142857143,0.7500000000000003,0.2,0.0,0.7000000000000003,0.2999999999999999,0.1642857142857143,0.33571428571428547
0.20576923076923076,0.509765625,0.75830078125,0.15,0.0,0.0,0.6000000000000002,0.007142857142857143,0.007142857142857143,0.0642857142857143,0.7500000000000003,0.2,0.0,0.7000000000000003,0.307142857142857,0.1642857142857143,0.33571428571428547
0.20673076923076922,0.51220703125,0.76123046875,0.15,0.0,0.0,0.6250000000000002,0.007142857142857143,0.007142857142857143,0.0642857142857143,0.7500000000000003,0.2,0.0,0.7000000000000003,0.307142857142857,0.1642857142857143,0.33571428571428547
0.20769230769230768,0.5146484375,0.76318359375,0.15,0.0,0.0,0.6250000000000002,0.007142857142857143,0.007142857142857143,0.0642857142857143,0.7500000000000003,0.2,0.0,0.7000000000000003,0.3142857142857141,0.1642857142857143,0.33571428571428547
0.20865384615384613,0.5166015625,0.76708984375,0.15,0.0,0.0,0.6250000000000002,0.007142857142857143,0.007142857142857143,0.0642857142857143,0.7500000000000003,0.2,0.0,0.7000000000000003,0.3142857142857141,0.1642857142857143,0.3428571428571426
0.2096153846153846,0.5185546875,0.76904296875,0.15,0.0,0.0,0.6250000000000002,0.007142857142857143,0.007142857142857143,0.0642857142857143,0.7500000000000003,0.2,0.0,0.7000000000000003,0.3142857142857141,0.1642857142857143,0.3499999999999997
0.21057692307692305,0.52099609375,0.77197265625,0.175,0.0,0.0,0.6250000000000002,0.007142857142857143,0.007142857142857143,0.0642857142857143,0.7500000000000003,0.2,0.0,0.7000000000000003,0.3142857142857141,0.1642857142857143,0.3499999999999997
0.2115384615384615,0.5234375,0.7744140625,0.175,0.0,0.0,0.6250000000000002,0.007142857142857143,0.007142857142857143,0.0642857142857143,0.7500000000000003,0.2,0.0,0.7000000000000003,0.32142857142857123,0.1642857142857143,0.3499999999999997
0.21249999999999997,0.52587890625,0.77685546875,0.175,0.0,0.0,0.6250000000000002,0.007142857142857143,0.007142857142857143,0.0642857142857143,0.7500000000000003,0.2,0.0,0.7000000000000003,0.32857142857142835,0.1642857142857143,0.3499999999999997
0.21346153846153842,0.52783203125,0.7802734375,0.175,0.0,0.0,0.6250000000000002,0.007142857142857143,0.007142857142857143,0.0642857142857143,0.7500000000000003,0.2,0.0,0.7000000000000003,0.33571428571428547,0.1642857142857143,0.3499999999999997
0.21442307692307688,0.5302734375,0.78271484375,0.175,0.0,0.0,0.6250000000000002,0.007142857142857143,0.007142857142857143,0.07142857142857144,0.7500000000000003,0.2,0.0,0.7000000000000003,0.33571428571428547,0.1642857142857143,0.3499999999999997
0.21538461538461534,0.53271484375,0.78564453125,0.175,0.0,0.0,0.6250000000000002,0.007142857142857143,0.007142857142857143,0.07142857142857144,0.7500000000000003,0.2,0.0,0.7000000000000003,0.33571428571428547,0.17142857142857146,0.3499999999999997
0.2163461538461538,0.53466796875,0.78857421875,0.175,0.0,0.0,0.6250000000000002,0.007142857142857143,0.007142857142857143,0.07142857142857144,0.7500000000000003,0.2,0.0,0.7000000000000003,0.33571428571428547,0.1785714285714286,0.3499999999999997
0.21730769230769229,0.537109375,0.79150390625,0.175,0.0,0.0,0.6250000000000002,0.007142857142857143,0.007142857142857143,0.07142857142857144,0.7500000000000003,0.2,0.0,0.7000000000000003,0.33571428571428547,0.18571428571428575,0.3499999999999997
0.21826923076923072,0.5390625,0.79345703125,0.175,0.0,0.0,0.6250000000000002,0.007142857142857143,0.007142857142857143,0.07142857142857144,0.7500000000000003,0.2,0.0,0.7000000000000003,0.33571428571428547,0.1928571428571429,0.3499999999999997
0.2192307692307692,0.54150390625,0.79638671875,0.175,0.0,0.0,0.6250000000000002,0.007142857142857143,0.007142857142857143,0.07142857142857144,0.7500000000000003,0.2,0.0,0.7000000000000003,0.33571428571428547,0.20000000000000004,0.3499999999999997
0.2201923076923077,0.54345703125,0.7998046875,0.175,0.0,0.0,0.6250000000000002,0.007142857142857143,0.007142857142857143,0.07142857142857144,0.7500000000000003,0.2,0.0,0.7000000000000003,0.33571428571428547,0.20000000000000004,0.3571428571428568
0.22115384615384612,0.5458984375,0.802734375,0.175,0.0,0.0,0.6250000000000002,0.007142857142857143,0.007142857142857143,0.07142857142857144,0.7750000000000004,0.2,0.0,0.7000000000000003,0.33571428571428547,0.20000000000000004,0.3571428571428568
0.2221153846153846,0.54833984375,0.80517578125,0.175,0.0,0.0,0.6250000000000002,0.007142857142857143,0.007142857142857143,0.07142857142857144,0.7750000000000004,0.2,0.0,0.7000000000000003,0.33571428571428547,0.20714285714285718,0.3571428571428568
0.22307692307692306,0.55078125,0.80810546875,0.175,0.0,0.0,0.6250000000000002,0.007142857142857143,0.007142857142857143,0.07142857142857144,0.7750000000000004,0.2,0.0,0.7000000000000003,0.3428571428571426,0.20714285714285718,0.3571428571428568
0.22403846153846146,0.55322265625,0.810546875,0.175,0.0,0.0,0.6250000000000002,0.007142857142857143,0.007142857142857143,0.07142857142857144,0.7750000000000004,0.2,0.0,0.7000000000000003,0.3499999999999997,0.20714285714285718,0.3571428571428568
0.22499999999999995,0.55517578125,0.8134765625,0.175,0.0,0.0,0.6250000000000002,0.007142857142857143,0.007142857142857143,0.07142857142857144,0.7750000000000004,0.2,0.0,0.7000000000000003,0.3499999999999997,0.21428571428571433,0.3571428571428568
0.22596153846153844,0.5576171875,0.8154296875,0.175,0.0,0.0,0.6250000000000002,0.007142857142857143,0.007142857142857143,0.07142857142857144,0.7750000000000004,0.2,0.0,0.7000000000000003,0.3571428571428568,0.21428571428571433,0.3571428571428568
0.22692307692307687,0.56005859375,0.81787109375,0.175,0.0,0.0,0.6250000000000002,0.007142857142857143,0.007142857142857143,0.07142857142857144,0.7750000000000004,0.2,0.0,0.7000000000000003,0.36428571428571394,0.21428571428571433,0.3571428571428568
0.2278846153846153,0.56201171875,0.82080078125,0.175,0.0,0.0,0.6250000000000002,0.007142857142857143,0.007142857142857143,0.07142857142857144,0.7750000000000004,0.2,0.0,0.7000000000000003,0.36428571428571394,0.21428571428571433,0.36428571428571394
0.22884615384615378,0.564453125,0.8232421875,0.175,0.0,0.0,0.6250000000000002,0.007142857142857143,0.007142857142857143,0.07142857142857144,0.7750000000000004,0.2,0.0,0.7000000000000003,0.37142857142857105,0.21428571428571433,0.36428571428571394
0.22980769230769227,0.56640625,0.826171875,0.175,0.0,0.0,0.6250000000000002,0.007142857142857143,0.007142857142857143,0.07142857142857144,0.7750000000000004,0.2,0.0,0.7000000000000003,0.37142857142857105,0.21428571428571433,0.37142857142857105
0.2307692307692307,0.568359375,0.82861328125,0.175,0.0,0.0,0.6250000000000002,0.007142857142857143,0.007142857142857143,0.07142857142857144,0.7750000000000004,0.2,0.0,0.7000000000000003,0.37142857142857105,0.21428571428571433,0.37857142857142817
0.23173076923076918,0.57080078125,0.83154296875,0.175,0.0,0.0,0.6250000000000002,0.007142857142857143,0.007142857142857143,0.07857142857142858,0.7750000000000004,0.2,0.0,0.7000000000000003,0.37142857142857105,0.21428571428571433,0.37857142857142817
0.23269230769230762,0.5732421875,0.83447265625,0.175,0.0,0.0,0.6250000000000002,0.007142857142857143,0.007142857142857143,0.07857142857142858,0.7750000000000004,0.2,0.0,0.7000000000000003,0.37857142857142817,0.21428571428571433,0.37857142857142817
0.2336538461538461,0.5751953125,0.8369140625,0.175,0.0,0.0,0.6250000000000002,0.007142857142857143,0.007142857142857143,0.07857142857142858,0.7750000000000004,0.2,0.0,0.7000000000000003,0.37857142857142817,0.21428571428571433,0.3857142857142853
0.23461538461538456,0.57763671875,0.83984375,0.175,0.0,0.0,0.6250000000000002,0.007142857142857143,0.007142857142857143,0.07857142857142858,0.7750000000000004,0.2,0.0,0.7000000000000003,0.3857142857142853,0.21428571428571433,0.3857142857142853
0.23557692307692302,0.580078125,0.84130859375,0.175,0.0,0.0,0.6250000000000002,0.007142857142857143,0.007142857142857143,0.08571428571428573,0.7750000000000004,0.2,0.0,0.7000000000000003,0.3857142857142853,0.21428571428571433,0.3857142857142853
0.23653846153846148,0.58251953125,0.84423828125,0.175,0.0,0.0,0.6250000000000002,0.007142857142857143,0.007142857142857143,0.08571428571428573,0.7750000000000004,0.2,0.0,0.7000000000000003,0.3928571428571424,0.21428571428571433,0.3857142857142853
0.23749999999999993,0.58447265625,0.8466796875,0.175,0.0,0.0,0.6250000000000002,0.007142857142857143,0.007142857142857143,0.08571428571428573,0.7750000000000004,0.2,0.0,0.7000000000000003,0.3928571428571424,0.21428571428571433,0.3928571428571424
0.23846153846153836,0.5869140625,0.85009765625,0.175,0.0,0.0,0.6250000000000002,0.007142857142857143,0.007142857142857143,0.08571428571428573,0.7750000000000004,0.2,0.0,0.7000000000000003,0.3999999999999995,0.21428571428571433,0.3928571428571424
0.23942307692307685,0.5888671875,0.8525390625,0.175,0.0,0.0,0.6250000000000002,0.007142857142857143,0.007142857142857143,0.08571428571428573,0.7750000000000004,0.2,0.0,0.7000000000000003,0.3999999999999995,0.21428571428571433,0.3999999999999995
0.24038461538461528,0.5908203125,0.8564453125,0.175,0.0,0.0,0.6250000000000002,0.007142857142857143,0.007142857142857143,0.08571428571428573,0.7750000000000004,0.2,0.0,0.7000000000000003,0.3999999999999995,0.21428571428571433,0.40714285714285664
0.24134615384615377,0.5927734375,0.85888671875,0.175,0.0,0.0,0.6250000000000002,0.007142857142857143,0.007142857142857143,0.08571428571428573,0.7750000000000004,0.2,0.0,0.7000000000000003,0.3999999999999995,0.21428571428571433,0.41428571428571376
0.24230769230769222,0.59521484375,0.861328125,0.175,0.0,0.0,0.6250000000000002,0.007142857142857143,0.007142857142857143,0.08571428571428573,0.7750000000000004,0.2,0.0,0.7000000000000003,0.40714285714285664,0.21428571428571433,0.41428571428571376
0.24326923076923068,0.59765625,0.86474609375,0.175,0.0,0.0,0.6500000000000002,0.007142857142857143,0.007142857142857143,0.08571428571428573,0.7750000000000004,0.2,0.0,0.7000000000000003,0.40714285714285664,0.21428571428571433,0.41428571428571376
0.2442307692307691,0.60009765625,0.86767578125,0.175,0.0,0.0,0.6500000000000002,0.007142857142857143,0.007142857142857143,0.08571428571428573,0.7750000000000004,0.2,0.0,0.7000000000000003,0.41428571428571376,0.21428571428571433,0.41428571428571376
0.2451923076923076,0.6025390625,0.86962890625,0.19999999999999998,0.0,0.0,0.6500000000000002,0.007142857142857143,0.007142857142857143,0.08571428571428573,0.7750000000000004,0.2,0.0,0.7000000000000003,0.41428571428571376,0.21428571428571433,0.41428571428571376
0.24615384615384606,0.60498046875,0.8720703125,0.22499999999999998,0.0,0.0,0.6500000000000002,0.007142857142857143,0.007142857142857143,0.08571428571428573,0.7750000000000004,0.2,0.0,0.7000000000000003,0.41428571428571376,0.21428571428571433,0.41428571428571376
0.24711538461538454,0.607421875,0.875,0.22499999999999998,0.0,0.0,0.6500000000000002,0.007142857142857143,0.007142857142857143,0.08571428571428573,0.7750000000000004,0.2,0.0,0.7000000000000003,0.41428571428571376,0.22142857142857147,0.41428571428571376
0.24807692307692297,0.60986328125,0.8779296875,0.22499999999999998,0.0,0.0,0.6500000000000002,0.014285714285714285,0.007142857142857143,0.08571428571428573,0.7750000000000004,0.2,0.0,0.7000000000000003,0.41428571428571376,0.22142857142857147,0.41428571428571376
0.24903846153846146,0.6123046875,0.880859375,0.22499999999999998,0.0,0.0,0.6500000000000002,0.02142857142857143,0.007142857142857143,0.08571428571428573,0.7750000000000004,0.2,0.0,0.7000000000000003,0.41428571428571376,0.22142857142857147,0.41428571428571376
0.2499999999999999,0.6142578125,0.8837890625,0.22499999999999998,0.0,0.0,0.6500000000000002,0.02857142857142857,0.007142857142857143,0.08571428571428573,0.7750000000000004,0.2,0.0,0.7000000000000003,0.41428571428571376,0.22142857142857147,0.41428571428571376
0.25096153846153835,0.6162109375,0.88623046875,0.22499999999999998,0.0,0.0,0.6500000000000002,0.02857142857142857,0.007142857142857143,0.08571428571428573,0.7750000000000004,0.2,0.0,0.7000000000000003,0.41428571428571376,0.22857142857142862,0.41428571428571376
0.2519230769230768,0.61865234375,0.88916015625,0.22499999999999998,0.0,0.0,0.6500000000000002,0.03571428571428571,0.007142857142857143,0.08571428571428573,0.7750000000000004,0.2,0.0,0.7000000000000003,0.41428571428571376,0.22857142857142862,0.41428571428571376
0.25288461538461526,0.62060546875,0.89208984375,0.22499999999999998,0.0,0.0,0.6500000000000002,0.03571428571428571,0.007142857142857143,0.08571428571428573,0.7750000000000004,0.2,0.0,0.7000000000000003,0.41428571428571376,0.23571428571428577,0.41428571428571376
0.2538461538461537,0.623046875,0.89404296875,0.22499999999999998,0.0,0.0,0.6500000000000002,0.03571428571428571,0.007142857142857143,0.09285714285714287,0.7750000000000004,0.2,0.0,0.7000000000000003,0.41428571428571376,0.23571428571428577,0.41428571428571376
0.2548076923076922,0.62548828125,0.89697265625,0.22499999999999998,0.0,0.0,0.6500000000000002,0.03571428571428571,0.007142857142857143,0.09285714285714287,0.7750000000000004,0.2,0.0,0.7250000000000003,0.41428571428571376,0.23571428571428577,0.41428571428571376
0.2557692307692307,0.6279296875,0.89990234375,0.22499999999999998,0.0,0.0,0.6500000000000002,0.03571428571428571,0.007142857142857143,0.09285714285714287,0.7750000000000004,0.2,0.0,0.7250000000000003,0.41428571428571376,0.2428571428571429,0.41428571428571376
0.2567307692307691,0.6298828125,0.90234375,0.22499999999999998,0.0,0.0,0.6500000000000002,0.03571428571428571,0.007142857142857143,0.09285714285714287,0.7750000000000004,0.2,0.0,0.7250000000000003,0.41428571428571376,0.25000000000000006,0.41428571428571376
0.2576923076923076,0.63232421875,0.904296875,0.22499999999999998,0.0,0.0,0.6500000000000002,0.04285714285714286,0.007142857142857143,0.09285714285714287,0.7750000000000004,0.2,0.0,0.7250000000000003,0.41428571428571376,0.25000000000000006,0.41428571428571376
0.25865384615384607,0.634765625,0.9072265625,0.22499999999999998,0.0,0.0,0.6500000000000002,0.04285714285714286,0.007142857142857143,0.09285714285714287,0.7750000000000004,0.2,0.0,0.7250000000000003,0.41428571428571376,0.2571428571428572,0.41428571428571376
0.2596153846153845,0.63671875,0.90966796875,0.22499999999999998,0.0,0.0,0.6500000000000002,0.04285714285714286,0.007142857142857143,0.09285714285714287,0.7750000000000004,0.2,0.0,0.7250000000000003,0.41428571428571376,0.2642857142857143,0.41428571428571376
0.260576923076923,0.63916015625,0.912109375,0.22499999999999998,0.0,0.0,0.6500000000000002,0.05,0.007142857142857143,0.09285714285714287,0.7750000000000004,0.2,0.0,0.7250000000000003,0.41428571428571376,0.2642857142857143,0.41428571428571376
0.26153846153846144,0.6416015625,0.91455078125,0.22499999999999998,0.0,0.0,0.6500000000000002,0.05,0.007142857142857143,0.09285714285714287,0.8000000000000004,0.2,0.0,0.7250000000000003,0.41428571428571376,0.2642857142857143,0.41428571428571376
0.2624999999999999,0.64404296875,0.9169921875,0.22499999999999998,0.0,0.0,0.6500000000000002,0.05,0.007142857142857143,0.09285714285714287,0.8000000000000004,0.2,0.0,0.7250000000000003,0.41428571428571376,0.2714285714285714,0.41428571428571376
0.26346153846153836,0.646484375,0.919921875,0.22499999999999998,0.0,0.0,0.6500000000000002,0.05,0.007142857142857143,0.10000000000000002,0.8000000000000004,0.2,0.0,0.7250000000000003,0.41428571428571376,0.2714285714285714,0.41428571428571376
0.2644230769230768,0.64892578125,0.921875,0.22499999999999998,0.0,0.0,0.6500000000000002,0.05,0.007142857142857143,0.10714285714285716,0.8000000000000004,0.2,0.0,0.7250000000000003,0.41428571428571376,0.2714285714285714,0.41428571428571376
0.2653846153846153,0.6513671875,0.92431640625,0.22499999999999998,0.0,0.0,0.6500000000000002,0.05,0.007142857142857143,0.10714285714285716,0.8000000000000004,0.2,0.0,0.7250000000000003,0.41428571428571376,0.2785714285714285,0.41428571428571376
0.2663461538461537,0.6533203125,0.92724609375,0.22499999999999998,0.0,0.0,0.6500000000000002,0.05,0.007142857142857143,0.10714285714285716,0.8000000000000004,0.2,0.0,0.7250000000000003,0.41428571428571376,0.2785714285714285,0.4214285714285709
0.2673076923076922,0.6552734375,0.93017578125,0.22499999999999998,0.0,0.0,0.6500000000000002,0.05,0.007142857142857143,0.10714285714285716,0.8000000000000004,0.2,0.0,0.7250000000000003,0.41428571428571376,0.2785714285714285,0.428571428571428
0.2682692307692306,0.6572265625,0.9326171875,0.22499999999999998,0.0,0.0,0.6500000000000002,0.05,0.007142857142857143,0.10714285714285716,0.8000000000000004,0.2,0.0,0.7250000000000003,0.41428571428571376,0.2785714285714285,0.4357142857142851
0.2692307692307691,0.6591796875,0.935546875,0.22499999999999998,0.0,0.0,0.6500000000000002,0.05,0.007142857142857143,0.10714285714285716,0.8000000000000004,0.2,0.0,0.7250000000000003,0.41428571428571376,0.2785714285714285,0.4428571428571422
0.2701923076923075,0.6611328125,0.9375,0.22499999999999998,0.0,0.0,0.6500000000000002,0.05,0.007142857142857143,0.10714285714285716,0.8000000000000004,0.2,0.0,0.7250000000000003,0.41428571428571376,0.2785714285714285,0.44999999999999934
0.271153846153846,0.66357421875,0.93994140625,0.22499999999999998,0.0,0.0,0.6500000000000002,0.05714285714285715,0.007142857142857143,0.10714285714285716,0.8000000000000004,0.2,0.0,0.7250000000000003,0.41428571428571376,0.2785714285714285,0.44999999999999934
0.2721153846153844,0.666015625,0.9423828125,0.22499999999999998,0.0,0.0,0.6500000000000002,0.05714285714285715,0.007142857142857143,0.10714285714285716,0.8000000000000004,0.2,0.0,0.7250000000000003,0.4214285714285709,0.2785714285714285,0.44999999999999934
0.27307692307692294,0.66845703125,0.9453125,0.22499999999999998,0.0,0.0,0.6500000000000002,0.05714285714285715,0.007142857142857143,0.10714285714285716,0.8000000000000004,0.30000000000000004,0.0,0.7250000000000003,0.4214285714285709,0.2785714285714285,0.44999999999999934
0.2740384615384614,0.6708984375,0.9482421875,0.22499999999999998,0.0,0.0,0.6500000000000002,0.05714285714285715,0.007142857142857143,0.10714285714285716,0.8000000000000004,0.30000000000000004,0.0,0.7250000000000003,0.428571428571428,0.2785714285714285,0.44999999999999934
0.27499999999999986,0.6728515625,0.9501953125,0.22499999999999998,0.0,0.0,0.6500000000000002,0.05714285714285715,0.007142857142857143,0.10714285714285716,0.8000000000000004,0.30000000000000004,0.0,0.7250000000000003,0.4357142857142851,0.2785714285714285,0.44999999999999934
0.2759615384615383,0.67529296875,0.95263671875,0.22499999999999998,0.0,0.0,0.6500000000000002,0.05714285714285715,0.007142857142857143,0.11428571428571431,0.8000000000000004,0.30000000000000004,0.0,0.7250000000000003,0.4357142857142851,0.2785714285714285,0.44999999999999934
0.27692307692307677,0.677734375,0.95556640625,0.22499999999999998,0.0,0.0,0.6500000000000002,0.05714285714285715,0.007142857142857143,0.11428571428571431,0.8000000000000004,0.30000000000000004,0.0,0.7250000000000003,0.4428571428571422,0.2785714285714285,0.44999999999999934
0.2778846153846153,0.6796875,0.9580078125,0.22499999999999998,0.0,0.0,0.6500000000000002,0.05714285714285715,0.007142857142857143,0.11428571428571431,0.8000000000000004,0.30000000000000004,0.0,0.7250000000000003,0.4428571428571422,0.2785714285714285,0.45714285714285646
0.2788461538461537,0.68212890625,0.9609375,0.22499999999999998,0.0,0.0,0.6500000000000002,0.05714285714285715,0.007142857142857143,0.11428571428571431,0.8000000000000004,0.30000000000000004,0.1,0.7250000000000003,0.4428571428571422,0.2785714285714285,0.45714285714285646
0.27980769230769215,0.6845703125,0.9638671875,0.22499999999999998,0.0,0.0,0.6500000000000002,0.05714285714285715,0.007142857142857143,0.11428571428571431,0.8000000000000004,0.30000000000000004,0.1,0.7250000000000003,0.44999999999999934,0.2785714285714285,0.45714285714285646
0.2807692307692306,0.6865234375,0.96533203125,0.22499999999999998,0.0,0.0,0.6500000000000002,0.05714285714285715,0.007142857142857143,0.11428571428571431,0.8000000000000004,0.30000000000000004,0.1,0.7250000000000003,0.44999999999999934,0.2785714285714285,0.4642857142857136
0.28173076923076906,0.6884765625,0.96875,0.22499999999999998,0.0,0.0,0.6500000000000002,0.05714285714285715,0.007142857142857143,0.11428571428571431,0.8000000000000004,0.30000000000000004,0.1,0.7250000000000003,0.44999999999999934,0.2785714285714285,0.4714285714285707
0.2826923076923075,0.6904296875,0.97119140625,0.22499999999999998,0.0,0.0,0.6500000000000002,0.05714285714285715,0.007142857142857143,0.11428571428571431,0.8000000000000004,0.30000000000000004,0.1,0.7250000000000003,0.44999999999999934,0.2785714285714285,0.4785714285714278
0.283653846153846,0.6923828125,0.974609375,0.22499999999999998,0.0,0.0,0.6500000000000002,0.05714285714285715,0.007142857142857143,0.11428571428571431,0.8000000000000004,0.30000000000000004,0.1,0.7250000000000003,0.44999999999999934,0.2785714285714285,0.48571428571428493
0.28461538461538444,0.69482421875,0.97705078125,0.22499999999999998,0.0,0.0,0.6500000000000002,0.05714285714285715,0.007142857142857143,0.11428571428571431,0.8000000000000004,0.30000000000000004,0.1,0.7250000000000003,0.45714285714285646,0.2785714285714285,0.48571428571428493
0.2855769230769229,0.69677734375,0.9794921875,0.22499999999999998,0.0,0.0,0.6500000000000002,0.05714285714285715,0.007142857142857143,0.11428571428571431,0.8000000000000004,0.30000000000000004,0.1,0.7250000000000003,0.45714285714285646,0.2785714285714285,0.49285714285714205
0.28653846153846135,0.69873046875,0.98095703125,0.22499999999999998,0.0,0.0,0.6500000000000002,0.05714285714285715,0.007142857142857143,0.11428571428571431,0.8000000000000004,0.30000000000000004,0.1,0.7250000000000003,0.45714285714285646,0.2785714285714285,0.49999999999999917
0.2874999999999998,0.701171875,0.98388671875,0.22499999999999998,0.0,0.0,0.6500000000000002,0.05714285714285715,0.007142857142857143,0.11428571428571431,0.8000000000000004,0.30000000000000004,0.1,0.7250000000000003,0.4642857142857136,0.2785714285714285,0.49999999999999917
0.28846153846153827,0.703125,0.98681640625,0.22499999999999998,0.0,0.0,0.6500000000000002,0.05714285714285715,0.007142857142857143,0.11428571428571431,0.8000000000000004,0.30000000000000004,0.1,0.7250000000000003,0.4642857142857136,0.2785714285714285,0.5071428571428563
0.2894230769230767,0.705078125,0.98974609375,0.22499999999999998,0.0,0.0,0.6500000000000002,0.05714285714285715,0.007142857142857143,0.11428571428571431,0.8000000000000004,0.30000000000000004,0.1,0.7250000000000003,0.4642857142857136,0.2785714285714285,0.5142857142857135
0.2903846153846152,0.70751953125,0.9912109375,0.22499999999999998,0.0,0.0,0.6500000000000002,0.05714285714285715,0.007142857142857143,0.12142857142857146,0.8000000000000004,0.30000000000000004,0.1,0.7250000000000003,0.4642857142857136,0.2785714285714285,0.5142857142857135
0.2913461538461537,0.7099609375,0.99462890625,0.22499999999999998,0.0,0.0,0.6500000000000002,0.05714285714285715,0.007142857142857143,0.12142857142857146,0.8000000000000004,0.30000000000000004,0.1,0.7250000000000003,0.4714285714285707,0.2785714285714285,0.5142857142857135
0.29230769230769216,0.7119140625,0.99755859375,0.22499999999999998,0.0,0.0,0.6500000000000002,0.05714285714285715,0.007142857142857143,0.12142857142857146,0.8000000000000004,0.30000000000000004,0.1,0.7250000000000003,0.4714285714285707,0.2785714285714285,0.5214285714285706
0.29326923076923056,0.71435546875,1.0009765625,0.22499999999999998,0.0,0.0,0.6500000000000002,0.05714285714285715,0.007142857142857143,0.12142857142857146,0.8000000000000004,0.30000000000000004,0.1,0.7250000000000003,0.4785714285714278,0.2785714285714285,0.5214285714285706
0.294230769230769,0.71630859375,1.0029296875,0.22499999999999998,0.0,0.0,0.6500000000000002,0.05714285714285715,0.007142857142857143,0.12142857142857146,0.8000000000000004,0.30000000000000004,0.1,0.7250000000000003,0.48571428571428493,0.2785714285714285,0.5214285714285706
0.29519230769230753,0.71875,1.0048828125,0.22499999999999998,0.0,0.0,0.6500000000000002,0.05714285714285715,0.007142857142857143,0.12142857142857146,0.8000000000000004,0.30000000000000004,0.1,0.7250000000000003,0.48571428571428493,0.28571428571428564,0.5214285714285706
0.296153846153846,0.720703125,1.0078125,0.22499999999999998,0.0,0.0,0.6500000000000002,0.05714285714285715,0.007142857142857143,0.12142857142857146,0.8000000000000004,0.30000000000000004,0.1,0.7250000000000003,0.48571428571428493,0.29285714285714276,0.5214285714285706
0.2971153846153844,0.72314453125,1.0107421875,0.22499999999999998,0.0,0.0,0.6500000000000002,0.05714285714285715,0.007142857142857143,0.12142857142857146,0.8000000000000004,0.30000000000000004,0.1,0.7250000000000003,0.49285714285714205,0.29285714285714276,0.5214285714285706
0.29807692307692285,0.7255859375,1.013671875,0.22499999999999998,0.0,0.0,0.6500000000000002,0.05714285714285715,0.007142857142857143,0.12142857142857146,0.8000000000000004,0.30000000000000004,0.1,0.7250000000000003,0.49999999999999917,0.29285714285714276,0.5214285714285706
0.29903846153846136,0.7275390625,1.017578125,0.22499999999999998,0.0,0.0,0.6500000000000002,0.05714285714285715,0.007142857142857143,0.12142857142857146,0.8000000000000004,0.30000000000000004,0.1,0.7250000000000003,0.49999999999999917,0.2999999999999999,0.5214285714285706
0.2999999999999998,0.72998046875,1.01953125,0.22499999999999998,0.0,0.0,0.6500000000000002,0.05714285714285715,0.007142857142857143,0.12142857142857146,0.8000000000000004,0.30000000000000004,0.1,0.7250000000000003,0.49999999999999917,0.307142857142857,0.5214285714285706
0.3009615384615383,0.73193359375,1.021484375,0.22499999999999998,0.0,0.0,0.6500000000000002,0.05714285714285715,0.007142857142857143,0.12142857142857146,0.8000000000000004,0.30000000000000004,0.1,0.7250000000000003,0.49999999999999917,0.3142857142857141,0.5214285714285706
0.3019230769230767,0.734375,1.0234375,0.22499999999999998,0.0,0.0,0.6750000000000003,0.05714285714285715,0.007142857142857143,0.12142857142857146,0.8000000000000004,0.30000000000000004,0.1,0.7250000000000003,0.49999999999999917,0.3142857142857141,0.5214285714285706
0.3028846153846152,0.73681640625,1.0263671875,0.22499999999999998,0.0,0.0,0.6750000000000003,0.05714285714285715,0.007142857142857143,0.1285714285714286,0.8000000000000004,0.30000000000000004,0.1,0.7250000000000003,0.49999999999999917,0.3142857142857141,0.5214285714285706
0.30384615384615365,0.7392578125,1.029296875,0.22499999999999998,0.0,0.0,0.6750000000000003,0.05714285714285715,0.007142857142857143,0.1285714285714286,0.8250000000000004,0.30000000000000004,0.1,0.7250000000000003,0.49999999999999917,0.3142857142857141,0.5214285714285706
0.3048076923076921,0.74169921875,1.0322265625,0.22499999999999998,0.0,0.0,0.6750000000000003,0.05714285714285715,0.007142857142857143,0.1285714285714286,0.8250000000000004,0.30000000000000004,0.1,0.7250000000000003,0.5071428571428563,0.3142857142857141,0.5214285714285706
0.3057692307692305,0.744140625,1.0341796875,0.22499999999999998,0.0,0.0,0.6750000000000003,0.05714285714285715,0.007142857142857143,0.1285714285714286,0.8250000000000004,0.30000000000000004,0.1,0.7250000000000003,0.5142857142857135,0.3142857142857141,0.5214285714285706
0.30673076923076903,0.74658203125,1.037109375,0.22499999999999998,0.0,0.0,0.6750000000000003,0.05714285714285715,0.007142857142857143,0.1285714285714286,0.8250000000000004,0.30000000000000004,0.1,0.7250000000000003,0.5214285714285706,0.3142857142857141,0.5214285714285706
0.3076923076923075,0.74853515625,1.0400390625,0.22499999999999998,0.0,0.0,0.6750000000000003,0.05714285714285715,0.007142857142857143,0.1285714285714286,0.8250000000000004,0.30000000000000004,0.1,0.7250000000000003,0.5285714285714277,0.3142857142857141,0.5214285714285706
0.30865384615384595,0.7509765625,1.04296875,0.22499999999999998,0.0,0.0,0.6750000000000003,0.05714285714285715,0.007142857142857143,0.1285714285714286,0.8250000000000004,0.30000000000000004,0.1,0.7250000000000003,0.5357142857142848,0.3142857142857141,0.5214285714285706
0.30961538461538435,0.75341796875,1.044921875,0.22499999999999998,0.0,0.0,0.6750000000000003,0.05714285714285715,0.007142857142857143,0.1285714285714286,0.8250000000000004,0.30000000000000004,0.1,0.7250000000000003,0.5428571428571419,0.3142857142857141,0.5214285714285706
0.31057692307692286,0.75537109375,1.048828125,0.22499999999999998,0.0,0.0,0.6750000000000003,0.05714285714285715,0.007142857142857143,0.1285714285714286,0.8250000000000004,0.30000000000000004,0.1,0.7250000000000003,0.5428571428571419,0.3142857142857141,0.5285714285714277
0.3115384615384613,0.75732421875,1.05078125,0.22499999999999998,0.0,0.0,0.6750000000000003,0.05714285714285715,0.007142857142857143,0.1285714285714286,0.8250000000000004,0.30000000000000004,0.1,0.7250000000000003,0.5428571428571419,0.3142857142857141,0.5357142857142848
0.3124999999999997,0.759765625,1.052734375,0.22499999999999998,0.0,0.0,0.6750000000000003,0.05714285714285715,0.007142857142857143,0.1285714285714286,0.8250000000000004,0.30000000000000004,0.1,0.7250000000000003,0.549999999999999,0.3142857142857141,0.5357142857142848
0.3134615384615382,0.76220703125,1.0556640625,0.22499999999999998,0.0,0.0,0.6750000000000003,0.05714285714285715,0.007142857142857143,0.1285714285714286,0.8250000000000004,0.30000000000000004,0.1,0.7250000000000003,0.549999999999999,0.32142857142857123,0.5357142857142848
0.3144230769230767,0.76416015625,1.05859375,0.22499999999999998,0.0,0.0,0.6750000000000003,0.05714285714285715,0.007142857142857143,0.1285714285714286,0.8250000000000004,0.30000000000000004,0.1,0.7250000000000003,0.549999999999999,0.32857142857142835,0.5357142857142848
0.3153846153846151,0.76611328125,1.060546875,0.22499999999999998,0.0,0.0,0.6750000000000003,0.05714285714285715,0.007142857142857143,0.1285714285714286,0.8250000000000004,0.30000000000000004,0.1,0.7250000000000003,0.549999999999999,0.33571428571428547,0.5357142857142848
0.31634615384615355,0.7685546875,1.0634765625,0.22499999999999998,0.0,0.0,0.6750000000000003,0.05714285714285715,0.007142857142857143,0.1285714285714286,0.8250000000000004,0.30000000000000004,0.1,0.7250000000000003,0.549999999999999,0.3428571428571426,0.5357142857142848
0.317307692307692,0.7705078125,1.06640625,0.22499999999999998,0.0,0.0,0.6750000000000003,0.05714285714285715,0.007142857142857143,0.1285714285714286,0.8250000000000004,0.30000000000000004,0.1,0.7250000000000003,0.549999999999999,0.3499999999999997,0.5357142857142848
0.3182692307692305,0.77294921875,1.0693359375,0.22499999999999998,0.0,0.0,0.6750000000000003,0.05714285714285715,0.007142857142857143,0.1285714285714286,0.8250000000000004,0.30000000000000004,0.1,0.7250000000000003,0.549999999999999,0.3571428571428568,0.5357142857142848
0.31923076923076893,0.77490234375,1.0712890625,0.22499999999999998,0.0,0.0,0.6750000000000003,0.05714285714285715,0.007142857142857143,0.1285714285714286,0.8250000000000004,0.30000000000000004,0.1,0.7250000000000003,0.549999999999999,0.36428571428571394,0.5357142857142848
0.3201923076923074,0.77734375,1.07421875,0.24999999999999997,0.0,0.0,0.6750000000000003,0.05714285714285715,0.007142857142857143,0.1285714285714286,0.8250000000000004,0.30000000000000004,0.1,0.7250000000000003,0.549999999999999,0.36428571428571394,0.5357142857142848
0.32115384615384585,0.77978515625,1.0771484375,0.24999999999999997,0.0,0.0,0.6750000000000003,0.05714285714285715,0.007142857142857143,0.1285714285714286,0.8250000000000004,0.30000000000000004,0.1,0.7250000000000003,0.549999999999999,0.37142857142857105,0.5357142857142848
0.32211538461538436,0.78173828125,1.080078125,0.24999999999999997,0.0,0.0,0.6750000000000003,0.05714285714285715,0.007142857142857143,0.1285714285714286,0.8250000000000004,0.30000000000000004,0.1,0.7250000000000003,0.549999999999999,0.37857142857142817,0.5357142857142848
0.3230769230769228,0.7841796875,1.0830078125,0.24999999999999997,0.0,0.0,0.6750000000000003,0.05714285714285715,0.007142857142857143,0.13571428571428573,0.8250000000000004,0.30000000000000004,0.1,0.7250000000000003,0.549999999999999,0.37857142857142817,0.5357142857142848
0.3240384615384613,0.78662109375,1.0859375,0.24999999999999997,0.0,0.0,0.6750000000000003,0.05714285714285715,0.007142857142857143,0.13571428571428573,0.8250000000000004,0.30000000000000004,0.1,0.7250000000000003,0.549999999999999,0.3857142857142853,0.5357142857142848
0.3249999999999997,0.78857421875,1.087890625,0.24999999999999997,0.0,0.0,0.6750000000000003,0.05714285714285715,0.007142857142857143,0.13571428571428573,0.8250000000000004,0.30000000000000004,0.1,0.7250000000000003,0.549999999999999,0.3857142857142853,0.5428571428571419
0.3259615384615382,0.79052734375,1.0908203125,0.24999999999999997,0.0,0.0,0.6750000000000003,0.05714285714285715,0.007142857142857143,0.13571428571428573,0.8250000000000004,0.30000000000000004,0.1,0.7250000000000003,0.549999999999999,0.3857142857142853,0.549999999999999
0.32692307692307665,0.79248046875,1.09375,0.24999999999999997,0.0,0.0,0.6750000000000003,0.05714285714285715,0.007142857142857143,0.13571428571428573,0.8250000000000004,0.30000000000000004,0.1,0.7250000000000003,0.549999999999999,0.3857142857142853,0.5571428571428562
0.3278846153846151,0.794921875,1.095703125,0.24999999999999997,0.0,0.0,0.6750000000000003,0.05714285714285715,0.007142857142857143,0.14285714285714288,0.8250000000000004,0.30000000000000004,0.1,0.7250000000000003,0.549999999999999,0.3857142857142853,0.5571428571428562
0.3288461538461536,0.79736328125,1.0986328125,0.24999999999999997,0.0,0.0,0.6750000000000003,0.05714285714285715,0.007142857142857143,0.15000000000000002,0.8250000000000004,0.30000000000000004,0.1,0.7250000000000003,0.549999999999999,0.3857142857142853,0.5571428571428562
0.329807692307692,0.7998046875,1.1005859375,0.24999999999999997,0.0,0.0,0.6750000000000003,0.05714285714285715,0.007142857142857143,0.15000000000000002,0.8250000000000004,0.30000000000000004,0.1,0.7250000000000003,0.549999999999999,0.3928571428571424,0.5571428571428562
0.33076923076923054,0.8017578125,1.1025390625,0.24999999999999997,0.0,0.0,0.6750000000000003,0.05714285714285715,0.007142857142857143,0.15000000000000002,0.8250000000000004,0.30000000000000004,0.1,0.7250000000000003,0.549999999999999,0.3999999999999995,0.5571428571428562
0.33173076923076894,0.80419921875,1.1064453125,0.24999999999999997,0.0,0.0,0.6750000000000003,0.05714285714285715,0.007142857142857143,0.15000000000000002,0.8250000000000004,0.30000000000000004,0.1,0.7250000000000003,0.549999999999999,0.40714285714285664,0.5571428571428562
0.33269230769230745,0.80615234375,1.109375,0.24999999999999997,0.0,0.0,0.6750000000000003,0.05714285714285715,0.007142857142857143,0.15000000000000002,0.8250000000000004,0.30000000000000004,0.1,0.7250000000000003,0.549999999999999,0.40714285714285664,0.5642857142857133
0.3336538461538459,0.80810546875,1.111328125,0.24999999999999997,0.0,0.0,0.6750000000000003,0.05714285714285715,0.007142857142857143,0.15000000000000002,0.8250000000000004,0.30000000000000004,0.1,0.7250000000000003,0.549999999999999,0.40714285714285664,0.5714285714285704
0.3346153846153843,0.81005859375,1.1162109375,0.24999999999999997,0.0,0.0,0.6750000000000003,0.05714285714285715,0.007142857142857143,0.15000000000000002,0.8250000000000004,0.30000000000000004,0.1,0.7250000000000003,0.549999999999999,0.40714285714285664,0.5785714285714275
0.3355769230769228,0.8125,1.1162109375,0.24999999999999997,0.0,0.0,0.6750000000000003,0.0642857142857143,0.007142857142857143,0.15000000000000002,0.8250000000000004,0.30000000000000004,0.1,0.7250000000000003,0.549999999999999,0.40714285714285664,0.5785714285714275
0.3365384615384612,0.81494140625,1.119140625,0.24999999999999997,0.0,0.0,0.6750000000000003,0.07142857142857144,0.007142857142857143,0.15000000000000002,0.8250000000000004,0.30000000000000004,0.1,0.7250000000000003,0.549999999999999,0.40714285714285664,0.5785714285714275
0.3374999999999997,0.81689453125,1.1220703125,0.24999999999999997,0.0,0.0,0.6750000000000003,0.07142857142857144,0.007142857142857143,0.15000000000000002,0.8250000000000004,0.30000000000000004,0.1,0.7250000000000003,0.549999999999999,0.40714285714285664,0.5857142857142846
0.33846153846153815,0.8193359375,1.125,0.24999999999999997,0.0,0.0,0.6750000000000003,0.07142857142857144,0.007142857142857143,0.15000000000000002,0.8250000000000004,0.4,0.1,0.7250000000000003,0.549999999999999,0.40714285714285664,0.5857142857142846
0.3394230769230766,0.82177734375,1.1279296875,0.24999999999999997,0.0,0.0,0.6750000000000003,0.07142857142857144,0.007142857142857143,0.15000000000000002,0.8250000000000004,0.4,0.1,0.7250000000000003,0.549999999999999,0.41428571428571376,0.5857142857142846
0.3403846153846151,0.82421875,1.130859375,0.24999999999999997,0.0,0.0,0.6750000000000003,0.07857142857142858,0.007142857142857143,0.15000000000000002,0.8250000000000004,0.4,0.1,0.7250000000000003,0.549999999999999,0.41428571428571376,0.5857142857142846
0.3413461538461536,0.82666015625,1.1318359375,0.24999999999999997,0.0,0.0,0.6750000000000003,0.07857142857142858,0.007142857142857143,0.15714285714285717,0.8250000000000004,0.4,0.1,0.7250000000000003,0.549999999999999,0.41428571428571376,0.5857142857142846
0.342307692307692,0.8291015625,1.134765625,0.24999999999999997,0.0,0.0,0.6750000000000003,0.07857142857142858,0.007142857142857143,0.15714285714285717,0.8250000000000004,0.4,0.1,0.7250000000000003,0.5571428571428562,0.41428571428571376,0.5857142857142846
0.34326923076923044,0.83154296875,1.1376953125,0.24999999999999997,0.0,0.0,0.6750000000000003,0.07857142857142858,0.007142857142857143,0.15714285714285717,0.8250000000000004,0.4,0.1,0.7250000000000003,0.5642857142857133,0.41428571428571376,0.5857142857142846
0.34423076923076895,0.833984375,1.140625,0.24999999999999997,0.0,0.0,0.6750000000000003,0.07857142857142858,0.007142857142857143,0.1642857142857143,0.8250000000000004,0.4,0.1,0.7250000000000003,0.5642857142857133,0.41428571428571376,0.5857142857142846
0.34519230769230735,0.83642578125,1.1435546875,0.24999999999999997,0.0,0.0,0.6750000000000003,0.07857142857142858,0.007142857142857143,0.1642857142857143,0.8250000000000004,0.4,0.1,0.7250000000000003,0.5642857142857133,0.4214285714285709,0.5857142857142846
0.34615384615384587,0.83837890625,1.146484375,0.24999999999999997,0.0,0.0,0.6750000000000003,0.07857142857142858,0.007142857142857143,0.1642857142857143,0.8250000000000004,0.4,0.1,0.7250000000000003,0.5642857142857133,0.428571428571428,0.5857142857142846
0.34711538461538427,0.8408203125,1.1474609375,0.24999999999999997,0.0,0.0,0.6750000000000003,0.07857142857142858,0.007142857142857143,0.17142857142857146,0.8250000000000004,0.4,0.1,0.7250000000000003,0.5642857142857133,0.428571428571428,0.5857142857142846
0.3480769230769228,0.84326171875,1.150390625,0.24999999999999997,0.0,0.0,0.6750000000000003,0.07857142857142858,0.007142857142857143,0.17142857142857146,0.8250000000000004,0.4,0.1,0.7250000000000003,0.5642857142857133,0.4357142857142851,0.5857142857142846
0.34903846153846124,0.845703125,1.1533203125,0.24999999999999997,0.0,0.0,0.6750000000000003,0.07857142857142858,0.007142857142857143,0.17142857142857146,0.8250000000000004,0.4,0.1,0.7500000000000003,0.5642857142857133,0.4357142857142851,0.5857142857142846
0.34999999999999964,0.84814453125,1.1552734375,0.24999999999999997,0.0,0.0,0.6750000000000003,0.07857142857142858,0.007142857142857143,0.17142857142857146,0.8250000000000004,0.4,0.1,0.7500000000000003,0.5642857142857133,0.4428571428571422,0.5857142857142846
0.3509615384615381,0.85009765625,1.158203125,0.24999999999999997,0.0,0.0,0.6750000000000003,0.07857142857142858,0.007142857142857143,0.17142857142857146,0.8250000000000004,0.4,0.1,0.7500000000000003,0.5642857142857133,0.4428571428571422,0.5928571428571418
0.3519230769230766,0.8525390625,1.1611328125,0.24999999999999997,0.0,0.0,0.6750000000000003,0.07857142857142858,0.007142857142857143,0.17142857142857146,0.8250000000000004,0.4,0.1,0.7500000000000003,0.5642857142857133,0.44999999999999934,0.5928571428571418
0.352884615384615,0.8544921875,1.162109375,0.24999999999999997,0.0,0.0,0.6750000000000003,0.07857142857142858,0.007142857142857143,0.17142857142857146,0.8250000000000004,0.4,0.1,0.7500000000000003,0.5642857142857133,0.44999999999999934,0.5999999999999989
0.3538461538461535,0.8564453125,1.1650390625,0.24999999999999997,0.0,0.0,0.6750000000000003,0.07857142857142858,0.007142857142857143,0.17142857142857146,0.8250000000000004,0.4,0.1,0.7500000000000003,0.5642857142857133,0.44999999999999934,0.607142857142856
0.35480769230769194,0.8583984375,1.16796875,0.24999999999999997,0.0,0.0,0.6750000000000003,0.07857142857142858,0.007142857142857143,0.17142857142857146,0.8250000000000004,0.4,0.1,0.7500000000000003,0.5642857142857133,0.44999999999999934,0.6142857142857131
0.35576923076923045,0.86083984375,1.169921875,0.24999999999999997,0.0,0.0,0.6750000000000003,0.07857142857142858,0.007142857142857143,0.17142857142857146,0.8250000000000004,0.4,0.1,0.7500000000000003,0.5642857142857133,0.45714285714285646,0.6142857142857131
0.3567307692307689,0.86279296875,1.173828125,0.24999999999999997,0.0,0.0,0.6750000000000003,0.07857142857142858,0.007142857142857143,0.17142857142857146,0.8250000000000004,0.4,0.1,0.7500000000000003,0.5642857142857133,0.45714285714285646,0.6214285714285702
0.3576923076923073,0.86474609375,1.1748046875,0.24999999999999997,0.0,0.0,0.6750000000000003,0.07857142857142858,0.007142857142857143,0.17142857142857146,0.8250000000000004,0.4,0.1,0.7500000000000003,0.5642857142857133,0.45714285714285646,0.6285714285714273
0.35865384615384577,0.8671875,1.1767578125,0.24999999999999997,0.0,0.0,0.6750000000000003,0.07857142857142858,0.007142857142857143,0.17142857142857146,0.8250000000000004,0.4,0.1,0.7500000000000003,0.5642857142857133,0.4642857142857136,0.6285714285714273
0.3596153846153843,0.869140625,1.1806640625,0.24999999999999997,0.0,0.0,0.6750000000000003,0.07857142857142858,0.007142857142857143,0.17142857142857146,0.8250000000000004,0.4,0.1,0.7500000000000003,0.5642857142857133,0.4642857142857136,0.6357142857142845
0.36057692307692274,0.87158203125,1.18359375,0.24999999999999997,0.0,0.0,0.6750000000000003,0.07857142857142858,0.007142857142857143,0.17142857142857146,0.8250000000000004,0.4,0.1,0.7500000000000003,0.5642857142857133,0.4714285714285707,0.6357142857142845
0.36153846153846114,0.87353515625,1.1865234375,0.24999999999999997,0.0,0.0,0.6750000000000003,0.07857142857142858,0.007142857142857143,0.17142857142857146,0.8250000000000004,0.4,0.1,0.7500000000000003,0.5642857142857133,0.4785714285714278,0.6357142857142845
0.3624999999999996,0.8759765625,1.1875,0.24999999999999997,0.0,0.0,0.6750000000000003,0.07857142857142858,0.007142857142857143,0.17142857142857146,0.8250000000000004,0.4,0.1,0.7500000000000003,0.5642857142857133,0.48571428571428493,0.6357142857142845
0.3634615384615381,0.87841796875,1.1904296875,0.24999999999999997,0.0,0.0,0.6750000000000003,0.07857142857142858,0.007142857142857143,0.17142857142857146,0.8250000000000004,0.4,0.1,0.7500000000000003,0.5714285714285704,0.48571428571428493,0.6357142857142845
0.36442307692307657,0.88037109375,1.193359375,0.24999999999999997,0.0,0.0,0.6750000000000003,0.07857142857142858,0.007142857142857143,0.17142857142857146,0.8250000000000004,0.4,0.1,0.7500000000000003,0.5785714285714275,0.48571428571428493,0.6357142857142845
0.36538461538461503,0.8828125,1.1962890625,0.24999999999999997,0.0,0.0,0.6750000000000003,0.07857142857142858,0.007142857142857143,0.17142857142857146,0.8250000000000004,0.4,0.1,0.7500000000000003,0.5857142857142846,0.48571428571428493,0.6357142857142845
0.36634615384615343,0.884765625,1.19921875,0.24999999999999997,0.0,0.0,0.6750000000000003,0.07857142857142858,0.007142857142857143,0.17142857142857146,0.8250000000000004,0.4,0.1,0.7500000000000003,0.5928571428571418,0.48571428571428493,0.6357142857142845
0.36730769230769195,0.88720703125,1.19921875,0.27499999999999997,0.0,0.0,0.6750000000000003,0.07857142857142858,0.007142857142857143,0.17142857142857146,0.8250000000000004,0.4,0.1,0.7500000000000003,0.5928571428571418,0.48571428571428493,0.6357142857142845
0.3682692307692304,0.8896484375,1.2021484375,0.27499999999999997,0.0,0.0,0.6750000000000003,0.07857142857142858,0.007142857142857143,0.17142857142857146,0.8250000000000004,0.4,0.1,0.7500000000000003,0.5928571428571418,0.48571428571428493,0.6428571428571416
0.36923076923076886,0.8916015625,1.205078125,0.27499999999999997,0.0,0.0,0.6750000000000003,0.07857142857142858,0.007142857142857143,0.17142857142857146,0.8250000000000004,0.4,0.1,0.7500000000000003,0.5928571428571418,0.48571428571428493,0.6499999999999987
0.37019230769230727,0.8935546875,1.2080078125,0.27499999999999997,0.0,0.0,0.6750000000000003,0.07857142857142858,0.007142857142857143,0.17142857142857146,0.8250000000000004,0.4,0.1,0.7500000000000003,0.5928571428571418,0.48571428571428493,0.6571428571428558
0.3711538461538458,0.89599609375,1.2109375,0.27499999999999997,0.0,0.0,0.6750000000000003,0.07857142857142858,0.007142857142857143,0.1785714285714286,0.8250000000000004,0.4,0.1,0.7500000000000003,0.5928571428571418,0.48571428571428493,0.6571428571428558
0.37211538461538424,0.8984375,1.2138671875,0.27499999999999997,0.0,0.0,0.6750000000000003,0.07857142857142858,0.007142857142857143,0.18571428571428575,0.8250000000000004,0.4,0.1,0.7500000000000003,0.5928571428571418,0.48571428571428493,0.6571428571428558
0.3730769230769227,0.900390625,1.21484375,0.27499999999999997,0.0,0.0,0.6750000000000003,0.07857142857142858,0.007142857142857143,0.18571428571428575,0.8250000000000004,0.4,0.1,0.7500000000000003,0.5928571428571418,0.48571428571428493,0.6642857142857129
0.3740384615384612,0.90283203125,1.2177734375,0.27499999999999997,0.0,0.0,0.6750000000000003,0.07857142857142858,0.014285714285714285,0.18571428571428575,0.8250000000000004,0.4,0.1,0.7500000000000003,0.5928571428571418,0.48571428571428493,0.6642857142857129
0.3749999999999996,0.90478515625,1.220703125,0.27499999999999997,0.0,0.0,0.6750000000000003,0.07857142857142858,0.02142857142857143,0.18571428571428575,0.8250000000000004,0.4,0.1,0.7500000000000003,0.5928571428571418,0.48571428571428493,0.6642857142857129
0.37596153846153807,0.9072265625,1.2236328125,0.27499999999999997,0.0,0.0,0.6750000000000003,0.08571428571428573,0.02142857142857143,0.18571428571428575,0.8250000000000004,0.4,0.1,0.7500000000000003,0.5928571428571418,0.48571428571428493,0.6642857142857129
0.3769230769230765,0.90966796875,1.2255859375,0.27499999999999997,0.0,0.0,0.6750000000000003,0.09285714285714287,0.02142857142857143,0.18571428571428575,0.8250000000000004,0.4,0.1,0.7500000000000003,0.5928571428571418,0.48571428571428493,0.6642857142857129
0.37788461538461504,0.91162109375,1.2294921875,0.27499999999999997,0.0,0.0,0.6750000000000003,0.09285714285714287,0.02857142857142857,0.18571428571428575,0.8250000000000004,0.4,0.1,0.7500000000000003,0.5928571428571418,0.48571428571428493,0.6642857142857129
0.3788461538461535,0.9140625,1.2294921875,0.27499999999999997,0.0,0.0,0.6750000000000003,0.09285714285714287,0.03571428571428571,0.18571428571428575,0.8250000000000004,0.4,0.1,0.7500000000000003,0.5928571428571418,0.48571428571428493,0.6642857142857129
0.3798076923076919,0.916015625,1.232421875,0.27499999999999997,0.0,0.0,0.6750000000000003,0.09285714285714287,0.03571428571428571,0.18571428571428575,0.8250000000000004,0.4,0.1,0.7500000000000003,0.5928571428571418,0.48571428571428493,0.67142857142857
0.38076923076923036,0.91845703125,1.2353515625,0.27499999999999997,0.0,0.0,0.6750000000000003,0.09285714285714287,0.04285714285714286,0.18571428571428575,0.8250000000000004,0.4,0.1,0.7500000000000003,0.5928571428571418,0.48571428571428493,0.67142857142857
0.3817307692307689,0.9208984375,1.23828125,0.27499999999999997,0.0,0.0,0.6750000000000003,0.09285714285714287,0.04285714285714286,0.18571428571428575,0.8250000000000004,0.4,0.1,0.7500000000000003,0.5999999999999989,0.48571428571428493,0.67142857142857
0.3826923076923073,0.9228515625,1.2412109375,0.27499999999999997,0.0,0.0,0.6750000000000003,0.09285714285714287,0.04285714285714286,0.18571428571428575,0.8250000000000004,0.4,0.1,0.7500000000000003,0.5999999999999989,0.48571428571428493,0.6785714285714272
0.38365384615384573,0.92529296875,1.2421875,0.27499999999999997,0.0,0.0,0.6750000000000003,0.09285714285714287,0.04285714285714286,0.18571428571428575,0.8250000000000004,0.4,0.1,0.7500000000000003,0.607142857142856,0.48571428571428493,0.6785714285714272
0.3846153846153842,0.92724609375,1.2451171875,0.27499999999999997,0.0,0.0,0.6750000000000003,0.09285714285714287,0.04285714285714286,0.18571428571428575,0.8250000000000004,0.4,0.1,0.7500000000000003,0.6142857142857131,0.48571428571428493,0.6785714285714272
0.3855769230769227,0.9296875,1.248046875,0.27499999999999997,0.0,0.0,0.6750000000000003,0.09285714285714287,0.05,0.18571428571428575,0.8250000000000004,0.4,0.1,0.7500000000000003,0.6142857142857131,0.48571428571428493,0.6785714285714272
0.38653846153846116,0.93212890625,1.2509765625,0.27499999999999997,0.0,0.0,0.6750000000000003,0.09285714285714287,0.05,0.18571428571428575,0.8250000000000004,0.4,0.1,0.7500000000000003,0.6214285714285702,0.48571428571428493,0.6785714285714272
0.3874999999999996,0.9345703125,1.25390625,0.27499999999999997,0.0,0.0,0.6750000000000003,0.09285714285714287,0.05714285714285715,0.18571428571428575,0.8250000000000004,0.4,0.1,0.7500000000000003,0.6214285714285702,0.48571428571428493,0.6785714285714272
0.388461538461538,0.93701171875,1.2548828125,0.27499999999999997,0.0,0.0,0.6750000000000003,0.09285714285714287,0.05714285714285715,0.18571428571428575,0.8250000000000004,0.4,0.1,0.7500000000000003,0.6285714285714273,0.48571428571428493,0.6785714285714272
0.38942307692307654,0.93896484375,1.2578125,0.27499999999999997,0.0,0.0,0.6750000000000003,0.09285714285714287,0.05714285714285715,0.18571428571428575,0.8250000000000004,0.4,0.1,0.7500000000000003,0.6285714285714273,0.48571428571428493,0.6857142857142843
0.390384615384615,0.94140625,1.2607421875,0.27499999999999997,0.0,0.0,0.6750000000000003,0.09285714285714287,0.05714285714285715,0.18571428571428575,0.8250000000000004,0.4,0.1,0.7500000000000003,0.6357142857142845,0.48571428571428493,0.6857142857142843
0.39134615384615346,0.94384765625,1.2626953125,0.27499999999999997,0.0,0.0,0.7000000000000003,0.09285714285714287,0.05714285714285715,0.18571428571428575,0.8250000000000004,0.4,0.1,0.7500000000000003,0.6357142857142845,0.48571428571428493,0.6857142857142843
0.39230769230769186,0.9462890625,1.265625,0.27499999999999997,0.0,0.0,0.7000000000000003,0.09285714285714287,0.05714285714285715,0.18571428571428575,0.8500000000000004,0.4,0.1,0.7500000000000003,0.6357142857142845,0.48571428571428493,0.6857142857142843
0.39326923076923037,0.94873046875,1.2666015625,0.27499999999999997,0.0,0.0,0.7000000000000003,0.09285714285714287,0.05714285714285715,0.1928571428571429,0.8500000000000004,0.4,0.1,0.7500000000000003,0.6357142857142845,0.48571428571428493,0.6857142857142843
0.39423076923076883,0.951171875,1.26953125,0.27499999999999997,0.0,0.0,0.7000000000000003,0.09285714285714287,0.05714285714285715,0.1928571428571429,0.8500000000000004,0.4,0.1,0.7500000000000003,0.6428571428571416,0.48571428571428493,0.6857142857142843
0.3951923076923073,0.95361328125,1.2724609375,0.27499999999999997,0.0,0.0,0.7000000000000003,0.09285714285714287,0.05714285714285715,0.1928571428571429,0.8500000000000004,0.4,0.1,0.7500000000000003,0.6499999999999987,0.48571428571428493,0.6857142857142843
0.39615384615384575,0.95556640625,1.275390625,0.27499999999999997,0.0,0.0,0.7000000000000003,0.09285714285714287,0.05714285714285715,0.1928571428571429,0.8500000000000004,0.4,0.1,0.7500000000000003,0.6571428571428558,0.48571428571428493,0.6857142857142843
0.3971153846153842,0.95751953125,1.2783203125,0.27499999999999997,0.0,0.0,0.7000000000000003,0.09285714285714287,0.05714285714285715,0.1928571428571429,0.8500000000000004,0.4,0.1,0.7500000000000003,0.6571428571428558,0.48571428571428493,0.6928571428571414
0.39807692307692266,0.95947265625,1.28125,0.27499999999999997,0.0,0.0,0.7000000000000003,0.09285714285714287,0.05714285714285715,0.1928571428571429,0.8500000000000004,0.4,0.1,0.7500000000000003,0.6571428571428558,0.48571428571428493,0.6999999999999985
0.3990384615384611,0.9619140625,1.2822265625,0.27499999999999997,0.0,0.0,0.7000000000000003,0.09285714285714287,0.05714285714285715,0.1928571428571429,0.8500000000000004,0.4,0.1,0.7500000000000003,0.6571428571428558,0.48571428571428493,0.7071428571428556
0.3999999999999995,0.9638671875,1.28515625,0.27499999999999997,0.0,0.0,0.7000000000000003,0.09285714285714287,0.05714285714285715,0.1928571428571429,0.8500000000000004,0.4,0.1,0.7500000000000003,0.6571428571428558,0.48571428571428493,0.7142857142857127
0.40096153846153804,0.96630859375,1.2880859375,0.3,0.0,0.0,0.7000000000000003,0.09285714285714287,0.05714285714285715,0.1928571428571429,0.8500000000000004,0.4,0.1,0.7500000000000003,0.6571428571428558,0.48571428571428493,0.7142857142857127
0.4019230769230765,0.96875,1.2900390625,0.3,0.0,0.0,0.7000000000000003,0.09285714285714287,0.05714285714285715,0.1928571428571429,0.8500000000000004,0.4,0.1,0.7500000000000003,0.6571428571428558,0.48571428571428493,0.7214285714285699
0.4028846153846149,0.970703125,1.29296875,0.3,0.0,0.0,0.7000000000000003,0.09285714285714287,0.05714285714285715,0.1928571428571429,0.8500000000000004,0.4,0.1,0.7500000000000003,0.6571428571428558,0.48571428571428493,0.728571428571427
0.4038461538461534,0.97314453125,1.294921875,0.3,0.0,0.0,0.7000000000000003,0.09285714285714287,0.05714285714285715,0.1928571428571429,0.8500000000000004,0.4,0.1,0.7500000000000003,0.6642857142857129,0.48571428571428493,0.728571428571427
0.40480769230769187,0.9755859375,1.2958984375,0.3,0.0,0.0,0.7000000000000003,0.09285714285714287,0.05714285714285715,0.20000000000000004,0.8500000000000004,0.4,0.1,0.7500000000000003,0.6642857142857129,0.48571428571428493,0.728571428571427
0.4057692307692303,0.97802734375,1.2998046875,0.3,0.0,0.0,0.7000000000000003,0.09285714285714287,0.05714285714285715,0.20714285714285718,0.8500000000000004,0.4,0.1,0.7500000000000003,0.6642857142857129,0.48571428571428493,0.728571428571427
0.4067307692307688,0.98046875,1.302734375,0.3,0.0,0.0,0.7000000000000003,0.09285714285714287,0.05714285714285715,0.20714285714285718,0.8500000000000004,0.4,0.1,0.7500000000000003,0.6642857142857129,0.49285714285714205,0.728571428571427
0.4076923076923072,0.982421875,1.3056640625,0.3,0.0,0.0,0.7000000000000003,0.09285714285714287,0.05714285714285715,0.20714285714285718,0.8500000000000004,0.4,0.1,0.7500000000000003,0.6642857142857129,0.49999999999999917,0.728571428571427
0.4086538461538456,0.98486328125,1.30859375,0.3,0.0,0.0,0.7000000000000003,0.09285714285714287,0.05714285714285715,0.21428571428571433,0.8500000000000004,0.4,0.1,0.7500000000000003,0.6642857142857129,0.49999999999999917,0.728571428571427
0.40961538461538416,0.9873046875,1.3095703125,0.3,0.0,0.0,0.7000000000000003,0.09285714285714287,0.05714285714285715,0.21428571428571433,0.8500000000000004,0.4,0.1,0.7500000000000003,0.6642857142857129,0.5071428571428563,0.728571428571427
0.41057692307692256,0.9892578125,1.3125,0.3,0.0,0.0,0.7000000000000003,0.09285714285714287,0.05714285714285715,0.21428571428571433,0.8500000000000004,0.4,0.1,0.7500000000000003,0.6642857142857129,0.5142857142857135,0.728571428571427
0.4115384615384611,0.99169921875,1.3154296875,0.3,0.0,0.0,0.7000000000000003,0.09285714285714287,0.05714285714285715,0.21428571428571433,0.8500000000000004,0.4,0.1,0.7500000000000003,0.6642857142857129,0.5214285714285706,0.728571428571427
0.41249999999999953,0.99365234375,1.318359375,0.3,0.0,0.0,0.7000000000000003,0.09285714285714287,0.05714285714285715,0.21428571428571433,0.8500000000000004,0.4,0.1,0.7500000000000003,0.6642857142857129,0.5285714285714277,0.728571428571427
0.413461538461538,0.99560546875,1.3193359375,0.3,0.0,0.0,0.7000000000000003,0.09285714285714287,0.05714285714285715,0.21428571428571433,0.8500000000000004,0.4,0.1,0.7500000000000003,0.6642857142857129,0.5285714285714277,0.7357142857142841
0.4144230769230764,0.998046875,1.322265625,0.3,0.0,0.0,0.7000000000000003,0.09285714285714287,0.05714285714285715,0.21428571428571433,0.8500000000000004,0.4,0.1,0.7500000000000003,0.6642857142857129,0.5357142857142848,0.7357142857142841
0.41538461538461485,1.0,1.3251953125,0.3,0.0,0.0,0.7000000000000003,0.09285714285714287,0.05714285714285715,0.21428571428571433,0.8500000000000004,0.4,0.1,0.7500000000000003,0.6642857142857129,0.5428571428571419,0.7357142857142841
0.41634615384615337,1.001953125,1.3291015625,0.3,0.0,0.0,0.7000000000000003,0.09285714285714287,0.05714285714285715,0.21428571428571433,0.8500000000000004,0.4,0.1,0.7500000000000003,0.6642857142857129,0.549999999999999,0.7357142857142841
0.4173076923076918,1.0048828125,1.330078125,0.325,0.0,0.0,0.7000000000000003,0.09285714285714287,0.05714285714285715,0.21428571428571433,0.8500000000000004,0.4,0.1,0.7500000000000003,0.6642857142857129,0.549999999999999,0.7357142857142841
0.4182692307692303,1.0068359375,1.3330078125,0.325,0.0,0.0,0.7000000000000003,0.09285714285714287,0.05714285714285715,0.21428571428571433,0.8500000000000004,0.4,0.1,0.7500000000000003,0.6642857142857129,0.549999999999999,0.7428571428571412
0.41923076923076874,1.0087890625,1.3359375,0.325,0.0,0.0,0.7000000000000003,0.09285714285714287,0.05714285714285715,0.21428571428571433,0.8500000000000004,0.4,0.1,0.7500000000000003,0.6642857142857129,0.549999999999999,0.7499999999999983
0.42019230769230725,1.01171875,1.3388671875,0.35000000000000003,0.0,0.0,0.7000000000000003,0.09285714285714287,0.05714285714285715,0.21428571428571433,0.8500000000000004,0.4,0.1,0.7500000000000003,0.6642857142857129,0.549999999999999,0.7499999999999983
0.4211538461538457,1.0146484375,1.341796875,0.35000000000000003,0.0,0.0,0.7000000000000003,0.10000000000000002,0.05714285714285715,0.21428571428571433,0.8500000000000004,0.4,0.1,0.7500000000000003,0.6642857142857129,0.549999999999999,0.7499999999999983
0.4221153846153841,1.0166015625,1.341796875,0.35000000000000003,0.0,0.0,0.7000000000000003,0.10000000000000002,0.05714285714285715,0.21428571428571433,0.8500000000000004,0.4,0.1,0.7500000000000003,0.6642857142857129,0.549999999999999,0.7571428571428555
0.4230769230769227,1.01953125,1.345703125,0.35000000000000003,0.0,0.0,0.7000000000000003,0.10714285714285716,0.05714285714285715,0.21428571428571433,0.8500000000000004,0.4,0.1,0.7500000000000003,0.6642857142857129,0.549999999999999,0.7571428571428555
0.4240384615384611,1.021484375,1.3486328125,0.35000000000000003,0.0,0.0,0.7000000000000003,0.11428571428571431,0.05714285714285715,0.21428571428571433,0.8500000000000004,0.4,0.1,0.7500000000000003,0.6642857142857129,0.549999999999999,0.7571428571428555
0.4249999999999995,1.0244140625,1.3505859375,0.35000000000000003,0.0,0.0,0.7000000000000003,0.12142857142857146,0.05714285714285715,0.21428571428571433,0.8500000000000004,0.4,0.1,0.7500000000000003,0.6642857142857129,0.549999999999999,0.7571428571428555
0.425961538461538,1.0263671875,1.353515625,0.35000000000000003,0.0,0.0,0.7000000000000003,0.12142857142857146,0.05714285714285715,0.21428571428571433,0.8500000000000004,0.4,0.1,0.7500000000000003,0.67142857142857,0.549999999999999,0.7571428571428555
0.4269230769230764,1.029296875,1.3564453125,0.35000000000000003,0.0,0.0,0.7000000000000003,0.1285714285714286,0.05714285714285715,0.21428571428571433,0.8500000000000004,0.4,0.1,0.7500000000000003,0.67142857142857,0.549999999999999,0.7571428571428555
0.427884615384615,1.03125,1.357421875,0.35000000000000003,0.0,0.0,0.7000000000000003,0.1285714285714286,0.05714285714285715,0.21428571428571433,0.8500000000000004,0.4,0.1,0.7500000000000003,0.6785714285714272,0.549999999999999,0.7571428571428555
0.4288461538461534,1.033203125,1.3603515625,0.35000000000000003,0.0,0.0,0.7000000000000003,0.1285714285714286,0.05714285714285715,0.21428571428571433,0.8500000000000004,0.4,0.1,0.7500000000000003,0.6785714285714272,0.549999999999999,0.7642857142857126
0.4298076923076918,1.0361328125,1.3623046875,0.35000000000000003,0.0,0.0,0.7000000000000003,0.13571428571428573,0.05714285714285715,0.21428571428571433,0.8500000000000004,0.4,0.1,0.7500000000000003,0.6785714285714272,0.549999999999999,0.7642857142857126
0.43076923076923024,1.0380859375,1.365234375,0.35000000000000003,0.0,0.0,0.7000000000000003,0.13571428571428573,0.05714285714285715,0.21428571428571433,0.8500000000000004,0.4,0.1,0.7500000000000003,0.6785714285714272,0.549999999999999,0.7714285714285697
0.43173076923076875,1.041015625,1.3681640625,0.35000000000000003,0.0,0.0,0.7250000000000003,0.13571428571428573,0.05714285714285715,0.21428571428571433,0.8500000000000004,0.4,0.1,0.7500000000000003,0.6785714285714272,0.549999999999999,0.7714285714285697
0.4326923076923072,1.0439453125,1.37109375,0.37500000000000006,0.0,0.0,0.7250000000000003,0.13571428571428573,0.05714285714285715,0.21428571428571433,0.8500000000000004,0.4,0.1,0.7500000000000003,0.6785714285714272,0.549999999999999,0.7714285714285697
0.43365384615384567,1.046875,1.3720703125,0.37500000000000006,0.0,0.0,0.7250000000000003,0.14285714285714288,0.05714285714285715,0.21428571428571433,0.8500000000000004,0.4,0.1,0.7500000000000003,0.6785714285714272,0.549999999999999,0.7714285714285697
0.4346153846153842,1.048828125,1.3740234375,0.37500000000000006,0.0,0.0,0.7250000000000003,0.14285714285714288,0.05714285714285715,0.21428571428571433,0.8500000000000004,0.4,0.1,0.7500000000000003,0.6785714285714272,0.549999999999999,0.7785714285714268
0.43557692307692264,1.0517578125,1.3779296875,0.4000000000000001,0.0,0.0,0.7250000000000003,0.14285714285714288,0.05714285714285715,0.21428571428571433,0.8500000000000004,0.4,0.1,0.7500000000000003,0.6785714285714272,0.549999999999999,0.7785714285714268
0.43653846153846104,1.0546875,1.3798828125,0.4000000000000001,0.0,0.0,0.7250000000000003,0.15000000000000002,0.05714285714285715,0.21428571428571433,0.8500000000000004,0.4,0.1,0.7500000000000003,0.6785714285714272,0.549999999999999,0.7785714285714268
0.4374999999999995,1.0576171875,1.3828125,0.4000000000000001,0.0,0.0,0.7250000000000003,0.15714285714285717,0.05714285714285715,0.21428571428571433,0.8500000000000004,0.4,0.1,0.7500000000000003,0.6785714285714272,0.549999999999999,0.7785714285714268
0.438461538461538,1.060546875,1.38671875,0.4000000000000001,0.0,0.0,0.7250000000000003,0.1642857142857143,0.05714285714285715,0.21428571428571433,0.8500000000000004,0.4,0.1,0.7500000000000003,0.6785714285714272,0.549999999999999,0.7785714285714268
0.4394230769230764,1.0625,1.38671875,0.4000000000000001,0.0,0.0,0.7250000000000003,0.1642857142857143,0.05714285714285715,0.21428571428571433,0.8500000000000004,0.4,0.1,0.7500000000000003,0.6785714285714272,0.549999999999999,0.7857142857142839
0.44038461538461493,1.0654296875,1.3896484375,0.4000000000000001,0.0,0.0,0.7250000000000003,0.1642857142857143,0.0642857142857143,0.21428571428571433,0.8500000000000004,0.4,0.1,0.7500000000000003,0.6785714285714272,0.549999999999999,0.7857142857142839
0.44134615384615333,1.0673828125,1.392578125,0.4000000000000001,0.0,0.0,0.7250000000000003,0.1642857142857143,0.07142857142857144,0.21428571428571433,0.8500000000000004,0.4,0.1,0.7500000000000003,0.6785714285714272,0.549999999999999,0.7857142857142839
0.44230769230769174,1.0703125,1.3955078125,0.4000000000000001,0.0,0.0,0.7250000000000003,0.17142857142857146,0.07142857142857144,0.21428571428571433,0.8500000000000004,0.4,0.1,0.7500000000000003,0.6785714285714272,0.549999999999999,0.7857142857142839
0.4432692307692303,1.0732421875,1.396484375,0.4000000000000001,0.0,0.0,0.7250000000000003,0.17142857142857146,0.07857142857142858,0.21428571428571433,0.8500000000000004,0.4,0.1,0.7500000000000003,0.6785714285714272,0.549999999999999,0.7857142857142839
0.4442307692307687,1.0751953125,1.3994140625,0.4000000000000001,0.0,0.0,0.7250000000000003,0.17142857142857146,0.07857142857142858,0.22142857142857147,0.8500000000000004,0.4,0.1,0.7500000000000003,0.6785714285714272,0.549999999999999,0.7857142857142839
0.4451923076923073,1.078125,1.40234375,0.4000000000000001,0.0,0.0,0.7250000000000003,0.1785714285714286,0.07857142857142858,0.22142857142857147,0.8500000000000004,0.4,0.1,0.7500000000000003,0.6785714285714272,0.549999999999999,0.7857142857142839
0.4461538461538457,1.0810546875,1.4052734375,0.4000000000000001,0.0,0.0,0.7250000000000003,0.1785714285714286,0.08571428571428573,0.22142857142857147,0.8500000000000004,0.4,0.1,0.7500000000000003,0.6785714285714272,0.549999999999999,0.7857142857142839
0.4471153846153841,1.0830078125,1.408203125,0.4000000000000001,0.0,0.0,0.7250000000000003,0.1785714285714286,0.08571428571428573,0.22142857142857147,0.8500000000000004,0.4,0.1,0.7500000000000003,0.6785714285714272,0.5571428571428562,0.7857142857142839
0.4480769230769226,1.0849609375,1.4091796875,0.4000000000000001,0.0,0.0,0.7250000000000003,0.1785714285714286,0.08571428571428573,0.22142857142857147,0.8500000000000004,0.4,0.1,0.7500000000000003,0.6785714285714272,0.5642857142857133,0.7857142857142839
0.449038461538461,1.087890625,1.4111328125,0.4000000000000001,0.0,0.0,0.7250000000000003,0.18571428571428575,0.08571428571428573,0.22142857142857147,0.8500000000000004,0.4,0.1,0.7500000000000003,0.6785714285714272,0.5642857142857133,0.7857142857142839
0.4499999999999994,1.0908203125,1.4140625,0.4000000000000001,0.0,0.0,0.7250000000000003,0.18571428571428575,0.09285714285714287,0.22142857142857147,0.8500000000000004,0.4,0.1,0.7500000000000003,0.6785714285714272,0.5642857142857133,0.7857142857142839
0.45096153846153797,1.0927734375,1.4169921875,0.4000000000000001,0.0,0.0,0.7250000000000003,0.18571428571428575,0.09285714285714287,0.22142857142857147,0.8500000000000004,0.4,0.1,0.7500000000000003,0.6785714285714272,0.5714285714285704,0.7857142857142839
0.45192307692307637,1.0947265625,1.4189453125,0.4000000000000001,0.0,0.0,0.7250000000000003,0.18571428571428575,0.09285714285714287,0.22142857142857147,0.8500000000000004,0.4,0.1,0.7500000000000003,0.6785714285714272,0.5785714285714275,0.7857142857142839
0.45288461538461494,1.09765625,1.419921875,0.4000000000000001,0.0,0.0,0.7250000000000003,0.18571428571428575,0.10000000000000002,0.22142857142857147,0.8500000000000004,0.4,0.1,0.7500000000000003,0.6785714285714272,0.5785714285714275,0.7857142857142839
0.45384615384615334,1.099609375,1.4228515625,0.4000000000000001,0.0,0.0,0.7250000000000003,0.18571428571428575,0.10000000000000002,0.22142857142857147,0.8500000000000004,0.4,0.1,0.7500000000000003,0.6785714285714272,0.5785714285714275,0.792857142857141
0.4548076923076918,1.1025390625,1.4267578125,0.4000000000000001,0.0,0.0,0.7250000000000003,0.18571428571428575,0.10714285714285716,0.22142857142857147,0.8500000000000004,0.4,0.1,0.7500000000000003,0.6785714285714272,0.5785714285714275,0.792857142857141
0.4557692307692302,1.1044921875,1.4296875,0.4000000000000001,0.0,0.0,0.7250000000000003,0.18571428571428575,0.10714285714285716,0.22142857142857147,0.8500000000000004,0.4,0.1,0.7500000000000003,0.6785714285714272,0.5857142857142846,0.792857142857141
0.45673076923076866,1.1064453125,1.431640625,0.4000000000000001,0.0,0.0,0.7250000000000003,0.18571428571428575,0.10714285714285716,0.22142857142857147,0.8500000000000004,0.4,0.1,0.7500000000000003,0.6785714285714272,0.5928571428571418,0.792857142857141
0.4576923076923072,1.109375,1.43359375,0.4000000000000001,0.0,0.0,0.7250000000000003,0.18571428571428575,0.11428571428571431,0.22142857142857147,0.8500000000000004,0.4,0.1,0.7500000000000003,0.6785714285714272,0.5928571428571418,0.792857142857141
0.45865384615384563,1.111328125,1.435546875,0.4000000000000001,0.0,0.0,0.7250000000000003,0.18571428571428575,0.11428571428571431,0.22142857142857147,0.8500000000000004,0.4,0.1,0.7500000000000003,0.6785714285714272,0.5928571428571418,0.7999999999999982
0.45961538461538404,1.1142578125,1.4384765625,0.4000000000000001,0.0,0.0,0.7250000000000003,0.18571428571428575,0.12142857142857146,0.22142857142857147,0.8500000000000004,0.4,0.1,0.7500000000000003,0.6785714285714272,0.5928571428571418,0.7999999999999982
0.4605769230769225,1.1162109375,1.44140625,0.4000000000000001,0.0,0.0,0.7250000000000003,0.18571428571428575,0.12142857142857146,0.22142857142857147,0.8500000000000004,0.4,0.1,0.7500000000000003,0.6785714285714272,0.5999999999999989,0.7999999999999982
0.461538461538461,1.1181640625,1.4443359375,0.4000000000000001,0.0,0.0,0.7250000000000003,0.18571428571428575,0.12142857142857146,0.22142857142857147,0.8500000000000004,0.4,0.1,0.7500000000000003,0.6785714285714272,0.607142857142856,0.7999999999999982
0.46249999999999947,1.12109375,1.4462890625,0.4000000000000001,0.0,0.0,0.7250000000000003,0.18571428571428575,0.1285714285714286,0.22142857142857147,0.8500000000000004,0.4,0.1,0.7500000000000003,0.6785714285714272,0.607142857142856,0.7999999999999982
0.4634615384615379,1.123046875,1.447265625,0.4000000000000001,0.0,0.0,0.7250000000000003,0.18571428571428575,0.1285714285714286,0.22142857142857147,0.8500000000000004,0.4,0.1,0.7500000000000003,0.6785714285714272,0.6142857142857131,0.7999999999999982
0.46442307692307633,1.1259765625,1.4501953125,0.4000000000000001,0.0,0.0,0.7250000000000003,0.18571428571428575,0.13571428571428573,0.22142857142857147,0.8500000000000004,0.4,0.1,0.7500000000000003,0.6785714285714272,0.6142857142857131,0.7999999999999982
0.4653846153846149,1.12890625,1.4521484375,0.4000000000000001,0.0,0.0,0.7250000000000003,0.1928571428571429,0.13571428571428573,0.22142857142857147,0.8500000000000004,0.4,0.1,0.7500000000000003,0.6785714285714272,0.6142857142857131,0.7999999999999982
0.4663461538461533,1.1318359375,1.4560546875,0.4000000000000001,0.0,0.0,0.7250000000000003,0.1928571428571429,0.13571428571428573,0.22857142857142862,0.8500000000000004,0.4,0.1,0.7500000000000003,0.6785714285714272,0.6142857142857131,0.7999999999999982
0.46730769230769187,1.1337890625,1.458984375,0.4000000000000001,0.0,0.0,0.7250000000000003,0.1928571428571429,0.13571428571428573,0.23571428571428577,0.8500000000000004,0.4,0.1,0.7500000000000003,0.6785714285714272,0.6142857142857131,0.7999999999999982
0.46826923076923027,1.13671875,1.4599609375,0.4000000000000001,0.0,0.0,0.7250000000000003,0.20000000000000004,0.13571428571428573,0.23571428571428577,0.8500000000000004,0.4,0.1,0.7500000000000003,0.6785714285714272,0.6142857142857131,0.7999999999999982
0.4692307692307687,1.1396484375,1.462890625,0.4000000000000001,0.0,0.0,0.7250000000000003,0.20000000000000004,0.13571428571428573,0.2428571428571429,0.8500000000000004,0.4,0.1,0.7500000000000003,0.6785714285714272,0.6142857142857131,0.7999999999999982
0.4701923076923072,1.1416015625,1.46484375,0.4000000000000001,0.0,0.0,0.7250000000000003,0.20000000000000004,0.13571428571428573,0.25000000000000006,0.8500000000000004,0.4,0.1,0.7500000000000003,0.6785714285714272,0.6142857142857131,0.7999999999999982
0.4711538461538457,1.1435546875,1.4677734375,0.4000000000000001,0.0,0.0,0.7250000000000003,0.20000000000000004,0.13571428571428573,0.25000000000000006,0.8500000000000004,0.4,0.1,0.7500000000000003,0.6785714285714272,0.6142857142857131,0.8071428571428553
0.47211538461538416,1.1455078125,1.4716796875,0.4000000000000001,0.0,0.0,0.7250000000000003,0.20000000000000004,0.13571428571428573,0.25000000000000006,0.8500000000000004,0.4,0.1,0.7500000000000003,0.6785714285714272,0.6142857142857131,0.8142857142857124
0.47307692307692256,1.1484375,1.474609375,0.4000000000000001,0.0,0.0,0.7250000000000003,0.20000000000000004,0.13571428571428573,0.2571428571428572,0.8500000000000004,0.4,0.1,0.7500000000000003,0.6785714285714272,0.6142857142857131,0.8142857142857124
0.47403846153846096,1.150390625,1.4765625,0.4000000000000001,0.0,0.0,0.7250000000000003,0.20000000000000004,0.13571428571428573,0.2642857142857143,0.8500000000000004,0.4,0.1,0.7500000000000003,0.6785714285714272,0.6142857142857131,0.8142857142857124
0.47499999999999953,1.1533203125,1.478515625,0.4000000000000001,0.0,0.0,0.7250000000000003,0.20000000000000004,0.14285714285714288,0.2642857142857143,0.8500000000000004,0.4,0.1,0.7500000000000003,0.6785714285714272,0.6142857142857131,0.8142857142857124
0.47596153846153794,1.15625,1.4814453125,0.4000000000000001,0.0,0.0,0.7250000000000003,0.20000000000000004,0.15000000000000002,0.2642857142857143,0.8500000000000004,0.4,0.1,0.7500000000000003,0.6785714285714272,0.6142857142857131,0.8142857142857124
0.47692307692307645,1.1591796875,1.484375,0.4000000000000001,0.0,0.0,0.7250000000000003,0.20000000000000004,0.15000000000000002,0.2714285714285714,0.8500000000000004,0.4,0.1,0.7500000000000003,0.6785714285714272,0.6142857142857131,0.8142857142857124
0.47788461538461485,1.1611328125,1.486328125,0.4000000000000001,0.0,0.0,0.7250000000000003,0.20000000000000004,0.15000000000000002,0.2785714285714285,0.8500000000000004,0.4,0.1,0.7500000000000003,0.6785714285714272,0.6142857142857131,0.8142857142857124
0.47884615384615326,1.1640625,1.4873046875,0.4000000000000001,0.0,0.0,0.7250000000000003,0.20000000000000004,0.15714285714285717,0.2785714285714285,0.8500000000000004,0.4,0.1,0.7500000000000003,0.6785714285714272,0.6142857142857131,0.8142857142857124
0.4798076923076918,1.1669921875,1.490234375,0.4000000000000001,0.0,0.0,0.7250000000000003,0.20000000000000004,0.15714285714285717,0.28571428571428564,0.8500000000000004,0.4,0.1,0.7500000000000003,0.6785714285714272,0.6142857142857131,0.8142857142857124
0.4807692307692302,1.1689453125,1.4931640625,0.4000000000000001,0.0,0.0,0.7250000000000003,0.20000000000000004,0.15714285714285717,0.28571428571428564,0.8500000000000004,0.5,0.1,0.7500000000000003,0.6785714285714272,0.6142857142857131,0.8142857142857124
0.48173076923076874,1.171875,1.49609375,0.4000000000000001,0.0,0.0,0.7250000000000003,0.20000000000000004,0.15714285714285717,0.29285714285714276,0.8500000000000004,0.5,0.1,0.7500000000000003,0.6785714285714272,0.6142857142857131,0.8142857142857124
0.4826923076923072,1.173828125,1.4990234375,0.4000000000000001,0.0,0.0,0.7250000000000003,0.20000000000000004,0.15714285714285717,0.29285714285714276,0.8500000000000004,0.5,0.1,0.7750000000000004,0.6785714285714272,0.6142857142857131,0.8142857142857124
0.4836538461538457,1.1767578125,1.5009765625,0.4000000000000001,0.0,0.0,0.7250000000000003,0.20000000000000004,0.15714285714285717,0.2999999999999999,0.8500000000000004,0.5,0.1,0.7750000000000004,0.6785714285714272,0.6142857142857131,0.8142857142857124
0.4846153846153841,1.1787109375,1.50390625,0.4000000000000001,0.0,0.0,0.7250000000000003,0.20000000000000004,0.15714285714285717,0.2999999999999999,0.8500000000000004,0.5,0.1,0.7750000000000004,0.6857142857142843,0.6142857142857131,0.8142857142857124
0.4855769230769225,1.1806640625,1.5048828125,0.4000000000000001,0.0,0.0,0.7250000000000003,0.20000000000000004,0.15714285714285717,0.2999999999999999,0.8500000000000004,0.5,0.1,0.7750000000000004,0.6928571428571414,0.6142857142857131,0.8142857142857124
0.4865384615384611,1.18359375,1.5078125,0.4250000000000001,0.0,0.0,0.7250000000000003,0.20000000000000004,0.15714285714285717,0.2999999999999999,0.8500000000000004,0.5,0.1,0.7750000000000004,0.6928571428571414,0.6142857142857131,0.8142857142857124
0.4874999999999995,1.1865234375,1.5107421875,0.4250000000000001,0.0,0.0,0.7250000000000003,0.20000000000000004,0.15714285714285717,0.307142857142857,0.8500000000000004,0.5,0.1,0.7750000000000004,0.6928571428571414,0.6142857142857131,0.8142857142857124
0.4884615384615379,1.1884765625,1.513671875,0.4250000000000001,0.0,0.0,0.7250000000000003,0.20000000000000004,0.15714285714285717,0.307142857142857,0.8500000000000004,0.5,0.1,0.7750000000000004,0.6999999999999985,0.6142857142857131,0.8142857142857124
0.4894230769230764,1.1904296875,1.5166015625,0.4250000000000001,0.0,0.0,0.7250000000000003,0.20000000000000004,0.15714285714285717,0.307142857142857,0.8500000000000004,0.5,0.1,0.7750000000000004,0.7071428571428556,0.6142857142857131,0.8142857142857124
0.49038461538461486,1.1923828125,1.517578125,0.4250000000000001,0.0,0.0,0.7250000000000003,0.20000000000000004,0.15714285714285717,0.307142857142857,0.8500000000000004,0.5,0.1,0.7750000000000004,0.7071428571428556,0.6214285714285702,0.8142857142857124
0.49134615384615327,1.1953125,1.51953125,0.4250000000000001,0.0,0.0,0.7250000000000003,0.20000000000000004,0.15714285714285717,0.3142857142857141,0.8500000000000004,0.5,0.1,0.7750000000000004,0.7071428571428556,0.6214285714285702,0.8142857142857124
0.4923076923076918,1.197265625,1.5224609375,0.4250000000000001,0.0,0.0,0.7250000000000003,0.20000000000000004,0.15714285714285717,0.3142857142857141,0.8500000000000004,0.5,0.1,0.7750000000000004,0.7071428571428556,0.6285714285714273,0.8142857142857124
0.4932692307692302,1.19921875,1.525390625,0.4250000000000001,0.0,0.0,0.7250000000000003,0.20000000000000004,0.15714285714285717,0.3142857142857141,0.8500000000000004,0.5,0.1,0.7750000000000004,0.7071428571428556,0.6357142857142845,0.8142857142857124
0.4942307692307686,1.2021484375,1.5283203125,0.4250000000000001,0.0,0.0,0.7250000000000003,0.20000000000000004,0.15714285714285717,0.32142857142857123,0.8500000000000004,0.5,0.1,0.7750000000000004,0.7071428571428556,0.6357142857142845,0.8142857142857124
0.49519230769230715,1.2041015625,1.5302734375,0.4250000000000001,0.0,0.0,0.7250000000000003,0.20000000000000004,0.15714285714285717,0.32857142857142835,0.8500000000000004,0.5,0.1,0.7750000000000004,0.7071428571428556,0.6357142857142845,0.8142857142857124
0.49615384615384556,1.20703125,1.533203125,0.4250000000000001,0.0,0.0,0.7250000000000003,0.20000000000000004,0.15714285714285717,0.33571428571428547,0.8500000000000004,0.5,0.1,0.7750000000000004,0.7071428571428556,0.6357142857142845,0.8142857142857124
0.49711538461538396,1.208984375,1.5341796875,0.4250000000000001,0.0,0.0,0.7250000000000003,0.20000000000000004,0.15714285714285717,0.33571428571428547,0.8500000000000004,0.5,0.1,0.7750000000000004,0.7142857142857127,0.6357142857142845,0.8142857142857124
0.49807692307692253,1.2119140625,1.537109375,0.4250000000000001,0.0,0.0,0.7250000000000003,0.20000000000000004,0.15714285714285717,0.3428571428571426,0.8500000000000004,0.5,0.1,0.7750000000000004,0.7142857142857127,0.6357142857142845,0.8142857142857124
0.49903846153846093,1.2138671875,1.5390625,0.4250000000000001,0.0,0.0,0.7250000000000003,0.20000000000000004,0.15714285714285717,0.3428571428571426,0.8500000000000004,0.5,0.1,0.7750000000000004,0.7214285714285699,0.6357142857142845,0.8142857142857124
0.4999999999999994,1.2158203125,1.5419921875,0.4250000000000001,0.0,0.0,0.7250000000000003,0.20000000000000004,0.15714285714285717,0.3428571428571426,0.8500000000000004,0.5,0.1,0.7750000000000004,0.7214285714285699,0.6357142857142845,0.8214285714285695
0.5009615384615379,1.2177734375,1.544921875,0.4250000000000001,0.0,0.0,0.7250000000000003,0.20000000000000004,0.15714285714285717,0.3428571428571426,0.8500000000000004,0.5,0.1,0.7750000000000004,0.7214285714285699,0.6357142857142845,0.8285714285714266
0.5019230769230764,1.2197265625,1.5458984375,0.4250000000000001,0.0,0.0,0.7250000000000003,0.20000000000000004,0.15714285714285717,0.3428571428571426,0.8500000000000004,0.5,0.1,0.7750000000000004,0.7214285714285699,0.6357142857142845,0.8357142857142837
0.5028846153846148,1.22265625,1.5478515625,0.4250000000000001,0.0,0.0,0.7250000000000003,0.20000000000000004,0.15714285714285717,0.3499999999999997,0.8500000000000004,0.5,0.1,0.7750000000000004,0.7214285714285699,0.6357142857142845,0.8357142857142837
0.5038461538461532,1.224609375,1.55078125,0.4250000000000001,0.0,0.0,0.7250000000000003,0.20000000000000004,0.15714285714285717,0.3499999999999997,0.8500000000000004,0.5,0.1,0.7750000000000004,0.728571428571427,0.6357142857142845,0.8357142857142837
0.5048076923076917,1.2265625,1.5537109375,0.4250000000000001,0.0,0.0,0.7250000000000003,0.20000000000000004,0.15714285714285717,0.3499999999999997,0.8500000000000004,0.5,0.1,0.7750000000000004,0.7357142857142841,0.6357142857142845,0.8357142857142837
0.5057692307692302,1.228515625,1.5556640625,0.4250000000000001,0.0,0.0,0.7250000000000003,0.20000000000000004,0.15714285714285717,0.3499999999999997,0.8500000000000004,0.5,0.1,0.7750000000000004,0.7357142857142841,0.6428571428571416,0.8357142857142837
0.5067307692307685,1.23046875,1.55859375,0.4250000000000001,0.0,0.0,0.7250000000000003,0.20000000000000004,0.15714285714285717,0.3499999999999997,0.8500000000000004,0.5,0.1,0.7750000000000004,0.7357142857142841,0.6499999999999987,0.8357142857142837
0.507692307692307,1.232421875,1.5595703125,0.4250000000000001,0.0,0.0,0.7250000000000003,0.20000000000000004,0.15714285714285717,0.3499999999999997,0.8500000000000004,0.5,0.1,0.7750000000000004,0.7357142857142841,0.6571428571428558,0.8357142857142837
0.5086538461538456,1.2353515625,1.5625,0.4250000000000001,0.0,0.0,0.7250000000000003,0.20000000000000004,0.15714285714285717,0.3571428571428568,0.8500000000000004,0.5,0.1,0.7750000000000004,0.7357142857142841,0.6571428571428558,0.8357142857142837
0.509615384615384,1.2373046875,1.5654296875,0.4250000000000001,0.0,0.0,0.7250000000000003,0.20000000000000004,0.15714285714285717,0.3571428571428568,0.8500000000000004,0.5,0.1,0.7750000000000004,0.7428571428571412,0.6571428571428558,0.8357142857142837
0.5105769230769224,1.240234375,1.5673828125,0.4250000000000001,0.0,0.0,0.7250000000000003,0.20000000000000004,0.15714285714285717,0.36428571428571394,0.8500000000000004,0.5,0.1,0.7750000000000004,0.7428571428571412,0.6571428571428558,0.8357142857142837
0.5115384615384608,1.2421875,1.5712890625,0.4250000000000001,0.0,0.0,0.7250000000000003,0.20000000000000004,0.15714285714285717,0.36428571428571394,0.8500000000000004,0.5,0.1,0.7750000000000004,0.7499999999999983,0.6571428571428558,0.8357142857142837
0.5124999999999994,1.2451171875,1.5732421875,0.4250000000000001,0.0,0.0,0.7250000000000003,0.20000000000000004,0.15714285714285717,0.37142857142857105,0.8500000000000004,0.5,0.1,0.7750000000000004,0.7499999999999983,0.6571428571428558,0.8357142857142837
0.5134615384615379,1.2470703125,1.57421875,0.4250000000000001,0.0,0.0,0.7250000000000003,0.20000000000000004,0.15714285714285717,0.37142857142857105,0.8500000000000004,0.5,0.1,0.7750000000000004,0.7571428571428555,0.6571428571428558,0.8357142857142837
0.5144230769230763,1.2490234375,1.5771484375,0.4250000000000001,0.0,0.0,0.7250000000000003,0.20000000000000004,0.15714285714285717,0.37142857142857105,0.8500000000000004,0.5,0.1,0.7750000000000004,0.7642857142857126,0.6571428571428558,0.8357142857142837
0.5153846153846148,1.2509765625,1.580078125,0.4250000000000001,0.0,0.0,0.7250000000000003,0.20000000000000004,0.15714285714285717,0.37142857142857105,0.8500000000000004,0.5,0.1,0.7750000000000004,0.7642857142857126,0.6571428571428558,0.8428571428571409
0.5163461538461532,1.2529296875,1.580078125,0.4250000000000001,0.0,0.0,0.7250000000000003,0.20000000000000004,0.15714285714285717,0.37142857142857105,0.8500000000000004,0.5,0.1,0.7750000000000004,0.7642857142857126,0.6571428571428558,0.849999999999998
0.5173076923076917,1.2548828125,1.5830078125,0.4250000000000001,0.0,0.0,0.7250000000000003,0.20000000000000004,0.15714285714285717,0.37142857142857105,0.8500000000000004,0.5,0.1,0.7750000000000004,0.7642857142857126,0.6571428571428558,0.8571428571428551
0.5182692307692301,1.2578125,1.5859375,0.4250000000000001,0.0,0.0,0.7250000000000003,0.20000000000000004,0.1642857142857143,0.37142857142857105,0.8500000000000004,0.5,0.1,0.7750000000000004,0.7642857142857126,0.6571428571428558,0.8571428571428551
0.5192307692307685,1.2607421875,1.587890625,0.4250000000000001,0.0,0.0,0.7250000000000003,0.20000000000000004,0.1642857142857143,0.37857142857142817,0.8500000000000004,0.5,0.1,0.7750000000000004,0.7642857142857126,0.6571428571428558,0.8571428571428551
0.5201923076923071,1.2626953125,1.5908203125,0.4250000000000001,0.0,0.0,0.7250000000000003,0.20000000000000004,0.1642857142857143,0.37857142857142817,0.8500000000000004,0.5,0.1,0.7750000000000004,0.7714285714285697,0.6571428571428558,0.8571428571428551
0.5211538461538455,1.2646484375,1.591796875,0.4250000000000001,0.0,0.0,0.7250000000000003,0.20000000000000004,0.1642857142857143,0.37857142857142817,0.8500000000000004,0.5,0.1,0.7750000000000004,0.7714285714285697,0.6571428571428558,0.8642857142857122
0.522115384615384,1.267578125,1.5947265625,0.4250000000000001,0.0,0.0,0.7250000000000003,0.20000000000000004,0.17142857142857146,0.37857142857142817,0.8500000000000004,0.5,0.1,0.7750000000000004,0.7714285714285697,0.6571428571428558,0.8642857142857122
0.5230769230769224,1.2705078125,1.59765625,0.4250000000000001,0.0,0.0,0.7250000000000003,0.20000000000000004,0.1785714285714286,0.37857142857142817,0.8500000000000004,0.5,0.1,0.7750000000000004,0.7714285714285697,0.6571428571428558,0.8642857142857122
0.5240384615384609,1.2734375,1.599609375,0.4250000000000001,0.0,0.0,0.7250000000000003,0.20000000000000004,0.1785714285714286,0.3857142857142853,0.8500000000000004,0.5,0.1,0.7750000000000004,0.7714285714285697,0.6571428571428558,0.8642857142857122
0.5249999999999994,1.275390625,1.6025390625,0.4250000000000001,0.0,0.0,0.7250000000000003,0.20000000000000004,0.1785714285714286,0.3857142857142853,0.8500000000000004,0.5,0.1,0.7750000000000004,0.7785714285714268,0.6571428571428558,0.8642857142857122
0.5259615384615378,1.2783203125,1.603515625,0.4250000000000001,0.0,0.0,0.7250000000000003,0.20714285714285718,0.1785714285714286,0.3857142857142853,0.8500000000000004,0.5,0.1,0.7750000000000004,0.7785714285714268,0.6571428571428558,0.8642857142857122
0.5269230769230763,1.28125,1.6064453125,0.4250000000000001,0.0,0.0,0.7250000000000003,0.21428571428571433,0.1785714285714286,0.3857142857142853,0.8500000000000004,0.5,0.1,0.7750000000000004,0.7785714285714268,0.6571428571428558,0.8642857142857122
0.5278846153846147,1.283203125,1.609375,0.4250000000000001,0.0,0.0,0.7250000000000003,0.21428571428571433,0.1785714285714286,0.3857142857142853,0.8500000000000004,0.5,0.1,0.7750000000000004,0.7857142857142839,0.6571428571428558,0.8642857142857122
0.5288461538461532,1.28515625,1.611328125,0.4250000000000001,0.0,0.0,0.7250000000000003,0.21428571428571433,0.1785714285714286,0.3857142857142853,0.8500000000000004,0.5,0.1,0.7750000000000004,0.7857142857142839,0.6642857142857129,0.8642857142857122
0.5298076923076916,1.2880859375,1.6142578125,0.4250000000000001,0.0,0.0,0.7250000000000003,0.22142857142857147,0.1785714285714286,0.3857142857142853,0.8500000000000004,0.5,0.1,0.7750000000000004,0.7857142857142839,0.6642857142857129,0.8642857142857122
0.53076923076923,1.2900390625,1.6171875,0.4250000000000001,0.0,0.0,0.7250000000000003,0.22142857142857147,0.1785714285714286,0.3857142857142853,0.8500000000000004,0.5,0.1,0.7750000000000004,0.7857142857142839,0.67142857142857,0.8642857142857122
0.5317307692307686,1.2919921875,1.6181640625,0.4250000000000001,0.0,0.0,0.7250000000000003,0.22142857142857147,0.1785714285714286,0.3857142857142853,0.8500000000000004,0.5,0.1,0.7750000000000004,0.7857142857142839,0.67142857142857,0.8714285714285693
0.5326923076923069,1.2939453125,1.6201171875,0.4250000000000001,0.0,0.0,0.7250000000000003,0.22142857142857147,0.1785714285714286,0.3857142857142853,0.8500000000000004,0.5,0.1,0.7750000000000004,0.7857142857142839,0.67142857142857,0.8785714285714264
0.5336538461538455,1.296875,1.623046875,0.4250000000000001,0.0,0.0,0.7250000000000003,0.22857142857142862,0.1785714285714286,0.3857142857142853,0.8500000000000004,0.5,0.1,0.7750000000000004,0.7857142857142839,0.67142857142857,0.8785714285714264
0.5346153846153838,1.2998046875,1.6259765625,0.4250000000000001,0.0,0.0,0.7250000000000003,0.23571428571428577,0.1785714285714286,0.3857142857142853,0.8500000000000004,0.5,0.1,0.7750000000000004,0.7857142857142839,0.67142857142857,0.8785714285714264
0.5355769230769224,1.3017578125,1.6279296875,0.4250000000000001,0.0,0.0,0.7250000000000003,0.23571428571428577,0.1785714285714286,0.3857142857142853,0.8500000000000004,0.5,0.1,0.7750000000000004,0.7857142857142839,0.6785714285714272,0.8785714285714264
0.5365384615384609,1.3037109375,1.6298828125,0.4250000000000001,0.0,0.0,0.7250000000000003,0.23571428571428577,0.1785714285714286,0.3857142857142853,0.8500000000000004,0.5,0.1,0.7750000000000004,0.7857142857142839,0.6857142857142843,0.8785714285714264
0.5374999999999993,1.3056640625,1.6328125,0.4250000000000001,0.0,0.0,0.7250000000000003,0.23571428571428577,0.1785714285714286,0.3857142857142853,0.8500000000000004,0.5,0.1,0.7750000000000004,0.7857142857142839,0.6928571428571414,0.8785714285714264
0.5384615384615377,1.30859375,1.6337890625,0.4250000000000001,0.0,0.0,0.7250000000000003,0.2428571428571429,0.1785714285714286,0.3857142857142853,0.8500000000000004,0.5,0.1,0.7750000000000004,0.7857142857142839,0.6928571428571414,0.8785714285714264
0.5394230769230762,1.3115234375,1.6357421875,0.4250000000000001,0.0,0.0,0.7250000000000003,0.2428571428571429,0.18571428571428575,0.3857142857142853,0.8500000000000004,0.5,0.1,0.7750000000000004,0.7857142857142839,0.6928571428571414,0.8785714285714264
0.5403846153846147,1.3134765625,1.638671875,0.4250000000000001,0.0,0.0,0.7250000000000003,0.2428571428571429,0.18571428571428575,0.3857142857142853,0.8500000000000004,0.5,0.1,0.7750000000000004,0.7857142857142839,0.6999999999999985,0.8785714285714264
0.5413461538461531,1.3154296875,1.6416015625,0.4250000000000001,0.0,0.0,0.7250000000000003,0.2428571428571429,0.18571428571428575,0.3857142857142853,0.8500000000000004,0.5,0.1,0.7750000000000004,0.7857142857142839,0.7071428571428556,0.8785714285714264
0.5423076923076916,1.3173828125,1.64453125,0.4250000000000001,0.0,0.0,0.7250000000000003,0.2428571428571429,0.18571428571428575,0.3857142857142853,0.8500000000000004,0.5,0.1,0.7750000000000004,0.7857142857142839,0.7071428571428556,0.8857142857142836
0.5432692307692301,1.3203125,1.646484375,0.4250000000000001,0.0,0.0,0.7250000000000003,0.2428571428571429,0.18571428571428575,0.3928571428571424,0.8500000000000004,0.5,0.1,0.7750000000000004,0.7857142857142839,0.7071428571428556,0.8857142857142836
0.5442307692307685,1.322265625,1.6484375,0.4250000000000001,0.0,0.0,0.7250000000000003,0.2428571428571429,0.18571428571428575,0.3928571428571424,0.8500000000000004,0.5,0.1,0.7750000000000004,0.792857142857141,0.7071428571428556,0.8857142857142836
0.545192307692307,1.3251953125,1.6494140625,0.4250000000000001,0.0,0.0,0.7250000000000003,0.2428571428571429,0.18571428571428575,0.3999999999999995,0.8500000000000004,0.5,0.1,0.7750000000000004,0.792857142857141,0.7071428571428556,0.8857142857142836
0.5461538461538453,1.3271484375,1.65234375,0.4250000000000001,0.0,0.0,0.7250000000000003,0.2428571428571429,0.18571428571428575,0.3999999999999995,0.8500000000000004,0.5,0.1,0.7750000000000004,0.7999999999999982,0.7071428571428556,0.8857142857142836
0.5471153846153839,1.3291015625,1.654296875,0.4250000000000001,0.0,0.0,0.7250000000000003,0.2428571428571429,0.18571428571428575,0.3999999999999995,0.8500000000000004,0.5,0.1,0.7750000000000004,0.7999999999999982,0.7071428571428556,0.8928571428571407
0.5480769230769224,1.33203125,1.6572265625,0.4250000000000001,0.0,0.0,0.7250000000000003,0.25000000000000006,0.18571428571428575,0.3999999999999995,0.8500000000000004,0.5,0.1,0.7750000000000004,0.7999999999999982,0.7071428571428556,0.8928571428571407
0.5490384615384608,1.3349609375,1.66015625,0.4250000000000001,0.0,0.0,0.7500000000000003,0.25000000000000006,0.18571428571428575,0.3999999999999995,0.8500000000000004,0.5,0.1,0.7750000000000004,0.7999999999999982,0.7071428571428556,0.8928571428571407
0.5499999999999993,1.337890625,1.66015625,0.4250000000000001,0.0,0.0,0.7500000000000003,0.2571428571428572,0.18571428571428575,0.3999999999999995,0.8500000000000004,0.5,0.1,0.7750000000000004,0.7999999999999982,0.7071428571428556,0.8928571428571407
0.5509615384615377,1.3408203125,1.6630859375,0.4250000000000001,0.0,0.0,0.7500000000000003,0.2642857142857143,0.18571428571428575,0.3999999999999995,0.8500000000000004,0.5,0.1,0.7750000000000004,0.7999999999999982,0.7071428571428556,0.8928571428571407
0.5519230769230762,1.3427734375,1.6650390625,0.4250000000000001,0.0,0.0,0.7500000000000003,0.2642857142857143,0.18571428571428575,0.3999999999999995,0.8500000000000004,0.5,0.1,0.7750000000000004,0.7999999999999982,0.7142857142857127,0.8928571428571407
0.5528846153846146,1.345703125,1.66796875,0.4250000000000001,0.0,0.0,0.7500000000000003,0.2642857142857143,0.1928571428571429,0.3999999999999995,0.8500000000000004,0.5,0.1,0.7750000000000004,0.7999999999999982,0.7142857142857127,0.8928571428571407
0.5538461538461532,1.3486328125,1.6708984375,0.4250000000000001,0.0,0.0,0.7500000000000003,0.2642857142857143,0.1928571428571429,0.40714285714285664,0.8500000000000004,0.5,0.1,0.7750000000000004,0.7999999999999982,0.7142857142857127,0.8928571428571407
0.5548076923076916,1.3505859375,1.6728515625,0.4250000000000001,0.0,0.0,0.7500000000000003,0.2642857142857143,0.1928571428571429,0.41428571428571376,0.8500000000000004,0.5,0.1,0.7750000000000004,0.7999999999999982,0.7142857142857127,0.8928571428571407
0.55576923076923,1.3525390625,1.67578125,0.4250000000000001,0.0,0.0,0.7500000000000003,0.2642857142857143,0.1928571428571429,0.41428571428571376,0.8500000000000004,0.5,0.1,0.7750000000000004,0.7999999999999982,0.7214285714285699,0.8928571428571407
0.5567307692307686,1.35546875,1.67578125,0.4250000000000001,0.0,0.0,0.7500000000000003,0.2642857142857143,0.20000000000000004,0.41428571428571376,0.8500000000000004,0.5,0.1,0.7750000000000004,0.7999999999999982,0.7214285714285699,0.8928571428571407
0.557692307692307,1.3583984375,1.6787109375,0.4250000000000001,0.0,0.0,0.7500000000000003,0.2642857142857143,0.20714285714285718,0.41428571428571376,0.8500000000000004,0.5,0.1,0.7750000000000004,0.7999999999999982,0.7214285714285699,0.8928571428571407
0.5586538461538454,1.361328125,1.6806640625,0.4250000000000001,0.0,0.0,0.7500000000000003,0.2642857142857143,0.21428571428571433,0.41428571428571376,0.8500000000000004,0.5,0.1,0.7750000000000004,0.7999999999999982,0.7214285714285699,0.8928571428571407
0.5596153846153838,1.36328125,1.68359375,0.4250000000000001,0.0,0.0,0.7500000000000003,0.2642857142857143,0.21428571428571433,0.41428571428571376,0.8500000000000004,0.5,0.1,0.7750000000000004,0.7999999999999982,0.728571428571427,0.8928571428571407
0.5605769230769224,1.3662109375,1.6865234375,0.4250000000000001,0.0,0.0,0.7500000000000003,0.2642857142857143,0.21428571428571433,0.4214285714285709,0.8500000000000004,0.5,0.1,0.7750000000000004,0.7999999999999982,0.728571428571427,0.8928571428571407
0.5615384615384608,1.3681640625,1.6884765625,0.4250000000000001,0.0,0.0,0.7500000000000003,0.2642857142857143,0.21428571428571433,0.4214285714285709,0.8500000000000004,0.5,0.1,0.7750000000000004,0.7999999999999982,0.7357142857142841,0.8928571428571407
0.5624999999999992,1.37109375,1.6904296875,0.4250000000000001,0.0,0.0,0.7500000000000003,0.2642857142857143,0.21428571428571433,0.428571428571428,0.8500000000000004,0.5,0.1,0.7750000000000004,0.7999999999999982,0.7357142857142841,0.8928571428571407
0.5634615384615377,1.373046875,1.69140625,0.4250000000000001,0.0,0.0,0.7500000000000003,0.2642857142857143,0.21428571428571433,0.4357142857142851,0.8500000000000004,0.5,0.1,0.7750000000000004,0.7999999999999982,0.7357142857142841,0.8928571428571407
0.5644230769230763,1.3759765625,1.6943359375,0.4250000000000001,0.0,0.0,0.7500000000000003,0.2642857142857143,0.21428571428571433,0.4428571428571422,0.8500000000000004,0.5,0.1,0.7750000000000004,0.7999999999999982,0.7357142857142841,0.8928571428571407
0.5653846153846146,1.3779296875,1.697265625,0.4250000000000001,0.0,0.0,0.7500000000000003,0.2642857142857143,0.21428571428571433,0.4428571428571422,0.8500000000000004,0.5,0.1,0.7750000000000004,0.8071428571428553,0.7357142857142841,0.8928571428571407
0.566346153846153,1.3798828125,1.69921875,0.4250000000000001,0.0,0.0,0.7500000000000003,0.2642857142857143,0.21428571428571433,0.4428571428571422,0.8500000000000004,0.5,0.1,0.7750000000000004,0.8071428571428553,0.7428571428571412,0.8928571428571407
0.5673076923076915,1.3818359375,1.701171875,0.4250000000000001,0.0,0.0,0.7500000000000003,0.2642857142857143,0.21428571428571433,0.4428571428571422,0.8500000000000004,0.5,0.1,0.7750000000000004,0.8071428571428553,0.7428571428571412,0.8999999999999978
0.5682692307692301,1.384765625,1.703125,0.4250000000000001,0.0,0.0,0.7500000000000003,0.2642857142857143,0.21428571428571433,0.44999999999999934,0.8500000000000004,0.5,0.1,0.7750000000000004,0.8071428571428553,0.7428571428571412,0.8999999999999978
0.5692307692307684,1.38671875,1.7060546875,0.4250000000000001,0.0,0.0,0.7500000000000003,0.2642857142857143,0.21428571428571433,0.45714285714285646,0.8500000000000004,0.5,0.1,0.7750000000000004,0.8071428571428553,0.7428571428571412,0.8999999999999978
0.5701923076923069,1.3896484375,1.7080078125,0.4250000000000001,0.0,0.0,0.7500000000000003,0.2642857142857143,0.21428571428571433,0.4642857142857136,0.8500000000000004,0.5,0.1,0.7750000000000004,0.8071428571428553,0.7428571428571412,0.8999999999999978
0.5711538461538453,1.3916015625,1.708984375,0.4250000000000001,0.0,0.0,0.7500000000000003,0.2642857142857143,0.21428571428571433,0.4642857142857136,0.8500000000000004,0.5,0.1,0.7750000000000004,0.8142857142857124,0.7428571428571412,0.8999999999999978
0.5721153846153838,1.3935546875,1.7109375,0.4250000000000001,0.0,0.0,0.7500000000000003,0.2642857142857143,0.21428571428571433,0.4642857142857136,0.8500000000000004,0.5,0.1,0.7750000000000004,0.8142857142857124,0.7428571428571412,0.9071428571428549
0.5730769230769223,1.396484375,1.7138671875,0.4250000000000001,0.0,0.0,0.7500000000000003,0.2714285714285714,0.21428571428571433,0.4642857142857136,0.8500000000000004,0.5,0.1,0.7750000000000004,0.8142857142857124,0.7428571428571412,0.9071428571428549
0.5740384615384607,1.3984375,1.716796875,0.4250000000000001,0.0,0.0,0.7500000000000003,0.2714285714285714,0.21428571428571433,0.4642857142857136,0.8500000000000004,0.5,0.1,0.7750000000000004,0.8142857142857124,0.7499999999999983,0.9071428571428549
0.5749999999999992,1.4013671875,1.71875,0.4500000000000001,0.0,0.0,0.7500000000000003,0.2714285714285714,0.21428571428571433,0.4642857142857136,0.8500000000000004,0.5,0.1,0.7750000000000004,0.8142857142857124,0.7499999999999983,0.9071428571428549
0.5759615384615377,1.404296875,1.720703125,0.4500000000000001,0.0,0.0,0.7500000000000003,0.2785714285714285,0.21428571428571433,0.4642857142857136,0.8500000000000004,0.5,0.1,0.7750000000000004,0.8142857142857124,0.7499999999999983,0.9071428571428549
0.5769230769230761,1.40625,1.72265625,0.4500000000000001,0.0,0.0,0.7500000000000003,0.2785714285714285,0.21428571428571433,0.4642857142857136,0.8500000000000004,0.5,0.1,0.7750000000000004,0.8214285714285695,0.7499999999999983,0.9071428571428549
0.5778846153846146,1.4091796875,1.7236328125,0.4500000000000001,0.0,0.0,0.7500000000000003,0.2785714285714285,0.21428571428571433,0.4714285714285707,0.8500000000000004,0.5,0.1,0.7750000000000004,0.8214285714285695,0.7499999999999983,0.9071428571428549
0.578846153846153,1.4111328125,1.7265625,0.4500000000000001,0.0,0.0,0.7500000000000003,0.2785714285714285,0.21428571428571433,0.4714285714285707,0.8500000000000004,0.5,0.1,0.7750000000000004,0.8285714285714266,0.7499999999999983,0.9071428571428549
0.5798076923076916,1.4130859375,1.728515625,0.4500000000000001,0.0,0.0,0.7500000000000003,0.2785714285714285,0.21428571428571433,0.4714285714285707,0.8500000000000004,0.5,0.1,0.7750000000000004,0.8285714285714266,0.7499999999999983,0.914285714285712
0.5807692307692299,1.416015625,1.7314453125,0.4500000000000001,0.0,0.0,0.7500000000000003,0.2785714285714285,0.21428571428571433,0.4785714285714278,0.8500000000000004,0.5,0.1,0.7750000000000004,0.8285714285714266,0.7499999999999983,0.914285714285712
0.5817307692307684,1.41796875,1.7333984375,0.4500000000000001,0.0,0.0,0.7500000000000003,0.2785714285714285,0.21428571428571433,0.4785714285714278,0.8500000000000004,0.5,0.1,0.7750000000000004,0.8285714285714266,0.7571428571428555,0.914285714285712
0.5826923076923068,1.419921875,1.7353515625,0.4500000000000001,0.0,0.0,0.7500000000000003,0.2785714285714285,0.21428571428571433,0.4785714285714278,0.8500000000000004,0.5,0.1,0.7750000000000004,0.8285714285714266,0.7642857142857126,0.914285714285712
0.5836538461538453,1.421875,1.73828125,0.4500000000000001,0.0,0.0,0.7500000000000003,0.2785714285714285,0.21428571428571433,0.4785714285714278,0.8500000000000004,0.5,0.1,0.7750000000000004,0.8357142857142837,0.7642857142857126,0.914285714285712
0.5846153846153838,1.4248046875,1.740234375,0.4500000000000001,0.0,0.0,0.7500000000000003,0.2785714285714285,0.21428571428571433,0.48571428571428493,0.8500000000000004,0.5,0.1,0.7750000000000004,0.8357142857142837,0.7642857142857126,0.914285714285712
0.5855769230769222,1.4267578125,1.7421875,0.4500000000000001,0.0,0.0,0.7500000000000003,0.2785714285714285,0.21428571428571433,0.48571428571428493,0.8500000000000004,0.5,0.2,0.7750000000000004,0.8357142857142837,0.7642857142857126,0.914285714285712
0.5865384615384607,1.4287109375,1.7451171875,0.4500000000000001,0.0,0.0,0.7500000000000003,0.2785714285714285,0.21428571428571433,0.48571428571428493,0.8500000000000004,0.5,0.2,0.7750000000000004,0.8428571428571409,0.7642857142857126,0.914285714285712
0.5874999999999991,1.4306640625,1.7451171875,0.4500000000000001,0.0,0.0,0.7500000000000003,0.2785714285714285,0.21428571428571433,0.48571428571428493,0.8500000000000004,0.5,0.2,0.7750000000000004,0.8428571428571409,0.7642857142857126,0.9214285714285692
0.5884615384615376,1.43359375,1.748046875,0.47500000000000014,0.0,0.0,0.7500000000000003,0.2785714285714285,0.21428571428571433,0.48571428571428493,0.8500000000000004,0.5,0.2,0.7750000000000004,0.8428571428571409,0.7642857142857126,0.9214285714285692
0.589423076923076,1.4365234375,1.751953125,0.47500000000000014,0.0,0.0,0.7500000000000003,0.28571428571428564,0.21428571428571433,0.48571428571428493,0.8500000000000004,0.5,0.2,0.7750000000000004,0.8428571428571409,0.7642857142857126,0.9214285714285692
0.5903846153846145,1.4384765625,1.75390625,0.47500000000000014,0.0,0.0,0.7500000000000003,0.28571428571428564,0.21428571428571433,0.48571428571428493,0.8500000000000004,0.5,0.2,0.7750000000000004,0.849999999999998,0.7642857142857126,0.9214285714285692
0.5913461538461531,1.44140625,1.755859375,0.47500000000000014,0.0,0.0,0.7500000000000003,0.28571428571428564,0.22142857142857147,0.48571428571428493,0.8500000000000004,0.5,0.2,0.7750000000000004,0.849999999999998,0.7642857142857126,0.9214285714285692
0.5923076923076914,1.4443359375,1.7587890625,0.47500000000000014,0.0,0.0,0.7500000000000003,0.28571428571428564,0.22857142857142862,0.48571428571428493,0.8500000000000004,0.5,0.2,0.7750000000000004,0.849999999999998,0.7642857142857126,0.9214285714285692
0.5932692307692299,1.4462890625,1.7587890625,0.47500000000000014,0.0,0.0,0.7500000000000003,0.28571428571428564,0.22857142857142862,0.48571428571428493,0.8500000000000004,0.5,0.2,0.7750000000000004,0.849999999999998,0.7714285714285697,0.9214285714285692
0.5942307692307683,1.4482421875,1.76171875,0.47500000000000014,0.0,0.0,0.7500000000000003,0.28571428571428564,0.22857142857142862,0.48571428571428493,0.8500000000000004,0.5,0.2,0.7750000000000004,0.849999999999998,0.7785714285714268,0.9214285714285692
0.5951923076923069,1.4501953125,1.7626953125,0.47500000000000014,0.0,0.0,0.7500000000000003,0.28571428571428564,0.22857142857142862,0.48571428571428493,0.8500000000000004,0.5,0.2,0.7750000000000004,0.849999999999998,0.7857142857142839,0.9214285714285692
0.5961538461538453,1.453125,1.765625,0.47500000000000014,0.0,0.0,0.7500000000000003,0.28571428571428564,0.23571428571428577,0.48571428571428493,0.8500000000000004,0.5,0.2,0.7750000000000004,0.849999999999998,0.7857142857142839,0.9214285714285692
0.5971153846153837,1.455078125,1.767578125,0.47500000000000014,0.0,0.0,0.7500000000000003,0.28571428571428564,0.23571428571428577,0.48571428571428493,0.8500000000000004,0.5,0.2,0.7750000000000004,0.849999999999998,0.792857142857141,0.9214285714285692
0.5980769230769222,1.45703125,1.76953125,0.47500000000000014,0.0,0.0,0.7500000000000003,0.28571428571428564,0.23571428571428577,0.48571428571428493,0.8500000000000004,0.5,0.2,0.7750000000000004,0.849999999999998,0.7999999999999982,0.9214285714285692
0.5990384615384607,1.4599609375,1.7724609375,0.47500000000000014,0.0,0.0,0.7500000000000003,0.29285714285714276,0.23571428571428577,0.48571428571428493,0.8500000000000004,0.5,0.2,0.7750000000000004,0.849999999999998,0.7999999999999982,0.9214285714285692
0.5999999999999991,1.462890625,1.7744140625,0.47500000000000014,0.0,0.0,0.7500000000000003,0.29285714285714276,0.2428571428571429,0.48571428571428493,0.8500000000000004,0.5,0.2,0.7750000000000004,0.849999999999998,0.7999999999999982,0.9214285714285692
0.6009615384615375,1.46484375,1.77734375,0.47500000000000014,0.0,0.0,0.7500000000000003,0.29285714285714276,0.2428571428571429,0.48571428571428493,0.8500000000000004,0.5,0.2,0.7750000000000004,0.849999999999998,0.8071428571428553,0.9214285714285692
