Effective Sparsity,Activation Error,Baseline Error,q0,k0,v0,o0,gate0,up0,down0,q1,k1,v1,o1,gate1,up1,down1
0.0010330578512396697,0.004180908203125,0.039794921875,0.0,0.0,0.0,0.0,0.0,0.0,0.0,0.0,0.0,0.0,0.0,0.009259259259259259,0.0,0.0
0.0020661157024793393,0.005863189697265625,0.039794921875,0.0,0.0,0.0,0.0,0.0,0.0,0.0,0.0,0.0,0.0,0.0,0.009259259259259259,0.009259259259259259,0.0
0.0030991735537190092,0.0088958740234375,0.039794921875,0.0,0.0,0.0,0.0,0.009259259259259259,0.0,0.0,0.0,0.0,0.0,0.0,0.009259259259259259,0.009259259259259259,0.0
0.004132231404958679,0.01152801513671875,0.039794921875,0.0,0.0,0.0,0.0,0.009259259259259259,0.009259259259259259,0.0,0.0,0.0,0.0,0.0,0.009259259259259259,0.009259259259259259,0.0
0.005165289256198348,0.01465606689453125,0.039794921875,0.0,0.0,0.0,0.0,0.009259259259259259,0.009259259259259259,0.0,0.0,0.0,0.0,0.0,0.009259259259259259,0.009259259259259259,0.009259259259259259
0.006198347107438018,0.0195159912109375,0.039794921875,0.0,0.0,0.0,0.0,0.009259259259259259,0.009259259259259259,0.009259259259259259,0.0,0.0,0.0,0.0,0.009259259259259259,0.009259259259259259,0.009259259259259259
0.007231404958677687,0.04974365234375,0.039794921875,0.0,0.0,0.0,0.0,0.009259259259259259,0.009259259259259259,0.009259259259259259,0.0,0.0,0.0,0.025,0.009259259259259259,0.009259259259259259,0.009259259259259259
0.008264462809917356,0.07049560546875,0.039794921875,0.0,0.0,0.0,0.0,0.009259259259259259,0.009259259259259259,0.009259259259259259,0.0,0.0,0.0,0.05,0.009259259259259259,0.009259259259259259,0.009259259259259259
0.009297520661157027,0.088134765625,0.039794921875,0.0,0.0,0.0,0.0,0.009259259259259259,0.009259259259259259,0.009259259259259259,0.0,0.0,0.0,0.07500000000000001,0.009259259259259259,0.009259259259259259,0.009259259259259259
0.010330578512396696,0.10406494140625,0.34765625,0.0,0.0,0.0,0.0,0.009259259259259259,0.009259259259259259,0.009259259259259259,0.0,0.0,0.0,0.1,0.009259259259259259,0.009259259259259259,0.009259259259259259
0.011363636363636367,0.11895751953125,0.375,0.0,0.0,0.0,0.0,0.009259259259259259,0.009259259259259259,0.009259259259259259,0.0,0.0,0.0,0.125,0.009259259259259259,0.009259259259259259,0.009259259259259259
0.012396694214876037,0.1334228515625,0.401611328125,0.0,0.0,0.0,0.0,0.009259259259259259,0.009259259259259259,0.009259259259259259,0.0,0.0,0.0,0.15,0.009259259259259259,0.009259259259259259,0.009259259259259259
0.013429752066115708,0.1474609375,0.42724609375,0.0,0.0,0.0,0.0,0.009259259259259259,0.009259259259259259,0.009259259259259259,0.0,0.0,0.0,0.175,0.009259259259259259,0.009259259259259259,0.009259259259259259
0.014462809917355378,0.1607666015625,0.451171875,0.0,0.0,0.0,0.0,0.009259259259259259,0.009259259259259259,0.009259259259259259,0.0,0.0,0.0,0.19999999999999998,0.009259259259259259,0.009259259259259259,0.009259259259259259
0.015495867768595047,0.174072265625,0.47607421875,0.0,0.0,0.0,0.0,0.009259259259259259,0.009259259259259259,0.009259259259259259,0.0,0.0,0.0,0.22499999999999998,0.009259259259259259,0.009259259259259259,0.009259259259259259
0.016528925619834715,0.1873779296875,0.50048828125,0.0,0.0,0.0,0.025,0.009259259259259259,0.009259259259259259,0.009259259259259259,0.0,0.0,0.0,0.22499999999999998,0.009259259259259259,0.009259259259259259,0.009259259259259259
0.017561983471074384,0.1998291015625,0.5224609375,0.0,0.0,0.0,0.025,0.009259259259259259,0.009259259259259259,0.009259259259259259,0.0,0.0,0.0,0.24999999999999997,0.009259259259259259,0.009259259259259259,0.009259259259259259
0.018595041322314057,0.2117919921875,0.5458984375,0.0,0.0,0.0,0.025,0.009259259259259259,0.009259259259259259,0.009259259259259259,0.0,0.0,0.0,0.27499999999999997,0.009259259259259259,0.009259259259259259,0.009259259259259259
0.019628099173553726,0.223876953125,0.56787109375,0.0,0.0,0.0,0.025,0.009259259259259259,0.009259259259259259,0.009259259259259259,0.0,0.0,0.0,0.3,0.009259259259259259,0.009259259259259259,0.009259259259259259
0.020661157024793396,0.2359619140625,0.5908203125,0.0,0.0,0.0,0.025,0.009259259259259259,0.009259259259259259,0.009259259259259259,0.0,0.0,0.0,0.325,0.009259259259259259,0.009259259259259259,0.009259259259259259
0.021694214876033062,0.24853515625,0.6142578125,0.0,0.0,0.0,0.025,0.009259259259259259,0.009259259259259259,0.009259259259259259,0.0,0.025,0.0,0.325,0.009259259259259259,0.009259259259259259,0.009259259259259259
0.022727272727272735,0.256103515625,0.63671875,0.0,0.0,0.0,0.025,0.009259259259259259,0.009259259259259259,0.009259259259259259,0.0,0.05,0.0,0.325,0.009259259259259259,0.009259259259259259,0.009259259259259259
0.023760330578512404,0.264892578125,0.65869140625,0.0,0.0,0.0,0.025,0.009259259259259259,0.009259259259259259,0.009259259259259259,0.0,0.07500000000000001,0.0,0.325,0.009259259259259259,0.009259259259259259,0.009259259259259259
0.024793388429752074,0.27392578125,0.68017578125,0.0,0.0,0.0,0.025,0.009259259259259259,0.009259259259259259,0.009259259259259259,0.0,0.1,0.0,0.325,0.009259259259259259,0.009259259259259259,0.009259259259259259
0.025826446280991743,0.28466796875,0.701171875,0.0,0.0,0.0,0.025,0.009259259259259259,0.009259259259259259,0.009259259259259259,0.0,0.125,0.0,0.325,0.009259259259259259,0.009259259259259259,0.009259259259259259
0.026859504132231416,0.29541015625,0.7216796875,0.0,0.0,0.0,0.025,0.009259259259259259,0.009259259259259259,0.009259259259259259,0.0,0.125,0.0,0.35000000000000003,0.009259259259259259,0.009259259259259259,0.009259259259259259
0.027892561983471086,0.30615234375,0.7412109375,0.0,0.0,0.0,0.025,0.009259259259259259,0.009259259259259259,0.009259259259259259,0.0,0.125,0.0,0.37500000000000006,0.009259259259259259,0.009259259259259259,0.009259259259259259
0.02892561983471075,0.3173828125,0.759765625,0.0,0.0,0.0,0.025,0.009259259259259259,0.009259259259259259,0.009259259259259259,0.0,0.15,0.0,0.37500000000000006,0.009259259259259259,0.009259259259259259,0.009259259259259259
0.029958677685950428,0.328369140625,0.77783203125,0.0,0.0,0.0,0.025,0.009259259259259259,0.009259259259259259,0.009259259259259259,0.0,0.15,0.0,0.4000000000000001,0.009259259259259259,0.009259259259259259,0.009259259259259259
0.030991735537190094,0.3388671875,0.79638671875,0.0,0.0,0.0,0.05,0.009259259259259259,0.009259259259259259,0.009259259259259259,0.0,0.15,0.0,0.4000000000000001,0.009259259259259259,0.009259259259259259,0.009259259259259259
0.03202479338842977,0.349609375,0.814453125,0.0,0.0,0.0,0.05,0.009259259259259259,0.009259259259259259,0.009259259259259259,0.0,0.15,0.0,0.4250000000000001,0.009259259259259259,0.009259259259259259,0.009259259259259259
0.033057851239669436,0.3603515625,0.83349609375,0.0,0.0,0.0,0.05,0.009259259259259259,0.009259259259259259,0.009259259259259259,0.0,0.175,0.0,0.4250000000000001,0.009259259259259259,0.009259259259259259,0.009259259259259259
0.0340909090909091,0.37109375,0.85107421875,0.0,0.0,0.0,0.05,0.009259259259259259,0.009259259259259259,0.009259259259259259,0.0,0.175,0.0,0.4500000000000001,0.009259259259259259,0.009259259259259259,0.009259259259259259
0.035123966942148775,0.38232421875,0.8701171875,0.0,0.0,0.0,0.07500000000000001,0.009259259259259259,0.009259259259259259,0.009259259259259259,0.0,0.175,0.0,0.4500000000000001,0.009259259259259259,0.009259259259259259,0.009259259259259259
0.03615702479338844,0.393310546875,0.88818359375,0.0,0.0,0.0,0.07500000000000001,0.009259259259259259,0.009259259259259259,0.009259259259259259,0.0,0.175,0.0,0.47500000000000014,0.009259259259259259,0.009259259259259259,0.009259259259259259
0.037190082644628114,0.404541015625,0.90625,0.0,0.0,0.0,0.07500000000000001,0.009259259259259259,0.009259259259259259,0.009259259259259259,0.0,0.19999999999999998,0.0,0.47500000000000014,0.009259259259259259,0.009259259259259259,0.009259259259259259
0.03822314049586778,0.41552734375,0.9248046875,0.0,0.0,0.0,0.07500000000000001,0.009259259259259259,0.009259259259259259,0.009259259259259259,0.0,0.19999999999999998,0.0,0.5000000000000001,0.009259259259259259,0.009259259259259259,0.009259259259259259
0.03925619834710745,0.4267578125,0.94287109375,0.0,0.0,0.0,0.1,0.009259259259259259,0.009259259259259259,0.009259259259259259,0.0,0.19999999999999998,0.0,0.5000000000000001,0.009259259259259259,0.009259259259259259,0.009259259259259259
0.040289256198347126,0.437744140625,0.95947265625,0.0,0.0,0.0,0.1,0.009259259259259259,0.009259259259259259,0.009259259259259259,0.0,0.22499999999999998,0.0,0.5000000000000001,0.009259259259259259,0.009259259259259259,0.009259259259259259
0.041322314049586785,0.448486328125,0.97802734375,0.0,0.0,0.0,0.1,0.009259259259259259,0.009259259259259259,0.009259259259259259,0.0,0.22499999999999998,0.0,0.5250000000000001,0.009259259259259259,0.009259259259259259,0.009259259259259259
0.04235537190082645,0.459228515625,0.9951171875,0.0,0.0,0.0,0.1,0.009259259259259259,0.009259259259259259,0.009259259259259259,0.0,0.24999999999999997,0.0,0.5250000000000001,0.009259259259259259,0.009259259259259259,0.009259259259259259
0.04338842975206612,0.47021484375,1.0126953125,0.0,0.0,0.0,0.125,0.009259259259259259,0.009259259259259259,0.009259259259259259,0.0,0.24999999999999997,0.0,0.5250000000000001,0.009259259259259259,0.009259259259259259,0.009259259259259259
0.04442148760330578,0.4814453125,1.0302734375,0.0,0.0,0.0,0.125,0.009259259259259259,0.009259259259259259,0.009259259259259259,0.0,0.24999999999999997,0.0,0.5500000000000002,0.009259259259259259,0.009259259259259259,0.009259259259259259
0.045454545454545456,0.492919921875,1.044921875,0.0,0.0,0.0,0.125,0.009259259259259259,0.009259259259259259,0.009259259259259259,0.0,0.24999999999999997,0.0,0.5500000000000002,0.009259259259259259,0.009259259259259259,0.018518518518518517
0.04648760330578512,0.50146484375,1.0625,0.0,0.0,0.0,0.125,0.009259259259259259,0.009259259259259259,0.009259259259259259,0.0,0.24999999999999997,0.0,0.5500000000000002,0.009259259259259259,0.009259259259259259,0.027777777777777776
0.047520661157024795,0.5107421875,1.080078125,0.0,0.0,0.0,0.125,0.009259259259259259,0.009259259259259259,0.009259259259259259,0.0,0.24999999999999997,0.0,0.5500000000000002,0.009259259259259259,0.009259259259259259,0.037037037037037035
0.04855371900826446,0.52099609375,1.095703125,0.0,0.0,0.0,0.125,0.009259259259259259,0.009259259259259259,0.009259259259259259,0.0,0.24999999999999997,0.0,0.5500000000000002,0.009259259259259259,0.009259259259259259,0.046296296296296294
0.04958677685950414,0.5322265625,1.1123046875,0.0,0.0,0.0,0.15,0.009259259259259259,0.009259259259259259,0.009259259259259259,0.0,0.24999999999999997,0.0,0.5500000000000002,0.009259259259259259,0.009259259259259259,0.046296296296296294
0.050619834710743807,0.54296875,1.130859375,0.0,0.0,0.0,0.15,0.009259259259259259,0.009259259259259259,0.009259259259259259,0.0,0.27499999999999997,0.0,0.5500000000000002,0.009259259259259259,0.009259259259259259,0.046296296296296294
0.05165289256198348,0.5537109375,1.1474609375,0.0,0.0,0.0,0.15,0.009259259259259259,0.009259259259259259,0.009259259259259259,0.0,0.27499999999999997,0.0,0.5750000000000002,0.009259259259259259,0.009259259259259259,0.046296296296296294
0.052685950413223145,0.564453125,1.1611328125,0.0,0.0,0.0,0.15,0.009259259259259259,0.009259259259259259,0.009259259259259259,0.0,0.27499999999999997,0.0,0.5750000000000002,0.009259259259259259,0.009259259259259259,0.05555555555555555
0.05371900826446281,0.5751953125,1.177734375,0.0,0.0,0.0,0.175,0.009259259259259259,0.009259259259259259,0.009259259259259259,0.0,0.27499999999999997,0.0,0.5750000000000002,0.009259259259259259,0.009259259259259259,0.05555555555555555
0.054752066115702484,0.5859375,1.1953125,0.0,0.0,0.0,0.175,0.009259259259259259,0.009259259259259259,0.009259259259259259,0.0,0.27499999999999997,0.0,0.5750000000000002,0.009259259259259259,0.009259259259259259,0.06481481481481481
0.05578512396694215,0.59716796875,1.2119140625,0.0,0.0,0.0,0.19999999999999998,0.009259259259259259,0.009259259259259259,0.009259259259259259,0.0,0.27499999999999997,0.0,0.5750000000000002,0.009259259259259259,0.009259259259259259,0.06481481481481481
0.05681818181818183,0.60791015625,1.2255859375,0.0,0.0,0.0,0.19999999999999998,0.009259259259259259,0.009259259259259259,0.009259259259259259,0.0,0.3,0.0,0.5750000000000002,0.009259259259259259,0.009259259259259259,0.06481481481481481
0.0578512396694215,0.6181640625,1.2412109375,0.0,0.0,0.0,0.19999999999999998,0.009259259259259259,0.009259259259259259,0.009259259259259259,0.0,0.325,0.0,0.5750000000000002,0.009259259259259259,0.009259259259259259,0.06481481481481481
0.05888429752066117,0.62841796875,1.2578125,0.0,0.0,0.0,0.19999999999999998,0.009259259259259259,0.009259259259259259,0.009259259259259259,0.0,0.325,0.0,0.6000000000000002,0.009259259259259259,0.009259259259259259,0.06481481481481481
0.05991735537190084,0.63916015625,1.2744140625,0.0,0.0,0.0,0.19999999999999998,0.009259259259259259,0.009259259259259259,0.009259259259259259,0.0,0.325,0.0,0.6000000000000002,0.018518518518518517,0.009259259259259259,0.06481481481481481
0.06095041322314051,0.6494140625,1.2880859375,0.0,0.0,0.0,0.19999999999999998,0.009259259259259259,0.009259259259259259,0.009259259259259259,0.0,0.325,0.0,0.6000000000000002,0.027777777777777776,0.009259259259259259,0.06481481481481481
0.061983471074380174,0.65966796875,1.3046875,0.0,0.0,0.0,0.19999999999999998,0.009259259259259259,0.009259259259259259,0.009259259259259259,0.0,0.325,0.0,0.6000000000000002,0.027777777777777776,0.009259259259259259,0.07407407407407407
0.06301652892561985,0.67041015625,1.3193359375,0.0,0.0,0.0,0.22499999999999998,0.009259259259259259,0.009259259259259259,0.009259259259259259,0.0,0.325,0.0,0.6000000000000002,0.027777777777777776,0.009259259259259259,0.07407407407407407
0.06404958677685951,0.6806640625,1.3359375,0.0,0.0,0.0,0.22499999999999998,0.009259259259259259,0.009259259259259259,0.009259259259259259,0.0,0.325,0.0,0.6000000000000002,0.027777777777777776,0.009259259259259259,0.08333333333333333
0.06508264462809919,0.69140625,1.3505859375,0.0,0.0,0.0,0.22499999999999998,0.009259259259259259,0.009259259259259259,0.009259259259259259,0.0,0.325,0.0,0.6250000000000002,0.027777777777777776,0.009259259259259259,0.08333333333333333
0.06611570247933887,0.7021484375,1.3671875,0.0,0.0,0.0,0.22499999999999998,0.009259259259259259,0.009259259259259259,0.009259259259259259,0.0,0.325,0.0,0.6250000000000002,0.027777777777777776,0.018518518518518517,0.08333333333333333
0.06714876033057854,0.71240234375,1.380859375,0.0,0.0,0.0,0.22499999999999998,0.009259259259259259,0.009259259259259259,0.009259259259259259,0.0,0.325,0.0,0.6250000000000002,0.027777777777777776,0.027777777777777776,0.08333333333333333
0.0681818181818182,0.72314453125,1.3955078125,0.0,0.0,0.0,0.22499999999999998,0.009259259259259259,0.009259259259259259,0.009259259259259259,0.0,0.35000000000000003,0.0,0.6250000000000002,0.027777777777777776,0.027777777777777776,0.08333333333333333
0.06921487603305787,0.7333984375,1.4091796875,0.0,0.0,0.0,0.22499999999999998,0.009259259259259259,0.009259259259259259,0.009259259259259259,0.0,0.35000000000000003,0.0,0.6250000000000002,0.027777777777777776,0.027777777777777776,0.09259259259259259
0.07024793388429754,0.744140625,1.42578125,0.0,0.0,0.0,0.24999999999999997,0.009259259259259259,0.009259259259259259,0.009259259259259259,0.0,0.35000000000000003,0.0,0.6250000000000002,0.027777777777777776,0.027777777777777776,0.09259259259259259
0.0712809917355372,0.75439453125,1.4404296875,0.0,0.0,0.0,0.27499999999999997,0.009259259259259259,0.009259259259259259,0.009259259259259259,0.0,0.35000000000000003,0.0,0.6250000000000002,0.027777777777777776,0.027777777777777776,0.09259259259259259
0.07231404958677688,0.76513671875,1.4541015625,0.0,0.0,0.0,0.27499999999999997,0.009259259259259259,0.009259259259259259,0.009259259259259259,0.0,0.35000000000000003,0.0,0.6250000000000002,0.037037037037037035,0.027777777777777776,0.09259259259259259
0.07334710743801656,0.775390625,1.46875,0.0,0.0,0.0,0.27499999999999997,0.009259259259259259,0.009259259259259259,0.009259259259259259,0.0,0.35000000000000003,0.0,0.6250000000000002,0.037037037037037035,0.027777777777777776,0.10185185185185185
0.07438016528925623,0.7861328125,1.4833984375,0.0,0.0,0.0,0.27499999999999997,0.009259259259259259,0.009259259259259259,0.009259259259259259,0.0,0.35000000000000003,0.0,0.6500000000000002,0.037037037037037035,0.027777777777777776,0.10185185185185185
0.07541322314049591,0.796875,1.498046875,0.0,0.0,0.0,0.27499999999999997,0.009259259259259259,0.009259259259259259,0.009259259259259259,0.0,0.37500000000000006,0.0,0.6500000000000002,0.037037037037037035,0.027777777777777776,0.10185185185185185
0.07644628099173557,0.8076171875,1.5126953125,0.0,0.0,0.0,0.3,0.009259259259259259,0.009259259259259259,0.009259259259259259,0.0,0.37500000000000006,0.0,0.6500000000000002,0.037037037037037035,0.027777777777777776,0.10185185185185185
0.07747933884297524,0.818359375,1.52734375,0.0,0.0,0.0,0.3,0.009259259259259259,0.009259259259259259,0.009259259259259259,0.0,0.37500000000000006,0.0,0.6500000000000002,0.037037037037037035,0.037037037037037035,0.10185185185185185
0.07851239669421492,0.8291015625,1.5419921875,0.0,0.0,0.0,0.3,0.009259259259259259,0.009259259259259259,0.009259259259259259,0.0,0.37500000000000006,0.0,0.6500000000000002,0.037037037037037035,0.037037037037037035,0.1111111111111111
0.07954545454545459,0.83935546875,1.556640625,0.0,0.0,0.0,0.3,0.009259259259259259,0.009259259259259259,0.009259259259259259,0.0,0.37500000000000006,0.0,0.6500000000000002,0.037037037037037035,0.037037037037037035,0.12037037037037036
0.08057851239669425,0.85009765625,1.5693359375,0.0,0.0,0.0,0.325,0.009259259259259259,0.009259259259259259,0.009259259259259259,0.0,0.37500000000000006,0.0,0.6500000000000002,0.037037037037037035,0.037037037037037035,0.12037037037037036
0.08161157024793392,0.86083984375,1.583984375,0.0,0.0,0.0,0.325,0.009259259259259259,0.009259259259259259,0.009259259259259259,0.0,0.4000000000000001,0.0,0.6500000000000002,0.037037037037037035,0.037037037037037035,0.12037037037037036
0.08264462809917361,0.87158203125,1.5986328125,0.0,0.0,0.0,0.325,0.009259259259259259,0.009259259259259259,0.009259259259259259,0.0,0.4000000000000001,0.0,0.6750000000000003,0.037037037037037035,0.037037037037037035,0.12037037037037036
0.08367768595041328,0.88232421875,1.6123046875,0.0,0.0,0.0,0.325,0.009259259259259259,0.009259259259259259,0.009259259259259259,0.0,0.4000000000000001,0.0,0.6750000000000003,0.046296296296296294,0.037037037037037035,0.12037037037037036
0.08471074380165294,0.8935546875,1.6279296875,0.0,0.0,0.0,0.35000000000000003,0.009259259259259259,0.009259259259259259,0.009259259259259259,0.0,0.4000000000000001,0.0,0.6750000000000003,0.046296296296296294,0.037037037037037035,0.12037037037037036
0.08574380165289261,0.904296875,1.642578125,0.0,0.0,0.0,0.37500000000000006,0.009259259259259259,0.009259259259259259,0.009259259259259259,0.0,0.4000000000000001,0.0,0.6750000000000003,0.046296296296296294,0.037037037037037035,0.12037037037037036
0.08677685950413228,0.9150390625,1.6552734375,0.0,0.0,0.0,0.37500000000000006,0.009259259259259259,0.009259259259259259,0.009259259259259259,0.0,0.4000000000000001,0.0,0.6750000000000003,0.046296296296296294,0.037037037037037035,0.12962962962962962
0.08780991735537194,0.92578125,1.6708984375,0.0,0.0,0.0,0.37500000000000006,0.009259259259259259,0.009259259259259259,0.009259259259259259,0.0,0.4000000000000001,0.0,0.6750000000000003,0.046296296296296294,0.037037037037037035,0.1388888888888889
0.08884297520661161,0.9365234375,1.6826171875,0.0,0.0,0.0,0.37500000000000006,0.009259259259259259,0.009259259259259259,0.009259259259259259,0.0,0.4000000000000001,0.0,0.6750000000000003,0.05555555555555555,0.037037037037037035,0.1388888888888889
0.08987603305785129,0.947265625,1.6982421875,0.0,0.0,0.0,0.37500000000000006,0.009259259259259259,0.009259259259259259,0.009259259259259259,0.0,0.4250000000000001,0.0,0.6750000000000003,0.05555555555555555,0.037037037037037035,0.1388888888888889
0.09090909090909095,0.9580078125,1.7109375,0.0,0.0,0.0,0.37500000000000006,0.009259259259259259,0.009259259259259259,0.009259259259259259,0.0,0.4250000000000001,0.0,0.6750000000000003,0.05555555555555555,0.037037037037037035,0.14814814814814814
0.09194214876033062,0.96875,1.7236328125,0.0,0.0,0.0,0.37500000000000006,0.009259259259259259,0.009259259259259259,0.009259259259259259,0.0,0.4250000000000001,0.0,0.6750000000000003,0.05555555555555555,0.037037037037037035,0.15740740740740738
0.09297520661157029,0.9794921875,1.740234375,0.0,0.0,0.0,0.37500000000000006,0.009259259259259259,0.009259259259259259,0.009259259259259259,0.0,0.4250000000000001,0.0,0.6750000000000003,0.05555555555555555,0.046296296296296294,0.15740740740740738
0.09400826446280995,0.99072265625,1.75390625,0.0,0.0,0.0,0.4000000000000001,0.009259259259259259,0.009259259259259259,0.009259259259259259,0.0,0.4250000000000001,0.0,0.6750000000000003,0.05555555555555555,0.046296296296296294,0.15740740740740738
0.09504132231404962,1.001953125,1.7666015625,0.0,0.0,0.0,0.4250000000000001,0.009259259259259259,0.009259259259259259,0.009259259259259259,0.0,0.4250000000000001,0.0,0.6750000000000003,0.05555555555555555,0.046296296296296294,0.15740740740740738
0.09607438016528928,1.0126953125,1.7822265625,0.0,0.0,0.0,0.4250000000000001,0.009259259259259259,0.009259259259259259,0.009259259259259259,0.025,0.4250000000000001,0.0,0.6750000000000003,0.05555555555555555,0.046296296296296294,0.15740740740740738
0.09710743801652895,1.0234375,1.7958984375,0.0,0.0,0.0,0.4250000000000001,0.009259259259259259,0.009259259259259259,0.009259259259259259,0.025,0.4250000000000001,0.0,0.7000000000000003,0.05555555555555555,0.046296296296296294,0.15740740740740738
0.09814049586776863,1.0341796875,1.80859375,0.0,0.0,0.0,0.4250000000000001,0.009259259259259259,0.009259259259259259,0.009259259259259259,0.025,0.4250000000000001,0.0,0.7000000000000003,0.06481481481481481,0.046296296296296294,0.15740740740740738
0.09917355371900831,1.044921875,1.822265625,0.0,0.0,0.0,0.4250000000000001,0.009259259259259259,0.009259259259259259,0.009259259259259259,0.025,0.4500000000000001,0.0,0.7000000000000003,0.06481481481481481,0.046296296296296294,0.15740740740740738
0.10020661157024797,1.0556640625,1.8349609375,0.0,0.0,0.0,0.4250000000000001,0.009259259259259259,0.009259259259259259,0.009259259259259259,0.025,0.4500000000000001,0.0,0.7000000000000003,0.06481481481481481,0.046296296296296294,0.16666666666666663
0.10123966942148767,1.06640625,1.8515625,0.0,0.0,0.0,0.4250000000000001,0.009259259259259259,0.009259259259259259,0.009259259259259259,0.025,0.4500000000000001,0.0,0.7000000000000003,0.06481481481481481,0.05555555555555555,0.16666666666666663
0.1022727272727273,1.0771484375,1.8642578125,0.0,0.0,0.0,0.4250000000000001,0.009259259259259259,0.009259259259259259,0.009259259259259259,0.025,0.4500000000000001,0.0,0.7000000000000003,0.06481481481481481,0.05555555555555555,0.17592592592592587
0.103305785123967,1.087890625,1.8779296875,0.0,0.0,0.0,0.4250000000000001,0.009259259259259259,0.009259259259259259,0.009259259259259259,0.025,0.47500000000000014,0.0,0.7000000000000003,0.06481481481481481,0.05555555555555555,0.17592592592592587
0.10433884297520667,1.0986328125,1.890625,0.0,0.0,0.0,0.4250000000000001,0.009259259259259259,0.009259259259259259,0.009259259259259259,0.025,0.47500000000000014,0.0,0.7000000000000003,0.06481481481481481,0.05555555555555555,0.18518518518518512
0.10537190082644633,1.109375,1.904296875,0.0,0.0,0.0,0.4250000000000001,0.009259259259259259,0.009259259259259259,0.009259259259259259,0.025,0.47500000000000014,0.0,0.7000000000000003,0.06481481481481481,0.05555555555555555,0.19444444444444436
0.106404958677686,1.1201171875,1.9189453125,0.0,0.0,0.0,0.4250000000000001,0.009259259259259259,0.009259259259259259,0.009259259259259259,0.025,0.47500000000000014,0.0,0.7000000000000003,0.07407407407407407,0.05555555555555555,0.19444444444444436
0.10743801652892566,1.1318359375,1.9326171875,0.0,0.0,0.0,0.4500000000000001,0.009259259259259259,0.009259259259259259,0.009259259259259259,0.025,0.47500000000000014,0.0,0.7000000000000003,0.07407407407407407,0.05555555555555555,0.19444444444444436
0.10847107438016533,1.142578125,1.947265625,0.0,0.0,0.0,0.4500000000000001,0.009259259259259259,0.009259259259259259,0.009259259259259259,0.025,0.47500000000000014,0.0,0.7250000000000003,0.07407407407407407,0.05555555555555555,0.19444444444444436
0.10950413223140501,1.1533203125,1.9599609375,0.0,0.0,0.0,0.4500000000000001,0.009259259259259259,0.009259259259259259,0.009259259259259259,0.025,0.47500000000000014,0.0,0.7250000000000003,0.08333333333333333,0.05555555555555555,0.19444444444444436
0.11053719008264468,1.1640625,1.9736328125,0.0,0.0,0.0,0.4500000000000001,0.009259259259259259,0.009259259259259259,0.009259259259259259,0.025,0.47500000000000014,0.0,0.7250000000000003,0.08333333333333333,0.06481481481481481,0.19444444444444436
0.11157024793388433,1.17578125,1.9873046875,0.0,0.0,0.0,0.47500000000000014,0.009259259259259259,0.009259259259259259,0.009259259259259259,0.025,0.47500000000000014,0.0,0.7250000000000003,0.08333333333333333,0.06481481481481481,0.19444444444444436
0.112603305785124,1.1865234375,2.001953125,0.0,0.0,0.0,0.47500000000000014,0.009259259259259259,0.009259259259259259,0.009259259259259259,0.025,0.47500000000000014,0.0,0.7250000000000003,0.08333333333333333,0.06481481481481481,0.2037037037037036
0.11363636363636366,1.197265625,2.01171875,0.0,0.0,0.0,0.47500000000000014,0.009259259259259259,0.009259259259259259,0.009259259259259259,0.025,0.47500000000000014,0.0,0.7250000000000003,0.08333333333333333,0.06481481481481481,0.21296296296296285
0.11466942148760334,1.208984375,2.02734375,0.0,0.0,0.0,0.5000000000000001,0.009259259259259259,0.009259259259259259,0.009259259259259259,0.025,0.47500000000000014,0.0,0.7250000000000003,0.08333333333333333,0.06481481481481481,0.21296296296296285
0.115702479338843,1.2197265625,2.041015625,0.0,0.0,0.0,0.5000000000000001,0.009259259259259259,0.009259259259259259,0.009259259259259259,0.025,0.5000000000000001,0.0,0.7250000000000003,0.08333333333333333,0.06481481481481481,0.21296296296296285
0.11673553719008267,1.23046875,2.0546875,0.0,0.0,0.0,0.5000000000000001,0.009259259259259259,0.009259259259259259,0.009259259259259259,0.025,0.5000000000000001,0.0,0.7250000000000003,0.09259259259259259,0.06481481481481481,0.21296296296296285
0.11776859504132234,1.2421875,2.068359375,0.0,0.0,0.0,0.5250000000000001,0.009259259259259259,0.009259259259259259,0.009259259259259259,0.025,0.5000000000000001,0.0,0.7250000000000003,0.09259259259259259,0.06481481481481481,0.21296296296296285
0.11880165289256202,1.2529296875,2.083984375,0.0,0.0,0.0,0.5250000000000001,0.009259259259259259,0.009259259259259259,0.009259259259259259,0.025,0.5250000000000001,0.0,0.7250000000000003,0.09259259259259259,0.06481481481481481,0.21296296296296285
0.11983471074380167,1.2646484375,2.09375,0.0,0.0,0.0,0.5250000000000001,0.009259259259259259,0.009259259259259259,0.018518518518518517,0.025,0.5250000000000001,0.0,0.7250000000000003,0.09259259259259259,0.06481481481481481,0.21296296296296285
0.12086776859504135,1.2734375,2.107421875,0.0,0.0,0.0,0.5250000000000001,0.009259259259259259,0.009259259259259259,0.027777777777777776,0.025,0.5250000000000001,0.0,0.7250000000000003,0.09259259259259259,0.06481481481481481,0.21296296296296285
0.12190082644628102,1.2841796875,2.123046875,0.0,0.0,0.0,0.5250000000000001,0.009259259259259259,0.009259259259259259,0.037037037037037035,0.025,0.5250000000000001,0.0,0.7250000000000003,0.09259259259259259,0.06481481481481481,0.21296296296296285
0.12293388429752068,1.2939453125,2.134765625,0.0,0.0,0.0,0.5250000000000001,0.009259259259259259,0.009259259259259259,0.037037037037037035,0.025,0.5250000000000001,0.0,0.7250000000000003,0.10185185185185185,0.06481481481481481,0.21296296296296285
0.12396694214876038,1.3046875,2.146484375,0.0,0.0,0.0,0.5250000000000001,0.009259259259259259,0.009259259259259259,0.037037037037037035,0.025,0.5250000000000001,0.0,0.7250000000000003,0.10185185185185185,0.07407407407407407,0.21296296296296285
0.12500000000000003,1.3154296875,2.162109375,0.0,0.0,0.0,0.5250000000000001,0.009259259259259259,0.009259259259259259,0.037037037037037035,0.025,0.5250000000000001,0.0,0.7250000000000003,0.10185185185185185,0.07407407407407407,0.2222222222222221
0.1260330578512397,1.326171875,2.177734375,0.0,0.0,0.0,0.5250000000000001,0.009259259259259259,0.009259259259259259,0.037037037037037035,0.025,0.5250000000000001,0.0,0.7250000000000003,0.10185185185185185,0.08333333333333333,0.2222222222222221
0.12706611570247936,1.3369140625,2.1875,0.0,0.0,0.0,0.5250000000000001,0.009259259259259259,0.009259259259259259,0.037037037037037035,0.025,0.5250000000000001,0.0,0.7250000000000003,0.10185185185185185,0.08333333333333333,0.23148148148148134
0.12809917355371903,1.34765625,2.201171875,0.0,0.0,0.0,0.5250000000000001,0.009259259259259259,0.009259259259259259,0.037037037037037035,0.025,0.5250000000000001,0.0,0.7250000000000003,0.10185185185185185,0.08333333333333333,0.2407407407407406
0.12913223140495872,1.3583984375,2.216796875,0.0,0.0,0.0,0.5250000000000001,0.009259259259259259,0.009259259259259259,0.046296296296296294,0.025,0.5250000000000001,0.0,0.7250000000000003,0.10185185185185185,0.08333333333333333,0.2407407407407406
0.13016528925619839,1.369140625,2.228515625,0.0,0.0,0.0,0.5250000000000001,0.009259259259259259,0.009259259259259259,0.046296296296296294,0.05,0.5250000000000001,0.0,0.7250000000000003,0.10185185185185185,0.08333333333333333,0.2407407407407406
0.13119834710743802,1.37890625,2.2421875,0.0,0.0,0.0,0.5250000000000001,0.009259259259259259,0.009259259259259259,0.046296296296296294,0.07500000000000001,0.5250000000000001,0.0,0.7250000000000003,0.10185185185185185,0.08333333333333333,0.2407407407407406
0.13223140495867772,1.3876953125,2.2578125,0.0,0.025,0.0,0.5250000000000001,0.009259259259259259,0.009259259259259259,0.046296296296296294,0.07500000000000001,0.5250000000000001,0.0,0.7250000000000003,0.10185185185185185,0.08333333333333333,0.2407407407407406
0.13326446280991738,1.3955078125,2.26953125,0.0,0.025,0.0,0.5250000000000001,0.009259259259259259,0.009259259259259259,0.046296296296296294,0.1,0.5250000000000001,0.0,0.7250000000000003,0.10185185185185185,0.08333333333333333,0.2407407407407406
0.13429752066115705,1.4052734375,2.283203125,0.0,0.025,0.0,0.5250000000000001,0.009259259259259259,0.009259259259259259,0.046296296296296294,0.125,0.5250000000000001,0.0,0.7250000000000003,0.10185185185185185,0.08333333333333333,0.2407407407407406
0.13533057851239674,1.4150390625,2.294921875,0.0,0.025,0.0,0.5250000000000001,0.009259259259259259,0.009259259259259259,0.046296296296296294,0.15,0.5250000000000001,0.0,0.7250000000000003,0.10185185185185185,0.08333333333333333,0.2407407407407406
0.1363636363636364,1.423828125,2.310546875,0.0,0.025,0.0,0.5250000000000001,0.009259259259259259,0.009259259259259259,0.046296296296296294,0.15,0.5250000000000001,0.0,0.7500000000000003,0.10185185185185185,0.08333333333333333,0.2407407407407406
0.13739669421487608,1.43359375,2.322265625,0.0,0.025,0.0,0.5250000000000001,0.009259259259259259,0.009259259259259259,0.046296296296296294,0.175,0.5250000000000001,0.0,0.7500000000000003,0.10185185185185185,0.08333333333333333,0.2407407407407406
0.13842975206611574,1.443359375,2.3359375,0.0,0.025,0.0,0.5250000000000001,0.009259259259259259,0.009259259259259259,0.046296296296296294,0.19999999999999998,0.5250000000000001,0.0,0.7500000000000003,0.10185185185185185,0.08333333333333333,0.2407407407407406
0.1394628099173554,1.453125,2.34765625,0.0,0.025,0.0,0.5500000000000002,0.009259259259259259,0.009259259259259259,0.046296296296296294,0.19999999999999998,0.5250000000000001,0.0,0.7500000000000003,0.10185185185185185,0.08333333333333333,0.2407407407407406
0.14049586776859507,1.462890625,2.36328125,0.0,0.025,0.0,0.5500000000000002,0.009259259259259259,0.009259259259259259,0.046296296296296294,0.22499999999999998,0.5250000000000001,0.0,0.7500000000000003,0.10185185185185185,0.08333333333333333,0.2407407407407406
0.14152892561983474,1.47265625,2.375,0.0,0.025,0.0,0.5500000000000002,0.009259259259259259,0.009259259259259259,0.046296296296296294,0.22499999999999998,0.5250000000000001,0.0,0.7500000000000003,0.1111111111111111,0.08333333333333333,0.2407407407407406
0.1425619834710744,1.482421875,2.390625,0.0,0.025,0.0,0.5500000000000002,0.009259259259259259,0.009259259259259259,0.046296296296296294,0.22499999999999998,0.5250000000000001,0.0,0.7500000000000003,0.1111111111111111,0.08333333333333333,0.24999999999999983
0.1435950413223141,1.4931640625,2.40234375,0.0,0.025,0.0,0.5750000000000002,0.009259259259259259,0.009259259259259259,0.046296296296296294,0.22499999999999998,0.5250000000000001,0.0,0.7500000000000003,0.1111111111111111,0.08333333333333333,0.24999999999999983
0.14462809917355374,1.50390625,2.41796875,0.0,0.05,0.0,0.5750000000000002,0.009259259259259259,0.009259259259259259,0.046296296296296294,0.22499999999999998,0.5250000000000001,0.0,0.7500000000000003,0.1111111111111111,0.08333333333333333,0.24999999999999983
0.14566115702479343,1.513671875,2.4296875,0.0,0.05,0.0,0.5750000000000002,0.009259259259259259,0.009259259259259259,0.046296296296296294,0.22499999999999998,0.5250000000000001,0.0,0.7500000000000003,0.1111111111111111,0.08333333333333333,0.2592592592592591
0.1466942148760331,1.5234375,2.44140625,0.0,0.05,0.0,0.5750000000000002,0.009259259259259259,0.009259259259259259,0.046296296296296294,0.22499999999999998,0.5250000000000001,0.0,0.7500000000000003,0.1111111111111111,0.08333333333333333,0.2685185185185183
0.14772727272727276,1.5341796875,2.455078125,0.0,0.05,0.0,0.6000000000000002,0.009259259259259259,0.009259259259259259,0.046296296296296294,0.22499999999999998,0.5250000000000001,0.0,0.7500000000000003,0.1111111111111111,0.08333333333333333,0.2685185185185183
0.14876033057851243,1.5439453125,2.466796875,0.0,0.05,0.0,0.6000000000000002,0.009259259259259259,0.009259259259259259,0.046296296296296294,0.24999999999999997,0.5250000000000001,0.0,0.7500000000000003,0.1111111111111111,0.08333333333333333,0.2685185185185183
0.14979338842975212,1.5537109375,2.482421875,0.0,0.05,0.0,0.6000000000000002,0.009259259259259259,0.009259259259259259,0.046296296296296294,0.24999999999999997,0.5250000000000001,0.0,0.7500000000000003,0.12037037037037036,0.08333333333333333,0.2685185185185183
0.1508264462809918,1.564453125,2.494140625,0.0,0.05,0.0,0.6000000000000002,0.009259259259259259,0.009259259259259259,0.05555555555555555,0.24999999999999997,0.5250000000000001,0.0,0.7500000000000003,0.12037037037037036,0.08333333333333333,0.2685185185185183
0.15185950413223145,1.57421875,2.505859375,0.0,0.05,0.0,0.6000000000000002,0.009259259259259259,0.009259259259259259,0.05555555555555555,0.24999999999999997,0.5250000000000001,0.0,0.7500000000000003,0.12962962962962962,0.08333333333333333,0.2685185185185183
0.15289256198347112,1.5849609375,2.521484375,0.0,0.05,0.0,0.6000000000000002,0.009259259259259259,0.009259259259259259,0.05555555555555555,0.27499999999999997,0.5250000000000001,0.0,0.7500000000000003,0.12962962962962962,0.08333333333333333,0.2685185185185183
0.1539256198347108,1.5947265625,2.533203125,0.0,0.05,0.0,0.6000000000000002,0.009259259259259259,0.009259259259259259,0.05555555555555555,0.3,0.5250000000000001,0.0,0.7500000000000003,0.12962962962962962,0.08333333333333333,0.2685185185185183
0.15495867768595045,1.6044921875,2.544921875,0.0,0.05,0.0,0.6000000000000002,0.009259259259259259,0.009259259259259259,0.05555555555555555,0.3,0.5250000000000001,0.0,0.7500000000000003,0.12962962962962962,0.09259259259259259,0.2685185185185183
0.15599173553719012,1.615234375,2.560546875,0.0,0.05,0.0,0.6250000000000002,0.009259259259259259,0.009259259259259259,0.05555555555555555,0.3,0.5250000000000001,0.0,0.7500000000000003,0.12962962962962962,0.09259259259259259,0.2685185185185183
0.15702479338842978,1.625,2.572265625,0.0,0.05,0.0,0.6250000000000002,0.009259259259259259,0.009259259259259259,0.05555555555555555,0.3,0.5250000000000001,0.0,0.7750000000000004,0.12962962962962962,0.09259259259259259,0.2685185185185183
0.15805785123966945,1.634765625,2.5859375,0.0,0.05,0.0,0.6250000000000002,0.009259259259259259,0.009259259259259259,0.05555555555555555,0.3,0.5250000000000001,0.0,0.7750000000000004,0.12962962962962962,0.10185185185185185,0.2685185185185183
0.15909090909090912,1.64453125,2.599609375,0.0,0.05,0.0,0.6250000000000002,0.009259259259259259,0.009259259259259259,0.05555555555555555,0.3,0.5250000000000001,0.0,0.7750000000000004,0.12962962962962962,0.10185185185185185,0.27777777777777757
0.1601239669421488,1.6552734375,2.611328125,0.0,0.05,0.0,0.6250000000000002,0.009259259259259259,0.009259259259259259,0.06481481481481481,0.3,0.5250000000000001,0.0,0.7750000000000004,0.12962962962962962,0.10185185185185185,0.27777777777777757
0.16115702479338848,1.6650390625,2.623046875,0.0,0.05,0.0,0.6250000000000002,0.009259259259259259,0.009259259259259259,0.06481481481481481,0.3,0.5250000000000001,0.0,0.7750000000000004,0.12962962962962962,0.10185185185185185,0.2870370370370368
0.16219008264462814,1.6748046875,2.634765625,0.0,0.05,0.0,0.6250000000000002,0.009259259259259259,0.009259259259259259,0.06481481481481481,0.325,0.5250000000000001,0.0,0.7750000000000004,0.12962962962962962,0.10185185185185185,0.2870370370370368
0.1632231404958678,1.685546875,2.650390625,0.0,0.05,0.0,0.6250000000000002,0.009259259259259259,0.009259259259259259,0.06481481481481481,0.325,0.5250000000000001,0.0,0.7750000000000004,0.1388888888888889,0.10185185185185185,0.2870370370370368
0.16425619834710747,1.6953125,2.6640625,0.0,0.05,0.0,0.6250000000000002,0.009259259259259259,0.009259259259259259,0.06481481481481481,0.325,0.5250000000000001,0.0,0.7750000000000004,0.14814814814814814,0.10185185185185185,0.2870370370370368
0.16528925619834714,1.705078125,2.677734375,0.0,0.05,0.0,0.6250000000000002,0.009259259259259259,0.009259259259259259,0.06481481481481481,0.325,0.5250000000000001,0.0,0.7750000000000004,0.14814814814814814,0.1111111111111111,0.2870370370370368
0.16632231404958683,1.71484375,2.6875,0.0,0.05,0.0,0.6250000000000002,0.009259259259259259,0.009259259259259259,0.06481481481481481,0.325,0.5250000000000001,0.0,0.7750000000000004,0.14814814814814814,0.1111111111111111,0.29629629629629606
0.16735537190082647,1.7255859375,2.703125,0.0,0.05,0.0,0.6500000000000002,0.009259259259259259,0.009259259259259259,0.06481481481481481,0.325,0.5250000000000001,0.0,0.7750000000000004,0.14814814814814814,0.1111111111111111,0.29629629629629606
0.16838842975206617,1.736328125,2.716796875,0.0,0.05,0.0,0.6500000000000002,0.009259259259259259,0.009259259259259259,0.06481481481481481,0.35000000000000003,0.5250000000000001,0.0,0.7750000000000004,0.14814814814814814,0.1111111111111111,0.29629629629629606
0.1694214876033058,1.74609375,2.728515625,0.0,0.05,0.0,0.6500000000000002,0.009259259259259259,0.009259259259259259,0.06481481481481481,0.35000000000000003,0.5250000000000001,0.0,0.7750000000000004,0.15740740740740738,0.1111111111111111,0.29629629629629606
0.1704545454545455,1.7568359375,2.7421875,0.0,0.05,0.0,0.6500000000000002,0.009259259259259259,0.009259259259259259,0.06481481481481481,0.35000000000000003,0.5250000000000001,0.0,0.7750000000000004,0.16666666666666663,0.1111111111111111,0.29629629629629606
0.17148760330578516,1.7666015625,2.75390625,0.0,0.05,0.0,0.6500000000000002,0.009259259259259259,0.009259259259259259,0.06481481481481481,0.35000000000000003,0.5250000000000001,0.0,0.7750000000000004,0.16666666666666663,0.1111111111111111,0.3055555555555553
0.17252066115702486,1.7763671875,2.765625,0.0,0.05,0.0,0.6500000000000002,0.009259259259259259,0.009259259259259259,0.06481481481481481,0.35000000000000003,0.5250000000000001,0.0,0.7750000000000004,0.16666666666666663,0.1111111111111111,0.31481481481481455
0.1735537190082645,1.7861328125,2.78125,0.0,0.05,0.0,0.6500000000000002,0.009259259259259259,0.009259259259259259,0.06481481481481481,0.35000000000000003,0.5250000000000001,0.0,0.7750000000000004,0.17592592592592587,0.1111111111111111,0.31481481481481455
0.1745867768595042,1.796875,2.79296875,0.0,0.05,0.0,0.6500000000000002,0.009259259259259259,0.009259259259259259,0.06481481481481481,0.35000000000000003,0.5250000000000001,0.0,0.7750000000000004,0.17592592592592587,0.12037037037037036,0.31481481481481455
0.17561983471074383,1.806640625,2.806640625,0.0,0.05,0.0,0.6500000000000002,0.009259259259259259,0.009259259259259259,0.06481481481481481,0.35000000000000003,0.5250000000000001,0.0,0.7750000000000004,0.17592592592592587,0.12962962962962962,0.31481481481481455
0.17665289256198352,1.8173828125,2.818359375,0.0,0.05,0.0,0.6500000000000002,0.009259259259259259,0.009259259259259259,0.07407407407407407,0.35000000000000003,0.5250000000000001,0.0,0.7750000000000004,0.17592592592592587,0.12962962962962962,0.31481481481481455
0.17768595041322316,1.828125,2.830078125,0.0,0.05,0.0,0.6500000000000002,0.009259259259259259,0.009259259259259259,0.07407407407407407,0.37500000000000006,0.5250000000000001,0.0,0.7750000000000004,0.17592592592592587,0.12962962962962962,0.31481481481481455
0.17871900826446285,1.837890625,2.841796875,0.0,0.05,0.0,0.6500000000000002,0.009259259259259259,0.009259259259259259,0.07407407407407407,0.37500000000000006,0.5250000000000001,0.0,0.7750000000000004,0.17592592592592587,0.12962962962962962,0.3240740740740738
0.1797520661157025,1.84765625,2.85546875,0.0,0.05,0.0,0.6500000000000002,0.009259259259259259,0.009259259259259259,0.07407407407407407,0.37500000000000006,0.5250000000000001,0.0,0.7750000000000004,0.17592592592592587,0.12962962962962962,0.33333333333333304
0.18078512396694219,1.8583984375,2.873046875,0.0,0.05,0.0,0.6750000000000003,0.009259259259259259,0.009259259259259259,0.07407407407407407,0.37500000000000006,0.5250000000000001,0.0,0.7750000000000004,0.17592592592592587,0.12962962962962962,0.33333333333333304
0.18181818181818188,1.869140625,2.8828125,0.0,0.05,0.0,0.6750000000000003,0.009259259259259259,0.009259259259259259,0.07407407407407407,0.37500000000000006,0.5250000000000001,0.0,0.7750000000000004,0.18518518518518512,0.12962962962962962,0.33333333333333304
0.18285123966942152,1.87890625,2.896484375,0.0,0.05,0.0,0.6750000000000003,0.009259259259259259,0.009259259259259259,0.07407407407407407,0.37500000000000006,0.5250000000000001,0.0,0.7750000000000004,0.18518518518518512,0.1388888888888889,0.33333333333333304
0.18388429752066118,1.8896484375,2.908203125,0.0,0.05,0.0,0.6750000000000003,0.009259259259259259,0.009259259259259259,0.08333333333333333,0.37500000000000006,0.5250000000000001,0.0,0.7750000000000004,0.18518518518518512,0.1388888888888889,0.33333333333333304
0.18491735537190085,1.900390625,2.919921875,0.0,0.05,0.0,0.6750000000000003,0.009259259259259259,0.009259259259259259,0.08333333333333333,0.37500000000000006,0.5250000000000001,0.0,0.7750000000000004,0.18518518518518512,0.14814814814814814,0.33333333333333304
0.18595041322314051,1.91015625,2.93359375,0.0,0.05,0.0,0.6750000000000003,0.009259259259259259,0.009259259259259259,0.08333333333333333,0.37500000000000006,0.5250000000000001,0.0,0.7750000000000004,0.18518518518518512,0.14814814814814814,0.3425925925925923
0.1869834710743802,1.9208984375,2.9453125,0.0,0.05,0.0,0.6750000000000003,0.009259259259259259,0.009259259259259259,0.08333333333333333,0.37500000000000006,0.5500000000000002,0.0,0.7750000000000004,0.18518518518518512,0.14814814814814814,0.3425925925925923
0.18801652892561985,1.931640625,2.958984375,0.0,0.05,0.0,0.7000000000000003,0.009259259259259259,0.009259259259259259,0.08333333333333333,0.37500000000000006,0.5500000000000002,0.0,0.7750000000000004,0.18518518518518512,0.14814814814814814,0.3425925925925923
0.18904958677685954,1.9423828125,2.970703125,0.0,0.05,0.0,0.7000000000000003,0.009259259259259259,0.009259259259259259,0.08333333333333333,0.4000000000000001,0.5500000000000002,0.0,0.7750000000000004,0.18518518518518512,0.14814814814814814,0.3425925925925923
0.19008264462809918,1.9521484375,2.984375,0.0,0.05,0.0,0.7000000000000003,0.009259259259259259,0.009259259259259259,0.08333333333333333,0.4000000000000001,0.5500000000000002,0.0,0.7750000000000004,0.18518518518518512,0.14814814814814814,0.3518518518518515
0.19111570247933887,1.962890625,2.99609375,0.0,0.05,0.0,0.7000000000000003,0.009259259259259259,0.009259259259259259,0.08333333333333333,0.4000000000000001,0.5500000000000002,0.0,0.8000000000000004,0.18518518518518512,0.14814814814814814,0.3518518518518515
0.19214876033057857,1.97265625,3.0078125,0.0,0.05,0.0,0.7000000000000003,0.009259259259259259,0.009259259259259259,0.08333333333333333,0.4000000000000001,0.5500000000000002,0.0,0.8000000000000004,0.18518518518518512,0.14814814814814814,0.36111111111111077
0.1931818181818182,1.982421875,3.021484375,0.0,0.05,0.0,0.7000000000000003,0.009259259259259259,0.009259259259259259,0.08333333333333333,0.4000000000000001,0.5500000000000002,0.0,0.8000000000000004,0.18518518518518512,0.14814814814814814,0.37037037037037
0.19421487603305784,1.9931640625,3.03515625,0.0,0.05,0.0,0.7000000000000003,0.009259259259259259,0.009259259259259259,0.08333333333333333,0.4000000000000001,0.5500000000000002,0.0,0.8000000000000004,0.19444444444444436,0.14814814814814814,0.37037037037037
0.19524793388429754,2.00390625,3.046875,0.0,0.07500000000000001,0.0,0.7000000000000003,0.009259259259259259,0.009259259259259259,0.08333333333333333,0.4000000000000001,0.5500000000000002,0.0,0.8000000000000004,0.19444444444444436,0.14814814814814814,0.37037037037037
0.19628099173553723,2.013671875,3.060546875,0.0,0.07500000000000001,0.0,0.7000000000000003,0.009259259259259259,0.009259259259259259,0.08333333333333333,0.4000000000000001,0.5500000000000002,0.0,0.8000000000000004,0.2037037037037036,0.14814814814814814,0.37037037037037
0.1973140495867769,2.025390625,3.072265625,0.0,0.07500000000000001,0.0,0.7250000000000003,0.009259259259259259,0.009259259259259259,0.08333333333333333,0.4000000000000001,0.5500000000000002,0.0,0.8000000000000004,0.2037037037037036,0.14814814814814814,0.37037037037037
0.19834710743801656,2.03515625,3.0859375,0.0,0.07500000000000001,0.0,0.7250000000000003,0.009259259259259259,0.009259259259259259,0.09259259259259259,0.4000000000000001,0.5500000000000002,0.0,0.8000000000000004,0.2037037037037036,0.14814814814814814,0.37037037037037
0.1993801652892562,2.044921875,3.09765625,0.0,0.07500000000000001,0.0,0.7250000000000003,0.009259259259259259,0.009259259259259259,0.09259259259259259,0.4000000000000001,0.5500000000000002,0.0,0.8000000000000004,0.21296296296296285,0.14814814814814814,0.37037037037037
0.2004132231404959,2.056640625,3.111328125,0.0,0.07500000000000001,0.0,0.7250000000000003,0.009259259259259259,0.018518518518518517,0.09259259259259259,0.4000000000000001,0.5500000000000002,0.0,0.8000000000000004,0.21296296296296285,0.14814814814814814,0.37037037037037
0.20144628099173556,2.06640625,3.123046875,0.0,0.07500000000000001,0.0,0.7250000000000003,0.009259259259259259,0.018518518518518517,0.09259259259259259,0.4000000000000001,0.5500000000000002,0.0,0.8000000000000004,0.21296296296296285,0.15740740740740738,0.37037037037037
0.20247933884297523,2.076171875,3.13671875,0.0,0.07500000000000001,0.0,0.7250000000000003,0.009259259259259259,0.018518518518518517,0.09259259259259259,0.4000000000000001,0.5500000000000002,0.0,0.8000000000000004,0.21296296296296285,0.16666666666666663,0.37037037037037
0.2035123966942149,2.087890625,3.1484375,0.0,0.07500000000000001,0.0,0.7250000000000003,0.018518518518518517,0.018518518518518517,0.09259259259259259,0.4000000000000001,0.5500000000000002,0.0,0.8000000000000004,0.21296296296296285,0.16666666666666663,0.37037037037037
0.20454545454545456,2.09765625,3.162109375,0.0,0.07500000000000001,0.0,0.7250000000000003,0.027777777777777776,0.018518518518518517,0.09259259259259259,0.4000000000000001,0.5500000000000002,0.0,0.8000000000000004,0.21296296296296285,0.16666666666666663,0.37037037037037
0.20557851239669422,2.109375,3.17578125,0.0,0.07500000000000001,0.0,0.7250000000000003,0.027777777777777776,0.027777777777777776,0.09259259259259259,0.4000000000000001,0.5500000000000002,0.0,0.8000000000000004,0.21296296296296285,0.16666666666666663,0.37037037037037
0.2066115702479339,2.119140625,3.1875,0.0,0.07500000000000001,0.0,0.7250000000000003,0.027777777777777776,0.027777777777777776,0.09259259259259259,0.4250000000000001,0.5500000000000002,0.0,0.8000000000000004,0.21296296296296285,0.16666666666666663,0.37037037037037
0.20764462809917356,2.12890625,3.201171875,0.0,0.07500000000000001,0.0,0.7250000000000003,0.027777777777777776,0.027777777777777776,0.09259259259259259,0.4250000000000001,0.5500000000000002,0.0,0.8000000000000004,0.2222222222222221,0.16666666666666663,0.37037037037037
0.20867768595041322,2.138671875,3.21484375,0.0,0.07500000000000001,0.0,0.7250000000000003,0.027777777777777776,0.027777777777777776,0.09259259259259259,0.4250000000000001,0.5500000000000002,0.0,0.8000000000000004,0.2222222222222221,0.17592592592592587,0.37037037037037
0.2097107438016529,2.1484375,3.2265625,0.0,0.07500000000000001,0.0,0.7250000000000003,0.027777777777777776,0.027777777777777776,0.09259259259259259,0.4250000000000001,0.5500000000000002,0.0,0.8000000000000004,0.2222222222222221,0.17592592592592587,0.37962962962962926
0.21074380165289255,2.158203125,3.240234375,0.0,0.07500000000000001,0.0,0.7250000000000003,0.027777777777777776,0.027777777777777776,0.09259259259259259,0.4250000000000001,0.5500000000000002,0.0,0.8000000000000004,0.2222222222222221,0.17592592592592587,0.3888888888888885
0.21177685950413222,2.16796875,3.25390625,0.0,0.07500000000000001,0.0,0.7250000000000003,0.027777777777777776,0.027777777777777776,0.09259259259259259,0.4250000000000001,0.5500000000000002,0.0,0.8000000000000004,0.2222222222222221,0.17592592592592587,0.39814814814814775
0.2128099173553719,2.1796875,3.265625,0.0,0.07500000000000001,0.0,0.7500000000000003,0.027777777777777776,0.027777777777777776,0.09259259259259259,0.4250000000000001,0.5500000000000002,0.0,0.8000000000000004,0.2222222222222221,0.17592592592592587,0.39814814814814775
0.2138429752066116,2.189453125,3.279296875,0.0,0.07500000000000001,0.0,0.7500000000000003,0.027777777777777776,0.027777777777777776,0.09259259259259259,0.4500000000000001,0.5500000000000002,0.0,0.8000000000000004,0.2222222222222221,0.17592592592592587,0.39814814814814775
0.21487603305785125,2.19921875,3.291015625,0.0,0.07500000000000001,0.0,0.7500000000000003,0.027777777777777776,0.027777777777777776,0.09259259259259259,0.4500000000000001,0.5500000000000002,0.0,0.8000000000000004,0.23148148148148134,0.17592592592592587,0.39814814814814775
0.21590909090909094,2.2109375,3.30078125,0.0,0.07500000000000001,0.0,0.7500000000000003,0.027777777777777776,0.027777777777777776,0.10185185185185185,0.4500000000000001,0.5500000000000002,0.0,0.8000000000000004,0.23148148148148134,0.17592592592592587,0.39814814814814775
0.2169421487603306,2.220703125,3.314453125,0.0,0.07500000000000001,0.0,0.7500000000000003,0.027777777777777776,0.027777777777777776,0.10185185185185185,0.47500000000000014,0.5500000000000002,0.0,0.8000000000000004,0.23148148148148134,0.17592592592592587,0.39814814814814775
0.21797520661157027,2.232421875,3.326171875,0.0,0.07500000000000001,0.0,0.7500000000000003,0.037037037037037035,0.027777777777777776,0.10185185185185185,0.47500000000000014,0.5500000000000002,0.0,0.8000000000000004,0.23148148148148134,0.17592592592592587,0.39814814814814775
0.21900826446280994,2.2421875,3.33984375,0.0,0.07500000000000001,0.0,0.7500000000000003,0.037037037037037035,0.027777777777777776,0.10185185185185185,0.47500000000000014,0.5500000000000002,0.0,0.8000000000000004,0.23148148148148134,0.18518518518518512,0.39814814814814775
0.2200413223140496,2.25390625,3.3515625,0.0,0.07500000000000001,0.0,0.7500000000000003,0.037037037037037035,0.027777777777777776,0.1111111111111111,0.47500000000000014,0.5500000000000002,0.0,0.8000000000000004,0.23148148148148134,0.18518518518518512,0.39814814814814775
0.22107438016528927,2.263671875,3.365234375,0.0,0.07500000000000001,0.0,0.7500000000000003,0.037037037037037035,0.027777777777777776,0.1111111111111111,0.47500000000000014,0.5500000000000002,0.0,0.8000000000000004,0.2407407407407406,0.18518518518518512,0.39814814814814775
0.22210743801652896,2.2734375,3.376953125,0.0,0.07500000000000001,0.0,0.7500000000000003,0.037037037037037035,0.027777777777777776,0.1111111111111111,0.47500000000000014,0.5500000000000002,0.0,0.8000000000000004,0.24999999999999983,0.18518518518518512,0.39814814814814775
0.2231404958677686,2.28515625,3.390625,0.0,0.07500000000000001,0.0,0.7500000000000003,0.037037037037037035,0.027777777777777776,0.12037037037037036,0.47500000000000014,0.5500000000000002,0.0,0.8000000000000004,0.24999999999999983,0.18518518518518512,0.39814814814814775
0.2241735537190083,2.294921875,3.404296875,0.0,0.07500000000000001,0.0,0.7500000000000003,0.037037037037037035,0.027777777777777776,0.12037037037037036,0.47500000000000014,0.5750000000000002,0.0,0.8000000000000004,0.24999999999999983,0.18518518518518512,0.39814814814814775
0.22520661157024793,2.3046875,3.4140625,0.0,0.07500000000000001,0.0,0.7500000000000003,0.037037037037037035,0.027777777777777776,0.12037037037037036,0.47500000000000014,0.5750000000000002,0.0,0.8000000000000004,0.24999999999999983,0.18518518518518512,0.407407407407407
0.22623966942148763,2.314453125,3.42578125,0.0,0.07500000000000001,0.0,0.7500000000000003,0.037037037037037035,0.027777777777777776,0.12037037037037036,0.47500000000000014,0.5750000000000002,0.0,0.8000000000000004,0.24999999999999983,0.18518518518518512,0.41666666666666624
0.22727272727272727,2.32421875,3.439453125,0.0,0.07500000000000001,0.0,0.7500000000000003,0.037037037037037035,0.027777777777777776,0.12037037037037036,0.47500000000000014,0.5750000000000002,0.0,0.8000000000000004,0.24999999999999983,0.19444444444444436,0.41666666666666624
0.22830578512396696,2.3359375,3.453125,0.0,0.07500000000000001,0.0,0.7500000000000003,0.037037037037037035,0.027777777777777776,0.12037037037037036,0.5000000000000001,0.5750000000000002,0.0,0.8000000000000004,0.24999999999999983,0.19444444444444436,0.41666666666666624
0.2293388429752066,2.345703125,3.466796875,0.0,0.07500000000000001,0.0,0.7500000000000003,0.037037037037037035,0.027777777777777776,0.12037037037037036,0.5000000000000001,0.5750000000000002,0.0,0.8000000000000004,0.24999999999999983,0.19444444444444436,0.4259259259259255
0.2303719008264463,2.35546875,3.48046875,0.0,0.07500000000000001,0.0,0.7500000000000003,0.037037037037037035,0.027777777777777776,0.12037037037037036,0.5000000000000001,0.5750000000000002,0.0,0.8000000000000004,0.24999999999999983,0.19444444444444436,0.43518518518518473
0.23140495867768593,2.3671875,3.4921875,0.0,0.07500000000000001,0.0,0.7750000000000004,0.037037037037037035,0.027777777777777776,0.12037037037037036,0.5000000000000001,0.5750000000000002,0.0,0.8000000000000004,0.24999999999999983,0.19444444444444436,0.43518518518518473
0.23243801652892562,2.376953125,3.501953125,0.0,0.07500000000000001,0.0,0.7750000000000004,0.037037037037037035,0.027777777777777776,0.12037037037037036,0.5000000000000001,0.5750000000000002,0.0,0.8000000000000004,0.24999999999999983,0.2037037037037036,0.43518518518518473
0.23347107438016526,2.38671875,3.515625,0.0,0.07500000000000001,0.0,0.7750000000000004,0.037037037037037035,0.027777777777777776,0.12037037037037036,0.5000000000000001,0.5750000000000002,0.0,0.8000000000000004,0.24999999999999983,0.21296296296296285,0.43518518518518473
0.23450413223140495,2.3984375,3.529296875,0.0,0.07500000000000001,0.0,0.7750000000000004,0.037037037037037035,0.037037037037037035,0.12037037037037036,0.5000000000000001,0.5750000000000002,0.0,0.8000000000000004,0.24999999999999983,0.21296296296296285,0.43518518518518473
0.23553719008264465,2.41015625,3.54296875,0.0,0.07500000000000001,0.0,0.7750000000000004,0.037037037037037035,0.037037037037037035,0.12962962962962962,0.5000000000000001,0.5750000000000002,0.0,0.8000000000000004,0.24999999999999983,0.21296296296296285,0.43518518518518473
0.23657024793388431,2.421875,3.556640625,0.0,0.07500000000000001,0.0,0.7750000000000004,0.037037037037037035,0.037037037037037035,0.1388888888888889,0.5000000000000001,0.5750000000000002,0.0,0.8000000000000004,0.24999999999999983,0.21296296296296285,0.43518518518518473
0.23760330578512392,2.431640625,3.5703125,0.0,0.07500000000000001,0.0,0.7750000000000004,0.037037037037037035,0.037037037037037035,0.1388888888888889,0.5000000000000001,0.5750000000000002,0.0,0.8000000000000004,0.2592592592592591,0.21296296296296285,0.43518518518518473
0.23863636363636362,2.44140625,3.578125,0.0,0.07500000000000001,0.0,0.7750000000000004,0.037037037037037035,0.037037037037037035,0.1388888888888889,0.5000000000000001,0.5750000000000002,0.0,0.8000000000000004,0.2685185185185183,0.21296296296296285,0.43518518518518473
0.2396694214876033,2.453125,3.591796875,0.0,0.1,0.0,0.7750000000000004,0.037037037037037035,0.037037037037037035,0.1388888888888889,0.5000000000000001,0.5750000000000002,0.0,0.8000000000000004,0.2685185185185183,0.21296296296296285,0.43518518518518473
0.24070247933884298,2.46484375,3.60546875,0.0,0.1,0.0,0.7750000000000004,0.037037037037037035,0.037037037037037035,0.1388888888888889,0.5250000000000001,0.5750000000000002,0.0,0.8000000000000004,0.2685185185185183,0.21296296296296285,0.43518518518518473
0.24173553719008264,2.474609375,3.619140625,0.0,0.1,0.0,0.7750000000000004,0.037037037037037035,0.037037037037037035,0.1388888888888889,0.5250000000000001,0.5750000000000002,0.0,0.8000000000000004,0.2685185185185183,0.2222222222222221,0.43518518518518473
0.2427685950413223,2.486328125,3.6328125,0.0,0.1,0.0,0.7750000000000004,0.046296296296296294,0.037037037037037035,0.1388888888888889,0.5250000000000001,0.5750000000000002,0.0,0.8000000000000004,0.2685185185185183,0.2222222222222221,0.43518518518518473
0.24380165289256198,2.498046875,3.642578125,0.0,0.1,0.0,0.7750000000000004,0.046296296296296294,0.037037037037037035,0.14814814814814814,0.5250000000000001,0.5750000000000002,0.0,0.8000000000000004,0.2685185185185183,0.2222222222222221,0.43518518518518473
0.24483471074380164,2.509765625,3.65625,0.0,0.1,0.0,0.7750000000000004,0.046296296296296294,0.037037037037037035,0.14814814814814814,0.5500000000000002,0.5750000000000002,0.0,0.8000000000000004,0.2685185185185183,0.2222222222222221,0.43518518518518473
0.24586776859504134,2.51953125,3.66796875,0.0,0.1,0.0,0.7750000000000004,0.046296296296296294,0.037037037037037035,0.14814814814814814,0.5500000000000002,0.5750000000000002,0.0,0.8000000000000004,0.27777777777777757,0.2222222222222221,0.43518518518518473
0.24690082644628097,2.53125,3.681640625,0.0,0.1,0.0,0.7750000000000004,0.046296296296296294,0.037037037037037035,0.15740740740740738,0.5500000000000002,0.5750000000000002,0.0,0.8000000000000004,0.27777777777777757,0.2222222222222221,0.43518518518518473
0.24793388429752067,2.54296875,3.693359375,0.0,0.1,0.0,0.7750000000000004,0.046296296296296294,0.037037037037037035,0.15740740740740738,0.5500000000000002,0.6000000000000002,0.0,0.8000000000000004,0.27777777777777757,0.2222222222222221,0.43518518518518473
0.24896694214876036,2.5546875,3.705078125,0.0,0.1,0.0,0.7750000000000004,0.046296296296296294,0.037037037037037035,0.15740740740740738,0.5500000000000002,0.6250000000000002,0.0,0.8000000000000004,0.27777777777777757,0.2222222222222221,0.43518518518518473
0.25,2.56640625,3.71875,0.0,0.1,0.0,0.7750000000000004,0.046296296296296294,0.037037037037037035,0.15740740740740738,0.5500000000000002,0.6250000000000002,0.025,0.8000000000000004,0.27777777777777757,0.2222222222222221,0.43518518518518473
0.2510330578512397,2.57421875,3.732421875,0.0,0.1,0.0,0.7750000000000004,0.046296296296296294,0.037037037037037035,0.15740740740740738,0.5500000000000002,0.6250000000000002,0.05,0.8000000000000004,0.27777777777777757,0.2222222222222221,0.43518518518518473
0.2520661157024794,2.580078125,3.74609375,0.0,0.1,0.0,0.7750000000000004,0.046296296296296294,0.037037037037037035,0.15740740740740738,0.5500000000000002,0.6250000000000002,0.07500000000000001,0.8000000000000004,0.27777777777777757,0.2222222222222221,0.43518518518518473
0.253099173553719,2.5859375,3.755859375,0.0,0.1,0.0,0.7750000000000004,0.046296296296296294,0.037037037037037035,0.15740740740740738,0.5500000000000002,0.6250000000000002,0.1,0.8000000000000004,0.27777777777777757,0.2222222222222221,0.43518518518518473
0.2541322314049587,2.58984375,3.771484375,0.0,0.1,0.0,0.7750000000000004,0.046296296296296294,0.037037037037037035,0.15740740740740738,0.5500000000000002,0.6250000000000002,0.125,0.8000000000000004,0.27777777777777757,0.2222222222222221,0.43518518518518473
0.25516528925619836,2.59375,3.78515625,0.0,0.1,0.0,0.7750000000000004,0.046296296296296294,0.037037037037037035,0.15740740740740738,0.5500000000000002,0.6250000000000002,0.15,0.8000000000000004,0.27777777777777757,0.2222222222222221,0.43518518518518473
0.25619834710743805,2.59765625,3.798828125,0.0,0.1,0.0,0.7750000000000004,0.046296296296296294,0.037037037037037035,0.15740740740740738,0.5500000000000002,0.6250000000000002,0.175,0.8000000000000004,0.27777777777777757,0.2222222222222221,0.43518518518518473
0.2572314049586777,2.6015625,3.806640625,0.0,0.1,0.0,0.7750000000000004,0.046296296296296294,0.037037037037037035,0.15740740740740738,0.5500000000000002,0.6250000000000002,0.19999999999999998,0.8000000000000004,0.27777777777777757,0.2222222222222221,0.43518518518518473
0.2582644628099174,2.60546875,3.8203125,0.0,0.1,0.0,0.7750000000000004,0.046296296296296294,0.037037037037037035,0.15740740740740738,0.5500000000000002,0.6250000000000002,0.22499999999999998,0.8000000000000004,0.27777777777777757,0.2222222222222221,0.43518518518518473
0.259297520661157,2.609375,3.833984375,0.0,0.1,0.0,0.7750000000000004,0.046296296296296294,0.037037037037037035,0.15740740740740738,0.5500000000000002,0.6250000000000002,0.24999999999999997,0.8000000000000004,0.27777777777777757,0.2222222222222221,0.43518518518518473
0.2603305785123967,2.615234375,3.84765625,0.0,0.1,0.0,0.7750000000000004,0.046296296296296294,0.037037037037037035,0.15740740740740738,0.5500000000000002,0.6250000000000002,0.27499999999999997,0.8000000000000004,0.27777777777777757,0.2222222222222221,0.43518518518518473
0.26136363636363635,2.62109375,3.857421875,0.0,0.1,0.0,0.7750000000000004,0.046296296296296294,0.037037037037037035,0.15740740740740738,0.5500000000000002,0.6250000000000002,0.3,0.8000000000000004,0.27777777777777757,0.2222222222222221,0.43518518518518473
0.26239669421487605,2.626953125,3.87109375,0.0,0.1,0.0,0.7750000000000004,0.046296296296296294,0.037037037037037035,0.15740740740740738,0.5500000000000002,0.6250000000000002,0.325,0.8000000000000004,0.27777777777777757,0.2222222222222221,0.43518518518518473
0.2634297520661157,2.6328125,3.884765625,0.0,0.1,0.0,0.7750000000000004,0.046296296296296294,0.037037037037037035,0.15740740740740738,0.5500000000000002,0.6250000000000002,0.35000000000000003,0.8000000000000004,0.27777777777777757,0.2222222222222221,0.43518518518518473
0.2644628099173554,2.638671875,3.900390625,0.0,0.1,0.0,0.7750000000000004,0.046296296296296294,0.037037037037037035,0.15740740740740738,0.5500000000000002,0.6250000000000002,0.37500000000000006,0.8000000000000004,0.27777777777777757,0.2222222222222221,0.43518518518518473
0.265495867768595,2.646484375,3.91015625,0.0,0.1,0.0,0.7750000000000004,0.046296296296296294,0.037037037037037035,0.15740740740740738,0.5500000000000002,0.6250000000000002,0.4000000000000001,0.8000000000000004,0.27777777777777757,0.2222222222222221,0.43518518518518473
0.2665289256198347,2.654296875,3.923828125,0.0,0.1,0.0,0.7750000000000004,0.046296296296296294,0.037037037037037035,0.15740740740740738,0.5500000000000002,0.6250000000000002,0.4250000000000001,0.8000000000000004,0.27777777777777757,0.2222222222222221,0.43518518518518473
0.2675619834710744,2.6640625,3.9375,0.0,0.1,0.0,0.7750000000000004,0.046296296296296294,0.037037037037037035,0.15740740740740738,0.5500000000000002,0.6250000000000002,0.4500000000000001,0.8000000000000004,0.27777777777777757,0.2222222222222221,0.43518518518518473
0.26859504132231404,2.671875,3.947265625,0.0,0.1,0.0,0.7750000000000004,0.046296296296296294,0.037037037037037035,0.15740740740740738,0.5500000000000002,0.6250000000000002,0.47500000000000014,0.8000000000000004,0.27777777777777757,0.2222222222222221,0.43518518518518473
0.26962809917355374,2.681640625,3.9609375,0.0,0.1,0.0,0.7750000000000004,0.046296296296296294,0.037037037037037035,0.15740740740740738,0.5500000000000002,0.6250000000000002,0.5000000000000001,0.8000000000000004,0.27777777777777757,0.2222222222222221,0.43518518518518473
0.27066115702479343,2.69140625,3.974609375,0.0,0.1,0.0,0.7750000000000004,0.046296296296296294,0.037037037037037035,0.15740740740740738,0.5500000000000002,0.6250000000000002,0.5250000000000001,0.8000000000000004,0.27777777777777757,0.2222222222222221,0.43518518518518473
0.2716942148760331,2.701171875,3.98828125,0.0,0.1,0.0,0.7750000000000004,0.046296296296296294,0.037037037037037035,0.15740740740740738,0.5500000000000002,0.6250000000000002,0.5250000000000001,0.8000000000000004,0.2870370370370368,0.2222222222222221,0.43518518518518473
0.27272727272727276,2.7109375,3.998046875,0.0,0.1,0.0,0.7750000000000004,0.046296296296296294,0.037037037037037035,0.15740740740740738,0.5500000000000002,0.6250000000000002,0.5250000000000001,0.8000000000000004,0.29629629629629606,0.2222222222222221,0.43518518518518473
0.27376033057851246,2.720703125,4.01171875,0.0,0.1,0.0,0.7750000000000004,0.046296296296296294,0.037037037037037035,0.15740740740740738,0.5750000000000002,0.6250000000000002,0.5250000000000001,0.8000000000000004,0.29629629629629606,0.2222222222222221,0.43518518518518473
0.2747933884297521,2.73046875,4.0234375,0.0,0.1,0.0,0.7750000000000004,0.046296296296296294,0.037037037037037035,0.15740740740740738,0.5750000000000002,0.6250000000000002,0.5250000000000001,0.8000000000000004,0.3055555555555553,0.2222222222222221,0.43518518518518473
0.2758264462809918,2.740234375,4.03515625,0.0,0.1,0.0,0.7750000000000004,0.046296296296296294,0.037037037037037035,0.15740740740740738,0.5750000000000002,0.6250000000000002,0.5250000000000001,0.8000000000000004,0.3055555555555553,0.23148148148148134,0.43518518518518473
0.2768595041322315,2.75,4.05078125,0.0,0.1,0.0,0.7750000000000004,0.046296296296296294,0.037037037037037035,0.15740740740740738,0.5750000000000002,0.6250000000000002,0.5250000000000001,0.8000000000000004,0.31481481481481455,0.23148148148148134,0.43518518518518473
0.2778925619834711,2.759765625,4.06640625,0.0,0.1,0.0,0.7750000000000004,0.046296296296296294,0.037037037037037035,0.15740740740740738,0.5750000000000002,0.6250000000000002,0.5250000000000001,0.8000000000000004,0.31481481481481455,0.2407407407407406,0.43518518518518473
0.27892561983471076,2.76953125,4.07421875,0.0,0.1,0.0,0.7750000000000004,0.046296296296296294,0.037037037037037035,0.15740740740740738,0.5750000000000002,0.6250000000000002,0.5250000000000001,0.8000000000000004,0.3240740740740738,0.2407407407407406,0.43518518518518473
0.27995867768595045,2.779296875,4.08984375,0.0,0.1,0.0,0.7750000000000004,0.046296296296296294,0.037037037037037035,0.15740740740740738,0.5750000000000002,0.6250000000000002,0.5250000000000001,0.8000000000000004,0.33333333333333304,0.2407407407407406,0.43518518518518473
0.28099173553719015,2.7890625,4.1015625,0.0,0.1,0.0,0.7750000000000004,0.046296296296296294,0.037037037037037035,0.15740740740740738,0.5750000000000002,0.6250000000000002,0.5250000000000001,0.8000000000000004,0.33333333333333304,0.24999999999999983,0.43518518518518473
0.2820247933884298,2.798828125,4.1171875,0.0,0.1,0.0,0.7750000000000004,0.046296296296296294,0.037037037037037035,0.15740740740740738,0.5750000000000002,0.6250000000000002,0.5250000000000001,0.8000000000000004,0.33333333333333304,0.2592592592592591,0.43518518518518473
0.2830578512396695,2.80859375,4.125,0.0,0.1,0.0,0.7750000000000004,0.046296296296296294,0.037037037037037035,0.15740740740740738,0.5750000000000002,0.6250000000000002,0.5250000000000001,0.8000000000000004,0.33333333333333304,0.2685185185185183,0.43518518518518473
0.2840909090909091,2.818359375,4.140625,0.0,0.1,0.0,0.7750000000000004,0.046296296296296294,0.037037037037037035,0.15740740740740738,0.5750000000000002,0.6250000000000002,0.5250000000000001,0.8000000000000004,0.3425925925925923,0.2685185185185183,0.43518518518518473
0.28512396694214875,2.828125,4.15234375,0.0,0.1,0.0,0.7750000000000004,0.046296296296296294,0.037037037037037035,0.15740740740740738,0.5750000000000002,0.6250000000000002,0.5250000000000001,0.8000000000000004,0.3425925925925923,0.2685185185185183,0.444444444444444
0.28615702479338845,2.8359375,4.16015625,0.0,0.1,0.0,0.7750000000000004,0.046296296296296294,0.037037037037037035,0.15740740740740738,0.5750000000000002,0.6250000000000002,0.5250000000000001,0.8000000000000004,0.3425925925925923,0.2685185185185183,0.4537037037037032
0.28719008264462814,2.845703125,4.17578125,0.0,0.1,0.0,0.7750000000000004,0.046296296296296294,0.037037037037037035,0.15740740740740738,0.5750000000000002,0.6250000000000002,0.5250000000000001,0.8000000000000004,0.3425925925925923,0.2685185185185183,0.46296296296296247
0.2882231404958677,2.85546875,4.19140625,0.0,0.1,0.0,0.7750000000000004,0.046296296296296294,0.037037037037037035,0.15740740740740738,0.5750000000000002,0.6250000000000002,0.5500000000000002,0.8000000000000004,0.3425925925925923,0.2685185185185183,0.46296296296296247
0.2892561983471074,2.865234375,4.19921875,0.0,0.1,0.0,0.7750000000000004,0.046296296296296294,0.037037037037037035,0.15740740740740738,0.5750000000000002,0.6250000000000002,0.5500000000000002,0.8250000000000004,0.3425925925925923,0.2685185185185183,0.46296296296296247
0.2902892561983471,2.875,4.21484375,0.0,0.1,0.0,0.7750000000000004,0.046296296296296294,0.037037037037037035,0.15740740740740738,0.5750000000000002,0.6250000000000002,0.5500000000000002,0.8250000000000004,0.3425925925925923,0.2685185185185183,0.4722222222222217
0.2913223140495868,2.884765625,4.2265625,0.0,0.1,0.0,0.7750000000000004,0.046296296296296294,0.037037037037037035,0.15740740740740738,0.5750000000000002,0.6250000000000002,0.5500000000000002,0.8250000000000004,0.3425925925925923,0.2685185185185183,0.48148148148148096
0.29235537190082644,2.89453125,4.23828125,0.0,0.1,0.0,0.7750000000000004,0.046296296296296294,0.037037037037037035,0.15740740740740738,0.5750000000000002,0.6500000000000002,0.5500000000000002,0.8250000000000004,0.3425925925925923,0.2685185185185183,0.48148148148148096
0.29338842975206614,2.904296875,4.25,0.0,0.1,0.0,0.7750000000000004,0.046296296296296294,0.037037037037037035,0.15740740740740738,0.5750000000000002,0.6500000000000002,0.5500000000000002,0.8250000000000004,0.3425925925925923,0.2685185185185183,0.4907407407407402
0.2944214876033058,2.9140625,4.26171875,0.0,0.1,0.0,0.7750000000000004,0.046296296296296294,0.037037037037037035,0.15740740740740738,0.5750000000000002,0.6500000000000002,0.5500000000000002,0.8250000000000004,0.3518518518518515,0.2685185185185183,0.4907407407407402
0.29545454545454547,2.923828125,4.27734375,0.0,0.1,0.0,0.7750000000000004,0.046296296296296294,0.037037037037037035,0.15740740740740738,0.5750000000000002,0.6500000000000002,0.5500000000000002,0.8250000000000004,0.3518518518518515,0.27777777777777757,0.4907407407407402
0.2964876033057851,2.93359375,4.29296875,0.0,0.1,0.0,0.7750000000000004,0.046296296296296294,0.037037037037037035,0.15740740740740738,0.5750000000000002,0.6500000000000002,0.5500000000000002,0.8250000000000004,0.3518518518518515,0.2870370370370368,0.4907407407407402
0.2975206611570248,2.943359375,4.30078125,0.0,0.1,0.0,0.7750000000000004,0.046296296296296294,0.037037037037037035,0.15740740740740738,0.5750000000000002,0.6500000000000002,0.5500000000000002,0.8250000000000004,0.3518518518518515,0.29629629629629606,0.4907407407407402
0.29855371900826444,2.953125,4.31640625,0.0,0.1,0.0,0.7750000000000004,0.046296296296296294,0.037037037037037035,0.15740740740740738,0.5750000000000002,0.6500000000000002,0.5500000000000002,0.8250000000000004,0.3518518518518515,0.29629629629629606,0.49999999999999944
0.29958677685950413,2.962890625,4.33203125,0.0,0.1,0.0,0.7750000000000004,0.046296296296296294,0.037037037037037035,0.15740740740740738,0.5750000000000002,0.6500000000000002,0.5500000000000002,0.8250000000000004,0.3518518518518515,0.29629629629629606,0.5092592592592587
0.30061983471074377,2.97265625,4.33984375,0.0,0.1,0.0,0.7750000000000004,0.046296296296296294,0.037037037037037035,0.15740740740740738,0.5750000000000002,0.6500000000000002,0.5500000000000002,0.8250000000000004,0.36111111111111077,0.29629629629629606,0.5092592592592587
0.30165289256198347,2.982421875,4.35546875,0.0,0.1,0.0,0.7750000000000004,0.046296296296296294,0.037037037037037035,0.15740740740740738,0.5750000000000002,0.6500000000000002,0.5500000000000002,0.8250000000000004,0.36111111111111077,0.3055555555555553,0.5092592592592587
0.30268595041322316,2.994140625,4.37109375,0.0,0.1,0.0,0.7750000000000004,0.05555555555555555,0.037037037037037035,0.15740740740740738,0.5750000000000002,0.6500000000000002,0.5500000000000002,0.8250000000000004,0.36111111111111077,0.3055555555555553,0.5092592592592587
0.30371900826446285,3.00390625,4.37890625,0.0,0.1,0.0,0.7750000000000004,0.05555555555555555,0.037037037037037035,0.15740740740740738,0.5750000000000002,0.6500000000000002,0.5500000000000002,0.8250000000000004,0.37037037037037,0.3055555555555553,0.5092592592592587
0.30475206611570244,3.013671875,4.39453125,0.0,0.1,0.0,0.7750000000000004,0.05555555555555555,0.037037037037037035,0.15740740740740738,0.5750000000000002,0.6500000000000002,0.5500000000000002,0.8250000000000004,0.37962962962962926,0.3055555555555553,0.5092592592592587
0.30578512396694213,3.0234375,4.40234375,0.0,0.1,0.0,0.7750000000000004,0.05555555555555555,0.037037037037037035,0.15740740740740738,0.5750000000000002,0.6500000000000002,0.5500000000000002,0.8250000000000004,0.37962962962962926,0.3055555555555553,0.518518518518518
0.3068181818181818,3.033203125,4.41796875,0.0,0.1,0.0,0.7750000000000004,0.05555555555555555,0.037037037037037035,0.15740740740740738,0.5750000000000002,0.6500000000000002,0.5500000000000002,0.8250000000000004,0.37962962962962926,0.3055555555555553,0.5277777777777773
0.3078512396694215,3.04296875,4.43359375,0.0,0.1,0.0,0.7750000000000004,0.05555555555555555,0.037037037037037035,0.15740740740740738,0.5750000000000002,0.6500000000000002,0.5500000000000002,0.8250000000000004,0.37962962962962926,0.3055555555555553,0.5370370370370366
0.3088842975206612,3.052734375,4.44140625,0.0,0.1,0.0,0.7750000000000004,0.05555555555555555,0.037037037037037035,0.15740740740740738,0.5750000000000002,0.6500000000000002,0.5500000000000002,0.8250000000000004,0.37962962962962926,0.3055555555555553,0.546296296296296
0.3099173553719009,3.064453125,4.45703125,0.0,0.1,0.0,0.7750000000000004,0.05555555555555555,0.046296296296296294,0.15740740740740738,0.5750000000000002,0.6500000000000002,0.5500000000000002,0.8250000000000004,0.37962962962962926,0.3055555555555553,0.546296296296296
0.31095041322314054,3.07421875,4.47265625,0.0,0.1,0.0,0.7750000000000004,0.05555555555555555,0.046296296296296294,0.16666666666666663,0.5750000000000002,0.6500000000000002,0.5500000000000002,0.8250000000000004,0.37962962962962926,0.3055555555555553,0.546296296296296
0.3119834710743802,3.0859375,4.48046875,0.0,0.1,0.0,0.7750000000000004,0.05555555555555555,0.05555555555555555,0.16666666666666663,0.5750000000000002,0.6500000000000002,0.5500000000000002,0.8250000000000004,0.37962962962962926,0.3055555555555553,0.546296296296296
0.3130165289256199,3.09765625,4.49609375,0.0,0.1,0.0,0.7750000000000004,0.05555555555555555,0.05555555555555555,0.17592592592592587,0.5750000000000002,0.6500000000000002,0.5500000000000002,0.8250000000000004,0.37962962962962926,0.3055555555555553,0.546296296296296
0.31404958677685957,3.107421875,4.5078125,0.0,0.1,0.0,0.7750000000000004,0.05555555555555555,0.05555555555555555,0.17592592592592587,0.5750000000000002,0.6750000000000003,0.5500000000000002,0.8250000000000004,0.37962962962962926,0.3055555555555553,0.546296296296296
0.31508264462809915,3.119140625,4.51953125,0.0,0.1,0.0,0.7750000000000004,0.05555555555555555,0.05555555555555555,0.18518518518518512,0.5750000000000002,0.6750000000000003,0.5500000000000002,0.8250000000000004,0.37962962962962926,0.3055555555555553,0.546296296296296
0.31611570247933884,3.12890625,4.53515625,0.0,0.1,0.0,0.7750000000000004,0.05555555555555555,0.05555555555555555,0.18518518518518512,0.5750000000000002,0.6750000000000003,0.5500000000000002,0.8250000000000004,0.37962962962962926,0.31481481481481455,0.546296296296296
0.3171487603305784,3.138671875,4.546875,0.0,0.1,0.0,0.7750000000000004,0.05555555555555555,0.05555555555555555,0.18518518518518512,0.5750000000000002,0.6750000000000003,0.5500000000000002,0.8250000000000004,0.37962962962962926,0.3240740740740738,0.546296296296296
0.3181818181818181,3.150390625,4.5625,0.0,0.1,0.0,0.7750000000000004,0.06481481481481481,0.05555555555555555,0.18518518518518512,0.5750000000000002,0.6750000000000003,0.5500000000000002,0.8250000000000004,0.37962962962962926,0.3240740740740738,0.546296296296296
0.3192148760330578,3.162109375,4.5703125,0.0,0.1,0.0,0.7750000000000004,0.06481481481481481,0.05555555555555555,0.19444444444444436,0.5750000000000002,0.6750000000000003,0.5500000000000002,0.8250000000000004,0.37962962962962926,0.3240740740740738,0.546296296296296
0.3202479338842975,3.171875,4.5859375,0.0,0.1,0.0,0.7750000000000004,0.06481481481481481,0.05555555555555555,0.19444444444444436,0.5750000000000002,0.6750000000000003,0.5500000000000002,0.8250000000000004,0.37962962962962926,0.33333333333333304,0.546296296296296
0.3212809917355372,3.18359375,4.6015625,0.0,0.1,0.0,0.7750000000000004,0.06481481481481481,0.05555555555555555,0.19444444444444436,0.5750000000000002,0.7000000000000003,0.5500000000000002,0.8250000000000004,0.37962962962962926,0.33333333333333304,0.546296296296296
0.3223140495867769,3.193359375,4.609375,0.0,0.1,0.0,0.7750000000000004,0.06481481481481481,0.05555555555555555,0.19444444444444436,0.5750000000000002,0.7000000000000003,0.5500000000000002,0.8250000000000004,0.37962962962962926,0.33333333333333304,0.5555555555555552
0.32334710743801653,3.203125,4.625,0.0,0.1,0.0,0.7750000000000004,0.06481481481481481,0.05555555555555555,0.19444444444444436,0.5750000000000002,0.7000000000000003,0.5500000000000002,0.8250000000000004,0.37962962962962926,0.33333333333333304,0.5648148148148145
0.32438016528925623,3.21484375,4.63671875,0.0,0.1,0.0,0.8000000000000004,0.06481481481481481,0.05555555555555555,0.19444444444444436,0.5750000000000002,0.7000000000000003,0.5500000000000002,0.8250000000000004,0.37962962962962926,0.33333333333333304,0.5648148148148145
0.32541322314049587,3.224609375,4.65234375,0.0,0.1,0.0,0.8000000000000004,0.06481481481481481,0.05555555555555555,0.19444444444444436,0.5750000000000002,0.7000000000000003,0.5750000000000002,0.8250000000000004,0.37962962962962926,0.33333333333333304,0.5648148148148145
0.32644628099173556,3.236328125,4.66015625,0.0,0.1,0.0,0.8000000000000004,0.06481481481481481,0.05555555555555555,0.19444444444444436,0.6000000000000002,0.7000000000000003,0.5750000000000002,0.8250000000000004,0.37962962962962926,0.33333333333333304,0.5648148148148145
0.3274793388429752,3.24609375,4.67578125,0.0,0.1,0.0,0.8000000000000004,0.06481481481481481,0.05555555555555555,0.19444444444444436,0.6000000000000002,0.7000000000000003,0.6000000000000002,0.8250000000000004,0.37962962962962926,0.33333333333333304,0.5648148148148145
0.3285123966942149,3.255859375,4.69140625,0.0,0.1,0.0,0.8000000000000004,0.06481481481481481,0.05555555555555555,0.19444444444444436,0.6000000000000002,0.7000000000000003,0.6000000000000002,0.8250000000000004,0.37962962962962926,0.3425925925925923,0.5648148148148145
0.32954545454545453,3.267578125,4.69921875,0.0,0.1,0.0,0.8000000000000004,0.06481481481481481,0.05555555555555555,0.19444444444444436,0.6250000000000002,0.7000000000000003,0.6000000000000002,0.8250000000000004,0.37962962962962926,0.3425925925925923,0.5648148148148145
0.3305785123966942,3.27734375,4.71484375,0.0,0.1,0.0,0.8000000000000004,0.06481481481481481,0.05555555555555555,0.19444444444444436,0.6250000000000002,0.7000000000000003,0.6000000000000002,0.8250000000000004,0.3888888888888885,0.3425925925925923,0.5648148148148145
0.33161157024793386,3.287109375,4.7265625,0.0,0.1,0.0,0.8000000000000004,0.06481481481481481,0.05555555555555555,0.19444444444444436,0.6250000000000002,0.7000000000000003,0.6000000000000002,0.8250000000000004,0.39814814814814775,0.3425925925925923,0.5648148148148145
0.33264462809917356,3.296875,4.73828125,0.0,0.1,0.0,0.8000000000000004,0.06481481481481481,0.05555555555555555,0.19444444444444436,0.6250000000000002,0.7000000000000003,0.6000000000000002,0.8250000000000004,0.39814814814814775,0.3518518518518515,0.5648148148148145
0.33367768595041325,3.306640625,4.75390625,0.0,0.1,0.0,0.8000000000000004,0.06481481481481481,0.05555555555555555,0.19444444444444436,0.6250000000000002,0.7000000000000003,0.6000000000000002,0.8250000000000004,0.39814814814814775,0.3518518518518515,0.5740740740740738
0.3347107438016529,3.318359375,4.765625,0.0,0.1,0.0,0.8000000000000004,0.06481481481481481,0.05555555555555555,0.19444444444444436,0.6250000000000002,0.7000000000000003,0.6250000000000002,0.8250000000000004,0.39814814814814775,0.3518518518518515,0.5740740740740738
0.3357438016528925,3.330078125,4.78125,0.0,0.1,0.0,0.8000000000000004,0.06481481481481481,0.05555555555555555,0.2037037037037036,0.6250000000000002,0.7000000000000003,0.6250000000000002,0.8250000000000004,0.39814814814814775,0.3518518518518515,0.5740740740740738
0.3367768595041322,3.341796875,4.7890625,0.0,0.1,0.0,0.8000000000000004,0.06481481481481481,0.05555555555555555,0.21296296296296285,0.6250000000000002,0.7000000000000003,0.6250000000000002,0.8250000000000004,0.39814814814814775,0.3518518518518515,0.5740740740740738
0.3378099173553719,3.3515625,4.8046875,0.0,0.1,0.0,0.8000000000000004,0.06481481481481481,0.05555555555555555,0.21296296296296285,0.6250000000000002,0.7000000000000003,0.6250000000000002,0.8250000000000004,0.39814814814814775,0.36111111111111077,0.5740740740740738
0.33884297520661155,3.36328125,4.81640625,0.0,0.1,0.0,0.8000000000000004,0.06481481481481481,0.05555555555555555,0.21296296296296285,0.6250000000000002,0.7000000000000003,0.6250000000000002,0.8250000000000004,0.407407407407407,0.36111111111111077,0.5740740740740738
0.3398760330578512,3.373046875,4.828125,0.0,0.1,0.0,0.8000000000000004,0.06481481481481481,0.05555555555555555,0.21296296296296285,0.6250000000000002,0.7000000000000003,0.6250000000000002,0.8250000000000004,0.41666666666666624,0.36111111111111077,0.5740740740740738
0.3409090909090909,3.3828125,4.83984375,0.0,0.1,0.0,0.8000000000000004,0.06481481481481481,0.05555555555555555,0.21296296296296285,0.6250000000000002,0.7000000000000003,0.6250000000000002,0.8250000000000004,0.4259259259259255,0.36111111111111077,0.5740740740740738
0.3419421487603306,3.392578125,4.85546875,0.0,0.1,0.0,0.8000000000000004,0.06481481481481481,0.05555555555555555,0.21296296296296285,0.6250000000000002,0.7000000000000003,0.6250000000000002,0.8250000000000004,0.43518518518518473,0.36111111111111077,0.5740740740740738
0.34297520661157027,3.40234375,4.87109375,0.0,0.1,0.0,0.8000000000000004,0.06481481481481481,0.05555555555555555,0.21296296296296285,0.6250000000000002,0.7000000000000003,0.6250000000000002,0.8250000000000004,0.43518518518518473,0.37037037037037,0.5740740740740738
0.34400826446280985,3.4140625,4.8828125,0.0,0.1,0.0,0.8000000000000004,0.06481481481481481,0.05555555555555555,0.21296296296296285,0.6500000000000002,0.7000000000000003,0.6250000000000002,0.8250000000000004,0.43518518518518473,0.37037037037037,0.5740740740740738
0.34504132231404955,3.423828125,4.89453125,0.0,0.1,0.0,0.8000000000000004,0.06481481481481481,0.05555555555555555,0.21296296296296285,0.6500000000000002,0.7000000000000003,0.6250000000000002,0.8250000000000004,0.43518518518518473,0.37962962962962926,0.5740740740740738
0.3460743801652892,3.435546875,4.90625,0.0,0.1,0.0,0.8000000000000004,0.06481481481481481,0.05555555555555555,0.21296296296296285,0.6500000000000002,0.7000000000000003,0.6250000000000002,0.8250000000000004,0.444444444444444,0.37962962962962926,0.5740740740740738
0.3471074380165289,3.4453125,4.921875,0.0,0.1,0.0,0.8000000000000004,0.06481481481481481,0.05555555555555555,0.21296296296296285,0.6500000000000002,0.7000000000000003,0.6250000000000002,0.8250000000000004,0.4537037037037032,0.37962962962962926,0.5740740740740738
0.3481404958677685,3.455078125,4.93359375,0.0,0.1,0.0,0.8000000000000004,0.06481481481481481,0.05555555555555555,0.21296296296296285,0.6500000000000002,0.7000000000000003,0.6250000000000002,0.8250000000000004,0.4537037037037032,0.37962962962962926,0.5833333333333331
0.3491735537190082,3.46484375,4.94921875,0.0,0.1,0.0,0.8000000000000004,0.06481481481481481,0.05555555555555555,0.21296296296296285,0.6500000000000002,0.7000000000000003,0.6250000000000002,0.8250000000000004,0.4537037037037032,0.37962962962962926,0.5925925925925924
0.3502066115702479,3.474609375,4.95703125,0.0,0.1,0.0,0.8000000000000004,0.06481481481481481,0.05555555555555555,0.21296296296296285,0.6500000000000002,0.7000000000000003,0.6250000000000002,0.8250000000000004,0.4537037037037032,0.37962962962962926,0.6018518518518517
0.3512396694214876,3.484375,4.97265625,0.0,0.1,0.0,0.8000000000000004,0.06481481481481481,0.05555555555555555,0.21296296296296285,0.6500000000000002,0.7000000000000003,0.6250000000000002,0.8250000000000004,0.4537037037037032,0.37962962962962926,0.611111111111111
0.3522727272727273,3.49609375,4.98828125,0.0,0.1,0.0,0.8000000000000004,0.06481481481481481,0.05555555555555555,0.21296296296296285,0.6500000000000002,0.7000000000000003,0.6250000000000002,0.8250000000000004,0.46296296296296247,0.37962962962962926,0.611111111111111
0.353305785123967,3.505859375,5.0,0.0,0.1,0.0,0.8000000000000004,0.06481481481481481,0.05555555555555555,0.21296296296296285,0.6500000000000002,0.7000000000000003,0.6250000000000002,0.8250000000000004,0.46296296296296247,0.3888888888888885,0.611111111111111
0.3543388429752066,3.515625,5.015625,0.0,0.1,0.0,0.8000000000000004,0.06481481481481481,0.05555555555555555,0.21296296296296285,0.6500000000000002,0.7000000000000003,0.6250000000000002,0.8250000000000004,0.46296296296296247,0.39814814814814775,0.611111111111111
0.35537190082644626,3.525390625,5.02734375,0.0,0.1,0.0,0.8000000000000004,0.06481481481481481,0.05555555555555555,0.21296296296296285,0.6500000000000002,0.7000000000000003,0.6250000000000002,0.8250000000000004,0.46296296296296247,0.407407407407407,0.611111111111111
0.35640495867768596,3.537109375,5.0390625,0.0,0.1,0.0,0.8000000000000004,0.06481481481481481,0.05555555555555555,0.21296296296296285,0.6500000000000002,0.7000000000000003,0.6500000000000002,0.8250000000000004,0.46296296296296247,0.407407407407407,0.611111111111111
0.35743801652892565,3.548828125,5.05078125,0.0,0.1,0.0,0.8000000000000004,0.06481481481481481,0.05555555555555555,0.21296296296296285,0.6500000000000002,0.7000000000000003,0.6750000000000003,0.8250000000000004,0.46296296296296247,0.407407407407407,0.611111111111111
0.3584710743801653,3.55859375,5.06640625,0.0,0.1,0.0,0.8000000000000004,0.06481481481481481,0.05555555555555555,0.21296296296296285,0.6500000000000002,0.7000000000000003,0.6750000000000003,0.8250000000000004,0.46296296296296247,0.41666666666666624,0.611111111111111
0.3595041322314049,3.5703125,5.078125,0.0,0.1,0.0,0.8000000000000004,0.07407407407407407,0.05555555555555555,0.21296296296296285,0.6500000000000002,0.7000000000000003,0.6750000000000003,0.8250000000000004,0.46296296296296247,0.41666666666666624,0.611111111111111
0.3605371900826446,3.58203125,5.09375,0.0,0.1,0.0,0.8000000000000004,0.07407407407407407,0.06481481481481481,0.21296296296296285,0.6500000000000002,0.7000000000000003,0.6750000000000003,0.8250000000000004,0.46296296296296247,0.41666666666666624,0.611111111111111
0.3615702479338843,3.59375,5.10546875,0.0,0.1,0.0,0.8000000000000004,0.07407407407407407,0.06481481481481481,0.21296296296296285,0.6500000000000002,0.7000000000000003,0.6750000000000003,0.8250000000000004,0.4722222222222217,0.41666666666666624,0.611111111111111
0.36260330578512395,3.60546875,5.1171875,0.0,0.1,0.0,0.8000000000000004,0.07407407407407407,0.06481481481481481,0.2222222222222221,0.6500000000000002,0.7000000000000003,0.6750000000000003,0.8250000000000004,0.4722222222222217,0.41666666666666624,0.611111111111111
0.36363636363636365,3.6171875,5.12890625,0.0,0.1,0.0,0.8000000000000004,0.07407407407407407,0.06481481481481481,0.2222222222222221,0.6750000000000003,0.7000000000000003,0.6750000000000003,0.8250000000000004,0.4722222222222217,0.41666666666666624,0.611111111111111
0.36466942148760334,3.62890625,5.14453125,0.0,0.1,0.0,0.8000000000000004,0.07407407407407407,0.06481481481481481,0.2222222222222221,0.6750000000000003,0.7000000000000003,0.7000000000000003,0.8250000000000004,0.4722222222222217,0.41666666666666624,0.611111111111111
0.36570247933884303,3.638671875,5.16015625,0.0,0.1,0.0,0.8000000000000004,0.07407407407407407,0.06481481481481481,0.2222222222222221,0.6750000000000003,0.7000000000000003,0.7000000000000003,0.8250000000000004,0.48148148148148096,0.41666666666666624,0.611111111111111
0.3667355371900826,3.650390625,5.171875,0.0,0.1,0.0,0.8000000000000004,0.07407407407407407,0.06481481481481481,0.2222222222222221,0.6750000000000003,0.7000000000000003,0.7000000000000003,0.8250000000000004,0.4907407407407402,0.41666666666666624,0.611111111111111
0.3677685950413223,3.66015625,5.1875,0.0,0.1,0.0,0.8000000000000004,0.07407407407407407,0.06481481481481481,0.2222222222222221,0.6750000000000003,0.7000000000000003,0.7000000000000003,0.8250000000000004,0.4907407407407402,0.4259259259259255,0.611111111111111
0.368801652892562,3.671875,5.19921875,0.0,0.1,0.0,0.8000000000000004,0.07407407407407407,0.06481481481481481,0.2222222222222221,0.6750000000000003,0.7000000000000003,0.7000000000000003,0.8250000000000004,0.49999999999999944,0.4259259259259255,0.611111111111111
0.3698347107438017,3.681640625,5.21484375,0.0,0.1,0.0,0.8000000000000004,0.07407407407407407,0.06481481481481481,0.2222222222222221,0.6750000000000003,0.7000000000000003,0.7000000000000003,0.8250000000000004,0.49999999999999944,0.43518518518518473,0.611111111111111
0.3708677685950414,3.69140625,5.2265625,0.0,0.1,0.0,0.8000000000000004,0.07407407407407407,0.06481481481481481,0.2222222222222221,0.6750000000000003,0.7000000000000003,0.7000000000000003,0.8250000000000004,0.49999999999999944,0.43518518518518473,0.6203703703703703
0.37190082644628103,3.701171875,5.234375,0.0,0.1,0.0,0.8000000000000004,0.07407407407407407,0.06481481481481481,0.2222222222222221,0.6750000000000003,0.7000000000000003,0.7000000000000003,0.8250000000000004,0.49999999999999944,0.43518518518518473,0.6296296296296297
0.37293388429752067,3.7109375,5.24609375,0.0,0.1,0.0,0.8000000000000004,0.07407407407407407,0.06481481481481481,0.2222222222222221,0.6750000000000003,0.7000000000000003,0.7000000000000003,0.8250000000000004,0.49999999999999944,0.43518518518518473,0.638888888888889
0.37396694214876036,3.720703125,5.26171875,0.0,0.1,0.0,0.8000000000000004,0.07407407407407407,0.06481481481481481,0.2222222222222221,0.6750000000000003,0.7000000000000003,0.7000000000000003,0.8250000000000004,0.49999999999999944,0.43518518518518473,0.6481481481481483
0.37500000000000006,3.732421875,5.2734375,0.0,0.1,0.0,0.8000000000000004,0.07407407407407407,0.06481481481481481,0.2222222222222221,0.6750000000000003,0.7000000000000003,0.7000000000000003,0.8250000000000004,0.5092592592592587,0.43518518518518473,0.6481481481481483
0.3760330578512397,3.7421875,5.2890625,0.0,0.1,0.0,0.8000000000000004,0.07407407407407407,0.06481481481481481,0.2222222222222221,0.6750000000000003,0.7000000000000003,0.7000000000000003,0.8250000000000004,0.5092592592592587,0.444444444444444,0.6481481481481483
0.3770661157024794,3.751953125,5.30078125,0.0,0.1,0.0,0.8000000000000004,0.07407407407407407,0.06481481481481481,0.2222222222222221,0.6750000000000003,0.7000000000000003,0.7000000000000003,0.8250000000000004,0.5092592592592587,0.4537037037037032,0.6481481481481483
0.378099173553719,3.763671875,5.31640625,0.0,0.1,0.0,0.8000000000000004,0.07407407407407407,0.06481481481481481,0.2222222222222221,0.6750000000000003,0.7000000000000003,0.7000000000000003,0.8250000000000004,0.518518518518518,0.4537037037037032,0.6481481481481483
0.3791322314049587,3.775390625,5.33203125,0.0,0.1,0.0,0.8000000000000004,0.07407407407407407,0.06481481481481481,0.23148148148148134,0.6750000000000003,0.7000000000000003,0.7000000000000003,0.8250000000000004,0.518518518518518,0.4537037037037032,0.6481481481481483
0.38016528925619836,3.787109375,5.34375,0.0,0.1,0.0,0.8000000000000004,0.07407407407407407,0.06481481481481481,0.2407407407407406,0.6750000000000003,0.7000000000000003,0.7000000000000003,0.8250000000000004,0.518518518518518,0.4537037037037032,0.6481481481481483
0.381198347107438,3.796875,5.359375,0.0,0.1,0.0,0.8000000000000004,0.07407407407407407,0.06481481481481481,0.2407407407407406,0.6750000000000003,0.7000000000000003,0.7000000000000003,0.8250000000000004,0.518518518518518,0.46296296296296247,0.6481481481481483
0.3822314049586777,3.80859375,5.3671875,0.0,0.1,0.0,0.8000000000000004,0.07407407407407407,0.06481481481481481,0.2407407407407406,0.6750000000000003,0.7250000000000003,0.7000000000000003,0.8250000000000004,0.518518518518518,0.46296296296296247,0.6481481481481483
0.3832644628099174,3.8203125,5.3828125,0.0,0.1,0.0,0.8000000000000004,0.07407407407407407,0.06481481481481481,0.2407407407407406,0.6750000000000003,0.7250000000000003,0.7000000000000003,0.8250000000000004,0.5277777777777773,0.46296296296296247,0.6481481481481483
0.384297520661157,3.830078125,5.39453125,0.0,0.1,0.0,0.8000000000000004,0.07407407407407407,0.06481481481481481,0.2407407407407406,0.6750000000000003,0.7250000000000003,0.7000000000000003,0.8250000000000004,0.5370370370370366,0.46296296296296247,0.6481481481481483
0.3853305785123967,3.841796875,5.41015625,0.0,0.1,0.0,0.8000000000000004,0.07407407407407407,0.06481481481481481,0.24999999999999983,0.6750000000000003,0.7250000000000003,0.7000000000000003,0.8250000000000004,0.5370370370370366,0.46296296296296247,0.6481481481481483
0.38636363636363635,3.853515625,5.421875,0.0,0.1,0.0,0.8000000000000004,0.07407407407407407,0.06481481481481481,0.24999999999999983,0.6750000000000003,0.7250000000000003,0.7000000000000003,0.8250000000000004,0.546296296296296,0.46296296296296247,0.6481481481481483
0.38739669421487605,3.865234375,5.4375,0.0,0.1,0.0,0.8000000000000004,0.07407407407407407,0.06481481481481481,0.24999999999999983,0.6750000000000003,0.7250000000000003,0.7000000000000003,0.8250000000000004,0.5555555555555552,0.46296296296296247,0.6481481481481483
0.3884297520661157,3.876953125,5.44921875,0.0,0.1,0.0,0.8000000000000004,0.08333333333333333,0.06481481481481481,0.24999999999999983,0.6750000000000003,0.7250000000000003,0.7000000000000003,0.8250000000000004,0.5555555555555552,0.46296296296296247,0.6481481481481483
0.3894628099173554,3.888671875,5.46484375,0.0,0.1,0.0,0.8000000000000004,0.08333333333333333,0.06481481481481481,0.24999999999999983,0.6750000000000003,0.7250000000000003,0.7000000000000003,0.8250000000000004,0.5648148148148145,0.46296296296296247,0.6481481481481483
0.3904958677685951,3.900390625,5.4765625,0.0,0.1,0.0,0.8000000000000004,0.08333333333333333,0.06481481481481481,0.24999999999999983,0.6750000000000003,0.7250000000000003,0.7000000000000003,0.8250000000000004,0.5740740740740738,0.46296296296296247,0.6481481481481483
0.39152892561983477,3.912109375,5.4921875,0.0,0.1,0.0,0.8000000000000004,0.08333333333333333,0.06481481481481481,0.24999999999999983,0.6750000000000003,0.7250000000000003,0.7000000000000003,0.8250000000000004,0.5740740740740738,0.4722222222222217,0.6481481481481483
0.39256198347107446,3.921875,5.50390625,0.0,0.1,0.0,0.8000000000000004,0.08333333333333333,0.06481481481481481,0.24999999999999983,0.6750000000000003,0.7250000000000003,0.7000000000000003,0.8250000000000004,0.5740740740740738,0.48148148148148096,0.6481481481481483
0.39359504132231415,3.931640625,5.51953125,0.0,0.1,0.0,0.8000000000000004,0.08333333333333333,0.06481481481481481,0.24999999999999983,0.6750000000000003,0.7250000000000003,0.7000000000000003,0.8250000000000004,0.5740740740740738,0.4907407407407402,0.6481481481481483
0.3946280991735538,3.943359375,5.52734375,0.0,0.1,0.0,0.8000000000000004,0.08333333333333333,0.06481481481481481,0.24999999999999983,0.6750000000000003,0.7250000000000003,0.7000000000000003,0.8250000000000004,0.5740740740740738,0.49999999999999944,0.6481481481481483
0.3956611570247935,3.953125,5.546875,0.0,0.1,0.0,0.8000000000000004,0.08333333333333333,0.06481481481481481,0.24999999999999983,0.6750000000000003,0.7250000000000003,0.7000000000000003,0.8250000000000004,0.5740740740740738,0.49999999999999944,0.6574074074074076
0.3966942148760332,3.962890625,5.5546875,0.0,0.1,0.0,0.8000000000000004,0.08333333333333333,0.06481481481481481,0.24999999999999983,0.6750000000000003,0.7250000000000003,0.7000000000000003,0.8250000000000004,0.5740740740740738,0.49999999999999944,0.6666666666666669
0.3977272727272728,3.974609375,5.5703125,0.0,0.1,0.0,0.8000000000000004,0.08333333333333333,0.06481481481481481,0.24999999999999983,0.6750000000000003,0.7250000000000003,0.7000000000000003,0.8250000000000004,0.5833333333333331,0.49999999999999944,0.6666666666666669
0.39876033057851246,3.986328125,5.578125,0.0,0.1,0.0,0.8000000000000004,0.08333333333333333,0.06481481481481481,0.24999999999999983,0.6750000000000003,0.7250000000000003,0.7000000000000003,0.8250000000000004,0.5925925925925924,0.49999999999999944,0.6666666666666669
0.39979338842975215,3.998046875,5.59375,0.0,0.1,0.0,0.8000000000000004,0.08333333333333333,0.06481481481481481,0.24999999999999983,0.6750000000000003,0.7250000000000003,0.7000000000000003,0.8500000000000004,0.5925925925925924,0.49999999999999944,0.6666666666666669
0.40082644628099184,4.0078125,5.60546875,0.0,0.1,0.0,0.8000000000000004,0.08333333333333333,0.06481481481481481,0.24999999999999983,0.6750000000000003,0.7250000000000003,0.7000000000000003,0.8500000000000004,0.5925925925925924,0.5092592592592587,0.6666666666666669
0.4018595041322315,4.01953125,5.62109375,0.0,0.125,0.0,0.8000000000000004,0.08333333333333333,0.06481481481481481,0.24999999999999983,0.6750000000000003,0.7250000000000003,0.7000000000000003,0.8500000000000004,0.5925925925925924,0.5092592592592587,0.6666666666666669
0.4028925619834711,4.03125,5.6328125,0.0,0.125,0.0,0.8000000000000004,0.08333333333333333,0.07407407407407407,0.24999999999999983,0.6750000000000003,0.7250000000000003,0.7000000000000003,0.8500000000000004,0.5925925925925924,0.5092592592592587,0.6666666666666669
0.4039256198347108,4.04296875,5.6484375,0.0,0.125,0.0,0.8000000000000004,0.08333333333333333,0.07407407407407407,0.24999999999999983,0.6750000000000003,0.7250000000000003,0.7250000000000003,0.8500000000000004,0.5925925925925924,0.5092592592592587,0.6666666666666669
0.4049586776859505,4.0546875,5.66015625,0.0,0.125,0.0,0.8000000000000004,0.08333333333333333,0.07407407407407407,0.24999999999999983,0.6750000000000003,0.7250000000000003,0.7250000000000003,0.8500000000000004,0.6018518518518517,0.5092592592592587,0.6666666666666669
0.4059917355371902,4.06640625,5.67578125,0.0,0.125,0.0,0.8000000000000004,0.08333333333333333,0.07407407407407407,0.24999999999999983,0.6750000000000003,0.7250000000000003,0.7250000000000003,0.8500000000000004,0.611111111111111,0.5092592592592587,0.6666666666666669
0.4070247933884298,4.078125,5.6875,0.0,0.125,0.0,0.8000000000000004,0.08333333333333333,0.07407407407407407,0.2592592592592591,0.6750000000000003,0.7250000000000003,0.7250000000000003,0.8500000000000004,0.611111111111111,0.5092592592592587,0.6666666666666669
0.4080578512396695,4.08984375,5.703125,0.0,0.125,0.0,0.8000000000000004,0.08333333333333333,0.07407407407407407,0.2685185185185183,0.6750000000000003,0.7250000000000003,0.7250000000000003,0.8500000000000004,0.611111111111111,0.5092592592592587,0.6666666666666669
0.40909090909090917,4.1015625,5.71484375,0.0,0.125,0.0,0.8000000000000004,0.08333333333333333,0.07407407407407407,0.2685185185185183,0.7000000000000003,0.7250000000000003,0.7250000000000003,0.8500000000000004,0.611111111111111,0.5092592592592587,0.6666666666666669
0.41012396694214887,4.11328125,5.73046875,0.0,0.125,0.0,0.8250000000000004,0.08333333333333333,0.07407407407407407,0.2685185185185183,0.7000000000000003,0.7250000000000003,0.7250000000000003,0.8500000000000004,0.611111111111111,0.5092592592592587,0.6666666666666669
0.41115702479338856,4.125,5.7421875,0.0,0.125,0.0,0.8250000000000004,0.08333333333333333,0.07407407407407407,0.2685185185185183,0.7250000000000003,0.7250000000000003,0.7250000000000003,0.8500000000000004,0.611111111111111,0.5092592592592587,0.6666666666666669
0.41219008264462814,4.13671875,5.7578125,0.0,0.125,0.0,0.8250000000000004,0.08333333333333333,0.07407407407407407,0.2685185185185183,0.7250000000000003,0.7500000000000003,0.7250000000000003,0.8500000000000004,0.611111111111111,0.5092592592592587,0.6666666666666669
0.41322314049586784,4.1484375,5.76953125,0.0,0.125,0.0,0.8250000000000004,0.08333333333333333,0.07407407407407407,0.2685185185185183,0.7250000000000003,0.7500000000000003,0.7500000000000003,0.8500000000000004,0.611111111111111,0.5092592592592587,0.6666666666666669
0.41425619834710753,4.16015625,5.78515625,0.0,0.125,0.0,0.8250000000000004,0.08333333333333333,0.08333333333333333,0.2685185185185183,0.7250000000000003,0.7500000000000003,0.7500000000000003,0.8500000000000004,0.611111111111111,0.5092592592592587,0.6666666666666669
0.4152892561983472,4.171875,5.796875,0.0,0.125,0.0,0.8250000000000004,0.08333333333333333,0.08333333333333333,0.2685185185185183,0.7250000000000003,0.7500000000000003,0.7500000000000003,0.8500000000000004,0.6203703703703703,0.5092592592592587,0.6666666666666669
0.4163223140495869,4.18359375,5.8125,0.0,0.125,0.0,0.8250000000000004,0.08333333333333333,0.08333333333333333,0.2685185185185183,0.7250000000000003,0.7500000000000003,0.7500000000000003,0.8500000000000004,0.6296296296296297,0.5092592592592587,0.6666666666666669
0.41735537190082656,4.1953125,5.82421875,0.0,0.125,0.0,0.8250000000000004,0.08333333333333333,0.08333333333333333,0.2685185185185183,0.7250000000000003,0.7500000000000003,0.7500000000000003,0.8500000000000004,0.6296296296296297,0.518518518518518,0.6666666666666669
0.41838842975206625,4.203125,5.83984375,0.0,0.125,0.0,0.8250000000000004,0.08333333333333333,0.08333333333333333,0.2685185185185183,0.7250000000000003,0.7500000000000003,0.7500000000000003,0.8500000000000004,0.6296296296296297,0.518518518518518,0.6759259259259262
0.41942148760330594,4.21484375,5.8515625,0.0,0.125,0.0,0.8250000000000004,0.08333333333333333,0.08333333333333333,0.2685185185185183,0.7250000000000003,0.7500000000000003,0.7500000000000003,0.8500000000000004,0.6296296296296297,0.5277777777777773,0.6759259259259262
0.42045454545454564,4.2265625,5.8671875,0.0,0.125,0.0,0.8250000000000004,0.08333333333333333,0.08333333333333333,0.2685185185185183,0.7250000000000003,0.7500000000000003,0.7500000000000003,0.8500000000000004,0.6296296296296297,0.5370370370370366,0.6759259259259262
0.42148760330578533,4.234375,5.87890625,0.0,0.125,0.0,0.8250000000000004,0.08333333333333333,0.08333333333333333,0.2685185185185183,0.7250000000000003,0.7500000000000003,0.7500000000000003,0.8500000000000004,0.6296296296296297,0.5370370370370366,0.6851851851851855
0.4225206611570249,4.24609375,5.890625,0.0,0.125,0.0,0.8250000000000004,0.09259259259259259,0.08333333333333333,0.2685185185185183,0.7250000000000003,0.7500000000000003,0.7500000000000003,0.8500000000000004,0.6296296296296297,0.5370370370370366,0.6851851851851855
0.4235537190082646,4.2578125,5.90234375,0.0,0.125,0.0,0.8250000000000004,0.09259259259259259,0.08333333333333333,0.2685185185185183,0.7250000000000003,0.7500000000000003,0.7500000000000003,0.8500000000000004,0.6296296296296297,0.546296296296296,0.6851851851851855
0.4245867768595043,4.26953125,5.91796875,0.0,0.125,0.0,0.8250000000000004,0.10185185185185185,0.08333333333333333,0.2685185185185183,0.7250000000000003,0.7500000000000003,0.7500000000000003,0.8500000000000004,0.6296296296296297,0.546296296296296,0.6851851851851855
0.425619834710744,4.28125,5.92578125,0.0,0.125,0.0,0.8250000000000004,0.10185185185185185,0.08333333333333333,0.2685185185185183,0.7250000000000003,0.7500000000000003,0.7500000000000003,0.8500000000000004,0.6296296296296297,0.5555555555555552,0.6851851851851855
0.4266528925619837,4.29296875,5.94140625,0.0,0.125,0.0,0.8250000000000004,0.10185185185185185,0.08333333333333333,0.27777777777777757,0.7250000000000003,0.7500000000000003,0.7500000000000003,0.8500000000000004,0.6296296296296297,0.5555555555555552,0.6851851851851855
0.4276859504132233,4.3046875,5.953125,0.0,0.125,0.0,0.8250000000000004,0.10185185185185185,0.08333333333333333,0.27777777777777757,0.7250000000000003,0.7500000000000003,0.7500000000000003,0.8500000000000004,0.6296296296296297,0.5648148148148145,0.6851851851851855
0.428719008264463,4.31640625,5.97265625,0.0,0.125,0.0,0.8250000000000004,0.10185185185185185,0.08333333333333333,0.2870370370370368,0.7250000000000003,0.7500000000000003,0.7500000000000003,0.8500000000000004,0.6296296296296297,0.5648148148148145,0.6851851851851855
0.42975206611570266,4.328125,5.98046875,0.0,0.125,0.0,0.8250000000000004,0.10185185185185185,0.08333333333333333,0.2870370370370368,0.7250000000000003,0.7500000000000003,0.7500000000000003,0.8500000000000004,0.6296296296296297,0.5740740740740738,0.6851851851851855
0.43078512396694235,4.33984375,6.0,0.0,0.125,0.0,0.8250000000000004,0.10185185185185185,0.08333333333333333,0.2870370370370368,0.7250000000000003,0.7750000000000004,0.7500000000000003,0.8500000000000004,0.6296296296296297,0.5740740740740738,0.6851851851851855
0.431818181818182,4.3515625,6.01171875,0.0,0.125,0.0,0.8250000000000004,0.10185185185185185,0.08333333333333333,0.2870370370370368,0.7250000000000003,0.7750000000000004,0.7500000000000003,0.8500000000000004,0.6296296296296297,0.5833333333333331,0.6851851851851855
0.4328512396694217,4.36328125,6.02734375,0.0,0.125,0.0,0.8250000000000004,0.10185185185185185,0.08333333333333333,0.29629629629629606,0.7250000000000003,0.7750000000000004,0.7500000000000003,0.8500000000000004,0.6296296296296297,0.5833333333333331,0.6851851851851855
0.4338842975206614,4.375,6.0390625,0.0,0.125,0.0,0.8250000000000004,0.10185185185185185,0.08333333333333333,0.29629629629629606,0.7250000000000003,0.7750000000000004,0.7500000000000003,0.8500000000000004,0.6296296296296297,0.5925925925925924,0.6851851851851855
0.434917355371901,4.38671875,6.0546875,0.0,0.125,0.0,0.8250000000000004,0.10185185185185185,0.08333333333333333,0.29629629629629606,0.7250000000000003,0.7750000000000004,0.7500000000000003,0.8500000000000004,0.6296296296296297,0.6018518518518517,0.6851851851851855
0.43595041322314065,4.3984375,6.06640625,0.0,0.125,0.0,0.8250000000000004,0.10185185185185185,0.08333333333333333,0.3055555555555553,0.7250000000000003,0.7750000000000004,0.7500000000000003,0.8500000000000004,0.6296296296296297,0.6018518518518517,0.6851851851851855
0.43698347107438035,4.41015625,6.08203125,0.0,0.125,0.0,0.8250000000000004,0.10185185185185185,0.08333333333333333,0.3055555555555553,0.7250000000000003,0.7750000000000004,0.7500000000000003,0.8500000000000004,0.6296296296296297,0.611111111111111,0.6851851851851855
0.43801652892562004,4.421875,6.09375,0.0,0.125,0.0,0.8250000000000004,0.10185185185185185,0.08333333333333333,0.3055555555555553,0.7250000000000003,0.7750000000000004,0.7500000000000003,0.8500000000000004,0.6296296296296297,0.6203703703703703,0.6851851851851855
0.43904958677685973,4.43359375,6.109375,0.0,0.125,0.0,0.8250000000000004,0.10185185185185185,0.08333333333333333,0.31481481481481455,0.7250000000000003,0.7750000000000004,0.7500000000000003,0.8500000000000004,0.6296296296296297,0.6203703703703703,0.6851851851851855
0.4400826446280993,4.4453125,6.12109375,0.0,0.125,0.0,0.8250000000000004,0.10185185185185185,0.08333333333333333,0.31481481481481455,0.7250000000000003,0.7750000000000004,0.7500000000000003,0.8500000000000004,0.6296296296296297,0.6296296296296297,0.6851851851851855
0.44111570247933896,4.45703125,6.13671875,0.0,0.125,0.0,0.8250000000000004,0.10185185185185185,0.08333333333333333,0.31481481481481455,0.7250000000000003,0.7750000000000004,0.7500000000000003,0.8500000000000004,0.6296296296296297,0.6296296296296297,0.6944444444444448
0.44214876033057865,4.46484375,6.1484375,0.0,0.125,0.0,0.8250000000000004,0.10185185185185185,0.08333333333333333,0.31481481481481455,0.7250000000000003,0.7750000000000004,0.7500000000000003,0.8500000000000004,0.6296296296296297,0.6296296296296297,0.703703703703704
0.44318181818181834,4.47265625,6.15625,0.0,0.125,0.0,0.8250000000000004,0.10185185185185185,0.08333333333333333,0.31481481481481455,0.7250000000000003,0.7750000000000004,0.7500000000000003,0.8500000000000004,0.6296296296296297,0.6296296296296297,0.7129629629629634
0.444214876033058,4.484375,6.16796875,0.0,0.125,0.0,0.8250000000000004,0.10185185185185185,0.08333333333333333,0.31481481481481455,0.7250000000000003,0.7750000000000004,0.7500000000000003,0.8500000000000004,0.6296296296296297,0.6296296296296297,0.7222222222222227
0.4452479338842977,4.4921875,6.18359375,0.0,0.125,0.0,0.8250000000000004,0.10185185185185185,0.08333333333333333,0.31481481481481455,0.7250000000000003,0.7750000000000004,0.7500000000000003,0.8500000000000004,0.6296296296296297,0.6296296296296297,0.731481481481482
0.44628099173553737,4.50390625,6.1953125,0.0,0.125,0.0,0.8250000000000004,0.10185185185185185,0.08333333333333333,0.31481481481481455,0.7250000000000003,0.7750000000000004,0.7500000000000003,0.8500000000000004,0.6296296296296297,0.6296296296296297,0.7407407407407413
0.44731404958677706,4.515625,6.2109375,0.0,0.15,0.0,0.8250000000000004,0.10185185185185185,0.08333333333333333,0.31481481481481455,0.7250000000000003,0.7750000000000004,0.7500000000000003,0.8500000000000004,0.6296296296296297,0.6296296296296297,0.7407407407407413
0.44834710743801676,4.52734375,6.22265625,0.0,0.15,0.0,0.8250000000000004,0.10185185185185185,0.08333333333333333,0.31481481481481455,0.7250000000000003,0.7750000000000004,0.7750000000000004,0.8500000000000004,0.6296296296296297,0.6296296296296297,0.7407407407407413
0.44938016528925645,4.5390625,6.2421875,0.0,0.15,0.0,0.8250000000000004,0.10185185185185185,0.08333333333333333,0.31481481481481455,0.7250000000000003,0.7750000000000004,0.7750000000000004,0.8500000000000004,0.638888888888889,0.6296296296296297,0.7407407407407413
0.4504132231404961,4.55078125,6.25,0.0,0.15,0.0,0.8250000000000004,0.10185185185185185,0.08333333333333333,0.31481481481481455,0.7250000000000003,0.7750000000000004,0.7750000000000004,0.8500000000000004,0.6481481481481483,0.6296296296296297,0.7407407407407413
0.4514462809917357,4.5625,6.26953125,0.0,0.15,0.0,0.8250000000000004,0.1111111111111111,0.08333333333333333,0.31481481481481455,0.7250000000000003,0.7750000000000004,0.7750000000000004,0.8500000000000004,0.6481481481481483,0.6296296296296297,0.7407407407407413
0.4524793388429755,4.57421875,6.28125,0.0,0.15,0.0,0.8250000000000004,0.1111111111111111,0.08333333333333333,0.31481481481481455,0.7250000000000003,0.7750000000000004,0.7750000000000004,0.8500000000000004,0.6574074074074076,0.6296296296296297,0.7407407407407413
0.4535123966942151,4.5859375,6.296875,0.0,0.15,0.0,0.8250000000000004,0.1111111111111111,0.08333333333333333,0.31481481481481455,0.7250000000000003,0.7750000000000004,0.7750000000000004,0.8500000000000004,0.6666666666666669,0.6296296296296297,0.7407407407407413
0.45454545454545475,4.59765625,6.30859375,0.0,0.15,0.0,0.8250000000000004,0.1111111111111111,0.09259259259259259,0.31481481481481455,0.7250000000000003,0.7750000000000004,0.7750000000000004,0.8500000000000004,0.6666666666666669,0.6296296296296297,0.7407407407407413
0.45557851239669445,4.609375,6.32421875,0.0,0.15,0.0,0.8250000000000004,0.1111111111111111,0.10185185185185185,0.31481481481481455,0.7250000000000003,0.7750000000000004,0.7750000000000004,0.8500000000000004,0.6666666666666669,0.6296296296296297,0.7407407407407413
0.4566115702479341,4.62109375,6.3359375,0.0,0.15,0.0,0.8250000000000004,0.1111111111111111,0.10185185185185185,0.31481481481481455,0.7250000000000003,0.7750000000000004,0.7750000000000004,0.8500000000000004,0.6759259259259262,0.6296296296296297,0.7407407407407413
0.4576446280991738,4.6328125,6.3515625,0.0,0.15,0.0,0.8250000000000004,0.1111111111111111,0.10185185185185185,0.31481481481481455,0.7250000000000003,0.7750000000000004,0.7750000000000004,0.8500000000000004,0.6759259259259262,0.6296296296296297,0.7500000000000006
0.4586776859504135,4.64453125,6.36328125,0.0,0.15,0.0,0.8250000000000004,0.12037037037037036,0.10185185185185185,0.31481481481481455,0.7250000000000003,0.7750000000000004,0.7750000000000004,0.8500000000000004,0.6759259259259262,0.6296296296296297,0.7500000000000006
0.4597107438016531,4.65625,6.3828125,0.0,0.15,0.0,0.8250000000000004,0.12037037037037036,0.10185185185185185,0.31481481481481455,0.7250000000000003,0.7750000000000004,0.8000000000000004,0.8500000000000004,0.6759259259259262,0.6296296296296297,0.7500000000000006
0.46074380165289275,4.66796875,6.390625,0.0,0.15,0.0,0.8250000000000004,0.12037037037037036,0.10185185185185185,0.31481481481481455,0.7250000000000003,0.7750000000000004,0.8000000000000004,0.8500000000000004,0.6759259259259262,0.6296296296296297,0.7592592592592599
0.4617768595041325,4.6796875,6.41015625,0.0,0.15,0.0,0.8250000000000004,0.12037037037037036,0.1111111111111111,0.31481481481481455,0.7250000000000003,0.7750000000000004,0.8000000000000004,0.8500000000000004,0.6759259259259262,0.6296296296296297,0.7592592592592599
0.4628099173553721,4.69140625,6.4140625,0.0,0.15,0.0,0.8250000000000004,0.12037037037037036,0.1111111111111111,0.31481481481481455,0.7250000000000003,0.8000000000000004,0.8000000000000004,0.8500000000000004,0.6759259259259262,0.6296296296296297,0.7592592592592599
0.4638429752066119,4.703125,6.42578125,0.0,0.15,0.0,0.8250000000000004,0.12037037037037036,0.1111111111111111,0.31481481481481455,0.7250000000000003,0.8000000000000004,0.8000000000000004,0.8500000000000004,0.6759259259259262,0.6296296296296297,0.7685185185185192
0.46487603305785163,4.71484375,6.44140625,0.0,0.15,0.0,0.8250000000000004,0.12962962962962962,0.1111111111111111,0.31481481481481455,0.7250000000000003,0.8000000000000004,0.8000000000000004,0.8500000000000004,0.6759259259259262,0.6296296296296297,0.7685185185185192
0.4659090909090912,4.7265625,6.453125,0.0,0.15,0.0,0.8250000000000004,0.12962962962962962,0.1111111111111111,0.31481481481481455,0.7250000000000003,0.8000000000000004,0.8000000000000004,0.8500000000000004,0.6759259259259262,0.6296296296296297,0.7777777777777785
0.46694214876033086,4.73828125,6.47265625,0.0,0.15,0.0,0.8250000000000004,0.12962962962962962,0.1111111111111111,0.3240740740740738,0.7250000000000003,0.8000000000000004,0.8000000000000004,0.8500000000000004,0.6759259259259262,0.6296296296296297,0.7777777777777785
0.46797520661157044,4.75,6.484375,0.0,0.15,0.0,0.8250000000000004,0.12962962962962962,0.1111111111111111,0.33333333333333304,0.7250000000000003,0.8000000000000004,0.8000000000000004,0.8500000000000004,0.6759259259259262,0.6296296296296297,0.7777777777777785
0.4690082644628102,4.76171875,6.5,0.0,0.15,0.0,0.8250000000000004,0.12962962962962962,0.1111111111111111,0.33333333333333304,0.7250000000000003,0.8000000000000004,0.8000000000000004,0.8500000000000004,0.6851851851851855,0.6296296296296297,0.7777777777777785
0.4700413223140498,4.7734375,6.51171875,0.0,0.15,0.0,0.8250000000000004,0.12962962962962962,0.1111111111111111,0.33333333333333304,0.7250000000000003,0.8000000000000004,0.8000000000000004,0.8500000000000004,0.6944444444444448,0.6296296296296297,0.7777777777777785
0.4710743801652896,4.78515625,6.52734375,0.0,0.15,0.0,0.8250000000000004,0.12962962962962962,0.1111111111111111,0.33333333333333304,0.7250000000000003,0.8000000000000004,0.8000000000000004,0.8500000000000004,0.703703703703704,0.6296296296296297,0.7777777777777785
0.47210743801652916,4.796875,6.5390625,0.0,0.15,0.0,0.8250000000000004,0.12962962962962962,0.1111111111111111,0.33333333333333304,0.7250000000000003,0.8000000000000004,0.8000000000000004,0.8500000000000004,0.7129629629629634,0.6296296296296297,0.7777777777777785
0.47314049586776885,4.80859375,6.5546875,0.0,0.15,0.0,0.8250000000000004,0.12962962962962962,0.1111111111111111,0.33333333333333304,0.7250000000000003,0.8000000000000004,0.8000000000000004,0.8500000000000004,0.7129629629629634,0.638888888888889,0.7777777777777785
0.47417355371900854,4.8203125,6.56640625,0.0,0.15,0.0,0.8250000000000004,0.12962962962962962,0.1111111111111111,0.33333333333333304,0.7250000000000003,0.8000000000000004,0.8000000000000004,0.8500000000000004,0.7129629629629634,0.6481481481481483,0.7777777777777785
0.47520661157024824,4.83203125,6.58203125,0.0,0.15,0.0,0.8250000000000004,0.12962962962962962,0.1111111111111111,0.3425925925925923,0.7250000000000003,0.8000000000000004,0.8000000000000004,0.8500000000000004,0.7129629629629634,0.6481481481481483,0.7777777777777785
0.47623966942148793,4.84375,6.59375,0.0,0.15,0.0,0.8250000000000004,0.12962962962962962,0.1111111111111111,0.3425925925925923,0.7250000000000003,0.8000000000000004,0.8000000000000004,0.8500000000000004,0.7129629629629634,0.6574074074074076,0.7777777777777785
0.4772727272727275,4.85546875,6.609375,0.0,0.15,0.0,0.8250000000000004,0.12962962962962962,0.1111111111111111,0.3425925925925923,0.7250000000000003,0.8000000000000004,0.8250000000000004,0.8500000000000004,0.7129629629629634,0.6574074074074076,0.7777777777777785
0.4783057851239672,4.8671875,6.62109375,0.0,0.15,0.0,0.8250000000000004,0.12962962962962962,0.1111111111111111,0.3425925925925923,0.7250000000000003,0.8000000000000004,0.8250000000000004,0.8500000000000004,0.7129629629629634,0.6666666666666669,0.7777777777777785
0.4793388429752069,4.87890625,6.63671875,0.0,0.15,0.0,0.8250000000000004,0.12962962962962962,0.1111111111111111,0.3425925925925923,0.7500000000000003,0.8000000000000004,0.8250000000000004,0.8500000000000004,0.7129629629629634,0.6666666666666669,0.7777777777777785
0.4803719008264466,4.890625,6.65234375,0.0,0.15,0.0,0.8250000000000004,0.12962962962962962,0.1111111111111111,0.3425925925925923,0.7500000000000003,0.8000000000000004,0.8250000000000004,0.8500000000000004,0.7129629629629634,0.6759259259259262,0.7777777777777785
0.4814049586776863,4.90234375,6.6640625,0.0,0.15,0.0,0.8250000000000004,0.12962962962962962,0.1111111111111111,0.3425925925925923,0.7500000000000003,0.8000000000000004,0.8250000000000004,0.8500000000000004,0.7129629629629634,0.6851851851851855,0.7777777777777785
0.4824380165289259,4.9140625,6.6796875,0.0,0.15,0.0,0.8250000000000004,0.12962962962962962,0.1111111111111111,0.3425925925925923,0.7500000000000003,0.8000000000000004,0.8250000000000004,0.8500000000000004,0.7129629629629634,0.6944444444444448,0.7777777777777785
0.48347107438016557,4.92578125,6.6875,0.0,0.15,0.0,0.8250000000000004,0.12962962962962962,0.1111111111111111,0.3425925925925923,0.7500000000000003,0.8000000000000004,0.8250000000000004,0.8500000000000004,0.7129629629629634,0.703703703703704,0.7777777777777785
0.48450413223140526,4.9375,6.69921875,0.0,0.15,0.0,0.8250000000000004,0.12962962962962962,0.1111111111111111,0.3425925925925923,0.7500000000000003,0.8000000000000004,0.8250000000000004,0.8500000000000004,0.7129629629629634,0.7129629629629634,0.7777777777777785
0.48553719008264495,4.94921875,6.71484375,0.0,0.15,0.0,0.8250000000000004,0.12962962962962962,0.1111111111111111,0.3425925925925923,0.7500000000000003,0.8000000000000004,0.8250000000000004,0.8500000000000004,0.7222222222222227,0.7129629629629634,0.7777777777777785
0.4865702479338846,4.9609375,6.7265625,0.0,0.15,0.0,0.8250000000000004,0.12962962962962962,0.1111111111111111,0.3425925925925923,0.7500000000000003,0.8000000000000004,0.8250000000000004,0.8500000000000004,0.731481481481482,0.7129629629629634,0.7777777777777785
0.4876033057851243,4.97265625,6.7421875,0.0,0.15,0.0,0.8250000000000004,0.12962962962962962,0.1111111111111111,0.3425925925925923,0.7500000000000003,0.8000000000000004,0.8250000000000004,0.8500000000000004,0.731481481481482,0.7129629629629634,0.7870370370370378
0.488636363636364,4.98046875,6.7578125,0.0,0.15,0.0,0.8250000000000004,0.12962962962962962,0.1111111111111111,0.3425925925925923,0.7500000000000003,0.8000000000000004,0.8250000000000004,0.8500000000000004,0.731481481481482,0.7129629629629634,0.7962962962962971
0.4896694214876037,4.9921875,6.7734375,0.0,0.15,0.0,0.8250000000000004,0.12962962962962962,0.1111111111111111,0.3425925925925923,0.7500000000000003,0.8000000000000004,0.8250000000000004,0.8500000000000004,0.731481481481482,0.7129629629629634,0.8055555555555564
0.49070247933884337,5.00390625,6.78515625,0.0,0.15,0.0,0.8250000000000004,0.12962962962962962,0.12037037037037036,0.3425925925925923,0.7500000000000003,0.8000000000000004,0.8250000000000004,0.8500000000000004,0.731481481481482,0.7129629629629634,0.8055555555555564
0.49173553719008306,5.015625,6.80078125,0.0,0.15,0.0,0.8250000000000004,0.12962962962962962,0.12037037037037036,0.3425925925925923,0.7500000000000003,0.8000000000000004,0.8250000000000004,0.8500000000000004,0.731481481481482,0.7129629629629634,0.8148148148148157
0.49276859504132264,5.02734375,6.8125,0.0,0.15,0.0,0.8250000000000004,0.1388888888888889,0.12037037037037036,0.3425925925925923,0.7500000000000003,0.8000000000000004,0.8250000000000004,0.8500000000000004,0.731481481481482,0.7129629629629634,0.8148148148148157
0.49380165289256234,5.0390625,6.828125,0.0,0.15,0.0,0.8250000000000004,0.1388888888888889,0.12037037037037036,0.3425925925925923,0.7500000000000003,0.8000000000000004,0.8250000000000004,0.8500000000000004,0.731481481481482,0.7129629629629634,0.824074074074075
0.49483471074380203,5.05078125,6.83984375,0.0,0.15,0.0,0.8250000000000004,0.1388888888888889,0.12037037037037036,0.3425925925925923,0.7500000000000003,0.8000000000000004,0.8500000000000004,0.8500000000000004,0.731481481481482,0.7129629629629634,0.824074074074075
0.4958677685950417,5.0625,6.85546875,0.0,0.15,0.0,0.8250000000000004,0.1388888888888889,0.12037037037037036,0.3425925925925923,0.7500000000000003,0.8000000000000004,0.8500000000000004,0.8500000000000004,0.731481481481482,0.7129629629629634,0.8333333333333343
0.4969008264462813,5.07421875,6.8671875,0.0,0.15,0.0,0.8250000000000004,0.1388888888888889,0.12037037037037036,0.3425925925925923,0.7500000000000003,0.8000000000000004,0.8500000000000004,0.8500000000000004,0.7407407407407413,0.7129629629629634,0.8333333333333343
0.49793388429752106,5.0859375,6.8828125,0.0,0.15,0.0,0.8250000000000004,0.1388888888888889,0.12037037037037036,0.3425925925925923,0.7500000000000003,0.8000000000000004,0.8500000000000004,0.8500000000000004,0.7500000000000006,0.7129629629629634,0.8333333333333343
0.4989669421487607,5.09765625,6.8984375,0.0,0.15,0.0,0.8250000000000004,0.1388888888888889,0.12037037037037036,0.3425925925925923,0.7500000000000003,0.8000000000000004,0.8500000000000004,0.8500000000000004,0.7500000000000006,0.7129629629629634,0.8425925925925936
0.5000000000000003,5.109375,6.9140625,0.0,0.15,0.0,0.8250000000000004,0.1388888888888889,0.12037037037037036,0.3425925925925923,0.7500000000000003,0.8000000000000004,0.8500000000000004,0.8500000000000004,0.7592592592592599,0.7129629629629634,0.8425925925925936
0.5010330578512401,5.12109375,6.92578125,0.0,0.15,0.0,0.8250000000000004,0.1388888888888889,0.12037037037037036,0.3425925925925923,0.7500000000000003,0.8000000000000004,0.8500000000000004,0.8500000000000004,0.7685185185185192,0.7129629629629634,0.8425925925925936
0.5020661157024797,5.1328125,6.94140625,0.0,0.15,0.0,0.8250000000000004,0.1388888888888889,0.12037037037037036,0.3425925925925923,0.7500000000000003,0.8000000000000004,0.8500000000000004,0.8500000000000004,0.7685185185185192,0.7129629629629634,0.8518518518518529
0.5030991735537195,5.14453125,6.953125,0.0,0.15,0.0,0.8250000000000004,0.1388888888888889,0.12037037037037036,0.3425925925925923,0.7500000000000003,0.8000000000000004,0.8500000000000004,0.8500000000000004,0.7685185185185192,0.7222222222222227,0.8518518518518529
0.5041322314049591,5.15625,6.96875,0.0,0.15,0.0,0.8250000000000004,0.1388888888888889,0.12037037037037036,0.3425925925925923,0.7500000000000003,0.8000000000000004,0.8500000000000004,0.8500000000000004,0.7685185185185192,0.731481481481482,0.8518518518518529
0.5051652892561987,5.16796875,6.98046875,0.0,0.15,0.0,0.8250000000000004,0.1388888888888889,0.12962962962962962,0.3425925925925923,0.7500000000000003,0.8000000000000004,0.8500000000000004,0.8500000000000004,0.7685185185185192,0.731481481481482,0.8518518518518529
0.5061983471074384,5.1796875,6.98828125,0.0,0.15,0.0,0.8250000000000004,0.1388888888888889,0.12962962962962962,0.3425925925925923,0.7500000000000003,0.8000000000000004,0.8500000000000004,0.8500000000000004,0.7685185185185192,0.731481481481482,0.8611111111111122
0.5072314049586781,5.1953125,7.0,0.0,0.175,0.0,0.8250000000000004,0.1388888888888889,0.12962962962962962,0.3425925925925923,0.7500000000000003,0.8000000000000004,0.8500000000000004,0.8500000000000004,0.7685185185185192,0.731481481481482,0.8611111111111122
0.5082644628099178,5.20703125,7.01953125,0.0,0.175,0.0,0.8250000000000004,0.14814814814814814,0.12962962962962962,0.3425925925925923,0.7500000000000003,0.8000000000000004,0.8500000000000004,0.8500000000000004,0.7685185185185192,0.731481481481482,0.8611111111111122
0.5092975206611574,5.21875,7.02734375,0.0,0.175,0.0,0.8250000000000004,0.14814814814814814,0.12962962962962962,0.3518518518518515,0.7500000000000003,0.8000000000000004,0.8500000000000004,0.8500000000000004,0.7685185185185192,0.731481481481482,0.8611111111111122
0.5103305785123972,5.23046875,7.046875,0.0,0.175,0.0,0.8250000000000004,0.14814814814814814,0.12962962962962962,0.3518518518518515,0.7500000000000003,0.8000000000000004,0.8500000000000004,0.8500000000000004,0.7685185185185192,0.7407407407407413,0.8611111111111122
0.5113636363636368,5.24609375,7.05859375,0.0,0.175,0.0,0.8500000000000004,0.14814814814814814,0.12962962962962962,0.3518518518518515,0.7500000000000003,0.8000000000000004,0.8500000000000004,0.8500000000000004,0.7685185185185192,0.7407407407407413,0.8611111111111122
0.5123966942148764,5.2578125,7.07421875,0.0,0.175,0.0,0.8500000000000004,0.14814814814814814,0.12962962962962962,0.3518518518518515,0.7750000000000004,0.8000000000000004,0.8500000000000004,0.8500000000000004,0.7685185185185192,0.7407407407407413,0.8611111111111122
0.5134297520661161,5.26953125,7.0859375,0.0,0.175,0.0,0.8500000000000004,0.14814814814814814,0.12962962962962962,0.36111111111111077,0.7750000000000004,0.8000000000000004,0.8500000000000004,0.8500000000000004,0.7685185185185192,0.7407407407407413,0.8611111111111122
0.5144628099173558,5.28125,7.1015625,0.0,0.175,0.0,0.8500000000000004,0.14814814814814814,0.12962962962962962,0.37037037037037,0.7750000000000004,0.8000000000000004,0.8500000000000004,0.8500000000000004,0.7685185185185192,0.7407407407407413,0.8611111111111122
0.5154958677685955,5.29296875,7.11328125,0.0,0.175,0.0,0.8500000000000004,0.14814814814814814,0.12962962962962962,0.37037037037037,0.7750000000000004,0.8250000000000004,0.8500000000000004,0.8500000000000004,0.7685185185185192,0.7407407407407413,0.8611111111111122
0.5165289256198351,5.3046875,7.12890625,0.0,0.175,0.0,0.8500000000000004,0.14814814814814814,0.12962962962962962,0.37037037037037,0.7750000000000004,0.8250000000000004,0.8500000000000004,0.8500000000000004,0.7685185185185192,0.7500000000000006,0.8611111111111122
0.5175619834710747,5.31640625,7.140625,0.0,0.175,0.0,0.8500000000000004,0.14814814814814814,0.12962962962962962,0.37037037037037,0.7750000000000004,0.8250000000000004,0.8500000000000004,0.8500000000000004,0.7685185185185192,0.7592592592592599,0.8611111111111122
0.5185950413223145,5.328125,7.15625,0.0,0.175,0.0,0.8500000000000004,0.14814814814814814,0.12962962962962962,0.37037037037037,0.7750000000000004,0.8250000000000004,0.8750000000000004,0.8500000000000004,0.7685185185185192,0.7592592592592599,0.8611111111111122
0.5196280991735541,5.33984375,7.16796875,0.0,0.175,0.0,0.8500000000000004,0.14814814814814814,0.12962962962962962,0.37037037037037,0.7750000000000004,0.8250000000000004,0.8750000000000004,0.8500000000000004,0.7685185185185192,0.7685185185185192,0.8611111111111122
0.5206611570247938,5.3515625,7.18359375,0.0,0.175,0.0,0.8500000000000004,0.14814814814814814,0.12962962962962962,0.37037037037037,0.7750000000000004,0.8250000000000004,0.8750000000000004,0.8500000000000004,0.7685185185185192,0.7685185185185192,0.8703703703703715
0.5216942148760335,5.3671875,7.19921875,0.0,0.19999999999999998,0.0,0.8500000000000004,0.14814814814814814,0.12962962962962962,0.37037037037037,0.7750000000000004,0.8250000000000004,0.8750000000000004,0.8500000000000004,0.7685185185185192,0.7685185185185192,0.8703703703703715
0.5227272727272732,5.3828125,7.21484375,0.0,0.19999999999999998,0.0,0.8500000000000004,0.15740740740740738,0.12962962962962962,0.37037037037037,0.7750000000000004,0.8250000000000004,0.8750000000000004,0.8500000000000004,0.7685185185185192,0.7685185185185192,0.8703703703703715
0.5237603305785129,5.39453125,7.23046875,0.0,0.19999999999999998,0.0,0.8500000000000004,0.16666666666666663,0.12962962962962962,0.37037037037037,0.7750000000000004,0.8250000000000004,0.8750000000000004,0.8500000000000004,0.7685185185185192,0.7685185185185192,0.8703703703703715
0.5247933884297525,5.40625,7.23828125,0.0,0.19999999999999998,0.0,0.8500000000000004,0.16666666666666663,0.1388888888888889,0.37037037037037,0.7750000000000004,0.8250000000000004,0.8750000000000004,0.8500000000000004,0.7685185185185192,0.7685185185185192,0.8703703703703715
0.5258264462809921,5.421875,7.25390625,0.0,0.19999999999999998,0.0,0.8500000000000004,0.17592592592592587,0.1388888888888889,0.37037037037037,0.7750000000000004,0.8250000000000004,0.8750000000000004,0.8500000000000004,0.7685185185185192,0.7685185185185192,0.8703703703703715
0.5268595041322318,5.43359375,7.26953125,0.0,0.19999999999999998,0.0,0.8500000000000004,0.17592592592592587,0.14814814814814814,0.37037037037037,0.7750000000000004,0.8250000000000004,0.8750000000000004,0.8500000000000004,0.7685185185185192,0.7685185185185192,0.8703703703703715
0.5278925619834715,5.4453125,7.28515625,0.0,0.19999999999999998,0.0,0.8500000000000004,0.17592592592592587,0.14814814814814814,0.37037037037037,0.7750000000000004,0.8250000000000004,0.8750000000000004,0.8500000000000004,0.7777777777777785,0.7685185185185192,0.8703703703703715
0.5289256198347112,5.45703125,7.29296875,0.0,0.19999999999999998,0.0,0.8500000000000004,0.17592592592592587,0.14814814814814814,0.37037037037037,0.7750000000000004,0.8250000000000004,0.8750000000000004,0.8500000000000004,0.7870370370370378,0.7685185185185192,0.8703703703703715
0.5299586776859508,5.46875,7.30859375,0.0,0.19999999999999998,0.0,0.8500000000000004,0.17592592592592587,0.14814814814814814,0.37037037037037,0.7750000000000004,0.8250000000000004,0.8750000000000004,0.8500000000000004,0.7962962962962971,0.7685185185185192,0.8703703703703715
0.5309917355371906,5.48046875,7.32421875,0.0,0.19999999999999998,0.0,0.8500000000000004,0.17592592592592587,0.14814814814814814,0.37037037037037,0.7750000000000004,0.8250000000000004,0.8750000000000004,0.8500000000000004,0.8055555555555564,0.7685185185185192,0.8703703703703715
0.5320247933884303,5.4921875,7.33984375,0.0,0.19999999999999998,0.0,0.8500000000000004,0.17592592592592587,0.14814814814814814,0.37037037037037,0.7750000000000004,0.8250000000000004,0.8750000000000004,0.8500000000000004,0.8055555555555564,0.7685185185185192,0.8796296296296308
0.5330578512396699,5.50390625,7.34765625,0.0,0.19999999999999998,0.0,0.8500000000000004,0.17592592592592587,0.14814814814814814,0.37037037037037,0.7750000000000004,0.8250000000000004,0.8750000000000004,0.8500000000000004,0.8055555555555564,0.7777777777777785,0.8796296296296308
0.5340909090909095,5.51953125,7.36328125,0.0,0.19999999999999998,0.0,0.8500000000000004,0.18518518518518512,0.14814814814814814,0.37037037037037,0.7750000000000004,0.8250000000000004,0.8750000000000004,0.8500000000000004,0.8055555555555564,0.7777777777777785,0.8796296296296308
0.5351239669421493,5.53125,7.375,0.0,0.19999999999999998,0.0,0.8500000000000004,0.18518518518518512,0.14814814814814814,0.37962962962962926,0.7750000000000004,0.8250000000000004,0.8750000000000004,0.8500000000000004,0.8055555555555564,0.7777777777777785,0.8796296296296308
0.536157024793389,5.54296875,7.390625,0.0,0.19999999999999998,0.0,0.8500000000000004,0.18518518518518512,0.14814814814814814,0.37962962962962926,0.7750000000000004,0.8250000000000004,0.8750000000000004,0.8500000000000004,0.8055555555555564,0.7870370370370378,0.8796296296296308
0.5371900826446286,5.5546875,7.3984375,0.0,0.19999999999999998,0.0,0.8500000000000004,0.18518518518518512,0.14814814814814814,0.37962962962962926,0.7750000000000004,0.8250000000000004,0.8750000000000004,0.8500000000000004,0.8055555555555564,0.7962962962962971,0.8796296296296308
0.5382231404958683,5.56640625,7.4140625,0.0,0.19999999999999998,0.0,0.8500000000000004,0.18518518518518512,0.14814814814814814,0.37962962962962926,0.7750000000000004,0.8250000000000004,0.8750000000000004,0.8500000000000004,0.8055555555555564,0.8055555555555564,0.8796296296296308
0.539256198347108,5.578125,7.4296875,0.0,0.19999999999999998,0.0,0.8500000000000004,0.18518518518518512,0.14814814814814814,0.37962962962962926,0.7750000000000004,0.8250000000000004,0.8750000000000004,0.8500000000000004,0.8055555555555564,0.8148148148148157,0.8796296296296308
0.5402892561983477,5.58984375,7.44140625,0.0,0.19999999999999998,0.0,0.8500000000000004,0.18518518518518512,0.14814814814814814,0.37962962962962926,0.7750000000000004,0.8250000000000004,0.8750000000000004,0.8500000000000004,0.8055555555555564,0.8148148148148157,0.8888888888888901
0.5413223140495873,5.60546875,7.453125,0.0,0.19999999999999998,0.0,0.8500000000000004,0.19444444444444436,0.14814814814814814,0.37962962962962926,0.7750000000000004,0.8250000000000004,0.8750000000000004,0.8500000000000004,0.8055555555555564,0.8148148148148157,0.8888888888888901
0.5423553719008269,5.6171875,7.46875,0.0,0.19999999999999998,0.0,0.8500000000000004,0.19444444444444436,0.14814814814814814,0.3888888888888885,0.7750000000000004,0.8250000000000004,0.8750000000000004,0.8500000000000004,0.8055555555555564,0.8148148148148157,0.8888888888888901
0.5433884297520667,5.6328125,7.484375,0.0,0.19999999999999998,0.0,0.8500000000000004,0.2037037037037036,0.14814814814814814,0.3888888888888885,0.7750000000000004,0.8250000000000004,0.8750000000000004,0.8500000000000004,0.8055555555555564,0.8148148148148157,0.8888888888888901
0.5444214876033063,5.64453125,7.5,0.0,0.19999999999999998,0.0,0.8500000000000004,0.2037037037037036,0.14814814814814814,0.39814814814814775,0.7750000000000004,0.8250000000000004,0.8750000000000004,0.8500000000000004,0.8055555555555564,0.8148148148148157,0.8888888888888901
0.545454545454546,5.65625,7.5078125,0.0,0.19999999999999998,0.0,0.8500000000000004,0.2037037037037036,0.14814814814814814,0.39814814814814775,0.7750000000000004,0.8250000000000004,0.8750000000000004,0.8500000000000004,0.8055555555555564,0.824074074074075,0.8888888888888901
0.5464876033057857,5.671875,7.51953125,0.0,0.19999999999999998,0.0,0.8500000000000004,0.21296296296296285,0.14814814814814814,0.39814814814814775,0.7750000000000004,0.8250000000000004,0.8750000000000004,0.8500000000000004,0.8055555555555564,0.824074074074075,0.8888888888888901
0.5475206611570254,5.68359375,7.5390625,0.0,0.19999999999999998,0.0,0.8500000000000004,0.21296296296296285,0.15740740740740738,0.39814814814814775,0.7750000000000004,0.8250000000000004,0.8750000000000004,0.8500000000000004,0.8055555555555564,0.824074074074075,0.8888888888888901
0.548553719008265,5.6953125,7.55078125,0.0,0.19999999999999998,0.0,0.8500000000000004,0.21296296296296285,0.15740740740740738,0.39814814814814775,0.7750000000000004,0.8250000000000004,0.8750000000000004,0.8500000000000004,0.8055555555555564,0.824074074074075,0.8981481481481494
0.5495867768595045,5.7109375,7.56640625,0.0,0.19999999999999998,0.0,0.8500000000000004,0.2222222222222221,0.15740740740740738,0.39814814814814775,0.7750000000000004,0.8250000000000004,0.8750000000000004,0.8500000000000004,0.8055555555555564,0.824074074074075,0.8981481481481494
0.5506198347107443,5.7265625,7.57421875,0.0,0.22499999999999998,0.0,0.8500000000000004,0.2222222222222221,0.15740740740740738,0.39814814814814775,0.7750000000000004,0.8250000000000004,0.8750000000000004,0.8500000000000004,0.8055555555555564,0.824074074074075,0.8981481481481494
0.5516528925619839,5.7421875,7.58984375,0.0,0.22499999999999998,0.0,0.8500000000000004,0.23148148148148134,0.15740740740740738,0.39814814814814775,0.7750000000000004,0.8250000000000004,0.8750000000000004,0.8500000000000004,0.8055555555555564,0.824074074074075,0.8981481481481494
0.5526859504132235,5.7578125,7.60546875,0.0,0.22499999999999998,0.0,0.8500000000000004,0.2407407407407406,0.15740740740740738,0.39814814814814775,0.7750000000000004,0.8250000000000004,0.8750000000000004,0.8500000000000004,0.8055555555555564,0.824074074074075,0.8981481481481494
0.5537190082644633,5.7734375,7.62109375,0.0,0.22499999999999998,0.0,0.8500000000000004,0.2407407407407406,0.16666666666666663,0.39814814814814775,0.7750000000000004,0.8250000000000004,0.8750000000000004,0.8500000000000004,0.8055555555555564,0.824074074074075,0.8981481481481494
0.5547520661157029,5.78515625,7.62890625,0.0,0.22499999999999998,0.0,0.8500000000000004,0.2407407407407406,0.17592592592592587,0.39814814814814775,0.7750000000000004,0.8250000000000004,0.8750000000000004,0.8500000000000004,0.8055555555555564,0.824074074074075,0.8981481481481494
0.5557851239669427,5.796875,7.64453125,0.0,0.22499999999999998,0.0,0.8500000000000004,0.2407407407407406,0.18518518518518512,0.39814814814814775,0.7750000000000004,0.8250000000000004,0.8750000000000004,0.8500000000000004,0.8055555555555564,0.824074074074075,0.8981481481481494
0.5568181818181823,5.80859375,7.66015625,0.0,0.22499999999999998,0.0,0.8500000000000004,0.2407407407407406,0.18518518518518512,0.39814814814814775,0.7750000000000004,0.8250000000000004,0.9000000000000005,0.8500000000000004,0.8055555555555564,0.824074074074075,0.8981481481481494
0.5578512396694221,5.82421875,7.67578125,0.0,0.22499999999999998,0.0,0.8500000000000004,0.2407407407407406,0.19444444444444436,0.39814814814814775,0.7750000000000004,0.8250000000000004,0.9000000000000005,0.8500000000000004,0.8055555555555564,0.824074074074075,0.8981481481481494
0.5588842975206616,5.8359375,7.68359375,0.0,0.22499999999999998,0.0,0.8500000000000004,0.2407407407407406,0.19444444444444436,0.407407407407407,0.7750000000000004,0.8250000000000004,0.9000000000000005,0.8500000000000004,0.8055555555555564,0.824074074074075,0.8981481481481494
0.5599173553719012,5.84765625,7.69921875,0.0,0.22499999999999998,0.0,0.8500000000000004,0.2407407407407406,0.19444444444444436,0.41666666666666624,0.7750000000000004,0.8250000000000004,0.9000000000000005,0.8500000000000004,0.8055555555555564,0.824074074074075,0.8981481481481494
0.560950413223141,5.859375,7.7109375,0.0,0.22499999999999998,0.0,0.8500000000000004,0.2407407407407406,0.19444444444444436,0.41666666666666624,0.7750000000000004,0.8250000000000004,0.9000000000000005,0.8500000000000004,0.8148148148148157,0.824074074074075,0.8981481481481494
0.5619834710743806,5.87109375,7.7265625,0.0,0.22499999999999998,0.0,0.8500000000000004,0.2407407407407406,0.19444444444444436,0.41666666666666624,0.7750000000000004,0.8250000000000004,0.9000000000000005,0.8500000000000004,0.824074074074075,0.824074074074075,0.8981481481481494
0.5630165289256204,5.8828125,7.734375,0.0,0.22499999999999998,0.0,0.8500000000000004,0.2407407407407406,0.19444444444444436,0.41666666666666624,0.7750000000000004,0.8250000000000004,0.9000000000000005,0.8500000000000004,0.8333333333333343,0.824074074074075,0.8981481481481494
0.56404958677686,5.89453125,7.75,0.0,0.22499999999999998,0.0,0.8500000000000004,0.2407407407407406,0.19444444444444436,0.41666666666666624,0.7750000000000004,0.8250000000000004,0.9000000000000005,0.8500000000000004,0.8333333333333343,0.8333333333333343,0.8981481481481494
0.5650826446280997,5.90625,7.765625,0.0,0.22499999999999998,0.0,0.8500000000000004,0.2407407407407406,0.19444444444444436,0.41666666666666624,0.7750000000000004,0.8250000000000004,0.9000000000000005,0.8500000000000004,0.8333333333333343,0.8425925925925936,0.8981481481481494
0.5661157024793394,5.91796875,7.78125,0.0,0.22499999999999998,0.0,0.8500000000000004,0.2407407407407406,0.19444444444444436,0.41666666666666624,0.7750000000000004,0.8250000000000004,0.9000000000000005,0.8500000000000004,0.8333333333333343,0.8518518518518529,0.8981481481481494
0.5671487603305789,5.9296875,7.79296875,0.0,0.22499999999999998,0.0,0.8500000000000004,0.2407407407407406,0.19444444444444436,0.41666666666666624,0.7750000000000004,0.8250000000000004,0.9000000000000005,0.8500000000000004,0.8425925925925936,0.8518518518518529,0.8981481481481494
0.5681818181818187,5.94140625,7.80078125,0.0,0.22499999999999998,0.0,0.8500000000000004,0.2407407407407406,0.19444444444444436,0.41666666666666624,0.7750000000000004,0.8250000000000004,0.9000000000000005,0.8500000000000004,0.8425925925925936,0.8518518518518529,0.9074074074074087
0.5692148760330583,5.953125,7.81640625,0.0,0.22499999999999998,0.0,0.8500000000000004,0.2407407407407406,0.19444444444444436,0.41666666666666624,0.7750000000000004,0.8250000000000004,0.9000000000000005,0.8500000000000004,0.8518518518518529,0.8518518518518529,0.9074074074074087
0.5702479338842981,5.96484375,7.83203125,0.0,0.22499999999999998,0.0,0.8500000000000004,0.2407407407407406,0.19444444444444436,0.41666666666666624,0.7750000000000004,0.8250000000000004,0.9000000000000005,0.8500000000000004,0.8518518518518529,0.8518518518518529,0.916666666666668
0.5712809917355376,5.98046875,7.84765625,0.0,0.24999999999999997,0.0,0.8500000000000004,0.2407407407407406,0.19444444444444436,0.41666666666666624,0.7750000000000004,0.8250000000000004,0.9000000000000005,0.8500000000000004,0.8518518518518529,0.8518518518518529,0.916666666666668
0.5723140495867773,5.9921875,7.85546875,0.0,0.24999999999999997,0.0,0.8500000000000004,0.2407407407407406,0.19444444444444436,0.41666666666666624,0.7750000000000004,0.8250000000000004,0.9250000000000005,0.8500000000000004,0.8518518518518529,0.8518518518518529,0.916666666666668
0.573347107438017,6.00390625,7.8671875,0.0,0.24999999999999997,0.0,0.8500000000000004,0.2407407407407406,0.19444444444444436,0.41666666666666624,0.7750000000000004,0.8250000000000004,0.9250000000000005,0.8500000000000004,0.8518518518518529,0.8611111111111122,0.916666666666668
0.5743801652892567,6.01953125,7.8828125,0.0,0.24999999999999997,0.0,0.8500000000000004,0.24999999999999983,0.19444444444444436,0.41666666666666624,0.7750000000000004,0.8250000000000004,0.9250000000000005,0.8500000000000004,0.8518518518518529,0.8611111111111122,0.916666666666668
0.5754132231404964,6.03125,7.8984375,0.0,0.24999999999999997,0.0,0.8500000000000004,0.24999999999999983,0.19444444444444436,0.41666666666666624,0.7750000000000004,0.8250000000000004,0.9250000000000005,0.8500000000000004,0.8611111111111122,0.8611111111111122,0.916666666666668
0.576446280991736,6.046875,7.90625,0.0,0.24999999999999997,0.0,0.8500000000000004,0.24999999999999983,0.2037037037037036,0.41666666666666624,0.7750000000000004,0.8250000000000004,0.9250000000000005,0.8500000000000004,0.8611111111111122,0.8611111111111122,0.916666666666668
0.5774793388429758,6.05859375,7.921875,0.0,0.24999999999999997,0.0,0.8500000000000004,0.24999999999999983,0.21296296296296285,0.41666666666666624,0.7750000000000004,0.8250000000000004,0.9250000000000005,0.8500000000000004,0.8611111111111122,0.8611111111111122,0.916666666666668
0.5785123966942154,6.0703125,7.93359375,0.0,0.24999999999999997,0.0,0.8500000000000004,0.24999999999999983,0.21296296296296285,0.4259259259259255,0.7750000000000004,0.8250000000000004,0.9250000000000005,0.8500000000000004,0.8611111111111122,0.8611111111111122,0.916666666666668
0.579545454545455,6.08203125,7.94921875,0.0,0.24999999999999997,0.0,0.8500000000000004,0.24999999999999983,0.21296296296296285,0.43518518518518473,0.7750000000000004,0.8250000000000004,0.9250000000000005,0.8500000000000004,0.8611111111111122,0.8611111111111122,0.916666666666668
0.5805785123966947,6.09765625,7.96484375,0.0,0.24999999999999997,0.0,0.8500000000000004,0.2592592592592591,0.21296296296296285,0.43518518518518473,0.7750000000000004,0.8250000000000004,0.9250000000000005,0.8500000000000004,0.8611111111111122,0.8611111111111122,0.916666666666668
0.5816115702479344,6.109375,7.97265625,0.0,0.24999999999999997,0.0,0.8500000000000004,0.2592592592592591,0.21296296296296285,0.43518518518518473,0.7750000000000004,0.8250000000000004,0.9250000000000005,0.8500000000000004,0.8611111111111122,0.8703703703703715,0.916666666666668
0.5826446280991741,6.125,7.98828125,0.0,0.24999999999999997,0.0,0.8500000000000004,0.2685185185185183,0.21296296296296285,0.43518518518518473,0.7750000000000004,0.8250000000000004,0.9250000000000005,0.8500000000000004,0.8611111111111122,0.8703703703703715,0.916666666666668
0.5836776859504137,6.13671875,8.0,0.0,0.24999999999999997,0.0,0.8500000000000004,0.2685185185185183,0.21296296296296285,0.43518518518518473,0.7750000000000004,0.8250000000000004,0.9250000000000005,0.8500000000000004,0.8611111111111122,0.8796296296296308,0.916666666666668
0.5847107438016533,6.15234375,8.015625,0.0,0.24999999999999997,0.0,0.8500000000000004,0.2685185185185183,0.2222222222222221,0.43518518518518473,0.7750000000000004,0.8250000000000004,0.9250000000000005,0.8500000000000004,0.8611111111111122,0.8796296296296308,0.916666666666668
0.5857438016528931,6.1640625,8.0234375,0.0,0.24999999999999997,0.0,0.8500000000000004,0.2685185185185183,0.2222222222222221,0.444444444444444,0.7750000000000004,0.8250000000000004,0.9250000000000005,0.8500000000000004,0.8611111111111122,0.8796296296296308,0.916666666666668
0.5867768595041327,6.17578125,8.0390625,0.0,0.24999999999999997,0.0,0.8500000000000004,0.2685185185185183,0.2222222222222221,0.4537037037037032,0.7750000000000004,0.8250000000000004,0.9250000000000005,0.8500000000000004,0.8611111111111122,0.8796296296296308,0.916666666666668
0.5878099173553725,6.1875,8.0546875,0.0,0.24999999999999997,0.0,0.8500000000000004,0.2685185185185183,0.2222222222222221,0.46296296296296247,0.7750000000000004,0.8250000000000004,0.9250000000000005,0.8500000000000004,0.8611111111111122,0.8796296296296308,0.916666666666668
0.5888429752066121,6.19921875,8.0625,0.0,0.24999999999999997,0.0,0.8500000000000004,0.2685185185185183,0.2222222222222221,0.46296296296296247,0.7750000000000004,0.8250000000000004,0.9250000000000005,0.8500000000000004,0.8611111111111122,0.8888888888888901,0.916666666666668
0.5898760330578517,6.2109375,8.078125,0.0,0.24999999999999997,0.0,0.8500000000000004,0.2685185185185183,0.2222222222222221,0.46296296296296247,0.7750000000000004,0.8250000000000004,0.9250000000000005,0.8500000000000004,0.8703703703703715,0.8888888888888901,0.916666666666668
0.5909090909090914,6.22265625,8.0859375,0.0,0.24999999999999997,0.0,0.8500000000000004,0.2685185185185183,0.2222222222222221,0.46296296296296247,0.7750000000000004,0.8250000000000004,0.9250000000000005,0.8500000000000004,0.8703703703703715,0.8888888888888901,0.9259259259259273
0.5919421487603311,6.23828125,8.1015625,0.0,0.24999999999999997,0.0,0.8500000000000004,0.2685185185185183,0.23148148148148134,0.46296296296296247,0.7750000000000004,0.8250000000000004,0.9250000000000005,0.8500000000000004,0.8703703703703715,0.8888888888888901,0.9259259259259273
0.5929752066115708,6.25,8.1171875,0.0,0.24999999999999997,0.0,0.8500000000000004,0.2685185185185183,0.2407407407407406,0.46296296296296247,0.7750000000000004,0.8250000000000004,0.9250000000000005,0.8500000000000004,0.8703703703703715,0.8888888888888901,0.9259259259259273
0.5940082644628104,6.265625,8.125,0.0,0.24999999999999997,0.0,0.8500000000000004,0.2685185185185183,0.24999999999999983,0.46296296296296247,0.7750000000000004,0.8250000000000004,0.9250000000000005,0.8500000000000004,0.8703703703703715,0.8888888888888901,0.9259259259259273
0.5950413223140502,6.27734375,8.140625,0.0,0.24999999999999997,0.0,0.8500000000000004,0.2685185185185183,0.24999999999999983,0.4722222222222217,0.7750000000000004,0.8250000000000004,0.9250000000000005,0.8500000000000004,0.8703703703703715,0.8888888888888901,0.9259259259259273
0.5960743801652898,6.2890625,8.1484375,0.0,0.24999999999999997,0.0,0.8500000000000004,0.2685185185185183,0.24999999999999983,0.48148148148148096,0.7750000000000004,0.8250000000000004,0.9250000000000005,0.8500000000000004,0.8703703703703715,0.8888888888888901,0.9259259259259273
0.5971074380165294,6.30078125,8.1640625,0.0,0.24999999999999997,0.0,0.8500000000000004,0.2685185185185183,0.24999999999999983,0.48148148148148096,0.7750000000000004,0.8250000000000004,0.9250000000000005,0.8500000000000004,0.8796296296296308,0.8888888888888901,0.9259259259259273
0.5981404958677691,6.3125,8.1796875,0.0,0.24999999999999997,0.0,0.8500000000000004,0.2685185185185183,0.24999999999999983,0.48148148148148096,0.7750000000000004,0.8250000000000004,0.9250000000000005,0.8500000000000004,0.8888888888888901,0.8888888888888901,0.9259259259259273
0.5991735537190088,6.32421875,8.1953125,0.0,0.24999999999999997,0.0,0.8500000000000004,0.2685185185185183,0.24999999999999983,0.48148148148148096,0.7750000000000004,0.8250000000000004,0.9250000000000005,0.8500000000000004,0.8888888888888901,0.8888888888888901,0.9351851851851866
0.6002066115702485,6.33984375,8.203125,0.0,0.24999999999999997,0.0,0.8500000000000004,0.2685185185185183,0.2592592592592591,0.48148148148148096,0.7750000000000004,0.8250000000000004,0.9250000000000005,0.8500000000000004,0.8888888888888901,0.8888888888888901,0.9351851851851866
