Effective Sparsity,Activation Error,Baseline Error,q0,k0,v0,o0,gate0,up0,down0,q1,k1,v1,o1,gate1,up1,down1
0.0010330578512396697,0.00293731689453125,0.0239715576171875,0.0,0.0,0.0,0.0,0.0,0.0,0.0,0.0,0.0,0.0,0.0,0.009259259259259259,0.0,0.0
0.0020661157024793393,0.004138946533203125,0.0239715576171875,0.0,0.0,0.0,0.0,0.0,0.0,0.0,0.0,0.0,0.0,0.0,0.009259259259259259,0.009259259259259259,0.0
0.0030991735537190092,0.00634765625,0.0239715576171875,0.0,0.0,0.0,0.0,0.009259259259259259,0.0,0.0,0.0,0.0,0.0,0.0,0.009259259259259259,0.009259259259259259,0.0
0.004132231404958679,0.00812530517578125,0.0239715576171875,0.0,0.0,0.0,0.0,0.009259259259259259,0.009259259259259259,0.0,0.0,0.0,0.0,0.0,0.009259259259259259,0.009259259259259259,0.0
0.005165289256198348,0.011810302734375,0.0239715576171875,0.0,0.0,0.0,0.0,0.009259259259259259,0.009259259259259259,0.0,0.0,0.0,0.0,0.0,0.009259259259259259,0.009259259259259259,0.009259259259259259
0.006198347107438018,0.01678466796875,0.0239715576171875,0.0,0.0,0.0,0.0,0.009259259259259259,0.009259259259259259,0.009259259259259259,0.0,0.0,0.0,0.0,0.009259259259259259,0.009259259259259259,0.009259259259259259
0.007231404958677687,0.05059814453125,0.0239715576171875,0.0,0.0,0.0,0.0,0.009259259259259259,0.009259259259259259,0.009259259259259259,0.0,0.0,0.0,0.025,0.009259259259259259,0.009259259259259259,0.009259259259259259
0.008264462809917356,0.0701904296875,0.0239715576171875,0.0,0.0,0.0,0.0,0.009259259259259259,0.009259259259259259,0.009259259259259259,0.0,0.025,0.0,0.025,0.009259259259259259,0.009259259259259259,0.009259259259259259
0.009297520661157027,0.0892333984375,0.0239715576171875,0.0,0.0,0.0,0.0,0.009259259259259259,0.009259259259259259,0.009259259259259259,0.0,0.025,0.0,0.05,0.009259259259259259,0.009259259259259259,0.009259259259259259
0.010330578512396696,0.1077880859375,0.2139892578125,0.0,0.0,0.0,0.0,0.009259259259259259,0.009259259259259259,0.009259259259259259,0.0,0.025,0.0,0.07500000000000001,0.009259259259259259,0.009259259259259259,0.009259259259259259
0.011363636363636367,0.12548828125,0.2340087890625,0.0,0.0,0.0,0.0,0.009259259259259259,0.009259259259259259,0.009259259259259259,0.0,0.05,0.0,0.07500000000000001,0.009259259259259259,0.009259259259259259,0.009259259259259259
0.012396694214876037,0.14111328125,0.25439453125,0.0,0.0,0.0,0.0,0.009259259259259259,0.009259259259259259,0.009259259259259259,0.0,0.05,0.0,0.1,0.009259259259259259,0.009259259259259259,0.009259259259259259
0.013429752066115708,0.156494140625,0.27587890625,0.0,0.0,0.0,0.0,0.009259259259259259,0.009259259259259259,0.009259259259259259,0.0,0.05,0.0,0.125,0.009259259259259259,0.009259259259259259,0.009259259259259259
0.014462809917355378,0.17138671875,0.29736328125,0.0,0.0,0.0,0.0,0.009259259259259259,0.009259259259259259,0.009259259259259259,0.0,0.07500000000000001,0.0,0.125,0.009259259259259259,0.009259259259259259,0.009259259259259259
0.015495867768595049,0.185546875,0.31787109375,0.0,0.0,0.0,0.0,0.009259259259259259,0.009259259259259259,0.009259259259259259,0.0,0.07500000000000001,0.0,0.15,0.009259259259259259,0.009259259259259259,0.009259259259259259
0.016528925619834718,0.199462890625,0.33837890625,0.0,0.0,0.0,0.0,0.009259259259259259,0.009259259259259259,0.009259259259259259,0.0,0.1,0.0,0.15,0.009259259259259259,0.009259259259259259,0.009259259259259259
0.017561983471074384,0.2127685546875,0.35888671875,0.0,0.0,0.0,0.0,0.009259259259259259,0.009259259259259259,0.009259259259259259,0.0,0.1,0.0,0.175,0.009259259259259259,0.009259259259259259,0.009259259259259259
0.018595041322314057,0.2254638671875,0.379638671875,0.0,0.0,0.0,0.025,0.009259259259259259,0.009259259259259259,0.009259259259259259,0.0,0.1,0.0,0.175,0.009259259259259259,0.009259259259259259,0.009259259259259259
0.019628099173553726,0.23828125,0.399169921875,0.0,0.0,0.0,0.025,0.009259259259259259,0.009259259259259259,0.009259259259259259,0.0,0.125,0.0,0.175,0.009259259259259259,0.009259259259259259,0.009259259259259259
0.020661157024793392,0.250732421875,0.42041015625,0.0,0.0,0.0,0.025,0.009259259259259259,0.009259259259259259,0.009259259259259259,0.0,0.125,0.0,0.19999999999999998,0.009259259259259259,0.009259259259259259,0.009259259259259259
0.021694214876033062,0.26318359375,0.440673828125,0.0,0.0,0.0,0.025,0.009259259259259259,0.009259259259259259,0.009259259259259259,0.0,0.125,0.0,0.22499999999999998,0.009259259259259259,0.009259259259259259,0.009259259259259259
0.022727272727272735,0.275390625,0.46044921875,0.0,0.0,0.0,0.025,0.009259259259259259,0.009259259259259259,0.009259259259259259,0.0,0.15,0.0,0.22499999999999998,0.009259259259259259,0.009259259259259259,0.009259259259259259
0.023760330578512404,0.28759765625,0.479248046875,0.0,0.0,0.0,0.025,0.009259259259259259,0.009259259259259259,0.009259259259259259,0.0,0.15,0.0,0.24999999999999997,0.009259259259259259,0.009259259259259259,0.009259259259259259
0.024793388429752074,0.30029296875,0.498779296875,0.0,0.0,0.0,0.025,0.009259259259259259,0.009259259259259259,0.009259259259259259,0.0,0.175,0.0,0.24999999999999997,0.009259259259259259,0.009259259259259259,0.009259259259259259
0.025826446280991743,0.3125,0.51806640625,0.0,0.0,0.0,0.025,0.009259259259259259,0.009259259259259259,0.009259259259259259,0.0,0.175,0.0,0.27499999999999997,0.009259259259259259,0.009259259259259259,0.009259259259259259
0.02685950413223141,0.3251953125,0.53662109375,0.0,0.0,0.0,0.025,0.009259259259259259,0.009259259259259259,0.009259259259259259,0.0,0.175,0.0,0.3,0.009259259259259259,0.009259259259259259,0.009259259259259259
0.027892561983471082,0.337646484375,0.55615234375,0.0,0.0,0.0,0.025,0.009259259259259259,0.009259259259259259,0.009259259259259259,0.0,0.19999999999999998,0.0,0.3,0.009259259259259259,0.009259259259259259,0.009259259259259259
0.02892561983471075,0.35009765625,0.57470703125,0.0,0.0,0.0,0.025,0.009259259259259259,0.009259259259259259,0.009259259259259259,0.0,0.19999999999999998,0.0,0.325,0.009259259259259259,0.009259259259259259,0.009259259259259259
0.029958677685950418,0.362548828125,0.59326171875,0.0,0.0,0.0,0.05,0.009259259259259259,0.009259259259259259,0.009259259259259259,0.0,0.19999999999999998,0.0,0.325,0.009259259259259259,0.009259259259259259,0.009259259259259259
0.030991735537190094,0.375,0.61083984375,0.0,0.0,0.0,0.05,0.009259259259259259,0.009259259259259259,0.009259259259259259,0.0,0.19999999999999998,0.0,0.35000000000000003,0.009259259259259259,0.009259259259259259,0.009259259259259259
0.032024793388429756,0.3876953125,0.62939453125,0.0,0.0,0.0,0.05,0.009259259259259259,0.009259259259259259,0.009259259259259259,0.0,0.22499999999999998,0.0,0.35000000000000003,0.009259259259259259,0.009259259259259259,0.009259259259259259
0.03305785123966943,0.400390625,0.6484375,0.0,0.0,0.0,0.05,0.009259259259259259,0.009259259259259259,0.009259259259259259,0.0,0.22499999999999998,0.0,0.35000000000000003,0.009259259259259259,0.009259259259259259,0.018518518518518517
0.034090909090909095,0.408935546875,0.6650390625,0.0,0.0,0.0,0.05,0.009259259259259259,0.009259259259259259,0.009259259259259259,0.0,0.22499999999999998,0.0,0.35000000000000003,0.009259259259259259,0.009259259259259259,0.027777777777777776
0.03512396694214877,0.41845703125,0.681640625,0.0,0.0,0.0,0.05,0.009259259259259259,0.009259259259259259,0.009259259259259259,0.0,0.22499999999999998,0.0,0.35000000000000003,0.009259259259259259,0.009259259259259259,0.037037037037037035
0.036157024793388434,0.42822265625,0.69921875,0.0,0.0,0.0,0.05,0.009259259259259259,0.009259259259259259,0.009259259259259259,0.0,0.22499999999999998,0.0,0.35000000000000003,0.018518518518518517,0.009259259259259259,0.037037037037037035
0.0371900826446281,0.437255859375,0.7158203125,0.0,0.0,0.0,0.05,0.009259259259259259,0.009259259259259259,0.009259259259259259,0.0,0.22499999999999998,0.0,0.35000000000000003,0.027777777777777776,0.009259259259259259,0.037037037037037035
0.03822314049586778,0.447021484375,0.732421875,0.0,0.0,0.0,0.05,0.009259259259259259,0.009259259259259259,0.009259259259259259,0.025,0.22499999999999998,0.0,0.35000000000000003,0.027777777777777776,0.009259259259259259,0.037037037037037035
0.039256198347107446,0.456298828125,0.74853515625,0.0,0.0,0.0,0.05,0.009259259259259259,0.009259259259259259,0.009259259259259259,0.025,0.22499999999999998,0.0,0.35000000000000003,0.027777777777777776,0.018518518518518517,0.037037037037037035
0.04028925619834712,0.465087890625,0.765625,0.0,0.0,0.0,0.05,0.009259259259259259,0.009259259259259259,0.009259259259259259,0.025,0.22499999999999998,0.0,0.35000000000000003,0.027777777777777776,0.018518518518518517,0.046296296296296294
0.041322314049586785,0.475341796875,0.78173828125,0.0,0.0,0.0,0.05,0.009259259259259259,0.009259259259259259,0.009259259259259259,0.025,0.22499999999999998,0.0,0.35000000000000003,0.027777777777777776,0.027777777777777776,0.046296296296296294
0.04235537190082645,0.485107421875,0.79833984375,0.0,0.0,0.0,0.05,0.009259259259259259,0.009259259259259259,0.009259259259259259,0.025,0.22499999999999998,0.0,0.35000000000000003,0.027777777777777776,0.027777777777777776,0.05555555555555555
0.043388429752066124,0.4951171875,0.81494140625,0.0,0.0,0.0,0.05,0.009259259259259259,0.009259259259259259,0.009259259259259259,0.025,0.22499999999999998,0.0,0.35000000000000003,0.037037037037037035,0.027777777777777776,0.05555555555555555
0.04442148760330579,0.50537109375,0.83056640625,0.0,0.0,0.0,0.05,0.009259259259259259,0.009259259259259259,0.009259259259259259,0.025,0.22499999999999998,0.0,0.35000000000000003,0.037037037037037035,0.027777777777777776,0.06481481481481481
0.045454545454545456,0.51611328125,0.845703125,0.0,0.025,0.0,0.05,0.009259259259259259,0.009259259259259259,0.009259259259259259,0.025,0.22499999999999998,0.0,0.35000000000000003,0.037037037037037035,0.027777777777777776,0.06481481481481481
0.04648760330578512,0.52685546875,0.861328125,0.0,0.025,0.0,0.05,0.009259259259259259,0.009259259259259259,0.009259259259259259,0.025,0.24999999999999997,0.0,0.35000000000000003,0.037037037037037035,0.027777777777777776,0.06481481481481481
0.047520661157024795,0.537109375,0.87744140625,0.0,0.025,0.0,0.05,0.009259259259259259,0.009259259259259259,0.009259259259259259,0.025,0.27499999999999997,0.0,0.35000000000000003,0.037037037037037035,0.027777777777777776,0.06481481481481481
0.04855371900826446,0.54736328125,0.89306640625,0.0,0.025,0.0,0.05,0.009259259259259259,0.009259259259259259,0.009259259259259259,0.025,0.27499999999999997,0.0,0.37500000000000006,0.037037037037037035,0.027777777777777776,0.06481481481481481
0.04958677685950414,0.55712890625,0.908203125,0.0,0.025,0.0,0.05,0.009259259259259259,0.009259259259259259,0.009259259259259259,0.025,0.27499999999999997,0.0,0.37500000000000006,0.037037037037037035,0.027777777777777776,0.07407407407407407
0.05061983471074381,0.5673828125,0.9228515625,0.0,0.025,0.0,0.07500000000000001,0.009259259259259259,0.009259259259259259,0.009259259259259259,0.025,0.27499999999999997,0.0,0.37500000000000006,0.037037037037037035,0.027777777777777776,0.07407407407407407
0.05165289256198348,0.57763671875,0.93798828125,0.0,0.025,0.0,0.07500000000000001,0.009259259259259259,0.009259259259259259,0.009259259259259259,0.025,0.27499999999999997,0.0,0.37500000000000006,0.046296296296296294,0.027777777777777776,0.07407407407407407
0.052685950413223145,0.58837890625,0.95361328125,0.0,0.025,0.0,0.07500000000000001,0.009259259259259259,0.009259259259259259,0.009259259259259259,0.025,0.3,0.0,0.37500000000000006,0.046296296296296294,0.027777777777777776,0.07407407407407407
0.05371900826446282,0.5986328125,0.9677734375,0.0,0.025,0.0,0.07500000000000001,0.009259259259259259,0.009259259259259259,0.009259259259259259,0.025,0.3,0.0,0.37500000000000006,0.046296296296296294,0.027777777777777776,0.08333333333333333
0.0547520661157025,0.60888671875,0.982421875,0.0,0.025,0.0,0.07500000000000001,0.009259259259259259,0.009259259259259259,0.009259259259259259,0.025,0.3,0.0,0.4000000000000001,0.046296296296296294,0.027777777777777776,0.08333333333333333
0.05578512396694217,0.619140625,0.9970703125,0.0,0.025,0.0,0.07500000000000001,0.009259259259259259,0.009259259259259259,0.009259259259259259,0.025,0.3,0.0,0.4000000000000001,0.046296296296296294,0.037037037037037035,0.08333333333333333
0.05681818181818184,0.62939453125,1.0126953125,0.0,0.025,0.0,0.07500000000000001,0.009259259259259259,0.009259259259259259,0.009259259259259259,0.025,0.3,0.0,0.4000000000000001,0.046296296296296294,0.037037037037037035,0.09259259259259259
0.0578512396694215,0.6396484375,1.0263671875,0.0,0.025,0.0,0.1,0.009259259259259259,0.009259259259259259,0.009259259259259259,0.025,0.3,0.0,0.4000000000000001,0.046296296296296294,0.037037037037037035,0.09259259259259259
0.05888429752066117,0.64990234375,1.041015625,0.0,0.025,0.0,0.1,0.009259259259259259,0.009259259259259259,0.009259259259259259,0.025,0.3,0.0,0.4000000000000001,0.05555555555555555,0.037037037037037035,0.09259259259259259
0.059917355371900835,0.66064453125,1.0546875,0.0,0.025,0.0,0.1,0.009259259259259259,0.009259259259259259,0.009259259259259259,0.025,0.3,0.0,0.4250000000000001,0.05555555555555555,0.037037037037037035,0.09259259259259259
0.06095041322314051,0.6708984375,1.0703125,0.0,0.025,0.0,0.1,0.009259259259259259,0.009259259259259259,0.009259259259259259,0.025,0.3,0.0,0.4250000000000001,0.05555555555555555,0.037037037037037035,0.10185185185185185
0.061983471074380174,0.6806640625,1.0830078125,0.0,0.025,0.0,0.1,0.009259259259259259,0.009259259259259259,0.009259259259259259,0.025,0.3,0.0,0.4250000000000001,0.05555555555555555,0.037037037037037035,0.1111111111111111
0.06301652892561985,0.69140625,1.0986328125,0.0,0.025,0.0,0.1,0.009259259259259259,0.009259259259259259,0.009259259259259259,0.025,0.325,0.0,0.4250000000000001,0.05555555555555555,0.037037037037037035,0.1111111111111111
0.06404958677685953,0.70166015625,1.111328125,0.0,0.025,0.0,0.1,0.009259259259259259,0.009259259259259259,0.009259259259259259,0.025,0.325,0.0,0.4250000000000001,0.06481481481481481,0.037037037037037035,0.1111111111111111
0.06508264462809919,0.7119140625,1.125,0.0,0.025,0.0,0.1,0.009259259259259259,0.009259259259259259,0.009259259259259259,0.025,0.325,0.0,0.4250000000000001,0.06481481481481481,0.046296296296296294,0.1111111111111111
0.06611570247933886,0.72216796875,1.140625,0.0,0.025,0.0,0.125,0.009259259259259259,0.009259259259259259,0.009259259259259259,0.025,0.325,0.0,0.4250000000000001,0.06481481481481481,0.046296296296296294,0.1111111111111111
0.06714876033057854,0.732421875,1.154296875,0.0,0.025,0.0,0.125,0.009259259259259259,0.009259259259259259,0.009259259259259259,0.025,0.35000000000000003,0.0,0.4250000000000001,0.06481481481481481,0.046296296296296294,0.1111111111111111
0.0681818181818182,0.7421875,1.16796875,0.0,0.025,0.0,0.125,0.009259259259259259,0.009259259259259259,0.009259259259259259,0.025,0.35000000000000003,0.0,0.4250000000000001,0.06481481481481481,0.046296296296296294,0.12037037037037036
0.06921487603305787,0.75244140625,1.181640625,0.0,0.025,0.0,0.125,0.009259259259259259,0.009259259259259259,0.009259259259259259,0.025,0.35000000000000003,0.0,0.4500000000000001,0.06481481481481481,0.046296296296296294,0.12037037037037036
0.07024793388429754,0.7626953125,1.1953125,0.0,0.025,0.0,0.125,0.009259259259259259,0.009259259259259259,0.009259259259259259,0.025,0.35000000000000003,0.0,0.4500000000000001,0.07407407407407407,0.046296296296296294,0.12037037037037036
0.0712809917355372,0.77294921875,1.2080078125,0.0,0.025,0.0,0.125,0.009259259259259259,0.009259259259259259,0.009259259259259259,0.025,0.35000000000000003,0.0,0.4500000000000001,0.07407407407407407,0.046296296296296294,0.12962962962962962
0.07231404958677687,0.783203125,1.2216796875,0.0,0.025,0.0,0.125,0.009259259259259259,0.009259259259259259,0.009259259259259259,0.025,0.37500000000000006,0.0,0.4500000000000001,0.07407407407407407,0.046296296296296294,0.12962962962962962
0.07334710743801653,0.79345703125,1.2353515625,0.0,0.025,0.0,0.125,0.009259259259259259,0.009259259259259259,0.009259259259259259,0.025,0.37500000000000006,0.0,0.47500000000000014,0.07407407407407407,0.046296296296296294,0.12962962962962962
0.07438016528925621,0.8037109375,1.248046875,0.0,0.025,0.0,0.125,0.009259259259259259,0.009259259259259259,0.009259259259259259,0.025,0.37500000000000006,0.0,0.47500000000000014,0.07407407407407407,0.046296296296296294,0.1388888888888889
0.0754132231404959,0.81396484375,1.259765625,0.0,0.025,0.0,0.15,0.009259259259259259,0.009259259259259259,0.009259259259259259,0.025,0.37500000000000006,0.0,0.47500000000000014,0.07407407407407407,0.046296296296296294,0.1388888888888889
0.07644628099173556,0.82421875,1.2744140625,0.0,0.025,0.0,0.15,0.009259259259259259,0.009259259259259259,0.009259259259259259,0.025,0.37500000000000006,0.0,0.47500000000000014,0.07407407407407407,0.05555555555555555,0.1388888888888889
0.07747933884297523,0.83447265625,1.2880859375,0.0,0.025,0.0,0.15,0.009259259259259259,0.009259259259259259,0.009259259259259259,0.025,0.37500000000000006,0.0,0.47500000000000014,0.07407407407407407,0.05555555555555555,0.14814814814814814
0.0785123966942149,0.8447265625,1.2998046875,0.0,0.025,0.0,0.15,0.009259259259259259,0.009259259259259259,0.009259259259259259,0.025,0.37500000000000006,0.0,0.47500000000000014,0.08333333333333333,0.05555555555555555,0.14814814814814814
0.07954545454545457,0.85546875,1.3134765625,0.0,0.025,0.0,0.175,0.009259259259259259,0.009259259259259259,0.009259259259259259,0.025,0.37500000000000006,0.0,0.47500000000000014,0.08333333333333333,0.05555555555555555,0.14814814814814814
0.08057851239669424,0.86572265625,1.3251953125,0.0,0.025,0.0,0.175,0.009259259259259259,0.009259259259259259,0.009259259259259259,0.025,0.37500000000000006,0.0,0.47500000000000014,0.09259259259259259,0.05555555555555555,0.14814814814814814
0.0816115702479339,0.8759765625,1.3388671875,0.0,0.025,0.0,0.175,0.009259259259259259,0.009259259259259259,0.009259259259259259,0.025,0.4000000000000001,0.0,0.47500000000000014,0.09259259259259259,0.05555555555555555,0.14814814814814814
0.08264462809917357,0.88623046875,1.3505859375,0.0,0.025,0.0,0.175,0.009259259259259259,0.009259259259259259,0.009259259259259259,0.025,0.4000000000000001,0.0,0.5000000000000001,0.09259259259259259,0.05555555555555555,0.14814814814814814
0.08367768595041324,0.896484375,1.365234375,0.0,0.025,0.0,0.175,0.009259259259259259,0.009259259259259259,0.009259259259259259,0.025,0.4000000000000001,0.0,0.5000000000000001,0.09259259259259259,0.05555555555555555,0.15740740740740738
0.0847107438016529,0.90625,1.376953125,0.0,0.025,0.0,0.175,0.009259259259259259,0.009259259259259259,0.009259259259259259,0.025,0.4000000000000001,0.0,0.5000000000000001,0.09259259259259259,0.05555555555555555,0.16666666666666663
0.08574380165289258,0.916015625,1.390625,0.0,0.025,0.0,0.175,0.009259259259259259,0.009259259259259259,0.009259259259259259,0.025,0.4000000000000001,0.0,0.5000000000000001,0.09259259259259259,0.05555555555555555,0.17592592592592587
0.08677685950413223,0.92626953125,1.40234375,0.0,0.025,0.0,0.175,0.009259259259259259,0.009259259259259259,0.009259259259259259,0.025,0.4250000000000001,0.0,0.5000000000000001,0.09259259259259259,0.05555555555555555,0.17592592592592587
0.08780991735537191,0.9365234375,1.4140625,0.0,0.025,0.0,0.175,0.009259259259259259,0.009259259259259259,0.009259259259259259,0.025,0.4250000000000001,0.0,0.5000000000000001,0.10185185185185185,0.05555555555555555,0.17592592592592587
0.08884297520661158,0.9462890625,1.42578125,0.0,0.025,0.0,0.175,0.009259259259259259,0.009259259259259259,0.009259259259259259,0.025,0.4250000000000001,0.0,0.5000000000000001,0.10185185185185185,0.06481481481481481,0.17592592592592587
0.08987603305785127,0.95654296875,1.4404296875,0.0,0.025,0.0,0.19999999999999998,0.009259259259259259,0.009259259259259259,0.009259259259259259,0.025,0.4250000000000001,0.0,0.5000000000000001,0.10185185185185185,0.06481481481481481,0.17592592592592587
0.09090909090909094,0.966796875,1.4521484375,0.0,0.025,0.0,0.19999999999999998,0.009259259259259259,0.009259259259259259,0.009259259259259259,0.025,0.4250000000000001,0.0,0.5000000000000001,0.1111111111111111,0.06481481481481481,0.17592592592592587
0.09194214876033062,0.97705078125,1.46484375,0.0,0.025,0.0,0.19999999999999998,0.009259259259259259,0.009259259259259259,0.009259259259259259,0.025,0.4500000000000001,0.0,0.5000000000000001,0.1111111111111111,0.06481481481481481,0.17592592592592587
0.09297520661157026,0.9873046875,1.4765625,0.0,0.025,0.0,0.19999999999999998,0.009259259259259259,0.009259259259259259,0.009259259259259259,0.025,0.4500000000000001,0.0,0.5000000000000001,0.12037037037037036,0.06481481481481481,0.17592592592592587
0.09400826446280995,0.99755859375,1.4892578125,0.0,0.025,0.0,0.19999999999999998,0.009259259259259259,0.009259259259259259,0.009259259259259259,0.025,0.4500000000000001,0.0,0.5250000000000001,0.12037037037037036,0.06481481481481481,0.17592592592592587
0.09504132231404959,1.0078125,1.5009765625,0.0,0.025,0.0,0.22499999999999998,0.009259259259259259,0.009259259259259259,0.009259259259259259,0.025,0.4500000000000001,0.0,0.5250000000000001,0.12037037037037036,0.06481481481481481,0.17592592592592587
0.09607438016528928,1.0185546875,1.5126953125,0.0,0.025,0.0,0.22499999999999998,0.009259259259259259,0.009259259259259259,0.009259259259259259,0.025,0.47500000000000014,0.0,0.5250000000000001,0.12037037037037036,0.06481481481481481,0.17592592592592587
0.09710743801652895,1.0283203125,1.5244140625,0.0,0.025,0.0,0.22499999999999998,0.009259259259259259,0.009259259259259259,0.009259259259259259,0.025,0.47500000000000014,0.0,0.5250000000000001,0.12037037037037036,0.07407407407407407,0.17592592592592587
0.09814049586776862,1.0380859375,1.537109375,0.0,0.025,0.0,0.22499999999999998,0.009259259259259259,0.009259259259259259,0.009259259259259259,0.025,0.47500000000000014,0.0,0.5250000000000001,0.12037037037037036,0.07407407407407407,0.18518518518518512
0.09917355371900828,1.0478515625,1.5498046875,0.0,0.025,0.0,0.22499999999999998,0.009259259259259259,0.009259259259259259,0.009259259259259259,0.025,0.47500000000000014,0.0,0.5250000000000001,0.12037037037037036,0.07407407407407407,0.19444444444444436
0.10020661157024795,1.0576171875,1.5615234375,0.0,0.025,0.0,0.22499999999999998,0.009259259259259259,0.009259259259259259,0.009259259259259259,0.025,0.47500000000000014,0.0,0.5250000000000001,0.12037037037037036,0.07407407407407407,0.2037037037037036
0.10123966942148763,1.0673828125,1.57421875,0.0,0.025,0.0,0.22499999999999998,0.009259259259259259,0.009259259259259259,0.009259259259259259,0.025,0.47500000000000014,0.0,0.5250000000000001,0.12962962962962962,0.07407407407407407,0.2037037037037036
0.10227272727272728,1.0771484375,1.5859375,0.0,0.025,0.0,0.22499999999999998,0.009259259259259259,0.009259259259259259,0.009259259259259259,0.025,0.47500000000000014,0.0,0.5250000000000001,0.12962962962962962,0.07407407407407407,0.21296296296296285
0.10330578512396696,1.087890625,1.5986328125,0.0,0.025,0.0,0.24999999999999997,0.009259259259259259,0.009259259259259259,0.009259259259259259,0.025,0.47500000000000014,0.0,0.5250000000000001,0.12962962962962962,0.07407407407407407,0.21296296296296285
0.10433884297520664,1.09765625,1.611328125,0.0,0.025,0.0,0.24999999999999997,0.009259259259259259,0.009259259259259259,0.009259259259259259,0.025,0.47500000000000014,0.0,0.5250000000000001,0.1388888888888889,0.07407407407407407,0.21296296296296285
0.10537190082644629,1.1083984375,1.6240234375,0.0,0.05,0.0,0.24999999999999997,0.009259259259259259,0.009259259259259259,0.009259259259259259,0.025,0.47500000000000014,0.0,0.5250000000000001,0.1388888888888889,0.07407407407407407,0.21296296296296285
0.10640495867768597,1.119140625,1.6337890625,0.0,0.05,0.0,0.24999999999999997,0.009259259259259259,0.009259259259259259,0.009259259259259259,0.05,0.47500000000000014,0.0,0.5250000000000001,0.1388888888888889,0.07407407407407407,0.21296296296296285
0.10743801652892564,1.1279296875,1.646484375,0.0,0.05,0.0,0.24999999999999997,0.009259259259259259,0.009259259259259259,0.009259259259259259,0.07500000000000001,0.47500000000000014,0.0,0.5250000000000001,0.1388888888888889,0.07407407407407407,0.21296296296296285
0.1084710743801653,1.134765625,1.658203125,0.0,0.05,0.0,0.24999999999999997,0.009259259259259259,0.009259259259259259,0.009259259259259259,0.1,0.47500000000000014,0.0,0.5250000000000001,0.1388888888888889,0.07407407407407407,0.21296296296296285
0.10950413223140497,1.1416015625,1.6708984375,0.0,0.05,0.0,0.24999999999999997,0.009259259259259259,0.009259259259259259,0.009259259259259259,0.125,0.47500000000000014,0.0,0.5250000000000001,0.1388888888888889,0.07407407407407407,0.21296296296296285
0.11053719008264466,1.1494140625,1.681640625,0.0,0.05,0.0,0.24999999999999997,0.009259259259259259,0.009259259259259259,0.009259259259259259,0.15,0.47500000000000014,0.0,0.5250000000000001,0.1388888888888889,0.07407407407407407,0.21296296296296285
0.11157024793388433,1.15625,1.6943359375,0.0,0.05,0.0,0.24999999999999997,0.009259259259259259,0.009259259259259259,0.009259259259259259,0.175,0.47500000000000014,0.0,0.5250000000000001,0.1388888888888889,0.07407407407407407,0.21296296296296285
0.112603305785124,1.1650390625,1.70703125,0.0,0.05,0.0,0.24999999999999997,0.009259259259259259,0.009259259259259259,0.009259259259259259,0.19999999999999998,0.47500000000000014,0.0,0.5250000000000001,0.1388888888888889,0.07407407407407407,0.21296296296296285
0.11363636363636366,1.173828125,1.716796875,0.0,0.05,0.0,0.24999999999999997,0.009259259259259259,0.009259259259259259,0.009259259259259259,0.19999999999999998,0.47500000000000014,0.0,0.5250000000000001,0.1388888888888889,0.07407407407407407,0.2222222222222221
0.11466942148760333,1.18359375,1.73046875,0.0,0.05,0.0,0.24999999999999997,0.009259259259259259,0.009259259259259259,0.009259259259259259,0.22499999999999998,0.47500000000000014,0.0,0.5250000000000001,0.1388888888888889,0.07407407407407407,0.2222222222222221
0.11570247933884299,1.1923828125,1.7421875,0.0,0.05,0.0,0.24999999999999997,0.009259259259259259,0.009259259259259259,0.009259259259259259,0.22499999999999998,0.47500000000000014,0.0,0.5250000000000001,0.1388888888888889,0.07407407407407407,0.23148148148148134
0.11673553719008267,1.2021484375,1.75390625,0.0,0.05,0.0,0.24999999999999997,0.009259259259259259,0.009259259259259259,0.009259259259259259,0.22499999999999998,0.47500000000000014,0.0,0.5500000000000002,0.1388888888888889,0.07407407407407407,0.23148148148148134
0.11776859504132234,1.2119140625,1.7666015625,0.0,0.05,0.0,0.27499999999999997,0.009259259259259259,0.009259259259259259,0.009259259259259259,0.22499999999999998,0.47500000000000014,0.0,0.5500000000000002,0.1388888888888889,0.07407407407407407,0.23148148148148134
0.118801652892562,1.2216796875,1.779296875,0.0,0.05,0.0,0.27499999999999997,0.009259259259259259,0.009259259259259259,0.018518518518518517,0.22499999999999998,0.47500000000000014,0.0,0.5500000000000002,0.1388888888888889,0.07407407407407407,0.23148148148148134
0.11983471074380167,1.2294921875,1.7900390625,0.0,0.05,0.0,0.27499999999999997,0.009259259259259259,0.009259259259259259,0.027777777777777776,0.22499999999999998,0.47500000000000014,0.0,0.5500000000000002,0.1388888888888889,0.07407407407407407,0.23148148148148134
0.12086776859504134,1.23828125,1.802734375,0.0,0.05,0.0,0.27499999999999997,0.009259259259259259,0.009259259259259259,0.037037037037037035,0.22499999999999998,0.47500000000000014,0.0,0.5500000000000002,0.1388888888888889,0.07407407407407407,0.23148148148148134
0.121900826446281,1.248046875,1.8125,0.0,0.05,0.0,0.27499999999999997,0.009259259259259259,0.009259259259259259,0.037037037037037035,0.22499999999999998,0.47500000000000014,0.025,0.5500000000000002,0.1388888888888889,0.07407407407407407,0.23148148148148134
0.12293388429752068,1.255859375,1.826171875,0.0,0.05,0.0,0.27499999999999997,0.009259259259259259,0.009259259259259259,0.037037037037037035,0.22499999999999998,0.47500000000000014,0.05,0.5500000000000002,0.1388888888888889,0.07407407407407407,0.23148148148148134
0.12396694214876035,1.2626953125,1.8359375,0.0,0.05,0.0,0.27499999999999997,0.009259259259259259,0.009259259259259259,0.037037037037037035,0.22499999999999998,0.47500000000000014,0.07500000000000001,0.5500000000000002,0.1388888888888889,0.07407407407407407,0.23148148148148134
0.12500000000000003,1.2685546875,1.849609375,0.0,0.05,0.0,0.27499999999999997,0.009259259259259259,0.009259259259259259,0.037037037037037035,0.22499999999999998,0.47500000000000014,0.1,0.5500000000000002,0.1388888888888889,0.07407407407407407,0.23148148148148134
0.1260330578512397,1.275390625,1.859375,0.0,0.05,0.0,0.27499999999999997,0.009259259259259259,0.009259259259259259,0.037037037037037035,0.22499999999999998,0.47500000000000014,0.125,0.5500000000000002,0.1388888888888889,0.07407407407407407,0.23148148148148134
0.12706611570247936,1.2822265625,1.8720703125,0.0,0.05,0.0,0.27499999999999997,0.009259259259259259,0.009259259259259259,0.037037037037037035,0.22499999999999998,0.47500000000000014,0.15,0.5500000000000002,0.1388888888888889,0.07407407407407407,0.23148148148148134
0.12809917355371903,1.291015625,1.8828125,0.0,0.05,0.0,0.27499999999999997,0.009259259259259259,0.009259259259259259,0.037037037037037035,0.22499999999999998,0.47500000000000014,0.175,0.5500000000000002,0.1388888888888889,0.07407407407407407,0.23148148148148134
0.1291322314049587,1.2998046875,1.8935546875,0.0,0.05,0.0,0.27499999999999997,0.009259259259259259,0.009259259259259259,0.037037037037037035,0.22499999999999998,0.47500000000000014,0.19999999999999998,0.5500000000000002,0.1388888888888889,0.07407407407407407,0.23148148148148134
0.13016528925619836,1.30859375,1.90625,0.0,0.05,0.0,0.27499999999999997,0.009259259259259259,0.009259259259259259,0.037037037037037035,0.24999999999999997,0.47500000000000014,0.19999999999999998,0.5500000000000002,0.1388888888888889,0.07407407407407407,0.23148148148148134
0.13119834710743802,1.3173828125,1.9169921875,0.0,0.05,0.0,0.27499999999999997,0.009259259259259259,0.009259259259259259,0.037037037037037035,0.24999999999999997,0.47500000000000014,0.19999999999999998,0.5500000000000002,0.1388888888888889,0.08333333333333333,0.23148148148148134
0.1322314049586777,1.326171875,1.9306640625,0.0,0.05,0.0,0.27499999999999997,0.009259259259259259,0.009259259259259259,0.037037037037037035,0.24999999999999997,0.47500000000000014,0.19999999999999998,0.5500000000000002,0.14814814814814814,0.08333333333333333,0.23148148148148134
0.13326446280991736,1.3349609375,1.94140625,0.0,0.05,0.0,0.27499999999999997,0.009259259259259259,0.009259259259259259,0.037037037037037035,0.24999999999999997,0.47500000000000014,0.19999999999999998,0.5500000000000002,0.14814814814814814,0.09259259259259259,0.23148148148148134
0.13429752066115702,1.3447265625,1.951171875,0.0,0.05,0.0,0.3,0.009259259259259259,0.009259259259259259,0.037037037037037035,0.24999999999999997,0.47500000000000014,0.19999999999999998,0.5500000000000002,0.14814814814814814,0.09259259259259259,0.23148148148148134
0.1353305785123967,1.353515625,1.96484375,0.0,0.05,0.0,0.3,0.009259259259259259,0.009259259259259259,0.037037037037037035,0.24999999999999997,0.47500000000000014,0.19999999999999998,0.5500000000000002,0.15740740740740738,0.09259259259259259,0.23148148148148134
0.13636363636363635,1.3623046875,1.9755859375,0.0,0.05,0.0,0.3,0.009259259259259259,0.009259259259259259,0.037037037037037035,0.24999999999999997,0.47500000000000014,0.19999999999999998,0.5500000000000002,0.15740740740740738,0.09259259259259259,0.2407407407407406
0.13739669421487602,1.37109375,1.9853515625,0.0,0.05,0.0,0.3,0.009259259259259259,0.009259259259259259,0.037037037037037035,0.24999999999999997,0.47500000000000014,0.19999999999999998,0.5500000000000002,0.15740740740740738,0.09259259259259259,0.24999999999999983
0.1384297520661157,1.3798828125,1.9990234375,0.0,0.05,0.0,0.3,0.009259259259259259,0.009259259259259259,0.046296296296296294,0.24999999999999997,0.47500000000000014,0.19999999999999998,0.5500000000000002,0.15740740740740738,0.09259259259259259,0.24999999999999983
0.1394628099173554,1.388671875,2.009765625,0.0,0.05,0.0,0.3,0.009259259259259259,0.009259259259259259,0.046296296296296294,0.24999999999999997,0.47500000000000014,0.19999999999999998,0.5500000000000002,0.15740740740740738,0.09259259259259259,0.2592592592592591
0.14049586776859505,1.3984375,2.021484375,0.0,0.05,0.0,0.325,0.009259259259259259,0.009259259259259259,0.046296296296296294,0.24999999999999997,0.47500000000000014,0.19999999999999998,0.5500000000000002,0.15740740740740738,0.09259259259259259,0.2592592592592591
0.14152892561983474,1.408203125,2.03515625,0.0,0.05,0.0,0.325,0.009259259259259259,0.009259259259259259,0.046296296296296294,0.27499999999999997,0.47500000000000014,0.19999999999999998,0.5500000000000002,0.15740740740740738,0.09259259259259259,0.2592592592592591
0.14256198347107438,1.4169921875,2.044921875,0.0,0.05,0.0,0.325,0.009259259259259259,0.009259259259259259,0.046296296296296294,0.3,0.47500000000000014,0.19999999999999998,0.5500000000000002,0.15740740740740738,0.09259259259259259,0.2592592592592591
0.14359504132231407,1.42578125,2.056640625,0.0,0.05,0.0,0.325,0.009259259259259259,0.009259259259259259,0.046296296296296294,0.3,0.47500000000000014,0.22499999999999998,0.5500000000000002,0.15740740740740738,0.09259259259259259,0.2592592592592591
0.14462809917355374,1.4345703125,2.06640625,0.0,0.05,0.0,0.325,0.009259259259259259,0.009259259259259259,0.046296296296296294,0.3,0.47500000000000014,0.22499999999999998,0.5500000000000002,0.15740740740740738,0.10185185185185185,0.2592592592592591
0.14566115702479343,1.443359375,2.08203125,0.0,0.05,0.0,0.325,0.009259259259259259,0.009259259259259259,0.046296296296296294,0.3,0.47500000000000014,0.22499999999999998,0.5500000000000002,0.16666666666666663,0.10185185185185185,0.2592592592592591
0.14669421487603307,1.4521484375,2.091796875,0.0,0.05,0.0,0.325,0.009259259259259259,0.009259259259259259,0.046296296296296294,0.3,0.47500000000000014,0.22499999999999998,0.5500000000000002,0.17592592592592587,0.10185185185185185,0.2592592592592591
0.14772727272727276,1.4609375,2.1015625,0.0,0.05,0.0,0.325,0.009259259259259259,0.009259259259259259,0.046296296296296294,0.3,0.47500000000000014,0.22499999999999998,0.5750000000000002,0.17592592592592587,0.10185185185185185,0.2592592592592591
0.1487603305785124,1.4697265625,2.11328125,0.0,0.05,0.0,0.325,0.009259259259259259,0.009259259259259259,0.046296296296296294,0.3,0.47500000000000014,0.22499999999999998,0.5750000000000002,0.17592592592592587,0.1111111111111111,0.2592592592592591
0.1497933884297521,1.478515625,2.125,0.0,0.05,0.0,0.325,0.009259259259259259,0.009259259259259259,0.046296296296296294,0.3,0.47500000000000014,0.22499999999999998,0.5750000000000002,0.17592592592592587,0.12037037037037036,0.2592592592592591
0.1508264462809918,1.4873046875,2.134765625,0.0,0.05,0.0,0.325,0.009259259259259259,0.009259259259259259,0.046296296296296294,0.3,0.47500000000000014,0.22499999999999998,0.5750000000000002,0.17592592592592587,0.12037037037037036,0.2685185185185183
0.15185950413223145,1.49609375,2.1484375,0.0,0.05,0.0,0.325,0.009259259259259259,0.009259259259259259,0.046296296296296294,0.3,0.47500000000000014,0.22499999999999998,0.5750000000000002,0.17592592592592587,0.12037037037037036,0.27777777777777757
0.15289256198347112,1.5048828125,2.16015625,0.0,0.05,0.0,0.325,0.009259259259259259,0.009259259259259259,0.046296296296296294,0.3,0.47500000000000014,0.22499999999999998,0.5750000000000002,0.17592592592592587,0.12037037037037036,0.2870370370370368
0.15392561983471076,1.513671875,2.169921875,0.0,0.05,0.0,0.325,0.009259259259259259,0.009259259259259259,0.05555555555555555,0.3,0.47500000000000014,0.22499999999999998,0.5750000000000002,0.17592592592592587,0.12037037037037036,0.2870370370370368
0.15495867768595045,1.5234375,2.181640625,0.0,0.05,0.0,0.35000000000000003,0.009259259259259259,0.009259259259259259,0.05555555555555555,0.3,0.47500000000000014,0.22499999999999998,0.5750000000000002,0.17592592592592587,0.12037037037037036,0.2870370370370368
0.15599173553719012,1.5322265625,2.19140625,0.0,0.05,0.0,0.35000000000000003,0.009259259259259259,0.009259259259259259,0.05555555555555555,0.3,0.47500000000000014,0.22499999999999998,0.5750000000000002,0.18518518518518512,0.12037037037037036,0.2870370370370368
0.15702479338842978,1.541015625,2.203125,0.0,0.05,0.0,0.35000000000000003,0.009259259259259259,0.009259259259259259,0.05555555555555555,0.3,0.47500000000000014,0.22499999999999998,0.5750000000000002,0.19444444444444436,0.12037037037037036,0.2870370370370368
0.15805785123966945,1.5498046875,2.21484375,0.0,0.05,0.0,0.35000000000000003,0.009259259259259259,0.009259259259259259,0.05555555555555555,0.325,0.47500000000000014,0.22499999999999998,0.5750000000000002,0.19444444444444436,0.12037037037037036,0.2870370370370368
0.15909090909090912,1.55859375,2.224609375,0.0,0.05,0.0,0.35000000000000003,0.009259259259259259,0.009259259259259259,0.05555555555555555,0.325,0.47500000000000014,0.24999999999999997,0.5750000000000002,0.19444444444444436,0.12037037037037036,0.2870370370370368
0.16012396694214878,1.568359375,2.240234375,0.0,0.05,0.0,0.35000000000000003,0.009259259259259259,0.009259259259259259,0.06481481481481481,0.325,0.47500000000000014,0.24999999999999997,0.5750000000000002,0.19444444444444436,0.12037037037037036,0.2870370370370368
0.16115702479338845,1.5771484375,2.251953125,0.0,0.05,0.0,0.35000000000000003,0.009259259259259259,0.009259259259259259,0.06481481481481481,0.325,0.47500000000000014,0.24999999999999997,0.5750000000000002,0.2037037037037036,0.12037037037037036,0.2870370370370368
0.16219008264462811,1.5859375,2.26171875,0.0,0.05,0.0,0.35000000000000003,0.009259259259259259,0.009259259259259259,0.06481481481481481,0.325,0.47500000000000014,0.24999999999999997,0.5750000000000002,0.21296296296296285,0.12037037037037036,0.2870370370370368
0.16322314049586778,1.5947265625,2.2734375,0.0,0.05,0.0,0.35000000000000003,0.009259259259259259,0.009259259259259259,0.06481481481481481,0.325,0.47500000000000014,0.24999999999999997,0.5750000000000002,0.21296296296296285,0.12962962962962962,0.2870370370370368
0.16425619834710745,1.603515625,2.283203125,0.0,0.05,0.0,0.35000000000000003,0.009259259259259259,0.009259259259259259,0.06481481481481481,0.325,0.47500000000000014,0.24999999999999997,0.5750000000000002,0.21296296296296285,0.12962962962962962,0.29629629629629606
0.1652892561983471,1.6123046875,2.294921875,0.0,0.05,0.0,0.35000000000000003,0.009259259259259259,0.009259259259259259,0.06481481481481481,0.325,0.47500000000000014,0.24999999999999997,0.5750000000000002,0.21296296296296285,0.12962962962962962,0.3055555555555553
0.16632231404958678,1.62109375,2.306640625,0.0,0.05,0.0,0.35000000000000003,0.009259259259259259,0.009259259259259259,0.06481481481481481,0.35000000000000003,0.47500000000000014,0.24999999999999997,0.5750000000000002,0.21296296296296285,0.12962962962962962,0.3055555555555553
0.16735537190082647,1.630859375,2.318359375,0.0,0.05,0.0,0.37500000000000006,0.009259259259259259,0.009259259259259259,0.06481481481481481,0.35000000000000003,0.47500000000000014,0.24999999999999997,0.5750000000000002,0.21296296296296285,0.12962962962962962,0.3055555555555553
0.16838842975206617,1.6396484375,2.330078125,0.0,0.05,0.0,0.37500000000000006,0.009259259259259259,0.009259259259259259,0.06481481481481481,0.35000000000000003,0.47500000000000014,0.24999999999999997,0.5750000000000002,0.21296296296296285,0.1388888888888889,0.3055555555555553
0.1694214876033058,1.6484375,2.33984375,0.0,0.05,0.0,0.37500000000000006,0.009259259259259259,0.009259259259259259,0.06481481481481481,0.35000000000000003,0.47500000000000014,0.27499999999999997,0.5750000000000002,0.21296296296296285,0.1388888888888889,0.3055555555555553
0.1704545454545455,1.658203125,2.3515625,0.0,0.05,0.0,0.37500000000000006,0.018518518518518517,0.009259259259259259,0.06481481481481481,0.35000000000000003,0.47500000000000014,0.27499999999999997,0.5750000000000002,0.21296296296296285,0.1388888888888889,0.3055555555555553
0.17148760330578514,1.6669921875,2.36328125,0.0,0.05,0.0,0.37500000000000006,0.018518518518518517,0.009259259259259259,0.06481481481481481,0.35000000000000003,0.47500000000000014,0.27499999999999997,0.5750000000000002,0.21296296296296285,0.14814814814814814,0.3055555555555553
0.17252066115702477,1.6767578125,2.373046875,0.0,0.05,0.0,0.37500000000000006,0.018518518518518517,0.018518518518518517,0.06481481481481481,0.35000000000000003,0.47500000000000014,0.27499999999999997,0.5750000000000002,0.21296296296296285,0.14814814814814814,0.3055555555555553
0.17355371900826447,1.685546875,2.384765625,0.0,0.05,0.0,0.37500000000000006,0.027777777777777776,0.018518518518518517,0.06481481481481481,0.35000000000000003,0.47500000000000014,0.27499999999999997,0.5750000000000002,0.21296296296296285,0.14814814814814814,0.3055555555555553
0.17458677685950416,1.6943359375,2.396484375,0.0,0.05,0.0,0.37500000000000006,0.027777777777777776,0.027777777777777776,0.06481481481481481,0.35000000000000003,0.47500000000000014,0.27499999999999997,0.5750000000000002,0.21296296296296285,0.14814814814814814,0.3055555555555553
0.1756198347107438,1.7041015625,2.408203125,0.0,0.05,0.0,0.37500000000000006,0.027777777777777776,0.027777777777777776,0.07407407407407407,0.35000000000000003,0.47500000000000014,0.27499999999999997,0.5750000000000002,0.21296296296296285,0.14814814814814814,0.3055555555555553
0.1766528925619835,1.712890625,2.419921875,0.0,0.05,0.0,0.37500000000000006,0.027777777777777776,0.027777777777777776,0.07407407407407407,0.37500000000000006,0.47500000000000014,0.27499999999999997,0.5750000000000002,0.21296296296296285,0.14814814814814814,0.3055555555555553
0.17768595041322313,1.7216796875,2.4296875,0.0,0.05,0.0,0.37500000000000006,0.027777777777777776,0.027777777777777776,0.07407407407407407,0.37500000000000006,0.47500000000000014,0.3,0.5750000000000002,0.21296296296296285,0.14814814814814814,0.3055555555555553
0.17871900826446283,1.73046875,2.44140625,0.0,0.05,0.0,0.37500000000000006,0.027777777777777776,0.027777777777777776,0.07407407407407407,0.37500000000000006,0.47500000000000014,0.3,0.6000000000000002,0.21296296296296285,0.14814814814814814,0.3055555555555553
0.1797520661157025,1.7392578125,2.453125,0.0,0.05,0.0,0.37500000000000006,0.027777777777777776,0.027777777777777776,0.07407407407407407,0.37500000000000006,0.47500000000000014,0.3,0.6000000000000002,0.2222222222222221,0.14814814814814814,0.3055555555555553
0.18078512396694216,1.748046875,2.46484375,0.0,0.05,0.0,0.37500000000000006,0.027777777777777776,0.027777777777777776,0.07407407407407407,0.37500000000000006,0.47500000000000014,0.3,0.6000000000000002,0.23148148148148134,0.14814814814814814,0.3055555555555553
0.18181818181818182,1.7568359375,2.4765625,0.0,0.05,0.0,0.37500000000000006,0.027777777777777776,0.027777777777777776,0.07407407407407407,0.37500000000000006,0.5000000000000001,0.3,0.6000000000000002,0.23148148148148134,0.14814814814814814,0.3055555555555553
0.1828512396694215,1.765625,2.484375,0.0,0.05,0.0,0.37500000000000006,0.027777777777777776,0.027777777777777776,0.07407407407407407,0.37500000000000006,0.5250000000000001,0.3,0.6000000000000002,0.23148148148148134,0.14814814814814814,0.3055555555555553
0.18388429752066116,1.7744140625,2.49609375,0.0,0.05,0.0,0.37500000000000006,0.027777777777777776,0.027777777777777776,0.07407407407407407,0.37500000000000006,0.5250000000000001,0.3,0.6000000000000002,0.23148148148148134,0.15740740740740738,0.3055555555555553
0.18491735537190082,1.783203125,2.5078125,0.0,0.05,0.0,0.37500000000000006,0.027777777777777776,0.027777777777777776,0.07407407407407407,0.37500000000000006,0.5250000000000001,0.3,0.6000000000000002,0.2407407407407406,0.15740740740740738,0.3055555555555553
0.1859504132231405,1.7919921875,2.517578125,0.0,0.05,0.0,0.37500000000000006,0.027777777777777776,0.027777777777777776,0.07407407407407407,0.37500000000000006,0.5250000000000001,0.3,0.6000000000000002,0.24999999999999983,0.15740740740740738,0.3055555555555553
0.18698347107438015,1.80078125,2.529296875,0.0,0.05,0.0,0.37500000000000006,0.027777777777777776,0.027777777777777776,0.08333333333333333,0.37500000000000006,0.5250000000000001,0.3,0.6000000000000002,0.24999999999999983,0.15740740740740738,0.3055555555555553
0.18801652892561982,1.8095703125,2.541015625,0.0,0.05,0.0,0.37500000000000006,0.027777777777777776,0.027777777777777776,0.08333333333333333,0.37500000000000006,0.5250000000000001,0.3,0.6000000000000002,0.2592592592592591,0.15740740740740738,0.3055555555555553
0.1890495867768595,1.818359375,2.552734375,0.0,0.05,0.0,0.37500000000000006,0.027777777777777776,0.027777777777777776,0.08333333333333333,0.37500000000000006,0.5250000000000001,0.3,0.6000000000000002,0.2592592592592591,0.15740740740740738,0.31481481481481455
0.19008264462809915,1.826171875,2.564453125,0.0,0.05,0.0,0.37500000000000006,0.027777777777777776,0.027777777777777776,0.08333333333333333,0.37500000000000006,0.5250000000000001,0.3,0.6000000000000002,0.2592592592592591,0.15740740740740738,0.3240740740740738
0.19111570247933884,1.833984375,2.576171875,0.0,0.05,0.0,0.37500000000000006,0.027777777777777776,0.027777777777777776,0.08333333333333333,0.37500000000000006,0.5250000000000001,0.3,0.6000000000000002,0.2592592592592591,0.15740740740740738,0.33333333333333304
0.1921487603305785,1.8427734375,2.583984375,0.0,0.05,0.0,0.37500000000000006,0.027777777777777776,0.027777777777777776,0.08333333333333333,0.37500000000000006,0.5250000000000001,0.3,0.6000000000000002,0.2592592592592591,0.16666666666666663,0.33333333333333304
0.19318181818181818,1.8515625,2.595703125,0.0,0.05,0.0,0.37500000000000006,0.027777777777777776,0.027777777777777776,0.08333333333333333,0.37500000000000006,0.5250000000000001,0.3,0.6000000000000002,0.2592592592592591,0.17592592592592587,0.33333333333333304
0.19421487603305781,1.8603515625,2.607421875,0.0,0.05,0.0,0.4000000000000001,0.027777777777777776,0.027777777777777776,0.08333333333333333,0.37500000000000006,0.5250000000000001,0.3,0.6000000000000002,0.2592592592592591,0.17592592592592587,0.33333333333333304
0.1952479338842975,1.869140625,2.619140625,0.0,0.05,0.0,0.4000000000000001,0.027777777777777776,0.027777777777777776,0.08333333333333333,0.37500000000000006,0.5250000000000001,0.3,0.6000000000000002,0.2685185185185183,0.17592592592592587,0.33333333333333304
0.19628099173553715,1.8779296875,2.630859375,0.0,0.05,0.0,0.4000000000000001,0.027777777777777776,0.027777777777777776,0.08333333333333333,0.37500000000000006,0.5250000000000001,0.3,0.6000000000000002,0.2685185185185183,0.17592592592592587,0.3425925925925923
0.19731404958677684,1.8857421875,2.642578125,0.0,0.05,0.0,0.4000000000000001,0.027777777777777776,0.027777777777777776,0.08333333333333333,0.37500000000000006,0.5250000000000001,0.3,0.6000000000000002,0.2685185185185183,0.17592592592592587,0.3518518518518515
0.1983471074380165,1.89453125,2.650390625,0.0,0.05,0.0,0.4000000000000001,0.027777777777777776,0.027777777777777776,0.08333333333333333,0.37500000000000006,0.5250000000000001,0.3,0.6000000000000002,0.2685185185185183,0.17592592592592587,0.36111111111111077
0.1993801652892562,1.9033203125,2.662109375,0.0,0.05,0.0,0.4000000000000001,0.037037037037037035,0.027777777777777776,0.08333333333333333,0.37500000000000006,0.5250000000000001,0.3,0.6000000000000002,0.2685185185185183,0.17592592592592587,0.36111111111111077
0.20041322314049584,1.912109375,2.673828125,0.0,0.05,0.0,0.4000000000000001,0.037037037037037035,0.027777777777777776,0.08333333333333333,0.37500000000000006,0.5250000000000001,0.3,0.6000000000000002,0.2685185185185183,0.17592592592592587,0.37037037037037
0.20144628099173553,1.9208984375,2.6875,0.0,0.05,0.0,0.4000000000000001,0.037037037037037035,0.027777777777777776,0.08333333333333333,0.37500000000000006,0.5250000000000001,0.3,0.6250000000000002,0.2685185185185183,0.17592592592592587,0.37037037037037
0.20247933884297517,1.9296875,2.701171875,0.0,0.05,0.0,0.4000000000000001,0.037037037037037035,0.027777777777777776,0.08333333333333333,0.37500000000000006,0.5250000000000001,0.3,0.6250000000000002,0.2685185185185183,0.17592592592592587,0.37962962962962926
0.20351239669421486,1.939453125,2.708984375,0.0,0.07500000000000001,0.0,0.4000000000000001,0.037037037037037035,0.027777777777777776,0.08333333333333333,0.37500000000000006,0.5250000000000001,0.3,0.6250000000000002,0.2685185185185183,0.17592592592592587,0.37962962962962926
0.20454545454545456,1.9482421875,2.720703125,0.0,0.07500000000000001,0.0,0.4000000000000001,0.037037037037037035,0.027777777777777776,0.08333333333333333,0.37500000000000006,0.5250000000000001,0.3,0.6250000000000002,0.27777777777777757,0.17592592592592587,0.37962962962962926
0.20557851239669422,1.9580078125,2.732421875,0.0,0.07500000000000001,0.0,0.4250000000000001,0.037037037037037035,0.027777777777777776,0.08333333333333333,0.37500000000000006,0.5250000000000001,0.3,0.6250000000000002,0.27777777777777757,0.17592592592592587,0.37962962962962926
0.20661157024793383,1.966796875,2.744140625,0.0,0.07500000000000001,0.0,0.4250000000000001,0.037037037037037035,0.027777777777777776,0.09259259259259259,0.37500000000000006,0.5250000000000001,0.3,0.6250000000000002,0.27777777777777757,0.17592592592592587,0.37962962962962926
0.20764462809917353,1.9755859375,2.751953125,0.0,0.07500000000000001,0.0,0.4250000000000001,0.037037037037037035,0.027777777777777776,0.09259259259259259,0.4000000000000001,0.5250000000000001,0.3,0.6250000000000002,0.27777777777777757,0.17592592592592587,0.37962962962962926
0.20867768595041322,1.984375,2.765625,0.0,0.07500000000000001,0.0,0.4250000000000001,0.037037037037037035,0.027777777777777776,0.09259259259259259,0.4000000000000001,0.5250000000000001,0.325,0.6250000000000002,0.27777777777777757,0.17592592592592587,0.37962962962962926
0.2097107438016529,1.9931640625,2.77734375,0.0,0.07500000000000001,0.0,0.4250000000000001,0.037037037037037035,0.027777777777777776,0.09259259259259259,0.4000000000000001,0.5250000000000001,0.325,0.6250000000000002,0.27777777777777757,0.18518518518518512,0.37962962962962926
0.2107438016528925,2.001953125,2.787109375,0.0,0.07500000000000001,0.0,0.4250000000000001,0.037037037037037035,0.027777777777777776,0.10185185185185185,0.4000000000000001,0.5250000000000001,0.325,0.6250000000000002,0.27777777777777757,0.18518518518518512,0.37962962962962926
0.2117768595041322,2.01171875,2.796875,0.0,0.07500000000000001,0.0,0.4250000000000001,0.037037037037037035,0.037037037037037035,0.10185185185185185,0.4000000000000001,0.5250000000000001,0.325,0.6250000000000002,0.27777777777777757,0.18518518518518512,0.37962962962962926
0.21280991735537189,2.021484375,2.80859375,0.0,0.07500000000000001,0.0,0.4500000000000001,0.037037037037037035,0.037037037037037035,0.10185185185185185,0.4000000000000001,0.5250000000000001,0.325,0.6250000000000002,0.27777777777777757,0.18518518518518512,0.37962962962962926
0.21384297520661155,2.03125,2.8203125,0.0,0.07500000000000001,0.0,0.4500000000000001,0.046296296296296294,0.037037037037037035,0.10185185185185185,0.4000000000000001,0.5250000000000001,0.325,0.6250000000000002,0.27777777777777757,0.18518518518518512,0.37962962962962926
0.21487603305785125,2.041015625,2.83203125,0.0,0.07500000000000001,0.0,0.4500000000000001,0.046296296296296294,0.037037037037037035,0.1111111111111111,0.4000000000000001,0.5250000000000001,0.325,0.6250000000000002,0.27777777777777757,0.18518518518518512,0.37962962962962926
0.21590909090909094,2.048828125,2.841796875,0.0,0.07500000000000001,0.0,0.4500000000000001,0.046296296296296294,0.037037037037037035,0.1111111111111111,0.4000000000000001,0.5250000000000001,0.325,0.6250000000000002,0.27777777777777757,0.19444444444444436,0.37962962962962926
0.21694214876033055,2.05859375,2.85546875,0.0,0.07500000000000001,0.0,0.4500000000000001,0.046296296296296294,0.037037037037037035,0.1111111111111111,0.4250000000000001,0.5250000000000001,0.325,0.6250000000000002,0.27777777777777757,0.19444444444444436,0.37962962962962926
0.21797520661157022,2.06640625,2.8671875,0.0,0.07500000000000001,0.0,0.4500000000000001,0.046296296296296294,0.037037037037037035,0.1111111111111111,0.4250000000000001,0.5500000000000002,0.325,0.6250000000000002,0.27777777777777757,0.19444444444444436,0.37962962962962926
0.2190082644628099,2.076171875,2.87890625,0.0,0.07500000000000001,0.0,0.4500000000000001,0.046296296296296294,0.037037037037037035,0.12037037037037036,0.4250000000000001,0.5500000000000002,0.325,0.6250000000000002,0.27777777777777757,0.19444444444444436,0.37962962962962926
0.2200413223140496,2.0859375,2.88671875,0.0,0.07500000000000001,0.0,0.4500000000000001,0.046296296296296294,0.037037037037037035,0.12037037037037036,0.4500000000000001,0.5500000000000002,0.325,0.6250000000000002,0.27777777777777757,0.19444444444444436,0.37962962962962926
0.22107438016528927,2.095703125,2.8984375,0.0,0.07500000000000001,0.0,0.47500000000000014,0.046296296296296294,0.037037037037037035,0.12037037037037036,0.4500000000000001,0.5500000000000002,0.325,0.6250000000000002,0.27777777777777757,0.19444444444444436,0.37962962962962926
0.22210743801652896,2.10546875,2.912109375,0.0,0.07500000000000001,0.0,0.47500000000000014,0.046296296296296294,0.037037037037037035,0.12037037037037036,0.4500000000000001,0.5750000000000002,0.325,0.6250000000000002,0.27777777777777757,0.19444444444444436,0.37962962962962926
0.2231404958677686,2.11328125,2.921875,0.0,0.07500000000000001,0.0,0.47500000000000014,0.046296296296296294,0.037037037037037035,0.12037037037037036,0.4500000000000001,0.5750000000000002,0.325,0.6250000000000002,0.27777777777777757,0.19444444444444436,0.3888888888888885
0.22417355371900827,2.123046875,2.931640625,0.0,0.07500000000000001,0.0,0.47500000000000014,0.046296296296296294,0.037037037037037035,0.12037037037037036,0.4500000000000001,0.6000000000000002,0.325,0.6250000000000002,0.27777777777777757,0.19444444444444436,0.3888888888888885
0.22520661157024793,2.130859375,2.9453125,0.0,0.07500000000000001,0.0,0.47500000000000014,0.046296296296296294,0.037037037037037035,0.12037037037037036,0.4500000000000001,0.6000000000000002,0.35000000000000003,0.6250000000000002,0.27777777777777757,0.19444444444444436,0.3888888888888885
0.2262396694214876,2.140625,2.953125,0.0,0.07500000000000001,0.0,0.47500000000000014,0.046296296296296294,0.037037037037037035,0.12037037037037036,0.4500000000000001,0.6000000000000002,0.37500000000000006,0.6250000000000002,0.27777777777777757,0.19444444444444436,0.3888888888888885
0.22727272727272727,2.1484375,2.96484375,0.0,0.07500000000000001,0.0,0.47500000000000014,0.046296296296296294,0.037037037037037035,0.12037037037037036,0.4500000000000001,0.6000000000000002,0.37500000000000006,0.6250000000000002,0.27777777777777757,0.19444444444444436,0.39814814814814775
0.22830578512396696,2.158203125,2.978515625,0.0,0.07500000000000001,0.0,0.47500000000000014,0.046296296296296294,0.037037037037037035,0.12962962962962962,0.4500000000000001,0.6000000000000002,0.37500000000000006,0.6250000000000002,0.27777777777777757,0.19444444444444436,0.39814814814814775
0.2293388429752066,2.16796875,2.986328125,0.0,0.07500000000000001,0.0,0.47500000000000014,0.046296296296296294,0.037037037037037035,0.12962962962962962,0.4500000000000001,0.6000000000000002,0.37500000000000006,0.6500000000000002,0.27777777777777757,0.19444444444444436,0.39814814814814775
0.23037190082644626,2.17578125,2.998046875,0.0,0.07500000000000001,0.0,0.47500000000000014,0.046296296296296294,0.037037037037037035,0.12962962962962962,0.4500000000000001,0.6000000000000002,0.37500000000000006,0.6500000000000002,0.27777777777777757,0.19444444444444436,0.407407407407407
0.23140495867768593,2.185546875,3.01171875,0.0,0.07500000000000001,0.0,0.47500000000000014,0.046296296296296294,0.037037037037037035,0.12962962962962962,0.4500000000000001,0.6000000000000002,0.4000000000000001,0.6500000000000002,0.27777777777777757,0.19444444444444436,0.407407407407407
0.2324380165289256,2.1953125,3.01953125,0.0,0.07500000000000001,0.0,0.47500000000000014,0.046296296296296294,0.037037037037037035,0.12962962962962962,0.4500000000000001,0.6000000000000002,0.4000000000000001,0.6500000000000002,0.2870370370370368,0.19444444444444436,0.407407407407407
0.23347107438016526,2.203125,3.033203125,0.0,0.07500000000000001,0.0,0.47500000000000014,0.046296296296296294,0.037037037037037035,0.12962962962962962,0.4500000000000001,0.6000000000000002,0.4000000000000001,0.6500000000000002,0.29629629629629606,0.19444444444444436,0.407407407407407
0.23450413223140493,2.2109375,3.044921875,0.0,0.07500000000000001,0.0,0.47500000000000014,0.046296296296296294,0.037037037037037035,0.12962962962962962,0.4500000000000001,0.6000000000000002,0.4000000000000001,0.6500000000000002,0.3055555555555553,0.19444444444444436,0.407407407407407
0.2355371900826446,2.21875,3.052734375,0.0,0.07500000000000001,0.0,0.47500000000000014,0.046296296296296294,0.037037037037037035,0.12962962962962962,0.4500000000000001,0.6000000000000002,0.4000000000000001,0.6500000000000002,0.31481481481481455,0.19444444444444436,0.407407407407407
0.2365702479338843,2.228515625,3.06640625,0.0,0.07500000000000001,0.0,0.47500000000000014,0.046296296296296294,0.037037037037037035,0.1388888888888889,0.4500000000000001,0.6000000000000002,0.4000000000000001,0.6500000000000002,0.31481481481481455,0.19444444444444436,0.407407407407407
0.23760330578512392,2.23828125,3.080078125,0.0,0.07500000000000001,0.0,0.47500000000000014,0.046296296296296294,0.037037037037037035,0.1388888888888889,0.4500000000000001,0.6000000000000002,0.4000000000000001,0.6500000000000002,0.3240740740740738,0.19444444444444436,0.407407407407407
0.23863636363636362,2.24609375,3.087890625,0.0,0.07500000000000001,0.0,0.47500000000000014,0.046296296296296294,0.037037037037037035,0.1388888888888889,0.4500000000000001,0.6000000000000002,0.4000000000000001,0.6500000000000002,0.33333333333333304,0.19444444444444436,0.407407407407407
0.23966942148760326,2.255859375,3.1015625,0.0,0.07500000000000001,0.0,0.5000000000000001,0.046296296296296294,0.037037037037037035,0.1388888888888889,0.4500000000000001,0.6000000000000002,0.4000000000000001,0.6500000000000002,0.33333333333333304,0.19444444444444436,0.407407407407407
0.24070247933884295,2.265625,3.11328125,0.0,0.07500000000000001,0.0,0.5000000000000001,0.046296296296296294,0.037037037037037035,0.1388888888888889,0.47500000000000014,0.6000000000000002,0.4000000000000001,0.6500000000000002,0.33333333333333304,0.19444444444444436,0.407407407407407
0.2417355371900826,2.275390625,3.123046875,0.0,0.07500000000000001,0.0,0.5000000000000001,0.046296296296296294,0.037037037037037035,0.1388888888888889,0.47500000000000014,0.6250000000000002,0.4000000000000001,0.6500000000000002,0.33333333333333304,0.19444444444444436,0.407407407407407
0.24276859504132228,2.28515625,3.13671875,0.0,0.07500000000000001,0.0,0.5000000000000001,0.046296296296296294,0.037037037037037035,0.1388888888888889,0.47500000000000014,0.6250000000000002,0.4250000000000001,0.6500000000000002,0.33333333333333304,0.19444444444444436,0.407407407407407
0.24380165289256198,2.294921875,3.14453125,0.0,0.07500000000000001,0.0,0.5000000000000001,0.046296296296296294,0.037037037037037035,0.1388888888888889,0.47500000000000014,0.6250000000000002,0.4250000000000001,0.6500000000000002,0.3425925925925923,0.19444444444444436,0.407407407407407
0.24483471074380161,2.302734375,3.158203125,0.0,0.07500000000000001,0.0,0.5000000000000001,0.046296296296296294,0.037037037037037035,0.1388888888888889,0.47500000000000014,0.6250000000000002,0.4250000000000001,0.6500000000000002,0.3518518518518515,0.19444444444444436,0.407407407407407
0.2458677685950413,2.310546875,3.169921875,0.0,0.07500000000000001,0.0,0.5000000000000001,0.046296296296296294,0.037037037037037035,0.1388888888888889,0.47500000000000014,0.6250000000000002,0.4250000000000001,0.6500000000000002,0.3518518518518515,0.2037037037037036,0.407407407407407
0.24690082644628097,2.318359375,3.177734375,0.0,0.07500000000000001,0.0,0.5000000000000001,0.046296296296296294,0.037037037037037035,0.1388888888888889,0.47500000000000014,0.6250000000000002,0.4250000000000001,0.6500000000000002,0.3518518518518515,0.21296296296296285,0.407407407407407
0.24793388429752064,2.326171875,3.19140625,0.0,0.07500000000000001,0.0,0.5000000000000001,0.046296296296296294,0.037037037037037035,0.1388888888888889,0.47500000000000014,0.6250000000000002,0.4250000000000001,0.6500000000000002,0.3518518518518515,0.2222222222222221,0.407407407407407
0.2489669421487603,2.3359375,3.19921875,0.0,0.07500000000000001,0.0,0.5000000000000001,0.046296296296296294,0.037037037037037035,0.1388888888888889,0.47500000000000014,0.6250000000000002,0.4250000000000001,0.6500000000000002,0.36111111111111077,0.2222222222222221,0.407407407407407
0.24999999999999997,2.34375,3.212890625,0.0,0.07500000000000001,0.0,0.5000000000000001,0.046296296296296294,0.037037037037037035,0.1388888888888889,0.47500000000000014,0.6250000000000002,0.4250000000000001,0.6500000000000002,0.37037037037037,0.2222222222222221,0.407407407407407
0.25103305785123964,2.353515625,3.224609375,0.0,0.07500000000000001,0.0,0.5000000000000001,0.046296296296296294,0.037037037037037035,0.1388888888888889,0.47500000000000014,0.6250000000000002,0.4250000000000001,0.6500000000000002,0.37962962962962926,0.2222222222222221,0.407407407407407
0.25206611570247933,2.36328125,3.234375,0.0,0.07500000000000001,0.0,0.5000000000000001,0.05555555555555555,0.037037037037037035,0.1388888888888889,0.47500000000000014,0.6250000000000002,0.4250000000000001,0.6500000000000002,0.37962962962962926,0.2222222222222221,0.407407407407407
0.253099173553719,2.373046875,3.24609375,0.0,0.07500000000000001,0.0,0.5000000000000001,0.05555555555555555,0.037037037037037035,0.1388888888888889,0.47500000000000014,0.6250000000000002,0.4250000000000001,0.6500000000000002,0.3888888888888885,0.2222222222222221,0.407407407407407
0.2541322314049587,2.380859375,3.2578125,0.0,0.07500000000000001,0.0,0.5000000000000001,0.05555555555555555,0.037037037037037035,0.1388888888888889,0.47500000000000014,0.6250000000000002,0.4250000000000001,0.6500000000000002,0.3888888888888885,0.23148148148148134,0.407407407407407
0.25516528925619836,2.388671875,3.26953125,0.0,0.07500000000000001,0.0,0.5000000000000001,0.05555555555555555,0.037037037037037035,0.1388888888888889,0.47500000000000014,0.6250000000000002,0.4250000000000001,0.6500000000000002,0.3888888888888885,0.2407407407407406,0.407407407407407
0.256198347107438,2.3984375,3.283203125,0.0,0.07500000000000001,0.0,0.5000000000000001,0.05555555555555555,0.046296296296296294,0.1388888888888889,0.47500000000000014,0.6250000000000002,0.4250000000000001,0.6500000000000002,0.3888888888888885,0.2407407407407406,0.407407407407407
0.25723140495867763,2.408203125,3.291015625,0.0,0.07500000000000001,0.0,0.5000000000000001,0.05555555555555555,0.046296296296296294,0.1388888888888889,0.47500000000000014,0.6500000000000002,0.4250000000000001,0.6500000000000002,0.3888888888888885,0.2407407407407406,0.407407407407407
0.25826446280991733,2.416015625,3.302734375,0.0,0.07500000000000001,0.0,0.5000000000000001,0.05555555555555555,0.046296296296296294,0.1388888888888889,0.47500000000000014,0.6500000000000002,0.4250000000000001,0.6500000000000002,0.3888888888888885,0.24999999999999983,0.407407407407407
0.259297520661157,2.42578125,3.310546875,0.0,0.07500000000000001,0.0,0.5000000000000001,0.05555555555555555,0.046296296296296294,0.1388888888888889,0.47500000000000014,0.6500000000000002,0.4250000000000001,0.6750000000000003,0.3888888888888885,0.24999999999999983,0.407407407407407
0.2603305785123967,2.435546875,3.32421875,0.0,0.07500000000000001,0.0,0.5000000000000001,0.05555555555555555,0.046296296296296294,0.1388888888888889,0.47500000000000014,0.6500000000000002,0.4250000000000001,0.6750000000000003,0.39814814814814775,0.24999999999999983,0.407407407407407
0.26136363636363635,2.443359375,3.337890625,0.0,0.07500000000000001,0.0,0.5000000000000001,0.05555555555555555,0.046296296296296294,0.1388888888888889,0.47500000000000014,0.6500000000000002,0.4250000000000001,0.6750000000000003,0.39814814814814775,0.2592592592592591,0.407407407407407
0.26239669421487605,2.451171875,3.345703125,0.0,0.07500000000000001,0.0,0.5000000000000001,0.05555555555555555,0.046296296296296294,0.1388888888888889,0.47500000000000014,0.6500000000000002,0.4250000000000001,0.6750000000000003,0.39814814814814775,0.2592592592592591,0.41666666666666624
0.2634297520661157,2.458984375,3.359375,0.0,0.07500000000000001,0.0,0.5000000000000001,0.05555555555555555,0.046296296296296294,0.1388888888888889,0.47500000000000014,0.6500000000000002,0.4250000000000001,0.6750000000000003,0.39814814814814775,0.2592592592592591,0.4259259259259255
0.2644628099173554,2.466796875,3.369140625,0.0,0.07500000000000001,0.0,0.5000000000000001,0.05555555555555555,0.046296296296296294,0.1388888888888889,0.47500000000000014,0.6500000000000002,0.4250000000000001,0.6750000000000003,0.39814814814814775,0.2592592592592591,0.43518518518518473
0.265495867768595,2.474609375,3.3828125,0.0,0.07500000000000001,0.0,0.5000000000000001,0.05555555555555555,0.046296296296296294,0.1388888888888889,0.47500000000000014,0.6500000000000002,0.4250000000000001,0.6750000000000003,0.39814814814814775,0.2592592592592591,0.444444444444444
0.2665289256198347,2.482421875,3.390625,0.0,0.07500000000000001,0.0,0.5000000000000001,0.05555555555555555,0.046296296296296294,0.1388888888888889,0.47500000000000014,0.6500000000000002,0.4250000000000001,0.6750000000000003,0.39814814814814775,0.2685185185185183,0.444444444444444
0.2675619834710744,2.4921875,3.404296875,0.0,0.07500000000000001,0.0,0.5000000000000001,0.05555555555555555,0.046296296296296294,0.1388888888888889,0.47500000000000014,0.6750000000000003,0.4250000000000001,0.6750000000000003,0.39814814814814775,0.2685185185185183,0.444444444444444
0.26859504132231404,2.5,3.412109375,0.0,0.07500000000000001,0.0,0.5000000000000001,0.05555555555555555,0.046296296296296294,0.1388888888888889,0.47500000000000014,0.6750000000000003,0.4250000000000001,0.6750000000000003,0.39814814814814775,0.2685185185185183,0.4537037037037032
0.2696280991735537,2.509765625,3.42578125,0.0,0.07500000000000001,0.0,0.5250000000000001,0.05555555555555555,0.046296296296296294,0.1388888888888889,0.47500000000000014,0.6750000000000003,0.4250000000000001,0.6750000000000003,0.39814814814814775,0.2685185185185183,0.4537037037037032
0.2706611570247934,2.51953125,3.439453125,0.0,0.07500000000000001,0.0,0.5250000000000001,0.05555555555555555,0.046296296296296294,0.14814814814814814,0.47500000000000014,0.6750000000000003,0.4250000000000001,0.6750000000000003,0.39814814814814775,0.2685185185185183,0.4537037037037032
0.271694214876033,2.529296875,3.447265625,0.0,0.07500000000000001,0.0,0.5250000000000001,0.05555555555555555,0.046296296296296294,0.15740740740740738,0.47500000000000014,0.6750000000000003,0.4250000000000001,0.6750000000000003,0.39814814814814775,0.2685185185185183,0.4537037037037032
0.2727272727272727,2.5390625,3.4609375,0.0,0.07500000000000001,0.0,0.5250000000000001,0.05555555555555555,0.046296296296296294,0.15740740740740738,0.5000000000000001,0.6750000000000003,0.4250000000000001,0.6750000000000003,0.39814814814814775,0.2685185185185183,0.4537037037037032
0.27376033057851235,2.548828125,3.46875,0.0,0.07500000000000001,0.0,0.5250000000000001,0.05555555555555555,0.046296296296296294,0.15740740740740738,0.5250000000000001,0.6750000000000003,0.4250000000000001,0.6750000000000003,0.39814814814814775,0.2685185185185183,0.4537037037037032
0.27479338842975204,2.55859375,3.482421875,0.0,0.07500000000000001,0.0,0.5250000000000001,0.05555555555555555,0.046296296296296294,0.16666666666666663,0.5250000000000001,0.6750000000000003,0.4250000000000001,0.6750000000000003,0.39814814814814775,0.2685185185185183,0.4537037037037032
0.2758264462809917,2.568359375,3.490234375,0.0,0.07500000000000001,0.0,0.5250000000000001,0.05555555555555555,0.046296296296296294,0.16666666666666663,0.5250000000000001,0.6750000000000003,0.4500000000000001,0.6750000000000003,0.39814814814814775,0.2685185185185183,0.4537037037037032
0.27685950413223137,2.578125,3.50390625,0.0,0.07500000000000001,0.0,0.5250000000000001,0.05555555555555555,0.046296296296296294,0.16666666666666663,0.5250000000000001,0.6750000000000003,0.47500000000000014,0.6750000000000003,0.39814814814814775,0.2685185185185183,0.4537037037037032
0.277892561983471,2.587890625,3.513671875,0.0,0.07500000000000001,0.0,0.5250000000000001,0.05555555555555555,0.046296296296296294,0.16666666666666663,0.5250000000000001,0.6750000000000003,0.47500000000000014,0.6750000000000003,0.407407407407407,0.2685185185185183,0.4537037037037032
0.2789256198347107,2.595703125,3.52734375,0.0,0.07500000000000001,0.0,0.5250000000000001,0.05555555555555555,0.046296296296296294,0.16666666666666663,0.5250000000000001,0.6750000000000003,0.47500000000000014,0.6750000000000003,0.407407407407407,0.27777777777777757,0.4537037037037032
0.27995867768595034,2.603515625,3.537109375,0.0,0.07500000000000001,0.0,0.5250000000000001,0.05555555555555555,0.046296296296296294,0.16666666666666663,0.5250000000000001,0.6750000000000003,0.47500000000000014,0.6750000000000003,0.407407407407407,0.27777777777777757,0.46296296296296247
0.28099173553719003,2.611328125,3.55078125,0.0,0.07500000000000001,0.0,0.5250000000000001,0.05555555555555555,0.046296296296296294,0.16666666666666663,0.5250000000000001,0.6750000000000003,0.47500000000000014,0.6750000000000003,0.407407407407407,0.27777777777777757,0.4722222222222217
0.2820247933884297,2.62109375,3.55859375,0.0,0.07500000000000001,0.0,0.5250000000000001,0.05555555555555555,0.046296296296296294,0.16666666666666663,0.5250000000000001,0.6750000000000003,0.47500000000000014,0.6750000000000003,0.41666666666666624,0.27777777777777757,0.4722222222222217
0.28305785123966937,2.630859375,3.5703125,0.0,0.07500000000000001,0.0,0.5500000000000002,0.05555555555555555,0.046296296296296294,0.16666666666666663,0.5250000000000001,0.6750000000000003,0.47500000000000014,0.6750000000000003,0.41666666666666624,0.27777777777777757,0.4722222222222217
0.284090909090909,2.640625,3.583984375,0.0,0.07500000000000001,0.0,0.5500000000000002,0.05555555555555555,0.046296296296296294,0.17592592592592587,0.5250000000000001,0.6750000000000003,0.47500000000000014,0.6750000000000003,0.41666666666666624,0.27777777777777757,0.4722222222222217
0.2851239669421487,2.650390625,3.59375,0.0,0.07500000000000001,0.0,0.5500000000000002,0.05555555555555555,0.046296296296296294,0.17592592592592587,0.5500000000000002,0.6750000000000003,0.47500000000000014,0.6750000000000003,0.41666666666666624,0.27777777777777757,0.4722222222222217
0.2861570247933884,2.658203125,3.607421875,0.0,0.07500000000000001,0.0,0.5500000000000002,0.05555555555555555,0.046296296296296294,0.17592592592592587,0.5500000000000002,0.6750000000000003,0.47500000000000014,0.6750000000000003,0.41666666666666624,0.27777777777777757,0.48148148148148096
0.28719008264462803,2.666015625,3.6171875,0.0,0.07500000000000001,0.0,0.5500000000000002,0.05555555555555555,0.046296296296296294,0.17592592592592587,0.5500000000000002,0.6750000000000003,0.47500000000000014,0.6750000000000003,0.41666666666666624,0.27777777777777757,0.4907407407407402
0.28822314049586767,2.67578125,3.62890625,0.0,0.07500000000000001,0.0,0.5500000000000002,0.05555555555555555,0.046296296296296294,0.17592592592592587,0.5750000000000002,0.6750000000000003,0.47500000000000014,0.6750000000000003,0.41666666666666624,0.27777777777777757,0.4907407407407402
0.28925619834710736,2.685546875,3.638671875,0.0,0.07500000000000001,0.0,0.5500000000000002,0.05555555555555555,0.046296296296296294,0.17592592592592587,0.5750000000000002,0.6750000000000003,0.47500000000000014,0.6750000000000003,0.4259259259259255,0.27777777777777757,0.4907407407407402
0.290289256198347,2.693359375,3.65234375,0.0,0.07500000000000001,0.0,0.5500000000000002,0.05555555555555555,0.046296296296296294,0.17592592592592587,0.5750000000000002,0.6750000000000003,0.47500000000000014,0.6750000000000003,0.43518518518518473,0.27777777777777757,0.4907407407407402
0.2913223140495867,2.703125,3.66015625,0.0,0.07500000000000001,0.0,0.5500000000000002,0.05555555555555555,0.046296296296296294,0.17592592592592587,0.5750000000000002,0.6750000000000003,0.47500000000000014,0.6750000000000003,0.444444444444444,0.27777777777777757,0.4907407407407402
0.2923553719008264,2.7109375,3.673828125,0.0,0.07500000000000001,0.0,0.5500000000000002,0.05555555555555555,0.046296296296296294,0.17592592592592587,0.5750000000000002,0.6750000000000003,0.47500000000000014,0.6750000000000003,0.444444444444444,0.2870370370370368,0.4907407407407402
0.293388429752066,2.71875,3.68359375,0.0,0.07500000000000001,0.0,0.5500000000000002,0.05555555555555555,0.046296296296296294,0.17592592592592587,0.5750000000000002,0.6750000000000003,0.47500000000000014,0.6750000000000003,0.444444444444444,0.29629629629629606,0.4907407407407402
0.2944214876033057,2.7265625,3.697265625,0.0,0.07500000000000001,0.0,0.5500000000000002,0.05555555555555555,0.046296296296296294,0.17592592592592587,0.5750000000000002,0.6750000000000003,0.47500000000000014,0.6750000000000003,0.444444444444444,0.3055555555555553,0.4907407407407402
0.2954545454545454,2.736328125,3.705078125,0.0,0.07500000000000001,0.0,0.5500000000000002,0.05555555555555555,0.046296296296296294,0.17592592592592587,0.5750000000000002,0.6750000000000003,0.47500000000000014,0.6750000000000003,0.4537037037037032,0.3055555555555553,0.4907407407407402
0.2964876033057851,2.744140625,3.716796875,0.0,0.07500000000000001,0.0,0.5500000000000002,0.05555555555555555,0.046296296296296294,0.17592592592592587,0.5750000000000002,0.6750000000000003,0.47500000000000014,0.6750000000000003,0.4537037037037032,0.31481481481481455,0.4907407407407402
0.29752066115702475,2.75390625,3.728515625,0.0,0.07500000000000001,0.0,0.5500000000000002,0.05555555555555555,0.046296296296296294,0.17592592592592587,0.5750000000000002,0.6750000000000003,0.47500000000000014,0.6750000000000003,0.46296296296296247,0.31481481481481455,0.4907407407407402
0.2985537190082644,2.76171875,3.736328125,0.0,0.07500000000000001,0.0,0.5500000000000002,0.05555555555555555,0.046296296296296294,0.17592592592592587,0.5750000000000002,0.6750000000000003,0.47500000000000014,0.6750000000000003,0.46296296296296247,0.3240740740740738,0.4907407407407402
0.2995867768595041,2.771484375,3.75,0.0,0.07500000000000001,0.0,0.5500000000000002,0.05555555555555555,0.046296296296296294,0.17592592592592587,0.5750000000000002,0.6750000000000003,0.47500000000000014,0.6750000000000003,0.4722222222222217,0.3240740740740738,0.4907407407407402
0.30061983471074377,2.779296875,3.759765625,0.0,0.07500000000000001,0.0,0.5500000000000002,0.05555555555555555,0.046296296296296294,0.17592592592592587,0.5750000000000002,0.6750000000000003,0.47500000000000014,0.6750000000000003,0.4722222222222217,0.33333333333333304,0.4907407407407402
0.3016528925619834,2.7890625,3.7734375,0.0,0.07500000000000001,0.0,0.5500000000000002,0.05555555555555555,0.046296296296296294,0.17592592592592587,0.5750000000000002,0.6750000000000003,0.47500000000000014,0.6750000000000003,0.48148148148148096,0.33333333333333304,0.4907407407407402
0.3026859504132231,2.796875,3.78125,0.0,0.07500000000000001,0.0,0.5500000000000002,0.05555555555555555,0.046296296296296294,0.17592592592592587,0.5750000000000002,0.6750000000000003,0.47500000000000014,0.6750000000000003,0.48148148148148096,0.33333333333333304,0.49999999999999944
0.3037190082644628,2.8046875,3.796875,0.0,0.07500000000000001,0.0,0.5500000000000002,0.05555555555555555,0.046296296296296294,0.17592592592592587,0.5750000000000002,0.6750000000000003,0.47500000000000014,0.6750000000000003,0.48148148148148096,0.33333333333333304,0.5092592592592587
0.30475206611570244,2.814453125,3.8046875,0.0,0.07500000000000001,0.0,0.5500000000000002,0.05555555555555555,0.046296296296296294,0.17592592592592587,0.5750000000000002,0.6750000000000003,0.47500000000000014,0.6750000000000003,0.4907407407407402,0.33333333333333304,0.5092592592592587
0.3057851239669421,2.82421875,3.818359375,0.0,0.07500000000000001,0.0,0.5500000000000002,0.06481481481481481,0.046296296296296294,0.17592592592592587,0.5750000000000002,0.6750000000000003,0.47500000000000014,0.6750000000000003,0.4907407407407402,0.33333333333333304,0.5092592592592587
0.30681818181818177,2.833984375,3.828125,0.0,0.07500000000000001,0.0,0.5500000000000002,0.06481481481481481,0.046296296296296294,0.17592592592592587,0.5750000000000002,0.6750000000000003,0.47500000000000014,0.6750000000000003,0.49999999999999944,0.33333333333333304,0.5092592592592587
0.30785123966942146,2.841796875,3.841796875,0.0,0.07500000000000001,0.0,0.5500000000000002,0.06481481481481481,0.046296296296296294,0.17592592592592587,0.5750000000000002,0.6750000000000003,0.47500000000000014,0.6750000000000003,0.49999999999999944,0.33333333333333304,0.518518518518518
0.3088842975206611,2.8515625,3.8515625,0.0,0.07500000000000001,0.0,0.5500000000000002,0.06481481481481481,0.046296296296296294,0.17592592592592587,0.5750000000000002,0.7000000000000003,0.47500000000000014,0.6750000000000003,0.49999999999999944,0.33333333333333304,0.518518518518518
0.3099173553719008,2.861328125,3.865234375,0.0,0.07500000000000001,0.0,0.5750000000000002,0.06481481481481481,0.046296296296296294,0.17592592592592587,0.5750000000000002,0.7000000000000003,0.47500000000000014,0.6750000000000003,0.49999999999999944,0.33333333333333304,0.518518518518518
0.31095041322314043,2.87109375,3.873046875,0.0,0.07500000000000001,0.0,0.5750000000000002,0.06481481481481481,0.046296296296296294,0.17592592592592587,0.5750000000000002,0.7000000000000003,0.47500000000000014,0.6750000000000003,0.5092592592592587,0.33333333333333304,0.518518518518518
0.3119834710743801,2.880859375,3.8828125,0.0,0.07500000000000001,0.0,0.5750000000000002,0.06481481481481481,0.05555555555555555,0.17592592592592587,0.5750000000000002,0.7000000000000003,0.47500000000000014,0.6750000000000003,0.5092592592592587,0.33333333333333304,0.518518518518518
0.31301652892561976,2.890625,3.896484375,0.0,0.07500000000000001,0.0,0.5750000000000002,0.06481481481481481,0.05555555555555555,0.17592592592592587,0.5750000000000002,0.7000000000000003,0.5000000000000001,0.6750000000000003,0.5092592592592587,0.33333333333333304,0.518518518518518
0.31404958677685946,2.900390625,3.90625,0.0,0.07500000000000001,0.0,0.5750000000000002,0.06481481481481481,0.05555555555555555,0.17592592592592587,0.5750000000000002,0.7000000000000003,0.5250000000000001,0.6750000000000003,0.5092592592592587,0.33333333333333304,0.518518518518518
0.31508264462809915,2.91015625,3.919921875,0.0,0.07500000000000001,0.0,0.5750000000000002,0.06481481481481481,0.05555555555555555,0.17592592592592587,0.5750000000000002,0.7000000000000003,0.5250000000000001,0.6750000000000003,0.518518518518518,0.33333333333333304,0.518518518518518
0.3161157024793388,2.919921875,3.927734375,0.0,0.1,0.0,0.5750000000000002,0.06481481481481481,0.05555555555555555,0.17592592592592587,0.5750000000000002,0.7000000000000003,0.5250000000000001,0.6750000000000003,0.518518518518518,0.33333333333333304,0.518518518518518
0.3171487603305785,2.9296875,3.94140625,0.0,0.1,0.0,0.5750000000000002,0.06481481481481481,0.05555555555555555,0.17592592592592587,0.5750000000000002,0.7000000000000003,0.5250000000000001,0.6750000000000003,0.5277777777777773,0.33333333333333304,0.518518518518518
0.3181818181818182,2.939453125,3.953125,0.0,0.1,0.0,0.5750000000000002,0.06481481481481481,0.05555555555555555,0.17592592592592587,0.6000000000000002,0.7000000000000003,0.5250000000000001,0.6750000000000003,0.5277777777777773,0.33333333333333304,0.518518518518518
0.3192148760330578,2.94921875,3.96484375,0.0,0.1,0.0,0.5750000000000002,0.06481481481481481,0.05555555555555555,0.17592592592592587,0.6000000000000002,0.7000000000000003,0.5250000000000001,0.6750000000000003,0.5277777777777773,0.3425925925925923,0.518518518518518
0.3202479338842975,2.95703125,3.974609375,0.0,0.1,0.0,0.5750000000000002,0.06481481481481481,0.05555555555555555,0.17592592592592587,0.6000000000000002,0.7000000000000003,0.5250000000000001,0.6750000000000003,0.5277777777777773,0.3518518518518515,0.518518518518518
0.3212809917355372,2.96484375,3.982421875,0.0,0.1,0.0,0.5750000000000002,0.06481481481481481,0.05555555555555555,0.17592592592592587,0.6000000000000002,0.7000000000000003,0.5250000000000001,0.6750000000000003,0.5277777777777773,0.36111111111111077,0.518518518518518
0.3223140495867768,2.974609375,3.998046875,0.0,0.1,0.0,0.5750000000000002,0.06481481481481481,0.05555555555555555,0.18518518518518512,0.6000000000000002,0.7000000000000003,0.5250000000000001,0.6750000000000003,0.5277777777777773,0.36111111111111077,0.518518518518518
0.3233471074380165,2.984375,4.0078125,0.0,0.1,0.0,0.5750000000000002,0.06481481481481481,0.05555555555555555,0.18518518518518512,0.6000000000000002,0.7000000000000003,0.5250000000000001,0.7000000000000003,0.5277777777777773,0.36111111111111077,0.518518518518518
0.3243801652892561,2.994140625,4.01953125,0.0,0.1,0.0,0.5750000000000002,0.06481481481481481,0.05555555555555555,0.18518518518518512,0.6000000000000002,0.7000000000000003,0.5250000000000001,0.7000000000000003,0.5277777777777773,0.37037037037037,0.518518518518518
0.32541322314049576,3.001953125,4.02734375,0.0,0.1,0.0,0.5750000000000002,0.06481481481481481,0.05555555555555555,0.18518518518518512,0.6000000000000002,0.7000000000000003,0.5250000000000001,0.7000000000000003,0.5277777777777773,0.37962962962962926,0.518518518518518
0.32644628099173545,3.01171875,4.04296875,0.0,0.1,0.0,0.5750000000000002,0.06481481481481481,0.05555555555555555,0.18518518518518512,0.6000000000000002,0.7000000000000003,0.5250000000000001,0.7000000000000003,0.5277777777777773,0.3888888888888885,0.518518518518518
0.32747933884297514,3.01953125,4.0546875,0.0,0.1,0.0,0.5750000000000002,0.06481481481481481,0.05555555555555555,0.18518518518518512,0.6000000000000002,0.7000000000000003,0.5250000000000001,0.7000000000000003,0.5277777777777773,0.39814814814814775,0.518518518518518
0.32851239669421484,3.02734375,4.0625,0.0,0.1,0.0,0.5750000000000002,0.06481481481481481,0.05555555555555555,0.18518518518518512,0.6000000000000002,0.7000000000000003,0.5250000000000001,0.7000000000000003,0.5277777777777773,0.39814814814814775,0.5277777777777773
0.32954545454545453,3.03515625,4.07421875,0.0,0.1,0.0,0.5750000000000002,0.06481481481481481,0.05555555555555555,0.18518518518518512,0.6000000000000002,0.7000000000000003,0.5250000000000001,0.7000000000000003,0.5277777777777773,0.39814814814814775,0.5370370370370366
0.3305785123966942,3.044921875,4.0859375,0.0,0.1,0.0,0.5750000000000002,0.06481481481481481,0.05555555555555555,0.19444444444444436,0.6000000000000002,0.7000000000000003,0.5250000000000001,0.7000000000000003,0.5277777777777773,0.39814814814814775,0.5370370370370366
0.3316115702479338,3.0546875,4.09765625,0.0,0.1,0.0,0.5750000000000002,0.06481481481481481,0.05555555555555555,0.19444444444444436,0.6000000000000002,0.7000000000000003,0.5250000000000001,0.7000000000000003,0.5277777777777773,0.407407407407407,0.5370370370370366
0.3326446280991735,3.0625,4.109375,0.0,0.1,0.0,0.5750000000000002,0.06481481481481481,0.05555555555555555,0.19444444444444436,0.6000000000000002,0.7000000000000003,0.5250000000000001,0.7000000000000003,0.5277777777777773,0.407407407407407,0.546296296296296
0.3336776859504132,3.0703125,4.125,0.0,0.1,0.0,0.5750000000000002,0.06481481481481481,0.05555555555555555,0.19444444444444436,0.6000000000000002,0.7000000000000003,0.5250000000000001,0.7000000000000003,0.5277777777777773,0.407407407407407,0.5555555555555552
0.3347107438016529,3.080078125,4.12890625,0.0,0.1,0.0,0.5750000000000002,0.06481481481481481,0.05555555555555555,0.2037037037037036,0.6000000000000002,0.7000000000000003,0.5250000000000001,0.7000000000000003,0.5277777777777773,0.407407407407407,0.5555555555555552
0.3357438016528925,3.08984375,4.140625,0.0,0.1,0.0,0.5750000000000002,0.06481481481481481,0.05555555555555555,0.2037037037037036,0.6000000000000002,0.7000000000000003,0.5250000000000001,0.7000000000000003,0.5277777777777773,0.41666666666666624,0.5555555555555552
0.33677685950413216,3.099609375,4.15625,0.0,0.1,0.0,0.5750000000000002,0.06481481481481481,0.05555555555555555,0.2037037037037036,0.6000000000000002,0.7000000000000003,0.5250000000000001,0.7000000000000003,0.5277777777777773,0.4259259259259255,0.5555555555555552
0.33780991735537186,3.107421875,4.1640625,0.0,0.1,0.0,0.5750000000000002,0.06481481481481481,0.05555555555555555,0.2037037037037036,0.6000000000000002,0.7000000000000003,0.5250000000000001,0.7000000000000003,0.5277777777777773,0.4259259259259255,0.5648148148148145
0.33884297520661155,3.1171875,4.1796875,0.0,0.1,0.0,0.6000000000000002,0.06481481481481481,0.05555555555555555,0.2037037037037036,0.6000000000000002,0.7000000000000003,0.5250000000000001,0.7000000000000003,0.5277777777777773,0.4259259259259255,0.5648148148148145
0.3398760330578512,3.126953125,4.1875,0.0,0.1,0.0,0.6000000000000002,0.06481481481481481,0.05555555555555555,0.2037037037037036,0.6000000000000002,0.7000000000000003,0.5250000000000001,0.7000000000000003,0.5370370370370366,0.4259259259259255,0.5648148148148145
0.34090909090909083,3.13671875,4.19921875,0.0,0.1,0.0,0.6000000000000002,0.06481481481481481,0.05555555555555555,0.2037037037037036,0.6000000000000002,0.7000000000000003,0.5250000000000001,0.7000000000000003,0.546296296296296,0.4259259259259255,0.5648148148148145
0.3419421487603306,3.146484375,4.2109375,0.0,0.1,0.0,0.6000000000000002,0.07407407407407407,0.05555555555555555,0.2037037037037036,0.6000000000000002,0.7000000000000003,0.5250000000000001,0.7000000000000003,0.546296296296296,0.4259259259259255,0.5648148148148145
0.3429752066115702,3.15625,4.21875,0.0,0.1,0.0,0.6000000000000002,0.07407407407407407,0.05555555555555555,0.2037037037037036,0.6250000000000002,0.7000000000000003,0.5250000000000001,0.7000000000000003,0.546296296296296,0.4259259259259255,0.5648148148148145
0.34400826446280985,3.166015625,4.23046875,0.0,0.1,0.0,0.6000000000000002,0.07407407407407407,0.05555555555555555,0.2037037037037036,0.6250000000000002,0.7000000000000003,0.5250000000000001,0.7000000000000003,0.5555555555555552,0.4259259259259255,0.5648148148148145
0.34504132231404955,3.17578125,4.2421875,0.0,0.1,0.0,0.6000000000000002,0.07407407407407407,0.06481481481481481,0.2037037037037036,0.6250000000000002,0.7000000000000003,0.5250000000000001,0.7000000000000003,0.5555555555555552,0.4259259259259255,0.5648148148148145
0.34607438016528924,3.185546875,4.2578125,0.0,0.1,0.0,0.6000000000000002,0.07407407407407407,0.06481481481481481,0.2037037037037036,0.6250000000000002,0.7000000000000003,0.5250000000000001,0.7000000000000003,0.5555555555555552,0.43518518518518473,0.5648148148148145
0.34710743801652894,3.193359375,4.265625,0.0,0.1,0.0,0.6000000000000002,0.07407407407407407,0.06481481481481481,0.2037037037037036,0.6250000000000002,0.7000000000000003,0.5250000000000001,0.7000000000000003,0.5555555555555552,0.43518518518518473,0.5740740740740738
0.34814049586776863,3.203125,4.2734375,0.0,0.1,0.0,0.6000000000000002,0.07407407407407407,0.06481481481481481,0.2037037037037036,0.6250000000000002,0.7000000000000003,0.5250000000000001,0.7000000000000003,0.5648148148148145,0.43518518518518473,0.5740740740740738
0.3491735537190083,3.212890625,4.2890625,0.0,0.1,0.0,0.6000000000000002,0.07407407407407407,0.06481481481481481,0.2037037037037036,0.6250000000000002,0.7000000000000003,0.5250000000000001,0.7000000000000003,0.5740740740740738,0.43518518518518473,0.5740740740740738
0.35020661157024796,3.220703125,4.296875,0.0,0.1,0.0,0.6000000000000002,0.07407407407407407,0.06481481481481481,0.2037037037037036,0.6250000000000002,0.7000000000000003,0.5250000000000001,0.7000000000000003,0.5740740740740738,0.43518518518518473,0.5833333333333331
0.35123966942148765,3.23046875,4.3125,0.0,0.1,0.0,0.6000000000000002,0.07407407407407407,0.06481481481481481,0.21296296296296285,0.6250000000000002,0.7000000000000003,0.5250000000000001,0.7000000000000003,0.5740740740740738,0.43518518518518473,0.5833333333333331
0.3522727272727273,3.240234375,4.3203125,0.0,0.1,0.0,0.6000000000000002,0.07407407407407407,0.06481481481481481,0.21296296296296285,0.6250000000000002,0.7000000000000003,0.5250000000000001,0.7000000000000003,0.5740740740740738,0.444444444444444,0.5833333333333331
0.353305785123967,3.248046875,4.33203125,0.0,0.1,0.0,0.6000000000000002,0.07407407407407407,0.06481481481481481,0.21296296296296285,0.6250000000000002,0.7000000000000003,0.5250000000000001,0.7000000000000003,0.5740740740740738,0.444444444444444,0.5925925925925924
0.3543388429752066,3.2578125,4.34765625,0.0,0.1,0.0,0.6000000000000002,0.07407407407407407,0.06481481481481481,0.21296296296296285,0.6250000000000002,0.7000000000000003,0.5250000000000001,0.7000000000000003,0.5740740740740738,0.4537037037037032,0.5925925925925924
0.3553719008264463,3.265625,4.3515625,0.0,0.1,0.0,0.6000000000000002,0.07407407407407407,0.06481481481481481,0.21296296296296285,0.6250000000000002,0.7000000000000003,0.5250000000000001,0.7000000000000003,0.5740740740740738,0.4537037037037032,0.6018518518518517
0.356404958677686,3.275390625,4.3671875,0.0,0.1,0.0,0.6000000000000002,0.07407407407407407,0.06481481481481481,0.21296296296296285,0.6250000000000002,0.7000000000000003,0.5500000000000002,0.7000000000000003,0.5740740740740738,0.4537037037037032,0.6018518518518517
0.35743801652892565,3.28515625,4.37890625,0.0,0.1,0.0,0.6000000000000002,0.07407407407407407,0.06481481481481481,0.21296296296296285,0.6500000000000002,0.7000000000000003,0.5500000000000002,0.7000000000000003,0.5740740740740738,0.4537037037037032,0.6018518518518517
0.3584710743801653,3.294921875,4.38671875,0.0,0.1,0.0,0.6000000000000002,0.07407407407407407,0.06481481481481481,0.21296296296296285,0.6500000000000002,0.7000000000000003,0.5500000000000002,0.7000000000000003,0.5740740740740738,0.46296296296296247,0.6018518518518517
0.359504132231405,3.3046875,4.3984375,0.0,0.1,0.0,0.6000000000000002,0.07407407407407407,0.06481481481481481,0.2222222222222221,0.6500000000000002,0.7000000000000003,0.5500000000000002,0.7000000000000003,0.5740740740740738,0.46296296296296247,0.6018518518518517
0.3605371900826447,3.314453125,4.41015625,0.0,0.1,0.0,0.6000000000000002,0.07407407407407407,0.06481481481481481,0.2222222222222221,0.6500000000000002,0.7000000000000003,0.5500000000000002,0.7000000000000003,0.5833333333333331,0.46296296296296247,0.6018518518518517
0.36157024793388437,3.32421875,4.42578125,0.0,0.1,0.0,0.6000000000000002,0.07407407407407407,0.06481481481481481,0.2222222222222221,0.6500000000000002,0.7000000000000003,0.5500000000000002,0.7000000000000003,0.5925925925925924,0.46296296296296247,0.6018518518518517
0.36260330578512395,3.333984375,4.43359375,0.0,0.1,0.0,0.6000000000000002,0.07407407407407407,0.06481481481481481,0.23148148148148134,0.6500000000000002,0.7000000000000003,0.5500000000000002,0.7000000000000003,0.5925925925925924,0.46296296296296247,0.6018518518518517
0.36363636363636365,3.34375,4.4453125,0.0,0.1,0.0,0.6000000000000002,0.07407407407407407,0.06481481481481481,0.23148148148148134,0.6500000000000002,0.7250000000000003,0.5500000000000002,0.7000000000000003,0.5925925925925924,0.46296296296296247,0.6018518518518517
0.36466942148760334,3.353515625,4.45703125,0.0,0.1,0.0,0.6000000000000002,0.07407407407407407,0.06481481481481481,0.23148148148148134,0.6500000000000002,0.7250000000000003,0.5500000000000002,0.7000000000000003,0.5925925925925924,0.4722222222222217,0.6018518518518517
0.36570247933884303,3.36328125,4.46875,0.0,0.1,0.0,0.6250000000000002,0.07407407407407407,0.06481481481481481,0.23148148148148134,0.6500000000000002,0.7250000000000003,0.5500000000000002,0.7000000000000003,0.5925925925925924,0.4722222222222217,0.6018518518518517
0.3667355371900827,3.373046875,4.4765625,0.0,0.1,0.0,0.6250000000000002,0.07407407407407407,0.06481481481481481,0.23148148148148134,0.6500000000000002,0.7250000000000003,0.5500000000000002,0.7000000000000003,0.5925925925925924,0.48148148148148096,0.6018518518518517
0.36776859504132237,3.3828125,4.4921875,0.0,0.1,0.0,0.6250000000000002,0.07407407407407407,0.06481481481481481,0.23148148148148134,0.6750000000000003,0.7250000000000003,0.5500000000000002,0.7000000000000003,0.5925925925925924,0.48148148148148096,0.6018518518518517
0.36880165289256206,3.392578125,4.5,0.0,0.1,0.0,0.6250000000000002,0.07407407407407407,0.06481481481481481,0.23148148148148134,0.6750000000000003,0.7250000000000003,0.5500000000000002,0.7000000000000003,0.6018518518518517,0.48148148148148096,0.6018518518518517
0.36983471074380175,3.40234375,4.515625,0.0,0.1,0.0,0.6250000000000002,0.07407407407407407,0.06481481481481481,0.23148148148148134,0.6750000000000003,0.7250000000000003,0.5500000000000002,0.7000000000000003,0.611111111111111,0.48148148148148096,0.6018518518518517
0.3708677685950414,3.412109375,4.5234375,0.0,0.1,0.0,0.6250000000000002,0.07407407407407407,0.06481481481481481,0.23148148148148134,0.6750000000000003,0.7500000000000003,0.5500000000000002,0.7000000000000003,0.611111111111111,0.48148148148148096,0.6018518518518517
0.371900826446281,3.421875,4.53125,0.0,0.1,0.0,0.6250000000000002,0.07407407407407407,0.06481481481481481,0.23148148148148134,0.6750000000000003,0.7500000000000003,0.5500000000000002,0.7000000000000003,0.611111111111111,0.4907407407407402,0.6018518518518517
0.37293388429752067,3.431640625,4.546875,0.0,0.1,0.0,0.6250000000000002,0.07407407407407407,0.06481481481481481,0.23148148148148134,0.6750000000000003,0.7500000000000003,0.5750000000000002,0.7000000000000003,0.611111111111111,0.4907407407407402,0.6018518518518517
0.37396694214876036,3.44140625,4.5546875,0.0,0.1,0.0,0.6250000000000002,0.07407407407407407,0.06481481481481481,0.23148148148148134,0.6750000000000003,0.7500000000000003,0.6000000000000002,0.7000000000000003,0.611111111111111,0.4907407407407402,0.6018518518518517
0.37500000000000006,3.451171875,4.5703125,0.0,0.1,0.0,0.6250000000000002,0.07407407407407407,0.06481481481481481,0.23148148148148134,0.6750000000000003,0.7500000000000003,0.6000000000000002,0.7000000000000003,0.6203703703703703,0.4907407407407402,0.6018518518518517
0.3760330578512397,3.4609375,4.578125,0.0,0.1,0.0,0.6250000000000002,0.07407407407407407,0.06481481481481481,0.23148148148148134,0.6750000000000003,0.7500000000000003,0.6000000000000002,0.7000000000000003,0.6203703703703703,0.49999999999999944,0.6018518518518517
0.3770661157024794,3.46875,4.58984375,0.0,0.1,0.0,0.6250000000000002,0.07407407407407407,0.06481481481481481,0.23148148148148134,0.6750000000000003,0.7500000000000003,0.6000000000000002,0.7000000000000003,0.6203703703703703,0.49999999999999944,0.611111111111111
0.3780991735537191,3.4765625,4.6015625,0.0,0.1,0.0,0.6250000000000002,0.07407407407407407,0.06481481481481481,0.23148148148148134,0.6750000000000003,0.7500000000000003,0.6000000000000002,0.7000000000000003,0.6203703703703703,0.49999999999999944,0.6203703703703703
0.3791322314049588,3.486328125,4.61328125,0.0,0.1,0.0,0.6250000000000002,0.07407407407407407,0.06481481481481481,0.23148148148148134,0.6750000000000003,0.7500000000000003,0.6000000000000002,0.7000000000000003,0.6296296296296297,0.49999999999999944,0.6203703703703703
0.38016528925619847,3.49609375,4.62109375,0.0,0.1,0.0,0.6250000000000002,0.07407407407407407,0.06481481481481481,0.23148148148148134,0.6750000000000003,0.7500000000000003,0.6000000000000002,0.7000000000000003,0.6296296296296297,0.5092592592592587,0.6203703703703703
0.38119834710743816,3.505859375,4.63671875,0.0,0.1,0.0,0.6250000000000002,0.07407407407407407,0.06481481481481481,0.23148148148148134,0.6750000000000003,0.7500000000000003,0.6000000000000002,0.7250000000000003,0.6296296296296297,0.5092592592592587,0.6203703703703703
0.38223140495867775,3.515625,4.64453125,0.0,0.1,0.0,0.6250000000000002,0.07407407407407407,0.06481481481481481,0.23148148148148134,0.6750000000000003,0.7500000000000003,0.6000000000000002,0.7250000000000003,0.6296296296296297,0.518518518518518,0.6203703703703703
0.38326446280991744,3.525390625,4.65625,0.0,0.1,0.0,0.6250000000000002,0.08333333333333333,0.06481481481481481,0.23148148148148134,0.6750000000000003,0.7500000000000003,0.6000000000000002,0.7250000000000003,0.6296296296296297,0.518518518518518,0.6203703703703703
0.38429752066115713,3.53515625,4.66796875,0.0,0.1,0.0,0.6250000000000002,0.08333333333333333,0.06481481481481481,0.23148148148148134,0.6750000000000003,0.7500000000000003,0.6000000000000002,0.7250000000000003,0.6296296296296297,0.5277777777777773,0.6203703703703703
0.3853305785123968,3.544921875,4.6796875,0.0,0.1,0.0,0.6250000000000002,0.08333333333333333,0.07407407407407407,0.23148148148148134,0.6750000000000003,0.7500000000000003,0.6000000000000002,0.7250000000000003,0.6296296296296297,0.5277777777777773,0.6203703703703703
0.38636363636363646,3.5546875,4.6953125,0.0,0.1,0.0,0.6250000000000002,0.08333333333333333,0.07407407407407407,0.23148148148148134,0.6750000000000003,0.7500000000000003,0.6000000000000002,0.7250000000000003,0.6296296296296297,0.5277777777777773,0.6296296296296297
0.3873966942148761,3.5625,4.703125,0.0,0.1,0.0,0.6250000000000002,0.08333333333333333,0.07407407407407407,0.23148148148148134,0.6750000000000003,0.7500000000000003,0.6000000000000002,0.7250000000000003,0.6296296296296297,0.5277777777777773,0.638888888888889
0.3884297520661158,3.5703125,4.7109375,0.0,0.1,0.0,0.6250000000000002,0.08333333333333333,0.07407407407407407,0.23148148148148134,0.6750000000000003,0.7500000000000003,0.6000000000000002,0.7250000000000003,0.6296296296296297,0.5277777777777773,0.6481481481481483
0.3894628099173555,3.580078125,4.7265625,0.0,0.1,0.0,0.6250000000000002,0.08333333333333333,0.07407407407407407,0.23148148148148134,0.6750000000000003,0.7500000000000003,0.6000000000000002,0.7250000000000003,0.6296296296296297,0.5277777777777773,0.6574074074074076
0.39049586776859513,3.587890625,4.734375,0.0,0.1,0.0,0.6250000000000002,0.08333333333333333,0.07407407407407407,0.23148148148148134,0.6750000000000003,0.7500000000000003,0.6000000000000002,0.7250000000000003,0.6296296296296297,0.5277777777777773,0.6666666666666669
0.3915289256198348,3.59765625,4.74609375,0.0,0.1,0.0,0.6250000000000002,0.08333333333333333,0.07407407407407407,0.23148148148148134,0.6750000000000003,0.7500000000000003,0.6000000000000002,0.7250000000000003,0.6296296296296297,0.5277777777777773,0.6759259259259262
0.39256198347107446,3.607421875,4.7578125,0.0,0.1,0.0,0.6250000000000002,0.09259259259259259,0.07407407407407407,0.23148148148148134,0.6750000000000003,0.7500000000000003,0.6000000000000002,0.7250000000000003,0.6296296296296297,0.5277777777777773,0.6759259259259262
0.39359504132231415,3.6171875,4.76953125,0.0,0.1,0.0,0.6250000000000002,0.09259259259259259,0.07407407407407407,0.23148148148148134,0.6750000000000003,0.7500000000000003,0.6000000000000002,0.7250000000000003,0.6296296296296297,0.5370370370370366,0.6759259259259262
0.3946280991735538,3.626953125,4.78125,0.0,0.1,0.0,0.6250000000000002,0.09259259259259259,0.07407407407407407,0.23148148148148134,0.6750000000000003,0.7500000000000003,0.6000000000000002,0.7250000000000003,0.6296296296296297,0.546296296296296,0.6759259259259262
0.3956611570247935,3.63671875,4.7890625,0.0,0.1,0.0,0.6250000000000002,0.09259259259259259,0.07407407407407407,0.23148148148148134,0.7000000000000003,0.7500000000000003,0.6000000000000002,0.7250000000000003,0.6296296296296297,0.546296296296296,0.6759259259259262
0.3966942148760332,3.646484375,4.80078125,0.0,0.1,0.0,0.6250000000000002,0.09259259259259259,0.07407407407407407,0.23148148148148134,0.7000000000000003,0.7500000000000003,0.6000000000000002,0.7250000000000003,0.6296296296296297,0.5555555555555552,0.6759259259259262
0.3977272727272729,3.65625,4.81640625,0.0,0.1,0.0,0.6250000000000002,0.09259259259259259,0.07407407407407407,0.23148148148148134,0.7000000000000003,0.7500000000000003,0.6250000000000002,0.7250000000000003,0.6296296296296297,0.5555555555555552,0.6759259259259262
0.39876033057851257,3.666015625,4.82421875,0.0,0.1,0.0,0.6250000000000002,0.09259259259259259,0.07407407407407407,0.23148148148148134,0.7000000000000003,0.7500000000000003,0.6250000000000002,0.7250000000000003,0.6296296296296297,0.5555555555555552,0.6851851851851855
0.39979338842975226,3.67578125,4.8359375,0.0,0.1,0.0,0.6250000000000002,0.09259259259259259,0.07407407407407407,0.23148148148148134,0.7000000000000003,0.7500000000000003,0.6250000000000002,0.7250000000000003,0.6296296296296297,0.5648148148148145,0.6851851851851855
0.4008264462809919,3.685546875,4.8515625,0.0,0.1,0.0,0.6250000000000002,0.09259259259259259,0.07407407407407407,0.23148148148148134,0.7000000000000003,0.7500000000000003,0.6250000000000002,0.7250000000000003,0.6296296296296297,0.5740740740740738,0.6851851851851855
0.4018595041322316,3.6953125,4.85546875,0.0,0.1,0.0,0.6250000000000002,0.09259259259259259,0.07407407407407407,0.23148148148148134,0.7000000000000003,0.7500000000000003,0.6250000000000002,0.7250000000000003,0.638888888888889,0.5740740740740738,0.6851851851851855
0.40289256198347123,3.705078125,4.8671875,0.0,0.1,0.0,0.6250000000000002,0.09259259259259259,0.07407407407407407,0.23148148148148134,0.7000000000000003,0.7500000000000003,0.6250000000000002,0.7250000000000003,0.6481481481481483,0.5740740740740738,0.6851851851851855
0.4039256198347109,3.71484375,4.8828125,0.0,0.1,0.0,0.6250000000000002,0.09259259259259259,0.07407407407407407,0.23148148148148134,0.7000000000000003,0.7500000000000003,0.6250000000000002,0.7250000000000003,0.6574074074074076,0.5740740740740738,0.6851851851851855
0.40495867768595056,3.72265625,4.890625,0.0,0.1,0.0,0.6250000000000002,0.09259259259259259,0.07407407407407407,0.23148148148148134,0.7000000000000003,0.7500000000000003,0.6250000000000002,0.7250000000000003,0.6574074074074076,0.5740740740740738,0.6944444444444448
0.40599173553719026,3.732421875,4.90234375,0.0,0.1,0.0,0.6250000000000002,0.09259259259259259,0.07407407407407407,0.23148148148148134,0.7000000000000003,0.7500000000000003,0.6250000000000002,0.7250000000000003,0.6666666666666669,0.5740740740740738,0.6944444444444448
0.4070247933884299,3.7421875,4.91796875,0.0,0.1,0.0,0.6250000000000002,0.09259259259259259,0.07407407407407407,0.23148148148148134,0.7000000000000003,0.7500000000000003,0.6250000000000002,0.7250000000000003,0.6666666666666669,0.5833333333333331,0.6944444444444448
0.40805785123966964,3.751953125,4.92578125,0.0,0.1,0.0,0.6250000000000002,0.09259259259259259,0.07407407407407407,0.23148148148148134,0.7000000000000003,0.7500000000000003,0.6250000000000002,0.7250000000000003,0.6666666666666669,0.5925925925925924,0.6944444444444448
0.4090909090909092,3.76171875,4.9375,0.0,0.1,0.0,0.6250000000000002,0.09259259259259259,0.07407407407407407,0.2407407407407406,0.7000000000000003,0.7500000000000003,0.6250000000000002,0.7250000000000003,0.6666666666666669,0.5925925925925924,0.6944444444444448
0.4101239669421489,3.771484375,4.94921875,0.0,0.1,0.0,0.6250000000000002,0.09259259259259259,0.07407407407407407,0.2407407407407406,0.7000000000000003,0.7500000000000003,0.6250000000000002,0.7250000000000003,0.6666666666666669,0.5925925925925924,0.703703703703704
0.41115702479338856,3.78125,4.95703125,0.0,0.1,0.0,0.6250000000000002,0.09259259259259259,0.07407407407407407,0.24999999999999983,0.7000000000000003,0.7500000000000003,0.6250000000000002,0.7250000000000003,0.6666666666666669,0.5925925925925924,0.703703703703704
0.41219008264462825,3.791015625,4.97265625,0.0,0.1,0.0,0.6250000000000002,0.09259259259259259,0.07407407407407407,0.24999999999999983,0.7000000000000003,0.7500000000000003,0.6250000000000002,0.7250000000000003,0.6666666666666669,0.5925925925925924,0.7129629629629634
0.4132231404958679,3.80078125,4.98046875,0.0,0.1,0.0,0.6250000000000002,0.09259259259259259,0.07407407407407407,0.24999999999999983,0.7000000000000003,0.7500000000000003,0.6250000000000002,0.7250000000000003,0.6666666666666669,0.5925925925925924,0.7222222222222227
0.4142561983471077,3.810546875,4.9921875,0.0,0.125,0.0,0.6250000000000002,0.09259259259259259,0.07407407407407407,0.24999999999999983,0.7000000000000003,0.7500000000000003,0.6250000000000002,0.7250000000000003,0.6666666666666669,0.5925925925925924,0.7222222222222227
0.4152892561983473,3.8203125,5.00390625,0.0,0.125,0.0,0.6250000000000002,0.09259259259259259,0.07407407407407407,0.24999999999999983,0.7000000000000003,0.7500000000000003,0.6250000000000002,0.7250000000000003,0.6666666666666669,0.6018518518518517,0.7222222222222227
0.416322314049587,3.830078125,5.015625,0.0,0.125,0.0,0.6250000000000002,0.09259259259259259,0.07407407407407407,0.24999999999999983,0.7000000000000003,0.7500000000000003,0.6250000000000002,0.7250000000000003,0.6759259259259262,0.6018518518518517,0.7222222222222227
0.41735537190082667,3.83984375,5.0234375,0.0,0.125,0.0,0.6250000000000002,0.09259259259259259,0.07407407407407407,0.24999999999999983,0.7000000000000003,0.7500000000000003,0.6250000000000002,0.7250000000000003,0.6759259259259262,0.6018518518518517,0.731481481481482
0.41838842975206636,3.849609375,5.0390625,0.0,0.125,0.0,0.6250000000000002,0.09259259259259259,0.07407407407407407,0.24999999999999983,0.7000000000000003,0.7500000000000003,0.6250000000000002,0.7250000000000003,0.6851851851851855,0.6018518518518517,0.731481481481482
0.419421487603306,3.859375,5.046875,0.0,0.125,0.0,0.6250000000000002,0.09259259259259259,0.07407407407407407,0.24999999999999983,0.7000000000000003,0.7500000000000003,0.6250000000000002,0.7250000000000003,0.6944444444444448,0.6018518518518517,0.731481481481482
0.4204545454545457,3.869140625,5.05859375,0.0,0.125,0.0,0.6250000000000002,0.09259259259259259,0.07407407407407407,0.24999999999999983,0.7000000000000003,0.7500000000000003,0.6250000000000002,0.7250000000000003,0.6944444444444448,0.611111111111111,0.731481481481482
0.4214876033057854,3.87890625,5.0703125,0.0,0.125,0.0,0.6250000000000002,0.09259259259259259,0.07407407407407407,0.24999999999999983,0.7000000000000003,0.7500000000000003,0.6250000000000002,0.7250000000000003,0.6944444444444448,0.6203703703703703,0.731481481481482
0.4225206611570251,3.888671875,5.08203125,0.0,0.125,0.0,0.6250000000000002,0.09259259259259259,0.07407407407407407,0.24999999999999983,0.7000000000000003,0.7500000000000003,0.6250000000000002,0.7250000000000003,0.6944444444444448,0.6296296296296297,0.731481481481482
0.4235537190082648,3.8984375,5.09375,0.0,0.125,0.0,0.6250000000000002,0.09259259259259259,0.07407407407407407,0.24999999999999983,0.7000000000000003,0.7500000000000003,0.6250000000000002,0.7250000000000003,0.6944444444444448,0.6296296296296297,0.7407407407407413
0.42458677685950447,3.908203125,5.10546875,0.0,0.125,0.0,0.6250000000000002,0.09259259259259259,0.07407407407407407,0.24999999999999983,0.7000000000000003,0.7500000000000003,0.6250000000000002,0.7250000000000003,0.6944444444444448,0.6296296296296297,0.7500000000000006
0.42561983471074405,3.91796875,5.11328125,0.0,0.125,0.0,0.6250000000000002,0.10185185185185185,0.07407407407407407,0.24999999999999983,0.7000000000000003,0.7500000000000003,0.6250000000000002,0.7250000000000003,0.6944444444444448,0.6296296296296297,0.7500000000000006
0.42665289256198374,3.9296875,5.12890625,0.0,0.15,0.0,0.6250000000000002,0.10185185185185185,0.07407407407407407,0.24999999999999983,0.7000000000000003,0.7500000000000003,0.6250000000000002,0.7250000000000003,0.6944444444444448,0.6296296296296297,0.7500000000000006
0.42768595041322344,3.939453125,5.140625,0.0,0.15,0.0,0.6250000000000002,0.10185185185185185,0.08333333333333333,0.24999999999999983,0.7000000000000003,0.7500000000000003,0.6250000000000002,0.7250000000000003,0.6944444444444448,0.6296296296296297,0.7500000000000006
0.428719008264463,3.951171875,5.14453125,0.0,0.15,0.0,0.6500000000000002,0.10185185185185185,0.08333333333333333,0.24999999999999983,0.7000000000000003,0.7500000000000003,0.6250000000000002,0.7250000000000003,0.6944444444444448,0.6296296296296297,0.7500000000000006
0.42975206611570277,3.9609375,5.16015625,0.0,0.15,0.0,0.6500000000000002,0.1111111111111111,0.08333333333333333,0.24999999999999983,0.7000000000000003,0.7500000000000003,0.6250000000000002,0.7250000000000003,0.6944444444444448,0.6296296296296297,0.7500000000000006
0.4307851239669424,3.97265625,5.171875,0.0,0.15,0.0,0.6500000000000002,0.12037037037037036,0.08333333333333333,0.24999999999999983,0.7000000000000003,0.7500000000000003,0.6250000000000002,0.7250000000000003,0.6944444444444448,0.6296296296296297,0.7500000000000006
0.4318181818181821,3.982421875,5.1796875,0.0,0.15,0.0,0.6500000000000002,0.12037037037037036,0.08333333333333333,0.2592592592592591,0.7000000000000003,0.7500000000000003,0.6250000000000002,0.7250000000000003,0.6944444444444448,0.6296296296296297,0.7500000000000006
0.4328512396694218,3.994140625,5.1953125,0.0,0.15,0.0,0.6500000000000002,0.12037037037037036,0.09259259259259259,0.2592592592592591,0.7000000000000003,0.7500000000000003,0.6250000000000002,0.7250000000000003,0.6944444444444448,0.6296296296296297,0.7500000000000006
0.4338842975206614,4.00390625,5.203125,0.0,0.15,0.0,0.6500000000000002,0.12037037037037036,0.10185185185185185,0.2592592592592591,0.7000000000000003,0.7500000000000003,0.6250000000000002,0.7250000000000003,0.6944444444444448,0.6296296296296297,0.7500000000000006
0.4349173553719011,4.015625,5.2109375,0.0,0.175,0.0,0.6500000000000002,0.12037037037037036,0.10185185185185185,0.2592592592592591,0.7000000000000003,0.7500000000000003,0.6250000000000002,0.7250000000000003,0.6944444444444448,0.6296296296296297,0.7500000000000006
0.43595041322314076,4.02734375,5.2265625,0.0,0.175,0.0,0.6500000000000002,0.12037037037037036,0.10185185185185185,0.2685185185185183,0.7000000000000003,0.7500000000000003,0.6250000000000002,0.7250000000000003,0.6944444444444448,0.6296296296296297,0.7500000000000006
0.43698347107438046,4.0390625,5.234375,0.0,0.175,0.025,0.6500000000000002,0.12037037037037036,0.10185185185185185,0.2685185185185183,0.7000000000000003,0.7500000000000003,0.6250000000000002,0.7250000000000003,0.6944444444444448,0.6296296296296297,0.7500000000000006
0.4380165289256201,4.05078125,5.24609375,0.0,0.175,0.05,0.6500000000000002,0.12037037037037036,0.10185185185185185,0.2685185185185183,0.7000000000000003,0.7500000000000003,0.6250000000000002,0.7250000000000003,0.6944444444444448,0.6296296296296297,0.7500000000000006
0.43904958677685973,4.05859375,5.26171875,0.0,0.175,0.07500000000000001,0.6500000000000002,0.12037037037037036,0.10185185185185185,0.2685185185185183,0.7000000000000003,0.7500000000000003,0.6250000000000002,0.7250000000000003,0.6944444444444448,0.6296296296296297,0.7500000000000006
0.4400826446280995,4.06640625,5.26953125,0.0,0.175,0.1,0.6500000000000002,0.12037037037037036,0.10185185185185185,0.2685185185185183,0.7000000000000003,0.7500000000000003,0.6250000000000002,0.7250000000000003,0.6944444444444448,0.6296296296296297,0.7500000000000006
0.4411157024793391,4.07421875,5.27734375,0.0,0.175,0.125,0.6500000000000002,0.12037037037037036,0.10185185185185185,0.2685185185185183,0.7000000000000003,0.7500000000000003,0.6250000000000002,0.7250000000000003,0.6944444444444448,0.6296296296296297,0.7500000000000006
0.44214876033057876,4.0859375,5.29296875,0.0,0.175,0.15,0.6500000000000002,0.12037037037037036,0.10185185185185185,0.2685185185185183,0.7000000000000003,0.7500000000000003,0.6250000000000002,0.7250000000000003,0.6944444444444448,0.6296296296296297,0.7500000000000006
0.44318181818181845,4.09375,5.30078125,0.0,0.175,0.175,0.6500000000000002,0.12037037037037036,0.10185185185185185,0.2685185185185183,0.7000000000000003,0.7500000000000003,0.6250000000000002,0.7250000000000003,0.6944444444444448,0.6296296296296297,0.7500000000000006
0.4442148760330581,4.10546875,5.3125,0.0,0.175,0.175,0.6500000000000002,0.12037037037037036,0.1111111111111111,0.2685185185185183,0.7000000000000003,0.7500000000000003,0.6250000000000002,0.7250000000000003,0.6944444444444448,0.6296296296296297,0.7500000000000006
0.44524793388429784,4.1171875,5.328125,0.0,0.175,0.19999999999999998,0.6500000000000002,0.12037037037037036,0.1111111111111111,0.2685185185185183,0.7000000000000003,0.7500000000000003,0.6250000000000002,0.7250000000000003,0.6944444444444448,0.6296296296296297,0.7500000000000006
0.4462809917355374,4.12890625,5.3359375,0.0,0.175,0.19999999999999998,0.6500000000000002,0.12037037037037036,0.1111111111111111,0.27777777777777757,0.7000000000000003,0.7500000000000003,0.6250000000000002,0.7250000000000003,0.6944444444444448,0.6296296296296297,0.7500000000000006
0.4473140495867771,4.140625,5.34765625,0.0,0.175,0.19999999999999998,0.6500000000000002,0.12962962962962962,0.1111111111111111,0.27777777777777757,0.7000000000000003,0.7500000000000003,0.6250000000000002,0.7250000000000003,0.6944444444444448,0.6296296296296297,0.7500000000000006
0.4483471074380168,4.15234375,5.35546875,0.0,0.175,0.19999999999999998,0.6500000000000002,0.1388888888888889,0.1111111111111111,0.27777777777777757,0.7000000000000003,0.7500000000000003,0.6250000000000002,0.7250000000000003,0.6944444444444448,0.6296296296296297,0.7500000000000006
0.44938016528925645,4.1640625,5.3671875,0.0,0.175,0.19999999999999998,0.6500000000000002,0.1388888888888889,0.12037037037037036,0.27777777777777757,0.7000000000000003,0.7500000000000003,0.6250000000000002,0.7250000000000003,0.6944444444444448,0.6296296296296297,0.7500000000000006
0.4504132231404962,4.17578125,5.37890625,0.0,0.175,0.19999999999999998,0.6500000000000002,0.1388888888888889,0.12037037037037036,0.2870370370370368,0.7000000000000003,0.7500000000000003,0.6250000000000002,0.7250000000000003,0.6944444444444448,0.6296296296296297,0.7500000000000006
0.4514462809917358,4.18359375,5.390625,0.0,0.175,0.19999999999999998,0.6500000000000002,0.1388888888888889,0.12037037037037036,0.2870370370370368,0.7250000000000003,0.7500000000000003,0.6250000000000002,0.7250000000000003,0.6944444444444448,0.6296296296296297,0.7500000000000006
0.4524793388429754,4.1953125,5.40234375,0.0,0.175,0.19999999999999998,0.6500000000000002,0.1388888888888889,0.12037037037037036,0.29629629629629606,0.7250000000000003,0.7500000000000003,0.6250000000000002,0.7250000000000003,0.6944444444444448,0.6296296296296297,0.7500000000000006
0.45351239669421517,4.20703125,5.41015625,0.0,0.175,0.19999999999999998,0.6500000000000002,0.1388888888888889,0.12037037037037036,0.3055555555555553,0.7250000000000003,0.7500000000000003,0.6250000000000002,0.7250000000000003,0.6944444444444448,0.6296296296296297,0.7500000000000006
0.45454545454545475,4.21875,5.421875,0.0,0.175,0.22499999999999998,0.6500000000000002,0.1388888888888889,0.12037037037037036,0.3055555555555553,0.7250000000000003,0.7500000000000003,0.6250000000000002,0.7250000000000003,0.6944444444444448,0.6296296296296297,0.7500000000000006
0.45557851239669445,4.23046875,5.43359375,0.0,0.175,0.22499999999999998,0.6500000000000002,0.1388888888888889,0.12037037037037036,0.3055555555555553,0.7500000000000003,0.7500000000000003,0.6250000000000002,0.7250000000000003,0.6944444444444448,0.6296296296296297,0.7500000000000006
0.45661157024793414,4.23828125,5.4453125,0.0,0.175,0.22499999999999998,0.6500000000000002,0.1388888888888889,0.12037037037037036,0.3055555555555553,0.7500000000000003,0.7750000000000004,0.6250000000000002,0.7250000000000003,0.6944444444444448,0.6296296296296297,0.7500000000000006
0.4576446280991738,4.25,5.45703125,0.0,0.175,0.22499999999999998,0.6500000000000002,0.14814814814814814,0.12037037037037036,0.3055555555555553,0.7500000000000003,0.7750000000000004,0.6250000000000002,0.7250000000000003,0.6944444444444448,0.6296296296296297,0.7500000000000006
0.4586776859504135,4.26171875,5.46875,0.0,0.175,0.22499999999999998,0.6500000000000002,0.14814814814814814,0.12037037037037036,0.31481481481481455,0.7500000000000003,0.7750000000000004,0.6250000000000002,0.7250000000000003,0.6944444444444448,0.6296296296296297,0.7500000000000006
0.4597107438016531,4.2734375,5.48046875,0.0,0.175,0.22499999999999998,0.6500000000000002,0.14814814814814814,0.12037037037037036,0.3240740740740738,0.7500000000000003,0.7750000000000004,0.6250000000000002,0.7250000000000003,0.6944444444444448,0.6296296296296297,0.7500000000000006
0.4607438016528928,4.28515625,5.4921875,0.0,0.175,0.22499999999999998,0.6500000000000002,0.14814814814814814,0.12037037037037036,0.33333333333333304,0.7500000000000003,0.7750000000000004,0.6250000000000002,0.7250000000000003,0.6944444444444448,0.6296296296296297,0.7500000000000006
0.4617768595041325,4.296875,5.49609375,0.0,0.175,0.22499999999999998,0.6500000000000002,0.14814814814814814,0.12037037037037036,0.3425925925925923,0.7500000000000003,0.7750000000000004,0.6250000000000002,0.7250000000000003,0.6944444444444448,0.6296296296296297,0.7500000000000006
0.4628099173553721,4.30859375,5.51171875,0.0,0.175,0.22499999999999998,0.6500000000000002,0.14814814814814814,0.12037037037037036,0.3518518518518515,0.7500000000000003,0.7750000000000004,0.6250000000000002,0.7250000000000003,0.6944444444444448,0.6296296296296297,0.7500000000000006
0.4638429752066119,4.3203125,5.5234375,0.0,0.175,0.22499999999999998,0.6500000000000002,0.14814814814814814,0.12037037037037036,0.36111111111111077,0.7500000000000003,0.7750000000000004,0.6250000000000002,0.7250000000000003,0.6944444444444448,0.6296296296296297,0.7500000000000006
0.46487603305785147,4.33203125,5.53125,0.0,0.175,0.22499999999999998,0.6500000000000002,0.14814814814814814,0.12037037037037036,0.36111111111111077,0.7750000000000004,0.7750000000000004,0.6250000000000002,0.7250000000000003,0.6944444444444448,0.6296296296296297,0.7500000000000006
0.46590909090909116,4.34375,5.546875,0.0,0.175,0.22499999999999998,0.6500000000000002,0.15740740740740738,0.12037037037037036,0.36111111111111077,0.7750000000000004,0.7750000000000004,0.6250000000000002,0.7250000000000003,0.6944444444444448,0.6296296296296297,0.7500000000000006
0.46694214876033086,4.35546875,5.55859375,0.0,0.175,0.22499999999999998,0.6500000000000002,0.15740740740740738,0.12037037037037036,0.36111111111111077,0.8000000000000004,0.7750000000000004,0.6250000000000002,0.7250000000000003,0.6944444444444448,0.6296296296296297,0.7500000000000006
0.46797520661157044,4.3671875,5.5625,0.0,0.175,0.22499999999999998,0.6500000000000002,0.15740740740740738,0.12037037037037036,0.36111111111111077,0.8000000000000004,0.8000000000000004,0.6250000000000002,0.7250000000000003,0.6944444444444448,0.6296296296296297,0.7500000000000006
0.4690082644628102,4.375,5.578125,0.0,0.175,0.22499999999999998,0.6500000000000002,0.15740740740740738,0.12037037037037036,0.36111111111111077,0.8000000000000004,0.8000000000000004,0.6500000000000002,0.7250000000000003,0.6944444444444448,0.6296296296296297,0.7500000000000006
0.4700413223140498,4.38671875,5.5859375,0.0,0.175,0.22499999999999998,0.6500000000000002,0.15740740740740738,0.12037037037037036,0.36111111111111077,0.8000000000000004,0.8000000000000004,0.6750000000000003,0.7250000000000003,0.6944444444444448,0.6296296296296297,0.7500000000000006
0.4710743801652895,4.39453125,5.59765625,0.0,0.175,0.22499999999999998,0.6500000000000002,0.15740740740740738,0.12037037037037036,0.36111111111111077,0.8000000000000004,0.8000000000000004,0.6750000000000003,0.7250000000000003,0.6944444444444448,0.638888888888889,0.7500000000000006
0.47210743801652916,4.40625,5.609375,0.0,0.175,0.22499999999999998,0.6500000000000002,0.15740740740740738,0.12037037037037036,0.37037037037037,0.8000000000000004,0.8000000000000004,0.6750000000000003,0.7250000000000003,0.6944444444444448,0.638888888888889,0.7500000000000006
0.47314049586776885,4.41796875,5.62109375,0.0,0.175,0.22499999999999998,0.6500000000000002,0.15740740740740738,0.12037037037037036,0.37037037037037,0.8000000000000004,0.8000000000000004,0.7000000000000003,0.7250000000000003,0.6944444444444448,0.638888888888889,0.7500000000000006
0.47417355371900854,4.42578125,5.62890625,0.0,0.175,0.22499999999999998,0.6500000000000002,0.15740740740740738,0.12037037037037036,0.37037037037037,0.8000000000000004,0.8000000000000004,0.7000000000000003,0.7250000000000003,0.6944444444444448,0.6481481481481483,0.7500000000000006
0.4752066115702482,4.4375,5.640625,0.0,0.175,0.22499999999999998,0.6500000000000002,0.15740740740740738,0.12037037037037036,0.37037037037037,0.8000000000000004,0.8250000000000004,0.7000000000000003,0.7250000000000003,0.6944444444444448,0.6481481481481483,0.7500000000000006
0.4762396694214878,4.44921875,5.65234375,0.0,0.175,0.22499999999999998,0.6500000000000002,0.15740740740740738,0.12037037037037036,0.37037037037037,0.8000000000000004,0.8250000000000004,0.7000000000000003,0.7500000000000003,0.6944444444444448,0.6481481481481483,0.7500000000000006
0.4772727272727275,4.4609375,5.66015625,0.0,0.175,0.24999999999999997,0.6500000000000002,0.15740740740740738,0.12037037037037036,0.37037037037037,0.8000000000000004,0.8250000000000004,0.7000000000000003,0.7500000000000003,0.6944444444444448,0.6481481481481483,0.7500000000000006
0.4783057851239672,4.47265625,5.67578125,0.0,0.175,0.24999999999999997,0.6500000000000002,0.15740740740740738,0.12037037037037036,0.37037037037037,0.8000000000000004,0.8250000000000004,0.7000000000000003,0.7500000000000003,0.703703703703704,0.6481481481481483,0.7500000000000006
0.47933884297520685,4.48046875,5.6875,0.0,0.175,0.24999999999999997,0.6500000000000002,0.15740740740740738,0.12037037037037036,0.37037037037037,0.8000000000000004,0.8250000000000004,0.7000000000000003,0.7500000000000003,0.7129629629629634,0.6481481481481483,0.7500000000000006
0.4803719008264465,4.48828125,5.69921875,0.0,0.175,0.24999999999999997,0.6500000000000002,0.15740740740740738,0.12037037037037036,0.37037037037037,0.8000000000000004,0.8250000000000004,0.7000000000000003,0.7500000000000003,0.7129629629629634,0.6574074074074076,0.7500000000000006
0.4814049586776862,4.5,5.70703125,0.0,0.175,0.24999999999999997,0.6500000000000002,0.15740740740740738,0.12037037037037036,0.37037037037037,0.8000000000000004,0.8250000000000004,0.7000000000000003,0.7500000000000003,0.7222222222222227,0.6574074074074076,0.7500000000000006
0.4824380165289259,4.5078125,5.71875,0.0,0.175,0.24999999999999997,0.6500000000000002,0.15740740740740738,0.12037037037037036,0.37037037037037,0.8000000000000004,0.8250000000000004,0.7000000000000003,0.7500000000000003,0.731481481481482,0.6574074074074076,0.7500000000000006
0.4834710743801655,4.515625,5.73046875,0.0,0.175,0.24999999999999997,0.6500000000000002,0.15740740740740738,0.12037037037037036,0.37037037037037,0.8000000000000004,0.8250000000000004,0.7000000000000003,0.7500000000000003,0.731481481481482,0.6574074074074076,0.7592592592592599
0.48450413223140526,4.52734375,5.7421875,0.0,0.175,0.24999999999999997,0.6500000000000002,0.15740740740740738,0.12037037037037036,0.37962962962962926,0.8000000000000004,0.8250000000000004,0.7000000000000003,0.7500000000000003,0.731481481481482,0.6574074074074076,0.7592592592592599
0.48553719008264484,4.5390625,5.75,0.0,0.175,0.24999999999999997,0.6500000000000002,0.15740740740740738,0.12037037037037036,0.37962962962962926,0.8000000000000004,0.8250000000000004,0.7000000000000003,0.7500000000000003,0.7407407407407413,0.6574074074074076,0.7592592592592599
0.4865702479338845,4.546875,5.765625,0.0,0.175,0.24999999999999997,0.6500000000000002,0.15740740740740738,0.12037037037037036,0.37962962962962926,0.8000000000000004,0.8250000000000004,0.7000000000000003,0.7500000000000003,0.7500000000000006,0.6574074074074076,0.7592592592592599
0.48760330578512423,4.55859375,5.7734375,0.0,0.175,0.24999999999999997,0.6500000000000002,0.15740740740740738,0.12037037037037036,0.37962962962962926,0.8000000000000004,0.8250000000000004,0.7250000000000003,0.7500000000000003,0.7500000000000006,0.6574074074074076,0.7592592592592599
0.4886363636363638,4.5703125,5.78125,0.0,0.175,0.24999999999999997,0.6500000000000002,0.15740740740740738,0.12037037037037036,0.37962962962962926,0.8000000000000004,0.8250000000000004,0.7500000000000003,0.7500000000000003,0.7500000000000006,0.6574074074074076,0.7592592592592599
0.4896694214876036,4.58203125,5.796875,0.0,0.175,0.24999999999999997,0.6500000000000002,0.15740740740740738,0.12962962962962962,0.37962962962962926,0.8000000000000004,0.8250000000000004,0.7500000000000003,0.7500000000000003,0.7500000000000006,0.6574074074074076,0.7592592592592599
0.4907024793388432,4.59375,5.8046875,0.0,0.175,0.24999999999999997,0.6500000000000002,0.15740740740740738,0.12962962962962962,0.37962962962962926,0.8000000000000004,0.8250000000000004,0.7500000000000003,0.7500000000000003,0.7592592592592599,0.6574074074074076,0.7592592592592599
0.49173553719008284,4.6015625,5.81640625,0.0,0.175,0.24999999999999997,0.6500000000000002,0.15740740740740738,0.12962962962962962,0.37962962962962926,0.8000000000000004,0.8250000000000004,0.7500000000000003,0.7500000000000003,0.7592592592592599,0.6666666666666669,0.7592592592592599
0.4927685950413226,4.609375,5.828125,0.0,0.175,0.24999999999999997,0.6500000000000002,0.15740740740740738,0.12962962962962962,0.37962962962962926,0.8000000000000004,0.8250000000000004,0.7500000000000003,0.7500000000000003,0.7592592592592599,0.6666666666666669,0.7685185185185192
0.49380165289256217,4.6171875,5.83984375,0.0,0.175,0.24999999999999997,0.6500000000000002,0.15740740740740738,0.12962962962962962,0.37962962962962926,0.8000000000000004,0.8250000000000004,0.7500000000000003,0.7500000000000003,0.7592592592592599,0.6666666666666669,0.7777777777777785
0.49483471074380186,4.625,5.84375,0.0,0.175,0.24999999999999997,0.6500000000000002,0.15740740740740738,0.12962962962962962,0.37962962962962926,0.8000000000000004,0.8250000000000004,0.7500000000000003,0.7500000000000003,0.7592592592592599,0.6666666666666669,0.7870370370370378
0.49586776859504156,4.63671875,5.859375,0.0,0.175,0.24999999999999997,0.6500000000000002,0.15740740740740738,0.12962962962962962,0.37962962962962926,0.8000000000000004,0.8500000000000004,0.7500000000000003,0.7500000000000003,0.7592592592592599,0.6666666666666669,0.7870370370370378
0.49690082644628125,4.6484375,5.8671875,0.0,0.175,0.24999999999999997,0.6500000000000002,0.15740740740740738,0.1388888888888889,0.37962962962962926,0.8000000000000004,0.8500000000000004,0.7500000000000003,0.7500000000000003,0.7592592592592599,0.6666666666666669,0.7870370370370378
0.49793388429752095,4.66015625,5.87890625,0.0,0.175,0.24999999999999997,0.6500000000000002,0.15740740740740738,0.1388888888888889,0.37962962962962926,0.8000000000000004,0.8500000000000004,0.7500000000000003,0.7500000000000003,0.7685185185185192,0.6666666666666669,0.7870370370370378
0.4989669421487606,4.66796875,5.89453125,0.0,0.175,0.24999999999999997,0.6500000000000002,0.15740740740740738,0.1388888888888889,0.37962962962962926,0.8000000000000004,0.8500000000000004,0.7500000000000003,0.7500000000000003,0.7685185185185192,0.6759259259259262,0.7870370370370378
0.5000000000000003,4.6796875,5.90234375,0.0,0.175,0.24999999999999997,0.6500000000000002,0.15740740740740738,0.1388888888888889,0.3888888888888885,0.8000000000000004,0.8500000000000004,0.7500000000000003,0.7500000000000003,0.7685185185185192,0.6759259259259262,0.7870370370370378
0.5010330578512399,4.69140625,5.9140625,0.0,0.175,0.24999999999999997,0.6500000000000002,0.15740740740740738,0.1388888888888889,0.3888888888888885,0.8000000000000004,0.8500000000000004,0.7500000000000003,0.7500000000000003,0.7777777777777785,0.6759259259259262,0.7870370370370378
0.5020661157024796,4.69921875,5.921875,0.0,0.175,0.24999999999999997,0.6500000000000002,0.15740740740740738,0.1388888888888889,0.3888888888888885,0.8000000000000004,0.8500000000000004,0.7500000000000003,0.7500000000000003,0.7870370370370378,0.6759259259259262,0.7870370370370378
0.5030991735537192,4.7109375,5.93359375,0.0,0.175,0.24999999999999997,0.6500000000000002,0.15740740740740738,0.14814814814814814,0.3888888888888885,0.8000000000000004,0.8500000000000004,0.7500000000000003,0.7500000000000003,0.7870370370370378,0.6759259259259262,0.7870370370370378
0.504132231404959,4.72265625,5.94140625,0.0,0.175,0.24999999999999997,0.6500000000000002,0.15740740740740738,0.14814814814814814,0.3888888888888885,0.8000000000000004,0.8500000000000004,0.7500000000000003,0.7500000000000003,0.7962962962962971,0.6759259259259262,0.7870370370370378
0.5051652892561986,4.73046875,5.95703125,0.0,0.175,0.24999999999999997,0.6500000000000002,0.15740740740740738,0.14814814814814814,0.3888888888888885,0.8000000000000004,0.8500000000000004,0.7500000000000003,0.7500000000000003,0.7962962962962971,0.6851851851851855,0.7870370370370378
0.5061983471074383,4.7421875,5.96484375,0.0,0.175,0.24999999999999997,0.6500000000000002,0.15740740740740738,0.14814814814814814,0.3888888888888885,0.8000000000000004,0.8500000000000004,0.7500000000000003,0.7500000000000003,0.8055555555555564,0.6851851851851855,0.7870370370370378
0.5072314049586779,4.75,5.9765625,0.0,0.175,0.24999999999999997,0.6500000000000002,0.15740740740740738,0.14814814814814814,0.3888888888888885,0.8000000000000004,0.8500000000000004,0.7500000000000003,0.7500000000000003,0.8055555555555564,0.6944444444444448,0.7870370370370378
0.5082644628099177,4.7578125,5.98828125,0.0,0.175,0.24999999999999997,0.6500000000000002,0.15740740740740738,0.14814814814814814,0.3888888888888885,0.8000000000000004,0.8500000000000004,0.7500000000000003,0.7500000000000003,0.8055555555555564,0.6944444444444448,0.7962962962962971
0.5092975206611573,4.765625,5.99609375,0.0,0.175,0.24999999999999997,0.6500000000000002,0.15740740740740738,0.14814814814814814,0.3888888888888885,0.8000000000000004,0.8500000000000004,0.7500000000000003,0.7500000000000003,0.8055555555555564,0.6944444444444448,0.8055555555555564
0.510330578512397,4.77734375,6.0078125,0.0,0.175,0.24999999999999997,0.6500000000000002,0.15740740740740738,0.15740740740740738,0.3888888888888885,0.8000000000000004,0.8500000000000004,0.7500000000000003,0.7500000000000003,0.8055555555555564,0.6944444444444448,0.8055555555555564
0.5113636363636367,4.7890625,6.01953125,0.0,0.175,0.24999999999999997,0.6500000000000002,0.15740740740740738,0.15740740740740738,0.3888888888888885,0.8000000000000004,0.8500000000000004,0.7500000000000003,0.7500000000000003,0.8148148148148157,0.6944444444444448,0.8055555555555564
0.5123966942148763,4.796875,6.02734375,0.0,0.175,0.24999999999999997,0.6500000000000002,0.15740740740740738,0.15740740740740738,0.3888888888888885,0.8000000000000004,0.8500000000000004,0.7500000000000003,0.7500000000000003,0.8148148148148157,0.6944444444444448,0.8148148148148157
0.513429752066116,4.80859375,6.04296875,0.0,0.175,0.24999999999999997,0.6500000000000002,0.15740740740740738,0.15740740740740738,0.39814814814814775,0.8000000000000004,0.8500000000000004,0.7500000000000003,0.7500000000000003,0.8148148148148157,0.6944444444444448,0.8148148148148157
0.5144628099173557,4.8203125,6.05078125,0.0,0.175,0.24999999999999997,0.6500000000000002,0.15740740740740738,0.15740740740740738,0.39814814814814775,0.8000000000000004,0.8500000000000004,0.7500000000000003,0.7500000000000003,0.824074074074075,0.6944444444444448,0.8148148148148157
0.5154958677685955,4.828125,6.0546875,0.0,0.175,0.24999999999999997,0.6500000000000002,0.15740740740740738,0.15740740740740738,0.39814814814814775,0.8000000000000004,0.8500000000000004,0.7500000000000003,0.7500000000000003,0.824074074074075,0.6944444444444448,0.824074074074075
0.516528925619835,4.83984375,6.0703125,0.0,0.19999999999999998,0.24999999999999997,0.6500000000000002,0.15740740740740738,0.15740740740740738,0.39814814814814775,0.8000000000000004,0.8500000000000004,0.7500000000000003,0.7500000000000003,0.824074074074075,0.6944444444444448,0.824074074074075
0.5175619834710747,4.8515625,6.08203125,0.0,0.19999999999999998,0.24999999999999997,0.6500000000000002,0.15740740740740738,0.15740740740740738,0.39814814814814775,0.8000000000000004,0.8500000000000004,0.7750000000000004,0.7500000000000003,0.824074074074075,0.6944444444444448,0.824074074074075
0.5185950413223144,4.86328125,6.08984375,0.0,0.19999999999999998,0.24999999999999997,0.6500000000000002,0.15740740740740738,0.15740740740740738,0.39814814814814775,0.8000000000000004,0.8500000000000004,0.7750000000000004,0.7500000000000003,0.8333333333333343,0.6944444444444448,0.824074074074075
0.5196280991735541,4.87109375,6.10546875,0.0,0.19999999999999998,0.24999999999999997,0.6500000000000002,0.15740740740740738,0.15740740740740738,0.39814814814814775,0.8000000000000004,0.8500000000000004,0.7750000000000004,0.7500000000000003,0.8333333333333343,0.703703703703704,0.824074074074075
0.5206611570247938,4.87890625,6.11328125,0.0,0.19999999999999998,0.24999999999999997,0.6500000000000002,0.15740740740740738,0.15740740740740738,0.39814814814814775,0.8000000000000004,0.8500000000000004,0.7750000000000004,0.7500000000000003,0.8333333333333343,0.7129629629629634,0.824074074074075
0.5216942148760334,4.890625,6.125,0.0,0.19999999999999998,0.24999999999999997,0.6500000000000002,0.15740740740740738,0.15740740740740738,0.39814814814814775,0.8000000000000004,0.8500000000000004,0.7750000000000004,0.7500000000000003,0.8425925925925936,0.7129629629629634,0.824074074074075
0.522727272727273,4.8984375,6.1328125,0.0,0.19999999999999998,0.24999999999999997,0.6500000000000002,0.15740740740740738,0.15740740740740738,0.39814814814814775,0.8000000000000004,0.8500000000000004,0.7750000000000004,0.7500000000000003,0.8425925925925936,0.7129629629629634,0.8333333333333343
0.5237603305785128,4.91015625,6.14453125,0.0,0.19999999999999998,0.27499999999999997,0.6500000000000002,0.15740740740740738,0.15740740740740738,0.39814814814814775,0.8000000000000004,0.8500000000000004,0.7750000000000004,0.7500000000000003,0.8425925925925936,0.7129629629629634,0.8333333333333343
0.5247933884297524,4.921875,6.15625,0.0,0.19999999999999998,0.27499999999999997,0.6500000000000002,0.15740740740740738,0.15740740740740738,0.407407407407407,0.8000000000000004,0.8500000000000004,0.7750000000000004,0.7500000000000003,0.8425925925925936,0.7129629629629634,0.8333333333333343
0.5258264462809921,4.93359375,6.1640625,0.0,0.19999999999999998,0.27499999999999997,0.6500000000000002,0.15740740740740738,0.15740740740740738,0.407407407407407,0.8000000000000004,0.8500000000000004,0.7750000000000004,0.7500000000000003,0.8518518518518529,0.7129629629629634,0.8333333333333343
0.5268595041322318,4.9453125,6.17578125,0.0,0.19999999999999998,0.27499999999999997,0.6500000000000002,0.15740740740740738,0.16666666666666663,0.407407407407407,0.8000000000000004,0.8500000000000004,0.7750000000000004,0.7500000000000003,0.8518518518518529,0.7129629629629634,0.8333333333333343
0.5278925619834715,4.95703125,6.1875,0.0,0.19999999999999998,0.27499999999999997,0.6500000000000002,0.15740740740740738,0.17592592592592587,0.407407407407407,0.8000000000000004,0.8500000000000004,0.7750000000000004,0.7500000000000003,0.8518518518518529,0.7129629629629634,0.8333333333333343
0.5289256198347112,4.96875,6.19921875,0.0,0.19999999999999998,0.27499999999999997,0.6500000000000002,0.15740740740740738,0.17592592592592587,0.407407407407407,0.8250000000000004,0.8500000000000004,0.7750000000000004,0.7500000000000003,0.8518518518518529,0.7129629629629634,0.8333333333333343
0.5299586776859507,4.98046875,6.203125,0.0,0.19999999999999998,0.27499999999999997,0.6500000000000002,0.15740740740740738,0.17592592592592587,0.407407407407407,0.8250000000000004,0.8500000000000004,0.7750000000000004,0.7500000000000003,0.8611111111111122,0.7129629629629634,0.8333333333333343
0.5309917355371905,4.9921875,6.21875,0.0,0.19999999999999998,0.27499999999999997,0.6750000000000003,0.15740740740740738,0.17592592592592587,0.407407407407407,0.8250000000000004,0.8500000000000004,0.7750000000000004,0.7500000000000003,0.8611111111111122,0.7129629629629634,0.8333333333333343
0.5320247933884301,5.00390625,6.2265625,0.0,0.19999999999999998,0.27499999999999997,0.6750000000000003,0.15740740740740738,0.17592592592592587,0.407407407407407,0.8250000000000004,0.8500000000000004,0.8000000000000004,0.7500000000000003,0.8611111111111122,0.7129629629629634,0.8333333333333343
0.5330578512396699,5.015625,6.234375,0.0,0.19999999999999998,0.27499999999999997,0.6750000000000003,0.15740740740740738,0.17592592592592587,0.407407407407407,0.8250000000000004,0.8500000000000004,0.8000000000000004,0.7500000000000003,0.8703703703703715,0.7129629629629634,0.8333333333333343
0.5340909090909095,5.0234375,6.25,0.0,0.19999999999999998,0.27499999999999997,0.6750000000000003,0.15740740740740738,0.17592592592592587,0.407407407407407,0.8250000000000004,0.8500000000000004,0.8000000000000004,0.7500000000000003,0.8703703703703715,0.7222222222222227,0.8333333333333343
0.5351239669421493,5.03125,6.2578125,0.0,0.19999999999999998,0.27499999999999997,0.6750000000000003,0.15740740740740738,0.17592592592592587,0.407407407407407,0.8250000000000004,0.8500000000000004,0.8000000000000004,0.7500000000000003,0.8703703703703715,0.731481481481482,0.8333333333333343
0.5361570247933889,5.04296875,6.26953125,0.025,0.19999999999999998,0.27499999999999997,0.6750000000000003,0.15740740740740738,0.17592592592592587,0.407407407407407,0.8250000000000004,0.8500000000000004,0.8000000000000004,0.7500000000000003,0.8703703703703715,0.731481481481482,0.8333333333333343
0.5371900826446285,5.0546875,6.28125,0.025,0.19999999999999998,0.27499999999999997,0.6750000000000003,0.15740740740740738,0.17592592592592587,0.407407407407407,0.8250000000000004,0.8750000000000004,0.8000000000000004,0.7500000000000003,0.8703703703703715,0.731481481481482,0.8333333333333343
0.5382231404958683,5.06640625,6.28515625,0.025,0.19999999999999998,0.27499999999999997,0.6750000000000003,0.15740740740740738,0.17592592592592587,0.407407407407407,0.8250000000000004,0.8750000000000004,0.8000000000000004,0.7500000000000003,0.8796296296296308,0.731481481481482,0.8333333333333343
0.5392561983471078,5.078125,6.30078125,0.025,0.19999999999999998,0.27499999999999997,0.6750000000000003,0.15740740740740738,0.17592592592592587,0.407407407407407,0.8250000000000004,0.8750000000000004,0.8000000000000004,0.7500000000000003,0.8888888888888901,0.731481481481482,0.8333333333333343
0.5402892561983476,5.0859375,6.30859375,0.025,0.19999999999999998,0.27499999999999997,0.6750000000000003,0.15740740740740738,0.17592592592592587,0.407407407407407,0.8250000000000004,0.8750000000000004,0.8000000000000004,0.7500000000000003,0.8888888888888901,0.731481481481482,0.8425925925925936
0.5413223140495872,5.09765625,6.31640625,0.025,0.19999999999999998,0.27499999999999997,0.6750000000000003,0.15740740740740738,0.17592592592592587,0.407407407407407,0.8250000000000004,0.8750000000000004,0.8000000000000004,0.7750000000000004,0.8888888888888901,0.731481481481482,0.8425925925925936
0.5423553719008268,5.109375,6.33203125,0.025,0.19999999999999998,0.27499999999999997,0.6750000000000003,0.15740740740740738,0.17592592592592587,0.407407407407407,0.8250000000000004,0.8750000000000004,0.8000000000000004,0.7750000000000004,0.8981481481481494,0.731481481481482,0.8425925925925936
0.5433884297520666,5.12109375,6.33984375,0.025,0.19999999999999998,0.27499999999999997,0.6750000000000003,0.16666666666666663,0.17592592592592587,0.407407407407407,0.8250000000000004,0.8750000000000004,0.8000000000000004,0.7750000000000004,0.8981481481481494,0.731481481481482,0.8425925925925936
0.5444214876033062,5.1328125,6.3515625,0.025,0.19999999999999998,0.27499999999999997,0.6750000000000003,0.17592592592592587,0.17592592592592587,0.407407407407407,0.8250000000000004,0.8750000000000004,0.8000000000000004,0.7750000000000004,0.8981481481481494,0.731481481481482,0.8425925925925936
0.5454545454545459,5.14453125,6.359375,0.025,0.19999999999999998,0.27499999999999997,0.6750000000000003,0.17592592592592587,0.17592592592592587,0.407407407407407,0.8250000000000004,0.8750000000000004,0.8250000000000004,0.7750000000000004,0.8981481481481494,0.731481481481482,0.8425925925925936
0.5464876033057855,5.15625,6.3671875,0.025,0.19999999999999998,0.27499999999999997,0.6750000000000003,0.17592592592592587,0.17592592592592587,0.407407407407407,0.8250000000000004,0.8750000000000004,0.8250000000000004,0.7750000000000004,0.9074074074074087,0.731481481481482,0.8425925925925936
0.5475206611570251,5.16796875,6.37890625,0.025,0.19999999999999998,0.27499999999999997,0.6750000000000003,0.17592592592592587,0.17592592592592587,0.407407407407407,0.8250000000000004,0.8750000000000004,0.8250000000000004,0.7750000000000004,0.9074074074074087,0.7407407407407413,0.8425925925925936
0.5485537190082649,5.17578125,6.390625,0.025,0.19999999999999998,0.27499999999999997,0.6750000000000003,0.17592592592592587,0.17592592592592587,0.407407407407407,0.8250000000000004,0.8750000000000004,0.8250000000000004,0.7750000000000004,0.9074074074074087,0.7500000000000006,0.8425925925925936
0.5495867768595045,5.18359375,6.3984375,0.025,0.19999999999999998,0.27499999999999997,0.6750000000000003,0.17592592592592587,0.17592592592592587,0.407407407407407,0.8250000000000004,0.8750000000000004,0.8250000000000004,0.7750000000000004,0.9074074074074087,0.7592592592592599,0.8425925925925936
0.5506198347107442,5.19140625,6.41015625,0.025,0.19999999999999998,0.27499999999999997,0.6750000000000003,0.17592592592592587,0.17592592592592587,0.407407407407407,0.8250000000000004,0.8750000000000004,0.8250000000000004,0.7750000000000004,0.9074074074074087,0.7685185185185192,0.8425925925925936
0.5516528925619838,5.19921875,6.421875,0.025,0.19999999999999998,0.27499999999999997,0.6750000000000003,0.17592592592592587,0.17592592592592587,0.407407407407407,0.8250000000000004,0.8750000000000004,0.8250000000000004,0.7750000000000004,0.9074074074074087,0.7685185185185192,0.8518518518518529
0.5526859504132235,5.20703125,6.4296875,0.025,0.19999999999999998,0.27499999999999997,0.6750000000000003,0.17592592592592587,0.17592592592592587,0.407407407407407,0.8250000000000004,0.8750000000000004,0.8250000000000004,0.7750000000000004,0.9074074074074087,0.7685185185185192,0.8611111111111122
0.5537190082644633,5.21875,6.4375,0.025,0.19999999999999998,0.27499999999999997,0.6750000000000003,0.17592592592592587,0.18518518518518512,0.407407407407407,0.8250000000000004,0.8750000000000004,0.8250000000000004,0.7750000000000004,0.9074074074074087,0.7685185185185192,0.8611111111111122
0.5547520661157029,5.23046875,6.44921875,0.025,0.19999999999999998,0.27499999999999997,0.6750000000000003,0.17592592592592587,0.19444444444444436,0.407407407407407,0.8250000000000004,0.8750000000000004,0.8250000000000004,0.7750000000000004,0.9074074074074087,0.7685185185185192,0.8611111111111122
0.5557851239669427,5.2421875,6.4609375,0.025,0.19999999999999998,0.27499999999999997,0.6750000000000003,0.18518518518518512,0.19444444444444436,0.407407407407407,0.8250000000000004,0.8750000000000004,0.8250000000000004,0.7750000000000004,0.9074074074074087,0.7685185185185192,0.8611111111111122
0.5568181818181823,5.25390625,6.46875,0.025,0.19999999999999998,0.27499999999999997,0.6750000000000003,0.19444444444444436,0.19444444444444436,0.407407407407407,0.8250000000000004,0.8750000000000004,0.8250000000000004,0.7750000000000004,0.9074074074074087,0.7685185185185192,0.8611111111111122
0.557851239669422,5.265625,6.4765625,0.025,0.19999999999999998,0.27499999999999997,0.6750000000000003,0.19444444444444436,0.19444444444444436,0.407407407407407,0.8250000000000004,0.8750000000000004,0.8250000000000004,0.7750000000000004,0.9074074074074087,0.7777777777777785,0.8611111111111122
0.5588842975206616,5.2734375,6.4921875,0.025,0.19999999999999998,0.27499999999999997,0.6750000000000003,0.19444444444444436,0.19444444444444436,0.407407407407407,0.8250000000000004,0.8750000000000004,0.8250000000000004,0.7750000000000004,0.9074074074074087,0.7870370370370378,0.8611111111111122
0.5599173553719013,5.28125,6.5,0.025,0.19999999999999998,0.27499999999999997,0.6750000000000003,0.19444444444444436,0.19444444444444436,0.407407407407407,0.8250000000000004,0.8750000000000004,0.8250000000000004,0.7750000000000004,0.9074074074074087,0.7962962962962971,0.8611111111111122
0.560950413223141,5.2890625,6.51171875,0.025,0.19999999999999998,0.27499999999999997,0.6750000000000003,0.19444444444444436,0.19444444444444436,0.407407407407407,0.8250000000000004,0.8750000000000004,0.8250000000000004,0.7750000000000004,0.9074074074074087,0.8055555555555564,0.8611111111111122
0.5619834710743807,5.296875,6.515625,0.025,0.19999999999999998,0.27499999999999997,0.6750000000000003,0.19444444444444436,0.19444444444444436,0.407407407407407,0.8250000000000004,0.8750000000000004,0.8250000000000004,0.7750000000000004,0.9074074074074087,0.8055555555555564,0.8703703703703715
0.5630165289256204,5.30859375,6.52734375,0.025,0.19999999999999998,0.27499999999999997,0.6750000000000003,0.19444444444444436,0.19444444444444436,0.407407407407407,0.8250000000000004,0.8750000000000004,0.8250000000000004,0.7750000000000004,0.9074074074074087,0.8148148148148157,0.8703703703703715
0.56404958677686,5.31640625,6.5390625,0.025,0.19999999999999998,0.27499999999999997,0.6750000000000003,0.19444444444444436,0.19444444444444436,0.407407407407407,0.8250000000000004,0.8750000000000004,0.8250000000000004,0.7750000000000004,0.9074074074074087,0.824074074074075,0.8703703703703715
0.5650826446280998,5.32421875,6.546875,0.025,0.19999999999999998,0.27499999999999997,0.6750000000000003,0.19444444444444436,0.19444444444444436,0.407407407407407,0.8250000000000004,0.8750000000000004,0.8250000000000004,0.7750000000000004,0.9074074074074087,0.824074074074075,0.8796296296296308
0.5661157024793394,5.33203125,6.5546875,0.025,0.19999999999999998,0.27499999999999997,0.6750000000000003,0.19444444444444436,0.19444444444444436,0.407407407407407,0.8250000000000004,0.8750000000000004,0.8250000000000004,0.7750000000000004,0.9074074074074087,0.824074074074075,0.8888888888888901
0.567148760330579,5.34375,6.5703125,0.025,0.19999999999999998,0.27499999999999997,0.6750000000000003,0.19444444444444436,0.19444444444444436,0.41666666666666624,0.8250000000000004,0.8750000000000004,0.8250000000000004,0.7750000000000004,0.9074074074074087,0.824074074074075,0.8888888888888901
0.5681818181818187,5.35546875,6.578125,0.025,0.19999999999999998,0.27499999999999997,0.6750000000000003,0.19444444444444436,0.19444444444444436,0.4259259259259255,0.8250000000000004,0.8750000000000004,0.8250000000000004,0.7750000000000004,0.9074074074074087,0.824074074074075,0.8888888888888901
0.5692148760330584,5.3671875,6.58984375,0.025,0.19999999999999998,0.3,0.6750000000000003,0.19444444444444436,0.19444444444444436,0.4259259259259255,0.8250000000000004,0.8750000000000004,0.8250000000000004,0.7750000000000004,0.9074074074074087,0.824074074074075,0.8888888888888901
0.5702479338842981,5.37890625,6.59375,0.025,0.19999999999999998,0.3,0.6750000000000003,0.19444444444444436,0.19444444444444436,0.43518518518518473,0.8250000000000004,0.8750000000000004,0.8250000000000004,0.7750000000000004,0.9074074074074087,0.824074074074075,0.8888888888888901
0.5712809917355378,5.390625,6.6015625,0.025,0.22499999999999998,0.3,0.6750000000000003,0.19444444444444436,0.19444444444444436,0.43518518518518473,0.8250000000000004,0.8750000000000004,0.8250000000000004,0.7750000000000004,0.9074074074074087,0.824074074074075,0.8888888888888901
0.5723140495867773,5.40234375,6.61328125,0.025,0.22499999999999998,0.3,0.6750000000000003,0.19444444444444436,0.19444444444444436,0.444444444444444,0.8250000000000004,0.8750000000000004,0.8250000000000004,0.7750000000000004,0.9074074074074087,0.824074074074075,0.8888888888888901
0.5733471074380171,5.4140625,6.625,0.025,0.22499999999999998,0.3,0.6750000000000003,0.19444444444444436,0.19444444444444436,0.4537037037037032,0.8250000000000004,0.8750000000000004,0.8250000000000004,0.7750000000000004,0.9074074074074087,0.824074074074075,0.8888888888888901
0.5743801652892567,5.42578125,6.63671875,0.025,0.22499999999999998,0.3,0.6750000000000003,0.2037037037037036,0.19444444444444436,0.4537037037037032,0.8250000000000004,0.8750000000000004,0.8250000000000004,0.7750000000000004,0.9074074074074087,0.824074074074075,0.8888888888888901
0.5754132231404965,5.4375,6.64453125,0.025,0.22499999999999998,0.3,0.6750000000000003,0.21296296296296285,0.19444444444444436,0.4537037037037032,0.8250000000000004,0.8750000000000004,0.8250000000000004,0.7750000000000004,0.9074074074074087,0.824074074074075,0.8888888888888901
0.576446280991736,5.44921875,6.65234375,0.025,0.22499999999999998,0.3,0.6750000000000003,0.21296296296296285,0.19444444444444436,0.4537037037037032,0.8500000000000004,0.8750000000000004,0.8250000000000004,0.7750000000000004,0.9074074074074087,0.824074074074075,0.8888888888888901
0.5774793388429758,5.4609375,6.6640625,0.025,0.22499999999999998,0.3,0.6750000000000003,0.21296296296296285,0.2037037037037036,0.4537037037037032,0.8500000000000004,0.8750000000000004,0.8250000000000004,0.7750000000000004,0.9074074074074087,0.824074074074075,0.8888888888888901
0.5785123966942154,5.47265625,6.671875,0.025,0.22499999999999998,0.3,0.6750000000000003,0.21296296296296285,0.21296296296296285,0.4537037037037032,0.8500000000000004,0.8750000000000004,0.8250000000000004,0.7750000000000004,0.9074074074074087,0.824074074074075,0.8888888888888901
0.5795454545454551,5.484375,6.68359375,0.025,0.22499999999999998,0.3,0.6750000000000003,0.21296296296296285,0.2222222222222221,0.4537037037037032,0.8500000000000004,0.8750000000000004,0.8250000000000004,0.7750000000000004,0.9074074074074087,0.824074074074075,0.8888888888888901
0.5805785123966948,5.49609375,6.69140625,0.025,0.22499999999999998,0.3,0.6750000000000003,0.21296296296296285,0.2222222222222221,0.4537037037037032,0.8500000000000004,0.8750000000000004,0.8500000000000004,0.7750000000000004,0.9074074074074087,0.824074074074075,0.8888888888888901
0.5816115702479344,5.5078125,6.69921875,0.025,0.22499999999999998,0.3,0.6750000000000003,0.21296296296296285,0.23148148148148134,0.4537037037037032,0.8500000000000004,0.8750000000000004,0.8500000000000004,0.7750000000000004,0.9074074074074087,0.824074074074075,0.8888888888888901
0.5826446280991741,5.51953125,6.7109375,0.025,0.22499999999999998,0.3,0.6750000000000003,0.21296296296296285,0.23148148148148134,0.46296296296296247,0.8500000000000004,0.8750000000000004,0.8500000000000004,0.7750000000000004,0.9074074074074087,0.824074074074075,0.8888888888888901
0.5836776859504138,5.53125,6.71875,0.025,0.22499999999999998,0.3,0.6750000000000003,0.21296296296296285,0.23148148148148134,0.46296296296296247,0.8500000000000004,0.8750000000000004,0.8500000000000004,0.7750000000000004,0.916666666666668,0.824074074074075,0.8888888888888901
0.5847107438016534,5.5390625,6.73046875,0.025,0.22499999999999998,0.3,0.6750000000000003,0.21296296296296285,0.23148148148148134,0.46296296296296247,0.8500000000000004,0.8750000000000004,0.8500000000000004,0.7750000000000004,0.916666666666668,0.8333333333333343,0.8888888888888901
0.5857438016528931,5.55078125,6.73828125,0.025,0.22499999999999998,0.3,0.6750000000000003,0.21296296296296285,0.23148148148148134,0.4722222222222217,0.8500000000000004,0.8750000000000004,0.8500000000000004,0.7750000000000004,0.916666666666668,0.8333333333333343,0.8888888888888901
0.5867768595041328,5.5625,6.75,0.025,0.22499999999999998,0.3,0.6750000000000003,0.21296296296296285,0.23148148148148134,0.48148148148148096,0.8500000000000004,0.8750000000000004,0.8500000000000004,0.7750000000000004,0.916666666666668,0.8333333333333343,0.8888888888888901
0.5878099173553725,5.57421875,6.7578125,0.025,0.22499999999999998,0.3,0.6750000000000003,0.21296296296296285,0.23148148148148134,0.4907407407407402,0.8500000000000004,0.8750000000000004,0.8500000000000004,0.7750000000000004,0.916666666666668,0.8333333333333343,0.8888888888888901
0.5888429752066121,5.58203125,6.765625,0.025,0.22499999999999998,0.3,0.6750000000000003,0.21296296296296285,0.23148148148148134,0.4907407407407402,0.8500000000000004,0.8750000000000004,0.8500000000000004,0.7750000000000004,0.916666666666668,0.8333333333333343,0.8981481481481494
0.5898760330578517,5.59375,6.7734375,0.025,0.22499999999999998,0.3,0.6750000000000003,0.21296296296296285,0.23148148148148134,0.49999999999999944,0.8500000000000004,0.8750000000000004,0.8500000000000004,0.7750000000000004,0.916666666666668,0.8333333333333343,0.8981481481481494
0.5909090909090915,5.60546875,6.78515625,0.025,0.22499999999999998,0.3,0.6750000000000003,0.21296296296296285,0.23148148148148134,0.5092592592592587,0.8500000000000004,0.8750000000000004,0.8500000000000004,0.7750000000000004,0.916666666666668,0.8333333333333343,0.8981481481481494
0.5919421487603311,5.6171875,6.796875,0.025,0.22499999999999998,0.3,0.6750000000000003,0.21296296296296285,0.23148148148148134,0.5092592592592587,0.8500000000000004,0.8750000000000004,0.8500000000000004,0.7750000000000004,0.9259259259259273,0.8333333333333343,0.8981481481481494
0.5929752066115707,5.625,6.8046875,0.025,0.22499999999999998,0.3,0.6750000000000003,0.21296296296296285,0.23148148148148134,0.5092592592592587,0.8500000000000004,0.8750000000000004,0.8500000000000004,0.7750000000000004,0.9259259259259273,0.8425925925925936,0.8981481481481494
0.5940082644628103,5.6328125,6.8125,0.025,0.22499999999999998,0.3,0.6750000000000003,0.21296296296296285,0.23148148148148134,0.5092592592592587,0.8500000000000004,0.8750000000000004,0.8500000000000004,0.7750000000000004,0.9259259259259273,0.8425925925925936,0.9074074074074087
0.59504132231405,5.64453125,6.82421875,0.025,0.22499999999999998,0.3,0.6750000000000003,0.21296296296296285,0.23148148148148134,0.518518518518518,0.8500000000000004,0.8750000000000004,0.8500000000000004,0.7750000000000004,0.9259259259259273,0.8425925925925936,0.9074074074074087
0.5960743801652897,5.65625,6.83203125,0.025,0.22499999999999998,0.3,0.6750000000000003,0.21296296296296285,0.23148148148148134,0.518518518518518,0.8500000000000004,0.8750000000000004,0.8750000000000004,0.7750000000000004,0.9259259259259273,0.8425925925925936,0.9074074074074087
0.5971074380165294,5.66796875,6.84375,0.025,0.22499999999999998,0.3,0.6750000000000003,0.21296296296296285,0.23148148148148134,0.518518518518518,0.8500000000000004,0.8750000000000004,0.8750000000000004,0.7750000000000004,0.9351851851851866,0.8425925925925936,0.9074074074074087
0.5981404958677691,5.67578125,6.8515625,0.025,0.22499999999999998,0.3,0.6750000000000003,0.21296296296296285,0.23148148148148134,0.518518518518518,0.8500000000000004,0.8750000000000004,0.8750000000000004,0.7750000000000004,0.9351851851851866,0.8425925925925936,0.916666666666668
0.5991735537190087,5.6875,6.86328125,0.025,0.22499999999999998,0.3,0.6750000000000003,0.2222222222222221,0.23148148148148134,0.518518518518518,0.8500000000000004,0.8750000000000004,0.8750000000000004,0.7750000000000004,0.9351851851851866,0.8425925925925936,0.916666666666668
0.6002066115702485,5.69921875,6.8671875,0.025,0.22499999999999998,0.3,0.6750000000000003,0.23148148148148134,0.23148148148148134,0.518518518518518,0.8500000000000004,0.8750000000000004,0.8750000000000004,0.7750000000000004,0.9351851851851866,0.8425925925925936,0.916666666666668
