Effective Sparsity,Activation Error,Baseline Error,q0,k0,v0,o0,gate0,up0,down0,q1,k1,v1,o1,gate1,up1,down1
0.0009615384615384615,0.0013484954833984375,0.0112762451171875,0.0,0.0,0.0,0.0,0.0,0.0,0.0,0.0,0.0,0.0,0.0,0.007142857142857143,0.0,0.0
0.001923076923076923,0.0019931793212890625,0.0112762451171875,0.0,0.0,0.0,0.0,0.0,0.0,0.0,0.0,0.0,0.0,0.0,0.007142857142857143,0.007142857142857143,0.0
0.0028846153846153843,0.002819061279296875,0.0112762451171875,0.0,0.0,0.0,0.0,0.0,0.0,0.0,0.0,0.0,0.0,0.0,0.007142857142857143,0.007142857142857143,0.007142857142857143
0.003846153846153846,0.0035552978515625,0.0112762451171875,0.0,0.0,0.0,0.0,0.007142857142857143,0.0,0.0,0.0,0.0,0.0,0.0,0.007142857142857143,0.007142857142857143,0.007142857142857143
0.004807692307692307,0.004364013671875,0.0112762451171875,0.0,0.0,0.0,0.0,0.007142857142857143,0.007142857142857143,0.0,0.0,0.0,0.0,0.0,0.007142857142857143,0.007142857142857143,0.007142857142857143
0.005769230769230769,0.00525665283203125,0.0112762451171875,0.0,0.0,0.0,0.0,0.007142857142857143,0.007142857142857143,0.007142857142857143,0.0,0.0,0.0,0.0,0.007142857142857143,0.007142857142857143,0.007142857142857143
0.00673076923076923,0.0117950439453125,0.0112762451171875,0.0,0.0,0.0,0.0,0.007142857142857143,0.007142857142857143,0.007142857142857143,0.0,0.0,0.0,0.025,0.007142857142857143,0.007142857142857143,0.007142857142857143
0.007692307692307692,0.0169677734375,0.0112762451171875,0.0,0.0,0.0,0.0,0.007142857142857143,0.007142857142857143,0.007142857142857143,0.0,0.0,0.0,0.05,0.007142857142857143,0.007142857142857143,0.007142857142857143
0.008653846153846154,0.021697998046875,0.0112762451171875,0.0,0.0,0.0,0.0,0.007142857142857143,0.007142857142857143,0.007142857142857143,0.0,0.0,0.0,0.07500000000000001,0.007142857142857143,0.007142857142857143,0.007142857142857143
0.009615384615384614,0.026153564453125,0.0112762451171875,0.0,0.0,0.0,0.0,0.007142857142857143,0.007142857142857143,0.007142857142857143,0.0,0.0,0.0,0.1,0.007142857142857143,0.007142857142857143,0.007142857142857143
0.010576923076923078,0.0299835205078125,0.10296630859375,0.0,0.0,0.0,0.0,0.007142857142857143,0.007142857142857143,0.007142857142857143,0.025,0.0,0.0,0.1,0.007142857142857143,0.007142857142857143,0.007142857142857143
0.01153846153846154,0.03375244140625,0.10894775390625,0.0,0.0,0.0,0.0,0.007142857142857143,0.007142857142857143,0.007142857142857143,0.025,0.0,0.0,0.125,0.007142857142857143,0.007142857142857143,0.007142857142857143
0.012500000000000002,0.037384033203125,0.11468505859375,0.0,0.0,0.0,0.025,0.007142857142857143,0.007142857142857143,0.007142857142857143,0.025,0.0,0.0,0.125,0.007142857142857143,0.007142857142857143,0.007142857142857143
0.013461538461538466,0.040771484375,0.12030029296875,0.0,0.0,0.0,0.025,0.007142857142857143,0.007142857142857143,0.007142857142857143,0.025,0.0,0.0,0.15,0.007142857142857143,0.007142857142857143,0.007142857142857143
0.014423076923076926,0.044189453125,0.1256103515625,0.0,0.0,0.0,0.025,0.007142857142857143,0.007142857142857143,0.007142857142857143,0.025,0.0,0.0,0.175,0.007142857142857143,0.007142857142857143,0.007142857142857143
0.015384615384615385,0.04754638671875,0.131103515625,0.0,0.0,0.0,0.025,0.007142857142857143,0.007142857142857143,0.007142857142857143,0.025,0.0,0.0,0.19999999999999998,0.007142857142857143,0.007142857142857143,0.007142857142857143
0.016346153846153847,0.05078125,0.1363525390625,0.0,0.0,0.0,0.025,0.007142857142857143,0.007142857142857143,0.007142857142857143,0.025,0.0,0.0,0.22499999999999998,0.007142857142857143,0.007142857142857143,0.007142857142857143
0.01730769230769231,0.053863525390625,0.1412353515625,0.0,0.0,0.0,0.025,0.007142857142857143,0.007142857142857143,0.007142857142857143,0.05,0.0,0.0,0.22499999999999998,0.007142857142857143,0.007142857142857143,0.007142857142857143
0.01826923076923077,0.056884765625,0.1461181640625,0.0,0.0,0.0,0.025,0.007142857142857143,0.007142857142857143,0.007142857142857143,0.05,0.0,0.0,0.24999999999999997,0.007142857142857143,0.007142857142857143,0.007142857142857143
0.019230769230769232,0.059967041015625,0.1512451171875,0.0,0.0,0.0,0.025,0.007142857142857143,0.007142857142857143,0.007142857142857143,0.05,0.0,0.0,0.27499999999999997,0.007142857142857143,0.007142857142857143,0.007142857142857143
0.020192307692307693,0.06304931640625,0.156982421875,0.0,0.0,0.0,0.025,0.007142857142857143,0.007142857142857143,0.007142857142857143,0.05,0.0,0.0,0.3,0.007142857142857143,0.007142857142857143,0.007142857142857143
0.021153846153846155,0.06597900390625,0.1611328125,0.0,0.0,0.0,0.05,0.007142857142857143,0.007142857142857143,0.007142857142857143,0.05,0.0,0.0,0.3,0.007142857142857143,0.007142857142857143,0.007142857142857143
0.022115384615384617,0.06890869140625,0.1661376953125,0.0,0.0,0.0,0.05,0.007142857142857143,0.007142857142857143,0.007142857142857143,0.07500000000000001,0.0,0.0,0.3,0.007142857142857143,0.007142857142857143,0.007142857142857143
0.02307692307692308,0.07171630859375,0.171875,0.0,0.0,0.0,0.05,0.007142857142857143,0.007142857142857143,0.007142857142857143,0.07500000000000001,0.0,0.0,0.325,0.007142857142857143,0.007142857142857143,0.007142857142857143
0.024038461538461543,0.07452392578125,0.1766357421875,0.0,0.0,0.0,0.05,0.007142857142857143,0.007142857142857143,0.007142857142857143,0.07500000000000001,0.0,0.0,0.35000000000000003,0.007142857142857143,0.007142857142857143,0.007142857142857143
0.025000000000000005,0.07745361328125,0.18115234375,0.0,0.0,0.0,0.05,0.007142857142857143,0.007142857142857143,0.007142857142857143,0.07500000000000001,0.0,0.0,0.37500000000000006,0.007142857142857143,0.007142857142857143,0.007142857142857143
0.025961538461538466,0.080322265625,0.1861572265625,0.0,0.0,0.0,0.05,0.007142857142857143,0.007142857142857143,0.007142857142857143,0.1,0.0,0.0,0.37500000000000006,0.007142857142857143,0.007142857142857143,0.007142857142857143
0.026923076923076925,0.0831298828125,0.1907958984375,0.0,0.0,0.0,0.05,0.007142857142857143,0.007142857142857143,0.007142857142857143,0.1,0.0,0.0,0.4000000000000001,0.007142857142857143,0.007142857142857143,0.007142857142857143
0.027884615384615393,0.08599853515625,0.1954345703125,0.0,0.0,0.0,0.07500000000000001,0.007142857142857143,0.007142857142857143,0.007142857142857143,0.1,0.0,0.0,0.4000000000000001,0.007142857142857143,0.007142857142857143,0.007142857142857143
0.02884615384615385,0.0887451171875,0.2003173828125,0.0,0.0,0.0,0.07500000000000001,0.007142857142857143,0.007142857142857143,0.007142857142857143,0.125,0.0,0.0,0.4000000000000001,0.007142857142857143,0.007142857142857143,0.007142857142857143
0.029807692307692316,0.091552734375,0.2049560546875,0.0,0.0,0.0,0.07500000000000001,0.007142857142857143,0.007142857142857143,0.007142857142857143,0.125,0.0,0.0,0.4250000000000001,0.007142857142857143,0.007142857142857143,0.007142857142857143
0.030769230769230774,0.09442138671875,0.209228515625,0.0,0.0,0.0,0.07500000000000001,0.007142857142857143,0.007142857142857143,0.007142857142857143,0.15,0.0,0.0,0.4250000000000001,0.007142857142857143,0.007142857142857143,0.007142857142857143
0.031730769230769236,0.09735107421875,0.2139892578125,0.0,0.0,0.0,0.1,0.007142857142857143,0.007142857142857143,0.007142857142857143,0.15,0.0,0.0,0.4250000000000001,0.007142857142857143,0.007142857142857143,0.007142857142857143
0.0326923076923077,0.1002197265625,0.2181396484375,0.0,0.0,0.0,0.1,0.007142857142857143,0.007142857142857143,0.007142857142857143,0.15,0.0,0.0,0.4500000000000001,0.007142857142857143,0.007142857142857143,0.007142857142857143
0.03365384615384616,0.10302734375,0.2225341796875,0.0,0.0,0.0,0.1,0.007142857142857143,0.007142857142857143,0.007142857142857143,0.175,0.0,0.0,0.4500000000000001,0.007142857142857143,0.007142857142857143,0.007142857142857143
0.034615384615384624,0.10589599609375,0.2265625,0.0,0.0,0.0,0.1,0.007142857142857143,0.007142857142857143,0.007142857142857143,0.175,0.0,0.0,0.47500000000000014,0.007142857142857143,0.007142857142857143,0.007142857142857143
0.03557692307692308,0.1087646484375,0.23095703125,0.0,0.0,0.0,0.1,0.007142857142857143,0.007142857142857143,0.007142857142857143,0.19999999999999998,0.0,0.0,0.47500000000000014,0.007142857142857143,0.007142857142857143,0.007142857142857143
0.03653846153846155,0.11163330078125,0.23486328125,0.0,0.0,0.0,0.125,0.007142857142857143,0.007142857142857143,0.007142857142857143,0.19999999999999998,0.0,0.0,0.47500000000000014,0.007142857142857143,0.007142857142857143,0.007142857142857143
0.037500000000000006,0.114501953125,0.2388916015625,0.0,0.0,0.0,0.125,0.007142857142857143,0.007142857142857143,0.007142857142857143,0.22499999999999998,0.0,0.0,0.47500000000000014,0.007142857142857143,0.007142857142857143,0.007142857142857143
0.038461538461538464,0.1173095703125,0.242919921875,0.0,0.0,0.0,0.125,0.007142857142857143,0.007142857142857143,0.007142857142857143,0.22499999999999998,0.0,0.0,0.5000000000000001,0.007142857142857143,0.007142857142857143,0.007142857142857143
0.03942307692307692,0.12017822265625,0.2470703125,0.0,0.0,0.0,0.125,0.007142857142857143,0.007142857142857143,0.007142857142857143,0.24999999999999997,0.0,0.0,0.5000000000000001,0.007142857142857143,0.007142857142857143,0.007142857142857143
0.04038461538461538,0.123046875,0.2509765625,0.0,0.0,0.0,0.15,0.007142857142857143,0.007142857142857143,0.007142857142857143,0.24999999999999997,0.0,0.0,0.5000000000000001,0.007142857142857143,0.007142857142857143,0.007142857142857143
0.04134615384615384,0.1258544921875,0.255126953125,0.0,0.0,0.0,0.15,0.007142857142857143,0.007142857142857143,0.007142857142857143,0.27499999999999997,0.0,0.0,0.5000000000000001,0.007142857142857143,0.007142857142857143,0.007142857142857143
0.0423076923076923,0.1285400390625,0.259033203125,0.0,0.0,0.0,0.15,0.007142857142857143,0.007142857142857143,0.007142857142857143,0.27499999999999997,0.0,0.0,0.5250000000000001,0.007142857142857143,0.007142857142857143,0.007142857142857143
0.04326923076923076,0.1314697265625,0.262451171875,0.025,0.0,0.0,0.15,0.007142857142857143,0.007142857142857143,0.007142857142857143,0.27499999999999997,0.0,0.0,0.5250000000000001,0.007142857142857143,0.007142857142857143,0.007142857142857143
0.044230769230769226,0.1341552734375,0.266357421875,0.025,0.0,0.0,0.175,0.007142857142857143,0.007142857142857143,0.007142857142857143,0.27499999999999997,0.0,0.0,0.5250000000000001,0.007142857142857143,0.007142857142857143,0.007142857142857143
0.045192307692307684,0.1370849609375,0.270751953125,0.025,0.0,0.0,0.19999999999999998,0.007142857142857143,0.007142857142857143,0.007142857142857143,0.27499999999999997,0.0,0.0,0.5250000000000001,0.007142857142857143,0.007142857142857143,0.007142857142857143
0.04615384615384614,0.139892578125,0.2744140625,0.025,0.0,0.0,0.19999999999999998,0.007142857142857143,0.007142857142857143,0.007142857142857143,0.27499999999999997,0.0,0.0,0.5500000000000002,0.007142857142857143,0.007142857142857143,0.007142857142857143
0.04711538461538461,0.1427001953125,0.278076171875,0.025,0.0,0.0,0.19999999999999998,0.007142857142857143,0.007142857142857143,0.007142857142857143,0.27499999999999997,0.0,0.0,0.5500000000000002,0.007142857142857143,0.007142857142857143,0.014285714285714285
0.048076923076923066,0.1448974609375,0.28173828125,0.025,0.0,0.0,0.19999999999999998,0.007142857142857143,0.007142857142857143,0.007142857142857143,0.27499999999999997,0.0,0.0,0.5500000000000002,0.007142857142857143,0.007142857142857143,0.02142857142857143
0.04903846153846154,0.147216796875,0.28564453125,0.025,0.0,0.0,0.19999999999999998,0.007142857142857143,0.007142857142857143,0.007142857142857143,0.27499999999999997,0.0,0.0,0.5500000000000002,0.007142857142857143,0.007142857142857143,0.02857142857142857
0.049999999999999996,0.1497802734375,0.28955078125,0.025,0.0,0.0,0.19999999999999998,0.007142857142857143,0.007142857142857143,0.007142857142857143,0.27499999999999997,0.0,0.0,0.5500000000000002,0.007142857142857143,0.007142857142857143,0.03571428571428571
0.05096153846153846,0.1524658203125,0.293212890625,0.025,0.0,0.0,0.19999999999999998,0.007142857142857143,0.007142857142857143,0.007142857142857143,0.3,0.0,0.0,0.5500000000000002,0.007142857142857143,0.007142857142857143,0.03571428571428571
0.051923076923076926,0.1551513671875,0.296875,0.025,0.0,0.0,0.22499999999999998,0.007142857142857143,0.007142857142857143,0.007142857142857143,0.3,0.0,0.0,0.5500000000000002,0.007142857142857143,0.007142857142857143,0.03571428571428571
0.052884615384615384,0.15771484375,0.30078125,0.025,0.0,0.0,0.22499999999999998,0.007142857142857143,0.007142857142857143,0.007142857142857143,0.325,0.0,0.0,0.5500000000000002,0.007142857142857143,0.007142857142857143,0.03571428571428571
0.05384615384615384,0.1602783203125,0.304443359375,0.025,0.0,0.0,0.22499999999999998,0.007142857142857143,0.007142857142857143,0.007142857142857143,0.325,0.0,0.0,0.5500000000000002,0.007142857142857143,0.007142857142857143,0.04285714285714286
0.0548076923076923,0.162841796875,0.307861328125,0.025,0.0,0.0,0.22499999999999998,0.007142857142857143,0.007142857142857143,0.007142857142857143,0.35000000000000003,0.0,0.0,0.5500000000000002,0.007142857142857143,0.007142857142857143,0.04285714285714286
0.055769230769230765,0.16552734375,0.312255859375,0.025,0.0,0.0,0.24999999999999997,0.007142857142857143,0.007142857142857143,0.007142857142857143,0.35000000000000003,0.0,0.0,0.5500000000000002,0.007142857142857143,0.007142857142857143,0.04285714285714286
0.05673076923076924,0.1680908203125,0.316162109375,0.025,0.0,0.0,0.24999999999999997,0.007142857142857143,0.007142857142857143,0.007142857142857143,0.35000000000000003,0.0,0.0,0.5500000000000002,0.007142857142857143,0.007142857142857143,0.05
0.0576923076923077,0.1707763671875,0.319580078125,0.025,0.0,0.0,0.24999999999999997,0.007142857142857143,0.007142857142857143,0.007142857142857143,0.35000000000000003,0.0,0.0,0.5750000000000002,0.007142857142857143,0.007142857142857143,0.05
0.05865384615384616,0.1734619140625,0.32275390625,0.025,0.0,0.0,0.27499999999999997,0.007142857142857143,0.007142857142857143,0.007142857142857143,0.35000000000000003,0.0,0.0,0.5750000000000002,0.007142857142857143,0.007142857142857143,0.05
0.05961538461538462,0.1761474609375,0.326904296875,0.025,0.0,0.0,0.3,0.007142857142857143,0.007142857142857143,0.007142857142857143,0.35000000000000003,0.0,0.0,0.5750000000000002,0.007142857142857143,0.007142857142857143,0.05
0.060576923076923084,0.1788330078125,0.330078125,0.025,0.0,0.0,0.325,0.007142857142857143,0.007142857142857143,0.007142857142857143,0.35000000000000003,0.0,0.0,0.5750000000000002,0.007142857142857143,0.007142857142857143,0.05
0.06153846153846155,0.181396484375,0.333984375,0.025,0.0,0.0,0.325,0.007142857142857143,0.007142857142857143,0.007142857142857143,0.37500000000000006,0.0,0.0,0.5750000000000002,0.007142857142857143,0.007142857142857143,0.05
0.06250000000000001,0.1839599609375,0.33740234375,0.025,0.0,0.0,0.325,0.007142857142857143,0.007142857142857143,0.007142857142857143,0.4000000000000001,0.0,0.0,0.5750000000000002,0.007142857142857143,0.007142857142857143,0.05
0.06346153846153847,0.1865234375,0.341552734375,0.025,0.0,0.0,0.325,0.007142857142857143,0.007142857142857143,0.007142857142857143,0.4000000000000001,0.0,0.0,0.5750000000000002,0.007142857142857143,0.007142857142857143,0.05714285714285715
0.06442307692307693,0.1890869140625,0.34521484375,0.025,0.0,0.0,0.35000000000000003,0.007142857142857143,0.007142857142857143,0.007142857142857143,0.4000000000000001,0.0,0.0,0.5750000000000002,0.007142857142857143,0.007142857142857143,0.05714285714285715
0.06538461538461539,0.1917724609375,0.34912109375,0.025,0.0,0.0,0.35000000000000003,0.007142857142857143,0.007142857142857143,0.007142857142857143,0.4250000000000001,0.0,0.0,0.5750000000000002,0.007142857142857143,0.007142857142857143,0.05714285714285715
0.06634615384615386,0.1943359375,0.3525390625,0.025,0.0,0.0,0.35000000000000003,0.007142857142857143,0.007142857142857143,0.007142857142857143,0.4250000000000001,0.0,0.0,0.5750000000000002,0.007142857142857143,0.007142857142857143,0.0642857142857143
0.06730769230769232,0.197021484375,0.35546875,0.025,0.0,0.0,0.35000000000000003,0.007142857142857143,0.007142857142857143,0.007142857142857143,0.4250000000000001,0.0,0.0,0.5750000000000002,0.007142857142857143,0.007142857142857143,0.07142857142857144
0.06826923076923078,0.19970703125,0.359130859375,0.025,0.0,0.0,0.37500000000000006,0.007142857142857143,0.007142857142857143,0.007142857142857143,0.4250000000000001,0.0,0.0,0.5750000000000002,0.007142857142857143,0.007142857142857143,0.07142857142857144
0.06923076923076923,0.202392578125,0.3623046875,0.025,0.0,0.0,0.37500000000000006,0.007142857142857143,0.007142857142857143,0.007142857142857143,0.4500000000000001,0.0,0.0,0.5750000000000002,0.007142857142857143,0.007142857142857143,0.07142857142857144
0.07019230769230769,0.205078125,0.365966796875,0.025,0.0,0.0,0.37500000000000006,0.007142857142857143,0.007142857142857143,0.007142857142857143,0.4500000000000001,0.0,0.0,0.6000000000000002,0.007142857142857143,0.007142857142857143,0.07142857142857144
0.07115384615384615,0.207763671875,0.36962890625,0.025,0.0,0.0,0.4000000000000001,0.007142857142857143,0.007142857142857143,0.007142857142857143,0.4500000000000001,0.0,0.0,0.6000000000000002,0.007142857142857143,0.007142857142857143,0.07142857142857144
0.07211538461538462,0.21044921875,0.37353515625,0.025,0.0,0.0,0.4000000000000001,0.007142857142857143,0.007142857142857143,0.007142857142857143,0.4500000000000001,0.0,0.0,0.6000000000000002,0.014285714285714285,0.007142857142857143,0.07142857142857144
0.07307692307692308,0.21240234375,0.376708984375,0.025,0.0,0.0,0.4000000000000001,0.007142857142857143,0.007142857142857143,0.007142857142857143,0.4500000000000001,0.0,0.0,0.6000000000000002,0.02142857142857143,0.007142857142857143,0.07142857142857144
0.07403846153846155,0.214599609375,0.379638671875,0.025,0.0,0.0,0.4000000000000001,0.007142857142857143,0.007142857142857143,0.007142857142857143,0.4500000000000001,0.0,0.0,0.6000000000000002,0.02857142857142857,0.007142857142857143,0.07142857142857144
0.07500000000000001,0.216796875,0.383544921875,0.025,0.0,0.0,0.4000000000000001,0.007142857142857143,0.007142857142857143,0.007142857142857143,0.4500000000000001,0.0,0.0,0.6000000000000002,0.03571428571428571,0.007142857142857143,0.07142857142857144
0.07596153846153847,0.21923828125,0.38720703125,0.025,0.0,0.0,0.4000000000000001,0.007142857142857143,0.007142857142857143,0.007142857142857143,0.4500000000000001,0.0,0.0,0.6000000000000002,0.04285714285714286,0.007142857142857143,0.07142857142857144
0.07692307692307693,0.2216796875,0.390869140625,0.025,0.0,0.0,0.4000000000000001,0.007142857142857143,0.007142857142857143,0.007142857142857143,0.4500000000000001,0.0,0.0,0.6000000000000002,0.04285714285714286,0.007142857142857143,0.07857142857142858
0.0778846153846154,0.2242431640625,0.3935546875,0.025,0.0,0.0,0.4000000000000001,0.007142857142857143,0.007142857142857143,0.007142857142857143,0.47500000000000014,0.0,0.0,0.6000000000000002,0.04285714285714286,0.007142857142857143,0.07857142857142858
0.07884615384615387,0.226806640625,0.397216796875,0.025,0.0,0.0,0.4000000000000001,0.007142857142857143,0.007142857142857143,0.007142857142857143,0.47500000000000014,0.0,0.0,0.6000000000000002,0.05,0.007142857142857143,0.07857142857142858
0.07980769230769233,0.229248046875,0.40087890625,0.025,0.0,0.0,0.4000000000000001,0.007142857142857143,0.007142857142857143,0.007142857142857143,0.47500000000000014,0.0,0.0,0.6000000000000002,0.05,0.007142857142857143,0.08571428571428573
0.08076923076923079,0.2318115234375,0.40380859375,0.025,0.0,0.0,0.4000000000000001,0.007142857142857143,0.007142857142857143,0.007142857142857143,0.47500000000000014,0.0,0.0,0.6000000000000002,0.05714285714285715,0.007142857142857143,0.08571428571428573
0.08173076923076925,0.234375,0.40771484375,0.025,0.0,0.0,0.4000000000000001,0.007142857142857143,0.007142857142857143,0.007142857142857143,0.47500000000000014,0.0,0.0,0.6000000000000002,0.05714285714285715,0.007142857142857143,0.09285714285714287
0.0826923076923077,0.23681640625,0.410400390625,0.025,0.0,0.0,0.4000000000000001,0.007142857142857143,0.007142857142857143,0.007142857142857143,0.47500000000000014,0.0,0.0,0.6000000000000002,0.05714285714285715,0.007142857142857143,0.10000000000000002
0.08365384615384618,0.2393798828125,0.414306640625,0.025,0.0,0.0,0.4250000000000001,0.007142857142857143,0.007142857142857143,0.007142857142857143,0.47500000000000014,0.0,0.0,0.6000000000000002,0.05714285714285715,0.007142857142857143,0.10000000000000002
0.08461538461538462,0.241943359375,0.418212890625,0.025,0.0,0.0,0.4250000000000001,0.007142857142857143,0.007142857142857143,0.007142857142857143,0.5000000000000001,0.0,0.0,0.6000000000000002,0.05714285714285715,0.007142857142857143,0.10000000000000002
0.08557692307692309,0.244384765625,0.421875,0.025,0.0,0.0,0.4250000000000001,0.007142857142857143,0.007142857142857143,0.007142857142857143,0.5000000000000001,0.0,0.0,0.6000000000000002,0.0642857142857143,0.007142857142857143,0.10000000000000002
0.08653846153846155,0.2470703125,0.42529296875,0.05,0.0,0.0,0.4250000000000001,0.007142857142857143,0.007142857142857143,0.007142857142857143,0.5000000000000001,0.0,0.0,0.6000000000000002,0.0642857142857143,0.007142857142857143,0.10000000000000002
0.08750000000000001,0.2496337890625,0.4287109375,0.05,0.0,0.0,0.4250000000000001,0.007142857142857143,0.007142857142857143,0.007142857142857143,0.5000000000000001,0.0,0.0,0.6000000000000002,0.07142857142857144,0.007142857142857143,0.10000000000000002
0.08846153846153847,0.252197265625,0.431640625,0.05,0.0,0.0,0.4500000000000001,0.007142857142857143,0.007142857142857143,0.007142857142857143,0.5000000000000001,0.0,0.0,0.6000000000000002,0.07142857142857144,0.007142857142857143,0.10000000000000002
0.08942307692307695,0.2548828125,0.434814453125,0.05,0.0,0.0,0.47500000000000014,0.007142857142857143,0.007142857142857143,0.007142857142857143,0.5000000000000001,0.0,0.0,0.6000000000000002,0.07142857142857144,0.007142857142857143,0.10000000000000002
0.09038461538461541,0.257568359375,0.43798828125,0.05,0.0,0.0,0.47500000000000014,0.007142857142857143,0.007142857142857143,0.007142857142857143,0.5250000000000001,0.0,0.0,0.6000000000000002,0.07142857142857144,0.007142857142857143,0.10000000000000002
0.09134615384615388,0.260009765625,0.441650390625,0.05,0.0,0.0,0.47500000000000014,0.007142857142857143,0.007142857142857143,0.007142857142857143,0.5250000000000001,0.0,0.0,0.6250000000000002,0.07142857142857144,0.007142857142857143,0.10000000000000002
0.09230769230769234,0.262451171875,0.444580078125,0.05,0.0,0.0,0.47500000000000014,0.007142857142857143,0.007142857142857143,0.007142857142857143,0.5250000000000001,0.0,0.0,0.6250000000000002,0.07142857142857144,0.007142857142857143,0.10714285714285716
0.0932692307692308,0.264892578125,0.44775390625,0.05,0.0,0.0,0.47500000000000014,0.007142857142857143,0.007142857142857143,0.007142857142857143,0.5250000000000001,0.0,0.0,0.6250000000000002,0.07142857142857144,0.007142857142857143,0.11428571428571431
0.09423076923076927,0.267333984375,0.45068359375,0.05,0.0,0.0,0.47500000000000014,0.007142857142857143,0.007142857142857143,0.007142857142857143,0.5250000000000001,0.0,0.0,0.6250000000000002,0.07142857142857144,0.007142857142857143,0.12142857142857146
0.09519230769230773,0.27001953125,0.453857421875,0.05,0.0,0.0,0.5000000000000001,0.007142857142857143,0.007142857142857143,0.007142857142857143,0.5250000000000001,0.0,0.0,0.6250000000000002,0.07142857142857144,0.007142857142857143,0.12142857142857146
0.09615384615384619,0.272705078125,0.457763671875,0.05,0.0,0.0,0.5000000000000001,0.007142857142857143,0.007142857142857143,0.007142857142857143,0.5500000000000002,0.0,0.0,0.6250000000000002,0.07142857142857144,0.007142857142857143,0.12142857142857146
0.09711538461538465,0.275146484375,0.4609375,0.05,0.0,0.0,0.5000000000000001,0.007142857142857143,0.007142857142857143,0.007142857142857143,0.5500000000000002,0.0,0.0,0.6250000000000002,0.07857142857142858,0.007142857142857143,0.12142857142857146
0.0980769230769231,0.277587890625,0.464111328125,0.05,0.0,0.0,0.5000000000000001,0.007142857142857143,0.007142857142857143,0.007142857142857143,0.5500000000000002,0.0,0.0,0.6250000000000002,0.08571428571428573,0.007142857142857143,0.12142857142857146
0.09903846153846156,0.2802734375,0.46728515625,0.05,0.0,0.0,0.5000000000000001,0.007142857142857143,0.007142857142857143,0.007142857142857143,0.5500000000000002,0.0,0.0,0.6250000000000002,0.08571428571428573,0.014285714285714285,0.12142857142857146
0.10000000000000003,0.2822265625,0.469970703125,0.05,0.0,0.0,0.5000000000000001,0.007142857142857143,0.007142857142857143,0.007142857142857143,0.5500000000000002,0.0,0.0,0.6250000000000002,0.08571428571428573,0.02142857142857143,0.12142857142857146
0.10096153846153849,0.284423828125,0.47314453125,0.05,0.0,0.0,0.5000000000000001,0.007142857142857143,0.007142857142857143,0.007142857142857143,0.5500000000000002,0.0,0.0,0.6250000000000002,0.08571428571428573,0.02857142857142857,0.12142857142857146
0.10192307692307695,0.28662109375,0.476806640625,0.05,0.0,0.0,0.5000000000000001,0.007142857142857143,0.007142857142857143,0.007142857142857143,0.5500000000000002,0.0,0.0,0.6250000000000002,0.08571428571428573,0.03571428571428571,0.12142857142857146
0.10288461538461541,0.2890625,0.480712890625,0.05,0.0,0.0,0.5000000000000001,0.007142857142857143,0.007142857142857143,0.007142857142857143,0.5500000000000002,0.0,0.0,0.6250000000000002,0.08571428571428573,0.04285714285714286,0.12142857142857146
0.10384615384615387,0.29150390625,0.483154296875,0.05,0.0,0.0,0.5000000000000001,0.007142857142857143,0.007142857142857143,0.007142857142857143,0.5500000000000002,0.0,0.0,0.6250000000000002,0.08571428571428573,0.04285714285714286,0.1285714285714286
0.10480769230769232,0.2939453125,0.486328125,0.05,0.0,0.0,0.5000000000000001,0.007142857142857143,0.007142857142857143,0.007142857142857143,0.5500000000000002,0.0,0.0,0.6250000000000002,0.08571428571428573,0.04285714285714286,0.13571428571428573
0.10576923076923081,0.29638671875,0.489501953125,0.05,0.0,0.0,0.5000000000000001,0.007142857142857143,0.007142857142857143,0.007142857142857143,0.5750000000000002,0.0,0.0,0.6250000000000002,0.08571428571428573,0.04285714285714286,0.13571428571428573
0.10673076923076927,0.299072265625,0.4931640625,0.05,0.0,0.0,0.5250000000000001,0.007142857142857143,0.007142857142857143,0.007142857142857143,0.5750000000000002,0.0,0.0,0.6250000000000002,0.08571428571428573,0.04285714285714286,0.13571428571428573
0.10769230769230773,0.301513671875,0.49609375,0.05,0.0,0.0,0.5250000000000001,0.007142857142857143,0.007142857142857143,0.007142857142857143,0.5750000000000002,0.0,0.0,0.6250000000000002,0.08571428571428573,0.04285714285714286,0.14285714285714288
0.10865384615384618,0.303955078125,0.499267578125,0.05,0.0,0.0,0.5250000000000001,0.007142857142857143,0.007142857142857143,0.007142857142857143,0.5750000000000002,0.0,0.0,0.6250000000000002,0.08571428571428573,0.05,0.14285714285714288
0.10961538461538464,0.306396484375,0.5029296875,0.05,0.0,0.0,0.5250000000000001,0.007142857142857143,0.007142857142857143,0.007142857142857143,0.5750000000000002,0.0,0.0,0.6250000000000002,0.08571428571428573,0.05,0.15000000000000002
0.11057692307692311,0.308837890625,0.50634765625,0.05,0.0,0.0,0.5250000000000001,0.007142857142857143,0.007142857142857143,0.007142857142857143,0.5750000000000002,0.0,0.0,0.6250000000000002,0.09285714285714287,0.05,0.15000000000000002
0.11153846153846159,0.311279296875,0.50927734375,0.05,0.0,0.0,0.5250000000000001,0.007142857142857143,0.007142857142857143,0.007142857142857143,0.5750000000000002,0.0,0.0,0.6500000000000002,0.09285714285714287,0.05,0.15000000000000002
0.11250000000000003,0.313720703125,0.5126953125,0.05,0.0,0.0,0.5250000000000001,0.007142857142857143,0.007142857142857143,0.007142857142857143,0.5750000000000002,0.0,0.0,0.6500000000000002,0.10000000000000002,0.05,0.15000000000000002
0.1134615384615385,0.316162109375,0.51611328125,0.05,0.0,0.0,0.5250000000000001,0.007142857142857143,0.007142857142857143,0.007142857142857143,0.5750000000000002,0.0,0.0,0.6500000000000002,0.10714285714285716,0.05,0.15000000000000002
0.11442307692307695,0.318603515625,0.51904296875,0.05,0.0,0.0,0.5250000000000001,0.007142857142857143,0.007142857142857143,0.007142857142857143,0.5750000000000002,0.0,0.0,0.6500000000000002,0.11428571428571431,0.05,0.15000000000000002
0.11538461538461542,0.32080078125,0.52197265625,0.05,0.0,0.0,0.5250000000000001,0.007142857142857143,0.007142857142857143,0.007142857142857143,0.5750000000000002,0.0,0.0,0.6500000000000002,0.11428571428571431,0.05,0.15714285714285717
0.11634615384615389,0.3232421875,0.52587890625,0.05,0.0,0.0,0.5250000000000001,0.007142857142857143,0.007142857142857143,0.007142857142857143,0.5750000000000002,0.0,0.0,0.6500000000000002,0.11428571428571431,0.05714285714285715,0.15714285714285717
0.11730769230769235,0.32568359375,0.52783203125,0.05,0.0,0.0,0.5250000000000001,0.007142857142857143,0.007142857142857143,0.007142857142857143,0.5750000000000002,0.0,0.0,0.6500000000000002,0.11428571428571431,0.05714285714285715,0.1642857142857143
0.11826923076923081,0.328125,0.53125,0.05,0.0,0.0,0.5250000000000001,0.007142857142857143,0.007142857142857143,0.007142857142857143,0.5750000000000002,0.0,0.0,0.6500000000000002,0.11428571428571431,0.05714285714285715,0.17142857142857146
0.11923076923076927,0.33056640625,0.53466796875,0.05,0.0,0.0,0.5250000000000001,0.007142857142857143,0.007142857142857143,0.007142857142857143,0.6000000000000002,0.0,0.0,0.6500000000000002,0.11428571428571431,0.05714285714285715,0.17142857142857146
0.12019230769230774,0.3330078125,0.5380859375,0.05,0.0,0.0,0.5250000000000001,0.007142857142857143,0.007142857142857143,0.007142857142857143,0.6000000000000002,0.0,0.0,0.6500000000000002,0.12142857142857146,0.05714285714285715,0.17142857142857146
0.1211538461538462,0.33544921875,0.54150390625,0.05,0.0,0.0,0.5250000000000001,0.007142857142857143,0.007142857142857143,0.007142857142857143,0.6000000000000002,0.0,0.0,0.6500000000000002,0.1285714285714286,0.05714285714285715,0.17142857142857146
0.12211538461538465,0.337890625,0.544921875,0.05,0.0,0.0,0.5250000000000001,0.007142857142857143,0.007142857142857143,0.007142857142857143,0.6000000000000002,0.0,0.0,0.6500000000000002,0.1285714285714286,0.0642857142857143,0.17142857142857146
0.12307692307692311,0.34033203125,0.54736328125,0.05,0.0,0.0,0.5250000000000001,0.007142857142857143,0.007142857142857143,0.007142857142857143,0.6000000000000002,0.0,0.0,0.6500000000000002,0.13571428571428573,0.0642857142857143,0.17142857142857146
0.12403846153846157,0.343017578125,0.55078125,0.07500000000000001,0.0,0.0,0.5250000000000001,0.007142857142857143,0.007142857142857143,0.007142857142857143,0.6000000000000002,0.0,0.0,0.6500000000000002,0.13571428571428573,0.0642857142857143,0.17142857142857146
0.12500000000000003,0.345458984375,0.55419921875,0.07500000000000001,0.0,0.0,0.5250000000000001,0.007142857142857143,0.007142857142857143,0.007142857142857143,0.6000000000000002,0.0,0.0,0.6500000000000002,0.14285714285714288,0.0642857142857143,0.17142857142857146
0.12596153846153849,0.347900390625,0.556640625,0.07500000000000001,0.0,0.0,0.5250000000000001,0.007142857142857143,0.007142857142857143,0.007142857142857143,0.6000000000000002,0.0,0.0,0.6500000000000002,0.14285714285714288,0.07142857142857144,0.17142857142857146
0.12692307692307694,0.350341796875,0.56005859375,0.07500000000000001,0.0,0.0,0.5250000000000001,0.007142857142857143,0.007142857142857143,0.007142857142857143,0.6000000000000002,0.0,0.0,0.6500000000000002,0.14285714285714288,0.07142857142857144,0.1785714285714286
0.12788461538461543,0.3525390625,0.5634765625,0.07500000000000001,0.0,0.0,0.5250000000000001,0.007142857142857143,0.007142857142857143,0.007142857142857143,0.6000000000000002,0.0,0.0,0.6500000000000002,0.14285714285714288,0.07142857142857144,0.18571428571428575
0.1288461538461539,0.35498046875,0.56591796875,0.07500000000000001,0.0,0.0,0.5250000000000001,0.007142857142857143,0.007142857142857143,0.007142857142857143,0.6000000000000002,0.0,0.0,0.6500000000000002,0.14285714285714288,0.07142857142857144,0.1928571428571429
0.12980769230769235,0.357421875,0.5693359375,0.07500000000000001,0.0,0.0,0.5500000000000002,0.007142857142857143,0.007142857142857143,0.007142857142857143,0.6000000000000002,0.0,0.0,0.6500000000000002,0.14285714285714288,0.07142857142857144,0.1928571428571429
0.1307692307692308,0.35986328125,0.57275390625,0.07500000000000001,0.0,0.0,0.5500000000000002,0.007142857142857143,0.007142857142857143,0.007142857142857143,0.6000000000000002,0.0,0.0,0.6500000000000002,0.14285714285714288,0.07142857142857144,0.20000000000000004
0.13173076923076926,0.362548828125,0.57568359375,0.07500000000000001,0.0,0.0,0.5500000000000002,0.007142857142857143,0.007142857142857143,0.007142857142857143,0.6250000000000002,0.0,0.0,0.6500000000000002,0.14285714285714288,0.07142857142857144,0.20000000000000004
0.13269230769230772,0.364990234375,0.5791015625,0.07500000000000001,0.0,0.0,0.5500000000000002,0.007142857142857143,0.007142857142857143,0.007142857142857143,0.6250000000000002,0.1,0.0,0.6500000000000002,0.14285714285714288,0.07142857142857144,0.20000000000000004
0.13365384615384618,0.367431640625,0.58154296875,0.07500000000000001,0.0,0.0,0.5500000000000002,0.007142857142857143,0.007142857142857143,0.007142857142857143,0.6250000000000002,0.2,0.0,0.6500000000000002,0.14285714285714288,0.07142857142857144,0.20000000000000004
0.13461538461538464,0.369873046875,0.58447265625,0.07500000000000001,0.0,0.0,0.5500000000000002,0.007142857142857143,0.007142857142857143,0.007142857142857143,0.6250000000000002,0.2,0.0,0.6500000000000002,0.15000000000000002,0.07142857142857144,0.20000000000000004
0.13557692307692312,0.372314453125,0.58740234375,0.07500000000000001,0.0,0.0,0.5500000000000002,0.007142857142857143,0.007142857142857143,0.007142857142857143,0.6250000000000002,0.2,0.0,0.6500000000000002,0.15714285714285717,0.07142857142857144,0.20000000000000004
0.13653846153846158,0.374755859375,0.5908203125,0.07500000000000001,0.0,0.0,0.5500000000000002,0.007142857142857143,0.007142857142857143,0.007142857142857143,0.6250000000000002,0.2,0.0,0.6500000000000002,0.1642857142857143,0.07142857142857144,0.20000000000000004
0.13750000000000004,0.377197265625,0.59326171875,0.07500000000000001,0.0,0.0,0.5500000000000002,0.007142857142857143,0.007142857142857143,0.007142857142857143,0.6250000000000002,0.2,0.0,0.6500000000000002,0.1642857142857143,0.07857142857142858,0.20000000000000004
0.13846153846153852,0.379638671875,0.5966796875,0.07500000000000001,0.0,0.0,0.5500000000000002,0.007142857142857143,0.007142857142857143,0.007142857142857143,0.6250000000000002,0.2,0.0,0.6500000000000002,0.1642857142857143,0.08571428571428573,0.20000000000000004
0.13942307692307698,0.382080078125,0.59912109375,0.07500000000000001,0.0,0.0,0.5500000000000002,0.007142857142857143,0.007142857142857143,0.007142857142857143,0.6250000000000002,0.2,0.0,0.6500000000000002,0.1642857142857143,0.08571428571428573,0.20714285714285718
0.14038461538461544,0.38427734375,0.6025390625,0.07500000000000001,0.0,0.0,0.5500000000000002,0.007142857142857143,0.007142857142857143,0.007142857142857143,0.6250000000000002,0.2,0.0,0.6500000000000002,0.1642857142857143,0.08571428571428573,0.21428571428571433
0.14134615384615387,0.38671875,0.60498046875,0.07500000000000001,0.0,0.0,0.5500000000000002,0.007142857142857143,0.007142857142857143,0.007142857142857143,0.6250000000000002,0.2,0.0,0.6750000000000003,0.1642857142857143,0.08571428571428573,0.21428571428571433
0.14230769230769236,0.38916015625,0.6083984375,0.07500000000000001,0.0,0.0,0.5500000000000002,0.007142857142857143,0.007142857142857143,0.007142857142857143,0.6250000000000002,0.2,0.0,0.6750000000000003,0.1642857142857143,0.08571428571428573,0.22142857142857147
0.14326923076923082,0.3916015625,0.61181640625,0.07500000000000001,0.0,0.0,0.5500000000000002,0.007142857142857143,0.007142857142857143,0.007142857142857143,0.6250000000000002,0.2,0.0,0.6750000000000003,0.1642857142857143,0.08571428571428573,0.22857142857142862
0.14423076923076927,0.39404296875,0.61474609375,0.07500000000000001,0.0,0.0,0.5500000000000002,0.007142857142857143,0.007142857142857143,0.007142857142857143,0.6250000000000002,0.2,0.0,0.6750000000000003,0.17142857142857146,0.08571428571428573,0.22857142857142862
0.14519230769230773,0.396484375,0.6171875,0.07500000000000001,0.0,0.0,0.5500000000000002,0.007142857142857143,0.007142857142857143,0.007142857142857143,0.6250000000000002,0.2,0.0,0.6750000000000003,0.1785714285714286,0.08571428571428573,0.22857142857142862
0.1461538461538462,0.39892578125,0.62109375,0.07500000000000001,0.0,0.0,0.5500000000000002,0.007142857142857143,0.007142857142857143,0.007142857142857143,0.6250000000000002,0.2,0.0,0.6750000000000003,0.1785714285714286,0.08571428571428573,0.23571428571428577
0.14711538461538465,0.4013671875,0.62353515625,0.07500000000000001,0.0,0.0,0.5750000000000002,0.007142857142857143,0.007142857142857143,0.007142857142857143,0.6250000000000002,0.2,0.0,0.6750000000000003,0.1785714285714286,0.08571428571428573,0.23571428571428577
0.14807692307692313,0.40380859375,0.62646484375,0.07500000000000001,0.0,0.0,0.5750000000000002,0.007142857142857143,0.007142857142857143,0.007142857142857143,0.6250000000000002,0.2,0.0,0.6750000000000003,0.18571428571428575,0.08571428571428573,0.23571428571428577
0.1490384615384616,0.40625,0.62939453125,0.07500000000000001,0.0,0.0,0.5750000000000002,0.007142857142857143,0.007142857142857143,0.007142857142857143,0.6250000000000002,0.2,0.0,0.6750000000000003,0.18571428571428575,0.08571428571428573,0.2428571428571429
0.15000000000000002,0.40869140625,0.6328125,0.07500000000000001,0.0,0.0,0.5750000000000002,0.007142857142857143,0.007142857142857143,0.007142857142857143,0.6500000000000002,0.2,0.0,0.6750000000000003,0.18571428571428575,0.08571428571428573,0.2428571428571429
0.1509615384615385,0.4111328125,0.6357421875,0.07500000000000001,0.0,0.0,0.5750000000000002,0.007142857142857143,0.007142857142857143,0.007142857142857143,0.6500000000000002,0.2,0.0,0.6750000000000003,0.18571428571428575,0.09285714285714287,0.2428571428571429
0.15192307692307697,0.41357421875,0.63916015625,0.07500000000000001,0.0,0.0,0.5750000000000002,0.007142857142857143,0.007142857142857143,0.007142857142857143,0.6500000000000002,0.2,0.0,0.6750000000000003,0.1928571428571429,0.09285714285714287,0.2428571428571429
0.15288461538461542,0.416015625,0.64208984375,0.07500000000000001,0.0,0.0,0.5750000000000002,0.007142857142857143,0.007142857142857143,0.007142857142857143,0.6500000000000002,0.2,0.0,0.6750000000000003,0.20000000000000004,0.09285714285714287,0.2428571428571429
0.15384615384615388,0.41845703125,0.64501953125,0.07500000000000001,0.0,0.0,0.5750000000000002,0.007142857142857143,0.007142857142857143,0.007142857142857143,0.6500000000000002,0.2,0.0,0.6750000000000003,0.20000000000000004,0.10000000000000002,0.2428571428571429
0.15480769230769237,0.420654296875,0.64794921875,0.07500000000000001,0.0,0.0,0.5750000000000002,0.007142857142857143,0.007142857142857143,0.007142857142857143,0.6500000000000002,0.2,0.0,0.6750000000000003,0.20000000000000004,0.10000000000000002,0.25000000000000006
0.1557692307692308,0.423095703125,0.6513671875,0.07500000000000001,0.0,0.0,0.5750000000000002,0.007142857142857143,0.007142857142857143,0.007142857142857143,0.6500000000000002,0.2,0.0,0.6750000000000003,0.20000000000000004,0.10000000000000002,0.2571428571428572
0.15673076923076928,0.425537109375,0.654296875,0.07500000000000001,0.0,0.0,0.5750000000000002,0.007142857142857143,0.007142857142857143,0.007142857142857143,0.6500000000000002,0.2,0.0,0.6750000000000003,0.20000000000000004,0.10714285714285716,0.2571428571428572
0.15769230769230771,0.427978515625,0.65625,0.07500000000000001,0.0,0.0,0.5750000000000002,0.007142857142857143,0.007142857142857143,0.007142857142857143,0.6500000000000002,0.2,0.0,0.6750000000000003,0.20000000000000004,0.11428571428571431,0.2571428571428572
0.1586538461538462,0.43017578125,0.65966796875,0.07500000000000001,0.0,0.0,0.5750000000000002,0.007142857142857143,0.007142857142857143,0.007142857142857143,0.6500000000000002,0.2,0.0,0.6750000000000003,0.20000000000000004,0.11428571428571431,0.2642857142857143
0.15961538461538466,0.4326171875,0.66259765625,0.1,0.0,0.0,0.5750000000000002,0.007142857142857143,0.007142857142857143,0.007142857142857143,0.6500000000000002,0.2,0.0,0.6750000000000003,0.20000000000000004,0.11428571428571431,0.2642857142857143
0.16057692307692312,0.435302734375,0.66650390625,0.1,0.0,0.0,0.5750000000000002,0.007142857142857143,0.007142857142857143,0.014285714285714285,0.6500000000000002,0.2,0.0,0.6750000000000003,0.20000000000000004,0.11428571428571431,0.2642857142857143
0.16153846153846158,0.437255859375,0.6689453125,0.1,0.0,0.0,0.5750000000000002,0.007142857142857143,0.007142857142857143,0.02142857142857143,0.6500000000000002,0.2,0.0,0.6750000000000003,0.20000000000000004,0.11428571428571431,0.2642857142857143
0.16250000000000006,0.439453125,0.671875,0.1,0.0,0.0,0.5750000000000002,0.007142857142857143,0.007142857142857143,0.02857142857142857,0.6500000000000002,0.2,0.0,0.6750000000000003,0.20000000000000004,0.11428571428571431,0.2642857142857143
0.1634615384615385,0.44189453125,0.67431640625,0.1,0.0,0.0,0.5750000000000002,0.007142857142857143,0.007142857142857143,0.03571428571428571,0.6500000000000002,0.2,0.0,0.6750000000000003,0.20000000000000004,0.11428571428571431,0.2642857142857143
0.16442307692307698,0.4443359375,0.677734375,0.1,0.0,0.0,0.5750000000000002,0.007142857142857143,0.007142857142857143,0.03571428571428571,0.6750000000000003,0.2,0.0,0.6750000000000003,0.20000000000000004,0.11428571428571431,0.2642857142857143
0.1653846153846154,0.44677734375,0.68017578125,0.1,0.0,0.0,0.5750000000000002,0.007142857142857143,0.007142857142857143,0.03571428571428571,0.6750000000000003,0.2,0.0,0.6750000000000003,0.20714285714285718,0.11428571428571431,0.2642857142857143
0.1663461538461539,0.44921875,0.68310546875,0.1,0.0,0.0,0.5750000000000002,0.007142857142857143,0.007142857142857143,0.03571428571428571,0.6750000000000003,0.2,0.0,0.6750000000000003,0.21428571428571433,0.11428571428571431,0.2642857142857143
0.16730769230769235,0.45166015625,0.6865234375,0.1,0.0,0.0,0.5750000000000002,0.007142857142857143,0.007142857142857143,0.03571428571428571,0.6750000000000003,0.2,0.0,0.6750000000000003,0.21428571428571433,0.12142857142857146,0.2642857142857143
0.1682692307692308,0.4541015625,0.689453125,0.1,0.0,0.0,0.5750000000000002,0.007142857142857143,0.007142857142857143,0.03571428571428571,0.6750000000000003,0.2,0.0,0.6750000000000003,0.21428571428571433,0.1285714285714286,0.2642857142857143
0.16923076923076927,0.45654296875,0.69189453125,0.1,0.0,0.0,0.5750000000000002,0.007142857142857143,0.007142857142857143,0.03571428571428571,0.6750000000000003,0.2,0.0,0.6750000000000003,0.21428571428571433,0.13571428571428573,0.2642857142857143
0.17019230769230775,0.458984375,0.6943359375,0.1,0.0,0.0,0.5750000000000002,0.007142857142857143,0.007142857142857143,0.03571428571428571,0.6750000000000003,0.2,0.0,0.6750000000000003,0.22142857142857147,0.13571428571428573,0.2642857142857143
0.17115384615384618,0.46142578125,0.6982421875,0.1,0.0,0.0,0.5750000000000002,0.007142857142857143,0.007142857142857143,0.03571428571428571,0.6750000000000003,0.2,0.0,0.6750000000000003,0.22857142857142862,0.13571428571428573,0.2642857142857143
0.17211538461538467,0.4638671875,0.701171875,0.1,0.0,0.0,0.5750000000000002,0.007142857142857143,0.007142857142857143,0.03571428571428571,0.6750000000000003,0.2,0.0,0.6750000000000003,0.23571428571428577,0.13571428571428573,0.2642857142857143
0.1730769230769231,0.466064453125,0.70361328125,0.1,0.0,0.0,0.5750000000000002,0.007142857142857143,0.007142857142857143,0.03571428571428571,0.6750000000000003,0.2,0.0,0.6750000000000003,0.23571428571428577,0.13571428571428573,0.2714285714285714
0.1740384615384616,0.46826171875,0.70751953125,0.1,0.0,0.0,0.5750000000000002,0.007142857142857143,0.007142857142857143,0.03571428571428571,0.6750000000000003,0.2,0.0,0.6750000000000003,0.23571428571428577,0.13571428571428573,0.2785714285714285
0.17500000000000002,0.470458984375,0.71044921875,0.1,0.0,0.0,0.5750000000000002,0.007142857142857143,0.007142857142857143,0.03571428571428571,0.6750000000000003,0.2,0.0,0.6750000000000003,0.23571428571428577,0.13571428571428573,0.28571428571428564
0.1759615384615385,0.472900390625,0.71337890625,0.1,0.0,0.0,0.5750000000000002,0.007142857142857143,0.007142857142857143,0.03571428571428571,0.6750000000000003,0.2,0.0,0.6750000000000003,0.23571428571428577,0.14285714285714288,0.28571428571428564
0.17692307692307693,0.475341796875,0.716796875,0.1,0.0,0.0,0.5750000000000002,0.007142857142857143,0.007142857142857143,0.04285714285714286,0.6750000000000003,0.2,0.0,0.6750000000000003,0.23571428571428577,0.14285714285714288,0.28571428571428564
0.17788461538461542,0.477783203125,0.71923828125,0.1,0.0,0.0,0.5750000000000002,0.007142857142857143,0.007142857142857143,0.04285714285714286,0.6750000000000003,0.2,0.0,0.6750000000000003,0.2428571428571429,0.14285714285714288,0.28571428571428564
0.17884615384615385,0.480224609375,0.7216796875,0.1,0.0,0.0,0.6000000000000002,0.007142857142857143,0.007142857142857143,0.04285714285714286,0.6750000000000003,0.2,0.0,0.6750000000000003,0.2428571428571429,0.14285714285714288,0.28571428571428564
0.17980769230769234,0.482666015625,0.7255859375,0.1,0.0,0.0,0.6000000000000002,0.007142857142857143,0.007142857142857143,0.04285714285714286,0.7000000000000003,0.2,0.0,0.6750000000000003,0.2428571428571429,0.14285714285714288,0.28571428571428564
0.18076923076923082,0.485107421875,0.728515625,0.1,0.0,0.0,0.6000000000000002,0.007142857142857143,0.007142857142857143,0.04285714285714286,0.7000000000000003,0.2,0.0,0.7000000000000003,0.2428571428571429,0.14285714285714288,0.28571428571428564
0.18173076923076925,0.487548828125,0.73095703125,0.1,0.0,0.0,0.6000000000000002,0.007142857142857143,0.007142857142857143,0.04285714285714286,0.7250000000000003,0.2,0.0,0.7000000000000003,0.2428571428571429,0.14285714285714288,0.28571428571428564
0.18269230769230774,0.489990234375,0.73388671875,0.1,0.0,0.0,0.6000000000000002,0.007142857142857143,0.007142857142857143,0.04285714285714286,0.7250000000000003,0.2,0.0,0.7000000000000003,0.2428571428571429,0.14285714285714288,0.29285714285714276
0.18365384615384617,0.4921875,0.73779296875,0.1,0.0,0.0,0.6000000000000002,0.007142857142857143,0.007142857142857143,0.04285714285714286,0.7250000000000003,0.2,0.0,0.7000000000000003,0.2428571428571429,0.14285714285714288,0.2999999999999999
0.18461538461538465,0.49462890625,0.7392578125,0.1,0.0,0.0,0.6000000000000002,0.007142857142857143,0.007142857142857143,0.04285714285714286,0.7250000000000003,0.2,0.0,0.7000000000000003,0.25000000000000006,0.14285714285714288,0.2999999999999999
0.1855769230769231,0.4970703125,0.7421875,0.1,0.0,0.0,0.6000000000000002,0.007142857142857143,0.007142857142857143,0.04285714285714286,0.7250000000000003,0.2,0.0,0.7000000000000003,0.2571428571428572,0.14285714285714288,0.2999999999999999
0.18653846153846157,0.499267578125,0.74560546875,0.1,0.0,0.0,0.6000000000000002,0.007142857142857143,0.007142857142857143,0.04285714285714286,0.7250000000000003,0.2,0.0,0.7000000000000003,0.2642857142857143,0.14285714285714288,0.2999999999999999
0.18750000000000003,0.501953125,0.74853515625,0.125,0.0,0.0,0.6000000000000002,0.007142857142857143,0.007142857142857143,0.04285714285714286,0.7250000000000003,0.2,0.0,0.7000000000000003,0.2642857142857143,0.14285714285714288,0.2999999999999999
0.1884615384615385,0.50439453125,0.75146484375,0.125,0.0,0.0,0.6000000000000002,0.007142857142857143,0.007142857142857143,0.05,0.7250000000000003,0.2,0.0,0.7000000000000003,0.2642857142857143,0.14285714285714288,0.2999999999999999
0.18942307692307694,0.5068359375,0.75439453125,0.125,0.0,0.0,0.6000000000000002,0.007142857142857143,0.007142857142857143,0.05,0.7250000000000003,0.2,0.0,0.7000000000000003,0.2642857142857143,0.14285714285714288,0.307142857142857
0.19038461538461543,0.50927734375,0.7568359375,0.125,0.0,0.0,0.6000000000000002,0.007142857142857143,0.007142857142857143,0.05,0.7250000000000003,0.2,0.0,0.7000000000000003,0.2642857142857143,0.15000000000000002,0.307142857142857
0.19134615384615386,0.51171875,0.75927734375,0.125,0.0,0.0,0.6000000000000002,0.007142857142857143,0.007142857142857143,0.05,0.7250000000000003,0.2,0.0,0.7000000000000003,0.2642857142857143,0.15714285714285717,0.307142857142857
0.19230769230769232,0.51416015625,0.7626953125,0.125,0.0,0.0,0.6000000000000002,0.007142857142857143,0.007142857142857143,0.05,0.7250000000000003,0.2,0.0,0.7000000000000003,0.2714285714285714,0.15714285714285717,0.307142857142857
0.19326923076923078,0.5166015625,0.76611328125,0.125,0.0,0.0,0.6000000000000002,0.007142857142857143,0.007142857142857143,0.05,0.7250000000000003,0.2,0.0,0.7000000000000003,0.2785714285714285,0.15714285714285717,0.307142857142857
0.19423076923076923,0.51904296875,0.7685546875,0.125,0.0,0.0,0.6000000000000002,0.007142857142857143,0.007142857142857143,0.05,0.7250000000000003,0.2,0.0,0.7000000000000003,0.28571428571428564,0.15714285714285717,0.307142857142857
0.1951923076923077,0.52099609375,0.77197265625,0.125,0.0,0.0,0.6000000000000002,0.007142857142857143,0.007142857142857143,0.05,0.7250000000000003,0.2,0.0,0.7000000000000003,0.28571428571428564,0.15714285714285717,0.3142857142857141
0.19615384615384618,0.5234375,0.77490234375,0.125,0.0,0.0,0.6000000000000002,0.007142857142857143,0.007142857142857143,0.05,0.7250000000000003,0.2,0.0,0.7000000000000003,0.29285714285714276,0.15714285714285717,0.3142857142857141
0.1971153846153846,0.525390625,0.7783203125,0.125,0.0,0.0,0.6000000000000002,0.007142857142857143,0.007142857142857143,0.05,0.7250000000000003,0.2,0.0,0.7000000000000003,0.29285714285714276,0.15714285714285717,0.32142857142857123
0.1980769230769231,0.52783203125,0.7802734375,0.125,0.0,0.0,0.6000000000000002,0.007142857142857143,0.007142857142857143,0.05,0.7250000000000003,0.2,0.0,0.7000000000000003,0.29285714285714276,0.1642857142857143,0.32142857142857123
0.19903846153846153,0.5302734375,0.78369140625,0.125,0.0,0.0,0.6000000000000002,0.007142857142857143,0.007142857142857143,0.05,0.7250000000000003,0.2,0.0,0.7000000000000003,0.29285714285714276,0.17142857142857146,0.32142857142857123
0.2,0.5322265625,0.7861328125,0.125,0.0,0.0,0.6000000000000002,0.007142857142857143,0.007142857142857143,0.05,0.7250000000000003,0.2,0.0,0.7000000000000003,0.29285714285714276,0.17142857142857146,0.32857142857142835
0.20096153846153847,0.53466796875,0.79052734375,0.125,0.0,0.0,0.6000000000000002,0.007142857142857143,0.007142857142857143,0.05,0.7250000000000003,0.2,0.0,0.7000000000000003,0.29285714285714276,0.1785714285714286,0.32857142857142835
0.20192307692307693,0.537109375,0.79345703125,0.125,0.0,0.0,0.6000000000000002,0.007142857142857143,0.007142857142857143,0.05,0.7250000000000003,0.2,0.0,0.7000000000000003,0.29285714285714276,0.1785714285714286,0.33571428571428547
0.20288461538461536,0.53955078125,0.7958984375,0.125,0.0,0.0,0.6250000000000002,0.007142857142857143,0.007142857142857143,0.05,0.7250000000000003,0.2,0.0,0.7000000000000003,0.29285714285714276,0.1785714285714286,0.33571428571428547
0.20384615384615384,0.5419921875,0.7998046875,0.125,0.0,0.0,0.6250000000000002,0.007142857142857143,0.007142857142857143,0.05714285714285715,0.7250000000000003,0.2,0.0,0.7000000000000003,0.29285714285714276,0.1785714285714286,0.33571428571428547
0.2048076923076923,0.54443359375,0.80224609375,0.125,0.0,0.0,0.6250000000000002,0.007142857142857143,0.007142857142857143,0.05714285714285715,0.7250000000000003,0.2,0.0,0.7000000000000003,0.29285714285714276,0.1785714285714286,0.3428571428571426
0.20576923076923076,0.546875,0.80517578125,0.125,0.0,0.0,0.6250000000000002,0.007142857142857143,0.007142857142857143,0.0642857142857143,0.7250000000000003,0.2,0.0,0.7000000000000003,0.29285714285714276,0.1785714285714286,0.3428571428571426
0.20673076923076922,0.54931640625,0.8076171875,0.125,0.0,0.0,0.6250000000000002,0.007142857142857143,0.007142857142857143,0.0642857142857143,0.7500000000000003,0.2,0.0,0.7000000000000003,0.29285714285714276,0.1785714285714286,0.3428571428571426
0.2076923076923077,0.5517578125,0.810546875,0.125,0.0,0.0,0.6250000000000002,0.007142857142857143,0.007142857142857143,0.0642857142857143,0.7500000000000003,0.2,0.0,0.7000000000000003,0.29285714285714276,0.18571428571428575,0.3428571428571426
0.2086538461538462,0.55419921875,0.81298828125,0.125,0.0,0.0,0.6250000000000002,0.007142857142857143,0.007142857142857143,0.0642857142857143,0.7500000000000003,0.2,0.0,0.7000000000000003,0.2999999999999999,0.18571428571428575,0.3428571428571426
0.20961538461538462,0.556640625,0.81591796875,0.125,0.0,0.0,0.6250000000000002,0.007142857142857143,0.007142857142857143,0.0642857142857143,0.7500000000000003,0.2,0.0,0.7000000000000003,0.2999999999999999,0.18571428571428575,0.3499999999999997
0.21057692307692305,0.55908203125,0.8193359375,0.125,0.0,0.0,0.6250000000000002,0.007142857142857143,0.007142857142857143,0.0642857142857143,0.7750000000000004,0.2,0.0,0.7000000000000003,0.2999999999999999,0.18571428571428575,0.3499999999999997
0.21153846153846154,0.5615234375,0.82177734375,0.125,0.0,0.0,0.6250000000000002,0.007142857142857143,0.007142857142857143,0.0642857142857143,0.7750000000000004,0.2,0.0,0.7000000000000003,0.2999999999999999,0.18571428571428575,0.3571428571428568
0.21250000000000002,0.56396484375,0.82421875,0.125,0.0,0.0,0.6250000000000002,0.007142857142857143,0.007142857142857143,0.0642857142857143,0.7750000000000004,0.2,0.0,0.7250000000000003,0.2999999999999999,0.18571428571428575,0.3571428571428568
0.21346153846153845,0.56640625,0.82666015625,0.125,0.0,0.0,0.6250000000000002,0.007142857142857143,0.007142857142857143,0.0642857142857143,0.7750000000000004,0.2,0.0,0.7250000000000003,0.307142857142857,0.18571428571428575,0.3571428571428568
0.21442307692307694,0.56884765625,0.82958984375,0.125,0.0,0.0,0.6250000000000002,0.007142857142857143,0.007142857142857143,0.0642857142857143,0.7750000000000004,0.2,0.0,0.7250000000000003,0.3142857142857141,0.18571428571428575,0.3571428571428568
0.21538461538461537,0.57080078125,0.8330078125,0.125,0.0,0.0,0.6250000000000002,0.007142857142857143,0.007142857142857143,0.0642857142857143,0.7750000000000004,0.2,0.0,0.7250000000000003,0.3142857142857141,0.18571428571428575,0.36428571428571394
0.2163461538461538,0.5732421875,0.8359375,0.125,0.0,0.0,0.6250000000000002,0.007142857142857143,0.007142857142857143,0.0642857142857143,0.7750000000000004,0.2,0.0,0.7250000000000003,0.32142857142857123,0.18571428571428575,0.36428571428571394
0.21730769230769229,0.57568359375,0.83837890625,0.125,0.0,0.0,0.6250000000000002,0.007142857142857143,0.007142857142857143,0.0642857142857143,0.7750000000000004,0.2,0.0,0.7250000000000003,0.32857142857142835,0.18571428571428575,0.36428571428571394
0.21826923076923077,0.57763671875,0.84130859375,0.125,0.0,0.0,0.6250000000000002,0.007142857142857143,0.007142857142857143,0.0642857142857143,0.7750000000000004,0.2,0.0,0.7250000000000003,0.32857142857142835,0.18571428571428575,0.37142857142857105
0.2192307692307692,0.580078125,0.84423828125,0.125,0.0,0.0,0.6250000000000002,0.007142857142857143,0.007142857142857143,0.0642857142857143,0.7750000000000004,0.2,0.0,0.7250000000000003,0.32857142857142835,0.1928571428571429,0.37142857142857105
0.22019230769230763,0.58251953125,0.8466796875,0.125,0.0,0.0,0.6250000000000002,0.007142857142857143,0.007142857142857143,0.07142857142857144,0.7750000000000004,0.2,0.0,0.7250000000000003,0.32857142857142835,0.1928571428571429,0.37142857142857105
0.22115384615384612,0.5849609375,0.849609375,0.125,0.0,0.0,0.6250000000000002,0.007142857142857143,0.007142857142857143,0.07142857142857144,0.7750000000000004,0.2,0.0,0.7250000000000003,0.32857142857142835,0.20000000000000004,0.37142857142857105
0.2221153846153846,0.58740234375,0.85302734375,0.125,0.0,0.0,0.6250000000000002,0.007142857142857143,0.007142857142857143,0.07142857142857144,0.7750000000000004,0.2,0.0,0.7250000000000003,0.33571428571428547,0.20000000000000004,0.37142857142857105
0.22307692307692303,0.58984375,0.85546875,0.125,0.0,0.0,0.6250000000000002,0.007142857142857143,0.007142857142857143,0.07142857142857144,0.7750000000000004,0.2,0.0,0.7250000000000003,0.3428571428571426,0.20000000000000004,0.37142857142857105
0.22403846153846152,0.59228515625,0.8583984375,0.15,0.0,0.0,0.6250000000000002,0.007142857142857143,0.007142857142857143,0.07142857142857144,0.7750000000000004,0.2,0.0,0.7250000000000003,0.3428571428571426,0.20000000000000004,0.37142857142857105
0.22499999999999995,0.5947265625,0.86083984375,0.15,0.0,0.0,0.6250000000000002,0.007142857142857143,0.007142857142857143,0.07142857142857144,0.7750000000000004,0.2,0.0,0.7250000000000003,0.3499999999999997,0.20000000000000004,0.37142857142857105
0.22596153846153838,0.59716796875,0.8642578125,0.15,0.0,0.0,0.6250000000000002,0.007142857142857143,0.007142857142857143,0.07142857142857144,0.7750000000000004,0.2,0.0,0.7250000000000003,0.3499999999999997,0.20714285714285718,0.37142857142857105
0.22692307692307687,0.599609375,0.86669921875,0.15,0.0,0.0,0.6250000000000002,0.007142857142857143,0.007142857142857143,0.07142857142857144,0.7750000000000004,0.2,0.0,0.7250000000000003,0.3499999999999997,0.21428571428571433,0.37142857142857105
0.2278846153846153,0.6015625,0.86962890625,0.15,0.0,0.0,0.6250000000000002,0.007142857142857143,0.007142857142857143,0.07142857142857144,0.7750000000000004,0.2,0.0,0.7250000000000003,0.3499999999999997,0.21428571428571433,0.37857142857142817
0.22884615384615378,0.60400390625,0.87255859375,0.15,0.0,0.0,0.6250000000000002,0.007142857142857143,0.007142857142857143,0.07142857142857144,0.7750000000000004,0.2,0.0,0.7250000000000003,0.3499999999999997,0.22142857142857147,0.37857142857142817
0.2298076923076922,0.6064453125,0.87548828125,0.15,0.0,0.0,0.6250000000000002,0.007142857142857143,0.007142857142857143,0.07142857142857144,0.7750000000000004,0.2,0.0,0.7250000000000003,0.3499999999999997,0.22857142857142862,0.37857142857142817
0.2307692307692307,0.60888671875,0.8779296875,0.15,0.0,0.0,0.6250000000000002,0.007142857142857143,0.007142857142857143,0.07142857142857144,0.7750000000000004,0.2,0.0,0.7250000000000003,0.3499999999999997,0.23571428571428577,0.37857142857142817
0.23173076923076918,0.61083984375,0.880859375,0.15,0.0,0.0,0.6250000000000002,0.007142857142857143,0.007142857142857143,0.07142857142857144,0.7750000000000004,0.2,0.0,0.7250000000000003,0.3499999999999997,0.23571428571428577,0.3857142857142853
0.23269230769230762,0.61328125,0.88330078125,0.15,0.0,0.0,0.6250000000000002,0.007142857142857143,0.007142857142857143,0.07142857142857144,0.7750000000000004,0.2,0.0,0.7250000000000003,0.3499999999999997,0.23571428571428577,0.3928571428571424
0.2336538461538461,0.615234375,0.88623046875,0.15,0.0,0.0,0.6250000000000002,0.007142857142857143,0.007142857142857143,0.07142857142857144,0.7750000000000004,0.2,0.0,0.7250000000000003,0.3499999999999997,0.23571428571428577,0.3999999999999995
0.23461538461538453,0.61767578125,0.88916015625,0.15,0.0,0.0,0.6250000000000002,0.007142857142857143,0.007142857142857143,0.07142857142857144,0.7750000000000004,0.2,0.0,0.7250000000000003,0.3499999999999997,0.23571428571428577,0.40714285714285664
0.23557692307692302,0.61962890625,0.892578125,0.15,0.0,0.0,0.6250000000000002,0.007142857142857143,0.007142857142857143,0.07142857142857144,0.7750000000000004,0.2,0.0,0.7250000000000003,0.3499999999999997,0.23571428571428577,0.41428571428571376
0.23653846153846145,0.6220703125,0.89501953125,0.15,0.0,0.0,0.6250000000000002,0.007142857142857143,0.007142857142857143,0.07142857142857144,0.7750000000000004,0.2,0.0,0.7250000000000003,0.3499999999999997,0.23571428571428577,0.4214285714285709
0.23749999999999993,0.62451171875,0.89892578125,0.175,0.0,0.0,0.6250000000000002,0.007142857142857143,0.007142857142857143,0.07142857142857144,0.7750000000000004,0.2,0.0,0.7250000000000003,0.3499999999999997,0.23571428571428577,0.4214285714285709
0.2384615384615384,0.626953125,0.90185546875,0.175,0.0,0.0,0.6250000000000002,0.007142857142857143,0.007142857142857143,0.07142857142857144,0.7750000000000004,0.2,0.0,0.7250000000000003,0.3499999999999997,0.23571428571428577,0.428571428571428
0.23942307692307685,0.62939453125,0.90478515625,0.175,0.0,0.0,0.6500000000000002,0.007142857142857143,0.007142857142857143,0.07142857142857144,0.7750000000000004,0.2,0.0,0.7250000000000003,0.3499999999999997,0.23571428571428577,0.428571428571428
0.2403846153846153,0.6318359375,0.9072265625,0.175,0.0,0.0,0.6500000000000002,0.007142857142857143,0.007142857142857143,0.07857142857142858,0.7750000000000004,0.2,0.0,0.7250000000000003,0.3499999999999997,0.23571428571428577,0.428571428571428
0.2413461538461538,0.63427734375,0.91064453125,0.175,0.0,0.0,0.6500000000000002,0.007142857142857143,0.007142857142857143,0.07857142857142858,0.7750000000000004,0.2,0.0,0.7250000000000003,0.3499999999999997,0.2428571428571429,0.428571428571428
0.24230769230769222,0.63671875,0.9130859375,0.175,0.0,0.0,0.6500000000000002,0.007142857142857143,0.007142857142857143,0.07857142857142858,0.7750000000000004,0.2,0.0,0.7250000000000003,0.3499999999999997,0.25000000000000006,0.428571428571428
0.24326923076923068,0.63916015625,0.916015625,0.175,0.0,0.0,0.6500000000000002,0.007142857142857143,0.007142857142857143,0.08571428571428573,0.7750000000000004,0.2,0.0,0.7250000000000003,0.3499999999999997,0.25000000000000006,0.428571428571428
0.24423076923076914,0.6416015625,0.91943359375,0.175,0.0,0.0,0.6500000000000002,0.007142857142857143,0.007142857142857143,0.08571428571428573,0.7750000000000004,0.2,0.0,0.7250000000000003,0.3499999999999997,0.2571428571428572,0.428571428571428
0.2451923076923076,0.64404296875,0.9208984375,0.175,0.0,0.0,0.6500000000000002,0.007142857142857143,0.007142857142857143,0.08571428571428573,0.7750000000000004,0.2,0.0,0.7250000000000003,0.3499999999999997,0.2642857142857143,0.428571428571428
0.24615384615384606,0.646484375,0.923828125,0.175,0.0,0.0,0.6500000000000002,0.007142857142857143,0.007142857142857143,0.08571428571428573,0.7750000000000004,0.2,0.0,0.7250000000000003,0.3571428571428568,0.2642857142857143,0.428571428571428
0.24711538461538451,0.64892578125,0.9267578125,0.175,0.0,0.0,0.6500000000000002,0.007142857142857143,0.007142857142857143,0.08571428571428573,0.7750000000000004,0.2,0.0,0.7250000000000003,0.36428571428571394,0.2642857142857143,0.428571428571428
0.24807692307692294,0.65087890625,0.9296875,0.175,0.0,0.0,0.6500000000000002,0.007142857142857143,0.007142857142857143,0.08571428571428573,0.7750000000000004,0.2,0.0,0.7250000000000003,0.36428571428571394,0.2642857142857143,0.4357142857142851
0.24903846153846143,0.6533203125,0.93212890625,0.175,0.0,0.0,0.6500000000000002,0.007142857142857143,0.007142857142857143,0.08571428571428573,0.7750000000000004,0.2,0.0,0.7250000000000003,0.37142857142857105,0.2642857142857143,0.4357142857142851
0.2499999999999999,0.65576171875,0.935546875,0.175,0.0,0.0,0.6500000000000002,0.014285714285714285,0.007142857142857143,0.08571428571428573,0.7750000000000004,0.2,0.0,0.7250000000000003,0.37142857142857105,0.2642857142857143,0.4357142857142851
0.25096153846153835,0.658203125,0.9384765625,0.175,0.0,0.0,0.6500000000000002,0.02142857142857143,0.007142857142857143,0.08571428571428573,0.7750000000000004,0.2,0.0,0.7250000000000003,0.37142857142857105,0.2642857142857143,0.4357142857142851
0.2519230769230768,0.66015625,0.9404296875,0.175,0.0,0.0,0.6500000000000002,0.02857142857142857,0.007142857142857143,0.08571428571428573,0.7750000000000004,0.2,0.0,0.7250000000000003,0.37142857142857105,0.2642857142857143,0.4357142857142851
0.25288461538461526,0.66259765625,0.943359375,0.175,0.0,0.0,0.6500000000000002,0.03571428571428571,0.007142857142857143,0.08571428571428573,0.7750000000000004,0.2,0.0,0.7250000000000003,0.37142857142857105,0.2642857142857143,0.4357142857142851
0.2538461538461537,0.6650390625,0.9462890625,0.175,0.0,0.0,0.6500000000000002,0.03571428571428571,0.007142857142857143,0.08571428571428573,0.7750000000000004,0.2,0.0,0.7250000000000003,0.37857142857142817,0.2642857142857143,0.4357142857142851
0.2548076923076922,0.66748046875,0.94921875,0.175,0.0,0.0,0.6500000000000002,0.04285714285714286,0.007142857142857143,0.08571428571428573,0.7750000000000004,0.2,0.0,0.7250000000000003,0.37857142857142817,0.2642857142857143,0.4357142857142851
0.25576923076923064,0.669921875,0.95263671875,0.175,0.0,0.0,0.6500000000000002,0.04285714285714286,0.007142857142857143,0.08571428571428573,0.7750000000000004,0.2,0.0,0.7250000000000003,0.3857142857142853,0.2642857142857143,0.4357142857142851
0.2567307692307691,0.67236328125,0.955078125,0.175,0.0,0.0,0.6500000000000002,0.04285714285714286,0.007142857142857143,0.09285714285714287,0.7750000000000004,0.2,0.0,0.7250000000000003,0.3857142857142853,0.2642857142857143,0.4357142857142851
0.2576923076923076,0.6748046875,0.95751953125,0.175,0.0,0.0,0.6500000000000002,0.04285714285714286,0.007142857142857143,0.09285714285714287,0.7750000000000004,0.2,0.0,0.7250000000000003,0.3857142857142853,0.2642857142857143,0.4428571428571422
0.25865384615384607,0.67724609375,0.9609375,0.175,0.0,0.0,0.6500000000000002,0.04285714285714286,0.007142857142857143,0.10000000000000002,0.7750000000000004,0.2,0.0,0.7250000000000003,0.3857142857142853,0.2642857142857143,0.4428571428571422
0.2596153846153845,0.6796875,0.962890625,0.175,0.0,0.0,0.6500000000000002,0.04285714285714286,0.007142857142857143,0.10000000000000002,0.7750000000000004,0.2,0.0,0.7250000000000003,0.3857142857142853,0.2642857142857143,0.44999999999999934
0.260576923076923,0.681640625,0.9658203125,0.175,0.0,0.0,0.6500000000000002,0.04285714285714286,0.007142857142857143,0.10000000000000002,0.7750000000000004,0.2,0.0,0.7250000000000003,0.3857142857142853,0.2642857142857143,0.45714285714285646
0.26153846153846144,0.68408203125,0.96826171875,0.175,0.0,0.0,0.6500000000000002,0.04285714285714286,0.007142857142857143,0.10000000000000002,0.7750000000000004,0.2,0.0,0.7250000000000003,0.3857142857142853,0.2714285714285714,0.45714285714285646
0.2624999999999999,0.6865234375,0.97216796875,0.175,0.0,0.0,0.6500000000000002,0.04285714285714286,0.007142857142857143,0.10000000000000002,0.7750000000000004,0.2,0.0,0.7250000000000003,0.3857142857142853,0.2785714285714285,0.45714285714285646
0.26346153846153836,0.68896484375,0.97509765625,0.175,0.0,0.0,0.6500000000000002,0.04285714285714286,0.007142857142857143,0.10000000000000002,0.7750000000000004,0.2,0.0,0.7250000000000003,0.3857142857142853,0.28571428571428564,0.45714285714285646
0.26442307692307687,0.69140625,0.97802734375,0.175,0.0,0.0,0.6500000000000002,0.04285714285714286,0.007142857142857143,0.10000000000000002,0.7750000000000004,0.30000000000000004,0.0,0.7250000000000003,0.3857142857142853,0.28571428571428564,0.45714285714285646
0.2653846153846153,0.69384765625,0.98095703125,0.175,0.0,0.0,0.6500000000000002,0.04285714285714286,0.007142857142857143,0.10000000000000002,0.7750000000000004,0.30000000000000004,0.0,0.7250000000000003,0.3857142857142853,0.29285714285714276,0.45714285714285646
0.26634615384615373,0.69580078125,0.98388671875,0.175,0.0,0.0,0.6500000000000002,0.04285714285714286,0.007142857142857143,0.10000000000000002,0.7750000000000004,0.30000000000000004,0.0,0.7250000000000003,0.3857142857142853,0.29285714285714276,0.4642857142857136
0.2673076923076922,0.6982421875,0.986328125,0.175,0.0,0.0,0.6500000000000002,0.04285714285714286,0.007142857142857143,0.10000000000000002,0.7750000000000004,0.30000000000000004,0.0,0.7250000000000003,0.3857142857142853,0.29285714285714276,0.4714285714285707
0.26826923076923065,0.7001953125,0.9892578125,0.175,0.0,0.0,0.6500000000000002,0.04285714285714286,0.007142857142857143,0.10000000000000002,0.7750000000000004,0.30000000000000004,0.0,0.7250000000000003,0.3857142857142853,0.29285714285714276,0.4785714285714278
0.2692307692307691,0.70263671875,0.9921875,0.175,0.0,0.0,0.6500000000000002,0.04285714285714286,0.007142857142857143,0.10000000000000002,0.7750000000000004,0.30000000000000004,0.0,0.7250000000000003,0.3928571428571424,0.29285714285714276,0.4785714285714278
0.27019230769230757,0.705078125,0.994140625,0.175,0.0,0.0,0.6500000000000002,0.04285714285714286,0.007142857142857143,0.10000000000000002,0.7750000000000004,0.30000000000000004,0.0,0.7250000000000003,0.3999999999999995,0.29285714285714276,0.4785714285714278
0.271153846153846,0.70703125,0.9970703125,0.175,0.0,0.0,0.6500000000000002,0.04285714285714286,0.007142857142857143,0.10000000000000002,0.7750000000000004,0.30000000000000004,0.0,0.7250000000000003,0.40714285714285664,0.29285714285714276,0.4785714285714278
0.2721153846153845,0.70947265625,1.0,0.175,0.0,0.0,0.6500000000000002,0.04285714285714286,0.007142857142857143,0.10000000000000002,0.7750000000000004,0.30000000000000004,0.0,0.7250000000000003,0.40714285714285664,0.29285714285714276,0.48571428571428493
0.27307692307692294,0.7119140625,1.001953125,0.175,0.0,0.0,0.6500000000000002,0.04285714285714286,0.007142857142857143,0.10000000000000002,0.7750000000000004,0.30000000000000004,0.0,0.7250000000000003,0.41428571428571376,0.29285714285714276,0.48571428571428493
0.2740384615384614,0.71435546875,1.0048828125,0.175,0.0,0.0,0.6500000000000002,0.04285714285714286,0.007142857142857143,0.10000000000000002,0.7750000000000004,0.30000000000000004,0.0,0.7250000000000003,0.4214285714285709,0.29285714285714276,0.48571428571428493
0.27499999999999986,0.71630859375,1.0078125,0.175,0.0,0.0,0.6500000000000002,0.04285714285714286,0.007142857142857143,0.10000000000000002,0.7750000000000004,0.30000000000000004,0.0,0.7250000000000003,0.428571428571428,0.29285714285714276,0.48571428571428493
0.2759615384615383,0.71875,1.0107421875,0.175,0.0,0.0,0.6500000000000002,0.04285714285714286,0.007142857142857143,0.10000000000000002,0.7750000000000004,0.30000000000000004,0.0,0.7250000000000003,0.428571428571428,0.29285714285714276,0.49285714285714205
0.27692307692307677,0.72119140625,1.013671875,0.175,0.0,0.0,0.6500000000000002,0.04285714285714286,0.007142857142857143,0.10000000000000002,0.7750000000000004,0.30000000000000004,0.0,0.7250000000000003,0.4357142857142851,0.29285714285714276,0.49285714285714205
0.2778846153846152,0.7236328125,1.015625,0.175,0.0,0.0,0.6500000000000002,0.04285714285714286,0.007142857142857143,0.10000000000000002,0.8000000000000004,0.30000000000000004,0.0,0.7250000000000003,0.4357142857142851,0.29285714285714276,0.49285714285714205
0.2788461538461537,0.72607421875,1.0185546875,0.175,0.0,0.0,0.6500000000000002,0.04285714285714286,0.007142857142857143,0.10000000000000002,0.8000000000000004,0.30000000000000004,0.1,0.7250000000000003,0.4357142857142851,0.29285714285714276,0.49285714285714205
0.27980769230769215,0.728515625,1.021484375,0.175,0.0,0.0,0.6500000000000002,0.04285714285714286,0.007142857142857143,0.10000000000000002,0.8000000000000004,0.30000000000000004,0.1,0.7250000000000003,0.4357142857142851,0.29285714285714276,0.49999999999999917
0.2807692307692306,0.73046875,1.0244140625,0.175,0.0,0.0,0.6500000000000002,0.04285714285714286,0.007142857142857143,0.10000000000000002,0.8000000000000004,0.30000000000000004,0.1,0.7250000000000003,0.4357142857142851,0.29285714285714276,0.5071428571428563
0.28173076923076906,0.73291015625,1.02734375,0.175,0.0,0.0,0.6500000000000002,0.04285714285714286,0.007142857142857143,0.10000000000000002,0.8000000000000004,0.30000000000000004,0.1,0.7500000000000003,0.4357142857142851,0.29285714285714276,0.5071428571428563
0.2826923076923075,0.7353515625,1.0302734375,0.175,0.0,0.0,0.6500000000000002,0.04285714285714286,0.007142857142857143,0.10000000000000002,0.8000000000000004,0.30000000000000004,0.1,0.7500000000000003,0.4357142857142851,0.29285714285714276,0.5142857142857135
0.28365384615384603,0.73779296875,1.033203125,0.175,0.0,0.0,0.6500000000000002,0.04285714285714286,0.007142857142857143,0.10000000000000002,0.8000000000000004,0.30000000000000004,0.1,0.7500000000000003,0.4357142857142851,0.2999999999999999,0.5142857142857135
0.28461538461538444,0.740234375,1.03515625,0.175,0.0,0.0,0.6500000000000002,0.04285714285714286,0.007142857142857143,0.10000000000000002,0.8000000000000004,0.30000000000000004,0.1,0.7500000000000003,0.4357142857142851,0.307142857142857,0.5142857142857135
0.28557692307692295,0.7421875,1.0380859375,0.175,0.0,0.0,0.6500000000000002,0.04285714285714286,0.007142857142857143,0.10000000000000002,0.8000000000000004,0.30000000000000004,0.1,0.7500000000000003,0.4357142857142851,0.3142857142857141,0.5142857142857135
0.28653846153846135,0.74462890625,1.041015625,0.175,0.0,0.0,0.6500000000000002,0.05,0.007142857142857143,0.10000000000000002,0.8000000000000004,0.30000000000000004,0.1,0.7500000000000003,0.4357142857142851,0.3142857142857141,0.5142857142857135
0.28749999999999987,0.7470703125,1.04296875,0.175,0.0,0.0,0.6500000000000002,0.05,0.007142857142857143,0.10000000000000002,0.8000000000000004,0.30000000000000004,0.1,0.7500000000000003,0.4357142857142851,0.3142857142857141,0.5214285714285706
0.28846153846153827,0.7490234375,1.0458984375,0.175,0.0,0.0,0.6500000000000002,0.05,0.007142857142857143,0.10000000000000002,0.8000000000000004,0.30000000000000004,0.1,0.7500000000000003,0.4357142857142851,0.3142857142857141,0.5285714285714277
0.2894230769230767,0.75146484375,1.048828125,0.175,0.0,0.0,0.6500000000000002,0.05,0.007142857142857143,0.10000000000000002,0.8000000000000004,0.30000000000000004,0.1,0.7500000000000003,0.4357142857142851,0.32142857142857123,0.5285714285714277
0.2903846153846152,0.75390625,1.0517578125,0.175,0.0,0.0,0.6500000000000002,0.05,0.007142857142857143,0.10000000000000002,0.8000000000000004,0.30000000000000004,0.1,0.7500000000000003,0.4357142857142851,0.32857142857142835,0.5285714285714277
0.2913461538461537,0.75634765625,1.0546875,0.19999999999999998,0.0,0.0,0.6500000000000002,0.05,0.007142857142857143,0.10000000000000002,0.8000000000000004,0.30000000000000004,0.1,0.7500000000000003,0.4357142857142851,0.32857142857142835,0.5285714285714277
0.2923076923076921,0.7587890625,1.056640625,0.19999999999999998,0.0,0.0,0.6750000000000003,0.05,0.007142857142857143,0.10000000000000002,0.8000000000000004,0.30000000000000004,0.1,0.7500000000000003,0.4357142857142851,0.32857142857142835,0.5285714285714277
0.2932692307692306,0.76123046875,1.0595703125,0.19999999999999998,0.0,0.0,0.6750000000000003,0.05,0.007142857142857143,0.10000000000000002,0.8000000000000004,0.30000000000000004,0.1,0.7500000000000003,0.4428571428571422,0.32857142857142835,0.5285714285714277
0.294230769230769,0.763671875,1.0625,0.19999999999999998,0.0,0.0,0.6750000000000003,0.05,0.007142857142857143,0.10000000000000002,0.8000000000000004,0.30000000000000004,0.1,0.7500000000000003,0.44999999999999934,0.32857142857142835,0.5285714285714277
0.29519230769230753,0.76611328125,1.0673828125,0.19999999999999998,0.0,0.0,0.6750000000000003,0.05,0.007142857142857143,0.10714285714285716,0.8000000000000004,0.30000000000000004,0.1,0.7500000000000003,0.44999999999999934,0.32857142857142835,0.5285714285714277
0.296153846153846,0.7685546875,1.068359375,0.19999999999999998,0.0,0.0,0.6750000000000003,0.05,0.007142857142857143,0.11428571428571431,0.8000000000000004,0.30000000000000004,0.1,0.7500000000000003,0.44999999999999934,0.32857142857142835,0.5285714285714277
0.29711538461538445,0.77099609375,1.0712890625,0.19999999999999998,0.0,0.0,0.6750000000000003,0.05,0.007142857142857143,0.11428571428571431,0.8000000000000004,0.30000000000000004,0.1,0.7500000000000003,0.45714285714285646,0.32857142857142835,0.5285714285714277
0.2980769230769229,0.7734375,1.07421875,0.19999999999999998,0.0,0.0,0.6750000000000003,0.05,0.007142857142857143,0.12142857142857146,0.8000000000000004,0.30000000000000004,0.1,0.7500000000000003,0.45714285714285646,0.32857142857142835,0.5285714285714277
0.29903846153846136,0.77587890625,1.0771484375,0.19999999999999998,0.0,0.0,0.6750000000000003,0.05,0.007142857142857143,0.12142857142857146,0.8000000000000004,0.30000000000000004,0.1,0.7500000000000003,0.45714285714285646,0.32857142857142835,0.5357142857142848
0.2999999999999998,0.7783203125,1.0791015625,0.22499999999999998,0.0,0.0,0.6750000000000003,0.05,0.007142857142857143,0.12142857142857146,0.8000000000000004,0.30000000000000004,0.1,0.7500000000000003,0.45714285714285646,0.32857142857142835,0.5357142857142848
0.3009615384615383,0.78076171875,1.0830078125,0.22499999999999998,0.0,0.0,0.6750000000000003,0.05,0.007142857142857143,0.12142857142857146,0.8000000000000004,0.30000000000000004,0.1,0.7500000000000003,0.45714285714285646,0.32857142857142835,0.5428571428571419
0.3019230769230767,0.78271484375,1.0859375,0.22499999999999998,0.0,0.0,0.6750000000000003,0.05,0.007142857142857143,0.12142857142857146,0.8000000000000004,0.30000000000000004,0.1,0.7500000000000003,0.45714285714285646,0.32857142857142835,0.549999999999999
0.3028846153846152,0.78515625,1.0888671875,0.22499999999999998,0.0,0.0,0.6750000000000003,0.05,0.007142857142857143,0.12142857142857146,0.8000000000000004,0.30000000000000004,0.1,0.7500000000000003,0.45714285714285646,0.32857142857142835,0.5571428571428562
0.30384615384615365,0.78759765625,1.091796875,0.22499999999999998,0.0,0.0,0.6750000000000003,0.05,0.007142857142857143,0.12142857142857146,0.8000000000000004,0.30000000000000004,0.1,0.7500000000000003,0.45714285714285646,0.32857142857142835,0.5642857142857133
0.3048076923076921,0.7900390625,1.095703125,0.22499999999999998,0.0,0.0,0.6750000000000003,0.05,0.007142857142857143,0.1285714285714286,0.8000000000000004,0.30000000000000004,0.1,0.7500000000000003,0.45714285714285646,0.32857142857142835,0.5642857142857133
0.30576923076923057,0.79248046875,1.0986328125,0.22499999999999998,0.0,0.0,0.6750000000000003,0.05,0.007142857142857143,0.1285714285714286,0.8000000000000004,0.30000000000000004,0.1,0.7500000000000003,0.45714285714285646,0.32857142857142835,0.5714285714285704
0.30673076923076903,0.794921875,1.1015625,0.22499999999999998,0.0,0.0,0.6750000000000003,0.05,0.007142857142857143,0.1285714285714286,0.8000000000000004,0.30000000000000004,0.1,0.7500000000000003,0.4642857142857136,0.32857142857142835,0.5714285714285704
0.3076923076923075,0.79736328125,1.1025390625,0.22499999999999998,0.0,0.0,0.6750000000000003,0.05,0.007142857142857143,0.1285714285714286,0.8000000000000004,0.30000000000000004,0.1,0.7500000000000003,0.4714285714285707,0.32857142857142835,0.5714285714285704
0.30865384615384595,0.79931640625,1.10546875,0.22499999999999998,0.0,0.0,0.6750000000000003,0.05,0.007142857142857143,0.1285714285714286,0.8000000000000004,0.30000000000000004,0.1,0.7500000000000003,0.4785714285714278,0.32857142857142835,0.5714285714285704
0.30961538461538435,0.8017578125,1.1083984375,0.22499999999999998,0.0,0.0,0.6750000000000003,0.05,0.007142857142857143,0.1285714285714286,0.8000000000000004,0.30000000000000004,0.1,0.7500000000000003,0.4785714285714278,0.33571428571428547,0.5714285714285704
0.31057692307692286,0.80419921875,1.1123046875,0.22499999999999998,0.0,0.0,0.6750000000000003,0.05,0.007142857142857143,0.1285714285714286,0.8000000000000004,0.30000000000000004,0.1,0.7500000000000003,0.4785714285714278,0.3428571428571426,0.5714285714285704
0.3115384615384613,0.80615234375,1.1142578125,0.22499999999999998,0.0,0.0,0.6750000000000003,0.05,0.007142857142857143,0.1285714285714286,0.8000000000000004,0.30000000000000004,0.1,0.7500000000000003,0.4785714285714278,0.3499999999999997,0.5714285714285704
0.3124999999999997,0.80859375,1.1171875,0.22499999999999998,0.0,0.0,0.6750000000000003,0.05,0.007142857142857143,0.1285714285714286,0.8000000000000004,0.30000000000000004,0.1,0.7500000000000003,0.4785714285714278,0.3499999999999997,0.5785714285714275
0.3134615384615382,0.81103515625,1.1201171875,0.24999999999999997,0.0,0.0,0.6750000000000003,0.05,0.007142857142857143,0.1285714285714286,0.8000000000000004,0.30000000000000004,0.1,0.7500000000000003,0.4785714285714278,0.3499999999999997,0.5785714285714275
0.3144230769230767,0.8134765625,1.1240234375,0.24999999999999997,0.0,0.0,0.6750000000000003,0.05,0.007142857142857143,0.13571428571428573,0.8000000000000004,0.30000000000000004,0.1,0.7500000000000003,0.4785714285714278,0.3499999999999997,0.5785714285714275
0.31538461538461515,0.81591796875,1.126953125,0.24999999999999997,0.0,0.0,0.6750000000000003,0.05,0.007142857142857143,0.13571428571428573,0.8000000000000004,0.30000000000000004,0.1,0.7500000000000003,0.4785714285714278,0.3499999999999997,0.5857142857142846
0.3163461538461536,0.818359375,1.1279296875,0.24999999999999997,0.0,0.0,0.6750000000000003,0.05,0.007142857142857143,0.13571428571428573,0.8000000000000004,0.30000000000000004,0.1,0.7500000000000003,0.48571428571428493,0.3499999999999997,0.5857142857142846
0.317307692307692,0.82080078125,1.130859375,0.24999999999999997,0.0,0.0,0.6750000000000003,0.05,0.007142857142857143,0.13571428571428573,0.8000000000000004,0.30000000000000004,0.1,0.7500000000000003,0.49285714285714205,0.3499999999999997,0.5857142857142846
0.3182692307692306,0.8232421875,1.1337890625,0.24999999999999997,0.0,0.0,0.6750000000000003,0.05,0.007142857142857143,0.13571428571428573,0.8000000000000004,0.30000000000000004,0.1,0.7500000000000003,0.49285714285714205,0.3571428571428568,0.5857142857142846
0.319230769230769,0.82568359375,1.13671875,0.24999999999999997,0.0,0.0,0.6750000000000003,0.05,0.007142857142857143,0.13571428571428573,0.8000000000000004,0.30000000000000004,0.1,0.7500000000000003,0.49285714285714205,0.36428571428571394,0.5857142857142846
0.32019230769230744,0.82763671875,1.1396484375,0.24999999999999997,0.0,0.0,0.6750000000000003,0.05,0.007142857142857143,0.13571428571428573,0.8000000000000004,0.30000000000000004,0.1,0.7500000000000003,0.49285714285714205,0.37142857142857105,0.5857142857142846
0.32115384615384596,0.830078125,1.142578125,0.24999999999999997,0.0,0.0,0.6750000000000003,0.05,0.007142857142857143,0.13571428571428573,0.8000000000000004,0.30000000000000004,0.1,0.7500000000000003,0.49285714285714205,0.37857142857142817,0.5857142857142846
0.32211538461538436,0.83203125,1.1455078125,0.24999999999999997,0.0,0.0,0.6750000000000003,0.05,0.007142857142857143,0.13571428571428573,0.8000000000000004,0.30000000000000004,0.1,0.7500000000000003,0.49285714285714205,0.3857142857142853,0.5857142857142846
0.3230769230769228,0.83447265625,1.1455078125,0.24999999999999997,0.0,0.0,0.6750000000000003,0.05714285714285715,0.007142857142857143,0.13571428571428573,0.8000000000000004,0.30000000000000004,0.1,0.7500000000000003,0.49285714285714205,0.3857142857142853,0.5857142857142846
0.3240384615384613,0.8369140625,1.1494140625,0.24999999999999997,0.0,0.0,0.6750000000000003,0.05714285714285715,0.007142857142857143,0.13571428571428573,0.8000000000000004,0.30000000000000004,0.1,0.7500000000000003,0.49285714285714205,0.3857142857142853,0.5928571428571418
0.3249999999999997,0.83935546875,1.15234375,0.24999999999999997,0.0,0.0,0.6750000000000003,0.05714285714285715,0.007142857142857143,0.13571428571428573,0.8000000000000004,0.30000000000000004,0.1,0.7500000000000003,0.49285714285714205,0.3857142857142853,0.5999999999999989
0.3259615384615382,0.84130859375,1.15625,0.24999999999999997,0.0,0.0,0.6750000000000003,0.05714285714285715,0.007142857142857143,0.13571428571428573,0.8000000000000004,0.30000000000000004,0.1,0.7500000000000003,0.49285714285714205,0.3857142857142853,0.607142857142856
0.32692307692307665,0.84375,1.158203125,0.24999999999999997,0.0,0.0,0.6750000000000003,0.05714285714285715,0.007142857142857143,0.13571428571428573,0.8000000000000004,0.30000000000000004,0.1,0.7500000000000003,0.49285714285714205,0.3857142857142853,0.6142857142857131
0.3278846153846151,0.84619140625,1.162109375,0.24999999999999997,0.0,0.0,0.6750000000000003,0.0642857142857143,0.007142857142857143,0.13571428571428573,0.8000000000000004,0.30000000000000004,0.1,0.7500000000000003,0.49285714285714205,0.3857142857142853,0.6142857142857131
0.3288461538461536,0.8486328125,1.1650390625,0.24999999999999997,0.0,0.0,0.6750000000000003,0.0642857142857143,0.007142857142857143,0.13571428571428573,0.8000000000000004,0.30000000000000004,0.1,0.7500000000000003,0.49285714285714205,0.3857142857142853,0.6214285714285702
0.329807692307692,0.85107421875,1.166015625,0.24999999999999997,0.0,0.0,0.6750000000000003,0.07142857142857144,0.007142857142857143,0.13571428571428573,0.8000000000000004,0.30000000000000004,0.1,0.7500000000000003,0.49285714285714205,0.3857142857142853,0.6214285714285702
0.3307692307692305,0.853515625,1.1689453125,0.24999999999999997,0.0,0.0,0.6750000000000003,0.07142857142857144,0.007142857142857143,0.13571428571428573,0.8000000000000004,0.30000000000000004,0.1,0.7500000000000003,0.49285714285714205,0.3857142857142853,0.6285714285714273
0.33173076923076894,0.85595703125,1.171875,0.24999999999999997,0.0,0.0,0.6750000000000003,0.07142857142857144,0.007142857142857143,0.13571428571428573,0.8000000000000004,0.30000000000000004,0.1,0.7500000000000003,0.49285714285714205,0.3857142857142853,0.6357142857142845
0.33269230769230734,0.8583984375,1.1748046875,0.24999999999999997,0.0,0.0,0.6750000000000003,0.07142857142857144,0.007142857142857143,0.13571428571428573,0.8000000000000004,0.30000000000000004,0.1,0.7500000000000003,0.49285714285714205,0.3928571428571424,0.6357142857142845
0.33365384615384586,0.86083984375,1.177734375,0.24999999999999997,0.0,0.0,0.6750000000000003,0.07142857142857144,0.007142857142857143,0.13571428571428573,0.8000000000000004,0.30000000000000004,0.1,0.7500000000000003,0.49285714285714205,0.3999999999999995,0.6357142857142845
0.3346153846153843,0.86279296875,1.1806640625,0.24999999999999997,0.0,0.0,0.6750000000000003,0.07142857142857144,0.007142857142857143,0.13571428571428573,0.8000000000000004,0.30000000000000004,0.1,0.7500000000000003,0.49285714285714205,0.40714285714285664,0.6357142857142845
0.3355769230769227,0.865234375,1.181640625,0.24999999999999997,0.0,0.0,0.6750000000000003,0.07142857142857144,0.007142857142857143,0.13571428571428573,0.8000000000000004,0.30000000000000004,0.1,0.7500000000000003,0.49285714285714205,0.40714285714285664,0.6428571428571416
0.3365384615384612,0.86767578125,1.1845703125,0.24999999999999997,0.0,0.0,0.6750000000000003,0.07142857142857144,0.007142857142857143,0.13571428571428573,0.8000000000000004,0.30000000000000004,0.1,0.7500000000000003,0.49285714285714205,0.40714285714285664,0.6499999999999987
0.3374999999999997,0.8701171875,1.1865234375,0.24999999999999997,0.0,0.0,0.6750000000000003,0.07142857142857144,0.007142857142857143,0.13571428571428573,0.8000000000000004,0.30000000000000004,0.1,0.7500000000000003,0.49285714285714205,0.40714285714285664,0.6571428571428558
0.33846153846153815,0.87255859375,1.189453125,0.24999999999999997,0.0,0.0,0.6750000000000003,0.07142857142857144,0.007142857142857143,0.13571428571428573,0.8000000000000004,0.30000000000000004,0.1,0.7500000000000003,0.49285714285714205,0.40714285714285664,0.6642857142857129
0.3394230769230766,0.875,1.193359375,0.24999999999999997,0.0,0.0,0.6750000000000003,0.07142857142857144,0.007142857142857143,0.14285714285714288,0.8000000000000004,0.30000000000000004,0.1,0.7500000000000003,0.49285714285714205,0.40714285714285664,0.6642857142857129
0.340384615384615,0.8779296875,1.1962890625,0.27499999999999997,0.0,0.0,0.6750000000000003,0.07142857142857144,0.007142857142857143,0.14285714285714288,0.8000000000000004,0.30000000000000004,0.1,0.7500000000000003,0.49285714285714205,0.40714285714285664,0.6642857142857129
0.3413461538461535,0.88037109375,1.1982421875,0.27499999999999997,0.0,0.0,0.7000000000000003,0.07142857142857144,0.007142857142857143,0.14285714285714288,0.8000000000000004,0.30000000000000004,0.1,0.7500000000000003,0.49285714285714205,0.40714285714285664,0.6642857142857129
0.342307692307692,0.8828125,1.2001953125,0.27499999999999997,0.0,0.0,0.7000000000000003,0.07142857142857144,0.007142857142857143,0.15000000000000002,0.8000000000000004,0.30000000000000004,0.1,0.7500000000000003,0.49285714285714205,0.40714285714285664,0.6642857142857129
0.34326923076923044,0.88525390625,1.203125,0.27499999999999997,0.0,0.0,0.7000000000000003,0.07142857142857144,0.007142857142857143,0.15714285714285717,0.8000000000000004,0.30000000000000004,0.1,0.7500000000000003,0.49285714285714205,0.40714285714285664,0.6642857142857129
0.34423076923076895,0.8876953125,1.205078125,0.27499999999999997,0.0,0.0,0.7000000000000003,0.07142857142857144,0.007142857142857143,0.15714285714285717,0.8000000000000004,0.30000000000000004,0.1,0.7500000000000003,0.49999999999999917,0.40714285714285664,0.6642857142857129
0.34519230769230735,0.8896484375,1.208984375,0.27499999999999997,0.0,0.0,0.7000000000000003,0.07142857142857144,0.007142857142857143,0.15714285714285717,0.8000000000000004,0.30000000000000004,0.1,0.7500000000000003,0.5071428571428563,0.40714285714285664,0.6642857142857129
0.3461538461538458,0.892578125,1.2109375,0.27499999999999997,0.0,0.0,0.7000000000000003,0.07857142857142858,0.007142857142857143,0.15714285714285717,0.8000000000000004,0.30000000000000004,0.1,0.7500000000000003,0.5071428571428563,0.40714285714285664,0.6642857142857129
0.34711538461538427,0.89501953125,1.2138671875,0.27499999999999997,0.0,0.0,0.7000000000000003,0.07857142857142858,0.007142857142857143,0.15714285714285717,0.8000000000000004,0.30000000000000004,0.1,0.7500000000000003,0.5142857142857135,0.40714285714285664,0.6642857142857129
0.3480769230769228,0.8974609375,1.2177734375,0.27499999999999997,0.0,0.0,0.7000000000000003,0.07857142857142858,0.007142857142857143,0.15714285714285717,0.8000000000000004,0.30000000000000004,0.1,0.7500000000000003,0.5214285714285706,0.40714285714285664,0.6642857142857129
0.34903846153846124,0.89990234375,1.21875,0.27499999999999997,0.0,0.0,0.7000000000000003,0.08571428571428573,0.007142857142857143,0.15714285714285717,0.8000000000000004,0.30000000000000004,0.1,0.7500000000000003,0.5214285714285706,0.40714285714285664,0.6642857142857129
0.34999999999999964,0.90234375,1.2216796875,0.27499999999999997,0.0,0.0,0.7000000000000003,0.08571428571428573,0.007142857142857143,0.15714285714285717,0.8000000000000004,0.30000000000000004,0.1,0.7500000000000003,0.5285714285714277,0.40714285714285664,0.6642857142857129
0.3509615384615381,0.904296875,1.2255859375,0.27499999999999997,0.0,0.0,0.7000000000000003,0.08571428571428573,0.007142857142857143,0.15714285714285717,0.8000000000000004,0.30000000000000004,0.1,0.7500000000000003,0.5357142857142848,0.40714285714285664,0.6642857142857129
0.3519230769230766,0.90673828125,1.228515625,0.27499999999999997,0.0,0.0,0.7000000000000003,0.08571428571428573,0.007142857142857143,0.15714285714285717,0.8000000000000004,0.30000000000000004,0.1,0.7500000000000003,0.5428571428571419,0.40714285714285664,0.6642857142857129
0.3528846153846151,0.9091796875,1.2314453125,0.27499999999999997,0.0,0.0,0.7000000000000003,0.08571428571428573,0.007142857142857143,0.1642857142857143,0.8000000000000004,0.30000000000000004,0.1,0.7500000000000003,0.5428571428571419,0.40714285714285664,0.6642857142857129
0.35384615384615353,0.91162109375,1.234375,0.27499999999999997,0.0,0.0,0.7000000000000003,0.08571428571428573,0.007142857142857143,0.1642857142857143,0.8000000000000004,0.30000000000000004,0.1,0.7500000000000003,0.5428571428571419,0.40714285714285664,0.67142857142857
0.35480769230769194,0.9140625,1.234375,0.27499999999999997,0.0,0.0,0.7000000000000003,0.08571428571428573,0.007142857142857143,0.17142857142857146,0.8000000000000004,0.30000000000000004,0.1,0.7500000000000003,0.5428571428571419,0.40714285714285664,0.67142857142857
0.35576923076923045,0.91650390625,1.2373046875,0.27499999999999997,0.0,0.0,0.7000000000000003,0.08571428571428573,0.007142857142857143,0.17142857142857146,0.8000000000000004,0.30000000000000004,0.1,0.7500000000000003,0.5428571428571419,0.40714285714285664,0.6785714285714272
0.3567307692307689,0.9189453125,1.2412109375,0.27499999999999997,0.0,0.0,0.7000000000000003,0.08571428571428573,0.007142857142857143,0.17142857142857146,0.8000000000000004,0.30000000000000004,0.1,0.7500000000000003,0.5428571428571419,0.40714285714285664,0.6857142857142843
0.3576923076923073,0.92138671875,1.2431640625,0.27499999999999997,0.0,0.0,0.7000000000000003,0.08571428571428573,0.007142857142857143,0.17142857142857146,0.8000000000000004,0.30000000000000004,0.1,0.7500000000000003,0.5428571428571419,0.40714285714285664,0.6928571428571414
0.35865384615384577,0.923828125,1.24609375,0.27499999999999997,0.0,0.0,0.7000000000000003,0.08571428571428573,0.007142857142857143,0.17142857142857146,0.8250000000000004,0.30000000000000004,0.1,0.7500000000000003,0.5428571428571419,0.40714285714285664,0.6928571428571414
0.3596153846153843,0.9267578125,1.25,0.27499999999999997,0.0,0.0,0.7000000000000003,0.09285714285714287,0.007142857142857143,0.17142857142857146,0.8250000000000004,0.30000000000000004,0.1,0.7500000000000003,0.5428571428571419,0.40714285714285664,0.6928571428571414
0.36057692307692274,0.92919921875,1.25,0.27499999999999997,0.0,0.0,0.7000000000000003,0.09285714285714287,0.007142857142857143,0.17142857142857146,0.8250000000000004,0.30000000000000004,0.1,0.7500000000000003,0.549999999999999,0.40714285714285664,0.6928571428571414
0.3615384615384612,0.931640625,1.2529296875,0.27499999999999997,0.0,0.0,0.7000000000000003,0.09285714285714287,0.007142857142857143,0.17142857142857146,0.8250000000000004,0.30000000000000004,0.1,0.7500000000000003,0.5571428571428562,0.40714285714285664,0.6928571428571414
0.3624999999999996,0.93408203125,1.255859375,0.27499999999999997,0.0,0.0,0.7000000000000003,0.10000000000000002,0.007142857142857143,0.17142857142857146,0.8250000000000004,0.30000000000000004,0.1,0.7500000000000003,0.5571428571428562,0.40714285714285664,0.6928571428571414
0.3634615384615381,0.9365234375,1.2587890625,0.27499999999999997,0.0,0.0,0.7000000000000003,0.10000000000000002,0.007142857142857143,0.17142857142857146,0.8250000000000004,0.30000000000000004,0.1,0.7500000000000003,0.5642857142857133,0.40714285714285664,0.6928571428571414
0.36442307692307657,0.93896484375,1.26171875,0.27499999999999997,0.0,0.0,0.7000000000000003,0.10000000000000002,0.007142857142857143,0.17142857142857146,0.8250000000000004,0.30000000000000004,0.1,0.7500000000000003,0.5714285714285704,0.40714285714285664,0.6928571428571414
0.36538461538461503,0.94140625,1.265625,0.27499999999999997,0.0,0.0,0.7000000000000003,0.10000000000000002,0.014285714285714285,0.17142857142857146,0.8250000000000004,0.30000000000000004,0.1,0.7500000000000003,0.5714285714285704,0.40714285714285664,0.6928571428571414
0.36634615384615354,0.943359375,1.2685546875,0.27499999999999997,0.0,0.0,0.7000000000000003,0.10000000000000002,0.02142857142857143,0.17142857142857146,0.8250000000000004,0.30000000000000004,0.1,0.7500000000000003,0.5714285714285704,0.40714285714285664,0.6928571428571414
0.36730769230769195,0.9453125,1.271484375,0.27499999999999997,0.0,0.0,0.7000000000000003,0.10000000000000002,0.02857142857142857,0.17142857142857146,0.8250000000000004,0.30000000000000004,0.1,0.7500000000000003,0.5714285714285704,0.40714285714285664,0.6928571428571414
0.3682692307692304,0.94775390625,1.2724609375,0.27499999999999997,0.0,0.0,0.7000000000000003,0.10000000000000002,0.03571428571428571,0.17142857142857146,0.8250000000000004,0.30000000000000004,0.1,0.7500000000000003,0.5714285714285704,0.40714285714285664,0.6928571428571414
0.36923076923076886,0.9501953125,1.275390625,0.27499999999999997,0.0,0.0,0.7000000000000003,0.10000000000000002,0.04285714285714286,0.17142857142857146,0.8250000000000004,0.30000000000000004,0.1,0.7500000000000003,0.5714285714285704,0.40714285714285664,0.6928571428571414
0.37019230769230727,0.95263671875,1.2783203125,0.27499999999999997,0.0,0.0,0.7000000000000003,0.10000000000000002,0.04285714285714286,0.17142857142857146,0.8250000000000004,0.30000000000000004,0.1,0.7500000000000003,0.5785714285714275,0.40714285714285664,0.6928571428571414
0.3711538461538458,0.955078125,1.28125,0.27499999999999997,0.0,0.0,0.7000000000000003,0.10000000000000002,0.04285714285714286,0.17142857142857146,0.8250000000000004,0.30000000000000004,0.1,0.7500000000000003,0.5785714285714275,0.40714285714285664,0.6999999999999985
0.37211538461538424,0.95751953125,1.2841796875,0.27499999999999997,0.0,0.0,0.7000000000000003,0.10000000000000002,0.04285714285714286,0.17142857142857146,0.8250000000000004,0.30000000000000004,0.1,0.7500000000000003,0.5857142857142846,0.40714285714285664,0.6999999999999985
0.3730769230769227,0.9599609375,1.28515625,0.27499999999999997,0.0,0.0,0.7000000000000003,0.10000000000000002,0.04285714285714286,0.17142857142857146,0.8250000000000004,0.30000000000000004,0.1,0.7500000000000003,0.5857142857142846,0.41428571428571376,0.6999999999999985
0.3740384615384612,0.96240234375,1.2880859375,0.27499999999999997,0.0,0.0,0.7000000000000003,0.10000000000000002,0.04285714285714286,0.17142857142857146,0.8250000000000004,0.30000000000000004,0.1,0.7500000000000003,0.5857142857142846,0.4214285714285709,0.6999999999999985
0.3749999999999996,0.96435546875,1.291015625,0.27499999999999997,0.0,0.0,0.7000000000000003,0.10000000000000002,0.04285714285714286,0.17142857142857146,0.8250000000000004,0.30000000000000004,0.1,0.7500000000000003,0.5857142857142846,0.428571428571428,0.6999999999999985
0.37596153846153807,0.96630859375,1.2939453125,0.27499999999999997,0.0,0.0,0.7000000000000003,0.10000000000000002,0.04285714285714286,0.17142857142857146,0.8250000000000004,0.30000000000000004,0.1,0.7500000000000003,0.5857142857142846,0.4357142857142851,0.6999999999999985
0.3769230769230765,0.96875,1.296875,0.27499999999999997,0.0,0.0,0.7000000000000003,0.10000000000000002,0.04285714285714286,0.17142857142857146,0.8250000000000004,0.30000000000000004,0.1,0.7500000000000003,0.5928571428571418,0.4357142857142851,0.6999999999999985
0.37788461538461493,0.970703125,1.2978515625,0.27499999999999997,0.0,0.0,0.7000000000000003,0.10000000000000002,0.04285714285714286,0.17142857142857146,0.8250000000000004,0.30000000000000004,0.1,0.7500000000000003,0.5999999999999989,0.4357142857142851,0.6999999999999985
0.37884615384615344,0.97314453125,1.30078125,0.27499999999999997,0.0,0.0,0.7000000000000003,0.10000000000000002,0.04285714285714286,0.17142857142857146,0.8250000000000004,0.30000000000000004,0.1,0.7500000000000003,0.5999999999999989,0.4357142857142851,0.7071428571428556
0.3798076923076919,0.9755859375,1.3037109375,0.27499999999999997,0.0,0.0,0.7000000000000003,0.10000000000000002,0.05,0.17142857142857146,0.8250000000000004,0.30000000000000004,0.1,0.7500000000000003,0.5999999999999989,0.4357142857142851,0.7071428571428556
0.38076923076923036,0.97802734375,1.306640625,0.27499999999999997,0.0,0.0,0.7000000000000003,0.10000000000000002,0.05,0.17142857142857146,0.8250000000000004,0.30000000000000004,0.1,0.7500000000000003,0.5999999999999989,0.4428571428571422,0.7071428571428556
0.3817307692307689,0.98046875,1.3095703125,0.27499999999999997,0.0,0.0,0.7000000000000003,0.10000000000000002,0.05,0.17142857142857146,0.8250000000000004,0.30000000000000004,0.1,0.7500000000000003,0.5999999999999989,0.44999999999999934,0.7071428571428556
0.38269230769230733,0.982421875,1.3125,0.27499999999999997,0.0,0.0,0.7000000000000003,0.10000000000000002,0.05,0.17142857142857146,0.8250000000000004,0.30000000000000004,0.1,0.7500000000000003,0.5999999999999989,0.45714285714285646,0.7071428571428556
0.38365384615384573,0.98486328125,1.3154296875,0.27499999999999997,0.0,0.0,0.7000000000000003,0.10000000000000002,0.05,0.17142857142857146,0.8250000000000004,0.30000000000000004,0.1,0.7750000000000004,0.5999999999999989,0.45714285714285646,0.7071428571428556
0.3846153846153842,0.9873046875,1.318359375,0.27499999999999997,0.0,0.0,0.7000000000000003,0.10000000000000002,0.05,0.17142857142857146,0.8250000000000004,0.30000000000000004,0.1,0.7750000000000004,0.5999999999999989,0.45714285714285646,0.7142857142857127
0.3855769230769227,0.98974609375,1.3193359375,0.27499999999999997,0.0,0.0,0.7000000000000003,0.10000000000000002,0.05,0.17142857142857146,0.8250000000000004,0.30000000000000004,0.1,0.7750000000000004,0.607142857142856,0.45714285714285646,0.7142857142857127
0.38653846153846116,0.9921875,1.322265625,0.27499999999999997,0.0,0.0,0.7000000000000003,0.10000000000000002,0.05,0.17142857142857146,0.8250000000000004,0.30000000000000004,0.1,0.7750000000000004,0.6142857142857131,0.45714285714285646,0.7142857142857127
0.3874999999999996,0.99462890625,1.326171875,0.27499999999999997,0.0,0.0,0.7000000000000003,0.10000000000000002,0.05,0.1785714285714286,0.8250000000000004,0.30000000000000004,0.1,0.7750000000000004,0.6142857142857131,0.45714285714285646,0.7142857142857127
0.3884615384615381,0.9970703125,1.3291015625,0.27499999999999997,0.0,0.0,0.7000000000000003,0.10000000000000002,0.05,0.1785714285714286,0.8250000000000004,0.30000000000000004,0.1,0.7750000000000004,0.6214285714285702,0.45714285714285646,0.7142857142857127
0.38942307692307654,0.99951171875,1.330078125,0.27499999999999997,0.0,0.0,0.7000000000000003,0.10000000000000002,0.05,0.18571428571428575,0.8250000000000004,0.30000000000000004,0.1,0.7750000000000004,0.6214285714285702,0.45714285714285646,0.7142857142857127
0.390384615384615,1.001953125,1.3330078125,0.3,0.0,0.0,0.7000000000000003,0.10000000000000002,0.05,0.18571428571428575,0.8250000000000004,0.30000000000000004,0.1,0.7750000000000004,0.6214285714285702,0.45714285714285646,0.7142857142857127
0.39134615384615346,1.0048828125,1.3349609375,0.3,0.0,0.0,0.7250000000000003,0.10000000000000002,0.05,0.18571428571428575,0.8250000000000004,0.30000000000000004,0.1,0.7750000000000004,0.6214285714285702,0.45714285714285646,0.7142857142857127
0.39230769230769186,1.0078125,1.3388671875,0.325,0.0,0.0,0.7250000000000003,0.10000000000000002,0.05,0.18571428571428575,0.8250000000000004,0.30000000000000004,0.1,0.7750000000000004,0.6214285714285702,0.45714285714285646,0.7142857142857127
0.3932692307692304,1.0107421875,1.341796875,0.35000000000000003,0.0,0.0,0.7250000000000003,0.10000000000000002,0.05,0.18571428571428575,0.8250000000000004,0.30000000000000004,0.1,0.7750000000000004,0.6214285714285702,0.45714285714285646,0.7142857142857127
0.39423076923076883,1.013671875,1.3447265625,0.35000000000000003,0.0,0.0,0.7250000000000003,0.10714285714285716,0.05,0.18571428571428575,0.8250000000000004,0.30000000000000004,0.1,0.7750000000000004,0.6214285714285702,0.45714285714285646,0.7142857142857127
0.3951923076923073,1.015625,1.34765625,0.35000000000000003,0.0,0.0,0.7250000000000003,0.10714285714285716,0.05,0.18571428571428575,0.8250000000000004,0.30000000000000004,0.1,0.7750000000000004,0.6214285714285702,0.45714285714285646,0.7214285714285699
0.39615384615384575,1.0185546875,1.3505859375,0.35000000000000003,0.0,0.0,0.7250000000000003,0.11428571428571431,0.05,0.18571428571428575,0.8250000000000004,0.30000000000000004,0.1,0.7750000000000004,0.6214285714285702,0.45714285714285646,0.7214285714285699
0.39711538461538426,1.021484375,1.3515625,0.35000000000000003,0.0,0.0,0.7250000000000003,0.11428571428571431,0.05714285714285715,0.18571428571428575,0.8250000000000004,0.30000000000000004,0.1,0.7750000000000004,0.6214285714285702,0.45714285714285646,0.7214285714285699
0.39807692307692266,1.0244140625,1.3544921875,0.35000000000000003,0.0,0.0,0.7250000000000003,0.12142857142857146,0.05714285714285715,0.18571428571428575,0.8250000000000004,0.30000000000000004,0.1,0.7750000000000004,0.6214285714285702,0.45714285714285646,0.7214285714285699
0.3990384615384611,1.02734375,1.3583984375,0.35000000000000003,0.0,0.0,0.7250000000000003,0.1285714285714286,0.05714285714285715,0.18571428571428575,0.8250000000000004,0.30000000000000004,0.1,0.7750000000000004,0.6214285714285702,0.45714285714285646,0.7214285714285699
0.3999999999999996,1.0302734375,1.361328125,0.35000000000000003,0.0,0.0,0.7250000000000003,0.13571428571428573,0.05714285714285715,0.18571428571428575,0.8250000000000004,0.30000000000000004,0.1,0.7750000000000004,0.6214285714285702,0.45714285714285646,0.7214285714285699
0.4009615384615381,1.033203125,1.3642578125,0.35000000000000003,0.0,0.0,0.7250000000000003,0.14285714285714288,0.05714285714285715,0.18571428571428575,0.8250000000000004,0.30000000000000004,0.1,0.7750000000000004,0.6214285714285702,0.45714285714285646,0.7214285714285699
0.40192307692307655,1.0361328125,1.3671875,0.35000000000000003,0.0,0.0,0.7250000000000003,0.14285714285714288,0.0642857142857143,0.18571428571428575,0.8250000000000004,0.30000000000000004,0.1,0.7750000000000004,0.6214285714285702,0.45714285714285646,0.7214285714285699
0.40288461538461495,1.0390625,1.3681640625,0.35000000000000003,0.0,0.0,0.7250000000000003,0.14285714285714288,0.07142857142857144,0.18571428571428575,0.8250000000000004,0.30000000000000004,0.1,0.7750000000000004,0.6214285714285702,0.45714285714285646,0.7214285714285699
0.4038461538461534,1.041015625,1.37109375,0.35000000000000003,0.0,0.0,0.7250000000000003,0.14285714285714288,0.07142857142857144,0.1928571428571429,0.8250000000000004,0.30000000000000004,0.1,0.7750000000000004,0.6214285714285702,0.45714285714285646,0.7214285714285699
0.4048076923076919,1.0439453125,1.3740234375,0.35000000000000003,0.0,0.0,0.7250000000000003,0.14285714285714288,0.07857142857142858,0.1928571428571429,0.8250000000000004,0.30000000000000004,0.1,0.7750000000000004,0.6214285714285702,0.45714285714285646,0.7214285714285699
0.4057692307692304,1.046875,1.3759765625,0.35000000000000003,0.0,0.0,0.7250000000000003,0.14285714285714288,0.08571428571428573,0.1928571428571429,0.8250000000000004,0.30000000000000004,0.1,0.7750000000000004,0.6214285714285702,0.45714285714285646,0.7214285714285699
0.40673076923076884,1.0498046875,1.3798828125,0.35000000000000003,0.0,0.0,0.7250000000000003,0.14285714285714288,0.08571428571428573,0.20000000000000004,0.8250000000000004,0.30000000000000004,0.1,0.7750000000000004,0.6214285714285702,0.45714285714285646,0.7214285714285699
0.40769230769230735,1.0517578125,1.3828125,0.35000000000000003,0.0,0.0,0.7250000000000003,0.14285714285714288,0.08571428571428573,0.20000000000000004,0.8250000000000004,0.30000000000000004,0.1,0.7750000000000004,0.6214285714285702,0.45714285714285646,0.728571428571427
0.40865384615384576,1.0546875,1.3857421875,0.35000000000000003,0.0,0.0,0.7250000000000003,0.14285714285714288,0.08571428571428573,0.20714285714285718,0.8250000000000004,0.30000000000000004,0.1,0.7750000000000004,0.6214285714285702,0.45714285714285646,0.728571428571427
0.40961538461538416,1.056640625,1.38671875,0.35000000000000003,0.0,0.0,0.7250000000000003,0.14285714285714288,0.08571428571428573,0.20714285714285718,0.8250000000000004,0.30000000000000004,0.1,0.7750000000000004,0.6214285714285702,0.45714285714285646,0.7357142857142841
0.4105769230769226,1.0595703125,1.3896484375,0.35000000000000003,0.0,0.0,0.7250000000000003,0.14285714285714288,0.08571428571428573,0.21428571428571433,0.8250000000000004,0.30000000000000004,0.1,0.7750000000000004,0.6214285714285702,0.45714285714285646,0.7357142857142841
0.4115384615384611,1.0615234375,1.392578125,0.35000000000000003,0.0,0.0,0.7250000000000003,0.14285714285714288,0.08571428571428573,0.21428571428571433,0.8250000000000004,0.30000000000000004,0.1,0.7750000000000004,0.6214285714285702,0.45714285714285646,0.7428571428571412
0.4124999999999996,1.064453125,1.3955078125,0.35000000000000003,0.0,0.0,0.7250000000000003,0.14285714285714288,0.09285714285714287,0.21428571428571433,0.8250000000000004,0.30000000000000004,0.1,0.7750000000000004,0.6214285714285702,0.45714285714285646,0.7428571428571412
0.41346153846153805,1.0673828125,1.3984375,0.35000000000000003,0.0,0.0,0.7250000000000003,0.14285714285714288,0.09285714285714287,0.22142857142857147,0.8250000000000004,0.30000000000000004,0.1,0.7750000000000004,0.6214285714285702,0.45714285714285646,0.7428571428571412
0.4144230769230765,1.0703125,1.4013671875,0.35000000000000003,0.0,0.0,0.7250000000000003,0.14285714285714288,0.10000000000000002,0.22142857142857147,0.8250000000000004,0.30000000000000004,0.1,0.7750000000000004,0.6214285714285702,0.45714285714285646,0.7428571428571412
0.415384615384615,1.0732421875,1.404296875,0.35000000000000003,0.0,0.0,0.7250000000000003,0.14285714285714288,0.10000000000000002,0.22857142857142862,0.8250000000000004,0.30000000000000004,0.1,0.7750000000000004,0.6214285714285702,0.45714285714285646,0.7428571428571412
0.4163461538461535,1.0751953125,1.4052734375,0.35000000000000003,0.0,0.0,0.7250000000000003,0.14285714285714288,0.10000000000000002,0.22857142857142862,0.8250000000000004,0.30000000000000004,0.1,0.7750000000000004,0.6214285714285702,0.4642857142857136,0.7428571428571412
0.4173076923076919,1.0771484375,1.408203125,0.35000000000000003,0.0,0.0,0.7250000000000003,0.14285714285714288,0.10000000000000002,0.22857142857142862,0.8250000000000004,0.30000000000000004,0.1,0.7750000000000004,0.6214285714285702,0.4714285714285707,0.7428571428571412
0.41826923076923034,1.0791015625,1.41015625,0.35000000000000003,0.0,0.0,0.7250000000000003,0.14285714285714288,0.10000000000000002,0.22857142857142862,0.8250000000000004,0.30000000000000004,0.1,0.7750000000000004,0.6214285714285702,0.4785714285714278,0.7428571428571412
0.41923076923076874,1.08203125,1.4140625,0.35000000000000003,0.0,0.0,0.7250000000000003,0.14285714285714288,0.10000000000000002,0.23571428571428577,0.8250000000000004,0.30000000000000004,0.1,0.7750000000000004,0.6214285714285702,0.4785714285714278,0.7428571428571412
0.42019230769230725,1.083984375,1.4169921875,0.35000000000000003,0.0,0.0,0.7250000000000003,0.14285714285714288,0.10000000000000002,0.23571428571428577,0.8250000000000004,0.30000000000000004,0.1,0.7750000000000004,0.6214285714285702,0.48571428571428493,0.7428571428571412
0.4211538461538457,1.0859375,1.419921875,0.35000000000000003,0.0,0.0,0.7250000000000003,0.14285714285714288,0.10000000000000002,0.23571428571428577,0.8250000000000004,0.30000000000000004,0.1,0.7750000000000004,0.6214285714285702,0.49285714285714205,0.7428571428571412
0.42211538461538417,1.0888671875,1.4228515625,0.35000000000000003,0.0,0.0,0.7250000000000003,0.14285714285714288,0.10000000000000002,0.2428571428571429,0.8250000000000004,0.30000000000000004,0.1,0.7750000000000004,0.6214285714285702,0.49285714285714205,0.7428571428571412
0.4230769230769227,1.0908203125,1.423828125,0.35000000000000003,0.0,0.0,0.7250000000000003,0.14285714285714288,0.10000000000000002,0.2428571428571429,0.8250000000000004,0.30000000000000004,0.1,0.7750000000000004,0.6214285714285702,0.49285714285714205,0.7499999999999983
0.42403846153846114,1.09375,1.4267578125,0.35000000000000003,0.0,0.0,0.7250000000000003,0.14285714285714288,0.10000000000000002,0.25000000000000006,0.8250000000000004,0.30000000000000004,0.1,0.7750000000000004,0.6214285714285702,0.49285714285714205,0.7499999999999983
0.4249999999999996,1.095703125,1.4287109375,0.35000000000000003,0.0,0.0,0.7250000000000003,0.14285714285714288,0.10000000000000002,0.25000000000000006,0.8250000000000004,0.30000000000000004,0.1,0.7750000000000004,0.6214285714285702,0.49285714285714205,0.7571428571428555
0.425961538461538,1.0986328125,1.431640625,0.35000000000000003,0.0,0.0,0.7250000000000003,0.14285714285714288,0.10000000000000002,0.2571428571428572,0.8250000000000004,0.30000000000000004,0.1,0.7750000000000004,0.6214285714285702,0.49285714285714205,0.7571428571428555
0.4269230769230764,1.1015625,1.4345703125,0.37500000000000006,0.0,0.0,0.7250000000000003,0.14285714285714288,0.10000000000000002,0.2571428571428572,0.8250000000000004,0.30000000000000004,0.1,0.7750000000000004,0.6214285714285702,0.49285714285714205,0.7571428571428555
0.427884615384615,1.1044921875,1.4375,0.37500000000000006,0.0,0.0,0.7250000000000003,0.14285714285714288,0.10000000000000002,0.2642857142857143,0.8250000000000004,0.30000000000000004,0.1,0.7750000000000004,0.6214285714285702,0.49285714285714205,0.7571428571428555
0.4288461538461534,1.1064453125,1.4384765625,0.37500000000000006,0.0,0.0,0.7250000000000003,0.14285714285714288,0.10000000000000002,0.2642857142857143,0.8250000000000004,0.30000000000000004,0.1,0.7750000000000004,0.6214285714285702,0.49285714285714205,0.7642857142857126
0.42980769230769184,1.109375,1.44140625,0.37500000000000006,0.0,0.0,0.7250000000000003,0.14285714285714288,0.10000000000000002,0.2714285714285714,0.8250000000000004,0.30000000000000004,0.1,0.7750000000000004,0.6214285714285702,0.49285714285714205,0.7642857142857126
0.43076923076923035,1.1123046875,1.4443359375,0.37500000000000006,0.0,0.0,0.7250000000000003,0.14285714285714288,0.10000000000000002,0.2785714285714285,0.8250000000000004,0.30000000000000004,0.1,0.7750000000000004,0.6214285714285702,0.49285714285714205,0.7642857142857126
0.43173076923076875,1.115234375,1.447265625,0.37500000000000006,0.0,0.0,0.7500000000000003,0.14285714285714288,0.10000000000000002,0.2785714285714285,0.8250000000000004,0.30000000000000004,0.1,0.7750000000000004,0.6214285714285702,0.49285714285714205,0.7642857142857126
0.4326923076923072,1.1181640625,1.4501953125,0.37500000000000006,0.0,0.0,0.7500000000000003,0.14285714285714288,0.10000000000000002,0.28571428571428564,0.8250000000000004,0.30000000000000004,0.1,0.7750000000000004,0.6214285714285702,0.49285714285714205,0.7642857142857126
0.43365384615384567,1.12109375,1.453125,0.37500000000000006,0.0,0.0,0.7500000000000003,0.15000000000000002,0.10000000000000002,0.28571428571428564,0.8250000000000004,0.30000000000000004,0.1,0.7750000000000004,0.6214285714285702,0.49285714285714205,0.7642857142857126
0.4346153846153842,1.1240234375,1.4541015625,0.37500000000000006,0.0,0.0,0.7500000000000003,0.15714285714285717,0.10000000000000002,0.28571428571428564,0.8250000000000004,0.30000000000000004,0.1,0.7750000000000004,0.6214285714285702,0.49285714285714205,0.7642857142857126
0.43557692307692264,1.126953125,1.45703125,0.37500000000000006,0.0,0.0,0.7500000000000003,0.15714285714285717,0.10000000000000002,0.28571428571428564,0.8500000000000004,0.30000000000000004,0.1,0.7750000000000004,0.6214285714285702,0.49285714285714205,0.7642857142857126
0.4365384615384611,1.1298828125,1.4599609375,0.4000000000000001,0.0,0.0,0.7500000000000003,0.15714285714285717,0.10000000000000002,0.28571428571428564,0.8500000000000004,0.30000000000000004,0.1,0.7750000000000004,0.6214285714285702,0.49285714285714205,0.7642857142857126
0.4374999999999996,1.1328125,1.462890625,0.4000000000000001,0.0,0.0,0.7500000000000003,0.15714285714285717,0.10000000000000002,0.28571428571428564,0.8500000000000004,0.4,0.1,0.7750000000000004,0.6214285714285702,0.49285714285714205,0.7642857142857126
0.438461538461538,1.1357421875,1.4658203125,0.4000000000000001,0.0,0.0,0.7500000000000003,0.15714285714285717,0.10000000000000002,0.28571428571428564,0.8500000000000004,0.4,0.1,0.7750000000000004,0.6285714285714273,0.49285714285714205,0.7642857142857126
0.43942307692307647,1.1376953125,1.46875,0.4000000000000001,0.0,0.0,0.7500000000000003,0.15714285714285717,0.10000000000000002,0.28571428571428564,0.8500000000000004,0.4,0.1,0.7750000000000004,0.6357142857142845,0.49285714285714205,0.7642857142857126
0.44038461538461493,1.1396484375,1.4697265625,0.4000000000000001,0.0,0.0,0.7500000000000003,0.15714285714285717,0.10000000000000002,0.28571428571428564,0.8500000000000004,0.4,0.1,0.7750000000000004,0.6428571428571416,0.49285714285714205,0.7642857142857126
0.44134615384615333,1.142578125,1.47265625,0.4000000000000001,0.0,0.0,0.7500000000000003,0.15714285714285717,0.10000000000000002,0.29285714285714276,0.8500000000000004,0.4,0.1,0.7750000000000004,0.6428571428571416,0.49285714285714205,0.7642857142857126
0.44230769230769185,1.1455078125,1.4755859375,0.4000000000000001,0.0,0.0,0.7500000000000003,0.1642857142857143,0.10000000000000002,0.29285714285714276,0.8500000000000004,0.4,0.1,0.7750000000000004,0.6428571428571416,0.49285714285714205,0.7642857142857126
0.4432692307692303,1.1484375,1.478515625,0.4000000000000001,0.0,0.0,0.7500000000000003,0.1642857142857143,0.10000000000000002,0.2999999999999999,0.8500000000000004,0.4,0.1,0.7750000000000004,0.6428571428571416,0.49285714285714205,0.7642857142857126
0.44423076923076876,1.150390625,1.4814453125,0.4000000000000001,0.0,0.0,0.7500000000000003,0.1642857142857143,0.10000000000000002,0.2999999999999999,0.8500000000000004,0.4,0.1,0.7750000000000004,0.6499999999999987,0.49285714285714205,0.7642857142857126
0.44519230769230717,1.1533203125,1.484375,0.4000000000000001,0.0,0.0,0.7500000000000003,0.1642857142857143,0.10000000000000002,0.2999999999999999,0.8500000000000004,0.4,0.1,0.7750000000000004,0.6571428571428558,0.49285714285714205,0.7642857142857126
0.4461538461538457,1.1552734375,1.486328125,0.4000000000000001,0.0,0.0,0.7500000000000003,0.1642857142857143,0.10000000000000002,0.2999999999999999,0.8500000000000004,0.4,0.1,0.7750000000000004,0.6642857142857129,0.49285714285714205,0.7642857142857126
0.44711538461538414,1.1572265625,1.4873046875,0.4000000000000001,0.0,0.0,0.7500000000000003,0.1642857142857143,0.10000000000000002,0.2999999999999999,0.8500000000000004,0.4,0.1,0.7750000000000004,0.67142857142857,0.49285714285714205,0.7642857142857126
0.4480769230769226,1.16015625,1.4912109375,0.4000000000000001,0.0,0.0,0.7500000000000003,0.1642857142857143,0.10714285714285716,0.2999999999999999,0.8500000000000004,0.4,0.1,0.7750000000000004,0.67142857142857,0.49285714285714205,0.7642857142857126
0.449038461538461,1.1630859375,1.494140625,0.4000000000000001,0.0,0.0,0.7500000000000003,0.1642857142857143,0.11428571428571431,0.2999999999999999,0.8500000000000004,0.4,0.1,0.7750000000000004,0.67142857142857,0.49285714285714205,0.7642857142857126
0.4499999999999995,1.166015625,1.4970703125,0.4000000000000001,0.0,0.0,0.7500000000000003,0.1642857142857143,0.11428571428571431,0.307142857142857,0.8500000000000004,0.4,0.1,0.7750000000000004,0.67142857142857,0.49285714285714205,0.7642857142857126
0.45096153846153797,1.1689453125,1.4990234375,0.4000000000000001,0.0,0.0,0.7500000000000003,0.1642857142857143,0.11428571428571431,0.3142857142857141,0.8500000000000004,0.4,0.1,0.7750000000000004,0.67142857142857,0.49285714285714205,0.7642857142857126
0.4519230769230764,1.171875,1.5029296875,0.4000000000000001,0.0,0.0,0.7500000000000003,0.1642857142857143,0.11428571428571431,0.32142857142857123,0.8500000000000004,0.4,0.1,0.7750000000000004,0.67142857142857,0.49285714285714205,0.7642857142857126
0.45288461538461494,1.173828125,1.50390625,0.4000000000000001,0.0,0.0,0.7500000000000003,0.1642857142857143,0.11428571428571431,0.32142857142857123,0.8500000000000004,0.4,0.1,0.7750000000000004,0.6785714285714272,0.49285714285714205,0.7642857142857126
0.45384615384615334,1.1767578125,1.505859375,0.4000000000000001,0.0,0.0,0.7500000000000003,0.1642857142857143,0.11428571428571431,0.32857142857142835,0.8500000000000004,0.4,0.1,0.7750000000000004,0.6785714285714272,0.49285714285714205,0.7642857142857126
0.45480769230769175,1.1787109375,1.509765625,0.4000000000000001,0.0,0.0,0.7500000000000003,0.1642857142857143,0.11428571428571431,0.32857142857142835,0.8500000000000004,0.4,0.1,0.7750000000000004,0.6785714285714272,0.49999999999999917,0.7642857142857126
0.4557692307692302,1.1806640625,1.5126953125,0.4000000000000001,0.0,0.0,0.7500000000000003,0.1642857142857143,0.11428571428571431,0.32857142857142835,0.8500000000000004,0.4,0.1,0.7750000000000004,0.6785714285714272,0.5071428571428563,0.7642857142857126
0.45673076923076866,1.18359375,1.5146484375,0.4000000000000001,0.0,0.0,0.7500000000000003,0.17142857142857146,0.11428571428571431,0.32857142857142835,0.8500000000000004,0.4,0.1,0.7750000000000004,0.6785714285714272,0.5071428571428563,0.7642857142857126
0.4576923076923072,1.1865234375,1.517578125,0.4000000000000001,0.0,0.0,0.7500000000000003,0.17142857142857146,0.11428571428571431,0.33571428571428547,0.8500000000000004,0.4,0.1,0.7750000000000004,0.6785714285714272,0.5071428571428563,0.7642857142857126
0.45865384615384563,1.189453125,1.5205078125,0.4000000000000001,0.0,0.0,0.7500000000000003,0.17142857142857146,0.11428571428571431,0.3428571428571426,0.8500000000000004,0.4,0.1,0.7750000000000004,0.6785714285714272,0.5071428571428563,0.7642857142857126
0.45961538461538404,1.1923828125,1.5234375,0.4000000000000001,0.0,0.0,0.7500000000000003,0.17142857142857146,0.11428571428571431,0.3499999999999997,0.8500000000000004,0.4,0.1,0.7750000000000004,0.6785714285714272,0.5071428571428563,0.7642857142857126
0.4605769230769225,1.1953125,1.5244140625,0.4000000000000001,0.0,0.0,0.7500000000000003,0.17142857142857146,0.11428571428571431,0.3571428571428568,0.8500000000000004,0.4,0.1,0.7750000000000004,0.6785714285714272,0.5071428571428563,0.7642857142857126
0.461538461538461,1.197265625,1.52734375,0.4000000000000001,0.0,0.0,0.7500000000000003,0.17142857142857146,0.11428571428571431,0.3571428571428568,0.8500000000000004,0.4,0.1,0.7750000000000004,0.6785714285714272,0.5142857142857135,0.7642857142857126
0.46249999999999947,1.19921875,1.5302734375,0.4000000000000001,0.0,0.0,0.7500000000000003,0.17142857142857146,0.11428571428571431,0.3571428571428568,0.8500000000000004,0.4,0.1,0.7750000000000004,0.6785714285714272,0.5214285714285706,0.7642857142857126
0.4634615384615379,1.2021484375,1.533203125,0.4000000000000001,0.0,0.0,0.7500000000000003,0.17142857142857146,0.11428571428571431,0.36428571428571394,0.8500000000000004,0.4,0.1,0.7750000000000004,0.6785714285714272,0.5214285714285706,0.7642857142857126
0.46442307692307644,1.205078125,1.53515625,0.4000000000000001,0.0,0.0,0.7500000000000003,0.17142857142857146,0.11428571428571431,0.36428571428571394,0.8500000000000004,0.4,0.1,0.8000000000000004,0.6785714285714272,0.5214285714285706,0.7642857142857126
0.46538461538461484,1.2080078125,1.5390625,0.4000000000000001,0.0,0.0,0.7500000000000003,0.17142857142857146,0.11428571428571431,0.36428571428571394,0.8500000000000004,0.4,0.1,0.8000000000000004,0.6857142857142843,0.5214285714285706,0.7642857142857126
0.4663461538461533,1.2099609375,1.5419921875,0.4000000000000001,0.0,0.0,0.7500000000000003,0.17142857142857146,0.11428571428571431,0.36428571428571394,0.8500000000000004,0.4,0.1,0.8000000000000004,0.6857142857142843,0.5285714285714277,0.7642857142857126
0.46730769230769176,1.2119140625,1.5439453125,0.4000000000000001,0.0,0.0,0.7500000000000003,0.17142857142857146,0.11428571428571431,0.36428571428571394,0.8500000000000004,0.4,0.1,0.8000000000000004,0.6857142857142843,0.5357142857142848,0.7642857142857126
0.46826923076923027,1.2138671875,1.546875,0.4000000000000001,0.0,0.0,0.7500000000000003,0.17142857142857146,0.11428571428571431,0.36428571428571394,0.8500000000000004,0.4,0.1,0.8000000000000004,0.6857142857142843,0.5428571428571419,0.7642857142857126
0.4692307692307687,1.2158203125,1.5498046875,0.4000000000000001,0.0,0.0,0.7500000000000003,0.17142857142857146,0.11428571428571431,0.36428571428571394,0.8500000000000004,0.4,0.1,0.8000000000000004,0.6928571428571414,0.5428571428571419,0.7642857142857126
0.47019230769230713,1.21875,1.552734375,0.4000000000000001,0.0,0.0,0.7500000000000003,0.17142857142857146,0.11428571428571431,0.37142857142857105,0.8500000000000004,0.4,0.1,0.8000000000000004,0.6928571428571414,0.5428571428571419,0.7642857142857126
0.4711538461538456,1.2216796875,1.5546875,0.4000000000000001,0.0,0.0,0.7500000000000003,0.17142857142857146,0.11428571428571431,0.37142857142857105,0.8500000000000004,0.4,0.1,0.8000000000000004,0.6999999999999985,0.5428571428571419,0.7642857142857126
0.4721153846153841,1.2236328125,1.5556640625,0.4000000000000001,0.0,0.0,0.7500000000000003,0.17142857142857146,0.11428571428571431,0.37142857142857105,0.8500000000000004,0.4,0.1,0.8000000000000004,0.7071428571428556,0.5428571428571419,0.7642857142857126
0.47307692307692256,1.2255859375,1.55859375,0.4000000000000001,0.0,0.0,0.7500000000000003,0.17142857142857146,0.11428571428571431,0.37142857142857105,0.8500000000000004,0.4,0.1,0.8000000000000004,0.7142857142857127,0.5428571428571419,0.7642857142857126
0.474038461538461,1.2275390625,1.5625,0.4000000000000001,0.0,0.0,0.7500000000000003,0.17142857142857146,0.11428571428571431,0.37142857142857105,0.8500000000000004,0.4,0.1,0.8000000000000004,0.7142857142857127,0.5428571428571419,0.7714285714285697
0.4749999999999994,1.23046875,1.5654296875,0.4000000000000001,0.0,0.0,0.7500000000000003,0.17142857142857146,0.11428571428571431,0.37857142857142817,0.8500000000000004,0.4,0.1,0.8000000000000004,0.7142857142857127,0.5428571428571419,0.7714285714285697
0.47596153846153794,1.2333984375,1.5673828125,0.4000000000000001,0.0,0.0,0.7500000000000003,0.17142857142857146,0.11428571428571431,0.3857142857142853,0.8500000000000004,0.4,0.1,0.8000000000000004,0.7142857142857127,0.5428571428571419,0.7714285714285697
0.4769230769230764,1.236328125,1.5703125,0.4000000000000001,0.0,0.0,0.7500000000000003,0.17142857142857146,0.11428571428571431,0.3857142857142853,0.8500000000000004,0.4,0.1,0.8000000000000004,0.7214285714285699,0.5428571428571419,0.7714285714285697
0.47788461538461485,1.23828125,1.572265625,0.4000000000000001,0.0,0.0,0.7500000000000003,0.17142857142857146,0.11428571428571431,0.3857142857142853,0.8500000000000004,0.4,0.1,0.8000000000000004,0.7214285714285699,0.549999999999999,0.7714285714285697
0.47884615384615337,1.240234375,1.5751953125,0.4000000000000001,0.0,0.0,0.7500000000000003,0.17142857142857146,0.11428571428571431,0.3857142857142853,0.8500000000000004,0.4,0.1,0.8000000000000004,0.7214285714285699,0.5571428571428562,0.7714285714285697
0.47980769230769177,1.2421875,1.578125,0.4000000000000001,0.0,0.0,0.7500000000000003,0.17142857142857146,0.11428571428571431,0.3857142857142853,0.8500000000000004,0.4,0.1,0.8000000000000004,0.728571428571427,0.5571428571428562,0.7714285714285697
0.4807692307692302,1.2451171875,1.580078125,0.4000000000000001,0.0,0.0,0.7500000000000003,0.17142857142857146,0.11428571428571431,0.3857142857142853,0.8750000000000004,0.4,0.1,0.8000000000000004,0.728571428571427,0.5571428571428562,0.7714285714285697
0.4817307692307687,1.248046875,1.5830078125,0.4000000000000001,0.0,0.0,0.7500000000000003,0.17142857142857146,0.11428571428571431,0.3857142857142853,0.8750000000000004,0.4,0.1,0.8000000000000004,0.7357142857142841,0.5571428571428562,0.7714285714285697
0.4826923076923071,1.25,1.5859375,0.4000000000000001,0.0,0.0,0.7500000000000003,0.17142857142857146,0.11428571428571431,0.3857142857142853,0.8750000000000004,0.4,0.1,0.8000000000000004,0.7357142857142841,0.5642857142857133,0.7714285714285697
0.4836538461538456,1.251953125,1.5859375,0.4000000000000001,0.0,0.0,0.7500000000000003,0.17142857142857146,0.11428571428571431,0.3857142857142853,0.8750000000000004,0.4,0.1,0.8000000000000004,0.7357142857142841,0.5714285714285704,0.7714285714285697
0.48461538461538406,1.25390625,1.5888671875,0.4000000000000001,0.0,0.0,0.7500000000000003,0.17142857142857146,0.11428571428571431,0.3857142857142853,0.8750000000000004,0.4,0.1,0.8000000000000004,0.7357142857142841,0.5714285714285704,0.7785714285714268
0.4855769230769225,1.2568359375,1.591796875,0.4000000000000001,0.0,0.0,0.7500000000000003,0.17142857142857146,0.11428571428571431,0.3857142857142853,0.8750000000000004,0.5,0.1,0.8000000000000004,0.7357142857142841,0.5714285714285704,0.7785714285714268
0.48653846153846103,1.259765625,1.5947265625,0.4000000000000001,0.0,0.0,0.7500000000000003,0.17142857142857146,0.11428571428571431,0.3857142857142853,0.8750000000000004,0.5,0.1,0.8000000000000004,0.7428571428571412,0.5714285714285704,0.7785714285714268
0.4874999999999995,1.26171875,1.595703125,0.4000000000000001,0.0,0.0,0.7500000000000003,0.17142857142857146,0.11428571428571431,0.3857142857142853,0.8750000000000004,0.5,0.1,0.8000000000000004,0.7499999999999983,0.5714285714285704,0.7785714285714268
0.4884615384615379,1.2646484375,1.5986328125,0.4000000000000001,0.0,0.0,0.7500000000000003,0.17142857142857146,0.11428571428571431,0.3857142857142853,0.8750000000000004,0.5,0.1,0.8000000000000004,0.7571428571428555,0.5714285714285704,0.7785714285714268
0.4894230769230763,1.2666015625,1.6005859375,0.4000000000000001,0.0,0.0,0.7500000000000003,0.17142857142857146,0.11428571428571431,0.3857142857142853,0.8750000000000004,0.5,0.1,0.8000000000000004,0.7571428571428555,0.5714285714285704,0.7857142857142839
0.49038461538461475,1.2685546875,1.603515625,0.4000000000000001,0.0,0.0,0.7500000000000003,0.17142857142857146,0.11428571428571431,0.3857142857142853,0.8750000000000004,0.5,0.1,0.8000000000000004,0.7571428571428555,0.5714285714285704,0.792857142857141
0.49134615384615327,1.2705078125,1.6064453125,0.4000000000000001,0.0,0.0,0.7500000000000003,0.17142857142857146,0.11428571428571431,0.3857142857142853,0.8750000000000004,0.5,0.1,0.8000000000000004,0.7571428571428555,0.5714285714285704,0.7999999999999982
0.4923076923076917,1.2724609375,1.6103515625,0.4000000000000001,0.0,0.0,0.7500000000000003,0.17142857142857146,0.11428571428571431,0.3857142857142853,0.8750000000000004,0.5,0.1,0.8000000000000004,0.7571428571428555,0.5714285714285704,0.8071428571428553
0.4932692307692302,1.275390625,1.6123046875,0.4000000000000001,0.0,0.0,0.7500000000000003,0.17142857142857146,0.11428571428571431,0.3857142857142853,0.8750000000000004,0.5,0.1,0.8000000000000004,0.7642857142857126,0.5714285714285704,0.8071428571428553
0.4942307692307687,1.27734375,1.615234375,0.4000000000000001,0.0,0.0,0.7500000000000003,0.17142857142857146,0.11428571428571431,0.3857142857142853,0.8750000000000004,0.5,0.1,0.8000000000000004,0.7642857142857126,0.5785714285714275,0.8071428571428553
0.49519230769230715,1.279296875,1.615234375,0.4000000000000001,0.0,0.0,0.7500000000000003,0.17142857142857146,0.11428571428571431,0.3857142857142853,0.8750000000000004,0.5,0.1,0.8000000000000004,0.7642857142857126,0.5785714285714275,0.8142857142857124
0.49615384615384556,1.2822265625,1.619140625,0.4000000000000001,0.0,0.0,0.7500000000000003,0.1785714285714286,0.11428571428571431,0.3857142857142853,0.8750000000000004,0.5,0.1,0.8000000000000004,0.7642857142857126,0.5785714285714275,0.8142857142857124
0.49711538461538396,1.28515625,1.62109375,0.4000000000000001,0.0,0.0,0.7500000000000003,0.18571428571428575,0.11428571428571431,0.3857142857142853,0.8750000000000004,0.5,0.1,0.8000000000000004,0.7642857142857126,0.5785714285714275,0.8142857142857124
0.49807692307692253,1.2880859375,1.6240234375,0.4000000000000001,0.0,0.0,0.7500000000000003,0.18571428571428575,0.12142857142857146,0.3857142857142853,0.8750000000000004,0.5,0.1,0.8000000000000004,0.7642857142857126,0.5785714285714275,0.8142857142857124
0.49903846153846093,1.291015625,1.626953125,0.4000000000000001,0.0,0.0,0.7500000000000003,0.18571428571428575,0.1285714285714286,0.3857142857142853,0.8750000000000004,0.5,0.1,0.8000000000000004,0.7642857142857126,0.5785714285714275,0.8142857142857124
0.49999999999999944,1.29296875,1.62890625,0.4000000000000001,0.0,0.0,0.7500000000000003,0.18571428571428575,0.1285714285714286,0.3857142857142853,0.8750000000000004,0.5,0.1,0.8000000000000004,0.7642857142857126,0.5857142857142846,0.8142857142857124
0.5009615384615379,1.2958984375,1.6318359375,0.4000000000000001,0.0,0.0,0.7500000000000003,0.18571428571428575,0.1285714285714286,0.3857142857142853,0.8750000000000004,0.5,0.1,0.8000000000000004,0.7714285714285697,0.5857142857142846,0.8142857142857124
0.5019230769230764,1.2978515625,1.634765625,0.4000000000000001,0.0,0.0,0.7500000000000003,0.18571428571428575,0.1285714285714286,0.3857142857142853,0.8750000000000004,0.5,0.1,0.8000000000000004,0.7785714285714268,0.5857142857142846,0.8142857142857124
0.5028846153846148,1.30078125,1.6357421875,0.4000000000000001,0.0,0.0,0.7500000000000003,0.18571428571428575,0.13571428571428573,0.3857142857142853,0.8750000000000004,0.5,0.1,0.8000000000000004,0.7785714285714268,0.5857142857142846,0.8142857142857124
0.5038461538461532,1.302734375,1.6376953125,0.4000000000000001,0.0,0.0,0.7500000000000003,0.18571428571428575,0.13571428571428573,0.3857142857142853,0.8750000000000004,0.5,0.1,0.8000000000000004,0.7785714285714268,0.5928571428571418,0.8142857142857124
0.5048076923076917,1.3046875,1.640625,0.4000000000000001,0.0,0.0,0.7500000000000003,0.18571428571428575,0.13571428571428573,0.3857142857142853,0.8750000000000004,0.5,0.1,0.8000000000000004,0.7785714285714268,0.5999999999999989,0.8142857142857124
0.5057692307692302,1.3076171875,1.6435546875,0.4000000000000001,0.0,0.0,0.7500000000000003,0.18571428571428575,0.14285714285714288,0.3857142857142853,0.8750000000000004,0.5,0.1,0.8000000000000004,0.7785714285714268,0.5999999999999989,0.8142857142857124
0.5067307692307688,1.3095703125,1.646484375,0.4000000000000001,0.0,0.0,0.7500000000000003,0.18571428571428575,0.14285714285714288,0.3857142857142853,0.8750000000000004,0.5,0.1,0.8000000000000004,0.7785714285714268,0.607142857142856,0.8142857142857124
0.5076923076923071,1.3115234375,1.6484375,0.4000000000000001,0.0,0.0,0.7500000000000003,0.18571428571428575,0.14285714285714288,0.3857142857142853,0.8750000000000004,0.5,0.1,0.8000000000000004,0.7785714285714268,0.6142857142857131,0.8142857142857124
0.5086538461538456,1.314453125,1.6513671875,0.4000000000000001,0.0,0.0,0.7500000000000003,0.18571428571428575,0.14285714285714288,0.3857142857142853,0.8750000000000004,0.5,0.1,0.8000000000000004,0.7857142857142839,0.6142857142857131,0.8142857142857124
0.5096153846153839,1.31640625,1.65234375,0.4000000000000001,0.0,0.0,0.7500000000000003,0.18571428571428575,0.14285714285714288,0.3857142857142853,0.8750000000000004,0.5,0.1,0.8000000000000004,0.7857142857142839,0.6214285714285702,0.8142857142857124
0.5105769230769225,1.318359375,1.654296875,0.4000000000000001,0.0,0.0,0.7500000000000003,0.18571428571428575,0.14285714285714288,0.3857142857142853,0.8750000000000004,0.5,0.1,0.8000000000000004,0.7857142857142839,0.6285714285714273,0.8142857142857124
0.5115384615384608,1.3203125,1.6572265625,0.4000000000000001,0.0,0.0,0.7500000000000003,0.18571428571428575,0.14285714285714288,0.3857142857142853,0.8750000000000004,0.5,0.1,0.8000000000000004,0.7857142857142839,0.6285714285714273,0.8214285714285695
0.5124999999999994,1.322265625,1.66015625,0.4000000000000001,0.0,0.0,0.7500000000000003,0.18571428571428575,0.14285714285714288,0.3857142857142853,0.8750000000000004,0.5,0.1,0.8000000000000004,0.7857142857142839,0.6285714285714273,0.8285714285714266
0.5134615384615379,1.3251953125,1.6630859375,0.4000000000000001,0.0,0.0,0.7500000000000003,0.18571428571428575,0.14285714285714288,0.3857142857142853,0.8750000000000004,0.5,0.2,0.8000000000000004,0.7857142857142839,0.6285714285714273,0.8285714285714266
0.5144230769230763,1.3271484375,1.6650390625,0.4000000000000001,0.0,0.0,0.7500000000000003,0.18571428571428575,0.14285714285714288,0.3857142857142853,0.8750000000000004,0.5,0.2,0.8000000000000004,0.7857142857142839,0.6357142857142845,0.8285714285714266
0.5153846153846148,1.3291015625,1.66796875,0.4000000000000001,0.0,0.0,0.7500000000000003,0.18571428571428575,0.14285714285714288,0.3857142857142853,0.8750000000000004,0.5,0.2,0.8000000000000004,0.7857142857142839,0.6357142857142845,0.8357142857142837
0.5163461538461532,1.33203125,1.6708984375,0.4000000000000001,0.0,0.0,0.7500000000000003,0.18571428571428575,0.14285714285714288,0.3857142857142853,0.8750000000000004,0.5,0.2,0.8000000000000004,0.792857142857141,0.6357142857142845,0.8357142857142837
0.5173076923076917,1.333984375,1.6728515625,0.4000000000000001,0.0,0.0,0.7500000000000003,0.18571428571428575,0.14285714285714288,0.3857142857142853,0.8750000000000004,0.5,0.2,0.8000000000000004,0.792857142857141,0.6428571428571416,0.8357142857142837
0.5182692307692301,1.3369140625,1.673828125,0.4000000000000001,0.0,0.0,0.7500000000000003,0.18571428571428575,0.14285714285714288,0.3928571428571424,0.8750000000000004,0.5,0.2,0.8000000000000004,0.792857142857141,0.6428571428571416,0.8357142857142837
0.5192307692307685,1.3388671875,1.677734375,0.4000000000000001,0.0,0.0,0.7500000000000003,0.18571428571428575,0.14285714285714288,0.3928571428571424,0.8750000000000004,0.5,0.2,0.8000000000000004,0.792857142857141,0.6428571428571416,0.8428571428571409
0.520192307692307,1.341796875,1.6796875,0.4000000000000001,0.0,0.0,0.7500000000000003,0.18571428571428575,0.14285714285714288,0.3999999999999995,0.8750000000000004,0.5,0.2,0.8000000000000004,0.792857142857141,0.6428571428571416,0.8428571428571409
0.5211538461538455,1.34375,1.6826171875,0.4000000000000001,0.0,0.0,0.7500000000000003,0.18571428571428575,0.14285714285714288,0.3999999999999995,0.8750000000000004,0.5,0.2,0.8000000000000004,0.792857142857141,0.6499999999999987,0.8428571428571409
0.5221153846153839,1.345703125,1.685546875,0.4000000000000001,0.0,0.0,0.7500000000000003,0.18571428571428575,0.14285714285714288,0.3999999999999995,0.8750000000000004,0.5,0.2,0.8000000000000004,0.792857142857141,0.6571428571428558,0.8428571428571409
0.5230769230769223,1.34765625,1.6884765625,0.4000000000000001,0.0,0.0,0.7500000000000003,0.18571428571428575,0.14285714285714288,0.3999999999999995,0.8750000000000004,0.5,0.2,0.8000000000000004,0.792857142857141,0.6571428571428558,0.849999999999998
0.5240384615384609,1.3505859375,1.69140625,0.4000000000000001,0.0,0.0,0.7500000000000003,0.1928571428571429,0.14285714285714288,0.3999999999999995,0.8750000000000004,0.5,0.2,0.8000000000000004,0.792857142857141,0.6571428571428558,0.849999999999998
0.5249999999999994,1.353515625,1.69140625,0.4000000000000001,0.0,0.0,0.7500000000000003,0.20000000000000004,0.14285714285714288,0.3999999999999995,0.8750000000000004,0.5,0.2,0.8000000000000004,0.792857142857141,0.6571428571428558,0.849999999999998
0.5259615384615377,1.3564453125,1.6943359375,0.4000000000000001,0.0,0.0,0.7500000000000003,0.20000000000000004,0.14285714285714288,0.40714285714285664,0.8750000000000004,0.5,0.2,0.8000000000000004,0.792857142857141,0.6571428571428558,0.849999999999998
0.5269230769230762,1.3583984375,1.697265625,0.4000000000000001,0.0,0.0,0.7500000000000003,0.20000000000000004,0.14285714285714288,0.40714285714285664,0.8750000000000004,0.5,0.2,0.8000000000000004,0.792857142857141,0.6571428571428558,0.8571428571428551
0.5278846153846147,1.361328125,1.69921875,0.4000000000000001,0.0,0.0,0.7500000000000003,0.20000000000000004,0.15000000000000002,0.40714285714285664,0.8750000000000004,0.5,0.2,0.8000000000000004,0.792857142857141,0.6571428571428558,0.8571428571428551
0.5288461538461532,1.3642578125,1.7021484375,0.4000000000000001,0.0,0.0,0.7500000000000003,0.20000000000000004,0.15714285714285717,0.40714285714285664,0.8750000000000004,0.5,0.2,0.8000000000000004,0.792857142857141,0.6571428571428558,0.8571428571428551
0.5298076923076916,1.3671875,1.705078125,0.4000000000000001,0.0,0.0,0.7500000000000003,0.20000000000000004,0.1642857142857143,0.40714285714285664,0.8750000000000004,0.5,0.2,0.8000000000000004,0.792857142857141,0.6571428571428558,0.8571428571428551
0.5307692307692301,1.369140625,1.70703125,0.4000000000000001,0.0,0.0,0.7500000000000003,0.20000000000000004,0.1642857142857143,0.40714285714285664,0.8750000000000004,0.5,0.2,0.8000000000000004,0.792857142857141,0.6642857142857129,0.8571428571428551
0.5317307692307686,1.3720703125,1.7080078125,0.4000000000000001,0.0,0.0,0.7500000000000003,0.20000000000000004,0.1642857142857143,0.41428571428571376,0.8750000000000004,0.5,0.2,0.8000000000000004,0.792857142857141,0.6642857142857129,0.8571428571428551
0.532692307692307,1.3740234375,1.7109375,0.4000000000000001,0.0,0.0,0.7500000000000003,0.20000000000000004,0.1642857142857143,0.41428571428571376,0.8750000000000004,0.5,0.2,0.8000000000000004,0.792857142857141,0.67142857142857,0.8571428571428551
0.5336538461538455,1.3759765625,1.7138671875,0.4000000000000001,0.0,0.0,0.7500000000000003,0.20000000000000004,0.1642857142857143,0.41428571428571376,0.8750000000000004,0.5,0.2,0.8000000000000004,0.792857142857141,0.6785714285714272,0.8571428571428551
0.5346153846153839,1.3779296875,1.716796875,0.4000000000000001,0.0,0.0,0.7500000000000003,0.20000000000000004,0.1642857142857143,0.41428571428571376,0.8750000000000004,0.5,0.2,0.8000000000000004,0.792857142857141,0.6857142857142843,0.8571428571428551
0.5355769230769224,1.380859375,1.7197265625,0.4000000000000001,0.0,0.0,0.7500000000000003,0.20714285714285718,0.1642857142857143,0.41428571428571376,0.8750000000000004,0.5,0.2,0.8000000000000004,0.792857142857141,0.6857142857142843,0.8571428571428551
0.5365384615384609,1.3837890625,1.7216796875,0.4000000000000001,0.0,0.0,0.7500000000000003,0.21428571428571433,0.1642857142857143,0.41428571428571376,0.8750000000000004,0.5,0.2,0.8000000000000004,0.792857142857141,0.6857142857142843,0.8571428571428551
0.5374999999999993,1.3857421875,1.724609375,0.4000000000000001,0.0,0.0,0.7500000000000003,0.21428571428571433,0.1642857142857143,0.41428571428571376,0.8750000000000004,0.5,0.2,0.8000000000000004,0.792857142857141,0.6928571428571414,0.8571428571428551
0.5384615384615378,1.388671875,1.7255859375,0.4000000000000001,0.0,0.0,0.7500000000000003,0.21428571428571433,0.17142857142857146,0.41428571428571376,0.8750000000000004,0.5,0.2,0.8000000000000004,0.792857142857141,0.6928571428571414,0.8571428571428551
0.5394230769230762,1.3916015625,1.728515625,0.4000000000000001,0.0,0.0,0.7500000000000003,0.21428571428571433,0.17142857142857146,0.4214285714285709,0.8750000000000004,0.5,0.2,0.8000000000000004,0.792857142857141,0.6928571428571414,0.8571428571428551
0.5403846153846147,1.3935546875,1.7314453125,0.4000000000000001,0.0,0.0,0.7500000000000003,0.21428571428571433,0.17142857142857146,0.4214285714285709,0.8750000000000004,0.5,0.2,0.8000000000000004,0.792857142857141,0.6999999999999985,0.8571428571428551
0.5413461538461531,1.3955078125,1.7333984375,0.4000000000000001,0.0,0.0,0.7500000000000003,0.21428571428571433,0.17142857142857146,0.4214285714285709,0.8750000000000004,0.5,0.2,0.8000000000000004,0.792857142857141,0.7071428571428556,0.8571428571428551
0.5423076923076915,1.3984375,1.7353515625,0.4000000000000001,0.0,0.0,0.7500000000000003,0.21428571428571433,0.17142857142857146,0.428571428571428,0.8750000000000004,0.5,0.2,0.8000000000000004,0.792857142857141,0.7071428571428556,0.8571428571428551
0.5432692307692301,1.400390625,1.73828125,0.4000000000000001,0.0,0.0,0.7500000000000003,0.21428571428571433,0.17142857142857146,0.428571428571428,0.8750000000000004,0.5,0.2,0.8000000000000004,0.792857142857141,0.7142857142857127,0.8571428571428551
0.5442307692307685,1.4033203125,1.7412109375,0.4000000000000001,0.0,0.0,0.7500000000000003,0.21428571428571433,0.17142857142857146,0.4357142857142851,0.8750000000000004,0.5,0.2,0.8000000000000004,0.792857142857141,0.7142857142857127,0.8571428571428551
0.545192307692307,1.4052734375,1.744140625,0.4000000000000001,0.0,0.0,0.7500000000000003,0.21428571428571433,0.17142857142857146,0.4357142857142851,0.8750000000000004,0.5,0.2,0.8000000000000004,0.792857142857141,0.7142857142857127,0.8642857142857122
0.5461538461538454,1.4072265625,1.7451171875,0.4000000000000001,0.0,0.0,0.7500000000000003,0.21428571428571433,0.17142857142857146,0.4357142857142851,0.8750000000000004,0.5,0.2,0.8000000000000004,0.792857142857141,0.7142857142857127,0.8714285714285693
0.5471153846153839,1.41015625,1.7470703125,0.4000000000000001,0.0,0.0,0.7500000000000003,0.21428571428571433,0.17142857142857146,0.4357142857142851,0.8750000000000004,0.5,0.2,0.8000000000000004,0.7999999999999982,0.7142857142857127,0.8714285714285693
0.5480769230769222,1.412109375,1.75,0.4000000000000001,0.0,0.0,0.7500000000000003,0.21428571428571433,0.17142857142857146,0.4357142857142851,0.8750000000000004,0.5,0.2,0.8000000000000004,0.8071428571428553,0.7142857142857127,0.8714285714285693
0.5490384615384607,1.4140625,1.7529296875,0.4000000000000001,0.0,0.0,0.7500000000000003,0.21428571428571433,0.17142857142857146,0.4357142857142851,0.8750000000000004,0.5,0.2,0.8000000000000004,0.8071428571428553,0.7142857142857127,0.8785714285714264
0.5499999999999992,1.4169921875,1.7548828125,0.4000000000000001,0.0,0.0,0.7500000000000003,0.22142857142857147,0.17142857142857146,0.4357142857142851,0.8750000000000004,0.5,0.2,0.8000000000000004,0.8071428571428553,0.7142857142857127,0.8785714285714264
0.5509615384615377,1.419921875,1.7578125,0.4000000000000001,0.0,0.0,0.7500000000000003,0.22857142857142862,0.17142857142857146,0.4357142857142851,0.8750000000000004,0.5,0.2,0.8000000000000004,0.8071428571428553,0.7142857142857127,0.8785714285714264
0.5519230769230762,1.4228515625,1.759765625,0.4000000000000001,0.0,0.0,0.7500000000000003,0.22857142857142862,0.17142857142857146,0.4428571428571422,0.8750000000000004,0.5,0.2,0.8000000000000004,0.8071428571428553,0.7142857142857127,0.8785714285714264
0.5528846153846145,1.42578125,1.76171875,0.4000000000000001,0.0,0.0,0.7500000000000003,0.22857142857142862,0.17142857142857146,0.44999999999999934,0.8750000000000004,0.5,0.2,0.8000000000000004,0.8071428571428553,0.7142857142857127,0.8785714285714264
0.553846153846153,1.427734375,1.763671875,0.4000000000000001,0.0,0.0,0.7500000000000003,0.22857142857142862,0.17142857142857146,0.44999999999999934,0.8750000000000004,0.5,0.2,0.8000000000000004,0.8071428571428553,0.7142857142857127,0.8857142857142836
0.5548076923076916,1.4306640625,1.7666015625,0.4000000000000001,0.0,0.0,0.7500000000000003,0.23571428571428577,0.17142857142857146,0.44999999999999934,0.8750000000000004,0.5,0.2,0.8000000000000004,0.8071428571428553,0.7142857142857127,0.8857142857142836
0.55576923076923,1.43359375,1.7685546875,0.4000000000000001,0.0,0.0,0.7500000000000003,0.23571428571428577,0.1785714285714286,0.44999999999999934,0.8750000000000004,0.5,0.2,0.8000000000000004,0.8071428571428553,0.7142857142857127,0.8857142857142836
0.5567307692307685,1.4365234375,1.771484375,0.4000000000000001,0.0,0.0,0.7500000000000003,0.23571428571428577,0.18571428571428575,0.44999999999999934,0.8750000000000004,0.5,0.2,0.8000000000000004,0.8071428571428553,0.7142857142857127,0.8857142857142836
0.5576923076923069,1.4384765625,1.7744140625,0.4000000000000001,0.0,0.0,0.7500000000000003,0.23571428571428577,0.18571428571428575,0.44999999999999934,0.8750000000000004,0.5,0.2,0.8000000000000004,0.8071428571428553,0.7214285714285699,0.8857142857142836
0.5586538461538454,1.4404296875,1.7763671875,0.4000000000000001,0.0,0.0,0.7500000000000003,0.23571428571428577,0.18571428571428575,0.44999999999999934,0.8750000000000004,0.5,0.2,0.8000000000000004,0.8071428571428553,0.728571428571427,0.8857142857142836
0.5596153846153838,1.443359375,1.77734375,0.4000000000000001,0.0,0.0,0.7500000000000003,0.23571428571428577,0.18571428571428575,0.45714285714285646,0.8750000000000004,0.5,0.2,0.8000000000000004,0.8071428571428553,0.728571428571427,0.8857142857142836
0.5605769230769224,1.4453125,1.7802734375,0.4000000000000001,0.0,0.0,0.7500000000000003,0.23571428571428577,0.18571428571428575,0.45714285714285646,0.8750000000000004,0.5,0.2,0.8000000000000004,0.8071428571428553,0.728571428571427,0.8928571428571407
0.5615384615384608,1.447265625,1.7822265625,0.4000000000000001,0.0,0.0,0.7500000000000003,0.23571428571428577,0.18571428571428575,0.45714285714285646,0.8750000000000004,0.5,0.2,0.8000000000000004,0.8071428571428553,0.728571428571427,0.8999999999999978
0.5624999999999992,1.4501953125,1.78515625,0.4000000000000001,0.0,0.0,0.7500000000000003,0.23571428571428577,0.18571428571428575,0.4642857142857136,0.8750000000000004,0.5,0.2,0.8000000000000004,0.8071428571428553,0.728571428571427,0.8999999999999978
0.5634615384615377,1.4521484375,1.7880859375,0.4000000000000001,0.0,0.0,0.7500000000000003,0.23571428571428577,0.18571428571428575,0.4642857142857136,0.8750000000000004,0.5,0.2,0.8000000000000004,0.8071428571428553,0.728571428571427,0.9071428571428549
0.564423076923076,1.455078125,1.791015625,0.4000000000000001,0.0,0.0,0.7500000000000003,0.23571428571428577,0.18571428571428575,0.4714285714285707,0.8750000000000004,0.5,0.2,0.8000000000000004,0.8071428571428553,0.728571428571427,0.9071428571428549
0.5653846153846146,1.4580078125,1.79296875,0.4000000000000001,0.0,0.0,0.7500000000000003,0.23571428571428577,0.1928571428571429,0.4714285714285707,0.8750000000000004,0.5,0.2,0.8000000000000004,0.8071428571428553,0.728571428571427,0.9071428571428549
0.566346153846153,1.4609375,1.794921875,0.4000000000000001,0.0,0.0,0.7500000000000003,0.2428571428571429,0.1928571428571429,0.4714285714285707,0.8750000000000004,0.5,0.2,0.8000000000000004,0.8071428571428553,0.728571428571427,0.9071428571428549
0.5673076923076914,1.4638671875,1.7978515625,0.4000000000000001,0.0,0.0,0.7500000000000003,0.2428571428571429,0.1928571428571429,0.4785714285714278,0.8750000000000004,0.5,0.2,0.8000000000000004,0.8071428571428553,0.728571428571427,0.9071428571428549
0.56826923076923,1.466796875,1.80078125,0.4000000000000001,0.0,0.0,0.7500000000000003,0.25000000000000006,0.1928571428571429,0.4785714285714278,0.8750000000000004,0.5,0.2,0.8000000000000004,0.8071428571428553,0.728571428571427,0.9071428571428549
0.5692307692307683,1.4697265625,1.8017578125,0.4000000000000001,0.0,0.0,0.7500000000000003,0.2571428571428572,0.1928571428571429,0.4785714285714278,0.8750000000000004,0.5,0.2,0.8000000000000004,0.8071428571428553,0.728571428571427,0.9071428571428549
0.5701923076923069,1.47265625,1.8037109375,0.4000000000000001,0.0,0.0,0.7500000000000003,0.2642857142857143,0.1928571428571429,0.4785714285714278,0.8750000000000004,0.5,0.2,0.8000000000000004,0.8071428571428553,0.728571428571427,0.9071428571428549
0.5711538461538453,1.474609375,1.806640625,0.4000000000000001,0.0,0.0,0.7500000000000003,0.2642857142857143,0.1928571428571429,0.4785714285714278,0.8750000000000004,0.5,0.2,0.8000000000000004,0.8071428571428553,0.7357142857142841,0.9071428571428549
0.5721153846153837,1.4775390625,1.80859375,0.4000000000000001,0.0,0.0,0.7500000000000003,0.2642857142857143,0.20000000000000004,0.4785714285714278,0.8750000000000004,0.5,0.2,0.8000000000000004,0.8071428571428553,0.7357142857142841,0.9071428571428549
0.5730769230769222,1.48046875,1.810546875,0.4000000000000001,0.0,0.0,0.7500000000000003,0.2642857142857143,0.20714285714285718,0.4785714285714278,0.8750000000000004,0.5,0.2,0.8000000000000004,0.8071428571428553,0.7357142857142841,0.9071428571428549
0.5740384615384607,1.4833984375,1.8125,0.4000000000000001,0.0,0.0,0.7500000000000003,0.2642857142857143,0.21428571428571433,0.4785714285714278,0.8750000000000004,0.5,0.2,0.8000000000000004,0.8071428571428553,0.7357142857142841,0.9071428571428549
0.5749999999999992,1.4853515625,1.8154296875,0.4000000000000001,0.0,0.0,0.7500000000000003,0.2642857142857143,0.21428571428571433,0.4785714285714278,0.8750000000000004,0.5,0.2,0.8000000000000004,0.8071428571428553,0.7428571428571412,0.9071428571428549
0.5759615384615376,1.4873046875,1.818359375,0.4000000000000001,0.0,0.0,0.7500000000000003,0.2642857142857143,0.21428571428571433,0.4785714285714278,0.8750000000000004,0.5,0.2,0.8000000000000004,0.8071428571428553,0.7499999999999983,0.9071428571428549
0.5769230769230761,1.490234375,1.8193359375,0.4000000000000001,0.0,0.0,0.7500000000000003,0.2642857142857143,0.22142857142857147,0.4785714285714278,0.8750000000000004,0.5,0.2,0.8000000000000004,0.8071428571428553,0.7499999999999983,0.9071428571428549
0.5778846153846146,1.4931640625,1.8212890625,0.4000000000000001,0.0,0.0,0.7500000000000003,0.2642857142857143,0.22857142857142862,0.4785714285714278,0.8750000000000004,0.5,0.2,0.8000000000000004,0.8071428571428553,0.7499999999999983,0.9071428571428549
0.578846153846153,1.49609375,1.82421875,0.4000000000000001,0.0,0.0,0.7500000000000003,0.2642857142857143,0.23571428571428577,0.4785714285714278,0.8750000000000004,0.5,0.2,0.8000000000000004,0.8071428571428553,0.7499999999999983,0.9071428571428549
0.5798076923076915,1.4990234375,1.826171875,0.4000000000000001,0.0,0.0,0.7500000000000003,0.2642857142857143,0.23571428571428577,0.48571428571428493,0.8750000000000004,0.5,0.2,0.8000000000000004,0.8071428571428553,0.7499999999999983,0.9071428571428549
0.5807692307692299,1.501953125,1.828125,0.4000000000000001,0.0,0.0,0.7500000000000003,0.2642857142857143,0.23571428571428577,0.49285714285714205,0.8750000000000004,0.5,0.2,0.8000000000000004,0.8071428571428553,0.7499999999999983,0.9071428571428549
0.5817307692307684,1.5048828125,1.830078125,0.4000000000000001,0.0,0.0,0.7750000000000004,0.2642857142857143,0.23571428571428577,0.49285714285714205,0.8750000000000004,0.5,0.2,0.8000000000000004,0.8071428571428553,0.7499999999999983,0.9071428571428549
0.5826923076923068,1.5078125,1.8330078125,0.4000000000000001,0.0,0.0,0.7750000000000004,0.2642857142857143,0.23571428571428577,0.49999999999999917,0.8750000000000004,0.5,0.2,0.8000000000000004,0.8071428571428553,0.7499999999999983,0.9071428571428549
0.5836538461538454,1.509765625,1.8349609375,0.4000000000000001,0.0,0.0,0.7750000000000004,0.2642857142857143,0.23571428571428577,0.49999999999999917,0.8750000000000004,0.5,0.2,0.8000000000000004,0.8071428571428553,0.7499999999999983,0.914285714285712
0.5846153846153838,1.5126953125,1.837890625,0.4000000000000001,0.0,0.0,0.7750000000000004,0.2642857142857143,0.23571428571428577,0.5071428571428563,0.8750000000000004,0.5,0.2,0.8000000000000004,0.8071428571428553,0.7499999999999983,0.914285714285712
0.5855769230769222,1.5146484375,1.83984375,0.4000000000000001,0.0,0.0,0.7750000000000004,0.2642857142857143,0.23571428571428577,0.5071428571428563,0.8750000000000004,0.5,0.2,0.8000000000000004,0.8142857142857124,0.7499999999999983,0.914285714285712
0.5865384615384607,1.517578125,1.841796875,0.4250000000000001,0.0,0.0,0.7750000000000004,0.2642857142857143,0.23571428571428577,0.5071428571428563,0.8750000000000004,0.5,0.2,0.8000000000000004,0.8142857142857124,0.7499999999999983,0.914285714285712
0.5874999999999992,1.5205078125,1.8427734375,0.4250000000000001,0.0,0.0,0.7750000000000004,0.2642857142857143,0.23571428571428577,0.5142857142857135,0.8750000000000004,0.5,0.2,0.8000000000000004,0.8142857142857124,0.7499999999999983,0.914285714285712
0.5884615384615377,1.5234375,1.8447265625,0.4250000000000001,0.0,0.0,0.7750000000000004,0.2642857142857143,0.2428571428571429,0.5142857142857135,0.8750000000000004,0.5,0.2,0.8000000000000004,0.8142857142857124,0.7499999999999983,0.914285714285712
0.5894230769230762,1.5263671875,1.84765625,0.4250000000000001,0.0,0.0,0.7750000000000004,0.2642857142857143,0.25000000000000006,0.5142857142857135,0.8750000000000004,0.5,0.2,0.8000000000000004,0.8142857142857124,0.7499999999999983,0.914285714285712
0.5903846153846145,1.529296875,1.849609375,0.4250000000000001,0.0,0.0,0.7750000000000004,0.2642857142857143,0.2571428571428572,0.5142857142857135,0.8750000000000004,0.5,0.2,0.8000000000000004,0.8142857142857124,0.7499999999999983,0.914285714285712
0.5913461538461531,1.53125,1.8525390625,0.4250000000000001,0.0,0.0,0.7750000000000004,0.2642857142857143,0.2571428571428572,0.5142857142857135,0.8750000000000004,0.5,0.2,0.8000000000000004,0.8142857142857124,0.7499999999999983,0.9214285714285692
0.5923076923076915,1.5341796875,1.8544921875,0.4250000000000001,0.0,0.0,0.7750000000000004,0.2642857142857143,0.2642857142857143,0.5142857142857135,0.8750000000000004,0.5,0.2,0.8000000000000004,0.8142857142857124,0.7499999999999983,0.9214285714285692
0.59326923076923,1.537109375,1.8564453125,0.4250000000000001,0.0,0.0,0.7750000000000004,0.2642857142857143,0.2642857142857143,0.5214285714285706,0.8750000000000004,0.5,0.2,0.8000000000000004,0.8142857142857124,0.7499999999999983,0.9214285714285692
0.5942307692307683,1.5390625,1.8583984375,0.4250000000000001,0.0,0.0,0.7750000000000004,0.2642857142857143,0.2642857142857143,0.5214285714285706,0.8750000000000004,0.5,0.2,0.8000000000000004,0.8142857142857124,0.7499999999999983,0.9285714285714263
0.5951923076923069,1.5419921875,1.861328125,0.4250000000000001,0.0,0.0,0.7750000000000004,0.2642857142857143,0.2642857142857143,0.5285714285714277,0.8750000000000004,0.5,0.2,0.8000000000000004,0.8142857142857124,0.7499999999999983,0.9285714285714263
0.5961538461538454,1.544921875,1.86328125,0.4500000000000001,0.0,0.0,0.7750000000000004,0.2642857142857143,0.2642857142857143,0.5285714285714277,0.8750000000000004,0.5,0.2,0.8000000000000004,0.8142857142857124,0.7499999999999983,0.9285714285714263
0.5971153846153837,1.5478515625,1.865234375,0.4500000000000001,0.0,0.0,0.7750000000000004,0.2642857142857143,0.2642857142857143,0.5357142857142848,0.8750000000000004,0.5,0.2,0.8000000000000004,0.8142857142857124,0.7499999999999983,0.9285714285714263
0.5980769230769223,1.55078125,1.8662109375,0.4500000000000001,0.0,0.0,0.7750000000000004,0.2714285714285714,0.2642857142857143,0.5357142857142848,0.8750000000000004,0.5,0.2,0.8000000000000004,0.8142857142857124,0.7499999999999983,0.9285714285714263
0.5990384615384607,1.5537109375,1.869140625,0.4500000000000001,0.0,0.0,0.7750000000000004,0.2785714285714285,0.2642857142857143,0.5357142857142848,0.8750000000000004,0.5,0.2,0.8000000000000004,0.8142857142857124,0.7499999999999983,0.9285714285714263
0.5999999999999991,1.556640625,1.87109375,0.4500000000000001,0.0,0.0,0.7750000000000004,0.28571428571428564,0.2642857142857143,0.5357142857142848,0.8750000000000004,0.5,0.2,0.8000000000000004,0.8142857142857124,0.7499999999999983,0.9285714285714263
0.6009615384615377,1.55859375,1.873046875,0.4500000000000001,0.0,0.0,0.7750000000000004,0.28571428571428564,0.2642857142857143,0.5357142857142848,0.8750000000000004,0.5,0.2,0.8000000000000004,0.8214285714285695,0.7499999999999983,0.9285714285714263
