Effective Sparsity,Activation Error,Baseline Error,q0,k0,v0,o0,gate0,up0,down0,q1,k1,v1,o1,gate1,up1,down1
0.0010330578512396697,0.001171112060546875,0.00899505615234375,0.0,0.0,0.0,0.0,0.0,0.0,0.0,0.0,0.0,0.0,0.0,0.0,0.009259259259259259,0.0
0.0020661157024793393,0.0017070770263671875,0.00899505615234375,0.0,0.0,0.0,0.0,0.0,0.0,0.0,0.0,0.0,0.0,0.0,0.009259259259259259,0.009259259259259259,0.0
0.0030991735537190092,0.0024738311767578125,0.00899505615234375,0.0,0.0,0.0,0.0,0.0,0.009259259259259259,0.0,0.0,0.0,0.0,0.0,0.009259259259259259,0.009259259259259259,0.0
0.004132231404958679,0.0030536651611328125,0.00899505615234375,0.0,0.0,0.0,0.0,0.009259259259259259,0.009259259259259259,0.0,0.0,0.0,0.0,0.0,0.009259259259259259,0.009259259259259259,0.0
0.005165289256198348,0.005786895751953125,0.00899505615234375,0.0,0.0,0.0,0.0,0.009259259259259259,0.009259259259259259,0.0,0.0,0.0,0.0,0.0,0.009259259259259259,0.009259259259259259,0.009259259259259259
0.006198347107438018,0.008026123046875,0.00899505615234375,0.0,0.0,0.0,0.0,0.009259259259259259,0.009259259259259259,0.009259259259259259,0.0,0.0,0.0,0.0,0.009259259259259259,0.009259259259259259,0.009259259259259259
0.007231404958677687,0.0112457275390625,0.00899505615234375,0.0,0.0,0.0,0.0,0.009259259259259259,0.009259259259259259,0.009259259259259259,0.0,0.025,0.0,0.0,0.009259259259259259,0.009259259259259259,0.009259259259259259
0.008264462809917356,0.0146331787109375,0.00899505615234375,0.0,0.025,0.0,0.0,0.009259259259259259,0.009259259259259259,0.009259259259259259,0.0,0.025,0.0,0.0,0.009259259259259259,0.009259259259259259,0.009259259259259259
0.009297520661157025,0.019622802734375,0.00899505615234375,0.0,0.025,0.0,0.0,0.009259259259259259,0.009259259259259259,0.009259259259259259,0.025,0.025,0.0,0.0,0.009259259259259259,0.009259259259259259,0.009259259259259259
0.010330578512396695,0.024566650390625,0.07806396484375,0.0,0.025,0.0,0.0,0.009259259259259259,0.009259259259259259,0.009259259259259259,0.025,0.025,0.025,0.0,0.009259259259259259,0.009259259259259259,0.009259259259259259
0.011363636363636364,0.031829833984375,0.08428955078125,0.0,0.025,0.0,0.0,0.009259259259259259,0.009259259259259259,0.009259259259259259,0.025,0.05,0.025,0.0,0.009259259259259259,0.009259259259259259,0.009259259259259259
0.012396694214876035,0.03900146484375,0.0906982421875,0.0,0.025,0.0,0.0,0.009259259259259259,0.009259259259259259,0.009259259259259259,0.025,0.05,0.025,0.0,0.009259259259259259,0.018518518518518517,0.009259259259259259
0.013429752066115705,0.045745849609375,0.0966796875,0.0,0.025,0.0,0.0,0.009259259259259259,0.009259259259259259,0.009259259259259259,0.025,0.05,0.025,0.0,0.018518518518518517,0.018518518518518517,0.009259259259259259
0.014462809917355376,0.0517578125,0.1031494140625,0.025,0.025,0.0,0.0,0.009259259259259259,0.009259259259259259,0.009259259259259259,0.025,0.05,0.025,0.0,0.018518518518518517,0.018518518518518517,0.009259259259259259
0.015495867768595043,0.057525634765625,0.109375,0.025,0.025,0.025,0.0,0.009259259259259259,0.009259259259259259,0.009259259259259259,0.025,0.05,0.025,0.0,0.018518518518518517,0.018518518518518517,0.009259259259259259
0.016528925619834715,0.06414794921875,0.11566162109375,0.025,0.025,0.025,0.0,0.009259259259259259,0.009259259259259259,0.009259259259259259,0.025,0.07500000000000001,0.025,0.0,0.018518518518518517,0.018518518518518517,0.009259259259259259
0.017561983471074384,0.0711669921875,0.1214599609375,0.025,0.025,0.025,0.0,0.009259259259259259,0.009259259259259259,0.009259259259259259,0.025,0.07500000000000001,0.025,0.025,0.018518518518518517,0.018518518518518517,0.009259259259259259
0.018595041322314057,0.07733154296875,0.1275634765625,0.025,0.025,0.025,0.0,0.009259259259259259,0.009259259259259259,0.009259259259259259,0.025,0.1,0.025,0.025,0.018518518518518517,0.018518518518518517,0.009259259259259259
0.019628099173553726,0.083984375,0.134033203125,0.025,0.025,0.025,0.0,0.009259259259259259,0.009259259259259259,0.009259259259259259,0.05,0.1,0.025,0.025,0.018518518518518517,0.018518518518518517,0.009259259259259259
0.020661157024793392,0.090087890625,0.140625,0.025,0.025,0.025,0.0,0.009259259259259259,0.009259259259259259,0.009259259259259259,0.05,0.125,0.025,0.025,0.018518518518518517,0.018518518518518517,0.009259259259259259
0.021694214876033062,0.09588623046875,0.1475830078125,0.025,0.025,0.025,0.0,0.009259259259259259,0.009259259259259259,0.009259259259259259,0.05,0.125,0.05,0.025,0.018518518518518517,0.018518518518518517,0.009259259259259259
0.022727272727272735,0.10205078125,0.154296875,0.025,0.025,0.025,0.0,0.009259259259259259,0.009259259259259259,0.009259259259259259,0.05,0.125,0.05,0.025,0.027777777777777776,0.018518518518518517,0.009259259259259259
0.023760330578512404,0.10797119140625,0.1617431640625,0.025,0.025,0.025,0.0,0.009259259259259259,0.018518518518518517,0.009259259259259259,0.05,0.125,0.05,0.025,0.027777777777777776,0.018518518518518517,0.009259259259259259
0.024793388429752074,0.11370849609375,0.16943359375,0.025,0.025,0.025,0.0,0.009259259259259259,0.018518518518518517,0.009259259259259259,0.05,0.15,0.05,0.025,0.027777777777777776,0.018518518518518517,0.009259259259259259
0.02582644628099174,0.1192626953125,0.177001953125,0.025,0.025,0.025,0.0,0.009259259259259259,0.018518518518518517,0.009259259259259259,0.05,0.15,0.05,0.05,0.027777777777777776,0.018518518518518517,0.009259259259259259
0.02685950413223141,0.12469482421875,0.1846923828125,0.025,0.05,0.025,0.0,0.009259259259259259,0.018518518518518517,0.009259259259259259,0.05,0.15,0.05,0.05,0.027777777777777776,0.018518518518518517,0.009259259259259259
0.027892561983471075,0.1300048828125,0.19287109375,0.025,0.05,0.025,0.0,0.009259259259259259,0.018518518518518517,0.009259259259259259,0.05,0.15,0.05,0.05,0.027777777777777776,0.027777777777777776,0.009259259259259259
0.028925619834710748,0.13525390625,0.20068359375,0.025,0.05,0.025,0.0,0.009259259259259259,0.018518518518518517,0.009259259259259259,0.05,0.175,0.05,0.05,0.027777777777777776,0.027777777777777776,0.009259259259259259
0.029958677685950418,0.1407470703125,0.2091064453125,0.025,0.05,0.025,0.0,0.009259259259259259,0.018518518518518517,0.009259259259259259,0.05,0.175,0.05,0.07500000000000001,0.027777777777777776,0.027777777777777776,0.009259259259259259
0.030991735537190084,0.1461181640625,0.217041015625,0.025,0.05,0.025,0.0,0.009259259259259259,0.018518518518518517,0.009259259259259259,0.05,0.19999999999999998,0.05,0.07500000000000001,0.027777777777777776,0.027777777777777776,0.009259259259259259
0.03202479338842975,0.1514892578125,0.224853515625,0.025,0.05,0.025,0.0,0.009259259259259259,0.018518518518518517,0.009259259259259259,0.05,0.19999999999999998,0.07500000000000001,0.07500000000000001,0.027777777777777776,0.027777777777777776,0.009259259259259259
0.03305785123966942,0.1568603515625,0.23291015625,0.025,0.05,0.025,0.0,0.009259259259259259,0.018518518518518517,0.009259259259259259,0.05,0.19999999999999998,0.07500000000000001,0.1,0.027777777777777776,0.027777777777777776,0.009259259259259259
0.034090909090909095,0.1622314453125,0.2406005859375,0.025,0.05,0.025,0.0,0.009259259259259259,0.018518518518518517,0.009259259259259259,0.05,0.22499999999999998,0.07500000000000001,0.1,0.027777777777777776,0.027777777777777776,0.009259259259259259
0.03512396694214877,0.16748046875,0.2481689453125,0.025,0.05,0.025,0.0,0.009259259259259259,0.018518518518518517,0.009259259259259259,0.05,0.22499999999999998,0.07500000000000001,0.1,0.037037037037037035,0.027777777777777776,0.009259259259259259
0.036157024793388434,0.172607421875,0.25537109375,0.025,0.05,0.025,0.0,0.009259259259259259,0.018518518518518517,0.009259259259259259,0.07500000000000001,0.22499999999999998,0.07500000000000001,0.1,0.037037037037037035,0.027777777777777776,0.009259259259259259
0.0371900826446281,0.1778564453125,0.262939453125,0.025,0.05,0.025,0.0,0.009259259259259259,0.018518518518518517,0.009259259259259259,0.07500000000000001,0.22499999999999998,0.07500000000000001,0.125,0.037037037037037035,0.027777777777777776,0.009259259259259259
0.03822314049586777,0.1829833984375,0.270263671875,0.025,0.05,0.025,0.0,0.009259259259259259,0.018518518518518517,0.009259259259259259,0.07500000000000001,0.22499999999999998,0.07500000000000001,0.125,0.046296296296296294,0.027777777777777776,0.009259259259259259
0.03925619834710744,0.1881103515625,0.27783203125,0.025,0.05,0.025,0.0,0.009259259259259259,0.018518518518518517,0.009259259259259259,0.1,0.22499999999999998,0.07500000000000001,0.125,0.046296296296296294,0.027777777777777776,0.009259259259259259
0.04028925619834711,0.193115234375,0.284423828125,0.025,0.05,0.025,0.0,0.009259259259259259,0.018518518518518517,0.009259259259259259,0.1,0.24999999999999997,0.07500000000000001,0.125,0.046296296296296294,0.027777777777777776,0.009259259259259259
0.04132231404958678,0.1981201171875,0.291748046875,0.025,0.05,0.025,0.0,0.009259259259259259,0.018518518518518517,0.009259259259259259,0.1,0.24999999999999997,0.1,0.125,0.046296296296296294,0.027777777777777776,0.009259259259259259
0.04235537190082645,0.203125,0.29833984375,0.025,0.05,0.025,0.0,0.009259259259259259,0.018518518518518517,0.009259259259259259,0.1,0.24999999999999997,0.1,0.125,0.046296296296296294,0.027777777777777776,0.018518518518518517
0.04338842975206612,0.207275390625,0.305419921875,0.025,0.05,0.025,0.0,0.009259259259259259,0.018518518518518517,0.009259259259259259,0.1,0.24999999999999997,0.1,0.125,0.046296296296296294,0.027777777777777776,0.027777777777777776
0.04442148760330579,0.2120361328125,0.31201171875,0.025,0.05,0.025,0.0,0.009259259259259259,0.018518518518518517,0.009259259259259259,0.1,0.24999999999999997,0.1,0.125,0.046296296296296294,0.027777777777777776,0.037037037037037035
0.045454545454545456,0.2166748046875,0.31884765625,0.025,0.05,0.025,0.0,0.009259259259259259,0.018518518518518517,0.009259259259259259,0.1,0.24999999999999997,0.1,0.15,0.046296296296296294,0.027777777777777776,0.037037037037037035
0.04648760330578513,0.2213134765625,0.324951171875,0.025,0.05,0.025,0.0,0.009259259259259259,0.018518518518518517,0.009259259259259259,0.1,0.27499999999999997,0.1,0.15,0.046296296296296294,0.027777777777777776,0.037037037037037035
0.04752066115702481,0.2259521484375,0.331298828125,0.025,0.05,0.025,0.0,0.009259259259259259,0.018518518518518517,0.009259259259259259,0.1,0.27499999999999997,0.1,0.15,0.05555555555555555,0.027777777777777776,0.037037037037037035
0.048553719008264475,0.23046875,0.338134765625,0.025,0.05,0.025,0.0,0.009259259259259259,0.018518518518518517,0.009259259259259259,0.1,0.27499999999999997,0.1,0.15,0.06481481481481481,0.027777777777777776,0.037037037037037035
0.04958677685950414,0.2353515625,0.344482421875,0.025,0.05,0.025,0.025,0.009259259259259259,0.018518518518518517,0.009259259259259259,0.1,0.27499999999999997,0.1,0.15,0.06481481481481481,0.027777777777777776,0.037037037037037035
0.05061983471074381,0.2401123046875,0.35107421875,0.025,0.05,0.025,0.025,0.009259259259259259,0.018518518518518517,0.009259259259259259,0.125,0.27499999999999997,0.1,0.15,0.06481481481481481,0.027777777777777776,0.037037037037037035
0.05165289256198348,0.24462890625,0.357421875,0.025,0.05,0.025,0.025,0.009259259259259259,0.018518518518518517,0.009259259259259259,0.125,0.27499999999999997,0.1,0.15,0.06481481481481481,0.027777777777777776,0.046296296296296294
0.052685950413223145,0.249267578125,0.364013671875,0.025,0.05,0.025,0.025,0.009259259259259259,0.018518518518518517,0.009259259259259259,0.125,0.27499999999999997,0.125,0.15,0.06481481481481481,0.027777777777777776,0.046296296296296294
0.05371900826446282,0.25390625,0.370361328125,0.025,0.05,0.025,0.025,0.009259259259259259,0.018518518518518517,0.009259259259259259,0.125,0.27499999999999997,0.125,0.175,0.06481481481481481,0.027777777777777776,0.046296296296296294
0.054752066115702484,0.25830078125,0.376220703125,0.025,0.05,0.025,0.025,0.009259259259259259,0.018518518518518517,0.009259259259259259,0.125,0.27499999999999997,0.125,0.175,0.07407407407407407,0.027777777777777776,0.046296296296296294
0.05578512396694215,0.262939453125,0.382568359375,0.025,0.05,0.025,0.025,0.009259259259259259,0.018518518518518517,0.009259259259259259,0.125,0.3,0.125,0.175,0.07407407407407407,0.027777777777777776,0.046296296296296294
0.056818181818181816,0.267333984375,0.38916015625,0.025,0.05,0.025,0.025,0.009259259259259259,0.018518518518518517,0.009259259259259259,0.125,0.3,0.125,0.175,0.07407407407407407,0.027777777777777776,0.05555555555555555
0.057851239669421496,0.27197265625,0.394775390625,0.025,0.05,0.025,0.025,0.009259259259259259,0.018518518518518517,0.009259259259259259,0.125,0.325,0.125,0.175,0.07407407407407407,0.027777777777777776,0.05555555555555555
0.05888429752066116,0.2763671875,0.401123046875,0.025,0.05,0.025,0.025,0.009259259259259259,0.018518518518518517,0.009259259259259259,0.125,0.325,0.125,0.19999999999999998,0.07407407407407407,0.027777777777777776,0.05555555555555555
0.059917355371900835,0.28076171875,0.407470703125,0.025,0.05,0.025,0.025,0.009259259259259259,0.018518518518518517,0.009259259259259259,0.125,0.325,0.125,0.19999999999999998,0.08333333333333333,0.027777777777777776,0.05555555555555555
0.06095041322314051,0.28515625,0.4130859375,0.025,0.05,0.025,0.025,0.009259259259259259,0.018518518518518517,0.009259259259259259,0.125,0.325,0.125,0.19999999999999998,0.08333333333333333,0.037037037037037035,0.05555555555555555
0.061983471074380174,0.289794921875,0.41943359375,0.025,0.05,0.025,0.025,0.009259259259259259,0.018518518518518517,0.009259259259259259,0.15,0.325,0.125,0.19999999999999998,0.08333333333333333,0.037037037037037035,0.05555555555555555
0.06301652892561985,0.294189453125,0.4248046875,0.025,0.05,0.025,0.025,0.009259259259259259,0.018518518518518517,0.009259259259259259,0.15,0.325,0.125,0.19999999999999998,0.08333333333333333,0.037037037037037035,0.06481481481481481
0.06404958677685953,0.298828125,0.430908203125,0.025,0.05,0.025,0.025,0.009259259259259259,0.018518518518518517,0.009259259259259259,0.175,0.325,0.125,0.19999999999999998,0.08333333333333333,0.037037037037037035,0.06481481481481481
0.0650826446280992,0.30322265625,0.43701171875,0.025,0.05,0.025,0.025,0.009259259259259259,0.018518518518518517,0.009259259259259259,0.175,0.325,0.15,0.19999999999999998,0.08333333333333333,0.037037037037037035,0.06481481481481481
0.06611570247933887,0.3076171875,0.442626953125,0.025,0.05,0.025,0.025,0.009259259259259259,0.018518518518518517,0.009259259259259259,0.175,0.325,0.15,0.19999999999999998,0.09259259259259259,0.037037037037037035,0.06481481481481481
0.06714876033057854,0.312255859375,0.4482421875,0.025,0.05,0.025,0.025,0.009259259259259259,0.018518518518518517,0.009259259259259259,0.175,0.325,0.15,0.22499999999999998,0.09259259259259259,0.037037037037037035,0.06481481481481481
0.0681818181818182,0.316650390625,0.45458984375,0.025,0.05,0.025,0.025,0.009259259259259259,0.018518518518518517,0.009259259259259259,0.175,0.325,0.15,0.24999999999999997,0.09259259259259259,0.037037037037037035,0.06481481481481481
0.06921487603305787,0.321044921875,0.4599609375,0.025,0.05,0.025,0.025,0.009259259259259259,0.018518518518518517,0.009259259259259259,0.175,0.325,0.15,0.24999999999999997,0.09259259259259259,0.046296296296296294,0.06481481481481481
0.07024793388429754,0.3251953125,0.465576171875,0.025,0.05,0.025,0.025,0.009259259259259259,0.018518518518518517,0.009259259259259259,0.175,0.325,0.15,0.24999999999999997,0.09259259259259259,0.046296296296296294,0.07407407407407407
0.0712809917355372,0.32958984375,0.47119140625,0.025,0.05,0.025,0.025,0.009259259259259259,0.018518518518518517,0.009259259259259259,0.175,0.35000000000000003,0.15,0.24999999999999997,0.09259259259259259,0.046296296296296294,0.07407407407407407
0.07231404958677687,0.334228515625,0.4765625,0.025,0.05,0.025,0.025,0.009259259259259259,0.018518518518518517,0.009259259259259259,0.175,0.37500000000000006,0.15,0.24999999999999997,0.09259259259259259,0.046296296296296294,0.07407407407407407
0.07334710743801655,0.338623046875,0.482177734375,0.025,0.05,0.025,0.025,0.009259259259259259,0.018518518518518517,0.009259259259259259,0.175,0.37500000000000006,0.175,0.24999999999999997,0.09259259259259259,0.046296296296296294,0.07407407407407407
0.07438016528925621,0.343017578125,0.48779296875,0.025,0.05,0.025,0.025,0.009259259259259259,0.018518518518518517,0.009259259259259259,0.175,0.37500000000000006,0.175,0.24999999999999997,0.10185185185185185,0.046296296296296294,0.07407407407407407
0.0754132231404959,0.347412109375,0.493408203125,0.025,0.05,0.025,0.025,0.009259259259259259,0.018518518518518517,0.009259259259259259,0.175,0.37500000000000006,0.175,0.24999999999999997,0.10185185185185185,0.046296296296296294,0.08333333333333333
0.07644628099173556,0.351806640625,0.498779296875,0.025,0.05,0.025,0.025,0.009259259259259259,0.018518518518518517,0.009259259259259259,0.175,0.37500000000000006,0.175,0.27499999999999997,0.10185185185185185,0.046296296296296294,0.08333333333333333
0.07747933884297523,0.356201171875,0.50439453125,0.025,0.05,0.025,0.025,0.009259259259259259,0.018518518518518517,0.009259259259259259,0.175,0.37500000000000006,0.175,0.27499999999999997,0.10185185185185185,0.046296296296296294,0.09259259259259259
0.07851239669421489,0.360595703125,0.51025390625,0.025,0.05,0.025,0.025,0.009259259259259259,0.018518518518518517,0.009259259259259259,0.175,0.37500000000000006,0.175,0.27499999999999997,0.10185185185185185,0.05555555555555555,0.09259259259259259
0.07954545454545456,0.364990234375,0.51513671875,0.025,0.07500000000000001,0.025,0.025,0.009259259259259259,0.018518518518518517,0.009259259259259259,0.175,0.37500000000000006,0.175,0.27499999999999997,0.10185185185185185,0.05555555555555555,0.09259259259259259
0.08057851239669422,0.369384765625,0.52099609375,0.025,0.07500000000000001,0.025,0.025,0.009259259259259259,0.018518518518518517,0.009259259259259259,0.175,0.37500000000000006,0.175,0.27499999999999997,0.1111111111111111,0.05555555555555555,0.09259259259259259
0.08161157024793389,0.3740234375,0.5263671875,0.025,0.07500000000000001,0.025,0.025,0.009259259259259259,0.018518518518518517,0.009259259259259259,0.19999999999999998,0.37500000000000006,0.175,0.27499999999999997,0.1111111111111111,0.05555555555555555,0.09259259259259259
0.08264462809917356,0.37841796875,0.53125,0.025,0.07500000000000001,0.025,0.025,0.009259259259259259,0.018518518518518517,0.009259259259259259,0.19999999999999998,0.37500000000000006,0.19999999999999998,0.27499999999999997,0.1111111111111111,0.05555555555555555,0.09259259259259259
0.08367768595041322,0.3828125,0.53759765625,0.025,0.07500000000000001,0.025,0.025,0.009259259259259259,0.018518518518518517,0.009259259259259259,0.19999999999999998,0.37500000000000006,0.19999999999999998,0.27499999999999997,0.12037037037037036,0.05555555555555555,0.09259259259259259
0.0847107438016529,0.38720703125,0.54248046875,0.025,0.07500000000000001,0.025,0.025,0.009259259259259259,0.027777777777777776,0.009259259259259259,0.19999999999999998,0.37500000000000006,0.19999999999999998,0.27499999999999997,0.12037037037037036,0.05555555555555555,0.09259259259259259
0.08574380165289257,0.3916015625,0.5478515625,0.025,0.07500000000000001,0.025,0.025,0.009259259259259259,0.027777777777777776,0.009259259259259259,0.19999999999999998,0.37500000000000006,0.19999999999999998,0.27499999999999997,0.12962962962962962,0.05555555555555555,0.09259259259259259
0.08677685950413223,0.395751953125,0.55322265625,0.025,0.07500000000000001,0.025,0.025,0.009259259259259259,0.027777777777777776,0.009259259259259259,0.19999999999999998,0.37500000000000006,0.19999999999999998,0.27499999999999997,0.12962962962962962,0.05555555555555555,0.10185185185185185
0.0878099173553719,0.400146484375,0.55859375,0.025,0.07500000000000001,0.025,0.025,0.009259259259259259,0.027777777777777776,0.009259259259259259,0.19999999999999998,0.4000000000000001,0.19999999999999998,0.27499999999999997,0.12962962962962962,0.05555555555555555,0.10185185185185185
0.08884297520661158,0.404296875,0.56494140625,0.025,0.07500000000000001,0.025,0.025,0.009259259259259259,0.027777777777777776,0.009259259259259259,0.19999999999999998,0.4000000000000001,0.19999999999999998,0.27499999999999997,0.1388888888888889,0.05555555555555555,0.10185185185185185
0.08987603305785125,0.408447265625,0.56982421875,0.025,0.07500000000000001,0.025,0.025,0.009259259259259259,0.027777777777777776,0.009259259259259259,0.19999999999999998,0.4000000000000001,0.19999999999999998,0.27499999999999997,0.14814814814814814,0.05555555555555555,0.10185185185185185
0.09090909090909091,0.412841796875,0.5751953125,0.025,0.07500000000000001,0.05,0.025,0.009259259259259259,0.027777777777777776,0.009259259259259259,0.19999999999999998,0.4000000000000001,0.19999999999999998,0.27499999999999997,0.14814814814814814,0.05555555555555555,0.10185185185185185
0.09194214876033059,0.4169921875,0.58056640625,0.025,0.07500000000000001,0.05,0.025,0.009259259259259259,0.027777777777777776,0.009259259259259259,0.19999999999999998,0.4000000000000001,0.19999999999999998,0.27499999999999997,0.14814814814814814,0.06481481481481481,0.10185185185185185
0.09297520661157029,0.421142578125,0.58544921875,0.025,0.07500000000000001,0.05,0.025,0.009259259259259259,0.027777777777777776,0.009259259259259259,0.19999999999999998,0.4000000000000001,0.19999999999999998,0.3,0.14814814814814814,0.06481481481481481,0.10185185185185185
0.09400826446280995,0.42529296875,0.5908203125,0.025,0.07500000000000001,0.05,0.025,0.009259259259259259,0.027777777777777776,0.009259259259259259,0.19999999999999998,0.4000000000000001,0.19999999999999998,0.3,0.14814814814814814,0.06481481481481481,0.1111111111111111
0.09504132231404959,0.429443359375,0.5966796875,0.025,0.07500000000000001,0.05,0.025,0.009259259259259259,0.027777777777777776,0.009259259259259259,0.22499999999999998,0.4000000000000001,0.19999999999999998,0.3,0.14814814814814814,0.06481481481481481,0.1111111111111111
0.09607438016528926,0.43359375,0.60205078125,0.025,0.07500000000000001,0.05,0.025,0.009259259259259259,0.027777777777777776,0.009259259259259259,0.22499999999999998,0.4000000000000001,0.19999999999999998,0.3,0.15740740740740738,0.06481481481481481,0.1111111111111111
0.09710743801652895,0.43798828125,0.607421875,0.025,0.07500000000000001,0.05,0.05,0.009259259259259259,0.027777777777777776,0.009259259259259259,0.22499999999999998,0.4000000000000001,0.19999999999999998,0.3,0.15740740740740738,0.06481481481481481,0.1111111111111111
0.09814049586776862,0.442138671875,0.6123046875,0.025,0.07500000000000001,0.05,0.05,0.009259259259259259,0.027777777777777776,0.009259259259259259,0.22499999999999998,0.4000000000000001,0.19999999999999998,0.3,0.16666666666666663,0.06481481481481481,0.1111111111111111
0.09917355371900828,0.4462890625,0.61767578125,0.025,0.07500000000000001,0.05,0.05,0.009259259259259259,0.027777777777777776,0.009259259259259259,0.22499999999999998,0.4000000000000001,0.19999999999999998,0.3,0.17592592592592587,0.06481481481481481,0.1111111111111111
0.10020661157024795,0.45068359375,0.623046875,0.025,0.07500000000000001,0.05,0.05,0.009259259259259259,0.027777777777777776,0.009259259259259259,0.24999999999999997,0.4000000000000001,0.19999999999999998,0.3,0.17592592592592587,0.06481481481481481,0.1111111111111111
0.10123966942148761,0.454833984375,0.62841796875,0.025,0.07500000000000001,0.05,0.05,0.009259259259259259,0.027777777777777776,0.009259259259259259,0.24999999999999997,0.4000000000000001,0.19999999999999998,0.3,0.17592592592592587,0.07407407407407407,0.1111111111111111
0.10227272727272728,0.458984375,0.63427734375,0.025,0.07500000000000001,0.05,0.05,0.009259259259259259,0.027777777777777776,0.009259259259259259,0.24999999999999997,0.4250000000000001,0.19999999999999998,0.3,0.17592592592592587,0.07407407407407407,0.1111111111111111
0.10330578512396696,0.463134765625,0.640625,0.025,0.07500000000000001,0.05,0.05,0.009259259259259259,0.027777777777777776,0.009259259259259259,0.24999999999999997,0.4250000000000001,0.19999999999999998,0.3,0.17592592592592587,0.07407407407407407,0.12037037037037036
0.10433884297520664,0.46728515625,0.64501953125,0.025,0.07500000000000001,0.05,0.05,0.009259259259259259,0.027777777777777776,0.009259259259259259,0.24999999999999997,0.4250000000000001,0.22499999999999998,0.3,0.17592592592592587,0.07407407407407407,0.12037037037037036
0.1053719008264463,0.471435546875,0.65087890625,0.025,0.07500000000000001,0.05,0.05,0.009259259259259259,0.027777777777777776,0.009259259259259259,0.24999999999999997,0.4250000000000001,0.22499999999999998,0.3,0.17592592592592587,0.08333333333333333,0.12037037037037036
0.10640495867768597,0.4755859375,0.65625,0.025,0.07500000000000001,0.05,0.05,0.009259259259259259,0.027777777777777776,0.009259259259259259,0.24999999999999997,0.4250000000000001,0.22499999999999998,0.3,0.17592592592592587,0.08333333333333333,0.12962962962962962
0.10743801652892564,0.479736328125,0.66259765625,0.025,0.07500000000000001,0.05,0.05,0.009259259259259259,0.027777777777777776,0.009259259259259259,0.24999999999999997,0.4250000000000001,0.22499999999999998,0.325,0.17592592592592587,0.08333333333333333,0.12962962962962962
0.1084710743801653,0.48388671875,0.6669921875,0.025,0.07500000000000001,0.05,0.05,0.009259259259259259,0.027777777777777776,0.009259259259259259,0.24999999999999997,0.4250000000000001,0.22499999999999998,0.325,0.18518518518518512,0.08333333333333333,0.12962962962962962
0.10950413223140497,0.488037109375,0.67236328125,0.025,0.07500000000000001,0.05,0.05,0.009259259259259259,0.027777777777777776,0.009259259259259259,0.24999999999999997,0.4250000000000001,0.22499999999999998,0.325,0.19444444444444436,0.08333333333333333,0.12962962962962962
0.11053719008264463,0.4921875,0.6787109375,0.025,0.07500000000000001,0.05,0.05,0.009259259259259259,0.027777777777777776,0.009259259259259259,0.24999999999999997,0.4250000000000001,0.22499999999999998,0.325,0.2037037037037036,0.08333333333333333,0.12962962962962962
0.11157024793388433,0.49658203125,0.68408203125,0.025,0.07500000000000001,0.05,0.05,0.009259259259259259,0.027777777777777776,0.009259259259259259,0.27499999999999997,0.4250000000000001,0.22499999999999998,0.325,0.2037037037037036,0.08333333333333333,0.12962962962962962
0.11260330578512397,0.5009765625,0.689453125,0.025,0.07500000000000001,0.05,0.05,0.009259259259259259,0.027777777777777776,0.009259259259259259,0.27499999999999997,0.4500000000000001,0.22499999999999998,0.325,0.2037037037037036,0.08333333333333333,0.12962962962962962
0.11363636363636366,0.5048828125,0.6962890625,0.025,0.07500000000000001,0.05,0.05,0.009259259259259259,0.027777777777777776,0.009259259259259259,0.27499999999999997,0.4500000000000001,0.22499999999999998,0.325,0.21296296296296285,0.08333333333333333,0.12962962962962962
0.11466942148760333,0.50927734375,0.701171875,0.025,0.07500000000000001,0.05,0.05,0.009259259259259259,0.027777777777777776,0.009259259259259259,0.27499999999999997,0.4500000000000001,0.24999999999999997,0.325,0.21296296296296285,0.08333333333333333,0.12962962962962962
0.11570247933884299,0.51318359375,0.70654296875,0.025,0.07500000000000001,0.05,0.05,0.009259259259259259,0.027777777777777776,0.009259259259259259,0.27499999999999997,0.4500000000000001,0.24999999999999997,0.325,0.21296296296296285,0.08333333333333333,0.1388888888888889
0.11673553719008266,0.517578125,0.71142578125,0.025,0.07500000000000001,0.05,0.05,0.009259259259259259,0.027777777777777776,0.009259259259259259,0.27499999999999997,0.4500000000000001,0.24999999999999997,0.35000000000000003,0.21296296296296285,0.08333333333333333,0.1388888888888889
0.11776859504132234,0.52197265625,0.71630859375,0.025,0.07500000000000001,0.05,0.05,0.009259259259259259,0.027777777777777776,0.018518518518518517,0.27499999999999997,0.4500000000000001,0.24999999999999997,0.35000000000000003,0.21296296296296285,0.08333333333333333,0.1388888888888889
0.118801652892562,0.52587890625,0.72265625,0.025,0.07500000000000001,0.05,0.05,0.009259259259259259,0.027777777777777776,0.027777777777777776,0.27499999999999997,0.4500000000000001,0.24999999999999997,0.35000000000000003,0.21296296296296285,0.08333333333333333,0.1388888888888889
0.11983471074380167,0.52978515625,0.7275390625,0.025,0.07500000000000001,0.05,0.05,0.009259259259259259,0.027777777777777776,0.037037037037037035,0.27499999999999997,0.4500000000000001,0.24999999999999997,0.35000000000000003,0.21296296296296285,0.08333333333333333,0.1388888888888889
0.12086776859504134,0.53369140625,0.732421875,0.025,0.07500000000000001,0.05,0.05,0.009259259259259259,0.027777777777777776,0.037037037037037035,0.27499999999999997,0.4500000000000001,0.24999999999999997,0.35000000000000003,0.21296296296296285,0.09259259259259259,0.1388888888888889
0.12190082644628102,0.5380859375,0.73779296875,0.025,0.1,0.05,0.05,0.009259259259259259,0.027777777777777776,0.037037037037037035,0.27499999999999997,0.4500000000000001,0.24999999999999997,0.35000000000000003,0.21296296296296285,0.09259259259259259,0.1388888888888889
0.12293388429752068,0.54248046875,0.74267578125,0.025,0.1,0.05,0.07500000000000001,0.009259259259259259,0.027777777777777776,0.037037037037037035,0.27499999999999997,0.4500000000000001,0.24999999999999997,0.35000000000000003,0.21296296296296285,0.09259259259259259,0.1388888888888889
0.12396694214876035,0.54638671875,0.74755859375,0.025,0.1,0.05,0.07500000000000001,0.009259259259259259,0.027777777777777776,0.037037037037037035,0.27499999999999997,0.4500000000000001,0.24999999999999997,0.35000000000000003,0.2222222222222221,0.09259259259259259,0.1388888888888889
0.12500000000000003,0.55078125,0.75244140625,0.025,0.1,0.05,0.07500000000000001,0.009259259259259259,0.027777777777777776,0.037037037037037035,0.3,0.4500000000000001,0.24999999999999997,0.35000000000000003,0.2222222222222221,0.09259259259259259,0.1388888888888889
0.1260330578512397,0.5546875,0.7578125,0.025,0.1,0.05,0.07500000000000001,0.009259259259259259,0.027777777777777776,0.037037037037037035,0.3,0.4500000000000001,0.24999999999999997,0.35000000000000003,0.2222222222222221,0.09259259259259259,0.14814814814814814
0.12706611570247936,0.55859375,0.7626953125,0.025,0.1,0.05,0.07500000000000001,0.009259259259259259,0.027777777777777776,0.037037037037037035,0.3,0.4500000000000001,0.24999999999999997,0.35000000000000003,0.2222222222222221,0.09259259259259259,0.15740740740740738
0.12809917355371903,0.5625,0.76806640625,0.025,0.1,0.05,0.07500000000000001,0.009259259259259259,0.027777777777777776,0.037037037037037035,0.3,0.4500000000000001,0.24999999999999997,0.35000000000000003,0.2222222222222221,0.09259259259259259,0.16666666666666663
0.1291322314049587,0.56689453125,0.77294921875,0.025,0.1,0.05,0.07500000000000001,0.009259259259259259,0.027777777777777776,0.046296296296296294,0.3,0.4500000000000001,0.24999999999999997,0.35000000000000003,0.2222222222222221,0.09259259259259259,0.16666666666666663
0.13016528925619839,0.5712890625,0.7783203125,0.025,0.1,0.05,0.07500000000000001,0.009259259259259259,0.027777777777777776,0.046296296296296294,0.325,0.4500000000000001,0.24999999999999997,0.35000000000000003,0.2222222222222221,0.09259259259259259,0.16666666666666663
0.13119834710743802,0.57568359375,0.783203125,0.025,0.1,0.05,0.07500000000000001,0.009259259259259259,0.027777777777777776,0.046296296296296294,0.325,0.47500000000000014,0.24999999999999997,0.35000000000000003,0.2222222222222221,0.09259259259259259,0.16666666666666663
0.13223140495867772,0.57958984375,0.78857421875,0.025,0.1,0.05,0.07500000000000001,0.009259259259259259,0.027777777777777776,0.046296296296296294,0.325,0.47500000000000014,0.24999999999999997,0.35000000000000003,0.23148148148148134,0.09259259259259259,0.16666666666666663
0.13326446280991736,0.58349609375,0.79345703125,0.025,0.1,0.05,0.07500000000000001,0.009259259259259259,0.027777777777777776,0.046296296296296294,0.325,0.47500000000000014,0.24999999999999997,0.35000000000000003,0.2407407407407406,0.09259259259259259,0.16666666666666663
0.13429752066115705,0.587890625,0.798828125,0.025,0.1,0.05,0.07500000000000001,0.009259259259259259,0.027777777777777776,0.046296296296296294,0.325,0.5000000000000001,0.24999999999999997,0.35000000000000003,0.2407407407407406,0.09259259259259259,0.16666666666666663
0.13533057851239674,0.591796875,0.80419921875,0.025,0.1,0.05,0.07500000000000001,0.009259259259259259,0.027777777777777776,0.046296296296296294,0.325,0.5000000000000001,0.24999999999999997,0.35000000000000003,0.24999999999999983,0.09259259259259259,0.16666666666666663
0.13636363636363638,0.59619140625,0.80908203125,0.025,0.1,0.05,0.07500000000000001,0.009259259259259259,0.027777777777777776,0.05555555555555555,0.325,0.5000000000000001,0.24999999999999997,0.35000000000000003,0.24999999999999983,0.09259259259259259,0.16666666666666663
0.13739669421487602,0.60009765625,0.814453125,0.025,0.1,0.05,0.07500000000000001,0.009259259259259259,0.027777777777777776,0.05555555555555555,0.325,0.5000000000000001,0.24999999999999997,0.35000000000000003,0.24999999999999983,0.10185185185185185,0.16666666666666663
0.1384297520661157,0.60400390625,0.81884765625,0.025,0.1,0.05,0.07500000000000001,0.009259259259259259,0.027777777777777776,0.05555555555555555,0.325,0.5000000000000001,0.24999999999999997,0.35000000000000003,0.24999999999999983,0.10185185185185185,0.17592592592592587
0.1394628099173554,0.60791015625,0.82421875,0.025,0.1,0.05,0.07500000000000001,0.009259259259259259,0.027777777777777776,0.05555555555555555,0.325,0.5000000000000001,0.24999999999999997,0.35000000000000003,0.2592592592592591,0.10185185185185185,0.17592592592592587
0.14049586776859507,0.61181640625,0.82958984375,0.025,0.1,0.05,0.07500000000000001,0.009259259259259259,0.027777777777777776,0.05555555555555555,0.325,0.5000000000000001,0.24999999999999997,0.35000000000000003,0.2592592592592591,0.10185185185185185,0.18518518518518512
0.1415289256198347,0.6162109375,0.8349609375,0.05,0.1,0.05,0.07500000000000001,0.009259259259259259,0.027777777777777776,0.05555555555555555,0.325,0.5000000000000001,0.24999999999999997,0.35000000000000003,0.2592592592592591,0.10185185185185185,0.18518518518518512
0.1425619834710744,0.62060546875,0.83984375,0.05,0.1,0.05,0.1,0.009259259259259259,0.027777777777777776,0.05555555555555555,0.325,0.5000000000000001,0.24999999999999997,0.35000000000000003,0.2592592592592591,0.10185185185185185,0.18518518518518512
0.14359504132231404,0.62451171875,0.84375,0.05,0.1,0.05,0.1,0.009259259259259259,0.027777777777777776,0.05555555555555555,0.325,0.5000000000000001,0.27499999999999997,0.35000000000000003,0.2592592592592591,0.10185185185185185,0.18518518518518512
0.14462809917355374,0.62841796875,0.849609375,0.05,0.1,0.05,0.1,0.009259259259259259,0.027777777777777776,0.05555555555555555,0.325,0.5000000000000001,0.27499999999999997,0.37500000000000006,0.2592592592592591,0.10185185185185185,0.18518518518518512
0.1456611570247934,0.63232421875,0.85498046875,0.05,0.1,0.05,0.1,0.009259259259259259,0.027777777777777776,0.05555555555555555,0.325,0.5000000000000001,0.27499999999999997,0.37500000000000006,0.2592592592592591,0.1111111111111111,0.18518518518518512
0.14669421487603307,0.63623046875,0.859375,0.05,0.1,0.05,0.1,0.009259259259259259,0.027777777777777776,0.05555555555555555,0.325,0.5000000000000001,0.27499999999999997,0.37500000000000006,0.2592592592592591,0.1111111111111111,0.19444444444444436
0.14772727272727273,0.64013671875,0.86474609375,0.05,0.1,0.05,0.1,0.009259259259259259,0.027777777777777776,0.05555555555555555,0.325,0.5000000000000001,0.27499999999999997,0.37500000000000006,0.2592592592592591,0.12037037037037036,0.19444444444444436
0.14876033057851243,0.64453125,0.86962890625,0.05,0.1,0.05,0.1,0.009259259259259259,0.027777777777777776,0.05555555555555555,0.325,0.5250000000000001,0.27499999999999997,0.37500000000000006,0.2592592592592591,0.12037037037037036,0.19444444444444436
0.14979338842975207,0.6484375,0.87353515625,0.05,0.1,0.05,0.1,0.009259259259259259,0.027777777777777776,0.05555555555555555,0.325,0.5250000000000001,0.27499999999999997,0.4000000000000001,0.2592592592592591,0.12037037037037036,0.19444444444444436
0.15082644628099173,0.65234375,0.87939453125,0.05,0.1,0.05,0.1,0.009259259259259259,0.027777777777777776,0.05555555555555555,0.325,0.5250000000000001,0.27499999999999997,0.4000000000000001,0.2592592592592591,0.12037037037037036,0.2037037037037036
0.1518595041322314,0.65625,0.884765625,0.05,0.1,0.05,0.1,0.009259259259259259,0.027777777777777776,0.05555555555555555,0.325,0.5250000000000001,0.27499999999999997,0.4000000000000001,0.2592592592592591,0.12037037037037036,0.21296296296296285
0.1528925619834711,0.66064453125,0.888671875,0.05,0.1,0.05,0.125,0.009259259259259259,0.027777777777777776,0.05555555555555555,0.325,0.5250000000000001,0.27499999999999997,0.4000000000000001,0.2592592592592591,0.12037037037037036,0.21296296296296285
0.15392561983471073,0.6650390625,0.89453125,0.05,0.1,0.05,0.125,0.009259259259259259,0.027777777777777776,0.06481481481481481,0.325,0.5250000000000001,0.27499999999999997,0.4000000000000001,0.2592592592592591,0.12037037037037036,0.21296296296296285
0.15495867768595042,0.6689453125,0.89990234375,0.05,0.1,0.05,0.125,0.009259259259259259,0.027777777777777776,0.06481481481481481,0.325,0.5250000000000001,0.27499999999999997,0.4000000000000001,0.2685185185185183,0.12037037037037036,0.21296296296296285
0.1559917355371901,0.6728515625,0.90380859375,0.05,0.1,0.05,0.125,0.009259259259259259,0.027777777777777776,0.06481481481481481,0.325,0.5250000000000001,0.27499999999999997,0.4000000000000001,0.27777777777777757,0.12037037037037036,0.21296296296296285
0.15702479338842976,0.6767578125,0.90966796875,0.05,0.1,0.05,0.125,0.009259259259259259,0.027777777777777776,0.06481481481481481,0.325,0.5250000000000001,0.27499999999999997,0.4000000000000001,0.2870370370370368,0.12037037037037036,0.21296296296296285
0.15805785123966942,0.6806640625,0.9140625,0.05,0.1,0.05,0.125,0.009259259259259259,0.027777777777777776,0.06481481481481481,0.325,0.5250000000000001,0.27499999999999997,0.4000000000000001,0.2870370370370368,0.12962962962962962,0.21296296296296285
0.1590909090909091,0.6845703125,0.91943359375,0.05,0.1,0.05,0.125,0.009259259259259259,0.027777777777777776,0.06481481481481481,0.325,0.5250000000000001,0.27499999999999997,0.4000000000000001,0.2870370370370368,0.1388888888888889,0.21296296296296285
0.16012396694214875,0.6884765625,0.9248046875,0.05,0.1,0.05,0.125,0.009259259259259259,0.027777777777777776,0.06481481481481481,0.325,0.5250000000000001,0.27499999999999997,0.4000000000000001,0.2870370370370368,0.14814814814814814,0.21296296296296285
0.16115702479338842,0.6923828125,0.92919921875,0.05,0.1,0.05,0.125,0.009259259259259259,0.027777777777777776,0.06481481481481481,0.325,0.5250000000000001,0.27499999999999997,0.4000000000000001,0.2870370370370368,0.14814814814814814,0.2222222222222221
0.1621900826446281,0.6962890625,0.9345703125,0.05,0.1,0.05,0.125,0.009259259259259259,0.027777777777777776,0.06481481481481481,0.325,0.5250000000000001,0.27499999999999997,0.4000000000000001,0.2870370370370368,0.14814814814814814,0.23148148148148134
0.16322314049586775,0.70068359375,0.93896484375,0.05,0.1,0.05,0.125,0.009259259259259259,0.027777777777777776,0.07407407407407407,0.325,0.5250000000000001,0.27499999999999997,0.4000000000000001,0.2870370370370368,0.14814814814814814,0.23148148148148134
0.16425619834710745,0.705078125,0.9443359375,0.05,0.1,0.05,0.125,0.009259259259259259,0.027777777777777776,0.07407407407407407,0.35000000000000003,0.5250000000000001,0.27499999999999997,0.4000000000000001,0.2870370370370368,0.14814814814814814,0.23148148148148134
0.1652892561983471,0.708984375,0.94873046875,0.05,0.1,0.05,0.125,0.009259259259259259,0.027777777777777776,0.07407407407407407,0.35000000000000003,0.5250000000000001,0.3,0.4000000000000001,0.2870370370370368,0.14814814814814814,0.23148148148148134
0.16632231404958678,0.71337890625,0.9541015625,0.05,0.1,0.05,0.125,0.009259259259259259,0.027777777777777776,0.07407407407407407,0.37500000000000006,0.5250000000000001,0.3,0.4000000000000001,0.2870370370370368,0.14814814814814814,0.23148148148148134
0.16735537190082647,0.71728515625,0.95849609375,0.05,0.1,0.05,0.125,0.009259259259259259,0.027777777777777776,0.07407407407407407,0.37500000000000006,0.5250000000000001,0.3,0.4250000000000001,0.2870370370370368,0.14814814814814814,0.23148148148148134
0.1683884297520661,0.72119140625,0.96435546875,0.05,0.1,0.05,0.125,0.009259259259259259,0.027777777777777776,0.07407407407407407,0.37500000000000006,0.5250000000000001,0.3,0.4250000000000001,0.29629629629629606,0.14814814814814814,0.23148148148148134
0.1694214876033058,0.72509765625,0.96826171875,0.05,0.1,0.05,0.125,0.009259259259259259,0.027777777777777776,0.07407407407407407,0.37500000000000006,0.5250000000000001,0.3,0.4250000000000001,0.3055555555555553,0.14814814814814814,0.23148148148148134
0.17045454545454544,0.72900390625,0.97412109375,0.05,0.1,0.05,0.125,0.009259259259259259,0.027777777777777776,0.07407407407407407,0.37500000000000006,0.5250000000000001,0.3,0.4250000000000001,0.31481481481481455,0.14814814814814814,0.23148148148148134
0.17148760330578514,0.73291015625,0.978515625,0.05,0.1,0.05,0.125,0.009259259259259259,0.027777777777777776,0.07407407407407407,0.37500000000000006,0.5250000000000001,0.3,0.4250000000000001,0.31481481481481455,0.15740740740740738,0.23148148148148134
0.17252066115702483,0.73681640625,0.98388671875,0.05,0.1,0.05,0.125,0.009259259259259259,0.027777777777777776,0.07407407407407407,0.37500000000000006,0.5250000000000001,0.3,0.4250000000000001,0.3240740740740738,0.15740740740740738,0.23148148148148134
0.17355371900826447,0.74072265625,0.98876953125,0.05,0.1,0.05,0.125,0.009259259259259259,0.027777777777777776,0.07407407407407407,0.37500000000000006,0.5250000000000001,0.3,0.4250000000000001,0.3240740740740738,0.15740740740740738,0.2407407407407406
0.1745867768595041,0.7451171875,0.99267578125,0.05,0.1,0.05,0.125,0.009259259259259259,0.027777777777777776,0.07407407407407407,0.4000000000000001,0.5250000000000001,0.3,0.4250000000000001,0.3240740740740738,0.15740740740740738,0.2407407407407406
0.1756198347107438,0.7490234375,0.99853515625,0.05,0.1,0.05,0.125,0.009259259259259259,0.027777777777777776,0.07407407407407407,0.4000000000000001,0.5250000000000001,0.3,0.4250000000000001,0.3240740740740738,0.16666666666666663,0.2407407407407406
0.17665289256198344,0.7529296875,1.00390625,0.05,0.1,0.05,0.125,0.009259259259259259,0.027777777777777776,0.07407407407407407,0.4000000000000001,0.5250000000000001,0.3,0.4250000000000001,0.3240740740740738,0.17592592592592587,0.2407407407407406
0.17768595041322313,0.7568359375,1.0087890625,0.05,0.1,0.05,0.125,0.009259259259259259,0.027777777777777776,0.07407407407407407,0.4000000000000001,0.5250000000000001,0.325,0.4250000000000001,0.3240740740740738,0.17592592592592587,0.2407407407407406
0.17871900826446277,0.76123046875,1.0126953125,0.05,0.1,0.05,0.15,0.009259259259259259,0.027777777777777776,0.07407407407407407,0.4000000000000001,0.5250000000000001,0.325,0.4250000000000001,0.3240740740740738,0.17592592592592587,0.2407407407407406
0.17975206611570246,0.765625,1.017578125,0.05,0.1,0.05,0.15,0.009259259259259259,0.027777777777777776,0.08333333333333333,0.4000000000000001,0.5250000000000001,0.325,0.4250000000000001,0.3240740740740738,0.17592592592592587,0.2407407407407406
0.18078512396694216,0.76953125,1.0234375,0.05,0.1,0.05,0.15,0.009259259259259259,0.027777777777777776,0.08333333333333333,0.4000000000000001,0.5500000000000002,0.325,0.4250000000000001,0.3240740740740738,0.17592592592592587,0.2407407407407406
0.1818181818181818,0.77392578125,1.0283203125,0.05,0.1,0.05,0.15,0.009259259259259259,0.027777777777777776,0.09259259259259259,0.4000000000000001,0.5500000000000002,0.325,0.4250000000000001,0.3240740740740738,0.17592592592592587,0.2407407407407406
0.1828512396694215,0.77783203125,1.0322265625,0.05,0.1,0.05,0.15,0.009259259259259259,0.027777777777777776,0.09259259259259259,0.4000000000000001,0.5500000000000002,0.325,0.4250000000000001,0.33333333333333304,0.17592592592592587,0.2407407407407406
0.18388429752066116,0.7822265625,1.0380859375,0.05,0.1,0.05,0.15,0.009259259259259259,0.027777777777777776,0.09259259259259259,0.4000000000000001,0.5750000000000002,0.325,0.4250000000000001,0.33333333333333304,0.17592592592592587,0.2407407407407406
0.18491735537190082,0.7861328125,1.0419921875,0.05,0.1,0.05,0.15,0.009259259259259259,0.027777777777777776,0.09259259259259259,0.4000000000000001,0.5750000000000002,0.325,0.4500000000000001,0.33333333333333304,0.17592592592592587,0.2407407407407406
0.1859504132231405,0.7900390625,1.046875,0.05,0.1,0.05,0.15,0.009259259259259259,0.027777777777777776,0.09259259259259259,0.4000000000000001,0.5750000000000002,0.325,0.4500000000000001,0.3425925925925923,0.17592592592592587,0.2407407407407406
0.18698347107438018,0.7939453125,1.052734375,0.05,0.1,0.05,0.15,0.009259259259259259,0.027777777777777776,0.09259259259259259,0.4000000000000001,0.5750000000000002,0.325,0.4500000000000001,0.3518518518518515,0.17592592592592587,0.2407407407407406
0.18801652892561985,0.7978515625,1.056640625,0.05,0.1,0.05,0.15,0.009259259259259259,0.027777777777777776,0.09259259259259259,0.4000000000000001,0.5750000000000002,0.325,0.4500000000000001,0.3518518518518515,0.18518518518518512,0.2407407407407406
0.1890495867768595,0.8017578125,1.0615234375,0.05,0.1,0.05,0.15,0.009259259259259259,0.027777777777777776,0.09259259259259259,0.4000000000000001,0.5750000000000002,0.325,0.4500000000000001,0.3518518518518515,0.18518518518518512,0.24999999999999983
0.19008264462809918,0.8056640625,1.0673828125,0.05,0.1,0.05,0.15,0.009259259259259259,0.027777777777777776,0.09259259259259259,0.4000000000000001,0.5750000000000002,0.325,0.4500000000000001,0.3518518518518515,0.19444444444444436,0.24999999999999983
0.19111570247933884,0.8095703125,1.072265625,0.05,0.1,0.05,0.15,0.009259259259259259,0.027777777777777776,0.09259259259259259,0.4000000000000001,0.5750000000000002,0.325,0.4500000000000001,0.3518518518518515,0.19444444444444436,0.2592592592592591
0.1921487603305785,0.8134765625,1.076171875,0.05,0.125,0.05,0.15,0.009259259259259259,0.027777777777777776,0.09259259259259259,0.4000000000000001,0.5750000000000002,0.325,0.4500000000000001,0.3518518518518515,0.19444444444444436,0.2592592592592591
0.19318181818181818,0.8173828125,1.0810546875,0.05,0.125,0.05,0.15,0.009259259259259259,0.027777777777777776,0.09259259259259259,0.4000000000000001,0.5750000000000002,0.325,0.4500000000000001,0.3518518518518515,0.19444444444444436,0.2685185185185183
0.19421487603305784,0.82177734375,1.0869140625,0.05,0.125,0.07500000000000001,0.15,0.009259259259259259,0.027777777777777776,0.09259259259259259,0.4000000000000001,0.5750000000000002,0.325,0.4500000000000001,0.3518518518518515,0.19444444444444436,0.2685185185185183
0.1952479338842975,0.82568359375,1.091796875,0.05,0.125,0.07500000000000001,0.15,0.009259259259259259,0.027777777777777776,0.09259259259259259,0.4000000000000001,0.5750000000000002,0.325,0.4500000000000001,0.36111111111111077,0.19444444444444436,0.2685185185185183
0.19628099173553717,0.82958984375,1.095703125,0.05,0.125,0.07500000000000001,0.15,0.009259259259259259,0.027777777777777776,0.09259259259259259,0.4000000000000001,0.5750000000000002,0.325,0.4500000000000001,0.37037037037037,0.19444444444444436,0.2685185185185183
0.19731404958677684,0.83349609375,1.1005859375,0.05,0.125,0.07500000000000001,0.15,0.009259259259259259,0.027777777777777776,0.09259259259259259,0.4000000000000001,0.5750000000000002,0.325,0.4500000000000001,0.37962962962962926,0.19444444444444436,0.2685185185185183
0.19834710743801648,0.83740234375,1.1064453125,0.05,0.125,0.07500000000000001,0.15,0.009259259259259259,0.027777777777777776,0.09259259259259259,0.4000000000000001,0.5750000000000002,0.325,0.4500000000000001,0.37962962962962926,0.19444444444444436,0.27777777777777757
0.19938016528925617,0.84130859375,1.111328125,0.05,0.125,0.07500000000000001,0.15,0.009259259259259259,0.027777777777777776,0.09259259259259259,0.4000000000000001,0.5750000000000002,0.325,0.4500000000000001,0.37962962962962926,0.19444444444444436,0.2870370370370368
0.20041322314049584,0.84521484375,1.1162109375,0.05,0.125,0.07500000000000001,0.15,0.009259259259259259,0.027777777777777776,0.09259259259259259,0.4000000000000001,0.5750000000000002,0.325,0.47500000000000014,0.37962962962962926,0.19444444444444436,0.2870370370370368
0.20144628099173553,0.84912109375,1.1201171875,0.05,0.125,0.07500000000000001,0.15,0.009259259259259259,0.027777777777777776,0.09259259259259259,0.4000000000000001,0.5750000000000002,0.325,0.47500000000000014,0.37962962962962926,0.2037037037037036,0.2870370370370368
0.20247933884297517,0.85302734375,1.125,0.05,0.125,0.07500000000000001,0.15,0.009259259259259259,0.027777777777777776,0.09259259259259259,0.4000000000000001,0.5750000000000002,0.325,0.47500000000000014,0.37962962962962926,0.21296296296296285,0.2870370370370368
0.20351239669421486,0.85693359375,1.130859375,0.05,0.125,0.07500000000000001,0.15,0.009259259259259259,0.027777777777777776,0.09259259259259259,0.4000000000000001,0.5750000000000002,0.325,0.47500000000000014,0.37962962962962926,0.2222222222222221,0.2870370370370368
0.20454545454545456,0.86083984375,1.1357421875,0.05,0.125,0.07500000000000001,0.15,0.009259259259259259,0.027777777777777776,0.09259259259259259,0.4000000000000001,0.5750000000000002,0.325,0.47500000000000014,0.37962962962962926,0.2222222222222221,0.29629629629629606
0.20557851239669422,0.86474609375,1.140625,0.05,0.125,0.07500000000000001,0.15,0.009259259259259259,0.027777777777777776,0.09259259259259259,0.4000000000000001,0.6000000000000002,0.325,0.47500000000000014,0.37962962962962926,0.2222222222222221,0.29629629629629606
0.20661157024793383,0.869140625,1.14453125,0.05,0.125,0.07500000000000001,0.175,0.009259259259259259,0.027777777777777776,0.09259259259259259,0.4000000000000001,0.6000000000000002,0.325,0.47500000000000014,0.37962962962962926,0.2222222222222221,0.29629629629629606
0.20764462809917353,0.87353515625,1.1494140625,0.05,0.125,0.07500000000000001,0.175,0.009259259259259259,0.027777777777777776,0.10185185185185185,0.4000000000000001,0.6000000000000002,0.325,0.47500000000000014,0.37962962962962926,0.2222222222222221,0.29629629629629606
0.20867768595041322,0.8779296875,1.154296875,0.05,0.125,0.07500000000000001,0.175,0.009259259259259259,0.027777777777777776,0.1111111111111111,0.4000000000000001,0.6000000000000002,0.325,0.47500000000000014,0.37962962962962926,0.2222222222222221,0.29629629629629606
0.2097107438016529,0.88232421875,1.16015625,0.05,0.125,0.07500000000000001,0.175,0.009259259259259259,0.027777777777777776,0.1111111111111111,0.4250000000000001,0.6000000000000002,0.325,0.47500000000000014,0.37962962962962926,0.2222222222222221,0.29629629629629606
0.2107438016528925,0.88623046875,1.1650390625,0.05,0.125,0.07500000000000001,0.175,0.009259259259259259,0.027777777777777776,0.1111111111111111,0.4250000000000001,0.6250000000000002,0.325,0.47500000000000014,0.37962962962962926,0.2222222222222221,0.29629629629629606
0.2117768595041322,0.890625,1.169921875,0.05,0.125,0.07500000000000001,0.175,0.009259259259259259,0.027777777777777776,0.1111111111111111,0.4250000000000001,0.6250000000000002,0.35000000000000003,0.47500000000000014,0.37962962962962926,0.2222222222222221,0.29629629629629606
0.21280991735537189,0.89453125,1.173828125,0.05,0.125,0.07500000000000001,0.175,0.009259259259259259,0.027777777777777776,0.1111111111111111,0.4250000000000001,0.6250000000000002,0.35000000000000003,0.47500000000000014,0.3888888888888885,0.2222222222222221,0.29629629629629606
0.21384297520661155,0.8984375,1.1796875,0.05,0.125,0.07500000000000001,0.175,0.009259259259259259,0.027777777777777776,0.1111111111111111,0.4250000000000001,0.6250000000000002,0.35000000000000003,0.47500000000000014,0.39814814814814775,0.2222222222222221,0.29629629629629606
0.21487603305785116,0.90234375,1.18359375,0.05,0.125,0.07500000000000001,0.175,0.009259259259259259,0.027777777777777776,0.1111111111111111,0.4250000000000001,0.6250000000000002,0.35000000000000003,0.47500000000000014,0.407407407407407,0.2222222222222221,0.29629629629629606
0.21590909090909086,0.90625,1.1884765625,0.05,0.125,0.07500000000000001,0.175,0.009259259259259259,0.027777777777777776,0.1111111111111111,0.4250000000000001,0.6250000000000002,0.37500000000000006,0.47500000000000014,0.407407407407407,0.2222222222222221,0.29629629629629606
0.21694214876033055,0.91064453125,1.1943359375,0.05,0.125,0.07500000000000001,0.175,0.009259259259259259,0.027777777777777776,0.1111111111111111,0.4500000000000001,0.6250000000000002,0.37500000000000006,0.47500000000000014,0.407407407407407,0.2222222222222221,0.29629629629629606
0.21797520661157022,0.91455078125,1.19921875,0.05,0.125,0.07500000000000001,0.175,0.009259259259259259,0.027777777777777776,0.1111111111111111,0.4500000000000001,0.6250000000000002,0.37500000000000006,0.47500000000000014,0.407407407407407,0.2222222222222221,0.3055555555555553
0.2190082644628099,0.91845703125,1.203125,0.05,0.125,0.07500000000000001,0.175,0.009259259259259259,0.027777777777777776,0.1111111111111111,0.4500000000000001,0.6250000000000002,0.37500000000000006,0.47500000000000014,0.407407407407407,0.23148148148148134,0.3055555555555553
0.22004132231404955,0.92236328125,1.2080078125,0.05,0.125,0.07500000000000001,0.175,0.009259259259259259,0.027777777777777776,0.1111111111111111,0.4500000000000001,0.6250000000000002,0.37500000000000006,0.47500000000000014,0.407407407407407,0.2407407407407406,0.3055555555555553
0.22107438016528924,0.92626953125,1.2119140625,0.05,0.125,0.07500000000000001,0.175,0.009259259259259259,0.027777777777777776,0.1111111111111111,0.4500000000000001,0.6250000000000002,0.37500000000000006,0.47500000000000014,0.407407407407407,0.24999999999999983,0.3055555555555553
0.22210743801652888,0.93017578125,1.216796875,0.05,0.125,0.07500000000000001,0.175,0.009259259259259259,0.027777777777777776,0.1111111111111111,0.4500000000000001,0.6250000000000002,0.37500000000000006,0.47500000000000014,0.407407407407407,0.2592592592592591,0.3055555555555553
0.22314049586776857,0.93408203125,1.22265625,0.05,0.125,0.07500000000000001,0.175,0.009259259259259259,0.027777777777777776,0.1111111111111111,0.4500000000000001,0.6250000000000002,0.37500000000000006,0.47500000000000014,0.407407407407407,0.2592592592592591,0.31481481481481455
0.2241735537190082,0.93798828125,1.2265625,0.05,0.125,0.07500000000000001,0.175,0.009259259259259259,0.027777777777777776,0.1111111111111111,0.4500000000000001,0.6250000000000002,0.37500000000000006,0.5000000000000001,0.407407407407407,0.2592592592592591,0.31481481481481455
0.22520661157024788,0.94189453125,1.2314453125,0.05,0.125,0.07500000000000001,0.175,0.009259259259259259,0.027777777777777776,0.1111111111111111,0.4500000000000001,0.6250000000000002,0.37500000000000006,0.5000000000000001,0.407407407407407,0.2592592592592591,0.3240740740740738
0.22623966942148754,0.94580078125,1.236328125,0.05,0.125,0.07500000000000001,0.175,0.009259259259259259,0.027777777777777776,0.1111111111111111,0.4500000000000001,0.6250000000000002,0.37500000000000006,0.5000000000000001,0.407407407407407,0.2592592592592591,0.33333333333333304
0.22727272727272724,0.94970703125,1.2412109375,0.05,0.125,0.07500000000000001,0.175,0.009259259259259259,0.027777777777777776,0.1111111111111111,0.4500000000000001,0.6250000000000002,0.37500000000000006,0.5000000000000001,0.407407407407407,0.2685185185185183,0.33333333333333304
0.22830578512396688,0.95361328125,1.2470703125,0.05,0.125,0.07500000000000001,0.175,0.009259259259259259,0.027777777777777776,0.1111111111111111,0.4500000000000001,0.6250000000000002,0.37500000000000006,0.5000000000000001,0.407407407407407,0.2685185185185183,0.3425925925925923
0.22933884297520657,0.9580078125,1.251953125,0.05,0.125,0.07500000000000001,0.175,0.009259259259259259,0.027777777777777776,0.1111111111111111,0.47500000000000014,0.6250000000000002,0.37500000000000006,0.5000000000000001,0.407407407407407,0.2685185185185183,0.3425925925925923
0.2303719008264462,0.96240234375,1.2568359375,0.05,0.125,0.07500000000000001,0.19999999999999998,0.009259259259259259,0.027777777777777776,0.1111111111111111,0.47500000000000014,0.6250000000000002,0.37500000000000006,0.5000000000000001,0.407407407407407,0.2685185185185183,0.3425925925925923
0.2314049586776859,0.966796875,1.26171875,0.05,0.125,0.07500000000000001,0.19999999999999998,0.009259259259259259,0.027777777777777776,0.12037037037037036,0.47500000000000014,0.6250000000000002,0.37500000000000006,0.5000000000000001,0.407407407407407,0.2685185185185183,0.3425925925925923
0.23243801652892554,0.97119140625,1.2666015625,0.05,0.125,0.07500000000000001,0.19999999999999998,0.009259259259259259,0.027777777777777776,0.12962962962962962,0.47500000000000014,0.6250000000000002,0.37500000000000006,0.5000000000000001,0.407407407407407,0.2685185185185183,0.3425925925925923
0.23347107438016523,0.9755859375,1.271484375,0.05,0.125,0.07500000000000001,0.19999999999999998,0.009259259259259259,0.027777777777777776,0.12962962962962962,0.47500000000000014,0.6500000000000002,0.37500000000000006,0.5000000000000001,0.407407407407407,0.2685185185185183,0.3425925925925923
0.23450413223140487,0.9794921875,1.2763671875,0.05,0.125,0.07500000000000001,0.19999999999999998,0.009259259259259259,0.027777777777777776,0.12962962962962962,0.47500000000000014,0.6500000000000002,0.37500000000000006,0.5000000000000001,0.407407407407407,0.27777777777777757,0.3425925925925923
0.23553719008264457,0.9833984375,1.2802734375,0.05,0.125,0.07500000000000001,0.19999999999999998,0.009259259259259259,0.027777777777777776,0.12962962962962962,0.47500000000000014,0.6500000000000002,0.37500000000000006,0.5000000000000001,0.407407407407407,0.2870370370370368,0.3425925925925923
0.23657024793388426,0.98779296875,1.2861328125,0.05,0.15,0.07500000000000001,0.19999999999999998,0.009259259259259259,0.027777777777777776,0.12962962962962962,0.47500000000000014,0.6500000000000002,0.37500000000000006,0.5000000000000001,0.407407407407407,0.2870370370370368,0.3425925925925923
0.2376033057851239,0.9921875,1.2900390625,0.05,0.15,0.07500000000000001,0.19999999999999998,0.009259259259259259,0.027777777777777776,0.12962962962962962,0.47500000000000014,0.6750000000000003,0.37500000000000006,0.5000000000000001,0.407407407407407,0.2870370370370368,0.3425925925925923
0.2386363636363636,0.99609375,1.294921875,0.05,0.15,0.07500000000000001,0.19999999999999998,0.009259259259259259,0.027777777777777776,0.12962962962962962,0.47500000000000014,0.6750000000000003,0.4000000000000001,0.5000000000000001,0.407407407407407,0.2870370370370368,0.3425925925925923
0.23966942148760323,1.0,1.2998046875,0.05,0.15,0.07500000000000001,0.19999999999999998,0.009259259259259259,0.027777777777777776,0.12962962962962962,0.47500000000000014,0.6750000000000003,0.4000000000000001,0.5000000000000001,0.41666666666666624,0.2870370370370368,0.3425925925925923
0.24070247933884292,1.00390625,1.3046875,0.05,0.15,0.07500000000000001,0.19999999999999998,0.009259259259259259,0.027777777777777776,0.12962962962962962,0.47500000000000014,0.6750000000000003,0.4000000000000001,0.5000000000000001,0.4259259259259255,0.2870370370370368,0.3425925925925923
0.24173553719008256,1.0078125,1.310546875,0.05,0.15,0.07500000000000001,0.19999999999999998,0.009259259259259259,0.027777777777777776,0.12962962962962962,0.47500000000000014,0.6750000000000003,0.4000000000000001,0.5250000000000001,0.4259259259259255,0.2870370370370368,0.3425925925925923
0.24276859504132225,1.01171875,1.3154296875,0.05,0.15,0.07500000000000001,0.19999999999999998,0.009259259259259259,0.027777777777777776,0.12962962962962962,0.47500000000000014,0.6750000000000003,0.4000000000000001,0.5250000000000001,0.43518518518518473,0.2870370370370368,0.3425925925925923
0.24380165289256192,1.015625,1.3193359375,0.05,0.15,0.07500000000000001,0.19999999999999998,0.009259259259259259,0.027777777777777776,0.12962962962962962,0.47500000000000014,0.6750000000000003,0.4000000000000001,0.5250000000000001,0.444444444444444,0.2870370370370368,0.3425925925925923
0.2448347107438016,1.01953125,1.3251953125,0.05,0.15,0.07500000000000001,0.19999999999999998,0.009259259259259259,0.027777777777777776,0.12962962962962962,0.47500000000000014,0.6750000000000003,0.4000000000000001,0.5250000000000001,0.4537037037037032,0.2870370370370368,0.3425925925925923
0.24586776859504123,1.0234375,1.3291015625,0.05,0.15,0.07500000000000001,0.19999999999999998,0.009259259259259259,0.027777777777777776,0.12962962962962962,0.47500000000000014,0.6750000000000003,0.4000000000000001,0.5250000000000001,0.46296296296296247,0.2870370370370368,0.3425925925925923
0.24690082644628086,1.02734375,1.333984375,0.05,0.15,0.07500000000000001,0.19999999999999998,0.009259259259259259,0.027777777777777776,0.12962962962962962,0.47500000000000014,0.6750000000000003,0.4000000000000001,0.5250000000000001,0.46296296296296247,0.29629629629629606,0.3425925925925923
0.24793388429752056,1.03125,1.33984375,0.05,0.15,0.07500000000000001,0.19999999999999998,0.009259259259259259,0.027777777777777776,0.12962962962962962,0.47500000000000014,0.6750000000000003,0.4000000000000001,0.5250000000000001,0.46296296296296247,0.3055555555555553,0.3425925925925923
0.24896694214876025,1.03515625,1.34375,0.05,0.15,0.07500000000000001,0.19999999999999998,0.009259259259259259,0.027777777777777776,0.12962962962962962,0.47500000000000014,0.6750000000000003,0.4000000000000001,0.5250000000000001,0.46296296296296247,0.31481481481481455,0.3425925925925923
0.2499999999999999,1.0390625,1.3486328125,0.05,0.15,0.07500000000000001,0.19999999999999998,0.009259259259259259,0.027777777777777776,0.12962962962962962,0.47500000000000014,0.6750000000000003,0.4000000000000001,0.5250000000000001,0.46296296296296247,0.3240740740740738,0.3425925925925923
0.2510330578512396,1.04296875,1.353515625,0.05,0.15,0.07500000000000001,0.19999999999999998,0.009259259259259259,0.027777777777777776,0.12962962962962962,0.47500000000000014,0.6750000000000003,0.4000000000000001,0.5250000000000001,0.46296296296296247,0.3240740740740738,0.3518518518518515
0.2520661157024792,1.046875,1.3583984375,0.05,0.15,0.07500000000000001,0.19999999999999998,0.009259259259259259,0.027777777777777776,0.12962962962962962,0.47500000000000014,0.6750000000000003,0.4000000000000001,0.5250000000000001,0.46296296296296247,0.3240740740740738,0.36111111111111077
0.2530991735537189,1.05078125,1.36328125,0.05,0.15,0.07500000000000001,0.19999999999999998,0.009259259259259259,0.027777777777777776,0.12962962962962962,0.47500000000000014,0.6750000000000003,0.4000000000000001,0.5250000000000001,0.46296296296296247,0.3240740740740738,0.37037037037037
0.2541322314049586,1.0546875,1.3681640625,0.05,0.15,0.07500000000000001,0.19999999999999998,0.009259259259259259,0.027777777777777776,0.12962962962962962,0.47500000000000014,0.6750000000000003,0.4000000000000001,0.5250000000000001,0.46296296296296247,0.33333333333333304,0.37037037037037
0.2551652892561983,1.05859375,1.373046875,0.05,0.15,0.07500000000000001,0.19999999999999998,0.009259259259259259,0.027777777777777776,0.12962962962962962,0.47500000000000014,0.6750000000000003,0.4000000000000001,0.5250000000000001,0.46296296296296247,0.33333333333333304,0.37962962962962926
0.25619834710743794,1.0634765625,1.3779296875,0.07500000000000001,0.15,0.07500000000000001,0.19999999999999998,0.009259259259259259,0.027777777777777776,0.12962962962962962,0.47500000000000014,0.6750000000000003,0.4000000000000001,0.5250000000000001,0.46296296296296247,0.33333333333333304,0.37962962962962926
0.25723140495867763,1.0673828125,1.3828125,0.07500000000000001,0.15,0.07500000000000001,0.19999999999999998,0.009259259259259259,0.027777777777777776,0.12962962962962962,0.47500000000000014,0.6750000000000003,0.4000000000000001,0.5250000000000001,0.46296296296296247,0.33333333333333304,0.3888888888888885
0.2582644628099173,1.0712890625,1.38671875,0.07500000000000001,0.15,0.07500000000000001,0.19999999999999998,0.009259259259259259,0.027777777777777776,0.12962962962962962,0.47500000000000014,0.6750000000000003,0.4000000000000001,0.5250000000000001,0.46296296296296247,0.33333333333333304,0.39814814814814775
0.25929752066115697,1.076171875,1.390625,0.07500000000000001,0.175,0.07500000000000001,0.19999999999999998,0.009259259259259259,0.027777777777777776,0.12962962962962962,0.47500000000000014,0.6750000000000003,0.4000000000000001,0.5250000000000001,0.46296296296296247,0.33333333333333304,0.39814814814814775
0.26033057851239666,1.080078125,1.396484375,0.07500000000000001,0.175,0.07500000000000001,0.19999999999999998,0.009259259259259259,0.027777777777777776,0.12962962962962962,0.47500000000000014,0.6750000000000003,0.4250000000000001,0.5250000000000001,0.46296296296296247,0.33333333333333304,0.39814814814814775
0.26136363636363635,1.0849609375,1.4013671875,0.07500000000000001,0.175,0.1,0.19999999999999998,0.009259259259259259,0.027777777777777776,0.12962962962962962,0.47500000000000014,0.6750000000000003,0.4250000000000001,0.5250000000000001,0.46296296296296247,0.33333333333333304,0.39814814814814775
0.26239669421487605,1.08984375,1.4052734375,0.07500000000000001,0.175,0.1,0.22499999999999998,0.009259259259259259,0.027777777777777776,0.12962962962962962,0.47500000000000014,0.6750000000000003,0.4250000000000001,0.5250000000000001,0.46296296296296247,0.33333333333333304,0.39814814814814775
0.26342975206611563,1.09375,1.4111328125,0.07500000000000001,0.175,0.1,0.24999999999999997,0.009259259259259259,0.027777777777777776,0.12962962962962962,0.47500000000000014,0.6750000000000003,0.4250000000000001,0.5250000000000001,0.46296296296296247,0.33333333333333304,0.39814814814814775
0.2644628099173553,1.09765625,1.4150390625,0.07500000000000001,0.175,0.1,0.24999999999999997,0.009259259259259259,0.027777777777777776,0.12962962962962962,0.5000000000000001,0.6750000000000003,0.4250000000000001,0.5250000000000001,0.46296296296296247,0.33333333333333304,0.39814814814814775
0.26549586776859496,1.1015625,1.419921875,0.07500000000000001,0.175,0.1,0.24999999999999997,0.009259259259259259,0.027777777777777776,0.12962962962962962,0.5000000000000001,0.6750000000000003,0.4250000000000001,0.5250000000000001,0.46296296296296247,0.33333333333333304,0.407407407407407
0.26652892561983466,1.1064453125,1.42578125,0.07500000000000001,0.175,0.1,0.24999999999999997,0.009259259259259259,0.037037037037037035,0.12962962962962962,0.5000000000000001,0.6750000000000003,0.4250000000000001,0.5250000000000001,0.46296296296296247,0.33333333333333304,0.407407407407407
0.26756198347107435,1.1103515625,1.4306640625,0.07500000000000001,0.175,0.1,0.24999999999999997,0.009259259259259259,0.037037037037037035,0.1388888888888889,0.5000000000000001,0.6750000000000003,0.4250000000000001,0.5250000000000001,0.46296296296296247,0.33333333333333304,0.407407407407407
0.268595041322314,1.1142578125,1.4345703125,0.07500000000000001,0.175,0.1,0.24999999999999997,0.009259259259259259,0.037037037037037035,0.1388888888888889,0.5000000000000001,0.6750000000000003,0.4250000000000001,0.5250000000000001,0.4722222222222217,0.33333333333333304,0.407407407407407
0.2696280991735537,1.1181640625,1.439453125,0.07500000000000001,0.175,0.1,0.24999999999999997,0.009259259259259259,0.037037037037037035,0.1388888888888889,0.5000000000000001,0.6750000000000003,0.4250000000000001,0.5250000000000001,0.48148148148148096,0.33333333333333304,0.407407407407407
0.2706611570247934,1.1220703125,1.4443359375,0.07500000000000001,0.175,0.1,0.24999999999999997,0.009259259259259259,0.037037037037037035,0.14814814814814814,0.5000000000000001,0.6750000000000003,0.4250000000000001,0.5250000000000001,0.48148148148148096,0.33333333333333304,0.407407407407407
0.271694214876033,1.1259765625,1.4501953125,0.07500000000000001,0.175,0.1,0.24999999999999997,0.009259259259259259,0.037037037037037035,0.14814814814814814,0.5000000000000001,0.6750000000000003,0.4250000000000001,0.5250000000000001,0.48148148148148096,0.33333333333333304,0.41666666666666624
0.2727272727272727,1.130859375,1.453125,0.07500000000000001,0.175,0.1,0.27499999999999997,0.009259259259259259,0.037037037037037035,0.14814814814814814,0.5000000000000001,0.6750000000000003,0.4250000000000001,0.5250000000000001,0.48148148148148096,0.33333333333333304,0.41666666666666624
0.27376033057851235,1.1357421875,1.458984375,0.07500000000000001,0.175,0.1,0.27499999999999997,0.009259259259259259,0.046296296296296294,0.14814814814814814,0.5000000000000001,0.6750000000000003,0.4250000000000001,0.5250000000000001,0.48148148148148096,0.33333333333333304,0.41666666666666624
0.27479338842975204,1.1396484375,1.462890625,0.07500000000000001,0.175,0.1,0.27499999999999997,0.009259259259259259,0.046296296296296294,0.15740740740740738,0.5000000000000001,0.6750000000000003,0.4250000000000001,0.5250000000000001,0.48148148148148096,0.33333333333333304,0.41666666666666624
0.2758264462809917,1.1435546875,1.4677734375,0.07500000000000001,0.175,0.1,0.27499999999999997,0.009259259259259259,0.046296296296296294,0.15740740740740738,0.5000000000000001,0.6750000000000003,0.4250000000000001,0.5250000000000001,0.48148148148148096,0.3425925925925923,0.41666666666666624
0.27685950413223137,1.1474609375,1.47265625,0.07500000000000001,0.175,0.1,0.27499999999999997,0.009259259259259259,0.046296296296296294,0.15740740740740738,0.5000000000000001,0.6750000000000003,0.4250000000000001,0.5250000000000001,0.48148148148148096,0.3518518518518515,0.41666666666666624
0.277892561983471,1.1513671875,1.478515625,0.07500000000000001,0.175,0.1,0.27499999999999997,0.009259259259259259,0.046296296296296294,0.15740740740740738,0.5000000000000001,0.6750000000000003,0.4250000000000001,0.5250000000000001,0.4907407407407402,0.3518518518518515,0.41666666666666624
0.2789256198347107,1.1552734375,1.482421875,0.07500000000000001,0.175,0.1,0.27499999999999997,0.009259259259259259,0.046296296296296294,0.15740740740740738,0.5000000000000001,0.6750000000000003,0.4250000000000001,0.5250000000000001,0.49999999999999944,0.3518518518518515,0.41666666666666624
0.27995867768595034,1.1591796875,1.4873046875,0.07500000000000001,0.175,0.1,0.27499999999999997,0.009259259259259259,0.046296296296296294,0.15740740740740738,0.5250000000000001,0.6750000000000003,0.4250000000000001,0.5250000000000001,0.49999999999999944,0.3518518518518515,0.41666666666666624
0.28099173553719003,1.1630859375,1.4912109375,0.07500000000000001,0.175,0.1,0.27499999999999997,0.009259259259259259,0.046296296296296294,0.15740740740740738,0.5250000000000001,0.6750000000000003,0.4250000000000001,0.5250000000000001,0.5092592592592587,0.3518518518518515,0.41666666666666624
0.2820247933884297,1.1669921875,1.49609375,0.07500000000000001,0.175,0.1,0.27499999999999997,0.009259259259259259,0.046296296296296294,0.15740740740740738,0.5250000000000001,0.6750000000000003,0.4250000000000001,0.5250000000000001,0.518518518518518,0.3518518518518515,0.41666666666666624
0.28305785123966937,1.1708984375,1.5009765625,0.07500000000000001,0.175,0.1,0.27499999999999997,0.009259259259259259,0.046296296296296294,0.15740740740740738,0.5250000000000001,0.7000000000000003,0.4250000000000001,0.5250000000000001,0.518518518518518,0.3518518518518515,0.41666666666666624
0.284090909090909,1.1748046875,1.505859375,0.07500000000000001,0.175,0.1,0.27499999999999997,0.009259259259259259,0.046296296296296294,0.15740740740740738,0.5250000000000001,0.7000000000000003,0.4250000000000001,0.5250000000000001,0.518518518518518,0.36111111111111077,0.41666666666666624
0.2851239669421487,1.1787109375,1.5107421875,0.07500000000000001,0.175,0.1,0.27499999999999997,0.009259259259259259,0.046296296296296294,0.15740740740740738,0.5250000000000001,0.7000000000000003,0.4250000000000001,0.5250000000000001,0.518518518518518,0.37037037037037,0.41666666666666624
0.2861570247933884,1.1826171875,1.5166015625,0.07500000000000001,0.175,0.1,0.27499999999999997,0.009259259259259259,0.046296296296296294,0.15740740740740738,0.5250000000000001,0.7000000000000003,0.4250000000000001,0.5250000000000001,0.518518518518518,0.37962962962962926,0.41666666666666624
0.28719008264462803,1.1865234375,1.5205078125,0.07500000000000001,0.175,0.1,0.27499999999999997,0.009259259259259259,0.046296296296296294,0.15740740740740738,0.5250000000000001,0.7000000000000003,0.4250000000000001,0.5250000000000001,0.518518518518518,0.37962962962962926,0.4259259259259255
0.2882231404958677,1.1904296875,1.5244140625,0.07500000000000001,0.175,0.1,0.27499999999999997,0.009259259259259259,0.046296296296296294,0.15740740740740738,0.5250000000000001,0.7000000000000003,0.4250000000000001,0.5500000000000002,0.518518518518518,0.37962962962962926,0.4259259259259255
0.2892561983471074,1.1943359375,1.529296875,0.07500000000000001,0.175,0.1,0.27499999999999997,0.009259259259259259,0.046296296296296294,0.15740740740740738,0.5250000000000001,0.7000000000000003,0.4250000000000001,0.5500000000000002,0.518518518518518,0.37962962962962926,0.43518518518518473
0.290289256198347,1.19921875,1.53515625,0.1,0.175,0.1,0.27499999999999997,0.009259259259259259,0.046296296296296294,0.15740740740740738,0.5250000000000001,0.7000000000000003,0.4250000000000001,0.5500000000000002,0.518518518518518,0.37962962962962926,0.43518518518518473
0.2913223140495867,1.203125,1.5390625,0.1,0.175,0.1,0.27499999999999997,0.009259259259259259,0.046296296296296294,0.15740740740740738,0.5250000000000001,0.7000000000000003,0.4250000000000001,0.5500000000000002,0.5277777777777773,0.37962962962962926,0.43518518518518473
0.2923553719008264,1.2080078125,1.544921875,0.1,0.19999999999999998,0.1,0.27499999999999997,0.009259259259259259,0.046296296296296294,0.15740740740740738,0.5250000000000001,0.7000000000000003,0.4250000000000001,0.5500000000000002,0.5277777777777773,0.37962962962962926,0.43518518518518473
0.2933884297520661,1.212890625,1.5498046875,0.1,0.19999999999999998,0.1,0.3,0.009259259259259259,0.046296296296296294,0.15740740740740738,0.5250000000000001,0.7000000000000003,0.4250000000000001,0.5500000000000002,0.5277777777777773,0.37962962962962926,0.43518518518518473
0.2944214876033058,1.216796875,1.552734375,0.1,0.19999999999999998,0.1,0.3,0.009259259259259259,0.046296296296296294,0.15740740740740738,0.5250000000000001,0.7000000000000003,0.4250000000000001,0.5750000000000002,0.5277777777777773,0.37962962962962926,0.43518518518518473
0.29545454545454547,1.220703125,1.5576171875,0.1,0.19999999999999998,0.1,0.3,0.009259259259259259,0.046296296296296294,0.15740740740740738,0.5250000000000001,0.7000000000000003,0.4250000000000001,0.5750000000000002,0.5370370370370366,0.37962962962962926,0.43518518518518473
0.29648760330578505,1.224609375,1.5634765625,0.1,0.19999999999999998,0.1,0.3,0.009259259259259259,0.046296296296296294,0.15740740740740738,0.5250000000000001,0.7000000000000003,0.4250000000000001,0.5750000000000002,0.546296296296296,0.37962962962962926,0.43518518518518473
0.29752066115702475,1.228515625,1.568359375,0.1,0.19999999999999998,0.1,0.3,0.009259259259259259,0.046296296296296294,0.16666666666666663,0.5250000000000001,0.7000000000000003,0.4250000000000001,0.5750000000000002,0.546296296296296,0.37962962962962926,0.43518518518518473
0.29855371900826444,1.232421875,1.5732421875,0.1,0.19999999999999998,0.1,0.3,0.009259259259259259,0.046296296296296294,0.16666666666666663,0.5250000000000001,0.7000000000000003,0.4250000000000001,0.5750000000000002,0.5555555555555552,0.37962962962962926,0.43518518518518473
0.29958677685950413,1.2373046875,1.578125,0.1,0.19999999999999998,0.1,0.3,0.009259259259259259,0.05555555555555555,0.16666666666666663,0.5250000000000001,0.7000000000000003,0.4250000000000001,0.5750000000000002,0.5555555555555552,0.37962962962962926,0.43518518518518473
0.30061983471074377,1.2421875,1.58203125,0.1,0.19999999999999998,0.1,0.3,0.009259259259259259,0.05555555555555555,0.17592592592592587,0.5250000000000001,0.7000000000000003,0.4250000000000001,0.5750000000000002,0.5555555555555552,0.37962962962962926,0.43518518518518473
0.3016528925619834,1.24609375,1.5869140625,0.1,0.19999999999999998,0.1,0.3,0.009259259259259259,0.05555555555555555,0.18518518518518512,0.5250000000000001,0.7000000000000003,0.4250000000000001,0.5750000000000002,0.5555555555555552,0.37962962962962926,0.43518518518518473
0.3026859504132231,1.2509765625,1.591796875,0.1,0.19999999999999998,0.1,0.3,0.009259259259259259,0.05555555555555555,0.19444444444444436,0.5250000000000001,0.7000000000000003,0.4250000000000001,0.5750000000000002,0.5555555555555552,0.37962962962962926,0.43518518518518473
0.3037190082644628,1.2548828125,1.5966796875,0.1,0.19999999999999998,0.1,0.3,0.009259259259259259,0.05555555555555555,0.19444444444444436,0.5500000000000002,0.7000000000000003,0.4250000000000001,0.5750000000000002,0.5555555555555552,0.37962962962962926,0.43518518518518473
0.30475206611570244,1.259765625,1.6015625,0.1,0.22499999999999998,0.1,0.3,0.009259259259259259,0.05555555555555555,0.19444444444444436,0.5500000000000002,0.7000000000000003,0.4250000000000001,0.5750000000000002,0.5555555555555552,0.37962962962962926,0.43518518518518473
0.30578512396694213,1.2646484375,1.6064453125,0.1,0.22499999999999998,0.125,0.3,0.009259259259259259,0.05555555555555555,0.19444444444444436,0.5500000000000002,0.7000000000000003,0.4250000000000001,0.5750000000000002,0.5555555555555552,0.37962962962962926,0.43518518518518473
0.30681818181818177,1.26953125,1.6103515625,0.1,0.22499999999999998,0.125,0.3,0.009259259259259259,0.05555555555555555,0.19444444444444436,0.5750000000000002,0.7000000000000003,0.4250000000000001,0.5750000000000002,0.5555555555555552,0.37962962962962926,0.43518518518518473
0.30785123966942146,1.2734375,1.615234375,0.1,0.22499999999999998,0.125,0.3,0.009259259259259259,0.05555555555555555,0.19444444444444436,0.5750000000000002,0.7250000000000003,0.4250000000000001,0.5750000000000002,0.5555555555555552,0.37962962962962926,0.43518518518518473
0.3088842975206611,1.27734375,1.619140625,0.1,0.22499999999999998,0.125,0.3,0.009259259259259259,0.05555555555555555,0.19444444444444436,0.5750000000000002,0.7250000000000003,0.4250000000000001,0.6000000000000002,0.5555555555555552,0.37962962962962926,0.43518518518518473
0.3099173553719008,1.28125,1.625,0.1,0.22499999999999998,0.125,0.3,0.009259259259259259,0.05555555555555555,0.19444444444444436,0.5750000000000002,0.7250000000000003,0.4250000000000001,0.6000000000000002,0.5555555555555552,0.37962962962962926,0.444444444444444
0.31095041322314043,1.28515625,1.6298828125,0.1,0.22499999999999998,0.125,0.3,0.009259259259259259,0.05555555555555555,0.19444444444444436,0.5750000000000002,0.7250000000000003,0.4250000000000001,0.6000000000000002,0.5555555555555552,0.37962962962962926,0.4537037037037032
0.3119834710743801,1.2890625,1.6337890625,0.1,0.22499999999999998,0.125,0.3,0.009259259259259259,0.05555555555555555,0.19444444444444436,0.5750000000000002,0.7250000000000003,0.4250000000000001,0.6000000000000002,0.5648148148148145,0.37962962962962926,0.4537037037037032
0.3130165289256198,1.29296875,1.6376953125,0.1,0.22499999999999998,0.125,0.3,0.009259259259259259,0.05555555555555555,0.19444444444444436,0.5750000000000002,0.7250000000000003,0.4250000000000001,0.6000000000000002,0.5740740740740738,0.37962962962962926,0.4537037037037032
0.31404958677685946,1.296875,1.6435546875,0.1,0.22499999999999998,0.125,0.3,0.009259259259259259,0.05555555555555555,0.19444444444444436,0.5750000000000002,0.7250000000000003,0.4250000000000001,0.6000000000000002,0.5833333333333331,0.37962962962962926,0.4537037037037032
0.3150826446280991,1.30078125,1.6484375,0.1,0.22499999999999998,0.125,0.3,0.009259259259259259,0.05555555555555555,0.19444444444444436,0.5750000000000002,0.7500000000000003,0.4250000000000001,0.6000000000000002,0.5833333333333331,0.37962962962962926,0.4537037037037032
0.3161157024793388,1.3046875,1.6533203125,0.1,0.22499999999999998,0.125,0.3,0.009259259259259259,0.05555555555555555,0.19444444444444436,0.5750000000000002,0.7500000000000003,0.4500000000000001,0.6000000000000002,0.5833333333333331,0.37962962962962926,0.4537037037037032
0.3171487603305785,1.30859375,1.6572265625,0.1,0.22499999999999998,0.125,0.3,0.009259259259259259,0.05555555555555555,0.19444444444444436,0.5750000000000002,0.7500000000000003,0.4500000000000001,0.6000000000000002,0.5833333333333331,0.3888888888888885,0.4537037037037032
0.3181818181818182,1.3125,1.662109375,0.1,0.22499999999999998,0.125,0.3,0.009259259259259259,0.05555555555555555,0.19444444444444436,0.5750000000000002,0.7500000000000003,0.4500000000000001,0.6000000000000002,0.5925925925925924,0.3888888888888885,0.4537037037037032
0.3192148760330578,1.31640625,1.6669921875,0.1,0.22499999999999998,0.125,0.3,0.009259259259259259,0.05555555555555555,0.19444444444444436,0.5750000000000002,0.7500000000000003,0.4500000000000001,0.6000000000000002,0.6018518518518517,0.3888888888888885,0.4537037037037032
0.3202479338842975,1.3203125,1.6728515625,0.1,0.22499999999999998,0.125,0.3,0.009259259259259259,0.05555555555555555,0.19444444444444436,0.5750000000000002,0.7500000000000003,0.4500000000000001,0.6000000000000002,0.6018518518518517,0.39814814814814775,0.4537037037037032
0.3212809917355372,1.32421875,1.67578125,0.1,0.22499999999999998,0.125,0.3,0.009259259259259259,0.05555555555555555,0.19444444444444436,0.5750000000000002,0.7500000000000003,0.4500000000000001,0.6000000000000002,0.611111111111111,0.39814814814814775,0.4537037037037032
0.32231404958677684,1.328125,1.6806640625,0.1,0.22499999999999998,0.125,0.3,0.009259259259259259,0.05555555555555555,0.19444444444444436,0.5750000000000002,0.7500000000000003,0.4500000000000001,0.6000000000000002,0.611111111111111,0.407407407407407,0.4537037037037032
0.3233471074380165,1.33203125,1.685546875,0.1,0.22499999999999998,0.125,0.3,0.009259259259259259,0.05555555555555555,0.19444444444444436,0.5750000000000002,0.7500000000000003,0.47500000000000014,0.6000000000000002,0.611111111111111,0.407407407407407,0.4537037037037032
0.3243801652892562,1.3359375,1.69140625,0.1,0.22499999999999998,0.125,0.3,0.009259259259259259,0.05555555555555555,0.19444444444444436,0.5750000000000002,0.7500000000000003,0.47500000000000014,0.6000000000000002,0.611111111111111,0.41666666666666624,0.4537037037037032
0.3254132231404958,1.33984375,1.6962890625,0.1,0.22499999999999998,0.125,0.3,0.009259259259259259,0.05555555555555555,0.19444444444444436,0.5750000000000002,0.7500000000000003,0.47500000000000014,0.6000000000000002,0.611111111111111,0.4259259259259255,0.4537037037037032
0.3264462809917355,1.34375,1.69921875,0.1,0.22499999999999998,0.125,0.3,0.009259259259259259,0.05555555555555555,0.19444444444444436,0.5750000000000002,0.7500000000000003,0.5000000000000001,0.6000000000000002,0.611111111111111,0.4259259259259255,0.4537037037037032
0.32747933884297514,1.34765625,1.7041015625,0.1,0.22499999999999998,0.125,0.3,0.009259259259259259,0.05555555555555555,0.19444444444444436,0.5750000000000002,0.7500000000000003,0.5000000000000001,0.6000000000000002,0.611111111111111,0.4259259259259255,0.46296296296296247
0.32851239669421484,1.3515625,1.7099609375,0.1,0.22499999999999998,0.125,0.3,0.009259259259259259,0.05555555555555555,0.19444444444444436,0.5750000000000002,0.7500000000000003,0.5000000000000001,0.6250000000000002,0.611111111111111,0.4259259259259255,0.46296296296296247
0.32954545454545453,1.35546875,1.71484375,0.1,0.22499999999999998,0.125,0.3,0.009259259259259259,0.05555555555555555,0.19444444444444436,0.5750000000000002,0.7500000000000003,0.5000000000000001,0.6250000000000002,0.611111111111111,0.43518518518518473,0.46296296296296247
0.3305785123966942,1.359375,1.7177734375,0.1,0.22499999999999998,0.125,0.3,0.009259259259259259,0.05555555555555555,0.19444444444444436,0.5750000000000002,0.7500000000000003,0.5000000000000001,0.6250000000000002,0.611111111111111,0.444444444444444,0.46296296296296247
0.33161157024793386,1.36328125,1.7236328125,0.1,0.22499999999999998,0.125,0.3,0.009259259259259259,0.05555555555555555,0.19444444444444436,0.5750000000000002,0.7500000000000003,0.5000000000000001,0.6250000000000002,0.611111111111111,0.444444444444444,0.4722222222222217
0.33264462809917356,1.3671875,1.7275390625,0.1,0.22499999999999998,0.125,0.3,0.009259259259259259,0.05555555555555555,0.19444444444444436,0.5750000000000002,0.7500000000000003,0.5000000000000001,0.6250000000000002,0.611111111111111,0.4537037037037032,0.4722222222222217
0.3336776859504132,1.37109375,1.7333984375,0.1,0.22499999999999998,0.125,0.3,0.009259259259259259,0.05555555555555555,0.19444444444444436,0.5750000000000002,0.7500000000000003,0.5000000000000001,0.6250000000000002,0.611111111111111,0.46296296296296247,0.4722222222222217
0.3347107438016529,1.375,1.7373046875,0.1,0.22499999999999998,0.125,0.3,0.009259259259259259,0.05555555555555555,0.19444444444444436,0.5750000000000002,0.7500000000000003,0.5000000000000001,0.6250000000000002,0.611111111111111,0.46296296296296247,0.48148148148148096
0.3357438016528925,1.37890625,1.7421875,0.1,0.22499999999999998,0.125,0.3,0.009259259259259259,0.05555555555555555,0.19444444444444436,0.5750000000000002,0.7500000000000003,0.5000000000000001,0.6250000000000002,0.611111111111111,0.46296296296296247,0.4907407407407402
0.3367768595041322,1.3828125,1.7470703125,0.1,0.22499999999999998,0.125,0.325,0.009259259259259259,0.05555555555555555,0.19444444444444436,0.5750000000000002,0.7500000000000003,0.5000000000000001,0.6250000000000002,0.611111111111111,0.46296296296296247,0.4907407407407402
0.33780991735537186,1.38671875,1.751953125,0.1,0.22499999999999998,0.125,0.325,0.009259259259259259,0.05555555555555555,0.19444444444444436,0.5750000000000002,0.7500000000000003,0.5000000000000001,0.6250000000000002,0.611111111111111,0.46296296296296247,0.49999999999999944
0.33884297520661155,1.3916015625,1.755859375,0.1,0.22499999999999998,0.125,0.325,0.018518518518518517,0.05555555555555555,0.19444444444444436,0.5750000000000002,0.7500000000000003,0.5000000000000001,0.6250000000000002,0.611111111111111,0.46296296296296247,0.49999999999999944
0.33987603305785113,1.3955078125,1.7607421875,0.1,0.22499999999999998,0.125,0.325,0.027777777777777776,0.05555555555555555,0.19444444444444436,0.5750000000000002,0.7500000000000003,0.5000000000000001,0.6250000000000002,0.611111111111111,0.46296296296296247,0.49999999999999944
0.34090909090909083,1.3994140625,1.765625,0.1,0.22499999999999998,0.125,0.325,0.027777777777777776,0.05555555555555555,0.19444444444444436,0.6000000000000002,0.7500000000000003,0.5000000000000001,0.6250000000000002,0.611111111111111,0.46296296296296247,0.49999999999999944
0.3419421487603305,1.4033203125,1.7705078125,0.1,0.22499999999999998,0.125,0.325,0.027777777777777776,0.05555555555555555,0.19444444444444436,0.6000000000000002,0.7500000000000003,0.5000000000000001,0.6250000000000002,0.611111111111111,0.46296296296296247,0.5092592592592587
0.3429752066115702,1.408203125,1.7734375,0.1,0.22499999999999998,0.125,0.35000000000000003,0.027777777777777776,0.05555555555555555,0.19444444444444436,0.6000000000000002,0.7500000000000003,0.5000000000000001,0.6250000000000002,0.611111111111111,0.46296296296296247,0.5092592592592587
0.34400826446280985,1.412109375,1.7783203125,0.1,0.22499999999999998,0.125,0.35000000000000003,0.027777777777777776,0.05555555555555555,0.19444444444444436,0.6000000000000002,0.7500000000000003,0.5000000000000001,0.6250000000000002,0.611111111111111,0.46296296296296247,0.518518518518518
0.34504132231404955,1.4169921875,1.7841796875,0.1,0.22499999999999998,0.125,0.35000000000000003,0.027777777777777776,0.06481481481481481,0.19444444444444436,0.6000000000000002,0.7500000000000003,0.5000000000000001,0.6250000000000002,0.611111111111111,0.46296296296296247,0.518518518518518
0.34607438016528924,1.4208984375,1.7890625,0.1,0.22499999999999998,0.125,0.35000000000000003,0.027777777777777776,0.06481481481481481,0.19444444444444436,0.6000000000000002,0.7500000000000003,0.5000000000000001,0.6250000000000002,0.6203703703703703,0.46296296296296247,0.518518518518518
0.34710743801652894,1.4248046875,1.79296875,0.1,0.22499999999999998,0.125,0.35000000000000003,0.027777777777777776,0.06481481481481481,0.19444444444444436,0.6000000000000002,0.7500000000000003,0.5000000000000001,0.6250000000000002,0.6296296296296297,0.46296296296296247,0.518518518518518
0.3481404958677685,1.4287109375,1.796875,0.1,0.22499999999999998,0.125,0.35000000000000003,0.027777777777777776,0.06481481481481481,0.19444444444444436,0.6000000000000002,0.7750000000000004,0.5000000000000001,0.6250000000000002,0.6296296296296297,0.46296296296296247,0.518518518518518
0.3491735537190082,1.4326171875,1.802734375,0.1,0.22499999999999998,0.125,0.35000000000000003,0.027777777777777776,0.06481481481481481,0.19444444444444436,0.6000000000000002,0.7750000000000004,0.5000000000000001,0.6250000000000002,0.638888888888889,0.46296296296296247,0.518518518518518
0.3502066115702479,1.4365234375,1.806640625,0.1,0.22499999999999998,0.125,0.35000000000000003,0.027777777777777776,0.06481481481481481,0.19444444444444436,0.6000000000000002,0.7750000000000004,0.5000000000000001,0.6500000000000002,0.638888888888889,0.46296296296296247,0.518518518518518
0.3512396694214876,1.44140625,1.8115234375,0.1,0.22499999999999998,0.125,0.35000000000000003,0.027777777777777776,0.06481481481481481,0.2037037037037036,0.6000000000000002,0.7750000000000004,0.5000000000000001,0.6500000000000002,0.638888888888889,0.46296296296296247,0.518518518518518
0.3522727272727273,1.4453125,1.81640625,0.1,0.22499999999999998,0.125,0.35000000000000003,0.027777777777777776,0.06481481481481481,0.21296296296296285,0.6000000000000002,0.7750000000000004,0.5000000000000001,0.6500000000000002,0.638888888888889,0.46296296296296247,0.518518518518518
0.353305785123967,1.44921875,1.8212890625,0.1,0.22499999999999998,0.125,0.35000000000000003,0.027777777777777776,0.06481481481481481,0.21296296296296285,0.6250000000000002,0.7750000000000004,0.5000000000000001,0.6500000000000002,0.638888888888889,0.46296296296296247,0.518518518518518
0.3543388429752066,1.453125,1.82421875,0.1,0.22499999999999998,0.125,0.35000000000000003,0.027777777777777776,0.06481481481481481,0.21296296296296285,0.6250000000000002,0.7750000000000004,0.5000000000000001,0.6500000000000002,0.638888888888889,0.46296296296296247,0.5277777777777773
0.35537190082644626,1.45703125,1.830078125,0.1,0.22499999999999998,0.125,0.35000000000000003,0.027777777777777776,0.06481481481481481,0.21296296296296285,0.6250000000000002,0.7750000000000004,0.5000000000000001,0.6500000000000002,0.638888888888889,0.4722222222222217,0.5277777777777773
0.356404958677686,1.4609375,1.8349609375,0.1,0.22499999999999998,0.125,0.35000000000000003,0.027777777777777776,0.06481481481481481,0.21296296296296285,0.6250000000000002,0.7750000000000004,0.5000000000000001,0.6500000000000002,0.638888888888889,0.48148148148148096,0.5277777777777773
0.35743801652892565,1.46484375,1.8388671875,0.1,0.22499999999999998,0.125,0.35000000000000003,0.027777777777777776,0.06481481481481481,0.2222222222222221,0.6250000000000002,0.7750000000000004,0.5000000000000001,0.6500000000000002,0.638888888888889,0.48148148148148096,0.5277777777777773
0.3584710743801653,1.46875,1.8427734375,0.1,0.22499999999999998,0.125,0.35000000000000003,0.027777777777777776,0.06481481481481481,0.2222222222222221,0.6250000000000002,0.7750000000000004,0.5000000000000001,0.6500000000000002,0.638888888888889,0.48148148148148096,0.5370370370370366
0.359504132231405,1.4736328125,1.84765625,0.1,0.22499999999999998,0.125,0.35000000000000003,0.037037037037037035,0.06481481481481481,0.2222222222222221,0.6250000000000002,0.7750000000000004,0.5000000000000001,0.6500000000000002,0.638888888888889,0.48148148148148096,0.5370370370370366
0.3605371900826447,1.478515625,1.853515625,0.125,0.22499999999999998,0.125,0.35000000000000003,0.037037037037037035,0.06481481481481481,0.2222222222222221,0.6250000000000002,0.7750000000000004,0.5000000000000001,0.6500000000000002,0.638888888888889,0.48148148148148096,0.5370370370370366
0.3615702479338843,1.4833984375,1.8583984375,0.125,0.24999999999999997,0.125,0.35000000000000003,0.037037037037037035,0.06481481481481481,0.2222222222222221,0.6250000000000002,0.7750000000000004,0.5000000000000001,0.6500000000000002,0.638888888888889,0.48148148148148096,0.5370370370370366
0.36260330578512395,1.48828125,1.8623046875,0.125,0.24999999999999997,0.125,0.35000000000000003,0.046296296296296294,0.06481481481481481,0.2222222222222221,0.6250000000000002,0.7750000000000004,0.5000000000000001,0.6500000000000002,0.638888888888889,0.48148148148148096,0.5370370370370366
0.36363636363636365,1.4921875,1.8671875,0.125,0.24999999999999997,0.125,0.35000000000000003,0.05555555555555555,0.06481481481481481,0.2222222222222221,0.6250000000000002,0.7750000000000004,0.5000000000000001,0.6500000000000002,0.638888888888889,0.48148148148148096,0.5370370370370366
0.36466942148760334,1.49609375,1.8720703125,0.125,0.24999999999999997,0.125,0.35000000000000003,0.06481481481481481,0.06481481481481481,0.2222222222222221,0.6250000000000002,0.7750000000000004,0.5000000000000001,0.6500000000000002,0.638888888888889,0.48148148148148096,0.5370370370370366
0.36570247933884303,1.5,1.875,0.125,0.24999999999999997,0.125,0.35000000000000003,0.07407407407407407,0.06481481481481481,0.2222222222222221,0.6250000000000002,0.7750000000000004,0.5000000000000001,0.6500000000000002,0.638888888888889,0.48148148148148096,0.5370370370370366
0.3667355371900827,1.50390625,1.880859375,0.125,0.24999999999999997,0.125,0.35000000000000003,0.08333333333333333,0.06481481481481481,0.2222222222222221,0.6250000000000002,0.7750000000000004,0.5000000000000001,0.6500000000000002,0.638888888888889,0.48148148148148096,0.5370370370370366
0.3677685950413223,1.5078125,1.8857421875,0.125,0.24999999999999997,0.125,0.35000000000000003,0.09259259259259259,0.06481481481481481,0.2222222222222221,0.6250000000000002,0.7750000000000004,0.5000000000000001,0.6500000000000002,0.638888888888889,0.48148148148148096,0.5370370370370366
0.368801652892562,1.51171875,1.8896484375,0.125,0.24999999999999997,0.125,0.35000000000000003,0.09259259259259259,0.06481481481481481,0.2222222222222221,0.6250000000000002,0.7750000000000004,0.5000000000000001,0.6500000000000002,0.638888888888889,0.4907407407407402,0.5370370370370366
0.3698347107438017,1.515625,1.8935546875,0.125,0.24999999999999997,0.125,0.35000000000000003,0.09259259259259259,0.06481481481481481,0.2222222222222221,0.6250000000000002,0.7750000000000004,0.5000000000000001,0.6500000000000002,0.638888888888889,0.49999999999999944,0.5370370370370366
0.3708677685950414,1.51953125,1.8984375,0.125,0.24999999999999997,0.125,0.35000000000000003,0.09259259259259259,0.06481481481481481,0.23148148148148134,0.6250000000000002,0.7750000000000004,0.5000000000000001,0.6500000000000002,0.638888888888889,0.49999999999999944,0.5370370370370366
0.37190082644628103,1.5234375,1.9033203125,0.125,0.24999999999999997,0.125,0.35000000000000003,0.09259259259259259,0.06481481481481481,0.23148148148148134,0.6250000000000002,0.7750000000000004,0.5000000000000001,0.6500000000000002,0.638888888888889,0.5092592592592587,0.5370370370370366
0.37293388429752067,1.52734375,1.9072265625,0.125,0.24999999999999997,0.125,0.35000000000000003,0.09259259259259259,0.06481481481481481,0.23148148148148134,0.6250000000000002,0.7750000000000004,0.5000000000000001,0.6500000000000002,0.638888888888889,0.518518518518518,0.5370370370370366
0.37396694214876036,1.53125,1.912109375,0.125,0.24999999999999997,0.125,0.35000000000000003,0.09259259259259259,0.06481481481481481,0.23148148148148134,0.6250000000000002,0.7750000000000004,0.5250000000000001,0.6500000000000002,0.638888888888889,0.518518518518518,0.5370370370370366
0.37500000000000006,1.53515625,1.9169921875,0.125,0.24999999999999997,0.125,0.35000000000000003,0.09259259259259259,0.06481481481481481,0.23148148148148134,0.6250000000000002,0.7750000000000004,0.5250000000000001,0.6500000000000002,0.638888888888889,0.518518518518518,0.546296296296296
0.3760330578512397,1.5390625,1.9208984375,0.125,0.24999999999999997,0.125,0.35000000000000003,0.09259259259259259,0.06481481481481481,0.23148148148148134,0.6250000000000002,0.7750000000000004,0.5250000000000001,0.6500000000000002,0.638888888888889,0.518518518518518,0.5555555555555552
0.3770661157024794,1.54296875,1.9248046875,0.125,0.24999999999999997,0.125,0.35000000000000003,0.09259259259259259,0.06481481481481481,0.23148148148148134,0.6250000000000002,0.7750000000000004,0.5250000000000001,0.6500000000000002,0.6481481481481483,0.518518518518518,0.5555555555555552
0.3780991735537191,1.546875,1.9306640625,0.125,0.24999999999999997,0.125,0.35000000000000003,0.09259259259259259,0.06481481481481481,0.23148148148148134,0.6250000000000002,0.7750000000000004,0.5250000000000001,0.6500000000000002,0.6574074074074076,0.518518518518518,0.5555555555555552
0.3791322314049588,1.55078125,1.935546875,0.125,0.24999999999999997,0.125,0.35000000000000003,0.09259259259259259,0.06481481481481481,0.23148148148148134,0.6250000000000002,0.7750000000000004,0.5250000000000001,0.6500000000000002,0.6666666666666669,0.518518518518518,0.5555555555555552
0.38016528925619836,1.5556640625,1.9384765625,0.125,0.24999999999999997,0.15,0.35000000000000003,0.09259259259259259,0.06481481481481481,0.23148148148148134,0.6250000000000002,0.7750000000000004,0.5250000000000001,0.6500000000000002,0.6666666666666669,0.518518518518518,0.5555555555555552
0.38119834710743805,1.5595703125,1.9443359375,0.125,0.24999999999999997,0.15,0.35000000000000003,0.09259259259259259,0.06481481481481481,0.23148148148148134,0.6250000000000002,0.8000000000000004,0.5250000000000001,0.6500000000000002,0.6666666666666669,0.518518518518518,0.5555555555555552
0.38223140495867775,1.564453125,1.9482421875,0.125,0.24999999999999997,0.15,0.37500000000000006,0.09259259259259259,0.06481481481481481,0.23148148148148134,0.6250000000000002,0.8000000000000004,0.5250000000000001,0.6500000000000002,0.6666666666666669,0.518518518518518,0.5555555555555552
0.38326446280991744,1.568359375,1.9521484375,0.125,0.24999999999999997,0.15,0.37500000000000006,0.09259259259259259,0.06481481481481481,0.23148148148148134,0.6500000000000002,0.8000000000000004,0.5250000000000001,0.6500000000000002,0.6666666666666669,0.518518518518518,0.5555555555555552
0.38429752066115713,1.572265625,1.95703125,0.125,0.24999999999999997,0.15,0.37500000000000006,0.09259259259259259,0.06481481481481481,0.23148148148148134,0.6500000000000002,0.8000000000000004,0.5250000000000001,0.6500000000000002,0.6759259259259262,0.518518518518518,0.5555555555555552
0.3853305785123967,1.576171875,1.9619140625,0.125,0.24999999999999997,0.15,0.37500000000000006,0.09259259259259259,0.06481481481481481,0.23148148148148134,0.6500000000000002,0.8000000000000004,0.5250000000000001,0.6500000000000002,0.6851851851851855,0.518518518518518,0.5555555555555552
0.3863636363636364,1.5810546875,1.9658203125,0.125,0.24999999999999997,0.15,0.4000000000000001,0.09259259259259259,0.06481481481481481,0.23148148148148134,0.6500000000000002,0.8000000000000004,0.5250000000000001,0.6500000000000002,0.6851851851851855,0.518518518518518,0.5555555555555552
0.3873966942148761,1.5849609375,1.970703125,0.125,0.24999999999999997,0.15,0.4000000000000001,0.09259259259259259,0.06481481481481481,0.23148148148148134,0.6500000000000002,0.8000000000000004,0.5250000000000001,0.6500000000000002,0.6944444444444448,0.518518518518518,0.5555555555555552
0.3884297520661158,1.5888671875,1.9755859375,0.125,0.24999999999999997,0.15,0.4000000000000001,0.09259259259259259,0.06481481481481481,0.23148148148148134,0.6500000000000002,0.8000000000000004,0.5250000000000001,0.6500000000000002,0.703703703703704,0.518518518518518,0.5555555555555552
0.3894628099173555,1.5927734375,1.98046875,0.125,0.24999999999999997,0.15,0.4000000000000001,0.09259259259259259,0.06481481481481481,0.23148148148148134,0.6500000000000002,0.8000000000000004,0.5250000000000001,0.6500000000000002,0.703703703703704,0.5277777777777773,0.5555555555555552
0.39049586776859513,1.5966796875,1.9833984375,0.125,0.24999999999999997,0.15,0.4000000000000001,0.09259259259259259,0.06481481481481481,0.23148148148148134,0.6500000000000002,0.8000000000000004,0.5250000000000001,0.6500000000000002,0.703703703703704,0.5370370370370366,0.5555555555555552
0.3915289256198348,1.6005859375,1.98828125,0.125,0.24999999999999997,0.15,0.4000000000000001,0.09259259259259259,0.06481481481481481,0.23148148148148134,0.6500000000000002,0.8000000000000004,0.5250000000000001,0.6500000000000002,0.703703703703704,0.546296296296296,0.5555555555555552
0.3925619834710745,1.6044921875,1.994140625,0.125,0.24999999999999997,0.15,0.4000000000000001,0.09259259259259259,0.06481481481481481,0.2407407407407406,0.6500000000000002,0.8000000000000004,0.5250000000000001,0.6500000000000002,0.703703703703704,0.546296296296296,0.5555555555555552
0.3935950413223142,1.6083984375,1.9970703125,0.125,0.24999999999999997,0.15,0.4000000000000001,0.09259259259259259,0.06481481481481481,0.2407407407407406,0.6500000000000002,0.8000000000000004,0.5250000000000001,0.6500000000000002,0.703703703703704,0.546296296296296,0.5648148148148145
0.3946280991735538,1.6123046875,2.001953125,0.125,0.24999999999999997,0.15,0.4000000000000001,0.09259259259259259,0.06481481481481481,0.2407407407407406,0.6500000000000002,0.8000000000000004,0.5250000000000001,0.6500000000000002,0.703703703703704,0.5555555555555552,0.5648148148148145
0.3956611570247935,1.6162109375,2.005859375,0.125,0.24999999999999997,0.15,0.4000000000000001,0.09259259259259259,0.06481481481481481,0.2407407407407406,0.6500000000000002,0.8000000000000004,0.5250000000000001,0.6500000000000002,0.703703703703704,0.5555555555555552,0.5740740740740738
0.3966942148760331,1.6201171875,2.009765625,0.125,0.24999999999999997,0.15,0.4000000000000001,0.09259259259259259,0.06481481481481481,0.2407407407407406,0.6500000000000002,0.8000000000000004,0.5250000000000001,0.6500000000000002,0.703703703703704,0.5648148148148145,0.5740740740740738
0.3977272727272728,1.6240234375,2.015625,0.125,0.24999999999999997,0.15,0.4000000000000001,0.09259259259259259,0.06481481481481481,0.2407407407407406,0.6500000000000002,0.8000000000000004,0.5250000000000001,0.6500000000000002,0.703703703703704,0.5648148148148145,0.5833333333333331
0.39876033057851246,1.6279296875,2.021484375,0.125,0.24999999999999997,0.15,0.4000000000000001,0.09259259259259259,0.06481481481481481,0.2407407407407406,0.6500000000000002,0.8000000000000004,0.5250000000000001,0.6500000000000002,0.703703703703704,0.5648148148148145,0.5925925925925924
0.39979338842975215,1.6318359375,2.0234375,0.125,0.24999999999999997,0.15,0.4000000000000001,0.09259259259259259,0.06481481481481481,0.2407407407407406,0.6500000000000002,0.8000000000000004,0.5250000000000001,0.6500000000000002,0.703703703703704,0.5740740740740738,0.5925925925925924
0.40082644628099184,1.6357421875,2.029296875,0.125,0.24999999999999997,0.15,0.4000000000000001,0.09259259259259259,0.06481481481481481,0.2407407407407406,0.6500000000000002,0.8000000000000004,0.5250000000000001,0.6500000000000002,0.703703703703704,0.5833333333333331,0.5925925925925924
0.40185950413223154,1.6396484375,2.033203125,0.125,0.24999999999999997,0.15,0.4000000000000001,0.09259259259259259,0.06481481481481481,0.2407407407407406,0.6750000000000003,0.8000000000000004,0.5250000000000001,0.6500000000000002,0.703703703703704,0.5833333333333331,0.5925925925925924
0.40289256198347123,1.6435546875,2.0390625,0.125,0.24999999999999997,0.15,0.4000000000000001,0.09259259259259259,0.06481481481481481,0.2407407407407406,0.6750000000000003,0.8000000000000004,0.5500000000000002,0.6500000000000002,0.703703703703704,0.5833333333333331,0.5925925925925924
0.4039256198347108,1.6474609375,2.044921875,0.125,0.24999999999999997,0.15,0.4000000000000001,0.09259259259259259,0.06481481481481481,0.2407407407407406,0.6750000000000003,0.8000000000000004,0.5500000000000002,0.6500000000000002,0.703703703703704,0.5925925925925924,0.5925925925925924
0.4049586776859505,1.65234375,2.046875,0.125,0.27499999999999997,0.15,0.4000000000000001,0.09259259259259259,0.06481481481481481,0.2407407407407406,0.6750000000000003,0.8000000000000004,0.5500000000000002,0.6500000000000002,0.703703703703704,0.5925925925925924,0.5925925925925924
0.4059917355371902,1.65625,2.05078125,0.125,0.27499999999999997,0.15,0.4000000000000001,0.09259259259259259,0.06481481481481481,0.2407407407407406,0.6750000000000003,0.8000000000000004,0.5500000000000002,0.6500000000000002,0.703703703703704,0.6018518518518517,0.5925925925925924
0.4070247933884299,1.6611328125,2.0546875,0.125,0.27499999999999997,0.175,0.4000000000000001,0.09259259259259259,0.06481481481481481,0.2407407407407406,0.6750000000000003,0.8000000000000004,0.5500000000000002,0.6500000000000002,0.703703703703704,0.6018518518518517,0.5925925925925924
0.4080578512396696,1.666015625,2.060546875,0.125,0.27499999999999997,0.175,0.4250000000000001,0.09259259259259259,0.06481481481481481,0.2407407407407406,0.6750000000000003,0.8000000000000004,0.5500000000000002,0.6500000000000002,0.703703703703704,0.6018518518518517,0.5925925925925924
0.4090909090909092,1.669921875,2.064453125,0.125,0.27499999999999997,0.175,0.4250000000000001,0.09259259259259259,0.06481481481481481,0.2407407407407406,0.6750000000000003,0.8000000000000004,0.5500000000000002,0.6500000000000002,0.703703703703704,0.611111111111111,0.5925925925925924
0.41012396694214887,1.6748046875,2.0703125,0.125,0.27499999999999997,0.175,0.4250000000000001,0.10185185185185185,0.06481481481481481,0.2407407407407406,0.6750000000000003,0.8000000000000004,0.5500000000000002,0.6500000000000002,0.703703703703704,0.611111111111111,0.5925925925925924
0.41115702479338856,1.6787109375,2.072265625,0.125,0.27499999999999997,0.175,0.4250000000000001,0.10185185185185185,0.07407407407407407,0.2407407407407406,0.6750000000000003,0.8000000000000004,0.5500000000000002,0.6500000000000002,0.703703703703704,0.611111111111111,0.5925925925925924
0.41219008264462825,1.6826171875,2.078125,0.125,0.27499999999999997,0.175,0.4250000000000001,0.10185185185185185,0.07407407407407407,0.2407407407407406,0.6750000000000003,0.8000000000000004,0.5500000000000002,0.6500000000000002,0.7129629629629634,0.611111111111111,0.5925925925925924
0.4132231404958679,1.6865234375,2.08203125,0.125,0.27499999999999997,0.175,0.4250000000000001,0.10185185185185185,0.07407407407407407,0.2407407407407406,0.6750000000000003,0.8000000000000004,0.5500000000000002,0.6500000000000002,0.7222222222222227,0.611111111111111,0.5925925925925924
0.41425619834710753,1.6904296875,2.087890625,0.125,0.27499999999999997,0.175,0.4250000000000001,0.10185185185185185,0.07407407407407407,0.2407407407407406,0.6750000000000003,0.8250000000000004,0.5500000000000002,0.6500000000000002,0.7222222222222227,0.611111111111111,0.5925925925925924
0.4152892561983472,1.6953125,2.091796875,0.125,0.27499999999999997,0.175,0.4250000000000001,0.1111111111111111,0.07407407407407407,0.2407407407407406,0.6750000000000003,0.8250000000000004,0.5500000000000002,0.6500000000000002,0.7222222222222227,0.611111111111111,0.5925925925925924
0.4163223140495869,1.69921875,2.09765625,0.125,0.27499999999999997,0.175,0.4250000000000001,0.1111111111111111,0.07407407407407407,0.2407407407407406,0.6750000000000003,0.8250000000000004,0.5750000000000002,0.6500000000000002,0.7222222222222227,0.611111111111111,0.5925925925925924
0.41735537190082656,1.703125,2.09765625,0.125,0.27499999999999997,0.175,0.4250000000000001,0.1111111111111111,0.07407407407407407,0.2407407407407406,0.6750000000000003,0.8250000000000004,0.5750000000000002,0.6750000000000003,0.7222222222222227,0.611111111111111,0.5925925925925924
0.41838842975206625,1.70703125,2.103515625,0.125,0.27499999999999997,0.175,0.4250000000000001,0.1111111111111111,0.07407407407407407,0.2407407407407406,0.6750000000000003,0.8250000000000004,0.5750000000000002,0.6750000000000003,0.7222222222222227,0.611111111111111,0.6018518518518517
0.41942148760330594,1.7109375,2.109375,0.125,0.27499999999999997,0.175,0.4250000000000001,0.1111111111111111,0.07407407407407407,0.2407407407407406,0.6750000000000003,0.8250000000000004,0.5750000000000002,0.6750000000000003,0.7222222222222227,0.611111111111111,0.611111111111111
0.42045454545454564,1.71484375,2.11328125,0.125,0.27499999999999997,0.175,0.4250000000000001,0.1111111111111111,0.07407407407407407,0.2407407407407406,0.6750000000000003,0.8250000000000004,0.5750000000000002,0.6750000000000003,0.731481481481482,0.611111111111111,0.611111111111111
0.42148760330578533,1.71875,2.119140625,0.125,0.27499999999999997,0.175,0.4250000000000001,0.1111111111111111,0.07407407407407407,0.2407407407407406,0.6750000000000003,0.8250000000000004,0.5750000000000002,0.6750000000000003,0.731481481481482,0.611111111111111,0.6203703703703703
0.422520661157025,1.72265625,2.123046875,0.125,0.27499999999999997,0.175,0.4250000000000001,0.1111111111111111,0.07407407407407407,0.2407407407407406,0.6750000000000003,0.8250000000000004,0.5750000000000002,0.6750000000000003,0.7407407407407413,0.611111111111111,0.6203703703703703
0.42355371900826466,1.7275390625,2.125,0.125,0.3,0.175,0.4250000000000001,0.1111111111111111,0.07407407407407407,0.2407407407407406,0.6750000000000003,0.8250000000000004,0.5750000000000002,0.6750000000000003,0.7407407407407413,0.611111111111111,0.6203703703703703
0.42458677685950436,1.732421875,2.12890625,0.125,0.3,0.175,0.4250000000000001,0.12037037037037036,0.07407407407407407,0.2407407407407406,0.6750000000000003,0.8250000000000004,0.5750000000000002,0.6750000000000003,0.7407407407407413,0.611111111111111,0.6203703703703703
0.42561983471074405,1.736328125,2.134765625,0.125,0.3,0.175,0.4250000000000001,0.12037037037037036,0.07407407407407407,0.2407407407407406,0.6750000000000003,0.8250000000000004,0.5750000000000002,0.6750000000000003,0.7500000000000006,0.611111111111111,0.6203703703703703
0.4266528925619837,1.740234375,2.138671875,0.125,0.3,0.175,0.4250000000000001,0.12037037037037036,0.07407407407407407,0.2407407407407406,0.6750000000000003,0.8250000000000004,0.5750000000000002,0.6750000000000003,0.7500000000000006,0.611111111111111,0.6296296296296297
0.4276859504132233,1.744140625,2.14453125,0.125,0.3,0.175,0.4250000000000001,0.12037037037037036,0.07407407407407407,0.2407407407407406,0.6750000000000003,0.8250000000000004,0.5750000000000002,0.6750000000000003,0.7500000000000006,0.611111111111111,0.638888888888889
0.428719008264463,1.7490234375,2.1484375,0.125,0.3,0.175,0.4250000000000001,0.12037037037037036,0.08333333333333333,0.2407407407407406,0.6750000000000003,0.8250000000000004,0.5750000000000002,0.6750000000000003,0.7500000000000006,0.611111111111111,0.638888888888889
0.4297520661157027,1.7529296875,2.150390625,0.125,0.3,0.175,0.4250000000000001,0.12037037037037036,0.08333333333333333,0.24999999999999983,0.6750000000000003,0.8250000000000004,0.5750000000000002,0.6750000000000003,0.7500000000000006,0.611111111111111,0.638888888888889
0.43078512396694235,1.7578125,2.154296875,0.15,0.3,0.175,0.4250000000000001,0.12037037037037036,0.08333333333333333,0.24999999999999983,0.6750000000000003,0.8250000000000004,0.5750000000000002,0.6750000000000003,0.7500000000000006,0.611111111111111,0.638888888888889
0.431818181818182,1.76171875,2.16015625,0.15,0.3,0.175,0.4250000000000001,0.12037037037037036,0.08333333333333333,0.2592592592592591,0.6750000000000003,0.8250000000000004,0.5750000000000002,0.6750000000000003,0.7500000000000006,0.611111111111111,0.638888888888889
0.4328512396694217,1.7666015625,2.166015625,0.15,0.3,0.175,0.4500000000000001,0.12037037037037036,0.08333333333333333,0.2592592592592591,0.6750000000000003,0.8250000000000004,0.5750000000000002,0.6750000000000003,0.7500000000000006,0.611111111111111,0.638888888888889
0.4338842975206614,1.7705078125,2.169921875,0.15,0.3,0.175,0.4500000000000001,0.12037037037037036,0.08333333333333333,0.2592592592592591,0.7000000000000003,0.8250000000000004,0.5750000000000002,0.6750000000000003,0.7500000000000006,0.611111111111111,0.638888888888889
0.43491735537190107,1.7744140625,2.173828125,0.15,0.3,0.175,0.4500000000000001,0.12037037037037036,0.08333333333333333,0.2592592592592591,0.7000000000000003,0.8250000000000004,0.5750000000000002,0.6750000000000003,0.7500000000000006,0.611111111111111,0.6481481481481483
0.43595041322314065,1.779296875,2.17578125,0.15,0.3,0.175,0.47500000000000014,0.12037037037037036,0.08333333333333333,0.2592592592592591,0.7000000000000003,0.8250000000000004,0.5750000000000002,0.6750000000000003,0.7500000000000006,0.611111111111111,0.6481481481481483
0.43698347107438035,1.783203125,2.181640625,0.15,0.3,0.175,0.47500000000000014,0.12037037037037036,0.08333333333333333,0.2592592592592591,0.7000000000000003,0.8250000000000004,0.5750000000000002,0.6750000000000003,0.7500000000000006,0.611111111111111,0.6574074074074076
0.43801652892562004,1.7880859375,2.185546875,0.15,0.3,0.175,0.47500000000000014,0.12037037037037036,0.09259259259259259,0.2592592592592591,0.7000000000000003,0.8250000000000004,0.5750000000000002,0.6750000000000003,0.7500000000000006,0.611111111111111,0.6574074074074076
0.4390495867768597,1.7919921875,2.19140625,0.15,0.3,0.175,0.47500000000000014,0.12037037037037036,0.09259259259259259,0.2592592592592591,0.7000000000000003,0.8250000000000004,0.5750000000000002,0.6750000000000003,0.7592592592592599,0.611111111111111,0.6574074074074076
0.4400826446280993,1.7958984375,2.1953125,0.15,0.3,0.175,0.47500000000000014,0.12037037037037036,0.09259259259259259,0.2592592592592591,0.7000000000000003,0.8250000000000004,0.5750000000000002,0.6750000000000003,0.7592592592592599,0.611111111111111,0.6666666666666669
0.441115702479339,1.80078125,2.19921875,0.15,0.3,0.175,0.47500000000000014,0.12037037037037036,0.10185185185185185,0.2592592592592591,0.7000000000000003,0.8250000000000004,0.5750000000000002,0.6750000000000003,0.7592592592592599,0.611111111111111,0.6666666666666669
0.4421487603305787,1.8056640625,2.201171875,0.15,0.3,0.175,0.47500000000000014,0.12037037037037036,0.1111111111111111,0.2592592592592591,0.7000000000000003,0.8250000000000004,0.5750000000000002,0.6750000000000003,0.7592592592592599,0.611111111111111,0.6666666666666669
0.4431818181818184,1.810546875,2.20703125,0.15,0.3,0.175,0.47500000000000014,0.12037037037037036,0.1111111111111111,0.2685185185185183,0.7000000000000003,0.8250000000000004,0.5750000000000002,0.6750000000000003,0.7592592592592599,0.611111111111111,0.6666666666666669
0.444214876033058,1.814453125,2.2109375,0.15,0.3,0.175,0.47500000000000014,0.12037037037037036,0.1111111111111111,0.27777777777777757,0.7000000000000003,0.8250000000000004,0.5750000000000002,0.6750000000000003,0.7592592592592599,0.611111111111111,0.6666666666666669
0.4452479338842977,1.8193359375,2.216796875,0.15,0.3,0.175,0.47500000000000014,0.12037037037037036,0.1111111111111111,0.2870370370370368,0.7000000000000003,0.8250000000000004,0.5750000000000002,0.6750000000000003,0.7592592592592599,0.611111111111111,0.6666666666666669
0.44628099173553737,1.8232421875,2.220703125,0.15,0.3,0.175,0.47500000000000014,0.12037037037037036,0.1111111111111111,0.29629629629629606,0.7000000000000003,0.8250000000000004,0.5750000000000002,0.6750000000000003,0.7592592592592599,0.611111111111111,0.6666666666666669
0.44731404958677706,1.8271484375,2.224609375,0.15,0.3,0.175,0.47500000000000014,0.12037037037037036,0.1111111111111111,0.29629629629629606,0.7000000000000003,0.8500000000000004,0.5750000000000002,0.6750000000000003,0.7592592592592599,0.611111111111111,0.6666666666666669
0.44834710743801665,1.83203125,2.2265625,0.175,0.3,0.175,0.47500000000000014,0.12037037037037036,0.1111111111111111,0.29629629629629606,0.7000000000000003,0.8500000000000004,0.5750000000000002,0.6750000000000003,0.7592592592592599,0.611111111111111,0.6666666666666669
0.44938016528925634,1.8369140625,2.232421875,0.175,0.3,0.175,0.5000000000000001,0.12037037037037036,0.1111111111111111,0.29629629629629606,0.7000000000000003,0.8500000000000004,0.5750000000000002,0.6750000000000003,0.7592592592592599,0.611111111111111,0.6666666666666669
0.45041322314049603,1.8408203125,2.236328125,0.175,0.3,0.175,0.5000000000000001,0.12037037037037036,0.1111111111111111,0.29629629629629606,0.7000000000000003,0.8500000000000004,0.5750000000000002,0.7000000000000003,0.7592592592592599,0.611111111111111,0.6666666666666669
0.4514462809917357,1.845703125,2.240234375,0.175,0.3,0.175,0.5000000000000001,0.12037037037037036,0.1111111111111111,0.3055555555555553,0.7000000000000003,0.8500000000000004,0.5750000000000002,0.7000000000000003,0.7592592592592599,0.611111111111111,0.6666666666666669
0.4524793388429754,1.849609375,2.24609375,0.175,0.3,0.175,0.5000000000000001,0.12037037037037036,0.1111111111111111,0.3055555555555553,0.7000000000000003,0.8500000000000004,0.5750000000000002,0.7000000000000003,0.7685185185185192,0.611111111111111,0.6666666666666669
0.4535123966942151,1.853515625,2.25,0.175,0.3,0.175,0.5000000000000001,0.12037037037037036,0.1111111111111111,0.3055555555555553,0.7000000000000003,0.8500000000000004,0.5750000000000002,0.7000000000000003,0.7777777777777785,0.611111111111111,0.6666666666666669
0.45454545454545475,1.857421875,2.251953125,0.175,0.3,0.175,0.5000000000000001,0.12037037037037036,0.1111111111111111,0.3055555555555553,0.7000000000000003,0.8500000000000004,0.5750000000000002,0.7000000000000003,0.7777777777777785,0.6203703703703703,0.6666666666666669
0.45557851239669445,1.861328125,2.255859375,0.175,0.3,0.175,0.5000000000000001,0.12037037037037036,0.1111111111111111,0.3055555555555553,0.7000000000000003,0.8500000000000004,0.5750000000000002,0.7000000000000003,0.7870370370370378,0.6203703703703703,0.6666666666666669
0.45661157024793414,1.865234375,2.26171875,0.175,0.3,0.175,0.5000000000000001,0.12037037037037036,0.1111111111111111,0.3055555555555553,0.7000000000000003,0.8500000000000004,0.5750000000000002,0.7000000000000003,0.7870370370370378,0.6296296296296297,0.6666666666666669
0.4576446280991738,1.869140625,2.265625,0.175,0.3,0.175,0.5000000000000001,0.12037037037037036,0.1111111111111111,0.3055555555555553,0.7000000000000003,0.8500000000000004,0.6000000000000002,0.7000000000000003,0.7870370370370378,0.6296296296296297,0.6666666666666669
0.4586776859504134,1.873046875,2.26953125,0.175,0.3,0.175,0.5000000000000001,0.12037037037037036,0.1111111111111111,0.3055555555555553,0.7000000000000003,0.8500000000000004,0.6000000000000002,0.7000000000000003,0.7870370370370378,0.638888888888889,0.6666666666666669
0.4597107438016531,1.876953125,2.275390625,0.175,0.3,0.175,0.5000000000000001,0.12037037037037036,0.1111111111111111,0.3055555555555553,0.7250000000000003,0.8500000000000004,0.6000000000000002,0.7000000000000003,0.7870370370370378,0.638888888888889,0.6666666666666669
0.46074380165289275,1.880859375,2.27734375,0.175,0.3,0.175,0.5000000000000001,0.12037037037037036,0.1111111111111111,0.3055555555555553,0.7250000000000003,0.8500000000000004,0.6250000000000002,0.7000000000000003,0.7870370370370378,0.638888888888889,0.6666666666666669
0.46177685950413244,1.884765625,2.28125,0.175,0.3,0.175,0.5000000000000001,0.12037037037037036,0.1111111111111111,0.3055555555555553,0.7250000000000003,0.8500000000000004,0.6250000000000002,0.7000000000000003,0.7870370370370378,0.6481481481481483,0.6666666666666669
0.4628099173553721,1.888671875,2.28515625,0.175,0.3,0.175,0.5000000000000001,0.12037037037037036,0.1111111111111111,0.3055555555555553,0.7250000000000003,0.8500000000000004,0.6250000000000002,0.7000000000000003,0.7870370370370378,0.6574074074074076,0.6666666666666669
0.4638429752066118,1.892578125,2.291015625,0.175,0.3,0.175,0.5000000000000001,0.12037037037037036,0.1111111111111111,0.3055555555555553,0.7250000000000003,0.8500000000000004,0.6250000000000002,0.7000000000000003,0.7962962962962971,0.6574074074074076,0.6666666666666669
0.46487603305785147,1.896484375,2.294921875,0.175,0.3,0.175,0.5000000000000001,0.12037037037037036,0.1111111111111111,0.3055555555555553,0.7250000000000003,0.8500000000000004,0.6250000000000002,0.7000000000000003,0.8055555555555564,0.6574074074074076,0.6666666666666669
0.46590909090909116,1.900390625,2.298828125,0.175,0.3,0.175,0.5000000000000001,0.12037037037037036,0.1111111111111111,0.3055555555555553,0.7250000000000003,0.8500000000000004,0.6250000000000002,0.7000000000000003,0.8055555555555564,0.6666666666666669,0.6666666666666669
0.46694214876033086,1.904296875,2.30078125,0.175,0.3,0.175,0.5000000000000001,0.12037037037037036,0.1111111111111111,0.3055555555555553,0.7250000000000003,0.8500000000000004,0.6250000000000002,0.7000000000000003,0.8055555555555564,0.6759259259259262,0.6666666666666669
0.46797520661157055,1.908203125,2.306640625,0.175,0.3,0.175,0.5000000000000001,0.12037037037037036,0.1111111111111111,0.3055555555555553,0.7250000000000003,0.8500000000000004,0.6250000000000002,0.7000000000000003,0.8148148148148157,0.6759259259259262,0.6666666666666669
0.4690082644628102,1.912109375,2.310546875,0.175,0.3,0.175,0.5000000000000001,0.12037037037037036,0.1111111111111111,0.3055555555555553,0.7250000000000003,0.8500000000000004,0.6250000000000002,0.7000000000000003,0.8148148148148157,0.6851851851851855,0.6666666666666669
0.4700413223140498,1.916015625,2.31640625,0.175,0.3,0.175,0.5000000000000001,0.12037037037037036,0.1111111111111111,0.3055555555555553,0.7250000000000003,0.8500000000000004,0.6250000000000002,0.7000000000000003,0.8148148148148157,0.6944444444444448,0.6666666666666669
0.4710743801652895,1.919921875,2.3203125,0.175,0.3,0.175,0.5000000000000001,0.12037037037037036,0.1111111111111111,0.3055555555555553,0.7250000000000003,0.8500000000000004,0.6250000000000002,0.7000000000000003,0.8148148148148157,0.703703703703704,0.6666666666666669
0.47210743801652916,1.923828125,2.32421875,0.175,0.3,0.175,0.5000000000000001,0.12037037037037036,0.1111111111111111,0.3055555555555553,0.7250000000000003,0.8500000000000004,0.6250000000000002,0.7000000000000003,0.8148148148148157,0.703703703703704,0.6759259259259262
0.47314049586776885,1.927734375,2.326171875,0.175,0.3,0.175,0.5000000000000001,0.12037037037037036,0.1111111111111111,0.3055555555555553,0.7250000000000003,0.8500000000000004,0.6250000000000002,0.7000000000000003,0.824074074074075,0.703703703703704,0.6759259259259262
0.47417355371900854,1.931640625,2.33203125,0.175,0.3,0.175,0.5000000000000001,0.12037037037037036,0.1111111111111111,0.3055555555555553,0.7250000000000003,0.8500000000000004,0.6250000000000002,0.7000000000000003,0.824074074074075,0.703703703703704,0.6851851851851855
0.4752066115702482,1.935546875,2.3359375,0.175,0.3,0.175,0.5000000000000001,0.12037037037037036,0.1111111111111111,0.3055555555555553,0.7250000000000003,0.8500000000000004,0.6250000000000002,0.7000000000000003,0.824074074074075,0.703703703703704,0.6944444444444448
0.4762396694214878,1.939453125,2.33984375,0.175,0.3,0.175,0.5000000000000001,0.12037037037037036,0.1111111111111111,0.3055555555555553,0.7250000000000003,0.8500000000000004,0.6250000000000002,0.7000000000000003,0.824074074074075,0.703703703703704,0.703703703703704
0.4772727272727275,1.9443359375,2.34375,0.19999999999999998,0.3,0.175,0.5000000000000001,0.12037037037037036,0.1111111111111111,0.3055555555555553,0.7250000000000003,0.8500000000000004,0.6250000000000002,0.7000000000000003,0.824074074074075,0.703703703703704,0.703703703703704
0.4783057851239672,1.94921875,2.349609375,0.19999999999999998,0.325,0.175,0.5000000000000001,0.12037037037037036,0.1111111111111111,0.3055555555555553,0.7250000000000003,0.8500000000000004,0.6250000000000002,0.7000000000000003,0.824074074074075,0.703703703703704,0.703703703703704
0.4793388429752069,1.953125,2.3515625,0.19999999999999998,0.325,0.175,0.5000000000000001,0.12037037037037036,0.1111111111111111,0.3055555555555553,0.7250000000000003,0.8500000000000004,0.6250000000000002,0.7000000000000003,0.8333333333333343,0.703703703703704,0.703703703703704
0.4803719008264465,1.9580078125,2.35546875,0.19999999999999998,0.325,0.19999999999999998,0.5000000000000001,0.12037037037037036,0.1111111111111111,0.3055555555555553,0.7250000000000003,0.8500000000000004,0.6250000000000002,0.7000000000000003,0.8333333333333343,0.703703703703704,0.703703703703704
0.4814049586776862,1.9619140625,2.359375,0.19999999999999998,0.325,0.19999999999999998,0.5000000000000001,0.12037037037037036,0.1111111111111111,0.3055555555555553,0.7500000000000003,0.8500000000000004,0.6250000000000002,0.7000000000000003,0.8333333333333343,0.703703703703704,0.703703703703704
0.4824380165289259,1.966796875,2.36328125,0.19999999999999998,0.325,0.22499999999999998,0.5000000000000001,0.12037037037037036,0.1111111111111111,0.3055555555555553,0.7500000000000003,0.8500000000000004,0.6250000000000002,0.7000000000000003,0.8333333333333343,0.703703703703704,0.703703703703704
0.48347107438016557,1.9716796875,2.3671875,0.19999999999999998,0.325,0.22499999999999998,0.5250000000000001,0.12037037037037036,0.1111111111111111,0.3055555555555553,0.7500000000000003,0.8500000000000004,0.6250000000000002,0.7000000000000003,0.8333333333333343,0.703703703703704,0.703703703703704
0.48450413223140515,1.9755859375,2.373046875,0.19999999999999998,0.325,0.22499999999999998,0.5250000000000001,0.12037037037037036,0.1111111111111111,0.3055555555555553,0.7500000000000003,0.8500000000000004,0.6250000000000002,0.7000000000000003,0.8425925925925936,0.703703703703704,0.703703703703704
0.48553719008264484,1.9794921875,2.375,0.19999999999999998,0.325,0.22499999999999998,0.5250000000000001,0.12037037037037036,0.1111111111111111,0.3055555555555553,0.7500000000000003,0.8500000000000004,0.6250000000000002,0.7000000000000003,0.8425925925925936,0.7129629629629634,0.703703703703704
0.48657024793388454,1.9833984375,2.37890625,0.19999999999999998,0.325,0.22499999999999998,0.5250000000000001,0.12037037037037036,0.1111111111111111,0.3055555555555553,0.7500000000000003,0.8500000000000004,0.6250000000000002,0.7000000000000003,0.8425925925925936,0.7222222222222227,0.703703703703704
0.48760330578512423,1.9873046875,2.384765625,0.19999999999999998,0.325,0.22499999999999998,0.5250000000000001,0.12037037037037036,0.1111111111111111,0.3055555555555553,0.7500000000000003,0.8750000000000004,0.6250000000000002,0.7000000000000003,0.8425925925925936,0.7222222222222227,0.703703703703704
0.4886363636363639,1.9912109375,2.388671875,0.19999999999999998,0.325,0.22499999999999998,0.5250000000000001,0.12037037037037036,0.1111111111111111,0.3055555555555553,0.7500000000000003,0.8750000000000004,0.6250000000000002,0.7000000000000003,0.8425925925925936,0.731481481481482,0.703703703703704
0.4896694214876036,1.9951171875,2.392578125,0.19999999999999998,0.325,0.22499999999999998,0.5250000000000001,0.12037037037037036,0.1111111111111111,0.3055555555555553,0.7500000000000003,0.8750000000000004,0.6250000000000002,0.7000000000000003,0.8425925925925936,0.7407407407407413,0.703703703703704
0.49070247933884326,1.9990234375,2.396484375,0.19999999999999998,0.325,0.22499999999999998,0.5250000000000001,0.12037037037037036,0.1111111111111111,0.3055555555555553,0.7500000000000003,0.8750000000000004,0.6250000000000002,0.7000000000000003,0.8425925925925936,0.7500000000000006,0.703703703703704
0.49173553719008295,2.00390625,2.3984375,0.22499999999999998,0.325,0.22499999999999998,0.5250000000000001,0.12037037037037036,0.1111111111111111,0.3055555555555553,0.7500000000000003,0.8750000000000004,0.6250000000000002,0.7000000000000003,0.8425925925925936,0.7500000000000006,0.703703703703704
0.49276859504132264,2.0078125,2.40234375,0.22499999999999998,0.325,0.22499999999999998,0.5250000000000001,0.12037037037037036,0.1111111111111111,0.3055555555555553,0.7500000000000003,0.8750000000000004,0.6250000000000002,0.7000000000000003,0.8425925925925936,0.7500000000000006,0.7129629629629634
0.49380165289256234,2.01171875,2.408203125,0.22499999999999998,0.325,0.22499999999999998,0.5250000000000001,0.12037037037037036,0.1111111111111111,0.3055555555555553,0.7500000000000003,0.8750000000000004,0.6250000000000002,0.7000000000000003,0.8518518518518529,0.7500000000000006,0.7129629629629634
0.49483471074380203,2.015625,2.412109375,0.22499999999999998,0.325,0.22499999999999998,0.5250000000000001,0.12037037037037036,0.1111111111111111,0.3055555555555553,0.7500000000000003,0.8750000000000004,0.6250000000000002,0.7000000000000003,0.8518518518518529,0.7500000000000006,0.7222222222222227
0.4958677685950417,2.01953125,2.416015625,0.22499999999999998,0.325,0.22499999999999998,0.5250000000000001,0.12037037037037036,0.1111111111111111,0.3055555555555553,0.7500000000000003,0.8750000000000004,0.6250000000000002,0.7000000000000003,0.8518518518518529,0.7500000000000006,0.731481481481482
0.4969008264462813,2.0234375,2.419921875,0.22499999999999998,0.325,0.22499999999999998,0.5250000000000001,0.12037037037037036,0.1111111111111111,0.3055555555555553,0.7500000000000003,0.8750000000000004,0.6250000000000002,0.7000000000000003,0.8518518518518529,0.7592592592592599,0.731481481481482
0.49793388429752106,2.029296875,2.421875,0.24999999999999997,0.325,0.22499999999999998,0.5250000000000001,0.12037037037037036,0.1111111111111111,0.3055555555555553,0.7500000000000003,0.8750000000000004,0.6250000000000002,0.7000000000000003,0.8518518518518529,0.7592592592592599,0.731481481481482
0.4989669421487607,2.033203125,2.42578125,0.24999999999999997,0.325,0.22499999999999998,0.5250000000000001,0.12037037037037036,0.1111111111111111,0.31481481481481455,0.7500000000000003,0.8750000000000004,0.6250000000000002,0.7000000000000003,0.8518518518518529,0.7592592592592599,0.731481481481482
0.5000000000000003,2.037109375,2.4296875,0.24999999999999997,0.325,0.22499999999999998,0.5250000000000001,0.12037037037037036,0.1111111111111111,0.31481481481481455,0.7500000000000003,0.8750000000000004,0.6250000000000002,0.7000000000000003,0.8518518518518529,0.7592592592592599,0.7407407407407413
0.5010330578512401,2.041015625,2.43359375,0.24999999999999997,0.325,0.22499999999999998,0.5250000000000001,0.12037037037037036,0.1111111111111111,0.31481481481481455,0.7500000000000003,0.8750000000000004,0.6250000000000002,0.7000000000000003,0.8518518518518529,0.7592592592592599,0.7500000000000006
0.5020661157024796,2.046875,2.439453125,0.24999999999999997,0.35000000000000003,0.22499999999999998,0.5250000000000001,0.12037037037037036,0.1111111111111111,0.31481481481481455,0.7500000000000003,0.8750000000000004,0.6250000000000002,0.7000000000000003,0.8518518518518529,0.7592592592592599,0.7500000000000006
0.5030991735537195,2.05078125,2.443359375,0.24999999999999997,0.35000000000000003,0.22499999999999998,0.5500000000000002,0.12037037037037036,0.1111111111111111,0.31481481481481455,0.7500000000000003,0.8750000000000004,0.6250000000000002,0.7000000000000003,0.8518518518518529,0.7592592592592599,0.7500000000000006
0.504132231404959,2.0546875,2.447265625,0.24999999999999997,0.35000000000000003,0.22499999999999998,0.5500000000000002,0.12037037037037036,0.1111111111111111,0.3240740740740738,0.7500000000000003,0.8750000000000004,0.6250000000000002,0.7000000000000003,0.8518518518518529,0.7592592592592599,0.7500000000000006
0.5051652892561987,2.060546875,2.44921875,0.24999999999999997,0.37500000000000006,0.22499999999999998,0.5500000000000002,0.12037037037037036,0.1111111111111111,0.3240740740740738,0.7500000000000003,0.8750000000000004,0.6250000000000002,0.7000000000000003,0.8518518518518529,0.7592592592592599,0.7500000000000006
0.5061983471074384,2.064453125,2.453125,0.24999999999999997,0.37500000000000006,0.22499999999999998,0.5500000000000002,0.12962962962962962,0.1111111111111111,0.3240740740740738,0.7500000000000003,0.8750000000000004,0.6250000000000002,0.7000000000000003,0.8518518518518529,0.7592592592592599,0.7500000000000006
0.507231404958678,2.068359375,2.45703125,0.24999999999999997,0.37500000000000006,0.22499999999999998,0.5500000000000002,0.12962962962962962,0.1111111111111111,0.3240740740740738,0.7500000000000003,0.8750000000000004,0.6500000000000002,0.7000000000000003,0.8518518518518529,0.7592592592592599,0.7500000000000006
0.5082644628099178,2.072265625,2.4609375,0.24999999999999997,0.37500000000000006,0.22499999999999998,0.5500000000000002,0.12962962962962962,0.1111111111111111,0.3240740740740738,0.7500000000000003,0.8750000000000004,0.6500000000000002,0.7000000000000003,0.8518518518518529,0.7685185185185192,0.7500000000000006
0.5092975206611574,2.076171875,2.46484375,0.24999999999999997,0.37500000000000006,0.22499999999999998,0.5500000000000002,0.12962962962962962,0.1111111111111111,0.3240740740740738,0.7500000000000003,0.8750000000000004,0.6500000000000002,0.7000000000000003,0.8518518518518529,0.7777777777777785,0.7500000000000006
0.510330578512397,2.080078125,2.46875,0.24999999999999997,0.37500000000000006,0.22499999999999998,0.5500000000000002,0.12962962962962962,0.1111111111111111,0.3240740740740738,0.7500000000000003,0.8750000000000004,0.6500000000000002,0.7000000000000003,0.8518518518518529,0.7870370370370378,0.7500000000000006
0.5113636363636368,2.083984375,2.47265625,0.24999999999999997,0.37500000000000006,0.22499999999999998,0.5500000000000002,0.1388888888888889,0.1111111111111111,0.3240740740740738,0.7500000000000003,0.8750000000000004,0.6500000000000002,0.7000000000000003,0.8518518518518529,0.7870370370370378,0.7500000000000006
0.5123966942148764,2.08984375,2.4765625,0.27499999999999997,0.37500000000000006,0.22499999999999998,0.5500000000000002,0.1388888888888889,0.1111111111111111,0.3240740740740738,0.7500000000000003,0.8750000000000004,0.6500000000000002,0.7000000000000003,0.8518518518518529,0.7870370370370378,0.7500000000000006
0.5134297520661161,2.09375,2.48046875,0.27499999999999997,0.37500000000000006,0.22499999999999998,0.5500000000000002,0.1388888888888889,0.1111111111111111,0.3240740740740738,0.7500000000000003,0.8750000000000004,0.6750000000000003,0.7000000000000003,0.8518518518518529,0.7870370370370378,0.7500000000000006
0.5144628099173557,2.09765625,2.484375,0.27499999999999997,0.37500000000000006,0.22499999999999998,0.5500000000000002,0.1388888888888889,0.1111111111111111,0.3240740740740738,0.7500000000000003,0.8750000000000004,0.6750000000000003,0.7000000000000003,0.8518518518518529,0.7870370370370378,0.7592592592592599
0.5154958677685955,2.1015625,2.48828125,0.27499999999999997,0.37500000000000006,0.22499999999999998,0.5500000000000002,0.1388888888888889,0.1111111111111111,0.3240740740740738,0.7500000000000003,0.8750000000000004,0.6750000000000003,0.7000000000000003,0.8518518518518529,0.7870370370370378,0.7685185185185192
0.5165289256198351,2.107421875,2.494140625,0.27499999999999997,0.4000000000000001,0.22499999999999998,0.5500000000000002,0.1388888888888889,0.1111111111111111,0.3240740740740738,0.7500000000000003,0.8750000000000004,0.6750000000000003,0.7000000000000003,0.8518518518518529,0.7870370370370378,0.7685185185185192
0.5175619834710748,2.111328125,2.498046875,0.27499999999999997,0.4000000000000001,0.22499999999999998,0.5750000000000002,0.1388888888888889,0.1111111111111111,0.3240740740740738,0.7500000000000003,0.8750000000000004,0.6750000000000003,0.7000000000000003,0.8518518518518529,0.7870370370370378,0.7685185185185192
0.5185950413223145,2.115234375,2.5,0.27499999999999997,0.4000000000000001,0.22499999999999998,0.5750000000000002,0.14814814814814814,0.1111111111111111,0.3240740740740738,0.7500000000000003,0.8750000000000004,0.6750000000000003,0.7000000000000003,0.8518518518518529,0.7870370370370378,0.7685185185185192
0.5196280991735541,2.119140625,2.50390625,0.27499999999999997,0.4000000000000001,0.22499999999999998,0.5750000000000002,0.14814814814814814,0.1111111111111111,0.3240740740740738,0.7500000000000003,0.8750000000000004,0.6750000000000003,0.7000000000000003,0.8611111111111122,0.7870370370370378,0.7685185185185192
0.5206611570247937,2.123046875,2.5078125,0.27499999999999997,0.4000000000000001,0.22499999999999998,0.5750000000000002,0.14814814814814814,0.1111111111111111,0.3240740740740738,0.7500000000000003,0.8750000000000004,0.6750000000000003,0.7000000000000003,0.8703703703703715,0.7870370370370378,0.7685185185185192
0.5216942148760334,2.12890625,2.51171875,0.27499999999999997,0.4250000000000001,0.22499999999999998,0.5750000000000002,0.14814814814814814,0.1111111111111111,0.3240740740740738,0.7500000000000003,0.8750000000000004,0.6750000000000003,0.7000000000000003,0.8703703703703715,0.7870370370370378,0.7685185185185192
0.5227272727272732,2.1328125,2.515625,0.27499999999999997,0.4250000000000001,0.22499999999999998,0.5750000000000002,0.14814814814814814,0.1111111111111111,0.3240740740740738,0.7500000000000003,0.8750000000000004,0.6750000000000003,0.7000000000000003,0.8703703703703715,0.7962962962962971,0.7685185185185192
0.5237603305785128,2.13671875,2.51953125,0.27499999999999997,0.4250000000000001,0.22499999999999998,0.5750000000000002,0.14814814814814814,0.1111111111111111,0.3240740740740738,0.7500000000000003,0.8750000000000004,0.6750000000000003,0.7000000000000003,0.8703703703703715,0.8055555555555564,0.7685185185185192
0.5247933884297524,2.140625,2.521484375,0.27499999999999997,0.4250000000000001,0.22499999999999998,0.5750000000000002,0.14814814814814814,0.1111111111111111,0.3240740740740738,0.7500000000000003,0.8750000000000004,0.7000000000000003,0.7000000000000003,0.8703703703703715,0.8055555555555564,0.7685185185185192
0.5258264462809922,2.146484375,2.525390625,0.27499999999999997,0.4250000000000001,0.24999999999999997,0.5750000000000002,0.14814814814814814,0.1111111111111111,0.3240740740740738,0.7500000000000003,0.8750000000000004,0.7000000000000003,0.7000000000000003,0.8703703703703715,0.8055555555555564,0.7685185185185192
0.5268595041322318,2.150390625,2.529296875,0.27499999999999997,0.4250000000000001,0.24999999999999997,0.5750000000000002,0.15740740740740738,0.1111111111111111,0.3240740740740738,0.7500000000000003,0.8750000000000004,0.7000000000000003,0.7000000000000003,0.8703703703703715,0.8055555555555564,0.7685185185185192
0.5278925619834716,2.154296875,2.533203125,0.27499999999999997,0.4250000000000001,0.24999999999999997,0.5750000000000002,0.16666666666666663,0.1111111111111111,0.3240740740740738,0.7500000000000003,0.8750000000000004,0.7000000000000003,0.7000000000000003,0.8703703703703715,0.8055555555555564,0.7685185185185192
0.5289256198347112,2.158203125,2.537109375,0.27499999999999997,0.4250000000000001,0.24999999999999997,0.5750000000000002,0.16666666666666663,0.12037037037037036,0.3240740740740738,0.7500000000000003,0.8750000000000004,0.7000000000000003,0.7000000000000003,0.8703703703703715,0.8055555555555564,0.7685185185185192
0.5299586776859508,2.162109375,2.541015625,0.27499999999999997,0.4250000000000001,0.24999999999999997,0.5750000000000002,0.16666666666666663,0.12037037037037036,0.3240740740740738,0.7500000000000003,0.8750000000000004,0.7000000000000003,0.7000000000000003,0.8703703703703715,0.8055555555555564,0.7777777777777785
0.5309917355371905,2.166015625,2.544921875,0.27499999999999997,0.4250000000000001,0.24999999999999997,0.5750000000000002,0.16666666666666663,0.12037037037037036,0.3240740740740738,0.7500000000000003,0.8750000000000004,0.7000000000000003,0.7250000000000003,0.8703703703703715,0.8055555555555564,0.7777777777777785
0.5320247933884302,2.169921875,2.546875,0.27499999999999997,0.4250000000000001,0.24999999999999997,0.5750000000000002,0.16666666666666663,0.12037037037037036,0.3240740740740738,0.7500000000000003,0.8750000000000004,0.7000000000000003,0.7250000000000003,0.8703703703703715,0.8055555555555564,0.7870370370370378
0.5330578512396699,2.173828125,2.552734375,0.27499999999999997,0.4250000000000001,0.24999999999999997,0.5750000000000002,0.16666666666666663,0.12037037037037036,0.3240740740740738,0.7500000000000003,0.8750000000000004,0.7000000000000003,0.7250000000000003,0.8796296296296308,0.8055555555555564,0.7870370370370378
0.5340909090909096,2.177734375,2.556640625,0.27499999999999997,0.4250000000000001,0.24999999999999997,0.5750000000000002,0.16666666666666663,0.12037037037037036,0.3240740740740738,0.7500000000000003,0.8750000000000004,0.7000000000000003,0.7250000000000003,0.8888888888888901,0.8055555555555564,0.7870370370370378
0.5351239669421493,2.181640625,2.55859375,0.27499999999999997,0.4250000000000001,0.24999999999999997,0.5750000000000002,0.16666666666666663,0.12037037037037036,0.3240740740740738,0.7500000000000003,0.8750000000000004,0.7000000000000003,0.7250000000000003,0.8888888888888901,0.8148148148148157,0.7870370370370378
0.536157024793389,2.185546875,2.5625,0.27499999999999997,0.4250000000000001,0.24999999999999997,0.5750000000000002,0.16666666666666663,0.12037037037037036,0.3240740740740738,0.7500000000000003,0.8750000000000004,0.7000000000000003,0.7250000000000003,0.8888888888888901,0.824074074074075,0.7870370370370378
0.5371900826446285,2.189453125,2.56640625,0.27499999999999997,0.4250000000000001,0.24999999999999997,0.5750000000000002,0.16666666666666663,0.12037037037037036,0.3240740740740738,0.7500000000000003,0.8750000000000004,0.7000000000000003,0.7250000000000003,0.8888888888888901,0.8333333333333343,0.7870370370370378
0.5382231404958683,2.193359375,2.5703125,0.27499999999999997,0.4250000000000001,0.24999999999999997,0.5750000000000002,0.16666666666666663,0.12037037037037036,0.3240740740740738,0.7500000000000003,0.8750000000000004,0.7000000000000003,0.7250000000000003,0.8888888888888901,0.8425925925925936,0.7870370370370378
0.5392561983471079,2.197265625,2.57421875,0.27499999999999997,0.4250000000000001,0.24999999999999997,0.5750000000000002,0.16666666666666663,0.12037037037037036,0.3240740740740738,0.7500000000000003,0.8750000000000004,0.7000000000000003,0.7250000000000003,0.8888888888888901,0.8425925925925936,0.7962962962962971
0.5402892561983476,2.201171875,2.576171875,0.27499999999999997,0.4250000000000001,0.24999999999999997,0.5750000000000002,0.17592592592592587,0.12037037037037036,0.3240740740740738,0.7500000000000003,0.8750000000000004,0.7000000000000003,0.7250000000000003,0.8888888888888901,0.8425925925925936,0.7962962962962971
0.5413223140495872,2.205078125,2.580078125,0.27499999999999997,0.4250000000000001,0.24999999999999997,0.5750000000000002,0.17592592592592587,0.12037037037037036,0.3240740740740738,0.7750000000000004,0.8750000000000004,0.7000000000000003,0.7250000000000003,0.8888888888888901,0.8425925925925936,0.7962962962962971
0.5423553719008269,2.208984375,2.583984375,0.27499999999999997,0.4250000000000001,0.24999999999999997,0.5750000000000002,0.17592592592592587,0.12037037037037036,0.3240740740740738,0.7750000000000004,0.8750000000000004,0.7000000000000003,0.7250000000000003,0.8888888888888901,0.8425925925925936,0.8055555555555564
0.5433884297520666,2.212890625,2.587890625,0.27499999999999997,0.4250000000000001,0.24999999999999997,0.5750000000000002,0.17592592592592587,0.12037037037037036,0.3240740740740738,0.7750000000000004,0.8750000000000004,0.7000000000000003,0.7250000000000003,0.8888888888888901,0.8518518518518529,0.8055555555555564
0.5444214876033063,2.216796875,2.59375,0.27499999999999997,0.4250000000000001,0.24999999999999997,0.5750000000000002,0.17592592592592587,0.12037037037037036,0.3240740740740738,0.7750000000000004,0.8750000000000004,0.7000000000000003,0.7250000000000003,0.8888888888888901,0.8518518518518529,0.8148148148148157
0.5454545454545459,2.220703125,2.59375,0.27499999999999997,0.4250000000000001,0.24999999999999997,0.5750000000000002,0.17592592592592587,0.12037037037037036,0.3240740740740738,0.7750000000000004,0.8750000000000004,0.7000000000000003,0.7250000000000003,0.8981481481481494,0.8518518518518529,0.8148148148148157
0.5464876033057856,2.224609375,2.59765625,0.27499999999999997,0.4250000000000001,0.24999999999999997,0.5750000000000002,0.17592592592592587,0.12037037037037036,0.3240740740740738,0.7750000000000004,0.8750000000000004,0.7000000000000003,0.7250000000000003,0.8981481481481494,0.8518518518518529,0.824074074074075
0.5475206611570251,2.228515625,2.6015625,0.27499999999999997,0.4250000000000001,0.24999999999999997,0.5750000000000002,0.17592592592592587,0.12037037037037036,0.3240740740740738,0.7750000000000004,0.8750000000000004,0.7000000000000003,0.7250000000000003,0.8981481481481494,0.8518518518518529,0.8333333333333343
0.548553719008265,2.232421875,2.60546875,0.27499999999999997,0.4250000000000001,0.24999999999999997,0.5750000000000002,0.17592592592592587,0.12037037037037036,0.3240740740740738,0.7750000000000004,0.8750000000000004,0.7250000000000003,0.7250000000000003,0.8981481481481494,0.8518518518518529,0.8333333333333343
0.5495867768595045,2.23828125,2.609375,0.3,0.4250000000000001,0.24999999999999997,0.5750000000000002,0.17592592592592587,0.12037037037037036,0.3240740740740738,0.7750000000000004,0.8750000000000004,0.7250000000000003,0.7250000000000003,0.8981481481481494,0.8518518518518529,0.8333333333333343
0.5506198347107443,2.2421875,2.61328125,0.3,0.4250000000000001,0.24999999999999997,0.5750000000000002,0.17592592592592587,0.12037037037037036,0.3240740740740738,0.7750000000000004,0.8750000000000004,0.7250000000000003,0.7250000000000003,0.8981481481481494,0.8518518518518529,0.8425925925925936
0.5516528925619839,2.24609375,2.6171875,0.3,0.4250000000000001,0.24999999999999997,0.5750000000000002,0.17592592592592587,0.12037037037037036,0.3240740740740738,0.7750000000000004,0.8750000000000004,0.7250000000000003,0.7250000000000003,0.8981481481481494,0.8518518518518529,0.8518518518518529
0.5526859504132237,2.25,2.62109375,0.3,0.4250000000000001,0.24999999999999997,0.5750000000000002,0.17592592592592587,0.12037037037037036,0.3240740740740738,0.7750000000000004,0.8750000000000004,0.7250000000000003,0.7250000000000003,0.8981481481481494,0.8611111111111122,0.8518518518518529
0.5537190082644633,2.25390625,2.623046875,0.3,0.4250000000000001,0.24999999999999997,0.5750000000000002,0.17592592592592587,0.12037037037037036,0.3240740740740738,0.7750000000000004,0.8750000000000004,0.7250000000000003,0.7250000000000003,0.8981481481481494,0.8703703703703715,0.8518518518518529
0.5547520661157029,2.2578125,2.626953125,0.3,0.4250000000000001,0.24999999999999997,0.5750000000000002,0.17592592592592587,0.12037037037037036,0.3240740740740738,0.7750000000000004,0.8750000000000004,0.7250000000000003,0.7250000000000003,0.8981481481481494,0.8703703703703715,0.8611111111111122
0.5557851239669427,2.263671875,2.630859375,0.325,0.4250000000000001,0.24999999999999997,0.5750000000000002,0.17592592592592587,0.12037037037037036,0.3240740740740738,0.7750000000000004,0.8750000000000004,0.7250000000000003,0.7250000000000003,0.8981481481481494,0.8703703703703715,0.8611111111111122
0.5568181818181824,2.267578125,2.634765625,0.325,0.4250000000000001,0.24999999999999997,0.5750000000000002,0.17592592592592587,0.12037037037037036,0.3240740740740738,0.7750000000000004,0.8750000000000004,0.7250000000000003,0.7250000000000003,0.8981481481481494,0.8703703703703715,0.8703703703703715
0.5578512396694221,2.2734375,2.638671875,0.325,0.4500000000000001,0.24999999999999997,0.5750000000000002,0.17592592592592587,0.12037037037037036,0.3240740740740738,0.7750000000000004,0.8750000000000004,0.7250000000000003,0.7250000000000003,0.8981481481481494,0.8703703703703715,0.8703703703703715
0.5588842975206618,2.27734375,2.640625,0.325,0.4500000000000001,0.24999999999999997,0.5750000000000002,0.18518518518518512,0.12037037037037036,0.3240740740740738,0.7750000000000004,0.8750000000000004,0.7250000000000003,0.7250000000000003,0.8981481481481494,0.8703703703703715,0.8703703703703715
0.5599173553719013,2.283203125,2.646484375,0.325,0.47500000000000014,0.24999999999999997,0.5750000000000002,0.18518518518518512,0.12037037037037036,0.3240740740740738,0.7750000000000004,0.8750000000000004,0.7250000000000003,0.7250000000000003,0.8981481481481494,0.8703703703703715,0.8703703703703715
0.5609504132231411,2.287109375,2.646484375,0.325,0.47500000000000014,0.24999999999999997,0.5750000000000002,0.18518518518518512,0.12037037037037036,0.3240740740740738,0.7750000000000004,0.8750000000000004,0.7250000000000003,0.7250000000000003,0.8981481481481494,0.8703703703703715,0.8796296296296308
0.5619834710743807,2.29296875,2.650390625,0.325,0.47500000000000014,0.27499999999999997,0.5750000000000002,0.18518518518518512,0.12037037037037036,0.3240740740740738,0.7750000000000004,0.8750000000000004,0.7250000000000003,0.7250000000000003,0.8981481481481494,0.8703703703703715,0.8796296296296308
0.5630165289256205,2.296875,2.654296875,0.325,0.47500000000000014,0.3,0.5750000000000002,0.18518518518518512,0.12037037037037036,0.3240740740740738,0.7750000000000004,0.8750000000000004,0.7250000000000003,0.7250000000000003,0.8981481481481494,0.8703703703703715,0.8796296296296308
0.56404958677686,2.30078125,2.658203125,0.325,0.47500000000000014,0.3,0.5750000000000002,0.19444444444444436,0.12037037037037036,0.3240740740740738,0.7750000000000004,0.8750000000000004,0.7250000000000003,0.7250000000000003,0.8981481481481494,0.8703703703703715,0.8796296296296308
0.5650826446280998,2.3046875,2.662109375,0.325,0.47500000000000014,0.3,0.5750000000000002,0.19444444444444436,0.12037037037037036,0.3240740740740738,0.7750000000000004,0.8750000000000004,0.7500000000000003,0.7250000000000003,0.8981481481481494,0.8703703703703715,0.8796296296296308
0.5661157024793394,2.30859375,2.666015625,0.325,0.47500000000000014,0.3,0.5750000000000002,0.19444444444444436,0.12037037037037036,0.3240740740740738,0.7750000000000004,0.8750000000000004,0.7500000000000003,0.7250000000000003,0.8981481481481494,0.8703703703703715,0.8888888888888901
0.5671487603305791,2.314453125,2.66796875,0.325,0.47500000000000014,0.325,0.5750000000000002,0.19444444444444436,0.12037037037037036,0.3240740740740738,0.7750000000000004,0.8750000000000004,0.7500000000000003,0.7250000000000003,0.8981481481481494,0.8703703703703715,0.8888888888888901
0.5681818181818187,2.318359375,2.671875,0.325,0.47500000000000014,0.325,0.5750000000000002,0.2037037037037036,0.12037037037037036,0.3240740740740738,0.7750000000000004,0.8750000000000004,0.7500000000000003,0.7250000000000003,0.8981481481481494,0.8703703703703715,0.8888888888888901
0.5692148760330584,2.322265625,2.673828125,0.325,0.47500000000000014,0.325,0.5750000000000002,0.21296296296296285,0.12037037037037036,0.3240740740740738,0.7750000000000004,0.8750000000000004,0.7500000000000003,0.7250000000000003,0.8981481481481494,0.8703703703703715,0.8888888888888901
0.5702479338842981,2.326171875,2.677734375,0.325,0.47500000000000014,0.325,0.5750000000000002,0.21296296296296285,0.12962962962962962,0.3240740740740738,0.7750000000000004,0.8750000000000004,0.7500000000000003,0.7250000000000003,0.8981481481481494,0.8703703703703715,0.8888888888888901
0.5712809917355378,2.330078125,2.681640625,0.325,0.47500000000000014,0.325,0.5750000000000002,0.21296296296296285,0.1388888888888889,0.3240740740740738,0.7750000000000004,0.8750000000000004,0.7500000000000003,0.7250000000000003,0.8981481481481494,0.8703703703703715,0.8888888888888901
0.5723140495867775,2.333984375,2.685546875,0.325,0.47500000000000014,0.325,0.5750000000000002,0.2222222222222221,0.1388888888888889,0.3240740740740738,0.7750000000000004,0.8750000000000004,0.7500000000000003,0.7250000000000003,0.8981481481481494,0.8703703703703715,0.8888888888888901
0.5733471074380171,2.337890625,2.689453125,0.325,0.47500000000000014,0.325,0.5750000000000002,0.2222222222222221,0.14814814814814814,0.3240740740740738,0.7750000000000004,0.8750000000000004,0.7500000000000003,0.7250000000000003,0.8981481481481494,0.8703703703703715,0.8888888888888901
0.5743801652892567,2.341796875,2.693359375,0.325,0.47500000000000014,0.325,0.5750000000000002,0.23148148148148134,0.14814814814814814,0.3240740740740738,0.7750000000000004,0.8750000000000004,0.7500000000000003,0.7250000000000003,0.8981481481481494,0.8703703703703715,0.8888888888888901
0.5754132231404965,2.345703125,2.6953125,0.325,0.47500000000000014,0.325,0.5750000000000002,0.23148148148148134,0.15740740740740738,0.3240740740740738,0.7750000000000004,0.8750000000000004,0.7500000000000003,0.7250000000000003,0.8981481481481494,0.8703703703703715,0.8888888888888901
0.5764462809917361,2.349609375,2.69921875,0.325,0.47500000000000014,0.325,0.5750000000000002,0.2407407407407406,0.15740740740740738,0.3240740740740738,0.7750000000000004,0.8750000000000004,0.7500000000000003,0.7250000000000003,0.8981481481481494,0.8703703703703715,0.8888888888888901
0.5774793388429758,2.353515625,2.701171875,0.325,0.47500000000000014,0.325,0.5750000000000002,0.2407407407407406,0.16666666666666663,0.3240740740740738,0.7750000000000004,0.8750000000000004,0.7500000000000003,0.7250000000000003,0.8981481481481494,0.8703703703703715,0.8888888888888901
0.5785123966942154,2.357421875,2.705078125,0.325,0.47500000000000014,0.325,0.5750000000000002,0.2407407407407406,0.17592592592592587,0.3240740740740738,0.7750000000000004,0.8750000000000004,0.7500000000000003,0.7250000000000003,0.8981481481481494,0.8703703703703715,0.8888888888888901
0.5795454545454551,2.361328125,2.708984375,0.325,0.47500000000000014,0.325,0.5750000000000002,0.24999999999999983,0.17592592592592587,0.3240740740740738,0.7750000000000004,0.8750000000000004,0.7500000000000003,0.7250000000000003,0.8981481481481494,0.8703703703703715,0.8888888888888901
0.5805785123966948,2.365234375,2.7109375,0.325,0.47500000000000014,0.325,0.5750000000000002,0.24999999999999983,0.18518518518518512,0.3240740740740738,0.7750000000000004,0.8750000000000004,0.7500000000000003,0.7250000000000003,0.8981481481481494,0.8703703703703715,0.8888888888888901
0.5816115702479344,2.369140625,2.71484375,0.325,0.47500000000000014,0.325,0.5750000000000002,0.24999999999999983,0.19444444444444436,0.3240740740740738,0.7750000000000004,0.8750000000000004,0.7500000000000003,0.7250000000000003,0.8981481481481494,0.8703703703703715,0.8888888888888901
0.5826446280991741,2.373046875,2.71875,0.325,0.47500000000000014,0.325,0.5750000000000002,0.24999999999999983,0.2037037037037036,0.3240740740740738,0.7750000000000004,0.8750000000000004,0.7500000000000003,0.7250000000000003,0.8981481481481494,0.8703703703703715,0.8888888888888901
0.5836776859504138,2.376953125,2.72265625,0.325,0.47500000000000014,0.325,0.5750000000000002,0.24999999999999983,0.2037037037037036,0.3240740740740738,0.7750000000000004,0.8750000000000004,0.7500000000000003,0.7250000000000003,0.9074074074074087,0.8703703703703715,0.8888888888888901
0.5847107438016534,2.380859375,2.724609375,0.325,0.47500000000000014,0.325,0.5750000000000002,0.24999999999999983,0.2037037037037036,0.3240740740740738,0.7750000000000004,0.8750000000000004,0.7500000000000003,0.7250000000000003,0.9074074074074087,0.8796296296296308,0.8888888888888901
0.5857438016528931,2.384765625,2.7265625,0.325,0.47500000000000014,0.325,0.5750000000000002,0.2592592592592591,0.2037037037037036,0.3240740740740738,0.7750000000000004,0.8750000000000004,0.7500000000000003,0.7250000000000003,0.9074074074074087,0.8796296296296308,0.8888888888888901
0.5867768595041328,2.388671875,2.73046875,0.325,0.47500000000000014,0.325,0.5750000000000002,0.2592592592592591,0.2037037037037036,0.3240740740740738,0.7750000000000004,0.8750000000000004,0.7500000000000003,0.7250000000000003,0.9074074074074087,0.8888888888888901,0.8888888888888901
0.5878099173553725,2.392578125,2.734375,0.325,0.47500000000000014,0.325,0.6000000000000002,0.2592592592592591,0.2037037037037036,0.3240740740740738,0.7750000000000004,0.8750000000000004,0.7500000000000003,0.7250000000000003,0.9074074074074087,0.8888888888888901,0.8888888888888901
0.5888429752066122,2.396484375,2.736328125,0.325,0.47500000000000014,0.325,0.6000000000000002,0.2592592592592591,0.21296296296296285,0.3240740740740738,0.7750000000000004,0.8750000000000004,0.7500000000000003,0.7250000000000003,0.9074074074074087,0.8888888888888901,0.8888888888888901
0.5898760330578519,2.400390625,2.740234375,0.325,0.47500000000000014,0.325,0.6000000000000002,0.2592592592592591,0.21296296296296285,0.3240740740740738,0.7750000000000004,0.8750000000000004,0.7500000000000003,0.7250000000000003,0.916666666666668,0.8888888888888901,0.8888888888888901
0.5909090909090915,2.404296875,2.744140625,0.325,0.47500000000000014,0.325,0.6000000000000002,0.2592592592592591,0.21296296296296285,0.3240740740740738,0.7750000000000004,0.8750000000000004,0.7500000000000003,0.7250000000000003,0.9259259259259273,0.8888888888888901,0.8888888888888901
0.5919421487603311,2.408203125,2.748046875,0.325,0.47500000000000014,0.325,0.6000000000000002,0.2592592592592591,0.21296296296296285,0.3240740740740738,0.7750000000000004,0.8750000000000004,0.7500000000000003,0.7250000000000003,0.9259259259259273,0.8981481481481494,0.8888888888888901
0.5929752066115708,2.412109375,2.75,0.325,0.47500000000000014,0.325,0.6000000000000002,0.2592592592592591,0.2222222222222221,0.3240740740740738,0.7750000000000004,0.8750000000000004,0.7500000000000003,0.7250000000000003,0.9259259259259273,0.8981481481481494,0.8888888888888901
0.5940082644628105,2.416015625,2.75390625,0.325,0.47500000000000014,0.325,0.6000000000000002,0.2592592592592591,0.2222222222222221,0.3240740740740738,0.8000000000000004,0.8750000000000004,0.7500000000000003,0.7250000000000003,0.9259259259259273,0.8981481481481494,0.8888888888888901
0.5950413223140502,2.419921875,2.755859375,0.325,0.47500000000000014,0.325,0.6000000000000002,0.2592592592592591,0.2222222222222221,0.3240740740740738,0.8000000000000004,0.8750000000000004,0.7500000000000003,0.7250000000000003,0.9259259259259273,0.9074074074074087,0.8888888888888901
0.5960743801652898,2.423828125,2.759765625,0.325,0.47500000000000014,0.325,0.6000000000000002,0.2592592592592591,0.2222222222222221,0.33333333333333304,0.8000000000000004,0.8750000000000004,0.7500000000000003,0.7250000000000003,0.9259259259259273,0.9074074074074087,0.8888888888888901
0.5971074380165294,2.427734375,2.76171875,0.325,0.47500000000000014,0.325,0.6000000000000002,0.2592592592592591,0.2222222222222221,0.33333333333333304,0.8000000000000004,0.8750000000000004,0.7500000000000003,0.7250000000000003,0.9259259259259273,0.916666666666668,0.8888888888888901
0.5981404958677692,2.431640625,2.765625,0.325,0.47500000000000014,0.325,0.6000000000000002,0.2592592592592591,0.2222222222222221,0.33333333333333304,0.8000000000000004,0.8750000000000004,0.7750000000000004,0.7250000000000003,0.9259259259259273,0.916666666666668,0.8888888888888901
0.5991735537190088,2.435546875,2.76953125,0.325,0.47500000000000014,0.325,0.6000000000000002,0.2592592592592591,0.2222222222222221,0.33333333333333304,0.8000000000000004,0.8750000000000004,0.7750000000000004,0.7500000000000003,0.9259259259259273,0.916666666666668,0.8888888888888901
0.6002066115702485,2.439453125,2.771484375,0.325,0.47500000000000014,0.325,0.6000000000000002,0.2592592592592591,0.2222222222222221,0.33333333333333304,0.8000000000000004,0.8750000000000004,0.7750000000000004,0.7500000000000003,0.9259259259259273,0.9259259259259273,0.8888888888888901
