Effective Sparsity,Activation Error,Baseline Error,q0,k0,v0,o0,gate0,up0,down0,q1,k1,v1,o1,gate1,up1,down1
0.0009615384615384615,0.004581451416015625,0.0238494873046875,0.0,0.0,0.0,0.0,0.0,0.0,0.0,0.0,0.0,0.0,0.0,0.0,0.007142857142857143,0.0
0.001923076923076923,0.006954193115234375,0.0238494873046875,0.0,0.0,0.0,0.0,0.0,0.0,0.0,0.0,0.0,0.0,0.0,0.0,0.007142857142857143,0.007142857142857143
0.0028846153846153843,0.0090179443359375,0.0238494873046875,0.0,0.0,0.0,0.0,0.0,0.0,0.0,0.0,0.0,0.0,0.0,0.007142857142857143,0.007142857142857143,0.007142857142857143
0.003846153846153846,0.01154327392578125,0.0238494873046875,0.0,0.0,0.0,0.0,0.0,0.007142857142857143,0.0,0.0,0.0,0.0,0.0,0.007142857142857143,0.007142857142857143,0.007142857142857143
0.004807692307692307,0.01387786865234375,0.0238494873046875,0.0,0.0,0.0,0.0,0.0,0.007142857142857143,0.007142857142857143,0.0,0.0,0.0,0.0,0.007142857142857143,0.007142857142857143,0.007142857142857143
0.005769230769230769,0.0171356201171875,0.0238494873046875,0.0,0.0,0.0,0.0,0.007142857142857143,0.007142857142857143,0.007142857142857143,0.0,0.0,0.0,0.0,0.007142857142857143,0.007142857142857143,0.007142857142857143
0.00673076923076923,0.03594970703125,0.0238494873046875,0.0,0.0,0.0,0.0,0.007142857142857143,0.007142857142857143,0.007142857142857143,0.025,0.0,0.0,0.0,0.007142857142857143,0.007142857142857143,0.007142857142857143
0.007692307692307692,0.052459716796875,0.0238494873046875,0.0,0.0,0.0,0.0,0.007142857142857143,0.007142857142857143,0.007142857142857143,0.05,0.0,0.0,0.0,0.007142857142857143,0.007142857142857143,0.007142857142857143
0.008653846153846154,0.067626953125,0.0238494873046875,0.0,0.0,0.0,0.0,0.007142857142857143,0.007142857142857143,0.007142857142857143,0.07500000000000001,0.0,0.0,0.0,0.007142857142857143,0.007142857142857143,0.007142857142857143
0.009615384615384614,0.0821533203125,0.0238494873046875,0.0,0.0,0.0,0.0,0.007142857142857143,0.007142857142857143,0.007142857142857143,0.1,0.0,0.0,0.0,0.007142857142857143,0.007142857142857143,0.007142857142857143
0.010576923076923076,0.09466552734375,0.2052001953125,0.0,0.0,0.0,0.0,0.007142857142857143,0.007142857142857143,0.007142857142857143,0.1,0.0,0.0,0.0,0.007142857142857143,0.007142857142857143,0.014285714285714285
0.011538461538461537,0.10406494140625,0.21728515625,0.0,0.0,0.0,0.0,0.007142857142857143,0.007142857142857143,0.007142857142857143,0.1,0.0,0.0,0.0,0.007142857142857143,0.007142857142857143,0.02142857142857143
0.012499999999999999,0.11407470703125,0.2288818359375,0.0,0.0,0.0,0.0,0.007142857142857143,0.007142857142857143,0.007142857142857143,0.1,0.0,0.0,0.0,0.007142857142857143,0.007142857142857143,0.02857142857142857
0.01346153846153846,0.124755859375,0.240966796875,0.0,0.0,0.0,0.0,0.007142857142857143,0.007142857142857143,0.007142857142857143,0.1,0.0,0.0,0.0,0.007142857142857143,0.007142857142857143,0.03571428571428571
0.014423076923076924,0.1346435546875,0.25341796875,0.0,0.0,0.0,0.0,0.007142857142857143,0.007142857142857143,0.007142857142857143,0.125,0.0,0.0,0.0,0.007142857142857143,0.007142857142857143,0.03571428571428571
0.015384615384615384,0.1448974609375,0.264892578125,0.0,0.0,0.0,0.0,0.007142857142857143,0.007142857142857143,0.007142857142857143,0.15,0.0,0.0,0.0,0.007142857142857143,0.007142857142857143,0.03571428571428571
0.016346153846153844,0.1546630859375,0.274658203125,0.0,0.0,0.0,0.0,0.007142857142857143,0.007142857142857143,0.007142857142857143,0.15,0.0,0.0,0.0,0.007142857142857143,0.007142857142857143,0.04285714285714286
0.017307692307692305,0.1646728515625,0.285400390625,0.0,0.0,0.0,0.0,0.007142857142857143,0.007142857142857143,0.007142857142857143,0.15,0.0,0.0,0.025,0.007142857142857143,0.007142857142857143,0.04285714285714286
0.018269230769230767,0.1741943359375,0.296142578125,0.0,0.0,0.0,0.0,0.007142857142857143,0.007142857142857143,0.007142857142857143,0.15,0.0,0.0,0.025,0.007142857142857143,0.007142857142857143,0.05
0.019230769230769235,0.183349609375,0.306640625,0.0,0.0,0.0,0.0,0.007142857142857143,0.007142857142857143,0.007142857142857143,0.175,0.0,0.0,0.025,0.007142857142857143,0.007142857142857143,0.05
0.020192307692307693,0.1927490234375,0.318115234375,0.0,0.0,0.0,0.0,0.007142857142857143,0.007142857142857143,0.007142857142857143,0.175,0.0,0.0,0.025,0.007142857142857143,0.014285714285714285,0.05
0.021153846153846155,0.1990966796875,0.327880859375,0.0,0.0,0.0,0.0,0.007142857142857143,0.007142857142857143,0.007142857142857143,0.175,0.0,0.0,0.025,0.007142857142857143,0.02142857142857143,0.05
0.022115384615384617,0.2060546875,0.336669921875,0.0,0.0,0.0,0.0,0.007142857142857143,0.007142857142857143,0.007142857142857143,0.175,0.0,0.0,0.025,0.007142857142857143,0.02857142857142857,0.05
0.02307692307692308,0.2135009765625,0.3466796875,0.0,0.0,0.0,0.0,0.007142857142857143,0.007142857142857143,0.007142857142857143,0.175,0.0,0.0,0.025,0.007142857142857143,0.03571428571428571,0.05
0.024038461538461543,0.22119140625,0.356689453125,0.0,0.0,0.0,0.0,0.007142857142857143,0.007142857142857143,0.007142857142857143,0.175,0.0,0.0,0.025,0.007142857142857143,0.04285714285714286,0.05
0.025,0.2291259765625,0.3662109375,0.0,0.0,0.0,0.0,0.007142857142857143,0.007142857142857143,0.007142857142857143,0.19999999999999998,0.0,0.0,0.025,0.007142857142857143,0.04285714285714286,0.05
0.025961538461538463,0.2366943359375,0.37548828125,0.0,0.0,0.0,0.0,0.007142857142857143,0.007142857142857143,0.007142857142857143,0.19999999999999998,0.0,0.0,0.025,0.007142857142857143,0.05,0.05
0.02692307692307692,0.2442626953125,0.384765625,0.0,0.0,0.0,0.0,0.007142857142857143,0.007142857142857143,0.007142857142857143,0.19999999999999998,0.0,0.0,0.025,0.007142857142857143,0.05,0.05714285714285715
0.02788461538461539,0.251953125,0.39404296875,0.0,0.0,0.0,0.0,0.007142857142857143,0.007142857142857143,0.007142857142857143,0.22499999999999998,0.0,0.0,0.025,0.007142857142857143,0.05,0.05714285714285715
0.028846153846153848,0.259521484375,0.404052734375,0.0,0.0,0.0,0.0,0.007142857142857143,0.007142857142857143,0.007142857142857143,0.22499999999999998,0.0,0.0,0.025,0.007142857142857143,0.05714285714285715,0.05714285714285715
0.029807692307692313,0.266845703125,0.412841796875,0.0,0.0,0.0,0.0,0.007142857142857143,0.007142857142857143,0.007142857142857143,0.22499999999999998,0.0,0.0,0.025,0.007142857142857143,0.0642857142857143,0.05714285714285715
0.03076923076923077,0.274169921875,0.421875,0.0,0.0,0.0,0.0,0.007142857142857143,0.007142857142857143,0.007142857142857143,0.22499999999999998,0.0,0.0,0.025,0.007142857142857143,0.0642857142857143,0.0642857142857143
0.031730769230769236,0.28173828125,0.431396484375,0.0,0.0,0.0,0.0,0.007142857142857143,0.007142857142857143,0.007142857142857143,0.22499999999999998,0.0,0.0,0.025,0.007142857142857143,0.07142857142857144,0.0642857142857143
0.032692307692307694,0.289306640625,0.439453125,0.0,0.0,0.0,0.0,0.007142857142857143,0.007142857142857143,0.007142857142857143,0.22499999999999998,0.0,0.0,0.025,0.007142857142857143,0.07142857142857144,0.07142857142857144
0.03365384615384615,0.296875,0.44873046875,0.0,0.0,0.0,0.0,0.007142857142857143,0.007142857142857143,0.007142857142857143,0.24999999999999997,0.0,0.0,0.025,0.007142857142857143,0.07142857142857144,0.07142857142857144
0.03461538461538462,0.304443359375,0.45703125,0.0,0.0,0.0,0.0,0.007142857142857143,0.007142857142857143,0.007142857142857143,0.24999999999999997,0.0,0.0,0.025,0.007142857142857143,0.07857142857142858,0.07142857142857144
0.035576923076923075,0.311767578125,0.46630859375,0.0,0.0,0.0,0.0,0.007142857142857143,0.007142857142857143,0.007142857142857143,0.24999999999999997,0.0,0.0,0.025,0.007142857142857143,0.08571428571428573,0.07142857142857144
0.03653846153846154,0.319091796875,0.474609375,0.0,0.0,0.0,0.0,0.007142857142857143,0.007142857142857143,0.007142857142857143,0.24999999999999997,0.0,0.0,0.025,0.007142857142857143,0.08571428571428573,0.07857142857142858
0.037500000000000006,0.326416015625,0.4833984375,0.0,0.0,0.0,0.0,0.007142857142857143,0.007142857142857143,0.007142857142857143,0.27499999999999997,0.0,0.0,0.025,0.007142857142857143,0.08571428571428573,0.07857142857142858
0.038461538461538464,0.333740234375,0.49169921875,0.0,0.0,0.0,0.0,0.007142857142857143,0.007142857142857143,0.007142857142857143,0.27499999999999997,0.0,0.0,0.025,0.007142857142857143,0.09285714285714287,0.07857142857142858
0.03942307692307692,0.341064453125,0.50048828125,0.0,0.0,0.0,0.0,0.007142857142857143,0.007142857142857143,0.007142857142857143,0.27499999999999997,0.0,0.0,0.05,0.007142857142857143,0.09285714285714287,0.07857142857142858
0.040384615384615394,0.348388671875,0.50830078125,0.0,0.0,0.0,0.0,0.007142857142857143,0.007142857142857143,0.007142857142857143,0.27499999999999997,0.0,0.0,0.05,0.007142857142857143,0.10000000000000002,0.07857142857142858
0.04134615384615385,0.355224609375,0.51611328125,0.0,0.0,0.0,0.0,0.007142857142857143,0.007142857142857143,0.007142857142857143,0.27499999999999997,0.0,0.0,0.05,0.007142857142857143,0.10714285714285716,0.07857142857142858
0.04230769230769231,0.362548828125,0.52490234375,0.0,0.0,0.0,0.0,0.007142857142857143,0.007142857142857143,0.007142857142857143,0.3,0.0,0.0,0.05,0.007142857142857143,0.10714285714285716,0.07857142857142858
0.04326923076923077,0.36962890625,0.53271484375,0.0,0.0,0.0,0.0,0.007142857142857143,0.007142857142857143,0.007142857142857143,0.3,0.0,0.0,0.05,0.007142857142857143,0.11428571428571431,0.07857142857142858
0.04423076923076923,0.37646484375,0.541015625,0.0,0.0,0.0,0.0,0.007142857142857143,0.007142857142857143,0.007142857142857143,0.3,0.0,0.0,0.05,0.007142857142857143,0.11428571428571431,0.08571428571428573
0.045192307692307705,0.383544921875,0.5498046875,0.0,0.0,0.0,0.0,0.007142857142857143,0.007142857142857143,0.007142857142857143,0.3,0.0,0.0,0.05,0.007142857142857143,0.12142857142857146,0.08571428571428573
0.04615384615384616,0.390625,0.55859375,0.0,0.0,0.0,0.0,0.007142857142857143,0.007142857142857143,0.007142857142857143,0.325,0.0,0.0,0.05,0.007142857142857143,0.12142857142857146,0.08571428571428573
0.04711538461538462,0.3974609375,0.56640625,0.0,0.0,0.0,0.0,0.007142857142857143,0.007142857142857143,0.007142857142857143,0.325,0.0,0.0,0.05,0.007142857142857143,0.12142857142857146,0.09285714285714287
0.04807692307692308,0.40478515625,0.57421875,0.0,0.0,0.0,0.0,0.007142857142857143,0.007142857142857143,0.007142857142857143,0.325,0.0,0.0,0.05,0.007142857142857143,0.1285714285714286,0.09285714285714287
0.04903846153846155,0.411865234375,0.58251953125,0.0,0.0,0.0,0.0,0.007142857142857143,0.007142857142857143,0.007142857142857143,0.325,0.0,0.0,0.05,0.007142857142857143,0.13571428571428573,0.09285714285714287
0.05000000000000001,0.418701171875,0.59033203125,0.0,0.0,0.0,0.0,0.007142857142857143,0.007142857142857143,0.007142857142857143,0.325,0.0,0.0,0.05,0.007142857142857143,0.13571428571428573,0.10000000000000002
0.05096153846153847,0.42578125,0.5986328125,0.0,0.0,0.0,0.0,0.007142857142857143,0.007142857142857143,0.007142857142857143,0.35000000000000003,0.0,0.0,0.05,0.007142857142857143,0.13571428571428573,0.10000000000000002
0.051923076923076926,0.432861328125,0.6064453125,0.0,0.0,0.0,0.0,0.007142857142857143,0.007142857142857143,0.007142857142857143,0.35000000000000003,0.0,0.0,0.07500000000000001,0.007142857142857143,0.13571428571428573,0.10000000000000002
0.05288461538461539,0.439697265625,0.61376953125,0.0,0.0,0.0,0.0,0.007142857142857143,0.007142857142857143,0.007142857142857143,0.35000000000000003,0.0,0.0,0.07500000000000001,0.007142857142857143,0.14285714285714288,0.10000000000000002
0.05384615384615385,0.446533203125,0.62255859375,0.0,0.0,0.0,0.0,0.007142857142857143,0.007142857142857143,0.007142857142857143,0.35000000000000003,0.0,0.0,0.07500000000000001,0.007142857142857143,0.14285714285714288,0.10714285714285716
0.05480769230769232,0.453369140625,0.63134765625,0.025,0.0,0.0,0.0,0.007142857142857143,0.007142857142857143,0.007142857142857143,0.35000000000000003,0.0,0.0,0.07500000000000001,0.007142857142857143,0.14285714285714288,0.10714285714285716
0.05576923076923078,0.4599609375,0.63818359375,0.025,0.0,0.0,0.0,0.007142857142857143,0.007142857142857143,0.007142857142857143,0.35000000000000003,0.1,0.0,0.07500000000000001,0.007142857142857143,0.14285714285714288,0.10714285714285716
0.05673076923076924,0.466552734375,0.646484375,0.025,0.0,0.0,0.0,0.007142857142857143,0.007142857142857143,0.007142857142857143,0.35000000000000003,0.1,0.0,0.07500000000000001,0.007142857142857143,0.15000000000000002,0.10714285714285716
0.0576923076923077,0.473388671875,0.65380859375,0.025,0.0,0.0,0.0,0.007142857142857143,0.007142857142857143,0.007142857142857143,0.35000000000000003,0.1,0.0,0.07500000000000001,0.014285714285714285,0.15000000000000002,0.10714285714285716
0.05865384615384616,0.47802734375,0.662109375,0.025,0.0,0.0,0.0,0.007142857142857143,0.007142857142857143,0.007142857142857143,0.35000000000000003,0.1,0.0,0.07500000000000001,0.02142857142857143,0.15000000000000002,0.10714285714285716
0.059615384615384626,0.4833984375,0.6689453125,0.025,0.0,0.0,0.0,0.007142857142857143,0.007142857142857143,0.007142857142857143,0.35000000000000003,0.1,0.0,0.07500000000000001,0.02857142857142857,0.15000000000000002,0.10714285714285716
0.060576923076923084,0.489013671875,0.6767578125,0.025,0.0,0.0,0.0,0.007142857142857143,0.007142857142857143,0.007142857142857143,0.35000000000000003,0.1,0.0,0.07500000000000001,0.03571428571428571,0.15000000000000002,0.10714285714285716
0.06153846153846154,0.494873046875,0.6845703125,0.025,0.0,0.0,0.0,0.007142857142857143,0.007142857142857143,0.007142857142857143,0.35000000000000003,0.1,0.0,0.07500000000000001,0.04285714285714286,0.15000000000000002,0.10714285714285716
0.06250000000000001,0.5009765625,0.69189453125,0.025,0.0,0.0,0.0,0.007142857142857143,0.007142857142857143,0.007142857142857143,0.35000000000000003,0.1,0.0,0.07500000000000001,0.05,0.15000000000000002,0.10714285714285716
0.06346153846153847,0.5078125,0.7001953125,0.025,0.0,0.0,0.0,0.007142857142857143,0.007142857142857143,0.014285714285714285,0.35000000000000003,0.1,0.0,0.07500000000000001,0.05,0.15000000000000002,0.10714285714285716
0.06442307692307693,0.51318359375,0.70751953125,0.025,0.0,0.0,0.0,0.007142857142857143,0.007142857142857143,0.02142857142857143,0.35000000000000003,0.1,0.0,0.07500000000000001,0.05,0.15000000000000002,0.10714285714285716
0.06538461538461539,0.51953125,0.71533203125,0.025,0.0,0.0,0.0,0.007142857142857143,0.007142857142857143,0.02857142857142857,0.35000000000000003,0.1,0.0,0.07500000000000001,0.05,0.15000000000000002,0.10714285714285716
0.06634615384615386,0.52587890625,0.7236328125,0.025,0.0,0.0,0.025,0.007142857142857143,0.007142857142857143,0.02857142857142857,0.35000000000000003,0.1,0.0,0.07500000000000001,0.05,0.15000000000000002,0.10714285714285716
0.06730769230769232,0.5322265625,0.7314453125,0.025,0.0,0.0,0.025,0.007142857142857143,0.007142857142857143,0.02857142857142857,0.35000000000000003,0.1,0.0,0.1,0.05,0.15000000000000002,0.10714285714285716
0.06826923076923078,0.53857421875,0.7392578125,0.025,0.0,0.0,0.025,0.007142857142857143,0.007142857142857143,0.02857142857142857,0.35000000000000003,0.1,0.0,0.1,0.05714285714285715,0.15000000000000002,0.10714285714285716
0.06923076923076923,0.544921875,0.74658203125,0.025,0.0,0.0,0.025,0.007142857142857143,0.007142857142857143,0.02857142857142857,0.37500000000000006,0.1,0.0,0.1,0.05714285714285715,0.15000000000000002,0.10714285714285716
0.07019230769230769,0.55078125,0.75341796875,0.025,0.0,0.0,0.025,0.007142857142857143,0.007142857142857143,0.02857142857142857,0.37500000000000006,0.1,0.0,0.1,0.05714285714285715,0.15714285714285717,0.10714285714285716
0.07115384615384615,0.556640625,0.76220703125,0.025,0.0,0.0,0.025,0.007142857142857143,0.007142857142857143,0.02857142857142857,0.37500000000000006,0.1,0.0,0.1,0.05714285714285715,0.1642857142857143,0.10714285714285716
0.07211538461538462,0.5625,0.7705078125,0.025,0.0,0.0,0.025,0.007142857142857143,0.007142857142857143,0.02857142857142857,0.37500000000000006,0.1,0.0,0.1,0.05714285714285715,0.1642857142857143,0.11428571428571431
0.07307692307692308,0.56884765625,0.77783203125,0.025,0.0,0.0,0.025,0.007142857142857143,0.007142857142857143,0.02857142857142857,0.37500000000000006,0.1,0.0,0.1,0.0642857142857143,0.1642857142857143,0.11428571428571431
0.07403846153846155,0.57470703125,0.78564453125,0.025,0.0,0.0,0.025,0.007142857142857143,0.007142857142857143,0.02857142857142857,0.37500000000000006,0.1,0.0,0.1,0.0642857142857143,0.17142857142857146,0.11428571428571431
0.07500000000000001,0.58056640625,0.7919921875,0.025,0.0,0.0,0.025,0.007142857142857143,0.007142857142857143,0.02857142857142857,0.37500000000000006,0.1,0.0,0.1,0.0642857142857143,0.1785714285714286,0.11428571428571431
0.07596153846153847,0.5869140625,0.79931640625,0.025,0.0,0.0,0.025,0.007142857142857143,0.007142857142857143,0.03571428571428571,0.37500000000000006,0.1,0.0,0.1,0.0642857142857143,0.1785714285714286,0.11428571428571431
0.07692307692307694,0.5927734375,0.80712890625,0.025,0.0,0.0,0.025,0.007142857142857143,0.007142857142857143,0.03571428571428571,0.37500000000000006,0.1,0.0,0.1,0.0642857142857143,0.18571428571428575,0.11428571428571431
0.0778846153846154,0.59912109375,0.81396484375,0.025,0.0,0.0,0.025,0.007142857142857143,0.007142857142857143,0.03571428571428571,0.4000000000000001,0.1,0.0,0.1,0.0642857142857143,0.18571428571428575,0.11428571428571431
0.07884615384615386,0.60498046875,0.8203125,0.025,0.0,0.0,0.025,0.007142857142857143,0.007142857142857143,0.03571428571428571,0.4000000000000001,0.1,0.0,0.1,0.07142857142857144,0.18571428571428575,0.11428571428571431
0.07980769230769232,0.61083984375,0.828125,0.025,0.0,0.0,0.025,0.007142857142857143,0.007142857142857143,0.03571428571428571,0.4000000000000001,0.1,0.0,0.1,0.07142857142857144,0.18571428571428575,0.12142857142857146
0.08076923076923079,0.6171875,0.83447265625,0.025,0.0,0.0,0.025,0.007142857142857143,0.007142857142857143,0.03571428571428571,0.4000000000000001,0.1,0.0,0.125,0.07142857142857144,0.18571428571428575,0.12142857142857146
0.08173076923076925,0.623046875,0.841796875,0.025,0.0,0.0,0.025,0.007142857142857143,0.007142857142857143,0.03571428571428571,0.4000000000000001,0.1,0.0,0.125,0.07857142857142858,0.18571428571428575,0.12142857142857146
0.0826923076923077,0.62939453125,0.8486328125,0.025,0.0,0.0,0.025,0.007142857142857143,0.007142857142857143,0.03571428571428571,0.4000000000000001,0.1,0.0,0.125,0.08571428571428573,0.18571428571428575,0.12142857142857146
0.08365384615384616,0.63525390625,0.85693359375,0.025,0.0,0.0,0.025,0.007142857142857143,0.007142857142857143,0.03571428571428571,0.4000000000000001,0.1,0.0,0.125,0.08571428571428573,0.18571428571428575,0.1285714285714286
0.08461538461538462,0.6416015625,0.86328125,0.025,0.0,0.0,0.025,0.007142857142857143,0.007142857142857143,0.03571428571428571,0.4250000000000001,0.1,0.0,0.125,0.08571428571428573,0.18571428571428575,0.1285714285714286
0.08557692307692309,0.6474609375,0.8701171875,0.025,0.0,0.0,0.025,0.007142857142857143,0.007142857142857143,0.03571428571428571,0.4250000000000001,0.1,0.0,0.125,0.08571428571428573,0.1928571428571429,0.1285714285714286
0.08653846153846155,0.6533203125,0.8798828125,0.025,0.0,0.0,0.025,0.007142857142857143,0.007142857142857143,0.03571428571428571,0.4250000000000001,0.1,0.0,0.125,0.08571428571428573,0.20000000000000004,0.1285714285714286
0.08750000000000001,0.6591796875,0.88623046875,0.025,0.0,0.0,0.025,0.007142857142857143,0.007142857142857143,0.03571428571428571,0.4250000000000001,0.1,0.0,0.15,0.08571428571428573,0.20000000000000004,0.1285714285714286
0.0884615384615385,0.6650390625,0.89404296875,0.025,0.0,0.0,0.025,0.007142857142857143,0.007142857142857143,0.03571428571428571,0.4250000000000001,0.1,0.0,0.15,0.09285714285714287,0.20000000000000004,0.1285714285714286
0.08942307692307695,0.6708984375,0.900390625,0.025,0.0,0.0,0.025,0.007142857142857143,0.007142857142857143,0.03571428571428571,0.4250000000000001,0.1,0.0,0.15,0.09285714285714287,0.20714285714285718,0.1285714285714286
0.09038461538461541,0.6767578125,0.90966796875,0.025,0.0,0.0,0.025,0.007142857142857143,0.007142857142857143,0.03571428571428571,0.4250000000000001,0.1,0.0,0.15,0.09285714285714287,0.21428571428571433,0.1285714285714286
0.09134615384615387,0.68310546875,0.916015625,0.025,0.0,0.0,0.025,0.007142857142857143,0.007142857142857143,0.04285714285714286,0.4250000000000001,0.1,0.0,0.15,0.09285714285714287,0.21428571428571433,0.1285714285714286
0.09230769230769233,0.689453125,0.9228515625,0.025,0.0,0.0,0.025,0.007142857142857143,0.007142857142857143,0.04285714285714286,0.4500000000000001,0.1,0.0,0.15,0.09285714285714287,0.21428571428571433,0.1285714285714286
0.09326923076923078,0.6953125,0.93115234375,0.025,0.0,0.0,0.025,0.007142857142857143,0.007142857142857143,0.04285714285714286,0.4500000000000001,0.1,0.0,0.15,0.09285714285714287,0.22142857142857147,0.1285714285714286
0.09423076923076926,0.701171875,0.93798828125,0.025,0.0,0.0,0.025,0.007142857142857143,0.007142857142857143,0.04285714285714286,0.4500000000000001,0.1,0.0,0.15,0.09285714285714287,0.22857142857142862,0.1285714285714286
0.09519230769230771,0.70703125,0.9453125,0.025,0.0,0.0,0.025,0.007142857142857143,0.007142857142857143,0.04285714285714286,0.4500000000000001,0.1,0.0,0.15,0.09285714285714287,0.22857142857142862,0.13571428571428573
0.09615384615384617,0.71337890625,0.95263671875,0.025,0.0,0.0,0.025,0.007142857142857143,0.007142857142857143,0.04285714285714286,0.47500000000000014,0.1,0.0,0.15,0.09285714285714287,0.22857142857142862,0.13571428571428573
0.09711538461538463,0.7197265625,0.95947265625,0.025,0.0,0.0,0.025,0.007142857142857143,0.007142857142857143,0.04285714285714286,0.47500000000000014,0.1,0.0,0.175,0.09285714285714287,0.22857142857142862,0.13571428571428573
0.09807692307692309,0.7255859375,0.9677734375,0.025,0.0,0.0,0.025,0.007142857142857143,0.007142857142857143,0.04285714285714286,0.47500000000000014,0.1,0.0,0.175,0.10000000000000002,0.22857142857142862,0.13571428571428573
0.09903846153846155,0.7314453125,0.97412109375,0.025,0.0,0.0,0.025,0.007142857142857143,0.007142857142857143,0.04285714285714286,0.47500000000000014,0.1,0.0,0.175,0.10714285714285716,0.22857142857142862,0.13571428571428573
0.10000000000000002,0.7373046875,0.9814453125,0.025,0.0,0.0,0.025,0.007142857142857143,0.007142857142857143,0.04285714285714286,0.47500000000000014,0.1,0.0,0.175,0.11428571428571431,0.22857142857142862,0.13571428571428573
0.10096153846153848,0.7431640625,0.98876953125,0.025,0.0,0.0,0.025,0.007142857142857143,0.007142857142857143,0.04285714285714286,0.47500000000000014,0.1,0.0,0.175,0.11428571428571431,0.23571428571428577,0.13571428571428573
0.10192307692307694,0.7490234375,0.99560546875,0.025,0.0,0.0,0.025,0.007142857142857143,0.007142857142857143,0.04285714285714286,0.47500000000000014,0.1,0.0,0.175,0.12142857142857146,0.23571428571428577,0.13571428571428573
0.1028846153846154,0.7548828125,1.0029296875,0.025,0.0,0.0,0.025,0.007142857142857143,0.007142857142857143,0.04285714285714286,0.47500000000000014,0.1,0.0,0.175,0.12142857142857146,0.2428571428571429,0.13571428571428573
0.10384615384615387,0.7607421875,1.009765625,0.025,0.0,0.0,0.025,0.007142857142857143,0.007142857142857143,0.04285714285714286,0.47500000000000014,0.1,0.0,0.175,0.12142857142857146,0.25000000000000006,0.13571428571428573
0.10480769230769232,0.76611328125,1.0166015625,0.025,0.0,0.0,0.025,0.007142857142857143,0.007142857142857143,0.04285714285714286,0.47500000000000014,0.1,0.0,0.175,0.12142857142857146,0.25000000000000006,0.14285714285714288
0.10576923076923081,0.77197265625,1.0234375,0.025,0.0,0.0,0.025,0.007142857142857143,0.007142857142857143,0.04285714285714286,0.47500000000000014,0.1,0.0,0.175,0.12142857142857146,0.25000000000000006,0.15000000000000002
0.10673076923076924,0.7783203125,1.0302734375,0.025,0.0,0.0,0.025,0.007142857142857143,0.007142857142857143,0.04285714285714286,0.5000000000000001,0.1,0.0,0.175,0.12142857142857146,0.25000000000000006,0.15000000000000002
0.10769230769230773,0.7841796875,1.037109375,0.025,0.0,0.0,0.025,0.007142857142857143,0.007142857142857143,0.04285714285714286,0.5000000000000001,0.1,0.0,0.19999999999999998,0.12142857142857146,0.25000000000000006,0.15000000000000002
0.1086538461538462,0.7900390625,1.044921875,0.025,0.0,0.0,0.025,0.007142857142857143,0.007142857142857143,0.04285714285714286,0.5000000000000001,0.1,0.0,0.19999999999999998,0.1285714285714286,0.25000000000000006,0.15000000000000002
0.10961538461538464,0.7958984375,1.0517578125,0.025,0.0,0.0,0.025,0.007142857142857143,0.007142857142857143,0.04285714285714286,0.5000000000000001,0.1,0.0,0.19999999999999998,0.1285714285714286,0.2571428571428572,0.15000000000000002
0.11057692307692307,0.8017578125,1.0595703125,0.025,0.0,0.0,0.025,0.007142857142857143,0.007142857142857143,0.04285714285714286,0.5000000000000001,0.1,0.0,0.19999999999999998,0.1285714285714286,0.2571428571428572,0.15714285714285717
0.11153846153846156,0.80810546875,1.06640625,0.025,0.0,0.0,0.05,0.007142857142857143,0.007142857142857143,0.04285714285714286,0.5000000000000001,0.1,0.0,0.19999999999999998,0.1285714285714286,0.2571428571428572,0.15714285714285717
0.11249999999999999,0.81396484375,1.0712890625,0.025,0.0,0.0,0.05,0.007142857142857143,0.007142857142857143,0.04285714285714286,0.5000000000000001,0.1,0.0,0.22499999999999998,0.1285714285714286,0.2571428571428572,0.15714285714285717
0.11346153846153847,0.8203125,1.0791015625,0.05,0.0,0.0,0.05,0.007142857142857143,0.007142857142857143,0.04285714285714286,0.5000000000000001,0.1,0.0,0.22499999999999998,0.1285714285714286,0.2571428571428572,0.15714285714285717
0.11442307692307695,0.826171875,1.0859375,0.05,0.0,0.0,0.05,0.007142857142857143,0.007142857142857143,0.04285714285714286,0.5000000000000001,0.1,0.0,0.22499999999999998,0.13571428571428573,0.2571428571428572,0.15714285714285717
0.11538461538461539,0.83203125,1.0927734375,0.05,0.0,0.0,0.05,0.007142857142857143,0.007142857142857143,0.04285714285714286,0.5000000000000001,0.1,0.0,0.22499999999999998,0.14285714285714288,0.2571428571428572,0.15714285714285717
0.11634615384615386,0.837890625,1.0986328125,0.05,0.0,0.0,0.05,0.007142857142857143,0.007142857142857143,0.05,0.5000000000000001,0.1,0.0,0.22499999999999998,0.14285714285714288,0.2571428571428572,0.15714285714285717
0.11730769230769231,0.84423828125,1.1064453125,0.05,0.0,0.0,0.05,0.007142857142857143,0.007142857142857143,0.05,0.5000000000000001,0.1,0.0,0.24999999999999997,0.14285714285714288,0.2571428571428572,0.15714285714285717
0.11826923076923078,0.85009765625,1.11328125,0.05,0.0,0.0,0.05,0.007142857142857143,0.007142857142857143,0.05,0.5000000000000001,0.1,0.0,0.24999999999999997,0.14285714285714288,0.2642857142857143,0.15714285714285717
0.11923076923076925,0.85595703125,1.1201171875,0.05,0.0,0.0,0.05,0.007142857142857143,0.007142857142857143,0.05,0.5000000000000001,0.1,0.0,0.24999999999999997,0.15000000000000002,0.2642857142857143,0.15714285714285717
0.1201923076923077,0.86181640625,1.1279296875,0.05,0.0,0.0,0.05,0.007142857142857143,0.007142857142857143,0.05,0.5000000000000001,0.1,0.0,0.24999999999999997,0.15000000000000002,0.2714285714285714,0.15714285714285717
0.12115384615384617,0.86767578125,1.134765625,0.05,0.0,0.0,0.05,0.007142857142857143,0.007142857142857143,0.05,0.5000000000000001,0.1,0.0,0.24999999999999997,0.15000000000000002,0.2785714285714285,0.15714285714285717
0.12211538461538461,0.873046875,1.140625,0.05,0.0,0.0,0.05,0.007142857142857143,0.007142857142857143,0.05,0.5000000000000001,0.1,0.0,0.24999999999999997,0.15000000000000002,0.28571428571428564,0.15714285714285717
0.12307692307692308,0.87890625,1.1474609375,0.05,0.0,0.0,0.05,0.007142857142857143,0.007142857142857143,0.05,0.5000000000000001,0.1,0.0,0.24999999999999997,0.15000000000000002,0.29285714285714276,0.15714285714285717
0.12403846153846153,0.88427734375,1.1552734375,0.05,0.0,0.0,0.05,0.007142857142857143,0.007142857142857143,0.05,0.5000000000000001,0.1,0.0,0.24999999999999997,0.15000000000000002,0.2999999999999999,0.15714285714285717
0.125,0.89013671875,1.162109375,0.05,0.0,0.0,0.05,0.007142857142857143,0.007142857142857143,0.05,0.5000000000000001,0.1,0.0,0.24999999999999997,0.15714285714285717,0.2999999999999999,0.15714285714285717
0.12596153846153843,0.89599609375,1.16796875,0.05,0.0,0.0,0.05,0.007142857142857143,0.007142857142857143,0.05,0.5000000000000001,0.1,0.0,0.24999999999999997,0.1642857142857143,0.2999999999999999,0.15714285714285717
0.12692307692307692,0.90185546875,1.17578125,0.05,0.0,0.0,0.05,0.007142857142857143,0.007142857142857143,0.05,0.5250000000000001,0.1,0.0,0.24999999999999997,0.1642857142857143,0.2999999999999999,0.15714285714285717
0.12788461538461535,0.90771484375,1.181640625,0.05,0.0,0.0,0.05,0.007142857142857143,0.007142857142857143,0.05,0.5500000000000002,0.1,0.0,0.24999999999999997,0.1642857142857143,0.2999999999999999,0.15714285714285717
0.12884615384615383,0.9130859375,1.1904296875,0.05,0.0,0.0,0.05,0.007142857142857143,0.007142857142857143,0.05,0.5500000000000002,0.1,0.0,0.24999999999999997,0.1642857142857143,0.2999999999999999,0.1642857142857143
0.1298076923076923,0.9189453125,1.197265625,0.05,0.0,0.0,0.05,0.007142857142857143,0.007142857142857143,0.05,0.5500000000000002,0.1,0.0,0.24999999999999997,0.1642857142857143,0.2999999999999999,0.17142857142857146
0.13076923076923078,0.9248046875,1.203125,0.05,0.0,0.0,0.05,0.007142857142857143,0.007142857142857143,0.05714285714285715,0.5500000000000002,0.1,0.0,0.24999999999999997,0.1642857142857143,0.2999999999999999,0.17142857142857146
0.13173076923076923,0.93115234375,1.2099609375,0.05,0.0,0.0,0.07500000000000001,0.007142857142857143,0.007142857142857143,0.05714285714285715,0.5500000000000002,0.1,0.0,0.24999999999999997,0.1642857142857143,0.2999999999999999,0.17142857142857146
0.1326923076923077,0.9375,1.2177734375,0.05,0.0,0.0,0.07500000000000001,0.007142857142857143,0.007142857142857143,0.05714285714285715,0.5750000000000002,0.1,0.0,0.24999999999999997,0.1642857142857143,0.2999999999999999,0.17142857142857146
0.13365384615384615,0.943359375,1.224609375,0.05,0.0,0.0,0.07500000000000001,0.007142857142857143,0.007142857142857143,0.05714285714285715,0.5750000000000002,0.1,0.0,0.27499999999999997,0.1642857142857143,0.2999999999999999,0.17142857142857146
0.1346153846153846,0.94921875,1.232421875,0.05,0.0,0.0,0.07500000000000001,0.007142857142857143,0.007142857142857143,0.05714285714285715,0.5750000000000002,0.1,0.0,0.27499999999999997,0.17142857142857146,0.2999999999999999,0.17142857142857146
0.13557692307692307,0.955078125,1.2392578125,0.05,0.0,0.0,0.07500000000000001,0.007142857142857143,0.007142857142857143,0.05714285714285715,0.5750000000000002,0.1,0.0,0.27499999999999997,0.1785714285714286,0.2999999999999999,0.17142857142857146
0.13653846153846155,0.9609375,1.24609375,0.05,0.0,0.0,0.07500000000000001,0.007142857142857143,0.007142857142857143,0.05714285714285715,0.5750000000000002,0.1,0.0,0.27499999999999997,0.18571428571428575,0.2999999999999999,0.17142857142857146
0.13749999999999998,0.966796875,1.25390625,0.05,0.0,0.0,0.07500000000000001,0.007142857142857143,0.007142857142857143,0.05714285714285715,0.5750000000000002,0.1,0.0,0.27499999999999997,0.18571428571428575,0.307142857142857,0.17142857142857146
0.13846153846153847,0.97216796875,1.259765625,0.05,0.0,0.0,0.07500000000000001,0.007142857142857143,0.007142857142857143,0.05714285714285715,0.5750000000000002,0.1,0.0,0.27499999999999997,0.18571428571428575,0.3142857142857141,0.17142857142857146
0.13942307692307693,0.97802734375,1.267578125,0.05,0.0,0.0,0.07500000000000001,0.007142857142857143,0.007142857142857143,0.05714285714285715,0.5750000000000002,0.1,0.0,0.27499999999999997,0.18571428571428575,0.3142857142857141,0.1785714285714286
0.14038461538461536,0.98388671875,1.2763671875,0.05,0.0,0.0,0.07500000000000001,0.007142857142857143,0.007142857142857143,0.05714285714285715,0.5750000000000002,0.1,0.0,0.3,0.18571428571428575,0.3142857142857141,0.1785714285714286
0.14134615384615384,0.98974609375,1.2822265625,0.05,0.0,0.0,0.07500000000000001,0.007142857142857143,0.007142857142857143,0.05714285714285715,0.5750000000000002,0.1,0.0,0.3,0.18571428571428575,0.3142857142857141,0.18571428571428575
0.1423076923076923,0.99609375,1.2880859375,0.05,0.0,0.0,0.07500000000000001,0.007142857142857143,0.007142857142857143,0.0642857142857143,0.5750000000000002,0.1,0.0,0.3,0.18571428571428575,0.3142857142857141,0.18571428571428575
0.14326923076923076,1.001953125,1.2958984375,0.05,0.0,0.0,0.07500000000000001,0.007142857142857143,0.007142857142857143,0.0642857142857143,0.6000000000000002,0.1,0.0,0.3,0.18571428571428575,0.3142857142857141,0.18571428571428575
0.14423076923076922,1.0087890625,1.3037109375,0.07500000000000001,0.0,0.0,0.07500000000000001,0.007142857142857143,0.007142857142857143,0.0642857142857143,0.6000000000000002,0.1,0.0,0.3,0.18571428571428575,0.3142857142857141,0.18571428571428575
0.1451923076923077,1.0146484375,1.3095703125,0.07500000000000001,0.0,0.0,0.07500000000000001,0.007142857142857143,0.007142857142857143,0.0642857142857143,0.6000000000000002,0.1,0.0,0.3,0.1928571428571429,0.3142857142857141,0.18571428571428575
0.1461538461538462,1.0205078125,1.3154296875,0.07500000000000001,0.0,0.0,0.07500000000000001,0.007142857142857143,0.007142857142857143,0.0642857142857143,0.6000000000000002,0.1,0.0,0.3,0.20000000000000004,0.3142857142857141,0.18571428571428575
0.14711538461538462,1.0263671875,1.32421875,0.07500000000000001,0.0,0.0,0.07500000000000001,0.007142857142857143,0.007142857142857143,0.0642857142857143,0.6000000000000002,0.1,0.0,0.3,0.20714285714285718,0.3142857142857141,0.18571428571428575
0.1480769230769231,1.0322265625,1.3310546875,0.07500000000000001,0.0,0.0,0.1,0.007142857142857143,0.007142857142857143,0.0642857142857143,0.6000000000000002,0.1,0.0,0.3,0.20714285714285718,0.3142857142857141,0.18571428571428575
0.14903846153846154,1.0380859375,1.3369140625,0.07500000000000001,0.0,0.0,0.1,0.007142857142857143,0.007142857142857143,0.0642857142857143,0.6000000000000002,0.1,0.0,0.3,0.20714285714285718,0.32142857142857123,0.18571428571428575
0.15000000000000002,1.0439453125,1.345703125,0.07500000000000001,0.0,0.0,0.1,0.007142857142857143,0.007142857142857143,0.0642857142857143,0.6000000000000002,0.1,0.0,0.3,0.21428571428571433,0.32142857142857123,0.18571428571428575
0.15096153846153845,1.0498046875,1.3515625,0.07500000000000001,0.0,0.0,0.1,0.007142857142857143,0.007142857142857143,0.0642857142857143,0.6000000000000002,0.1,0.0,0.3,0.22142857142857147,0.32142857142857123,0.18571428571428575
0.15192307692307694,1.0556640625,1.357421875,0.07500000000000001,0.0,0.0,0.1,0.007142857142857143,0.007142857142857143,0.0642857142857143,0.6000000000000002,0.1,0.0,0.3,0.22142857142857147,0.32857142857142835,0.18571428571428575
0.15288461538461537,1.060546875,1.365234375,0.07500000000000001,0.0,0.0,0.1,0.007142857142857143,0.007142857142857143,0.0642857142857143,0.6000000000000002,0.1,0.0,0.3,0.22142857142857147,0.33571428571428547,0.18571428571428575
0.15384615384615385,1.06640625,1.37109375,0.07500000000000001,0.0,0.0,0.1,0.007142857142857143,0.007142857142857143,0.0642857142857143,0.6000000000000002,0.1,0.0,0.325,0.22142857142857147,0.33571428571428547,0.18571428571428575
0.15480769230769229,1.072265625,1.3779296875,0.07500000000000001,0.0,0.0,0.1,0.007142857142857143,0.007142857142857143,0.0642857142857143,0.6000000000000002,0.1,0.0,0.325,0.22142857142857147,0.3428571428571426,0.18571428571428575
0.15576923076923077,1.078125,1.3828125,0.07500000000000001,0.0,0.0,0.1,0.007142857142857143,0.007142857142857143,0.0642857142857143,0.6250000000000002,0.1,0.0,0.325,0.22142857142857147,0.3428571428571426,0.18571428571428575
0.1567307692307692,1.083984375,1.390625,0.07500000000000001,0.0,0.0,0.1,0.007142857142857143,0.007142857142857143,0.0642857142857143,0.6250000000000002,0.1,0.0,0.325,0.22142857142857147,0.3428571428571426,0.1928571428571429
0.1576923076923077,1.08984375,1.3974609375,0.07500000000000001,0.0,0.0,0.1,0.007142857142857143,0.007142857142857143,0.07142857142857144,0.6250000000000002,0.1,0.0,0.325,0.22142857142857147,0.3428571428571426,0.1928571428571429
0.15865384615384615,1.095703125,1.4052734375,0.07500000000000001,0.0,0.0,0.1,0.007142857142857143,0.007142857142857143,0.07142857142857144,0.6250000000000002,0.1,0.0,0.325,0.22142857142857147,0.3428571428571426,0.20000000000000004
0.1596153846153846,1.1015625,1.4111328125,0.07500000000000001,0.0,0.0,0.1,0.007142857142857143,0.007142857142857143,0.07142857142857144,0.6250000000000002,0.1,0.0,0.325,0.22857142857142862,0.3428571428571426,0.20000000000000004
0.16057692307692306,1.107421875,1.41796875,0.07500000000000001,0.0,0.0,0.1,0.007142857142857143,0.007142857142857143,0.07142857142857144,0.6250000000000002,0.1,0.0,0.325,0.23571428571428577,0.3428571428571426,0.20000000000000004
0.16153846153846152,1.11328125,1.42578125,0.07500000000000001,0.0,0.0,0.1,0.007142857142857143,0.007142857142857143,0.07142857142857144,0.6250000000000002,0.1,0.0,0.325,0.2428571428571429,0.3428571428571426,0.20000000000000004
0.16249999999999998,1.119140625,1.431640625,0.07500000000000001,0.0,0.0,0.1,0.007142857142857143,0.007142857142857143,0.07142857142857144,0.6250000000000002,0.1,0.0,0.325,0.25000000000000006,0.3428571428571426,0.20000000000000004
0.16346153846153844,1.125,1.4384765625,0.07500000000000001,0.0,0.0,0.1,0.007142857142857143,0.007142857142857143,0.07142857142857144,0.6250000000000002,0.1,0.0,0.325,0.25000000000000006,0.3499999999999997,0.20000000000000004
0.1644230769230769,1.1298828125,1.4443359375,0.07500000000000001,0.0,0.0,0.1,0.007142857142857143,0.007142857142857143,0.07142857142857144,0.6250000000000002,0.1,0.0,0.325,0.25000000000000006,0.3571428571428568,0.20000000000000004
0.16538461538461535,1.1357421875,1.4521484375,0.07500000000000001,0.0,0.0,0.1,0.007142857142857143,0.007142857142857143,0.07142857142857144,0.6250000000000002,0.1,0.0,0.325,0.25000000000000006,0.3571428571428568,0.20714285714285718
0.1663461538461538,1.142578125,1.4580078125,0.07500000000000001,0.0,0.0,0.125,0.007142857142857143,0.007142857142857143,0.07142857142857144,0.6250000000000002,0.1,0.0,0.325,0.25000000000000006,0.3571428571428568,0.20714285714285718
0.1673076923076923,1.1484375,1.46484375,0.07500000000000001,0.0,0.0,0.15,0.007142857142857143,0.007142857142857143,0.07142857142857144,0.6250000000000002,0.1,0.0,0.325,0.25000000000000006,0.3571428571428568,0.20714285714285718
0.16826923076923073,1.154296875,1.4736328125,0.07500000000000001,0.0,0.0,0.15,0.007142857142857143,0.007142857142857143,0.07142857142857144,0.6250000000000002,0.1,0.0,0.325,0.25000000000000006,0.3571428571428568,0.21428571428571433
0.1692307692307692,1.16015625,1.4794921875,0.07500000000000001,0.0,0.0,0.15,0.007142857142857143,0.007142857142857143,0.07142857142857144,0.6250000000000002,0.1,0.0,0.325,0.25000000000000006,0.3571428571428568,0.22142857142857147
0.1701923076923077,1.166015625,1.486328125,0.07500000000000001,0.0,0.0,0.15,0.007142857142857143,0.007142857142857143,0.07142857142857144,0.6500000000000002,0.1,0.0,0.325,0.25000000000000006,0.3571428571428568,0.22142857142857147
0.17115384615384616,1.171875,1.4931640625,0.07500000000000001,0.0,0.0,0.15,0.007142857142857143,0.007142857142857143,0.07142857142857144,0.6500000000000002,0.1,0.0,0.35000000000000003,0.25000000000000006,0.3571428571428568,0.22142857142857147
0.17211538461538461,1.1787109375,1.5009765625,0.1,0.0,0.0,0.15,0.007142857142857143,0.007142857142857143,0.07142857142857144,0.6500000000000002,0.1,0.0,0.35000000000000003,0.25000000000000006,0.3571428571428568,0.22142857142857147
0.17307692307692307,1.1845703125,1.5078125,0.1,0.0,0.0,0.15,0.007142857142857143,0.007142857142857143,0.07857142857142858,0.6500000000000002,0.1,0.0,0.35000000000000003,0.25000000000000006,0.3571428571428568,0.22142857142857147
0.17403846153846156,1.19140625,1.513671875,0.1,0.0,0.0,0.175,0.007142857142857143,0.007142857142857143,0.07857142857142858,0.6500000000000002,0.1,0.0,0.35000000000000003,0.25000000000000006,0.3571428571428568,0.22142857142857147
0.175,1.197265625,1.5205078125,0.1,0.0,0.0,0.175,0.007142857142857143,0.007142857142857143,0.07857142857142858,0.6500000000000002,0.1,0.0,0.37500000000000006,0.25000000000000006,0.3571428571428568,0.22142857142857147
0.17596153846153847,1.2041015625,1.5283203125,0.1,0.0,0.0,0.175,0.007142857142857143,0.014285714285714285,0.07857142857142858,0.6500000000000002,0.1,0.0,0.37500000000000006,0.25000000000000006,0.3571428571428568,0.22142857142857147
0.1769230769230769,1.208984375,1.53515625,0.1,0.0,0.0,0.175,0.007142857142857143,0.02142857142857143,0.07857142857142858,0.6500000000000002,0.1,0.0,0.37500000000000006,0.25000000000000006,0.3571428571428568,0.22142857142857147
0.1778846153846154,1.2138671875,1.5419921875,0.1,0.0,0.0,0.175,0.007142857142857143,0.02857142857142857,0.07857142857142858,0.6500000000000002,0.1,0.0,0.37500000000000006,0.25000000000000006,0.3571428571428568,0.22142857142857147
0.17884615384615382,1.2197265625,1.5498046875,0.1,0.0,0.0,0.175,0.007142857142857143,0.03571428571428571,0.07857142857142858,0.6500000000000002,0.1,0.0,0.37500000000000006,0.25000000000000006,0.3571428571428568,0.22142857142857147
0.1798076923076923,1.2255859375,1.556640625,0.1,0.0,0.0,0.175,0.007142857142857143,0.04285714285714286,0.07857142857142858,0.6500000000000002,0.1,0.0,0.37500000000000006,0.25000000000000006,0.3571428571428568,0.22142857142857147
0.18076923076923077,1.2314453125,1.5634765625,0.1,0.0,0.0,0.175,0.007142857142857143,0.04285714285714286,0.07857142857142858,0.6500000000000002,0.1,0.0,0.37500000000000006,0.2571428571428572,0.3571428571428568,0.22142857142857147
0.18173076923076922,1.2373046875,1.5712890625,0.1,0.0,0.0,0.175,0.007142857142857143,0.04285714285714286,0.07857142857142858,0.6500000000000002,0.1,0.0,0.37500000000000006,0.2642857142857143,0.3571428571428568,0.22142857142857147
0.18269230769230768,1.2431640625,1.5771484375,0.1,0.0,0.0,0.175,0.007142857142857143,0.04285714285714286,0.07857142857142858,0.6500000000000002,0.1,0.0,0.37500000000000006,0.2714285714285714,0.3571428571428568,0.22142857142857147
0.18365384615384614,1.2490234375,1.5849609375,0.1,0.0,0.0,0.175,0.007142857142857143,0.04285714285714286,0.07857142857142858,0.6500000000000002,0.1,0.0,0.37500000000000006,0.2785714285714285,0.3571428571428568,0.22142857142857147
0.1846153846153846,1.2548828125,1.591796875,0.1,0.0,0.0,0.175,0.007142857142857143,0.04285714285714286,0.07857142857142858,0.6750000000000003,0.1,0.0,0.37500000000000006,0.2785714285714285,0.3571428571428568,0.22142857142857147
0.18557692307692306,1.2607421875,1.5986328125,0.1,0.0,0.0,0.175,0.007142857142857143,0.04285714285714286,0.07857142857142858,0.6750000000000003,0.1,0.0,0.37500000000000006,0.2785714285714285,0.36428571428571394,0.22142857142857147
0.18653846153846151,1.265625,1.60546875,0.1,0.0,0.0,0.175,0.007142857142857143,0.04285714285714286,0.07857142857142858,0.6750000000000003,0.1,0.0,0.37500000000000006,0.2785714285714285,0.37142857142857105,0.22142857142857147
0.18749999999999997,1.271484375,1.61328125,0.1,0.0,0.0,0.175,0.007142857142857143,0.04285714285714286,0.07857142857142858,0.6750000000000003,0.1,0.0,0.37500000000000006,0.28571428571428564,0.37142857142857105,0.22142857142857147
0.18846153846153843,1.27734375,1.6220703125,0.1,0.0,0.0,0.175,0.007142857142857143,0.04285714285714286,0.07857142857142858,0.6750000000000003,0.1,0.0,0.37500000000000006,0.29285714285714276,0.37142857142857105,0.22142857142857147
0.1894230769230769,1.283203125,1.6279296875,0.1,0.0,0.0,0.175,0.007142857142857143,0.04285714285714286,0.07857142857142858,0.6750000000000003,0.1,0.0,0.4000000000000001,0.29285714285714276,0.37142857142857105,0.22142857142857147
0.19038461538461535,1.2890625,1.634765625,0.1,0.0,0.0,0.175,0.007142857142857143,0.04285714285714286,0.07857142857142858,0.6750000000000003,0.1,0.0,0.4000000000000001,0.2999999999999999,0.37142857142857105,0.22142857142857147
0.1913461538461538,1.294921875,1.6416015625,0.1,0.0,0.0,0.19999999999999998,0.007142857142857143,0.04285714285714286,0.07857142857142858,0.6750000000000003,0.1,0.0,0.4000000000000001,0.2999999999999999,0.37142857142857105,0.22142857142857147
0.19230769230769226,1.30078125,1.6484375,0.1,0.0,0.0,0.19999999999999998,0.007142857142857143,0.04285714285714286,0.07857142857142858,0.6750000000000003,0.1,0.0,0.4000000000000001,0.307142857142857,0.37142857142857105,0.22142857142857147
0.19326923076923072,1.306640625,1.65625,0.1,0.0,0.0,0.19999999999999998,0.007142857142857143,0.04285714285714286,0.07857142857142858,0.6750000000000003,0.1,0.0,0.4000000000000001,0.3142857142857141,0.37142857142857105,0.22142857142857147
0.19423076923076918,1.3125,1.662109375,0.1,0.0,0.0,0.19999999999999998,0.007142857142857143,0.04285714285714286,0.07857142857142858,0.6750000000000003,0.1,0.0,0.4000000000000001,0.3142857142857141,0.37857142857142817,0.22142857142857147
0.19519230769230764,1.3173828125,1.669921875,0.1,0.0,0.0,0.19999999999999998,0.007142857142857143,0.04285714285714286,0.07857142857142858,0.6750000000000003,0.1,0.0,0.4000000000000001,0.3142857142857141,0.3857142857142853,0.22142857142857147
0.1961538461538461,1.3232421875,1.673828125,0.1,0.0,0.0,0.19999999999999998,0.007142857142857143,0.04285714285714286,0.07857142857142858,0.7000000000000003,0.1,0.0,0.4000000000000001,0.3142857142857141,0.3857142857142853,0.22142857142857147
0.19711538461538455,1.3291015625,1.6845703125,0.1,0.0,0.0,0.19999999999999998,0.007142857142857143,0.04285714285714286,0.07857142857142858,0.7000000000000003,0.1,0.0,0.4000000000000001,0.3142857142857141,0.3928571428571424,0.22142857142857147
0.198076923076923,1.3349609375,1.6904296875,0.1,0.0,0.0,0.19999999999999998,0.007142857142857143,0.05,0.07857142857142858,0.7000000000000003,0.1,0.0,0.4000000000000001,0.3142857142857141,0.3928571428571424,0.22142857142857147
0.1990384615384615,1.3408203125,1.697265625,0.1,0.0,0.0,0.19999999999999998,0.007142857142857143,0.05,0.07857142857142858,0.7000000000000003,0.1,0.0,0.4000000000000001,0.3142857142857141,0.3999999999999995,0.22142857142857147
0.19999999999999993,1.3466796875,1.705078125,0.1,0.0,0.0,0.19999999999999998,0.007142857142857143,0.05,0.07857142857142858,0.7000000000000003,0.1,0.0,0.4000000000000001,0.3142857142857141,0.40714285714285664,0.22142857142857147
0.2009615384615384,1.3525390625,1.7119140625,0.1,0.0,0.0,0.22499999999999998,0.007142857142857143,0.05,0.07857142857142858,0.7000000000000003,0.1,0.0,0.4000000000000001,0.3142857142857141,0.40714285714285664,0.22142857142857147
0.20192307692307684,1.3583984375,1.71875,0.1,0.0,0.0,0.22499999999999998,0.007142857142857143,0.05,0.08571428571428573,0.7000000000000003,0.1,0.0,0.4000000000000001,0.3142857142857141,0.40714285714285664,0.22142857142857147
0.20288461538461533,1.365234375,1.7255859375,0.125,0.0,0.0,0.22499999999999998,0.007142857142857143,0.05,0.08571428571428573,0.7000000000000003,0.1,0.0,0.4000000000000001,0.3142857142857141,0.40714285714285664,0.22142857142857147
0.20384615384615376,1.37109375,1.732421875,0.125,0.0,0.0,0.22499999999999998,0.007142857142857143,0.05,0.08571428571428573,0.7000000000000003,0.1,0.1,0.4000000000000001,0.3142857142857141,0.40714285714285664,0.22142857142857147
0.20480769230769225,1.376953125,1.7392578125,0.125,0.0,0.0,0.22499999999999998,0.007142857142857143,0.05,0.08571428571428573,0.7000000000000003,0.1,0.1,0.4000000000000001,0.3142857142857141,0.41428571428571376,0.22142857142857147
0.20576923076923068,1.3828125,1.7470703125,0.125,0.0,0.0,0.22499999999999998,0.007142857142857143,0.05,0.08571428571428573,0.7000000000000003,0.1,0.1,0.4000000000000001,0.3142857142857141,0.4214285714285709,0.22142857142857147
0.20673076923076916,1.388671875,1.755859375,0.125,0.0,0.0,0.24999999999999997,0.007142857142857143,0.05,0.08571428571428573,0.7000000000000003,0.1,0.1,0.4000000000000001,0.3142857142857141,0.4214285714285709,0.22142857142857147
0.2076923076923076,1.39453125,1.763671875,0.125,0.0,0.0,0.24999999999999997,0.007142857142857143,0.05,0.08571428571428573,0.7000000000000003,0.1,0.1,0.4000000000000001,0.32142857142857123,0.4214285714285709,0.22142857142857147
0.20865384615384608,1.400390625,1.7705078125,0.125,0.0,0.0,0.24999999999999997,0.007142857142857143,0.05,0.08571428571428573,0.7000000000000003,0.1,0.1,0.4000000000000001,0.32857142857142835,0.4214285714285709,0.22142857142857147
0.2096153846153845,1.40625,1.7783203125,0.125,0.0,0.0,0.24999999999999997,0.007142857142857143,0.05,0.08571428571428573,0.7000000000000003,0.1,0.1,0.4000000000000001,0.33571428571428547,0.4214285714285709,0.22142857142857147
0.210576923076923,1.412109375,1.78515625,0.125,0.0,0.0,0.24999999999999997,0.007142857142857143,0.05714285714285715,0.08571428571428573,0.7000000000000003,0.1,0.1,0.4000000000000001,0.33571428571428547,0.4214285714285709,0.22142857142857147
0.21153846153846143,1.41796875,1.7919921875,0.125,0.0,0.0,0.24999999999999997,0.007142857142857143,0.05714285714285715,0.09285714285714287,0.7000000000000003,0.1,0.1,0.4000000000000001,0.33571428571428547,0.4214285714285709,0.22142857142857147
0.2124999999999999,1.423828125,1.80078125,0.125,0.0,0.0,0.24999999999999997,0.007142857142857143,0.05714285714285715,0.09285714285714287,0.7000000000000003,0.2,0.1,0.4000000000000001,0.33571428571428547,0.4214285714285709,0.22142857142857147
0.21346153846153834,1.4296875,1.8076171875,0.125,0.0,0.0,0.24999999999999997,0.007142857142857143,0.05714285714285715,0.09285714285714287,0.7000000000000003,0.2,0.1,0.4000000000000001,0.33571428571428547,0.4214285714285709,0.22857142857142862
0.21442307692307683,1.435546875,1.814453125,0.125,0.0,0.0,0.24999999999999997,0.007142857142857143,0.05714285714285715,0.09285714285714287,0.7000000000000003,0.2,0.1,0.4000000000000001,0.33571428571428547,0.4214285714285709,0.23571428571428577
0.2153846153846153,1.44140625,1.8212890625,0.125,0.0,0.0,0.24999999999999997,0.007142857142857143,0.05714285714285715,0.09285714285714287,0.7250000000000003,0.2,0.1,0.4000000000000001,0.33571428571428547,0.4214285714285709,0.23571428571428577
0.21634615384615374,1.447265625,1.828125,0.125,0.0,0.0,0.24999999999999997,0.007142857142857143,0.05714285714285715,0.09285714285714287,0.7250000000000003,0.2,0.1,0.4250000000000001,0.33571428571428547,0.4214285714285709,0.23571428571428577
0.21730769230769223,1.453125,1.8369140625,0.125,0.0,0.0,0.24999999999999997,0.007142857142857143,0.05714285714285715,0.09285714285714287,0.7250000000000003,0.2,0.1,0.4250000000000001,0.3428571428571426,0.4214285714285709,0.23571428571428577
0.2182692307692307,1.458984375,1.84375,0.125,0.0,0.0,0.24999999999999997,0.007142857142857143,0.05714285714285715,0.09285714285714287,0.7250000000000003,0.2,0.1,0.4250000000000001,0.3428571428571426,0.428571428571428,0.23571428571428577
0.21923076923076915,1.46484375,1.8505859375,0.125,0.0,0.0,0.24999999999999997,0.007142857142857143,0.05714285714285715,0.09285714285714287,0.7250000000000003,0.2,0.1,0.4250000000000001,0.3428571428571426,0.4357142857142851,0.23571428571428577
0.2201923076923076,1.4697265625,1.8583984375,0.125,0.0,0.0,0.24999999999999997,0.007142857142857143,0.05714285714285715,0.09285714285714287,0.7250000000000003,0.2,0.1,0.4250000000000001,0.3428571428571426,0.4357142857142851,0.2428571428571429
0.2211538461538461,1.4755859375,1.86328125,0.125,0.0,0.0,0.24999999999999997,0.007142857142857143,0.05714285714285715,0.09285714285714287,0.7250000000000003,0.2,0.1,0.4250000000000001,0.3428571428571426,0.4428571428571422,0.2428571428571429
0.22211538461538452,1.48046875,1.8720703125,0.125,0.0,0.0,0.24999999999999997,0.007142857142857143,0.05714285714285715,0.09285714285714287,0.7250000000000003,0.2,0.1,0.4250000000000001,0.3428571428571426,0.44999999999999934,0.2428571428571429
0.22307692307692298,1.4873046875,1.8798828125,0.125,0.0,0.0,0.27499999999999997,0.007142857142857143,0.05714285714285715,0.09285714285714287,0.7250000000000003,0.2,0.1,0.4250000000000001,0.3428571428571426,0.44999999999999934,0.2428571428571429
0.22403846153846144,1.4931640625,1.88671875,0.125,0.0,0.0,0.27499999999999997,0.007142857142857143,0.05714285714285715,0.09285714285714287,0.7250000000000003,0.2,0.1,0.4250000000000001,0.3499999999999997,0.44999999999999934,0.2428571428571429
0.2249999999999999,1.4990234375,1.8935546875,0.125,0.0,0.0,0.27499999999999997,0.007142857142857143,0.05714285714285715,0.09285714285714287,0.7250000000000003,0.2,0.1,0.4250000000000001,0.3571428571428568,0.44999999999999934,0.2428571428571429
0.22596153846153835,1.5048828125,1.9013671875,0.125,0.0,0.0,0.27499999999999997,0.014285714285714285,0.05714285714285715,0.09285714285714287,0.7250000000000003,0.2,0.1,0.4250000000000001,0.3571428571428568,0.44999999999999934,0.2428571428571429
0.22692307692307684,1.509765625,1.908203125,0.125,0.0,0.0,0.27499999999999997,0.02142857142857143,0.05714285714285715,0.09285714285714287,0.7250000000000003,0.2,0.1,0.4250000000000001,0.3571428571428568,0.44999999999999934,0.2428571428571429
0.22788461538461527,1.515625,1.916015625,0.125,0.0,0.0,0.27499999999999997,0.02857142857142857,0.05714285714285715,0.09285714285714287,0.7250000000000003,0.2,0.1,0.4250000000000001,0.3571428571428568,0.44999999999999934,0.2428571428571429
0.22884615384615375,1.521484375,1.9228515625,0.125,0.0,0.0,0.27499999999999997,0.03571428571428571,0.05714285714285715,0.09285714285714287,0.7250000000000003,0.2,0.1,0.4250000000000001,0.3571428571428568,0.44999999999999934,0.2428571428571429
0.2298076923076922,1.52734375,1.9296875,0.125,0.0,0.0,0.27499999999999997,0.04285714285714286,0.05714285714285715,0.09285714285714287,0.7250000000000003,0.2,0.1,0.4250000000000001,0.3571428571428568,0.44999999999999934,0.2428571428571429
0.23076923076923067,1.533203125,1.9375,0.125,0.0,0.0,0.27499999999999997,0.04285714285714286,0.0642857142857143,0.09285714285714287,0.7250000000000003,0.2,0.1,0.4250000000000001,0.3571428571428568,0.44999999999999934,0.2428571428571429
0.2317307692307691,1.5390625,1.9443359375,0.125,0.0,0.0,0.27499999999999997,0.04285714285714286,0.0642857142857143,0.09285714285714287,0.7250000000000003,0.2,0.1,0.4250000000000001,0.3571428571428568,0.44999999999999934,0.25000000000000006
0.2326923076923076,1.544921875,1.9521484375,0.125,0.0,0.0,0.27499999999999997,0.04285714285714286,0.0642857142857143,0.09285714285714287,0.7250000000000003,0.2,0.1,0.4250000000000001,0.3571428571428568,0.44999999999999934,0.2571428571428572
0.23365384615384605,1.55078125,1.958984375,0.125,0.0,0.0,0.27499999999999997,0.04285714285714286,0.0642857142857143,0.09285714285714287,0.7250000000000003,0.2,0.1,0.4500000000000001,0.3571428571428568,0.44999999999999934,0.2571428571428572
0.2346153846153845,1.556640625,1.9658203125,0.125,0.0,0.0,0.27499999999999997,0.04285714285714286,0.0642857142857143,0.09285714285714287,0.7250000000000003,0.2,0.1,0.4500000000000001,0.36428571428571394,0.44999999999999934,0.2571428571428572
0.23557692307692296,1.5625,1.9736328125,0.125,0.0,0.0,0.27499999999999997,0.04285714285714286,0.0642857142857143,0.09285714285714287,0.7250000000000003,0.2,0.1,0.4500000000000001,0.37142857142857105,0.44999999999999934,0.2571428571428572
0.23653846153846142,1.5673828125,1.98046875,0.125,0.0,0.0,0.27499999999999997,0.04285714285714286,0.0642857142857143,0.09285714285714287,0.7250000000000003,0.2,0.1,0.4500000000000001,0.37142857142857105,0.44999999999999934,0.2642857142857143
0.23749999999999985,1.57421875,1.9853515625,0.15,0.0,0.0,0.27499999999999997,0.04285714285714286,0.0642857142857143,0.09285714285714287,0.7250000000000003,0.2,0.1,0.4500000000000001,0.37142857142857105,0.44999999999999934,0.2642857142857143
0.23846153846153834,1.580078125,1.994140625,0.15,0.0,0.0,0.27499999999999997,0.04285714285714286,0.0642857142857143,0.10000000000000002,0.7250000000000003,0.2,0.1,0.4500000000000001,0.37142857142857105,0.44999999999999934,0.2642857142857143
0.23942307692307677,1.5859375,2.001953125,0.15,0.0,0.0,0.27499999999999997,0.04285714285714286,0.0642857142857143,0.10000000000000002,0.7250000000000003,0.2,0.1,0.4500000000000001,0.37857142857142817,0.44999999999999934,0.2642857142857143
0.24038461538461525,1.591796875,2.009765625,0.15,0.0,0.0,0.27499999999999997,0.04285714285714286,0.0642857142857143,0.10000000000000002,0.7250000000000003,0.2,0.1,0.4500000000000001,0.3857142857142853,0.44999999999999934,0.2642857142857143
0.24134615384615368,1.59765625,2.017578125,0.15,0.0,0.0,0.3,0.04285714285714286,0.0642857142857143,0.10000000000000002,0.7250000000000003,0.2,0.1,0.4500000000000001,0.3857142857142853,0.44999999999999934,0.2642857142857143
0.24230769230769217,1.603515625,2.0234375,0.15,0.0,0.0,0.3,0.04285714285714286,0.0642857142857143,0.10000000000000002,0.7250000000000003,0.2,0.1,0.4500000000000001,0.3857142857142853,0.45714285714285646,0.2642857142857143
0.2432692307692306,1.609375,2.03125,0.15,0.0,0.0,0.3,0.04285714285714286,0.0642857142857143,0.10000000000000002,0.7250000000000003,0.2,0.1,0.4500000000000001,0.3857142857142853,0.4642857142857136,0.2642857142857143
0.24423076923076908,1.615234375,2.0390625,0.15,0.0,0.0,0.3,0.05,0.0642857142857143,0.10000000000000002,0.7250000000000003,0.2,0.1,0.4500000000000001,0.3857142857142853,0.4642857142857136,0.2642857142857143
0.24519230769230754,1.62109375,2.044921875,0.15,0.0,0.0,0.3,0.05,0.0642857142857143,0.10000000000000002,0.7250000000000003,0.2,0.1,0.47500000000000014,0.3857142857142853,0.4642857142857136,0.2642857142857143
0.24615384615384603,1.626953125,2.052734375,0.15,0.0,0.0,0.3,0.05,0.0642857142857143,0.10000000000000002,0.7250000000000003,0.2,0.1,0.47500000000000014,0.3857142857142853,0.4714285714285707,0.2642857142857143
0.24711538461538446,1.6328125,2.060546875,0.15,0.0,0.0,0.3,0.05,0.0642857142857143,0.10000000000000002,0.7250000000000003,0.2,0.1,0.47500000000000014,0.3857142857142853,0.4785714285714278,0.2642857142857143
0.24807692307692292,1.638671875,2.068359375,0.15,0.0,0.0,0.3,0.05,0.0642857142857143,0.10714285714285716,0.7250000000000003,0.2,0.1,0.47500000000000014,0.3857142857142853,0.4785714285714278,0.2642857142857143
0.24903846153846138,1.64453125,2.07421875,0.15,0.0,0.0,0.3,0.05,0.0642857142857143,0.10714285714285716,0.7500000000000003,0.2,0.1,0.47500000000000014,0.3857142857142853,0.4785714285714278,0.2642857142857143
0.24999999999999986,1.650390625,2.083984375,0.15,0.0,0.0,0.3,0.05,0.0642857142857143,0.10714285714285716,0.7500000000000003,0.2,0.1,0.47500000000000014,0.3857142857142853,0.4785714285714278,0.2714285714285714
0.2509615384615383,1.65625,2.08984375,0.15,0.0,0.0,0.3,0.05,0.0642857142857143,0.10714285714285716,0.7500000000000003,0.2,0.1,0.47500000000000014,0.3857142857142853,0.4785714285714278,0.2785714285714285
0.2519230769230768,1.662109375,2.09765625,0.15,0.0,0.0,0.3,0.05,0.0642857142857143,0.10714285714285716,0.7500000000000003,0.2,0.1,0.47500000000000014,0.3857142857142853,0.4785714285714278,0.28571428571428564
0.25288461538461526,1.66796875,2.10546875,0.15,0.0,0.0,0.3,0.05,0.0642857142857143,0.10714285714285716,0.7500000000000003,0.2,0.1,0.47500000000000014,0.3857142857142853,0.48571428571428493,0.28571428571428564
0.2538461538461537,1.6748046875,2.11328125,0.15,0.0,0.0,0.325,0.05,0.0642857142857143,0.10714285714285716,0.7500000000000003,0.2,0.1,0.47500000000000014,0.3857142857142853,0.48571428571428493,0.28571428571428564
0.2548076923076922,1.681640625,2.12109375,0.175,0.0,0.0,0.325,0.05,0.0642857142857143,0.10714285714285716,0.7500000000000003,0.2,0.1,0.47500000000000014,0.3857142857142853,0.48571428571428493,0.28571428571428564
0.25576923076923064,1.6884765625,2.12890625,0.175,0.0,0.0,0.325,0.05714285714285715,0.0642857142857143,0.10714285714285716,0.7500000000000003,0.2,0.1,0.47500000000000014,0.3857142857142853,0.48571428571428493,0.28571428571428564
0.2567307692307691,1.6943359375,2.1328125,0.175,0.0,0.0,0.325,0.05714285714285715,0.0642857142857143,0.10714285714285716,0.7500000000000003,0.2,0.1,0.5000000000000001,0.3857142857142853,0.48571428571428493,0.28571428571428564
0.25769230769230755,1.701171875,2.140625,0.175,0.0,0.0,0.325,0.0642857142857143,0.0642857142857143,0.10714285714285716,0.7500000000000003,0.2,0.1,0.5000000000000001,0.3857142857142853,0.48571428571428493,0.28571428571428564
0.258653846153846,1.70703125,2.1484375,0.175,0.0,0.0,0.325,0.0642857142857143,0.0642857142857143,0.10714285714285716,0.7500000000000003,0.2,0.1,0.5000000000000001,0.3928571428571424,0.48571428571428493,0.28571428571428564
0.25961538461538447,1.712890625,2.15625,0.175,0.0,0.0,0.325,0.0642857142857143,0.0642857142857143,0.10714285714285716,0.7500000000000003,0.2,0.1,0.5000000000000001,0.3999999999999995,0.48571428571428493,0.28571428571428564
0.26057692307692293,1.7177734375,2.1640625,0.175,0.0,0.0,0.325,0.0642857142857143,0.0642857142857143,0.10714285714285716,0.7500000000000003,0.2,0.1,0.5000000000000001,0.40714285714285664,0.48571428571428493,0.28571428571428564
0.2615384615384614,1.724609375,2.171875,0.175,0.0,0.0,0.325,0.0642857142857143,0.07142857142857144,0.10714285714285716,0.7500000000000003,0.2,0.1,0.5000000000000001,0.40714285714285664,0.48571428571428493,0.28571428571428564
0.26249999999999984,1.7314453125,2.1796875,0.175,0.0,0.0,0.325,0.07142857142857144,0.07142857142857144,0.10714285714285716,0.7500000000000003,0.2,0.1,0.5000000000000001,0.40714285714285664,0.48571428571428493,0.28571428571428564
0.2634615384615383,1.73828125,2.185546875,0.175,0.0,0.0,0.325,0.07142857142857144,0.07857142857142858,0.10714285714285716,0.7500000000000003,0.2,0.1,0.5000000000000001,0.40714285714285664,0.48571428571428493,0.28571428571428564
0.26442307692307676,1.744140625,2.1953125,0.175,0.0,0.0,0.325,0.07142857142857144,0.07857142857142858,0.10714285714285716,0.7500000000000003,0.2,0.1,0.5000000000000001,0.41428571428571376,0.48571428571428493,0.28571428571428564
0.2653846153846152,1.75,2.203125,0.175,0.0,0.0,0.325,0.07142857142857144,0.07857142857142858,0.10714285714285716,0.7500000000000003,0.2,0.1,0.5000000000000001,0.4214285714285709,0.48571428571428493,0.28571428571428564
0.2663461538461537,1.755859375,2.2109375,0.175,0.0,0.0,0.325,0.07142857142857144,0.07857142857142858,0.11428571428571431,0.7500000000000003,0.2,0.1,0.5000000000000001,0.4214285714285709,0.48571428571428493,0.28571428571428564
0.26730769230769214,1.7626953125,2.21875,0.175,0.0,0.0,0.325,0.07142857142857144,0.08571428571428573,0.11428571428571431,0.7500000000000003,0.2,0.1,0.5000000000000001,0.4214285714285709,0.48571428571428493,0.28571428571428564
0.2682692307692306,1.76953125,2.224609375,0.175,0.0,0.0,0.325,0.07142857142857144,0.08571428571428573,0.12142857142857146,0.7500000000000003,0.2,0.1,0.5000000000000001,0.4214285714285709,0.48571428571428493,0.28571428571428564
0.26923076923076905,1.7763671875,2.232421875,0.175,0.0,0.0,0.35000000000000003,0.07142857142857144,0.08571428571428573,0.12142857142857146,0.7500000000000003,0.2,0.1,0.5000000000000001,0.4214285714285709,0.48571428571428493,0.28571428571428564
0.2701923076923075,1.783203125,2.240234375,0.19999999999999998,0.0,0.0,0.35000000000000003,0.07142857142857144,0.08571428571428573,0.12142857142857146,0.7500000000000003,0.2,0.1,0.5000000000000001,0.4214285714285709,0.48571428571428493,0.28571428571428564
0.271153846153846,1.7900390625,2.248046875,0.19999999999999998,0.0,0.0,0.35000000000000003,0.07142857142857144,0.08571428571428573,0.1285714285714286,0.7500000000000003,0.2,0.1,0.5000000000000001,0.4214285714285709,0.48571428571428493,0.28571428571428564
0.2721153846153844,1.796875,2.255859375,0.19999999999999998,0.0,0.0,0.35000000000000003,0.07142857142857144,0.08571428571428573,0.1285714285714286,0.7750000000000004,0.2,0.1,0.5000000000000001,0.4214285714285709,0.48571428571428493,0.28571428571428564
0.27307692307692294,1.802734375,2.259765625,0.19999999999999998,0.0,0.0,0.35000000000000003,0.07142857142857144,0.08571428571428573,0.1285714285714286,0.7750000000000004,0.2,0.1,0.5250000000000001,0.4214285714285709,0.48571428571428493,0.28571428571428564
0.27403846153846134,1.8095703125,2.26953125,0.19999999999999998,0.0,0.0,0.35000000000000003,0.07857142857142858,0.08571428571428573,0.1285714285714286,0.7750000000000004,0.2,0.1,0.5250000000000001,0.4214285714285709,0.48571428571428493,0.28571428571428564
0.27499999999999986,1.81640625,2.279296875,0.19999999999999998,0.0,0.0,0.35000000000000003,0.07857142857142858,0.09285714285714287,0.1285714285714286,0.7750000000000004,0.2,0.1,0.5250000000000001,0.4214285714285709,0.48571428571428493,0.28571428571428564
0.27596153846153826,1.8232421875,2.283203125,0.19999999999999998,0.0,0.0,0.35000000000000003,0.07857142857142858,0.09285714285714287,0.1285714285714286,0.7750000000000004,0.2,0.2,0.5250000000000001,0.4214285714285709,0.48571428571428493,0.28571428571428564
0.2769230769230767,1.8291015625,2.291015625,0.19999999999999998,0.0,0.0,0.35000000000000003,0.07857142857142858,0.09285714285714287,0.1285714285714286,0.7750000000000004,0.2,0.2,0.5250000000000001,0.4214285714285709,0.49285714285714205,0.28571428571428564
0.2778846153846152,1.8349609375,2.298828125,0.19999999999999998,0.0,0.0,0.35000000000000003,0.07857142857142858,0.09285714285714287,0.1285714285714286,0.7750000000000004,0.2,0.2,0.5250000000000001,0.428571428571428,0.49285714285714205,0.28571428571428564
0.27884615384615363,1.8408203125,2.306640625,0.19999999999999998,0.0,0.0,0.35000000000000003,0.07857142857142858,0.09285714285714287,0.1285714285714286,0.7750000000000004,0.2,0.2,0.5250000000000001,0.4357142857142851,0.49285714285714205,0.28571428571428564
0.2798076923076921,1.845703125,2.314453125,0.19999999999999998,0.0,0.0,0.35000000000000003,0.07857142857142858,0.09285714285714287,0.1285714285714286,0.7750000000000004,0.2,0.2,0.5250000000000001,0.4357142857142851,0.49999999999999917,0.28571428571428564
0.2807692307692306,1.8515625,2.322265625,0.19999999999999998,0.0,0.0,0.35000000000000003,0.08571428571428573,0.09285714285714287,0.1285714285714286,0.7750000000000004,0.2,0.2,0.5250000000000001,0.4357142857142851,0.49999999999999917,0.28571428571428564
0.28173076923076906,1.857421875,2.330078125,0.19999999999999998,0.0,0.0,0.35000000000000003,0.08571428571428573,0.09285714285714287,0.1285714285714286,0.7750000000000004,0.2,0.2,0.5250000000000001,0.4357142857142851,0.5071428571428563,0.28571428571428564
0.2826923076923075,1.86328125,2.337890625,0.19999999999999998,0.0,0.0,0.35000000000000003,0.08571428571428573,0.09285714285714287,0.1285714285714286,0.7750000000000004,0.2,0.2,0.5250000000000001,0.4357142857142851,0.5142857142857135,0.28571428571428564
0.283653846153846,1.869140625,2.34375,0.19999999999999998,0.0,0.0,0.35000000000000003,0.08571428571428573,0.09285714285714287,0.1285714285714286,0.8000000000000004,0.2,0.2,0.5250000000000001,0.4357142857142851,0.5142857142857135,0.28571428571428564
0.28461538461538444,1.8759765625,2.3515625,0.19999999999999998,0.0,0.0,0.35000000000000003,0.09285714285714287,0.09285714285714287,0.1285714285714286,0.8000000000000004,0.2,0.2,0.5250000000000001,0.4357142857142851,0.5142857142857135,0.28571428571428564
0.28557692307692284,1.8818359375,2.359375,0.19999999999999998,0.0,0.0,0.35000000000000003,0.09285714285714287,0.09285714285714287,0.1285714285714286,0.8000000000000004,0.2,0.2,0.5250000000000001,0.4357142857142851,0.5142857142857135,0.29285714285714276
0.28653846153846135,1.8876953125,2.3671875,0.19999999999999998,0.0,0.0,0.35000000000000003,0.09285714285714287,0.09285714285714287,0.1285714285714286,0.8000000000000004,0.2,0.2,0.5250000000000001,0.4357142857142851,0.5142857142857135,0.2999999999999999
0.28749999999999976,1.8935546875,2.375,0.19999999999999998,0.0,0.0,0.35000000000000003,0.09285714285714287,0.09285714285714287,0.1285714285714286,0.8000000000000004,0.2,0.2,0.5250000000000001,0.4357142857142851,0.5142857142857135,0.307142857142857
0.28846153846153827,1.8994140625,2.3828125,0.19999999999999998,0.0,0.0,0.35000000000000003,0.09285714285714287,0.09285714285714287,0.1285714285714286,0.8000000000000004,0.2,0.2,0.5250000000000001,0.4428571428571422,0.5142857142857135,0.307142857142857
0.28942307692307667,1.904296875,2.388671875,0.19999999999999998,0.0,0.0,0.35000000000000003,0.09285714285714287,0.09285714285714287,0.1285714285714286,0.8000000000000004,0.2,0.2,0.5250000000000001,0.44999999999999934,0.5142857142857135,0.307142857142857
0.2903846153846152,1.91015625,2.39453125,0.19999999999999998,0.0,0.0,0.35000000000000003,0.09285714285714287,0.09285714285714287,0.1285714285714286,0.8000000000000004,0.2,0.2,0.5250000000000001,0.45714285714285646,0.5142857142857135,0.307142857142857
0.2913461538461536,1.916015625,2.404296875,0.19999999999999998,0.0,0.0,0.35000000000000003,0.09285714285714287,0.09285714285714287,0.1285714285714286,0.8000000000000004,0.2,0.2,0.5250000000000001,0.4642857142857136,0.5142857142857135,0.307142857142857
0.2923076923076921,1.9208984375,2.412109375,0.19999999999999998,0.0,0.0,0.35000000000000003,0.09285714285714287,0.09285714285714287,0.1285714285714286,0.8000000000000004,0.2,0.2,0.5250000000000001,0.4642857142857136,0.5142857142857135,0.3142857142857141
0.29326923076923056,1.9267578125,2.41796875,0.19999999999999998,0.0,0.0,0.35000000000000003,0.09285714285714287,0.09285714285714287,0.1285714285714286,0.8000000000000004,0.2,0.2,0.5250000000000001,0.4642857142857136,0.5214285714285706,0.3142857142857141
0.294230769230769,1.9326171875,2.42578125,0.19999999999999998,0.0,0.0,0.35000000000000003,0.09285714285714287,0.09285714285714287,0.1285714285714286,0.8000000000000004,0.2,0.2,0.5250000000000001,0.4642857142857136,0.5285714285714277,0.3142857142857141
0.2951923076923074,1.9384765625,2.43359375,0.19999999999999998,0.0,0.0,0.35000000000000003,0.09285714285714287,0.09285714285714287,0.1285714285714286,0.8000000000000004,0.2,0.2,0.5250000000000001,0.4642857142857136,0.5357142857142848,0.3142857142857141
0.29615384615384593,1.9453125,2.44140625,0.19999999999999998,0.0,0.0,0.35000000000000003,0.09285714285714287,0.09285714285714287,0.1285714285714286,0.8000000000000004,0.2,0.2,0.5500000000000002,0.4642857142857136,0.5357142857142848,0.3142857142857141
0.2971153846153844,1.951171875,2.451171875,0.19999999999999998,0.0,0.0,0.35000000000000003,0.09285714285714287,0.09285714285714287,0.1285714285714286,0.8000000000000004,0.2,0.2,0.5500000000000002,0.4642857142857136,0.5428571428571419,0.3142857142857141
0.29807692307692285,1.95703125,2.458984375,0.19999999999999998,0.0,0.0,0.35000000000000003,0.09285714285714287,0.09285714285714287,0.1285714285714286,0.8000000000000004,0.2,0.2,0.5500000000000002,0.4642857142857136,0.5428571428571419,0.32142857142857123
0.2990384615384613,1.962890625,2.462890625,0.19999999999999998,0.0,0.0,0.35000000000000003,0.09285714285714287,0.09285714285714287,0.1285714285714286,0.8000000000000004,0.2,0.2,0.5500000000000002,0.4642857142857136,0.5428571428571419,0.32857142857142835
0.29999999999999977,1.9697265625,2.47265625,0.19999999999999998,0.0,0.0,0.37500000000000006,0.09285714285714287,0.09285714285714287,0.1285714285714286,0.8000000000000004,0.2,0.2,0.5500000000000002,0.4642857142857136,0.5428571428571419,0.32857142857142835
0.3009615384615383,1.9755859375,2.48046875,0.19999999999999998,0.0,0.0,0.37500000000000006,0.09285714285714287,0.09285714285714287,0.1285714285714286,0.8000000000000004,0.2,0.2,0.5500000000000002,0.4642857142857136,0.549999999999999,0.32857142857142835
0.3019230769230767,1.9814453125,2.48828125,0.19999999999999998,0.0,0.0,0.37500000000000006,0.09285714285714287,0.09285714285714287,0.1285714285714286,0.8000000000000004,0.2,0.2,0.5500000000000002,0.4642857142857136,0.5571428571428562,0.32857142857142835
0.30288461538461514,1.9873046875,2.49609375,0.19999999999999998,0.0,0.0,0.37500000000000006,0.09285714285714287,0.09285714285714287,0.1285714285714286,0.8000000000000004,0.2,0.2,0.5500000000000002,0.4642857142857136,0.5642857142857133,0.32857142857142835
0.3038461538461536,1.994140625,2.50390625,0.19999999999999998,0.0,0.0,0.37500000000000006,0.09285714285714287,0.09285714285714287,0.1285714285714286,0.8000000000000004,0.30000000000000004,0.2,0.5500000000000002,0.4642857142857136,0.5642857142857133,0.32857142857142835
0.3048076923076921,2.0,2.51171875,0.19999999999999998,0.0,0.0,0.37500000000000006,0.09285714285714287,0.09285714285714287,0.1285714285714286,0.8000000000000004,0.30000000000000004,0.2,0.5500000000000002,0.4714285714285707,0.5642857142857133,0.32857142857142835
0.30576923076923057,2.005859375,2.517578125,0.19999999999999998,0.0,0.0,0.37500000000000006,0.09285714285714287,0.09285714285714287,0.1285714285714286,0.8000000000000004,0.30000000000000004,0.2,0.5500000000000002,0.4785714285714278,0.5642857142857133,0.32857142857142835
0.306730769230769,2.01171875,2.5234375,0.19999999999999998,0.0,0.0,0.37500000000000006,0.09285714285714287,0.09285714285714287,0.1285714285714286,0.8000000000000004,0.30000000000000004,0.2,0.5500000000000002,0.48571428571428493,0.5642857142857133,0.32857142857142835
0.30769230769230743,2.017578125,2.533203125,0.19999999999999998,0.0,0.0,0.37500000000000006,0.09285714285714287,0.09285714285714287,0.1285714285714286,0.8000000000000004,0.30000000000000004,0.2,0.5500000000000002,0.49285714285714205,0.5642857142857133,0.32857142857142835
0.3086538461538459,2.0234375,2.541015625,0.19999999999999998,0.0,0.0,0.37500000000000006,0.09285714285714287,0.09285714285714287,0.1285714285714286,0.8000000000000004,0.30000000000000004,0.2,0.5500000000000002,0.49999999999999917,0.5642857142857133,0.32857142857142835
0.30961538461538435,2.029296875,2.548828125,0.22499999999999998,0.0,0.0,0.37500000000000006,0.09285714285714287,0.09285714285714287,0.1285714285714286,0.8000000000000004,0.30000000000000004,0.2,0.5500000000000002,0.49999999999999917,0.5642857142857133,0.32857142857142835
0.31057692307692275,2.03515625,2.560546875,0.22499999999999998,0.0,0.0,0.37500000000000006,0.09285714285714287,0.09285714285714287,0.1285714285714286,0.8000000000000004,0.30000000000000004,0.2,0.5500000000000002,0.5071428571428563,0.5642857142857133,0.32857142857142835
0.31153846153846126,2.041015625,2.568359375,0.22499999999999998,0.0,0.0,0.37500000000000006,0.09285714285714287,0.09285714285714287,0.1285714285714286,0.8000000000000004,0.30000000000000004,0.2,0.5500000000000002,0.5142857142857135,0.5642857142857133,0.32857142857142835
0.3124999999999997,2.046875,2.576171875,0.22499999999999998,0.0,0.0,0.37500000000000006,0.09285714285714287,0.09285714285714287,0.1285714285714286,0.8000000000000004,0.30000000000000004,0.2,0.5500000000000002,0.5214285714285706,0.5642857142857133,0.32857142857142835
0.3134615384615382,2.052734375,2.58203125,0.22499999999999998,0.0,0.0,0.37500000000000006,0.09285714285714287,0.09285714285714287,0.1285714285714286,0.8000000000000004,0.30000000000000004,0.2,0.5500000000000002,0.5214285714285706,0.5714285714285704,0.32857142857142835
0.3144230769230767,2.05859375,2.587890625,0.22499999999999998,0.0,0.0,0.37500000000000006,0.09285714285714287,0.09285714285714287,0.1285714285714286,0.8000000000000004,0.30000000000000004,0.2,0.5500000000000002,0.5214285714285706,0.5785714285714275,0.32857142857142835
0.31538461538461515,2.064453125,2.59765625,0.22499999999999998,0.0,0.0,0.37500000000000006,0.09285714285714287,0.09285714285714287,0.1285714285714286,0.8000000000000004,0.30000000000000004,0.2,0.5500000000000002,0.5214285714285706,0.5857142857142846,0.32857142857142835
0.31634615384615355,2.072265625,2.603515625,0.24999999999999997,0.0,0.0,0.37500000000000006,0.09285714285714287,0.09285714285714287,0.1285714285714286,0.8000000000000004,0.30000000000000004,0.2,0.5500000000000002,0.5214285714285706,0.5857142857142846,0.32857142857142835
0.317307692307692,2.078125,2.61328125,0.24999999999999997,0.0,0.0,0.37500000000000006,0.09285714285714287,0.09285714285714287,0.1285714285714286,0.8000000000000004,0.30000000000000004,0.2,0.5500000000000002,0.5285714285714277,0.5857142857142846,0.32857142857142835
0.3182692307692305,2.0859375,2.62109375,0.24999999999999997,0.0,0.0,0.4000000000000001,0.09285714285714287,0.09285714285714287,0.1285714285714286,0.8000000000000004,0.30000000000000004,0.2,0.5500000000000002,0.5285714285714277,0.5857142857142846,0.32857142857142835
0.319230769230769,2.091796875,2.62890625,0.24999999999999997,0.0,0.0,0.4000000000000001,0.09285714285714287,0.09285714285714287,0.1285714285714286,0.8000000000000004,0.30000000000000004,0.2,0.5750000000000002,0.5285714285714277,0.5857142857142846,0.32857142857142835
0.32019230769230744,2.09765625,2.638671875,0.24999999999999997,0.0,0.0,0.4000000000000001,0.09285714285714287,0.09285714285714287,0.1285714285714286,0.8000000000000004,0.30000000000000004,0.2,0.5750000000000002,0.5357142857142848,0.5857142857142846,0.32857142857142835
0.32115384615384585,2.10546875,2.646484375,0.27499999999999997,0.0,0.0,0.4000000000000001,0.09285714285714287,0.09285714285714287,0.1285714285714286,0.8000000000000004,0.30000000000000004,0.2,0.5750000000000002,0.5357142857142848,0.5857142857142846,0.32857142857142835
0.32211538461538436,2.111328125,2.654296875,0.27499999999999997,0.0,0.0,0.4000000000000001,0.09285714285714287,0.09285714285714287,0.1285714285714286,0.8000000000000004,0.30000000000000004,0.2,0.5750000000000002,0.5357142857142848,0.5857142857142846,0.33571428571428547
0.3230769230769228,2.1171875,2.6640625,0.27499999999999997,0.0,0.0,0.4000000000000001,0.09285714285714287,0.09285714285714287,0.1285714285714286,0.8000000000000004,0.30000000000000004,0.2,0.5750000000000002,0.5357142857142848,0.5857142857142846,0.3428571428571426
0.3240384615384613,2.123046875,2.666015625,0.27499999999999997,0.0,0.0,0.4000000000000001,0.09285714285714287,0.09285714285714287,0.1285714285714286,0.8000000000000004,0.30000000000000004,0.2,0.5750000000000002,0.5357142857142848,0.5857142857142846,0.3499999999999997
0.3249999999999997,2.130859375,2.673828125,0.27499999999999997,0.0,0.0,0.4250000000000001,0.09285714285714287,0.09285714285714287,0.1285714285714286,0.8000000000000004,0.30000000000000004,0.2,0.5750000000000002,0.5357142857142848,0.5857142857142846,0.3499999999999997
0.3259615384615382,2.13671875,2.68359375,0.27499999999999997,0.0,0.0,0.4250000000000001,0.09285714285714287,0.09285714285714287,0.1285714285714286,0.8000000000000004,0.30000000000000004,0.2,0.5750000000000002,0.5428571428571419,0.5857142857142846,0.3499999999999997
0.32692307692307665,2.14453125,2.69140625,0.27499999999999997,0.0,0.0,0.4250000000000001,0.10000000000000002,0.09285714285714287,0.1285714285714286,0.8000000000000004,0.30000000000000004,0.2,0.5750000000000002,0.5428571428571419,0.5857142857142846,0.3499999999999997
0.3278846153846151,2.150390625,2.69921875,0.27499999999999997,0.0,0.0,0.4250000000000001,0.10714285714285716,0.09285714285714287,0.1285714285714286,0.8000000000000004,0.30000000000000004,0.2,0.5750000000000002,0.5428571428571419,0.5857142857142846,0.3499999999999997
0.3288461538461536,2.158203125,2.70703125,0.27499999999999997,0.0,0.0,0.4250000000000001,0.11428571428571431,0.09285714285714287,0.1285714285714286,0.8000000000000004,0.30000000000000004,0.2,0.5750000000000002,0.5428571428571419,0.5857142857142846,0.3499999999999997
0.329807692307692,2.1640625,2.71484375,0.27499999999999997,0.0,0.0,0.4250000000000001,0.11428571428571431,0.10000000000000002,0.1285714285714286,0.8000000000000004,0.30000000000000004,0.2,0.5750000000000002,0.5428571428571419,0.5857142857142846,0.3499999999999997
0.3307692307692305,2.169921875,2.724609375,0.27499999999999997,0.0,0.0,0.4250000000000001,0.11428571428571431,0.10000000000000002,0.1285714285714286,0.8000000000000004,0.30000000000000004,0.2,0.5750000000000002,0.5428571428571419,0.5857142857142846,0.3571428571428568
0.33173076923076894,2.17578125,2.732421875,0.27499999999999997,0.0,0.0,0.4250000000000001,0.11428571428571431,0.10000000000000002,0.1285714285714286,0.8000000000000004,0.30000000000000004,0.2,0.5750000000000002,0.5428571428571419,0.5857142857142846,0.36428571428571394
0.33269230769230734,2.181640625,2.736328125,0.27499999999999997,0.0,0.0,0.4250000000000001,0.11428571428571431,0.10000000000000002,0.1285714285714286,0.8000000000000004,0.30000000000000004,0.2,0.5750000000000002,0.5428571428571419,0.5857142857142846,0.37142857142857105
0.33365384615384586,2.189453125,2.744140625,0.27499999999999997,0.0,0.0,0.4500000000000001,0.11428571428571431,0.10000000000000002,0.1285714285714286,0.8000000000000004,0.30000000000000004,0.2,0.5750000000000002,0.5428571428571419,0.5857142857142846,0.37142857142857105
0.3346153846153843,2.197265625,2.751953125,0.27499999999999997,0.0,0.0,0.4500000000000001,0.12142857142857146,0.10000000000000002,0.1285714285714286,0.8000000000000004,0.30000000000000004,0.2,0.5750000000000002,0.5428571428571419,0.5857142857142846,0.37142857142857105
0.3355769230769228,2.203125,2.759765625,0.27499999999999997,0.0,0.0,0.4500000000000001,0.12142857142857146,0.10714285714285716,0.1285714285714286,0.8000000000000004,0.30000000000000004,0.2,0.5750000000000002,0.5428571428571419,0.5857142857142846,0.37142857142857105
0.3365384615384612,2.208984375,2.767578125,0.27499999999999997,0.0,0.0,0.4500000000000001,0.12142857142857146,0.10714285714285716,0.1285714285714286,0.8000000000000004,0.30000000000000004,0.2,0.5750000000000002,0.549999999999999,0.5857142857142846,0.37142857142857105
0.3374999999999997,2.216796875,2.775390625,0.27499999999999997,0.0,0.0,0.4500000000000001,0.1285714285714286,0.10714285714285716,0.1285714285714286,0.8000000000000004,0.30000000000000004,0.2,0.5750000000000002,0.549999999999999,0.5857142857142846,0.37142857142857105
0.33846153846153815,2.22265625,2.78515625,0.27499999999999997,0.0,0.0,0.4500000000000001,0.1285714285714286,0.10714285714285716,0.1285714285714286,0.8000000000000004,0.30000000000000004,0.2,0.5750000000000002,0.5571428571428562,0.5857142857142846,0.37142857142857105
0.3394230769230766,2.23046875,2.794921875,0.27499999999999997,0.0,0.0,0.4500000000000001,0.1285714285714286,0.11428571428571431,0.1285714285714286,0.8000000000000004,0.30000000000000004,0.2,0.5750000000000002,0.5571428571428562,0.5857142857142846,0.37142857142857105
0.3403846153846151,2.236328125,2.802734375,0.27499999999999997,0.0,0.0,0.4500000000000001,0.1285714285714286,0.12142857142857146,0.1285714285714286,0.8000000000000004,0.30000000000000004,0.2,0.5750000000000002,0.5571428571428562,0.5857142857142846,0.37142857142857105
0.3413461538461535,2.2421875,2.8125,0.27499999999999997,0.0,0.0,0.4500000000000001,0.1285714285714286,0.12142857142857146,0.1285714285714286,0.8000000000000004,0.30000000000000004,0.2,0.5750000000000002,0.5642857142857133,0.5857142857142846,0.37142857142857105
0.342307692307692,2.25,2.8203125,0.27499999999999997,0.0,0.0,0.4500000000000001,0.1285714285714286,0.1285714285714286,0.1285714285714286,0.8000000000000004,0.30000000000000004,0.2,0.5750000000000002,0.5642857142857133,0.5857142857142846,0.37142857142857105
0.34326923076923044,2.255859375,2.82421875,0.27499999999999997,0.0,0.0,0.4500000000000001,0.1285714285714286,0.1285714285714286,0.1285714285714286,0.8000000000000004,0.30000000000000004,0.2,0.6000000000000002,0.5642857142857133,0.5857142857142846,0.37142857142857105
0.34423076923076895,2.263671875,2.833984375,0.27499999999999997,0.0,0.0,0.4500000000000001,0.13571428571428573,0.1285714285714286,0.1285714285714286,0.8000000000000004,0.30000000000000004,0.2,0.6000000000000002,0.5642857142857133,0.5857142857142846,0.37142857142857105
0.3451923076923074,2.271484375,2.841796875,0.27499999999999997,0.0,0.0,0.4500000000000001,0.14285714285714288,0.1285714285714286,0.1285714285714286,0.8000000000000004,0.30000000000000004,0.2,0.6000000000000002,0.5642857142857133,0.5857142857142846,0.37142857142857105
0.3461538461538458,2.27734375,2.849609375,0.27499999999999997,0.0,0.0,0.4500000000000001,0.14285714285714288,0.1285714285714286,0.1285714285714286,0.8000000000000004,0.30000000000000004,0.2,0.6000000000000002,0.5714285714285704,0.5857142857142846,0.37142857142857105
0.34711538461538427,2.28515625,2.857421875,0.27499999999999997,0.0,0.0,0.4500000000000001,0.14285714285714288,0.13571428571428573,0.1285714285714286,0.8000000000000004,0.30000000000000004,0.2,0.6000000000000002,0.5714285714285704,0.5857142857142846,0.37142857142857105
0.3480769230769228,2.291015625,2.865234375,0.27499999999999997,0.0,0.0,0.4500000000000001,0.14285714285714288,0.13571428571428573,0.1285714285714286,0.8000000000000004,0.30000000000000004,0.2,0.6000000000000002,0.5785714285714275,0.5857142857142846,0.37142857142857105
0.34903846153846124,2.296875,2.875,0.27499999999999997,0.0,0.0,0.4500000000000001,0.14285714285714288,0.13571428571428573,0.1285714285714286,0.8000000000000004,0.30000000000000004,0.2,0.6000000000000002,0.5785714285714275,0.5857142857142846,0.37857142857142817
0.3499999999999997,2.3046875,2.8828125,0.27499999999999997,0.0,0.0,0.4500000000000001,0.14285714285714288,0.14285714285714288,0.1285714285714286,0.8000000000000004,0.30000000000000004,0.2,0.6000000000000002,0.5785714285714275,0.5857142857142846,0.37857142857142817
0.3509615384615382,2.310546875,2.892578125,0.27499999999999997,0.0,0.0,0.4500000000000001,0.14285714285714288,0.14285714285714288,0.1285714285714286,0.8250000000000004,0.30000000000000004,0.2,0.6000000000000002,0.5785714285714275,0.5857142857142846,0.37857142857142817
0.3519230769230766,2.318359375,2.89453125,0.27499999999999997,0.0,0.0,0.4500000000000001,0.14285714285714288,0.15000000000000002,0.1285714285714286,0.8250000000000004,0.30000000000000004,0.2,0.6000000000000002,0.5785714285714275,0.5857142857142846,0.37857142857142817
0.3528846153846151,2.326171875,2.90234375,0.27499999999999997,0.0,0.0,0.4500000000000001,0.15000000000000002,0.15000000000000002,0.1285714285714286,0.8250000000000004,0.30000000000000004,0.2,0.6000000000000002,0.5785714285714275,0.5857142857142846,0.37857142857142817
0.35384615384615353,2.333984375,2.912109375,0.27499999999999997,0.0,0.0,0.47500000000000014,0.15000000000000002,0.15000000000000002,0.1285714285714286,0.8250000000000004,0.30000000000000004,0.2,0.6000000000000002,0.5785714285714275,0.5857142857142846,0.37857142857142817
0.35480769230769205,2.341796875,2.919921875,0.3,0.0,0.0,0.47500000000000014,0.15000000000000002,0.15000000000000002,0.1285714285714286,0.8250000000000004,0.30000000000000004,0.2,0.6000000000000002,0.5785714285714275,0.5857142857142846,0.37857142857142817
0.3557692307692305,2.349609375,2.927734375,0.3,0.0,0.0,0.47500000000000014,0.15714285714285717,0.15000000000000002,0.1285714285714286,0.8250000000000004,0.30000000000000004,0.2,0.6000000000000002,0.5785714285714275,0.5857142857142846,0.37857142857142817
0.3567307692307689,2.35546875,2.935546875,0.3,0.0,0.0,0.47500000000000014,0.15714285714285717,0.15000000000000002,0.1285714285714286,0.8250000000000004,0.30000000000000004,0.2,0.6000000000000002,0.5857142857142846,0.5857142857142846,0.37857142857142817
0.35769230769230737,2.36328125,2.9453125,0.3,0.0,0.0,0.47500000000000014,0.1642857142857143,0.15000000000000002,0.1285714285714286,0.8250000000000004,0.30000000000000004,0.2,0.6000000000000002,0.5857142857142846,0.5857142857142846,0.37857142857142817
0.3586538461538459,2.37109375,2.955078125,0.3,0.0,0.0,0.47500000000000014,0.1642857142857143,0.15714285714285717,0.1285714285714286,0.8250000000000004,0.30000000000000004,0.2,0.6000000000000002,0.5857142857142846,0.5857142857142846,0.37857142857142817
0.3596153846153843,2.376953125,2.95703125,0.3,0.0,0.0,0.47500000000000014,0.1642857142857143,0.15714285714285717,0.13571428571428573,0.8250000000000004,0.30000000000000004,0.2,0.6000000000000002,0.5857142857142846,0.5857142857142846,0.37857142857142817
0.3605769230769227,2.3828125,2.966796875,0.3,0.0,0.0,0.47500000000000014,0.1642857142857143,0.15714285714285717,0.13571428571428573,0.8250000000000004,0.30000000000000004,0.2,0.6000000000000002,0.5857142857142846,0.5857142857142846,0.3857142857142853
0.3615384615384612,2.390625,2.974609375,0.3,0.0,0.0,0.47500000000000014,0.1642857142857143,0.1642857142857143,0.13571428571428573,0.8250000000000004,0.30000000000000004,0.2,0.6000000000000002,0.5857142857142846,0.5857142857142846,0.3857142857142853
0.3624999999999996,2.3984375,2.984375,0.3,0.0,0.1,0.47500000000000014,0.1642857142857143,0.1642857142857143,0.13571428571428573,0.8250000000000004,0.30000000000000004,0.2,0.6000000000000002,0.5857142857142846,0.5857142857142846,0.3857142857142853
0.36346153846153817,2.40625,2.9921875,0.3,0.0,0.1,0.47500000000000014,0.1642857142857143,0.1642857142857143,0.14285714285714288,0.8250000000000004,0.30000000000000004,0.2,0.6000000000000002,0.5857142857142846,0.5857142857142846,0.3857142857142853
0.36442307692307657,2.412109375,3.0,0.3,0.0,0.1,0.47500000000000014,0.1642857142857143,0.1642857142857143,0.14285714285714288,0.8500000000000004,0.30000000000000004,0.2,0.6000000000000002,0.5857142857142846,0.5857142857142846,0.3857142857142853
0.36538461538461503,2.41796875,3.0078125,0.3,0.0,0.1,0.47500000000000014,0.1642857142857143,0.1642857142857143,0.14285714285714288,0.8500000000000004,0.30000000000000004,0.2,0.6000000000000002,0.5857142857142846,0.5857142857142846,0.3928571428571424
0.36634615384615354,2.423828125,3.017578125,0.3,0.0,0.1,0.47500000000000014,0.1642857142857143,0.1642857142857143,0.14285714285714288,0.8500000000000004,0.30000000000000004,0.2,0.6000000000000002,0.5857142857142846,0.5857142857142846,0.3999999999999995
0.36730769230769206,2.431640625,3.025390625,0.3,0.0,0.1,0.47500000000000014,0.1642857142857143,0.1642857142857143,0.15000000000000002,0.8500000000000004,0.30000000000000004,0.2,0.6000000000000002,0.5857142857142846,0.5857142857142846,0.3999999999999995
0.36826923076923046,2.4375,3.02734375,0.3,0.0,0.1,0.47500000000000014,0.1642857142857143,0.1642857142857143,0.15000000000000002,0.8500000000000004,0.30000000000000004,0.2,0.6000000000000002,0.5928571428571418,0.5857142857142846,0.3999999999999995
0.36923076923076886,2.4453125,3.037109375,0.3,0.0,0.1,0.47500000000000014,0.1642857142857143,0.1642857142857143,0.15714285714285717,0.8500000000000004,0.30000000000000004,0.2,0.6000000000000002,0.5928571428571418,0.5857142857142846,0.3999999999999995
0.37019230769230743,2.451171875,3.044921875,0.3,0.0,0.1,0.47500000000000014,0.1642857142857143,0.1642857142857143,0.15714285714285717,0.8500000000000004,0.30000000000000004,0.2,0.6000000000000002,0.5999999999999989,0.5857142857142846,0.3999999999999995
0.37115384615384583,2.45703125,3.052734375,0.3,0.0,0.1,0.47500000000000014,0.1642857142857143,0.1642857142857143,0.15714285714285717,0.8500000000000004,0.30000000000000004,0.2,0.6000000000000002,0.607142857142856,0.5857142857142846,0.3999999999999995
0.37211538461538435,2.46484375,3.0625,0.3,0.0,0.1,0.47500000000000014,0.1642857142857143,0.1642857142857143,0.1642857142857143,0.8500000000000004,0.30000000000000004,0.2,0.6000000000000002,0.607142857142856,0.5857142857142846,0.3999999999999995
0.37307692307692275,2.470703125,3.0703125,0.3,0.0,0.1,0.47500000000000014,0.1642857142857143,0.1642857142857143,0.1642857142857143,0.8500000000000004,0.30000000000000004,0.2,0.6000000000000002,0.6142857142857131,0.5857142857142846,0.3999999999999995
0.3740384615384612,2.478515625,3.080078125,0.3,0.0,0.1,0.47500000000000014,0.1642857142857143,0.1642857142857143,0.17142857142857146,0.8500000000000004,0.30000000000000004,0.2,0.6000000000000002,0.6142857142857131,0.5857142857142846,0.3999999999999995
0.37499999999999967,2.484375,3.087890625,0.3,0.0,0.1,0.47500000000000014,0.1642857142857143,0.1642857142857143,0.17142857142857146,0.8500000000000004,0.30000000000000004,0.2,0.6000000000000002,0.6142857142857131,0.5857142857142846,0.40714285714285664
0.37596153846153807,2.490234375,3.09765625,0.3,0.0,0.1,0.47500000000000014,0.1642857142857143,0.1642857142857143,0.17142857142857146,0.8500000000000004,0.30000000000000004,0.2,0.6000000000000002,0.6142857142857131,0.5857142857142846,0.41428571428571376
0.3769230769230765,2.49609375,3.1015625,0.3,0.0,0.1,0.47500000000000014,0.1642857142857143,0.1642857142857143,0.17142857142857146,0.8500000000000004,0.30000000000000004,0.2,0.6000000000000002,0.6142857142857131,0.5857142857142846,0.4214285714285709
0.3778846153846151,2.50390625,3.111328125,0.3,0.0,0.1,0.47500000000000014,0.1642857142857143,0.1642857142857143,0.17142857142857146,0.8500000000000004,0.4,0.2,0.6000000000000002,0.6142857142857131,0.5857142857142846,0.4214285714285709
0.37884615384615355,2.509765625,3.1171875,0.3,0.0,0.1,0.47500000000000014,0.1642857142857143,0.1642857142857143,0.17142857142857146,0.8500000000000004,0.4,0.2,0.6000000000000002,0.6142857142857131,0.5857142857142846,0.428571428571428
0.37980769230769196,2.517578125,3.126953125,0.3,0.0,0.1,0.47500000000000014,0.1642857142857143,0.1642857142857143,0.17142857142857146,0.8500000000000004,0.4,0.2,0.6250000000000002,0.6142857142857131,0.5857142857142846,0.428571428571428
0.38076923076923036,2.5234375,3.134765625,0.3,0.0,0.1,0.47500000000000014,0.1642857142857143,0.1642857142857143,0.17142857142857146,0.8500000000000004,0.4,0.2,0.6250000000000002,0.6214285714285702,0.5857142857142846,0.428571428571428
0.3817307692307689,2.529296875,3.14453125,0.3,0.0,0.1,0.47500000000000014,0.1642857142857143,0.1642857142857143,0.17142857142857146,0.8500000000000004,0.4,0.2,0.6250000000000002,0.6214285714285702,0.5857142857142846,0.4357142857142851
0.3826923076923074,2.537109375,3.154296875,0.3,0.0,0.1,0.47500000000000014,0.17142857142857146,0.1642857142857143,0.17142857142857146,0.8500000000000004,0.4,0.2,0.6250000000000002,0.6214285714285702,0.5857142857142846,0.4357142857142851
0.3836538461538458,2.544921875,3.16015625,0.325,0.0,0.1,0.47500000000000014,0.17142857142857146,0.1642857142857143,0.17142857142857146,0.8500000000000004,0.4,0.2,0.6250000000000002,0.6214285714285702,0.5857142857142846,0.4357142857142851
0.38461538461538436,2.552734375,3.1640625,0.35000000000000003,0.0,0.1,0.47500000000000014,0.17142857142857146,0.1642857142857143,0.17142857142857146,0.8500000000000004,0.4,0.2,0.6250000000000002,0.6214285714285702,0.5857142857142846,0.4357142857142851
0.38557692307692276,2.560546875,3.173828125,0.35000000000000003,0.0,0.1,0.47500000000000014,0.17142857142857146,0.17142857142857146,0.17142857142857146,0.8500000000000004,0.4,0.2,0.6250000000000002,0.6214285714285702,0.5857142857142846,0.4357142857142851
0.38653846153846116,2.568359375,3.181640625,0.35000000000000003,0.0,0.1,0.47500000000000014,0.17142857142857146,0.17142857142857146,0.17142857142857146,0.8500000000000004,0.4,0.2,0.6500000000000002,0.6214285714285702,0.5857142857142846,0.4357142857142851
0.3874999999999996,2.57421875,3.19140625,0.35000000000000003,0.0,0.1,0.47500000000000014,0.17142857142857146,0.17142857142857146,0.17142857142857146,0.8500000000000004,0.4,0.2,0.6500000000000002,0.6214285714285702,0.5928571428571418,0.4357142857142851
0.3884615384615381,2.58203125,3.19921875,0.35000000000000003,0.0,0.1,0.47500000000000014,0.1785714285714286,0.17142857142857146,0.17142857142857146,0.8500000000000004,0.4,0.2,0.6500000000000002,0.6214285714285702,0.5928571428571418,0.4357142857142851
0.3894230769230766,2.58984375,3.208984375,0.35000000000000003,0.0,0.1,0.47500000000000014,0.18571428571428575,0.17142857142857146,0.17142857142857146,0.8500000000000004,0.4,0.2,0.6500000000000002,0.6214285714285702,0.5928571428571418,0.4357142857142851
0.39038461538461505,2.595703125,3.216796875,0.35000000000000003,0.0,0.1,0.47500000000000014,0.18571428571428575,0.17142857142857146,0.17142857142857146,0.8500000000000004,0.4,0.2,0.6500000000000002,0.6214285714285702,0.5999999999999989,0.4357142857142851
0.3913461538461535,2.6015625,3.224609375,0.35000000000000003,0.0,0.1,0.47500000000000014,0.18571428571428575,0.17142857142857146,0.17142857142857146,0.8500000000000004,0.4,0.2,0.6500000000000002,0.6214285714285702,0.607142857142856,0.4357142857142851
0.392307692307692,2.607421875,3.2265625,0.35000000000000003,0.0,0.1,0.47500000000000014,0.18571428571428575,0.17142857142857146,0.17142857142857146,0.8500000000000004,0.4,0.2,0.6500000000000002,0.6214285714285702,0.6142857142857131,0.4357142857142851
0.3932692307692304,2.615234375,3.236328125,0.35000000000000003,0.0,0.1,0.5000000000000001,0.18571428571428575,0.17142857142857146,0.17142857142857146,0.8500000000000004,0.4,0.2,0.6500000000000002,0.6214285714285702,0.6142857142857131,0.4357142857142851
0.39423076923076894,2.623046875,3.244140625,0.35000000000000003,0.0,0.1,0.5000000000000001,0.18571428571428575,0.1785714285714286,0.17142857142857146,0.8500000000000004,0.4,0.2,0.6500000000000002,0.6214285714285702,0.6142857142857131,0.4357142857142851
0.39519230769230734,2.630859375,3.25390625,0.35000000000000003,0.0,0.1,0.5000000000000001,0.18571428571428575,0.1785714285714286,0.17142857142857146,0.8500000000000004,0.4,0.2,0.6750000000000003,0.6214285714285702,0.6142857142857131,0.4357142857142851
0.39615384615384575,2.63671875,3.263671875,0.35000000000000003,0.0,0.1,0.5000000000000001,0.18571428571428575,0.1785714285714286,0.17142857142857146,0.8500000000000004,0.4,0.2,0.6750000000000003,0.6285714285714273,0.6142857142857131,0.4357142857142851
0.3971153846153842,2.642578125,3.271484375,0.35000000000000003,0.0,0.1,0.5000000000000001,0.18571428571428575,0.1785714285714286,0.17142857142857146,0.8500000000000004,0.4,0.2,0.6750000000000003,0.6285714285714273,0.6142857142857131,0.4428571428571422
0.3980769230769227,2.650390625,3.28125,0.35000000000000003,0.0,0.1,0.5000000000000001,0.18571428571428575,0.18571428571428575,0.17142857142857146,0.8500000000000004,0.4,0.2,0.6750000000000003,0.6285714285714273,0.6142857142857131,0.4428571428571422
0.3990384615384611,2.658203125,3.2890625,0.35000000000000003,0.0,0.1,0.5000000000000001,0.18571428571428575,0.18571428571428575,0.17142857142857146,0.8500000000000004,0.4,0.2,0.6750000000000003,0.6357142857142845,0.6142857142857131,0.4428571428571422
0.3999999999999996,2.6640625,3.296875,0.35000000000000003,0.0,0.1,0.5000000000000001,0.18571428571428575,0.18571428571428575,0.17142857142857146,0.8500000000000004,0.4,0.2,0.6750000000000003,0.6428571428571416,0.6142857142857131,0.4428571428571422
0.4009615384615381,2.669921875,3.30078125,0.35000000000000003,0.0,0.1,0.5000000000000001,0.18571428571428575,0.18571428571428575,0.17142857142857146,0.8500000000000004,0.4,0.2,0.6750000000000003,0.6499999999999987,0.6142857142857131,0.4428571428571422
0.4019230769230765,2.67578125,3.30859375,0.35000000000000003,0.0,0.1,0.5000000000000001,0.18571428571428575,0.18571428571428575,0.17142857142857146,0.8500000000000004,0.4,0.2,0.6750000000000003,0.6499999999999987,0.6214285714285702,0.4428571428571422
0.40288461538461495,2.68359375,3.318359375,0.35000000000000003,0.0,0.1,0.5000000000000001,0.18571428571428575,0.18571428571428575,0.1785714285714286,0.8500000000000004,0.4,0.2,0.6750000000000003,0.6499999999999987,0.6214285714285702,0.4428571428571422
0.4038461538461534,2.69140625,3.328125,0.35000000000000003,0.0,0.1,0.5000000000000001,0.18571428571428575,0.18571428571428575,0.1785714285714286,0.8500000000000004,0.4,0.2,0.6750000000000003,0.6571428571428558,0.6214285714285702,0.4428571428571422
0.4048076923076919,2.697265625,3.3359375,0.35000000000000003,0.0,0.1,0.5000000000000001,0.18571428571428575,0.18571428571428575,0.1785714285714286,0.8500000000000004,0.4,0.2,0.6750000000000003,0.6642857142857129,0.6214285714285702,0.4428571428571422
0.4057692307692304,2.705078125,3.345703125,0.35000000000000003,0.0,0.1,0.5000000000000001,0.18571428571428575,0.18571428571428575,0.18571428571428575,0.8500000000000004,0.4,0.2,0.6750000000000003,0.6642857142857129,0.6214285714285702,0.4428571428571422
0.40673076923076884,2.712890625,3.353515625,0.35000000000000003,0.0,0.1,0.5000000000000001,0.18571428571428575,0.18571428571428575,0.18571428571428575,0.8500000000000004,0.4,0.2,0.6750000000000003,0.67142857142857,0.6214285714285702,0.4428571428571422
0.40769230769230724,2.71875,3.36328125,0.35000000000000003,0.0,0.1,0.5000000000000001,0.18571428571428575,0.18571428571428575,0.18571428571428575,0.8500000000000004,0.4,0.2,0.6750000000000003,0.6785714285714272,0.6214285714285702,0.4428571428571422
0.40865384615384576,2.724609375,3.365234375,0.35000000000000003,0.0,0.1,0.5000000000000001,0.18571428571428575,0.18571428571428575,0.18571428571428575,0.8500000000000004,0.4,0.2,0.6750000000000003,0.6785714285714272,0.6285714285714273,0.4428571428571422
0.4096153846153842,2.73046875,3.375,0.35000000000000003,0.0,0.1,0.5000000000000001,0.18571428571428575,0.18571428571428575,0.18571428571428575,0.8500000000000004,0.4,0.2,0.6750000000000003,0.6785714285714272,0.6357142857142845,0.4428571428571422
0.4105769230769227,2.73828125,3.3828125,0.35000000000000003,0.0,0.1,0.5000000000000001,0.18571428571428575,0.18571428571428575,0.18571428571428575,0.8500000000000004,0.4,0.2,0.6750000000000003,0.6857142857142843,0.6357142857142845,0.4428571428571422
0.4115384615384611,2.744140625,3.390625,0.35000000000000003,0.0,0.1,0.5000000000000001,0.18571428571428575,0.18571428571428575,0.18571428571428575,0.8500000000000004,0.4,0.2,0.6750000000000003,0.6857142857142843,0.6428571428571416,0.4428571428571422
0.4124999999999996,2.75,3.400390625,0.35000000000000003,0.0,0.1,0.5000000000000001,0.18571428571428575,0.18571428571428575,0.18571428571428575,0.8500000000000004,0.4,0.2,0.6750000000000003,0.6857142857142843,0.6499999999999987,0.4428571428571422
0.41346153846153805,2.7578125,3.408203125,0.35000000000000003,0.0,0.1,0.5000000000000001,0.18571428571428575,0.18571428571428575,0.18571428571428575,0.8500000000000004,0.4,0.2,0.6750000000000003,0.6928571428571414,0.6499999999999987,0.4428571428571422
0.4144230769230765,2.763671875,3.41796875,0.35000000000000003,0.0,0.1,0.5000000000000001,0.18571428571428575,0.18571428571428575,0.18571428571428575,0.8500000000000004,0.4,0.2,0.6750000000000003,0.6928571428571414,0.6571428571428558,0.4428571428571422
0.415384615384615,2.76953125,3.42578125,0.35000000000000003,0.0,0.1,0.5000000000000001,0.18571428571428575,0.18571428571428575,0.18571428571428575,0.8500000000000004,0.4,0.2,0.6750000000000003,0.6928571428571414,0.6571428571428558,0.44999999999999934
0.4163461538461535,2.775390625,3.435546875,0.35000000000000003,0.0,0.1,0.5000000000000001,0.18571428571428575,0.18571428571428575,0.18571428571428575,0.8500000000000004,0.4,0.2,0.6750000000000003,0.6928571428571414,0.6571428571428558,0.45714285714285646
0.41730769230769194,2.783203125,3.439453125,0.35000000000000003,0.0,0.1,0.5000000000000001,0.18571428571428575,0.18571428571428575,0.18571428571428575,0.8750000000000004,0.4,0.2,0.6750000000000003,0.6928571428571414,0.6571428571428558,0.45714285714285646
0.41826923076923034,2.791015625,3.447265625,0.35000000000000003,0.0,0.1,0.5000000000000001,0.18571428571428575,0.18571428571428575,0.18571428571428575,0.8750000000000004,0.4,0.2,0.6750000000000003,0.6999999999999985,0.6571428571428558,0.45714285714285646
0.41923076923076874,2.798828125,3.45703125,0.35000000000000003,0.0,0.1,0.5250000000000001,0.18571428571428575,0.18571428571428575,0.18571428571428575,0.8750000000000004,0.4,0.2,0.6750000000000003,0.6999999999999985,0.6571428571428558,0.45714285714285646
0.42019230769230725,2.806640625,3.466796875,0.35000000000000003,0.0,0.1,0.5250000000000001,0.18571428571428575,0.18571428571428575,0.18571428571428575,0.8750000000000004,0.4,0.2,0.6750000000000003,0.7071428571428556,0.6571428571428558,0.45714285714285646
0.4211538461538457,2.814453125,3.474609375,0.35000000000000003,0.0,0.1,0.5250000000000001,0.18571428571428575,0.18571428571428575,0.18571428571428575,0.8750000000000004,0.4,0.2,0.6750000000000003,0.7142857142857127,0.6571428571428558,0.45714285714285646
0.42211538461538417,2.8203125,3.482421875,0.35000000000000003,0.0,0.1,0.5250000000000001,0.18571428571428575,0.18571428571428575,0.18571428571428575,0.8750000000000004,0.4,0.2,0.6750000000000003,0.7214285714285699,0.6571428571428558,0.45714285714285646
0.4230769230769227,2.828125,3.490234375,0.37500000000000006,0.0,0.1,0.5250000000000001,0.18571428571428575,0.18571428571428575,0.18571428571428575,0.8750000000000004,0.4,0.2,0.6750000000000003,0.7214285714285699,0.6571428571428558,0.45714285714285646
0.4240384615384611,2.8359375,3.494140625,0.37500000000000006,0.0,0.1,0.5250000000000001,0.18571428571428575,0.18571428571428575,0.18571428571428575,0.8750000000000004,0.4,0.2,0.6750000000000003,0.728571428571427,0.6571428571428558,0.45714285714285646
0.42499999999999954,2.841796875,3.50390625,0.37500000000000006,0.0,0.1,0.5250000000000001,0.18571428571428575,0.18571428571428575,0.18571428571428575,0.8750000000000004,0.4,0.2,0.6750000000000003,0.728571428571427,0.6642857142857129,0.45714285714285646
0.425961538461538,2.849609375,3.51171875,0.37500000000000006,0.0,0.1,0.5250000000000001,0.18571428571428575,0.18571428571428575,0.18571428571428575,0.8750000000000004,0.4,0.2,0.6750000000000003,0.7357142857142841,0.6642857142857129,0.45714285714285646
0.4269230769230765,2.85546875,3.51953125,0.37500000000000006,0.0,0.1,0.5250000000000001,0.18571428571428575,0.18571428571428575,0.18571428571428575,0.8750000000000004,0.4,0.2,0.6750000000000003,0.7357142857142841,0.6642857142857129,0.4642857142857136
0.4278846153846149,2.861328125,3.53125,0.37500000000000006,0.0,0.1,0.5250000000000001,0.18571428571428575,0.18571428571428575,0.18571428571428575,0.8750000000000004,0.4,0.2,0.6750000000000003,0.7357142857142841,0.6642857142857129,0.4714285714285707
0.4288461538461534,2.869140625,3.537109375,0.37500000000000006,0.0,0.1,0.5250000000000001,0.18571428571428575,0.18571428571428575,0.18571428571428575,0.8750000000000004,0.4,0.2,0.6750000000000003,0.7428571428571412,0.6642857142857129,0.4714285714285707
0.42980769230769184,2.876953125,3.546875,0.37500000000000006,0.0,0.1,0.5250000000000001,0.18571428571428575,0.18571428571428575,0.18571428571428575,0.8750000000000004,0.4,0.2,0.6750000000000003,0.7428571428571412,0.67142857142857,0.4714285714285707
0.43076923076923024,2.8828125,3.5546875,0.37500000000000006,0.0,0.1,0.5250000000000001,0.18571428571428575,0.18571428571428575,0.18571428571428575,0.8750000000000004,0.4,0.2,0.6750000000000003,0.7428571428571412,0.6785714285714272,0.4714285714285707
0.43173076923076875,2.888671875,3.5625,0.37500000000000006,0.0,0.1,0.5250000000000001,0.18571428571428575,0.18571428571428575,0.18571428571428575,0.8750000000000004,0.4,0.2,0.6750000000000003,0.7428571428571412,0.6785714285714272,0.4785714285714278
0.4326923076923072,2.89453125,3.57421875,0.37500000000000006,0.0,0.1,0.5250000000000001,0.18571428571428575,0.18571428571428575,0.18571428571428575,0.8750000000000004,0.4,0.2,0.6750000000000003,0.7428571428571412,0.6785714285714272,0.48571428571428493
0.43365384615384567,2.900390625,3.576171875,0.37500000000000006,0.0,0.1,0.5250000000000001,0.18571428571428575,0.18571428571428575,0.18571428571428575,0.8750000000000004,0.4,0.2,0.6750000000000003,0.7428571428571412,0.6785714285714272,0.49285714285714205
0.4346153846153842,2.908203125,3.583984375,0.37500000000000006,0.0,0.1,0.5250000000000001,0.18571428571428575,0.18571428571428575,0.18571428571428575,0.8750000000000004,0.4,0.2,0.6750000000000003,0.7428571428571412,0.6857142857142843,0.49285714285714205
0.43557692307692264,2.9140625,3.595703125,0.37500000000000006,0.0,0.1,0.5250000000000001,0.18571428571428575,0.18571428571428575,0.18571428571428575,0.8750000000000004,0.4,0.2,0.6750000000000003,0.7428571428571412,0.6928571428571414,0.49285714285714205
0.4365384615384611,2.921875,3.603515625,0.37500000000000006,0.0,0.1,0.5250000000000001,0.1928571428571429,0.18571428571428575,0.18571428571428575,0.8750000000000004,0.4,0.2,0.6750000000000003,0.7428571428571412,0.6928571428571414,0.49285714285714205
0.4374999999999996,2.9296875,3.61328125,0.37500000000000006,0.0,0.1,0.5250000000000001,0.20000000000000004,0.18571428571428575,0.18571428571428575,0.8750000000000004,0.4,0.2,0.6750000000000003,0.7428571428571412,0.6928571428571414,0.49285714285714205
0.438461538461538,2.935546875,3.623046875,0.37500000000000006,0.0,0.1,0.5250000000000001,0.20000000000000004,0.18571428571428575,0.18571428571428575,0.8750000000000004,0.4,0.2,0.6750000000000003,0.7428571428571412,0.6928571428571414,0.49999999999999917
0.43942307692307647,2.943359375,3.630859375,0.4000000000000001,0.0,0.1,0.5250000000000001,0.20000000000000004,0.18571428571428575,0.18571428571428575,0.8750000000000004,0.4,0.2,0.6750000000000003,0.7428571428571412,0.6928571428571414,0.49999999999999917
0.4403846153846149,2.951171875,3.634765625,0.4000000000000001,0.0,0.1,0.5250000000000001,0.20714285714285718,0.18571428571428575,0.18571428571428575,0.8750000000000004,0.4,0.2,0.6750000000000003,0.7428571428571412,0.6928571428571414,0.49999999999999917
0.44134615384615333,2.958984375,3.642578125,0.4000000000000001,0.0,0.1,0.5250000000000001,0.21428571428571433,0.18571428571428575,0.18571428571428575,0.8750000000000004,0.4,0.2,0.6750000000000003,0.7428571428571412,0.6928571428571414,0.49999999999999917
0.44230769230769185,2.966796875,3.65234375,0.4000000000000001,0.0,0.1,0.5250000000000001,0.22142857142857147,0.18571428571428575,0.18571428571428575,0.8750000000000004,0.4,0.2,0.6750000000000003,0.7428571428571412,0.6928571428571414,0.49999999999999917
0.44326923076923025,2.974609375,3.66015625,0.4000000000000001,0.0,0.1,0.5250000000000001,0.22142857142857147,0.18571428571428575,0.18571428571428575,0.8750000000000004,0.5,0.2,0.6750000000000003,0.7428571428571412,0.6928571428571414,0.49999999999999917
0.4442307692307687,2.982421875,3.66796875,0.4000000000000001,0.0,0.1,0.5250000000000001,0.22142857142857147,0.18571428571428575,0.18571428571428575,0.8750000000000004,0.5,0.30000000000000004,0.6750000000000003,0.7428571428571412,0.6928571428571414,0.49999999999999917
0.44519230769230717,2.990234375,3.677734375,0.4000000000000001,0.0,0.1,0.5250000000000001,0.22857142857142862,0.18571428571428575,0.18571428571428575,0.8750000000000004,0.5,0.30000000000000004,0.6750000000000003,0.7428571428571412,0.6928571428571414,0.49999999999999917
0.4461538461538457,2.998046875,3.681640625,0.4000000000000001,0.0,0.1,0.5250000000000001,0.22857142857142862,0.18571428571428575,0.18571428571428575,0.8750000000000004,0.5,0.30000000000000004,0.6750000000000003,0.7428571428571412,0.6999999999999985,0.49999999999999917
0.44711538461538414,3.00390625,3.69140625,0.4000000000000001,0.0,0.1,0.5250000000000001,0.22857142857142862,0.18571428571428575,0.18571428571428575,0.8750000000000004,0.5,0.30000000000000004,0.6750000000000003,0.7428571428571412,0.6999999999999985,0.5071428571428563
0.44807692307692254,3.01171875,3.69921875,0.4000000000000001,0.0,0.1,0.5250000000000001,0.23571428571428577,0.18571428571428575,0.18571428571428575,0.8750000000000004,0.5,0.30000000000000004,0.6750000000000003,0.7428571428571412,0.6999999999999985,0.5071428571428563
0.4490384615384611,3.01953125,3.70703125,0.4000000000000001,0.0,0.1,0.5250000000000001,0.23571428571428577,0.18571428571428575,0.18571428571428575,0.8750000000000004,0.5,0.30000000000000004,0.7000000000000003,0.7428571428571412,0.6999999999999985,0.5071428571428563
0.4499999999999995,3.02734375,3.716796875,0.4000000000000001,0.0,0.1,0.5250000000000001,0.23571428571428577,0.18571428571428575,0.18571428571428575,0.8750000000000004,0.5,0.30000000000000004,0.7000000000000003,0.7499999999999983,0.6999999999999985,0.5071428571428563
0.45096153846153797,3.03515625,3.724609375,0.4000000000000001,0.0,0.1,0.5250000000000001,0.23571428571428577,0.18571428571428575,0.18571428571428575,0.8750000000000004,0.5,0.30000000000000004,0.7000000000000003,0.7499999999999983,0.7071428571428556,0.5071428571428563
0.4519230769230764,3.041015625,3.736328125,0.4000000000000001,0.0,0.1,0.5250000000000001,0.23571428571428577,0.18571428571428575,0.18571428571428575,0.8750000000000004,0.5,0.30000000000000004,0.7000000000000003,0.7499999999999983,0.7142857142857127,0.5071428571428563
0.45288461538461494,3.046875,3.744140625,0.4000000000000001,0.0,0.1,0.5250000000000001,0.23571428571428577,0.18571428571428575,0.18571428571428575,0.8750000000000004,0.5,0.30000000000000004,0.7000000000000003,0.7499999999999983,0.7142857142857127,0.5142857142857135
0.45384615384615334,3.0546875,3.75390625,0.4000000000000001,0.0,0.1,0.5250000000000001,0.23571428571428577,0.18571428571428575,0.18571428571428575,0.8750000000000004,0.5,0.30000000000000004,0.7000000000000003,0.7571428571428555,0.7142857142857127,0.5142857142857135
0.4548076923076918,3.0625,3.76171875,0.4000000000000001,0.0,0.1,0.5250000000000001,0.23571428571428577,0.18571428571428575,0.18571428571428575,0.8750000000000004,0.5,0.30000000000000004,0.7000000000000003,0.7571428571428555,0.7214285714285699,0.5142857142857135
0.45576923076923026,3.068359375,3.7734375,0.4000000000000001,0.0,0.1,0.5250000000000001,0.23571428571428577,0.18571428571428575,0.18571428571428575,0.8750000000000004,0.5,0.30000000000000004,0.7000000000000003,0.7571428571428555,0.728571428571427,0.5142857142857135
0.4567307692307688,3.076171875,3.775390625,0.4000000000000001,0.1,0.1,0.5250000000000001,0.23571428571428577,0.18571428571428575,0.18571428571428575,0.8750000000000004,0.5,0.30000000000000004,0.7000000000000003,0.7571428571428555,0.728571428571427,0.5142857142857135
0.45769230769230723,3.083984375,3.783203125,0.4000000000000001,0.1,0.1,0.5250000000000001,0.23571428571428577,0.18571428571428575,0.18571428571428575,0.8750000000000004,0.5,0.30000000000000004,0.7000000000000003,0.7571428571428555,0.7357142857142841,0.5142857142857135
0.45865384615384563,3.08984375,3.794921875,0.4000000000000001,0.1,0.1,0.5250000000000001,0.23571428571428577,0.18571428571428575,0.18571428571428575,0.8750000000000004,0.5,0.30000000000000004,0.7000000000000003,0.7571428571428555,0.7428571428571412,0.5142857142857135
0.4596153846153841,3.09765625,3.802734375,0.4000000000000001,0.1,0.1,0.5250000000000001,0.23571428571428577,0.18571428571428575,0.18571428571428575,0.8750000000000004,0.5,0.30000000000000004,0.7000000000000003,0.7642857142857126,0.7428571428571412,0.5142857142857135
0.4605769230769226,3.10546875,3.8125,0.4000000000000001,0.1,0.1,0.5250000000000001,0.23571428571428577,0.18571428571428575,0.18571428571428575,0.8750000000000004,0.5,0.30000000000000004,0.7000000000000003,0.7642857142857126,0.7499999999999983,0.5142857142857135
0.46153846153846106,3.11328125,3.8203125,0.4000000000000001,0.1,0.1,0.5250000000000001,0.23571428571428577,0.1928571428571429,0.18571428571428575,0.8750000000000004,0.5,0.30000000000000004,0.7000000000000003,0.7642857142857126,0.7499999999999983,0.5142857142857135
0.4624999999999995,3.12109375,3.828125,0.4000000000000001,0.1,0.1,0.5250000000000001,0.23571428571428577,0.20000000000000004,0.18571428571428575,0.8750000000000004,0.5,0.30000000000000004,0.7000000000000003,0.7642857142857126,0.7499999999999983,0.5142857142857135
0.46346153846153804,3.126953125,3.83203125,0.4000000000000001,0.1,0.1,0.5250000000000001,0.23571428571428577,0.20000000000000004,0.18571428571428575,0.8750000000000004,0.5,0.30000000000000004,0.7000000000000003,0.7642857142857126,0.7499999999999983,0.5214285714285706
0.4644230769230765,3.134765625,3.83984375,0.4000000000000001,0.1,0.1,0.5250000000000001,0.23571428571428577,0.20000000000000004,0.18571428571428575,0.8750000000000004,0.5,0.30000000000000004,0.7000000000000003,0.7714285714285697,0.7499999999999983,0.5214285714285706
0.4653846153846149,3.142578125,3.849609375,0.4000000000000001,0.1,0.1,0.5250000000000001,0.23571428571428577,0.20000000000000004,0.18571428571428575,0.9000000000000005,0.5,0.30000000000000004,0.7000000000000003,0.7714285714285697,0.7499999999999983,0.5214285714285706
0.46634615384615336,3.150390625,3.857421875,0.4000000000000001,0.1,0.1,0.5250000000000001,0.23571428571428577,0.20000000000000004,0.18571428571428575,0.9000000000000005,0.5,0.30000000000000004,0.7000000000000003,0.7714285714285697,0.7571428571428555,0.5214285714285706
0.46730769230769187,3.15625,3.8671875,0.4000000000000001,0.1,0.1,0.5250000000000001,0.23571428571428577,0.20000000000000004,0.18571428571428575,0.9000000000000005,0.5,0.30000000000000004,0.7000000000000003,0.7714285714285697,0.7571428571428555,0.5285714285714277
0.46826923076923027,3.1640625,3.875,0.4000000000000001,0.1,0.1,0.5250000000000001,0.23571428571428577,0.20000000000000004,0.18571428571428575,0.9000000000000005,0.5,0.30000000000000004,0.7000000000000003,0.7714285714285697,0.7642857142857126,0.5285714285714277
0.46923076923076873,3.169921875,3.884765625,0.4000000000000001,0.1,0.1,0.5250000000000001,0.23571428571428577,0.20000000000000004,0.18571428571428575,0.9000000000000005,0.5,0.30000000000000004,0.7000000000000003,0.7714285714285697,0.7642857142857126,0.5357142857142848
0.47019230769230713,3.177734375,3.892578125,0.4000000000000001,0.1,0.1,0.5500000000000002,0.23571428571428577,0.20000000000000004,0.18571428571428575,0.9000000000000005,0.5,0.30000000000000004,0.7000000000000003,0.7714285714285697,0.7642857142857126,0.5357142857142848
0.4711538461538456,3.185546875,3.90234375,0.4000000000000001,0.1,0.1,0.5500000000000002,0.2428571428571429,0.20000000000000004,0.18571428571428575,0.9000000000000005,0.5,0.30000000000000004,0.7000000000000003,0.7714285714285697,0.7642857142857126,0.5357142857142848
0.4721153846153841,3.193359375,3.91015625,0.4000000000000001,0.1,0.1,0.5500000000000002,0.25000000000000006,0.20000000000000004,0.18571428571428575,0.9000000000000005,0.5,0.30000000000000004,0.7000000000000003,0.7714285714285697,0.7642857142857126,0.5357142857142848
0.4730769230769225,3.201171875,3.9140625,0.4000000000000001,0.1,0.1,0.5500000000000002,0.25000000000000006,0.20000000000000004,0.18571428571428575,0.9000000000000005,0.5,0.30000000000000004,0.7000000000000003,0.7785714285714268,0.7642857142857126,0.5357142857142848
0.47403846153846096,3.208984375,3.921875,0.4000000000000001,0.1,0.1,0.5500000000000002,0.25000000000000006,0.20000000000000004,0.18571428571428575,0.9000000000000005,0.5,0.30000000000000004,0.7000000000000003,0.7785714285714268,0.7714285714285697,0.5357142857142848
0.4749999999999994,3.21484375,3.931640625,0.4000000000000001,0.1,0.1,0.5500000000000002,0.25000000000000006,0.20000000000000004,0.18571428571428575,0.9000000000000005,0.5,0.30000000000000004,0.7000000000000003,0.7785714285714268,0.7714285714285697,0.5428571428571419
0.47596153846153794,3.22265625,3.939453125,0.4000000000000001,0.1,0.1,0.5500000000000002,0.2571428571428572,0.20000000000000004,0.18571428571428575,0.9000000000000005,0.5,0.30000000000000004,0.7000000000000003,0.7785714285714268,0.7714285714285697,0.5428571428571419
0.4769230769230764,3.23046875,3.94921875,0.4250000000000001,0.1,0.1,0.5500000000000002,0.2571428571428572,0.20000000000000004,0.18571428571428575,0.9000000000000005,0.5,0.30000000000000004,0.7000000000000003,0.7785714285714268,0.7714285714285697,0.5428571428571419
0.47788461538461485,3.23828125,3.958984375,0.4250000000000001,0.1,0.1,0.5500000000000002,0.2571428571428572,0.20714285714285718,0.18571428571428575,0.9000000000000005,0.5,0.30000000000000004,0.7000000000000003,0.7785714285714268,0.7714285714285697,0.5428571428571419
0.47884615384615337,3.24609375,3.966796875,0.4250000000000001,0.1,0.1,0.5500000000000002,0.2571428571428572,0.20714285714285718,0.18571428571428575,0.9000000000000005,0.5,0.30000000000000004,0.7000000000000003,0.7785714285714268,0.7714285714285697,0.549999999999999
0.4798076923076918,3.251953125,3.970703125,0.4250000000000001,0.1,0.1,0.5500000000000002,0.2571428571428572,0.20714285714285718,0.18571428571428575,0.9000000000000005,0.5,0.30000000000000004,0.7000000000000003,0.7785714285714268,0.7714285714285697,0.5571428571428562
0.4807692307692302,3.2578125,3.978515625,0.4250000000000001,0.1,0.1,0.5500000000000002,0.2571428571428572,0.20714285714285718,0.18571428571428575,0.9000000000000005,0.5,0.30000000000000004,0.7000000000000003,0.7785714285714268,0.7714285714285697,0.5642857142857133
0.4817307692307687,3.263671875,3.98828125,0.4250000000000001,0.1,0.1,0.5500000000000002,0.2571428571428572,0.20714285714285718,0.18571428571428575,0.9000000000000005,0.5,0.30000000000000004,0.7000000000000003,0.7785714285714268,0.7714285714285697,0.5714285714285704
0.4826923076923072,3.271484375,3.99609375,0.4250000000000001,0.1,0.1,0.5500000000000002,0.2571428571428572,0.21428571428571433,0.18571428571428575,0.9000000000000005,0.5,0.30000000000000004,0.7000000000000003,0.7785714285714268,0.7714285714285697,0.5714285714285704
0.48365384615384566,3.279296875,4.00390625,0.4250000000000001,0.1,0.1,0.5500000000000002,0.2571428571428572,0.21428571428571433,0.18571428571428575,0.9000000000000005,0.5,0.30000000000000004,0.7000000000000003,0.7785714285714268,0.7714285714285697,0.5785714285714275
0.4846153846153841,3.28515625,4.01171875,0.4250000000000001,0.1,0.1,0.5500000000000002,0.2571428571428572,0.21428571428571433,0.18571428571428575,0.9000000000000005,0.5,0.30000000000000004,0.7000000000000003,0.7785714285714268,0.7714285714285697,0.5857142857142846
0.4855769230769225,3.29296875,4.01953125,0.4250000000000001,0.1,0.1,0.5500000000000002,0.2571428571428572,0.22142857142857147,0.18571428571428575,0.9000000000000005,0.5,0.30000000000000004,0.7000000000000003,0.7785714285714268,0.7714285714285697,0.5857142857142846
0.4865384615384609,3.30078125,4.03125,0.4250000000000001,0.1,0.1,0.5500000000000002,0.2571428571428572,0.22142857142857147,0.18571428571428575,0.9000000000000005,0.5,0.30000000000000004,0.7000000000000003,0.7785714285714268,0.7714285714285697,0.5928571428571418
0.48749999999999943,3.306640625,4.0390625,0.4250000000000001,0.1,0.1,0.5500000000000002,0.2571428571428572,0.22142857142857147,0.18571428571428575,0.9000000000000005,0.5,0.30000000000000004,0.7000000000000003,0.7785714285714268,0.7714285714285697,0.5999999999999989
0.4884615384615379,3.3125,4.04296875,0.4250000000000001,0.1,0.1,0.5500000000000002,0.2571428571428572,0.22142857142857147,0.18571428571428575,0.9000000000000005,0.5,0.30000000000000004,0.7000000000000003,0.7785714285714268,0.7714285714285697,0.607142857142856
0.48942307692307635,3.3203125,4.05078125,0.4500000000000001,0.1,0.1,0.5500000000000002,0.2571428571428572,0.22142857142857147,0.18571428571428575,0.9000000000000005,0.5,0.30000000000000004,0.7000000000000003,0.7785714285714268,0.7714285714285697,0.607142857142856
0.49038461538461486,3.328125,4.0625,0.4500000000000001,0.1,0.1,0.5500000000000002,0.2571428571428572,0.22142857142857147,0.18571428571428575,0.9000000000000005,0.5,0.30000000000000004,0.7000000000000003,0.7857142857142839,0.7714285714285697,0.607142857142856
0.4913461538461533,3.3359375,4.06640625,0.4500000000000001,0.1,0.1,0.5500000000000002,0.2571428571428572,0.22142857142857147,0.18571428571428575,0.9000000000000005,0.6,0.30000000000000004,0.7000000000000003,0.7857142857142839,0.7714285714285697,0.607142857142856
0.4923076923076918,3.34375,4.078125,0.4500000000000001,0.1,0.1,0.5500000000000002,0.2571428571428572,0.22142857142857147,0.18571428571428575,0.9000000000000005,0.6,0.30000000000000004,0.7250000000000003,0.7857142857142839,0.7714285714285697,0.607142857142856
0.4932692307692302,3.3515625,4.0859375,0.4500000000000001,0.1,0.1,0.5500000000000002,0.2571428571428572,0.22142857142857147,0.18571428571428575,0.9000000000000005,0.6,0.30000000000000004,0.7250000000000003,0.7857142857142839,0.7714285714285697,0.6142857142857131
0.4942307692307687,3.357421875,4.09375,0.4500000000000001,0.1,0.1,0.5500000000000002,0.2571428571428572,0.22142857142857147,0.18571428571428575,0.9000000000000005,0.6,0.30000000000000004,0.7250000000000003,0.7857142857142839,0.7714285714285697,0.6214285714285702
0.49519230769230715,3.365234375,4.10546875,0.4500000000000001,0.1,0.1,0.5500000000000002,0.2571428571428572,0.22142857142857147,0.18571428571428575,0.9000000000000005,0.6,0.30000000000000004,0.7250000000000003,0.7857142857142839,0.7785714285714268,0.6214285714285702
0.4961538461538456,3.373046875,4.11328125,0.4500000000000001,0.1,0.1,0.5500000000000002,0.2571428571428572,0.22142857142857147,0.18571428571428575,0.9000000000000005,0.6,0.30000000000000004,0.7250000000000003,0.7857142857142839,0.7857142857142839,0.6214285714285702
0.497115384615384,3.380859375,4.1171875,0.4500000000000001,0.1,0.1,0.5750000000000002,0.2571428571428572,0.22142857142857147,0.18571428571428575,0.9000000000000005,0.6,0.30000000000000004,0.7250000000000003,0.7857142857142839,0.7857142857142839,0.6214285714285702
0.4980769230769224,3.388671875,4.125,0.4500000000000001,0.1,0.1,0.5750000000000002,0.2571428571428572,0.22857142857142862,0.18571428571428575,0.9000000000000005,0.6,0.30000000000000004,0.7250000000000003,0.7857142857142839,0.7857142857142839,0.6214285714285702
0.49903846153846093,3.396484375,4.1328125,0.4500000000000001,0.1,0.1,0.5750000000000002,0.2571428571428572,0.22857142857142862,0.18571428571428575,0.9000000000000005,0.6,0.30000000000000004,0.7250000000000003,0.7857142857142839,0.7857142857142839,0.6285714285714273
0.4999999999999994,3.40234375,4.140625,0.4500000000000001,0.1,0.1,0.5750000000000002,0.2571428571428572,0.22857142857142862,0.18571428571428575,0.9000000000000005,0.6,0.30000000000000004,0.7250000000000003,0.7857142857142839,0.7857142857142839,0.6357142857142845
0.5009615384615379,3.41015625,4.15234375,0.4500000000000001,0.1,0.1,0.5750000000000002,0.2571428571428572,0.23571428571428577,0.18571428571428575,0.9000000000000005,0.6,0.30000000000000004,0.7250000000000003,0.7857142857142839,0.7857142857142839,0.6357142857142845
0.5019230769230764,3.41796875,4.16015625,0.4500000000000001,0.1,0.1,0.5750000000000002,0.2571428571428572,0.23571428571428577,0.18571428571428575,0.9000000000000005,0.6,0.30000000000000004,0.7250000000000003,0.7857142857142839,0.7857142857142839,0.6428571428571416
0.5028846153846148,3.42578125,4.16796875,0.47500000000000014,0.1,0.1,0.5750000000000002,0.2571428571428572,0.23571428571428577,0.18571428571428575,0.9000000000000005,0.6,0.30000000000000004,0.7250000000000003,0.7857142857142839,0.7857142857142839,0.6428571428571416
0.5038461538461534,3.43359375,4.17578125,0.47500000000000014,0.1,0.1,0.5750000000000002,0.2642857142857143,0.23571428571428577,0.18571428571428575,0.9000000000000005,0.6,0.30000000000000004,0.7250000000000003,0.7857142857142839,0.7857142857142839,0.6428571428571416
0.5048076923076917,3.44140625,4.18359375,0.47500000000000014,0.1,0.1,0.5750000000000002,0.2642857142857143,0.23571428571428577,0.18571428571428575,0.9000000000000005,0.6,0.30000000000000004,0.7250000000000003,0.792857142857141,0.7857142857142839,0.6428571428571416
0.5057692307692302,3.44921875,4.1953125,0.47500000000000014,0.1,0.1,0.5750000000000002,0.2642857142857143,0.23571428571428577,0.18571428571428575,0.9000000000000005,0.6,0.30000000000000004,0.7250000000000003,0.7999999999999982,0.7857142857142839,0.6428571428571416
0.5067307692307685,3.455078125,4.1953125,0.47500000000000014,0.1,0.1,0.5750000000000002,0.2642857142857143,0.23571428571428577,0.18571428571428575,0.9000000000000005,0.6,0.30000000000000004,0.7250000000000003,0.7999999999999982,0.7857142857142839,0.6499999999999987
0.5076923076923071,3.462890625,4.20703125,0.47500000000000014,0.1,0.1,0.5750000000000002,0.2642857142857143,0.23571428571428577,0.18571428571428575,0.9000000000000005,0.6,0.30000000000000004,0.7250000000000003,0.8071428571428553,0.7857142857142839,0.6499999999999987
0.5086538461538456,3.470703125,4.21484375,0.47500000000000014,0.1,0.1,0.5750000000000002,0.2714285714285714,0.23571428571428577,0.18571428571428575,0.9000000000000005,0.6,0.30000000000000004,0.7250000000000003,0.8071428571428553,0.7857142857142839,0.6499999999999987
0.509615384615384,3.478515625,4.22265625,0.47500000000000014,0.1,0.1,0.5750000000000002,0.2714285714285714,0.23571428571428577,0.18571428571428575,0.9000000000000005,0.6,0.30000000000000004,0.7250000000000003,0.8071428571428553,0.7857142857142839,0.6571428571428558
0.5105769230769226,3.486328125,4.234375,0.5000000000000001,0.1,0.1,0.5750000000000002,0.2714285714285714,0.23571428571428577,0.18571428571428575,0.9000000000000005,0.6,0.30000000000000004,0.7250000000000003,0.8071428571428553,0.7857142857142839,0.6571428571428558
0.5115384615384609,3.494140625,4.2421875,0.5000000000000001,0.1,0.1,0.6000000000000002,0.2714285714285714,0.23571428571428577,0.18571428571428575,0.9000000000000005,0.6,0.30000000000000004,0.7250000000000003,0.8071428571428553,0.7857142857142839,0.6571428571428558
0.5124999999999994,3.501953125,4.25,0.5000000000000001,0.1,0.1,0.6000000000000002,0.2785714285714285,0.23571428571428577,0.18571428571428575,0.9000000000000005,0.6,0.30000000000000004,0.7250000000000003,0.8071428571428553,0.7857142857142839,0.6571428571428558
0.5134615384615379,3.509765625,4.25390625,0.5000000000000001,0.1,0.1,0.6000000000000002,0.2785714285714285,0.23571428571428577,0.18571428571428575,0.9000000000000005,0.6,0.30000000000000004,0.7250000000000003,0.8071428571428553,0.7857142857142839,0.6642857142857129
0.5144230769230762,3.515625,4.26171875,0.5000000000000001,0.1,0.1,0.6000000000000002,0.2785714285714285,0.23571428571428577,0.18571428571428575,0.9000000000000005,0.6,0.30000000000000004,0.7250000000000003,0.8071428571428553,0.7857142857142839,0.67142857142857
0.5153846153846148,3.5234375,4.26953125,0.5000000000000001,0.1,0.1,0.6000000000000002,0.2785714285714285,0.2428571428571429,0.18571428571428575,0.9000000000000005,0.6,0.30000000000000004,0.7250000000000003,0.8071428571428553,0.7857142857142839,0.67142857142857
0.5163461538461532,3.53125,4.27734375,0.5000000000000001,0.1,0.1,0.6000000000000002,0.2785714285714285,0.25000000000000006,0.18571428571428575,0.9000000000000005,0.6,0.30000000000000004,0.7250000000000003,0.8071428571428553,0.7857142857142839,0.67142857142857
0.5173076923076917,3.5390625,4.28515625,0.5000000000000001,0.1,0.1,0.6000000000000002,0.2785714285714285,0.25000000000000006,0.18571428571428575,0.9000000000000005,0.6,0.30000000000000004,0.7250000000000003,0.8071428571428553,0.7857142857142839,0.6785714285714272
0.5182692307692301,3.544921875,4.296875,0.5000000000000001,0.1,0.1,0.6000000000000002,0.2785714285714285,0.25000000000000006,0.18571428571428575,0.9000000000000005,0.6,0.30000000000000004,0.7250000000000003,0.8071428571428553,0.7857142857142839,0.6857142857142843
0.5192307692307686,3.552734375,4.3046875,0.5000000000000001,0.1,0.1,0.6000000000000002,0.2785714285714285,0.25000000000000006,0.18571428571428575,0.9000000000000005,0.6,0.30000000000000004,0.7250000000000003,0.8071428571428553,0.7857142857142839,0.6928571428571414
0.5201923076923072,3.560546875,4.3125,0.5000000000000001,0.1,0.1,0.6000000000000002,0.28571428571428564,0.25000000000000006,0.18571428571428575,0.9000000000000005,0.6,0.30000000000000004,0.7250000000000003,0.8071428571428553,0.7857142857142839,0.6928571428571414
0.5211538461538455,3.568359375,4.32421875,0.5000000000000001,0.1,0.1,0.6000000000000002,0.29285714285714276,0.25000000000000006,0.18571428571428575,0.9000000000000005,0.6,0.30000000000000004,0.7250000000000003,0.8071428571428553,0.7857142857142839,0.6928571428571414
0.522115384615384,3.576171875,4.328125,0.5000000000000001,0.1,0.1,0.6000000000000002,0.2999999999999999,0.25000000000000006,0.18571428571428575,0.9000000000000005,0.6,0.30000000000000004,0.7250000000000003,0.8071428571428553,0.7857142857142839,0.6928571428571414
0.5230769230769226,3.583984375,4.3359375,0.5000000000000001,0.1,0.1,0.6000000000000002,0.307142857142857,0.25000000000000006,0.18571428571428575,0.9000000000000005,0.6,0.30000000000000004,0.7250000000000003,0.8071428571428553,0.7857142857142839,0.6928571428571414
0.5240384615384609,3.591796875,4.34765625,0.5000000000000001,0.1,0.1,0.6000000000000002,0.3142857142857141,0.25000000000000006,0.18571428571428575,0.9000000000000005,0.6,0.30000000000000004,0.7250000000000003,0.8071428571428553,0.7857142857142839,0.6928571428571414
0.5249999999999995,3.599609375,4.3515625,0.5000000000000001,0.1,0.1,0.6000000000000002,0.3142857142857141,0.2571428571428572,0.18571428571428575,0.9000000000000005,0.6,0.30000000000000004,0.7250000000000003,0.8071428571428553,0.7857142857142839,0.6928571428571414
0.5259615384615379,3.607421875,4.359375,0.5000000000000001,0.1,0.1,0.6000000000000002,0.3142857142857141,0.2571428571428572,0.18571428571428575,0.9000000000000005,0.6,0.30000000000000004,0.7250000000000003,0.8071428571428553,0.7857142857142839,0.6999999999999985
0.5269230769230764,3.615234375,4.3671875,0.5250000000000001,0.1,0.1,0.6000000000000002,0.3142857142857141,0.2571428571428572,0.18571428571428575,0.9000000000000005,0.6,0.30000000000000004,0.7250000000000003,0.8071428571428553,0.7857142857142839,0.6999999999999985
0.5278846153846147,3.623046875,4.375,0.5250000000000001,0.1,0.1,0.6000000000000002,0.3142857142857141,0.2571428571428572,0.18571428571428575,0.9000000000000005,0.6,0.30000000000000004,0.7250000000000003,0.8071428571428553,0.792857142857141,0.6999999999999985
0.5288461538461532,3.630859375,4.38671875,0.5250000000000001,0.1,0.1,0.6000000000000002,0.3142857142857141,0.2571428571428572,0.18571428571428575,0.9000000000000005,0.6,0.30000000000000004,0.7250000000000003,0.8071428571428553,0.7999999999999982,0.6999999999999985
0.5298076923076918,3.638671875,4.39453125,0.5250000000000001,0.1,0.1,0.6000000000000002,0.3142857142857141,0.2642857142857143,0.18571428571428575,0.9000000000000005,0.6,0.30000000000000004,0.7250000000000003,0.8071428571428553,0.7999999999999982,0.6999999999999985
0.5307692307692301,3.646484375,4.40234375,0.5250000000000001,0.1,0.1,0.6000000000000002,0.3142857142857141,0.2642857142857143,0.18571428571428575,0.9000000000000005,0.6,0.30000000000000004,0.7250000000000003,0.8071428571428553,0.7999999999999982,0.7071428571428556
0.5317307692307686,3.654296875,4.4140625,0.5250000000000001,0.1,0.1,0.6000000000000002,0.3142857142857141,0.2642857142857143,0.18571428571428575,0.9000000000000005,0.6,0.30000000000000004,0.7250000000000003,0.8071428571428553,0.8071428571428553,0.7071428571428556
0.532692307692307,3.662109375,4.421875,0.5250000000000001,0.1,0.1,0.6000000000000002,0.3142857142857141,0.2642857142857143,0.18571428571428575,0.9000000000000005,0.6,0.30000000000000004,0.7500000000000003,0.8071428571428553,0.8071428571428553,0.7071428571428556
0.5336538461538455,3.669921875,4.4296875,0.5250000000000001,0.1,0.1,0.6000000000000002,0.3142857142857141,0.2714285714285714,0.18571428571428575,0.9000000000000005,0.6,0.30000000000000004,0.7500000000000003,0.8071428571428553,0.8071428571428553,0.7071428571428556
0.5346153846153839,3.677734375,4.4375,0.5250000000000001,0.1,0.1,0.6000000000000002,0.3142857142857141,0.2714285714285714,0.18571428571428575,0.9000000000000005,0.6,0.30000000000000004,0.7500000000000003,0.8071428571428553,0.8071428571428553,0.7142857142857127
0.5355769230769224,3.685546875,4.44921875,0.5500000000000002,0.1,0.1,0.6000000000000002,0.3142857142857141,0.2714285714285714,0.18571428571428575,0.9000000000000005,0.6,0.30000000000000004,0.7500000000000003,0.8071428571428553,0.8071428571428553,0.7142857142857127
0.5365384615384609,3.693359375,4.45703125,0.5500000000000002,0.1,0.1,0.6000000000000002,0.3142857142857141,0.2714285714285714,0.18571428571428575,0.9000000000000005,0.6,0.30000000000000004,0.7500000000000003,0.8142857142857124,0.8071428571428553,0.7142857142857127
0.5374999999999994,3.701171875,4.46484375,0.5500000000000002,0.1,0.1,0.6000000000000002,0.3142857142857141,0.2714285714285714,0.18571428571428575,0.9000000000000005,0.6,0.30000000000000004,0.7500000000000003,0.8142857142857124,0.8071428571428553,0.7214285714285699
0.5384615384615379,3.708984375,4.46875,0.5500000000000002,0.1,0.1,0.6000000000000002,0.3142857142857141,0.2714285714285714,0.1928571428571429,0.9000000000000005,0.6,0.30000000000000004,0.7500000000000003,0.8142857142857124,0.8071428571428553,0.7214285714285699
0.5394230769230763,3.716796875,4.4765625,0.5500000000000002,0.1,0.1,0.6000000000000002,0.3142857142857141,0.2714285714285714,0.1928571428571429,0.9000000000000005,0.6,0.30000000000000004,0.7500000000000003,0.8142857142857124,0.8071428571428553,0.728571428571427
0.5403846153846147,3.724609375,4.484375,0.5500000000000002,0.1,0.1,0.6250000000000002,0.3142857142857141,0.2714285714285714,0.1928571428571429,0.9000000000000005,0.6,0.30000000000000004,0.7500000000000003,0.8142857142857124,0.8071428571428553,0.728571428571427
0.5413461538461533,3.732421875,4.4921875,0.5500000000000002,0.1,0.1,0.6250000000000002,0.3142857142857141,0.2714285714285714,0.1928571428571429,0.9000000000000005,0.7,0.30000000000000004,0.7500000000000003,0.8142857142857124,0.8071428571428553,0.728571428571427
0.5423076923076917,3.740234375,4.5,0.5500000000000002,0.1,0.1,0.6250000000000002,0.3142857142857141,0.2714285714285714,0.1928571428571429,0.9000000000000005,0.7,0.30000000000000004,0.7500000000000003,0.8142857142857124,0.8071428571428553,0.7357142857142841
0.5432692307692301,3.748046875,4.51171875,0.5500000000000002,0.1,0.1,0.6250000000000002,0.3142857142857141,0.2714285714285714,0.20000000000000004,0.9000000000000005,0.7,0.30000000000000004,0.7500000000000003,0.8142857142857124,0.8071428571428553,0.7357142857142841
0.5442307692307685,3.755859375,4.515625,0.5500000000000002,0.1,0.1,0.6250000000000002,0.3142857142857141,0.2714285714285714,0.20000000000000004,0.9000000000000005,0.7,0.30000000000000004,0.7500000000000003,0.8142857142857124,0.8071428571428553,0.7428571428571412
0.545192307692307,3.763671875,4.52734375,0.5500000000000002,0.1,0.1,0.6250000000000002,0.32142857142857123,0.2714285714285714,0.20000000000000004,0.9000000000000005,0.7,0.30000000000000004,0.7500000000000003,0.8142857142857124,0.8071428571428553,0.7428571428571412
0.5461538461538454,3.771484375,4.53515625,0.5500000000000002,0.1,0.1,0.6250000000000002,0.32142857142857123,0.2714285714285714,0.20000000000000004,0.9000000000000005,0.7,0.30000000000000004,0.7500000000000003,0.8142857142857124,0.8071428571428553,0.7499999999999983
0.547115384615384,3.779296875,4.54296875,0.5750000000000002,0.1,0.1,0.6250000000000002,0.32142857142857123,0.2714285714285714,0.20000000000000004,0.9000000000000005,0.7,0.30000000000000004,0.7500000000000003,0.8142857142857124,0.8071428571428553,0.7499999999999983
0.5480769230769224,3.787109375,4.55078125,0.5750000000000002,0.1,0.1,0.6250000000000002,0.32142857142857123,0.2714285714285714,0.20000000000000004,0.9250000000000005,0.7,0.30000000000000004,0.7500000000000003,0.8142857142857124,0.8071428571428553,0.7499999999999983
0.5490384615384608,3.794921875,4.55859375,0.5750000000000002,0.1,0.1,0.6250000000000002,0.32142857142857123,0.2714285714285714,0.20000000000000004,0.9250000000000005,0.7,0.30000000000000004,0.7500000000000003,0.8142857142857124,0.8071428571428553,0.7571428571428555
0.5499999999999993,3.802734375,4.56640625,0.5750000000000002,0.1,0.1,0.6250000000000002,0.32142857142857123,0.2714285714285714,0.20000000000000004,0.9250000000000005,0.7,0.30000000000000004,0.7500000000000003,0.8142857142857124,0.8071428571428553,0.7642857142857126
0.5509615384615377,3.810546875,4.57421875,0.5750000000000002,0.1,0.1,0.6250000000000002,0.32142857142857123,0.2785714285714285,0.20000000000000004,0.9250000000000005,0.7,0.30000000000000004,0.7500000000000003,0.8142857142857124,0.8071428571428553,0.7642857142857126
0.5519230769230762,3.818359375,4.58203125,0.5750000000000002,0.1,0.1,0.6250000000000002,0.32142857142857123,0.2785714285714285,0.20000000000000004,0.9250000000000005,0.7,0.30000000000000004,0.7500000000000003,0.8142857142857124,0.8071428571428553,0.7714285714285697
0.5528846153846148,3.826171875,4.59375,0.5750000000000002,0.1,0.1,0.6250000000000002,0.32857142857142835,0.2785714285714285,0.20000000000000004,0.9250000000000005,0.7,0.30000000000000004,0.7500000000000003,0.8142857142857124,0.8071428571428553,0.7714285714285697
0.5538461538461531,3.833984375,4.60546875,0.5750000000000002,0.1,0.1,0.6250000000000002,0.33571428571428547,0.2785714285714285,0.20000000000000004,0.9250000000000005,0.7,0.30000000000000004,0.7500000000000003,0.8142857142857124,0.8071428571428553,0.7714285714285697
0.5548076923076917,3.841796875,4.61328125,0.5750000000000002,0.1,0.1,0.6250000000000002,0.33571428571428547,0.28571428571428564,0.20000000000000004,0.9250000000000005,0.7,0.30000000000000004,0.7500000000000003,0.8142857142857124,0.8071428571428553,0.7714285714285697
0.5557692307692301,3.849609375,4.62109375,0.5750000000000002,0.1,0.1,0.6250000000000002,0.33571428571428547,0.28571428571428564,0.20000000000000004,0.9250000000000005,0.7,0.30000000000000004,0.7500000000000003,0.8142857142857124,0.8071428571428553,0.7785714285714268
0.5567307692307686,3.857421875,4.625,0.5750000000000002,0.1,0.1,0.6250000000000002,0.33571428571428547,0.28571428571428564,0.20000000000000004,0.9250000000000005,0.7,0.30000000000000004,0.7500000000000003,0.8142857142857124,0.8071428571428553,0.7857142857142839
0.557692307692307,3.8671875,4.6328125,0.6000000000000002,0.1,0.1,0.6250000000000002,0.33571428571428547,0.28571428571428564,0.20000000000000004,0.9250000000000005,0.7,0.30000000000000004,0.7500000000000003,0.8142857142857124,0.8071428571428553,0.7857142857142839
0.5586538461538454,3.875,4.640625,0.6000000000000002,0.2,0.1,0.6250000000000002,0.33571428571428547,0.28571428571428564,0.20000000000000004,0.9250000000000005,0.7,0.30000000000000004,0.7500000000000003,0.8142857142857124,0.8071428571428553,0.7857142857142839
0.559615384615384,3.8828125,4.6484375,0.6000000000000002,0.2,0.1,0.6500000000000002,0.33571428571428547,0.28571428571428564,0.20000000000000004,0.9250000000000005,0.7,0.30000000000000004,0.7500000000000003,0.8142857142857124,0.8071428571428553,0.7857142857142839
0.5605769230769224,3.892578125,4.65625,0.6250000000000002,0.2,0.1,0.6500000000000002,0.33571428571428547,0.28571428571428564,0.20000000000000004,0.9250000000000005,0.7,0.30000000000000004,0.7500000000000003,0.8142857142857124,0.8071428571428553,0.7857142857142839
0.5615384615384609,3.900390625,4.66796875,0.6500000000000002,0.2,0.1,0.6500000000000002,0.33571428571428547,0.28571428571428564,0.20000000000000004,0.9250000000000005,0.7,0.30000000000000004,0.7500000000000003,0.8142857142857124,0.8071428571428553,0.7857142857142839
0.5624999999999993,3.908203125,4.67578125,0.6500000000000002,0.30000000000000004,0.1,0.6500000000000002,0.33571428571428547,0.28571428571428564,0.20000000000000004,0.9250000000000005,0.7,0.30000000000000004,0.7500000000000003,0.8142857142857124,0.8071428571428553,0.7857142857142839
0.5634615384615377,3.916015625,4.68359375,0.6500000000000002,0.30000000000000004,0.1,0.6500000000000002,0.33571428571428547,0.28571428571428564,0.20000000000000004,0.9250000000000005,0.7999999999999999,0.30000000000000004,0.7500000000000003,0.8142857142857124,0.8071428571428553,0.7857142857142839
0.5644230769230763,3.923828125,4.69140625,0.6750000000000003,0.30000000000000004,0.1,0.6500000000000002,0.33571428571428547,0.28571428571428564,0.20000000000000004,0.9250000000000005,0.7999999999999999,0.30000000000000004,0.7500000000000003,0.8142857142857124,0.8071428571428553,0.7857142857142839
0.5653846153846147,3.931640625,4.69921875,0.6750000000000003,0.30000000000000004,0.1,0.6500000000000002,0.33571428571428547,0.28571428571428564,0.20000000000000004,0.9250000000000005,0.7999999999999999,0.30000000000000004,0.7750000000000004,0.8142857142857124,0.8071428571428553,0.7857142857142839
0.5663461538461532,3.939453125,4.70703125,0.6750000000000003,0.30000000000000004,0.1,0.6500000000000002,0.33571428571428547,0.29285714285714276,0.20000000000000004,0.9250000000000005,0.7999999999999999,0.30000000000000004,0.7750000000000004,0.8142857142857124,0.8071428571428553,0.7857142857142839
0.5673076923076916,3.947265625,4.71484375,0.7000000000000003,0.30000000000000004,0.1,0.6500000000000002,0.33571428571428547,0.29285714285714276,0.20000000000000004,0.9250000000000005,0.7999999999999999,0.30000000000000004,0.7750000000000004,0.8142857142857124,0.8071428571428553,0.7857142857142839
0.5682692307692302,3.955078125,4.7265625,0.7000000000000003,0.30000000000000004,0.1,0.6500000000000002,0.33571428571428547,0.2999999999999999,0.20000000000000004,0.9250000000000005,0.7999999999999999,0.30000000000000004,0.7750000000000004,0.8142857142857124,0.8071428571428553,0.7857142857142839
0.5692307692307685,3.962890625,4.734375,0.7000000000000003,0.30000000000000004,0.1,0.6500000000000002,0.33571428571428547,0.2999999999999999,0.20000000000000004,0.9250000000000005,0.7999999999999999,0.30000000000000004,0.8000000000000004,0.8142857142857124,0.8071428571428553,0.7857142857142839
0.570192307692307,3.970703125,4.7421875,0.7250000000000003,0.30000000000000004,0.1,0.6500000000000002,0.33571428571428547,0.2999999999999999,0.20000000000000004,0.9250000000000005,0.7999999999999999,0.30000000000000004,0.8000000000000004,0.8142857142857124,0.8071428571428553,0.7857142857142839
0.5711538461538456,3.978515625,4.75,0.7250000000000003,0.30000000000000004,0.1,0.6500000000000002,0.33571428571428547,0.2999999999999999,0.20000000000000004,0.9250000000000005,0.7999999999999999,0.30000000000000004,0.8000000000000004,0.8214285714285695,0.8071428571428553,0.7857142857142839
0.5721153846153839,3.986328125,4.7578125,0.7250000000000003,0.30000000000000004,0.1,0.6500000000000002,0.3428571428571426,0.2999999999999999,0.20000000000000004,0.9250000000000005,0.7999999999999999,0.30000000000000004,0.8000000000000004,0.8214285714285695,0.8071428571428553,0.7857142857142839
0.5730769230769225,3.994140625,4.765625,0.7250000000000003,0.30000000000000004,0.1,0.6500000000000002,0.3428571428571426,0.2999999999999999,0.20000000000000004,0.9250000000000005,0.7999999999999999,0.30000000000000004,0.8000000000000004,0.8285714285714266,0.8071428571428553,0.7857142857142839
0.5740384615384608,4.00390625,4.77734375,0.7500000000000003,0.30000000000000004,0.1,0.6500000000000002,0.3428571428571426,0.2999999999999999,0.20000000000000004,0.9250000000000005,0.7999999999999999,0.30000000000000004,0.8000000000000004,0.8285714285714266,0.8071428571428553,0.7857142857142839
0.5749999999999993,4.01171875,4.78515625,0.7750000000000004,0.30000000000000004,0.1,0.6500000000000002,0.3428571428571426,0.2999999999999999,0.20000000000000004,0.9250000000000005,0.7999999999999999,0.30000000000000004,0.8000000000000004,0.8285714285714266,0.8071428571428553,0.7857142857142839
0.5759615384615379,4.01953125,4.79296875,0.7750000000000004,0.4,0.1,0.6500000000000002,0.3428571428571426,0.2999999999999999,0.20000000000000004,0.9250000000000005,0.7999999999999999,0.30000000000000004,0.8000000000000004,0.8285714285714266,0.8071428571428553,0.7857142857142839
0.5769230769230762,4.02734375,4.80078125,0.8000000000000004,0.4,0.1,0.6500000000000002,0.3428571428571426,0.2999999999999999,0.20000000000000004,0.9250000000000005,0.7999999999999999,0.30000000000000004,0.8000000000000004,0.8285714285714266,0.8071428571428553,0.7857142857142839
0.5778846153846148,4.03515625,4.8125,0.8250000000000004,0.4,0.1,0.6500000000000002,0.3428571428571426,0.2999999999999999,0.20000000000000004,0.9250000000000005,0.7999999999999999,0.30000000000000004,0.8000000000000004,0.8285714285714266,0.8071428571428553,0.7857142857142839
0.5788461538461532,4.04296875,4.81640625,0.8250000000000004,0.5,0.1,0.6500000000000002,0.3428571428571426,0.2999999999999999,0.20000000000000004,0.9250000000000005,0.7999999999999999,0.30000000000000004,0.8000000000000004,0.8285714285714266,0.8071428571428553,0.7857142857142839
0.5798076923076916,4.046875,4.82421875,0.8250000000000004,0.5,0.2,0.6500000000000002,0.3428571428571426,0.2999999999999999,0.20000000000000004,0.9250000000000005,0.7999999999999999,0.30000000000000004,0.8000000000000004,0.8285714285714266,0.8071428571428553,0.7857142857142839
0.5807692307692301,4.0546875,4.83203125,0.8500000000000004,0.5,0.2,0.6500000000000002,0.3428571428571426,0.2999999999999999,0.20000000000000004,0.9250000000000005,0.7999999999999999,0.30000000000000004,0.8000000000000004,0.8285714285714266,0.8071428571428553,0.7857142857142839
0.5817307692307685,4.05859375,4.83984375,0.8500000000000004,0.5,0.2,0.6500000000000002,0.3428571428571426,0.2999999999999999,0.20000000000000004,0.9250000000000005,0.8999999999999999,0.30000000000000004,0.8000000000000004,0.8285714285714266,0.8071428571428553,0.7857142857142839
0.582692307692307,4.06640625,4.84765625,0.8750000000000004,0.5,0.2,0.6500000000000002,0.3428571428571426,0.2999999999999999,0.20000000000000004,0.9250000000000005,0.8999999999999999,0.30000000000000004,0.8000000000000004,0.8285714285714266,0.8071428571428553,0.7857142857142839
0.5836538461538455,4.0703125,4.859375,0.8750000000000004,0.5,0.2,0.6500000000000002,0.3428571428571426,0.2999999999999999,0.20000000000000004,0.9500000000000005,0.8999999999999999,0.30000000000000004,0.8000000000000004,0.8285714285714266,0.8071428571428553,0.7857142857142839
0.5846153846153839,4.07421875,4.8671875,0.8750000000000004,0.6,0.2,0.6500000000000002,0.3428571428571426,0.2999999999999999,0.20000000000000004,0.9500000000000005,0.8999999999999999,0.30000000000000004,0.8000000000000004,0.8285714285714266,0.8071428571428553,0.7857142857142839
0.5855769230769223,4.078125,4.875,0.8750000000000004,0.6,0.2,0.6500000000000002,0.3428571428571426,0.2999999999999999,0.20000000000000004,0.9500000000000005,0.8999999999999999,0.30000000000000004,0.8250000000000004,0.8285714285714266,0.8071428571428553,0.7857142857142839
0.5865384615384609,4.0859375,4.8828125,0.9000000000000005,0.6,0.2,0.6500000000000002,0.3428571428571426,0.2999999999999999,0.20000000000000004,0.9500000000000005,0.8999999999999999,0.30000000000000004,0.8250000000000004,0.8285714285714266,0.8071428571428553,0.7857142857142839
0.5874999999999992,4.08984375,4.890625,0.9000000000000005,0.7,0.2,0.6500000000000002,0.3428571428571426,0.2999999999999999,0.20000000000000004,0.9500000000000005,0.8999999999999999,0.30000000000000004,0.8250000000000004,0.8285714285714266,0.8071428571428553,0.7857142857142839
0.5884615384615378,4.09375,4.8984375,0.9250000000000005,0.7,0.2,0.6500000000000002,0.3428571428571426,0.2999999999999999,0.20000000000000004,0.9500000000000005,0.8999999999999999,0.30000000000000004,0.8250000000000004,0.8285714285714266,0.8071428571428553,0.7857142857142839
0.5894230769230762,4.09765625,4.91015625,0.9250000000000005,0.7999999999999999,0.2,0.6500000000000002,0.3428571428571426,0.2999999999999999,0.20000000000000004,0.9500000000000005,0.8999999999999999,0.30000000000000004,0.8250000000000004,0.8285714285714266,0.8071428571428553,0.7857142857142839
0.5903846153846146,4.1015625,4.91796875,0.9250000000000005,0.7999999999999999,0.2,0.6750000000000003,0.3428571428571426,0.2999999999999999,0.20000000000000004,0.9500000000000005,0.8999999999999999,0.30000000000000004,0.8250000000000004,0.8285714285714266,0.8071428571428553,0.7857142857142839
0.5913461538461532,4.10546875,4.92578125,0.9250000000000005,0.8999999999999999,0.2,0.6750000000000003,0.3428571428571426,0.2999999999999999,0.20000000000000004,0.9500000000000005,0.8999999999999999,0.30000000000000004,0.8250000000000004,0.8285714285714266,0.8071428571428553,0.7857142857142839
0.5923076923076915,4.109375,4.93359375,0.9500000000000005,0.8999999999999999,0.2,0.6750000000000003,0.3428571428571426,0.2999999999999999,0.20000000000000004,0.9500000000000005,0.8999999999999999,0.30000000000000004,0.8250000000000004,0.8285714285714266,0.8071428571428553,0.7857142857142839
0.5932692307692301,4.11328125,4.94140625,0.9750000000000005,0.8999999999999999,0.2,0.6750000000000003,0.3428571428571426,0.2999999999999999,0.20000000000000004,0.9500000000000005,0.8999999999999999,0.30000000000000004,0.8250000000000004,0.8285714285714266,0.8071428571428553,0.7857142857142839
0.5942307692307686,4.1171875,4.953125,0.9750000000000005,0.8999999999999999,0.2,0.6750000000000003,0.3428571428571426,0.2999999999999999,0.20000000000000004,0.9750000000000005,0.8999999999999999,0.30000000000000004,0.8250000000000004,0.8285714285714266,0.8071428571428553,0.7857142857142839
0.5951923076923069,4.1171875,4.9609375,0.9750000000000005,0.8999999999999999,0.2,0.6750000000000003,0.3428571428571426,0.2999999999999999,0.20000000000000004,1.0000000000000004,0.8999999999999999,0.30000000000000004,0.8250000000000004,0.8285714285714266,0.8071428571428553,0.7857142857142839
0.5961538461538455,4.1171875,4.96875,0.9750000000000005,0.8999999999999999,0.2,0.6750000000000003,0.3428571428571426,0.2999999999999999,0.20000000000000004,1.0000000000000004,0.9999999999999999,0.30000000000000004,0.8250000000000004,0.8285714285714266,0.8071428571428553,0.7857142857142839
0.5971153846153838,4.1171875,4.9765625,0.9750000000000005,0.8999999999999999,0.2,0.6750000000000003,0.3428571428571426,0.2999999999999999,0.20000000000000004,1.0000000000000004,1.0999999999999999,0.30000000000000004,0.8250000000000004,0.8285714285714266,0.8071428571428553,0.7857142857142839
0.5980769230769224,4.12109375,4.984375,1.0000000000000004,0.8999999999999999,0.2,0.6750000000000003,0.3428571428571426,0.2999999999999999,0.20000000000000004,1.0000000000000004,1.0999999999999999,0.30000000000000004,0.8250000000000004,0.8285714285714266,0.8071428571428553,0.7857142857142839
0.5990384615384609,4.12109375,4.9921875,1.0000000000000004,0.9999999999999999,0.2,0.6750000000000003,0.3428571428571426,0.2999999999999999,0.20000000000000004,1.0000000000000004,1.0999999999999999,0.30000000000000004,0.8250000000000004,0.8285714285714266,0.8071428571428553,0.7857142857142839
0.5999999999999994,4.12109375,5.0,1.0000000000000004,1.0999999999999999,0.2,0.6750000000000003,0.3428571428571426,0.2999999999999999,0.20000000000000004,1.0000000000000004,1.0999999999999999,0.30000000000000004,0.8250000000000004,0.8285714285714266,0.8071428571428553,0.7857142857142839
0.6009615384615378,4.12890625,5.0078125,1.0000000000000004,1.0999999999999999,0.2,0.7000000000000003,0.3428571428571426,0.2999999999999999,0.20000000000000004,1.0000000000000004,1.0999999999999999,0.30000000000000004,0.8250000000000004,0.8285714285714266,0.8071428571428553,0.7857142857142839
