Effective Sparsity,Activation Error,Baseline Error,q0,k0,v0,o0,gate0,up0,down0,q1,k1,v1,o1,gate1,up1,down1
0.0012121212121212121,0.0001901388168334961,0.0838623046875,0.0,0.0,0.0,0.0,0.0,0.0,0.0,0.0,0.0,0.0,0.0,0.009302325581395349,0.0,0.0
0.0024242424242424242,0.0002963542938232422,0.0838623046875,0.0,0.0,0.0,0.0,0.0,0.0,0.0,0.0,0.0,0.0,0.0,0.009302325581395349,0.009302325581395349,0.0
0.003636363636363637,0.00042128562927246094,0.0838623046875,0.0,0.0,0.0,0.0,0.009302325581395349,0.0,0.0,0.0,0.0,0.0,0.0,0.009302325581395349,0.009302325581395349,0.0
0.0048484848484848485,0.0005950927734375,0.0838623046875,0.0,0.0,0.0,0.0,0.009302325581395349,0.009302325581395349,0.0,0.0,0.0,0.0,0.0,0.009302325581395349,0.009302325581395349,0.0
0.006060606060606061,0.0010166168212890625,0.0838623046875,0.0,0.0,0.0,0.0,0.009302325581395349,0.009302325581395349,0.0,0.0,0.0,0.0,0.0,0.009302325581395349,0.009302325581395349,0.009302325581395349
0.007272727272727273,0.0017642974853515625,0.0838623046875,0.0,0.0,0.0,0.0,0.009302325581395349,0.009302325581395349,0.009302325581395349,0.0,0.0,0.0,0.0,0.009302325581395349,0.009302325581395349,0.009302325581395349
0.008484848484848484,0.0035400390625,0.0838623046875,0.0,0.0,0.0,0.0,0.009302325581395349,0.009302325581395349,0.009302325581395349,0.0,0.0,0.0,0.0,0.018604651162790697,0.009302325581395349,0.009302325581395349
0.009696969696969697,0.005336761474609375,0.0838623046875,0.0,0.0,0.0,0.0,0.009302325581395349,0.009302325581395349,0.009302325581395349,0.0,0.0,0.0,0.0,0.018604651162790697,0.018604651162790697,0.009302325581395349
0.01090909090909091,0.0081787109375,0.18701171875,0.0,0.0,0.0,0.0,0.018604651162790697,0.009302325581395349,0.009302325581395349,0.0,0.0,0.0,0.0,0.018604651162790697,0.018604651162790697,0.009302325581395349
0.01212121212121212,0.0111846923828125,0.1904296875,0.0,0.0,0.0,0.0,0.018604651162790697,0.018604651162790697,0.009302325581395349,0.0,0.0,0.0,0.0,0.018604651162790697,0.018604651162790697,0.009302325581395349
0.013333333333333332,0.01421356201171875,0.1951904296875,0.0,0.0,0.0,0.0,0.018604651162790697,0.018604651162790697,0.009302325581395349,0.0,0.0,0.0,0.0,0.018604651162790697,0.018604651162790697,0.018604651162790697
0.014545454545454545,0.0174102783203125,0.1986083984375,0.0,0.0,0.0,0.0,0.018604651162790697,0.018604651162790697,0.009302325581395349,0.025,0.0,0.0,0.0,0.018604651162790697,0.018604651162790697,0.018604651162790697
0.01575757575757576,0.023956298828125,0.2056884765625,0.0,0.0,0.0,0.0,0.018604651162790697,0.018604651162790697,0.018604651162790697,0.025,0.0,0.0,0.0,0.018604651162790697,0.018604651162790697,0.018604651162790697
0.01696969696969697,0.03485107421875,0.2161865234375,0.0,0.0,0.0,0.0,0.018604651162790697,0.018604651162790697,0.018604651162790697,0.025,0.0,0.0,0.0,0.018604651162790697,0.018604651162790697,0.027906976744186046
0.01818181818181818,0.042022705078125,0.224365234375,0.0,0.0,0.0,0.0,0.018604651162790697,0.018604651162790697,0.018604651162790697,0.025,0.0,0.0,0.0,0.027906976744186046,0.018604651162790697,0.027906976744186046
0.019393939393939394,0.05029296875,0.234375,0.025,0.0,0.0,0.0,0.018604651162790697,0.018604651162790697,0.018604651162790697,0.025,0.0,0.0,0.0,0.027906976744186046,0.018604651162790697,0.027906976744186046
0.020606060606060607,0.058502197265625,0.25,0.025,0.0,0.0,0.0,0.018604651162790697,0.018604651162790697,0.018604651162790697,0.025,0.0,0.0,0.0,0.027906976744186046,0.027906976744186046,0.027906976744186046
0.02181818181818182,0.0692138671875,0.271240234375,0.025,0.0,0.0,0.0,0.018604651162790697,0.018604651162790697,0.018604651162790697,0.025,0.0,0.0,0.025,0.027906976744186046,0.027906976744186046,0.027906976744186046
0.023030303030303033,0.0797119140625,0.282958984375,0.025,0.0,0.0,0.0,0.018604651162790697,0.018604651162790697,0.027906976744186046,0.025,0.0,0.0,0.025,0.027906976744186046,0.027906976744186046,0.027906976744186046
0.02424242424242425,0.089599609375,0.302001953125,0.025,0.0,0.0,0.0,0.027906976744186046,0.018604651162790697,0.027906976744186046,0.025,0.0,0.0,0.025,0.027906976744186046,0.027906976744186046,0.027906976744186046
0.025454545454545462,0.09832763671875,0.32177734375,0.025,0.0,0.0,0.0,0.027906976744186046,0.018604651162790697,0.027906976744186046,0.025,0.0,0.0,0.025,0.027906976744186046,0.027906976744186046,0.037209302325581395
0.02666666666666667,0.10772705078125,0.333740234375,0.025,0.0,0.0,0.0,0.027906976744186046,0.018604651162790697,0.027906976744186046,0.025,0.0,0.0,0.05,0.027906976744186046,0.027906976744186046,0.037209302325581395
0.02787878787878788,0.1171875,0.344970703125,0.025,0.0,0.0,0.0,0.027906976744186046,0.018604651162790697,0.027906976744186046,0.05,0.0,0.0,0.05,0.027906976744186046,0.027906976744186046,0.037209302325581395
0.02909090909090909,0.125732421875,0.356689453125,0.025,0.0,0.0,0.0,0.027906976744186046,0.018604651162790697,0.027906976744186046,0.05,0.0,0.0,0.05,0.037209302325581395,0.027906976744186046,0.037209302325581395
0.030303030303030304,0.1343994140625,0.368896484375,0.025,0.0,0.0,0.0,0.027906976744186046,0.018604651162790697,0.027906976744186046,0.05,0.0,0.0,0.05,0.037209302325581395,0.027906976744186046,0.046511627906976744
0.03151515151515152,0.143310546875,0.380615234375,0.025,0.0,0.0,0.0,0.027906976744186046,0.018604651162790697,0.027906976744186046,0.05,0.0,0.0,0.07500000000000001,0.037209302325581395,0.027906976744186046,0.046511627906976744
0.03272727272727272,0.1517333984375,0.39208984375,0.025,0.0,0.0,0.0,0.027906976744186046,0.027906976744186046,0.027906976744186046,0.05,0.0,0.0,0.07500000000000001,0.037209302325581395,0.027906976744186046,0.046511627906976744
0.033939393939393936,0.160400390625,0.403076171875,0.025,0.0,0.0,0.0,0.027906976744186046,0.027906976744186046,0.027906976744186046,0.05,0.0,0.0,0.07500000000000001,0.037209302325581395,0.027906976744186046,0.05581395348837209
0.03515151515151515,0.1688232421875,0.414306640625,0.025,0.0,0.0,0.025,0.027906976744186046,0.027906976744186046,0.027906976744186046,0.05,0.0,0.0,0.07500000000000001,0.037209302325581395,0.027906976744186046,0.05581395348837209
0.03636363636363636,0.1767578125,0.42431640625,0.025,0.0,0.0,0.025,0.027906976744186046,0.027906976744186046,0.027906976744186046,0.05,0.0,0.0,0.07500000000000001,0.046511627906976744,0.027906976744186046,0.05581395348837209
0.037575757575757575,0.1846923828125,0.435302734375,0.025,0.0,0.0,0.025,0.027906976744186046,0.027906976744186046,0.027906976744186046,0.07500000000000001,0.0,0.0,0.07500000000000001,0.046511627906976744,0.027906976744186046,0.05581395348837209
0.03878787878787879,0.1925048828125,0.447509765625,0.025,0.0,0.0,0.025,0.027906976744186046,0.027906976744186046,0.027906976744186046,0.07500000000000001,0.0,0.0,0.07500000000000001,0.046511627906976744,0.037209302325581395,0.05581395348837209
0.04,0.199951171875,0.4580078125,0.025,0.0,0.0,0.025,0.027906976744186046,0.027906976744186046,0.027906976744186046,0.07500000000000001,0.0,0.0,0.1,0.046511627906976744,0.037209302325581395,0.05581395348837209
0.041212121212121214,0.207275390625,0.47119140625,0.025,0.0,0.0,0.025,0.027906976744186046,0.027906976744186046,0.027906976744186046,0.07500000000000001,0.0,0.0,0.1,0.046511627906976744,0.037209302325581395,0.06511627906976744
0.04242424242424243,0.2147216796875,0.480224609375,0.025,0.0,0.0,0.025,0.027906976744186046,0.027906976744186046,0.027906976744186046,0.07500000000000001,0.0,0.0,0.1,0.05581395348837209,0.037209302325581395,0.06511627906976744
0.04363636363636363,0.2225341796875,0.489990234375,0.025,0.0,0.0,0.025,0.027906976744186046,0.027906976744186046,0.027906976744186046,0.07500000000000001,0.0,0.0,0.125,0.05581395348837209,0.037209302325581395,0.06511627906976744
0.04484848484848485,0.2301025390625,0.4990234375,0.025,0.0,0.0,0.025,0.027906976744186046,0.027906976744186046,0.027906976744186046,0.07500000000000001,0.0,0.0,0.125,0.05581395348837209,0.037209302325581395,0.07441860465116279
0.04606060606060606,0.237548828125,0.5087890625,0.025,0.0,0.0,0.025,0.027906976744186046,0.027906976744186046,0.027906976744186046,0.1,0.0,0.0,0.125,0.05581395348837209,0.037209302325581395,0.07441860465116279
0.04727272727272728,0.2447509765625,0.5166015625,0.025,0.0,0.0,0.025,0.027906976744186046,0.027906976744186046,0.027906976744186046,0.1,0.0,0.0,0.125,0.06511627906976744,0.037209302325581395,0.07441860465116279
0.048484848484848485,0.251953125,0.52490234375,0.025,0.0,0.0,0.025,0.027906976744186046,0.027906976744186046,0.027906976744186046,0.1,0.0,0.0,0.125,0.06511627906976744,0.037209302325581395,0.08372093023255814
0.04969696969696969,0.259521484375,0.53271484375,0.025,0.0,0.0,0.025,0.027906976744186046,0.027906976744186046,0.027906976744186046,0.1,0.0,0.0,0.15,0.06511627906976744,0.037209302325581395,0.08372093023255814
0.05090909090909091,0.266845703125,0.541015625,0.025,0.0,0.0,0.025,0.027906976744186046,0.027906976744186046,0.027906976744186046,0.125,0.0,0.0,0.15,0.06511627906976744,0.037209302325581395,0.08372093023255814
0.05212121212121212,0.27392578125,0.54931640625,0.025,0.0,0.0,0.025,0.027906976744186046,0.027906976744186046,0.027906976744186046,0.125,0.0,0.0,0.15,0.07441860465116279,0.037209302325581395,0.08372093023255814
0.05333333333333334,0.281005859375,0.55712890625,0.025,0.0,0.0,0.025,0.027906976744186046,0.027906976744186046,0.027906976744186046,0.125,0.0,0.0,0.15,0.07441860465116279,0.046511627906976744,0.08372093023255814
0.05454545454545454,0.287841796875,0.5654296875,0.025,0.0,0.0,0.025,0.027906976744186046,0.027906976744186046,0.027906976744186046,0.125,0.0,0.0,0.15,0.07441860465116279,0.046511627906976744,0.09302325581395349
0.055757575757575756,0.294921875,0.57275390625,0.025,0.0,0.0,0.025,0.027906976744186046,0.027906976744186046,0.027906976744186046,0.125,0.0,0.0,0.15,0.08372093023255814,0.046511627906976744,0.09302325581395349
0.05696969696969697,0.3017578125,0.57958984375,0.025,0.0,0.0,0.025,0.027906976744186046,0.027906976744186046,0.027906976744186046,0.125,0.0,0.0,0.15,0.08372093023255814,0.046511627906976744,0.10232558139534884
0.05818181818181819,0.308837890625,0.58740234375,0.025,0.0,0.0,0.025,0.027906976744186046,0.027906976744186046,0.027906976744186046,0.125,0.0,0.0,0.15,0.09302325581395349,0.046511627906976744,0.10232558139534884
0.0593939393939394,0.31591796875,0.59521484375,0.025,0.0,0.0,0.025,0.027906976744186046,0.027906976744186046,0.037209302325581395,0.125,0.0,0.0,0.15,0.09302325581395349,0.046511627906976744,0.10232558139534884
0.06060606060606061,0.32275390625,0.603515625,0.025,0.0,0.0,0.025,0.027906976744186046,0.027906976744186046,0.037209302325581395,0.15,0.0,0.0,0.15,0.09302325581395349,0.046511627906976744,0.10232558139534884
0.061818181818181814,0.32958984375,0.6103515625,0.025,0.0,0.0,0.025,0.027906976744186046,0.027906976744186046,0.037209302325581395,0.15,0.0,0.0,0.175,0.09302325581395349,0.046511627906976744,0.10232558139534884
0.06303030303030302,0.336181640625,0.6181640625,0.025,0.0,0.0,0.025,0.027906976744186046,0.027906976744186046,0.037209302325581395,0.15,0.0,0.0,0.175,0.10232558139534884,0.046511627906976744,0.10232558139534884
0.06424242424242424,0.3427734375,0.62548828125,0.025,0.0,0.0,0.025,0.027906976744186046,0.027906976744186046,0.037209302325581395,0.15,0.0,0.0,0.175,0.10232558139534884,0.046511627906976744,0.11162790697674418
0.06545454545454546,0.349365234375,0.63330078125,0.025,0.0,0.0,0.025,0.027906976744186046,0.027906976744186046,0.037209302325581395,0.15,0.0,0.0,0.175,0.10232558139534884,0.05581395348837209,0.11162790697674418
0.06666666666666668,0.356201171875,0.6416015625,0.025,0.0,0.0,0.05,0.027906976744186046,0.027906976744186046,0.037209302325581395,0.15,0.0,0.0,0.175,0.10232558139534884,0.05581395348837209,0.11162790697674418
0.06787878787878789,0.36279296875,0.6484375,0.025,0.0,0.0,0.05,0.027906976744186046,0.027906976744186046,0.037209302325581395,0.15,0.0,0.0,0.175,0.10232558139534884,0.05581395348837209,0.12093023255813953
0.06909090909090909,0.369384765625,0.65625,0.025,0.0,0.0,0.05,0.027906976744186046,0.027906976744186046,0.037209302325581395,0.175,0.0,0.0,0.175,0.10232558139534884,0.05581395348837209,0.12093023255813953
0.0703030303030303,0.3759765625,0.6630859375,0.025,0.0,0.0,0.05,0.027906976744186046,0.027906976744186046,0.037209302325581395,0.175,0.0,0.0,0.175,0.11162790697674418,0.05581395348837209,0.12093023255813953
0.0715151515151515,0.38232421875,0.6708984375,0.025,0.0,0.0,0.05,0.027906976744186046,0.027906976744186046,0.037209302325581395,0.175,0.0,0.0,0.175,0.12093023255813953,0.05581395348837209,0.12093023255813953
0.07272727272727272,0.388671875,0.67822265625,0.025,0.0,0.0,0.05,0.027906976744186046,0.027906976744186046,0.037209302325581395,0.175,0.0,0.0,0.175,0.12093023255813953,0.05581395348837209,0.13023255813953488
0.07393939393939393,0.39501953125,0.68505859375,0.025,0.0,0.0,0.05,0.027906976744186046,0.027906976744186046,0.037209302325581395,0.175,0.0,0.0,0.19999999999999998,0.12093023255813953,0.05581395348837209,0.13023255813953488
0.07515151515151515,0.4013671875,0.6923828125,0.025,0.0,0.0,0.05,0.027906976744186046,0.027906976744186046,0.037209302325581395,0.175,0.0,0.0,0.19999999999999998,0.13023255813953488,0.05581395348837209,0.13023255813953488
0.07636363636363636,0.40771484375,0.7001953125,0.025,0.0,0.0,0.05,0.027906976744186046,0.027906976744186046,0.037209302325581395,0.175,0.0,0.0,0.19999999999999998,0.13023255813953488,0.06511627906976744,0.13023255813953488
0.07757575757575758,0.4140625,0.7080078125,0.025,0.0,0.0,0.05,0.027906976744186046,0.027906976744186046,0.037209302325581395,0.19999999999999998,0.0,0.0,0.19999999999999998,0.13023255813953488,0.06511627906976744,0.13023255813953488
0.07878787878787878,0.420166015625,0.71484375,0.025,0.0,0.0,0.05,0.027906976744186046,0.027906976744186046,0.037209302325581395,0.19999999999999998,0.0,0.0,0.19999999999999998,0.13023255813953488,0.06511627906976744,0.13953488372093023
0.08,0.426513671875,0.72216796875,0.025,0.0,0.0,0.05,0.027906976744186046,0.027906976744186046,0.037209302325581395,0.19999999999999998,0.0,0.0,0.19999999999999998,0.13953488372093023,0.06511627906976744,0.13953488372093023
0.08121212121212121,0.432861328125,0.72998046875,0.025,0.0,0.0,0.05,0.027906976744186046,0.027906976744186046,0.037209302325581395,0.19999999999999998,0.0,0.0,0.19999999999999998,0.13953488372093023,0.07441860465116279,0.13953488372093023
0.08242424242424243,0.439208984375,0.7373046875,0.025,0.0,0.0,0.05,0.027906976744186046,0.027906976744186046,0.037209302325581395,0.19999999999999998,0.0,0.0,0.22499999999999998,0.13953488372093023,0.07441860465116279,0.13953488372093023
0.08363636363636365,0.4453125,0.74462890625,0.025,0.0,0.0,0.05,0.027906976744186046,0.027906976744186046,0.037209302325581395,0.19999999999999998,0.0,0.0,0.22499999999999998,0.13953488372093023,0.07441860465116279,0.14883720930232558
0.08484848484848485,0.45166015625,0.751953125,0.025,0.0,0.0,0.05,0.027906976744186046,0.027906976744186046,0.037209302325581395,0.22499999999999998,0.0,0.0,0.22499999999999998,0.13953488372093023,0.07441860465116279,0.14883720930232558
0.08606060606060606,0.4580078125,0.75927734375,0.025,0.0,0.0,0.05,0.027906976744186046,0.027906976744186046,0.037209302325581395,0.22499999999999998,0.0,0.0,0.22499999999999998,0.14883720930232558,0.07441860465116279,0.14883720930232558
0.08727272727272727,0.464111328125,0.76611328125,0.025,0.0,0.0,0.05,0.027906976744186046,0.027906976744186046,0.037209302325581395,0.22499999999999998,0.0,0.0,0.22499999999999998,0.15813953488372093,0.07441860465116279,0.14883720930232558
0.08848484848484849,0.47021484375,0.7734375,0.025,0.0,0.0,0.05,0.027906976744186046,0.027906976744186046,0.037209302325581395,0.22499999999999998,0.0,0.0,0.22499999999999998,0.15813953488372093,0.07441860465116279,0.15813953488372093
0.08969696969696969,0.476318359375,0.77978515625,0.025,0.0,0.0,0.05,0.027906976744186046,0.027906976744186046,0.037209302325581395,0.22499999999999998,0.0,0.0,0.22499999999999998,0.15813953488372093,0.07441860465116279,0.16744186046511628
0.09090909090909091,0.482666015625,0.78759765625,0.025,0.0,0.0,0.05,0.027906976744186046,0.027906976744186046,0.037209302325581395,0.22499999999999998,0.0,0.0,0.22499999999999998,0.16744186046511628,0.07441860465116279,0.16744186046511628
0.09212121212121212,0.48876953125,0.7939453125,0.025,0.0,0.0,0.05,0.027906976744186046,0.027906976744186046,0.037209302325581395,0.22499999999999998,0.0,0.0,0.22499999999999998,0.17674418604651163,0.07441860465116279,0.16744186046511628
0.09333333333333334,0.494873046875,0.8017578125,0.025,0.0,0.0,0.05,0.027906976744186046,0.027906976744186046,0.037209302325581395,0.22499999999999998,0.0,0.0,0.22499999999999998,0.17674418604651163,0.08372093023255814,0.16744186046511628
0.09454545454545454,0.5009765625,0.80908203125,0.025,0.0,0.0,0.05,0.037209302325581395,0.027906976744186046,0.037209302325581395,0.22499999999999998,0.0,0.0,0.22499999999999998,0.17674418604651163,0.08372093023255814,0.16744186046511628
0.09575757575757575,0.50732421875,0.81640625,0.025,0.0,0.0,0.05,0.037209302325581395,0.027906976744186046,0.046511627906976744,0.22499999999999998,0.0,0.0,0.22499999999999998,0.17674418604651163,0.08372093023255814,0.16744186046511628
0.09696969696969697,0.51318359375,0.8232421875,0.025,0.0,0.0,0.05,0.037209302325581395,0.027906976744186046,0.046511627906976744,0.24999999999999997,0.0,0.0,0.22499999999999998,0.17674418604651163,0.08372093023255814,0.16744186046511628
0.0981818181818182,0.51953125,0.83056640625,0.025,0.0,0.0,0.05,0.037209302325581395,0.027906976744186046,0.046511627906976744,0.24999999999999997,0.0,0.0,0.24999999999999997,0.17674418604651163,0.08372093023255814,0.16744186046511628
0.09939393939393941,0.525390625,0.83740234375,0.025,0.0,0.0,0.05,0.037209302325581395,0.027906976744186046,0.046511627906976744,0.24999999999999997,0.0,0.0,0.24999999999999997,0.17674418604651163,0.08372093023255814,0.17674418604651163
0.10060606060606062,0.53173828125,0.84423828125,0.025,0.0,0.0,0.05,0.037209302325581395,0.027906976744186046,0.046511627906976744,0.27499999999999997,0.0,0.0,0.24999999999999997,0.17674418604651163,0.08372093023255814,0.17674418604651163
0.10181818181818182,0.5380859375,0.8515625,0.025,0.0,0.0,0.05,0.037209302325581395,0.027906976744186046,0.046511627906976744,0.27499999999999997,0.0,0.0,0.24999999999999997,0.18604651162790697,0.08372093023255814,0.17674418604651163
0.10303030303030303,0.5439453125,0.85791015625,0.025,0.0,0.0,0.05,0.037209302325581395,0.027906976744186046,0.046511627906976744,0.27499999999999997,0.0,0.0,0.24999999999999997,0.19534883720930232,0.08372093023255814,0.17674418604651163
0.10424242424242423,0.5498046875,0.86474609375,0.025,0.0,0.0,0.05,0.037209302325581395,0.027906976744186046,0.046511627906976744,0.27499999999999997,0.0,0.0,0.24999999999999997,0.19534883720930232,0.09302325581395349,0.17674418604651163
0.10545454545454544,0.55517578125,0.87255859375,0.025,0.0,0.0,0.05,0.037209302325581395,0.027906976744186046,0.046511627906976744,0.27499999999999997,0.0,0.0,0.24999999999999997,0.19534883720930232,0.09302325581395349,0.18604651162790697
0.10666666666666666,0.56103515625,0.87939453125,0.025,0.0,0.0,0.05,0.037209302325581395,0.027906976744186046,0.046511627906976744,0.27499999999999997,0.0,0.0,0.24999999999999997,0.19534883720930232,0.10232558139534884,0.18604651162790697
0.10787878787878788,0.5673828125,0.88671875,0.025,0.0,0.0,0.07500000000000001,0.037209302325581395,0.027906976744186046,0.046511627906976744,0.27499999999999997,0.0,0.0,0.24999999999999997,0.19534883720930232,0.10232558139534884,0.18604651162790697
0.10909090909090909,0.5732421875,0.8935546875,0.025,0.0,0.0,0.07500000000000001,0.037209302325581395,0.027906976744186046,0.046511627906976744,0.27499999999999997,0.0,0.0,0.24999999999999997,0.20465116279069767,0.10232558139534884,0.18604651162790697
0.1103030303030303,0.5791015625,0.90087890625,0.025,0.0,0.0,0.07500000000000001,0.037209302325581395,0.027906976744186046,0.046511627906976744,0.27499999999999997,0.0,0.0,0.24999999999999997,0.20465116279069767,0.10232558139534884,0.19534883720930232
0.11151515151515151,0.5849609375,0.908203125,0.025,0.0,0.0,0.07500000000000001,0.037209302325581395,0.027906976744186046,0.046511627906976744,0.27499999999999997,0.0,0.0,0.24999999999999997,0.21395348837209302,0.10232558139534884,0.19534883720930232
0.11272727272727273,0.5908203125,0.9150390625,0.025,0.0,0.0,0.07500000000000001,0.037209302325581395,0.027906976744186046,0.046511627906976744,0.27499999999999997,0.0,0.0,0.24999999999999997,0.21395348837209302,0.10232558139534884,0.20465116279069767
0.11393939393939392,0.5966796875,0.9228515625,0.025,0.0,0.0,0.07500000000000001,0.037209302325581395,0.027906976744186046,0.046511627906976744,0.3,0.0,0.0,0.24999999999999997,0.21395348837209302,0.10232558139534884,0.20465116279069767
0.11515151515151516,0.6025390625,0.9296875,0.025,0.0,0.0,0.07500000000000001,0.037209302325581395,0.027906976744186046,0.046511627906976744,0.3,0.0,0.0,0.24999999999999997,0.21395348837209302,0.11162790697674418,0.20465116279069767
0.11636363636363636,0.6083984375,0.93603515625,0.025,0.0,0.0,0.07500000000000001,0.037209302325581395,0.027906976744186046,0.046511627906976744,0.3,0.0,0.0,0.24999999999999997,0.21395348837209302,0.12093023255813953,0.20465116279069767
0.11757575757575757,0.6142578125,0.943359375,0.025,0.0,0.0,0.07500000000000001,0.037209302325581395,0.027906976744186046,0.046511627906976744,0.3,0.0,0.0,0.24999999999999997,0.21395348837209302,0.12093023255813953,0.21395348837209302
0.11878787878787878,0.6201171875,0.95068359375,0.025,0.0,0.0,0.07500000000000001,0.037209302325581395,0.027906976744186046,0.046511627906976744,0.3,0.0,0.0,0.27499999999999997,0.21395348837209302,0.12093023255813953,0.21395348837209302
0.11999999999999998,0.6259765625,0.95751953125,0.025,0.0,0.0,0.07500000000000001,0.037209302325581395,0.027906976744186046,0.046511627906976744,0.3,0.0,0.0,0.27499999999999997,0.22325581395348837,0.12093023255813953,0.21395348837209302
0.12121212121212122,0.63134765625,0.96435546875,0.025,0.0,0.0,0.07500000000000001,0.037209302325581395,0.027906976744186046,0.046511627906976744,0.3,0.0,0.0,0.27499999999999997,0.23255813953488372,0.12093023255813953,0.21395348837209302
0.12242424242424242,0.63720703125,0.9716796875,0.025,0.0,0.0,0.07500000000000001,0.037209302325581395,0.027906976744186046,0.046511627906976744,0.3,0.0,0.0,0.27499999999999997,0.24186046511627907,0.12093023255813953,0.21395348837209302
0.12363636363636363,0.64306640625,0.97900390625,0.025,0.0,0.0,0.07500000000000001,0.037209302325581395,0.027906976744186046,0.05581395348837209,0.3,0.0,0.0,0.27499999999999997,0.24186046511627907,0.12093023255813953,0.21395348837209302
0.12484848484848486,0.64892578125,0.98583984375,0.025,0.0,0.0,0.07500000000000001,0.037209302325581395,0.027906976744186046,0.05581395348837209,0.3,0.0,0.0,0.27499999999999997,0.25116279069767444,0.12093023255813953,0.21395348837209302
0.12606060606060604,0.65478515625,0.9931640625,0.025,0.0,0.0,0.07500000000000001,0.037209302325581395,0.027906976744186046,0.05581395348837209,0.325,0.0,0.0,0.27499999999999997,0.25116279069767444,0.12093023255813953,0.21395348837209302
0.12727272727272726,0.66064453125,0.9990234375,0.025,0.0,0.0,0.07500000000000001,0.037209302325581395,0.027906976744186046,0.05581395348837209,0.325,0.0,0.0,0.27499999999999997,0.25116279069767444,0.13023255813953488,0.21395348837209302
0.1284848484848485,0.66650390625,1.005859375,0.025,0.0,0.0,0.07500000000000001,0.037209302325581395,0.027906976744186046,0.05581395348837209,0.325,0.0,0.0,0.27499999999999997,0.25116279069767444,0.13953488372093023,0.21395348837209302
0.1296969696969697,0.67236328125,1.013671875,0.025,0.0,0.0,0.07500000000000001,0.037209302325581395,0.027906976744186046,0.05581395348837209,0.325,0.0,0.0,0.27499999999999997,0.25116279069767444,0.13953488372093023,0.22325581395348837
0.13090909090909092,0.677734375,1.0205078125,0.025,0.0,0.0,0.07500000000000001,0.037209302325581395,0.027906976744186046,0.05581395348837209,0.325,0.0,0.0,0.27499999999999997,0.25116279069767444,0.13953488372093023,0.23255813953488372
0.13212121212121214,0.68359375,1.02734375,0.025,0.0,0.0,0.07500000000000001,0.037209302325581395,0.027906976744186046,0.05581395348837209,0.35000000000000003,0.0,0.0,0.27499999999999997,0.25116279069767444,0.13953488372093023,0.23255813953488372
0.13333333333333333,0.689453125,1.03515625,0.025,0.0,0.0,0.07500000000000001,0.037209302325581395,0.027906976744186046,0.05581395348837209,0.35000000000000003,0.0,0.0,0.27499999999999997,0.26046511627906976,0.13953488372093023,0.23255813953488372
0.13454545454545455,0.69482421875,1.0419921875,0.025,0.0,0.0,0.07500000000000001,0.037209302325581395,0.027906976744186046,0.05581395348837209,0.35000000000000003,0.0,0.0,0.27499999999999997,0.2697674418604651,0.13953488372093023,0.23255813953488372
0.13575757575757574,0.70068359375,1.048828125,0.025,0.0,0.0,0.07500000000000001,0.037209302325581395,0.027906976744186046,0.05581395348837209,0.35000000000000003,0.0,0.0,0.27499999999999997,0.2697674418604651,0.14883720930232558,0.23255813953488372
0.13696969696969696,0.70654296875,1.0556640625,0.025,0.0,0.0,0.07500000000000001,0.037209302325581395,0.027906976744186046,0.05581395348837209,0.35000000000000003,0.0,0.0,0.27499999999999997,0.2697674418604651,0.14883720930232558,0.24186046511627907
0.13818181818181816,0.71240234375,1.0625,0.025,0.0,0.0,0.07500000000000001,0.037209302325581395,0.027906976744186046,0.06511627906976744,0.35000000000000003,0.0,0.0,0.27499999999999997,0.2697674418604651,0.14883720930232558,0.24186046511627907
0.1393939393939394,0.71826171875,1.0703125,0.025,0.0,0.0,0.07500000000000001,0.037209302325581395,0.027906976744186046,0.06511627906976744,0.35000000000000003,0.0,0.0,0.3,0.2697674418604651,0.14883720930232558,0.24186046511627907
0.1406060606060606,0.72412109375,1.0771484375,0.025,0.0,0.0,0.07500000000000001,0.037209302325581395,0.027906976744186046,0.06511627906976744,0.35000000000000003,0.0,0.0,0.3,0.2697674418604651,0.15813953488372093,0.24186046511627907
0.14181818181818182,0.72998046875,1.0830078125,0.025,0.0,0.0,0.07500000000000001,0.037209302325581395,0.027906976744186046,0.06511627906976744,0.35000000000000003,0.0,0.0,0.3,0.2697674418604651,0.15813953488372093,0.25116279069767444
0.14303030303030304,0.7353515625,1.0908203125,0.025,0.0,0.0,0.07500000000000001,0.037209302325581395,0.027906976744186046,0.06511627906976744,0.35000000000000003,0.0,0.0,0.3,0.2697674418604651,0.15813953488372093,0.26046511627906976
0.14424242424242423,0.7412109375,1.0966796875,0.025,0.0,0.0,0.1,0.037209302325581395,0.027906976744186046,0.06511627906976744,0.35000000000000003,0.0,0.0,0.3,0.2697674418604651,0.15813953488372093,0.26046511627906976
0.14545454545454545,0.7470703125,1.1044921875,0.025,0.0,0.0,0.1,0.037209302325581395,0.027906976744186046,0.06511627906976744,0.37500000000000006,0.0,0.0,0.3,0.2697674418604651,0.15813953488372093,0.26046511627906976
0.14666666666666664,0.7529296875,1.111328125,0.025,0.0,0.0,0.1,0.037209302325581395,0.027906976744186046,0.06511627906976744,0.37500000000000006,0.0,0.0,0.3,0.2790697674418604,0.15813953488372093,0.26046511627906976
0.14787878787878786,0.75830078125,1.1201171875,0.025,0.0,0.0,0.1,0.037209302325581395,0.027906976744186046,0.06511627906976744,0.37500000000000006,0.0,0.0,0.3,0.2883720930232557,0.15813953488372093,0.26046511627906976
0.14909090909090905,0.76416015625,1.126953125,0.025,0.0,0.0,0.1,0.037209302325581395,0.027906976744186046,0.06511627906976744,0.37500000000000006,0.0,0.0,0.3,0.29767441860465105,0.15813953488372093,0.26046511627906976
0.1503030303030303,0.76953125,1.1337890625,0.025,0.0,0.0,0.1,0.037209302325581395,0.027906976744186046,0.06511627906976744,0.37500000000000006,0.0,0.0,0.3,0.30697674418604637,0.15813953488372093,0.26046511627906976
0.15151515151515146,0.775390625,1.140625,0.025,0.0,0.0,0.1,0.037209302325581395,0.027906976744186046,0.06511627906976744,0.37500000000000006,0.0,0.0,0.3,0.3162790697674417,0.15813953488372093,0.26046511627906976
0.1527272727272727,0.78125,1.1484375,0.025,0.0,0.0,0.1,0.037209302325581395,0.027906976744186046,0.06511627906976744,0.37500000000000006,0.0,0.0,0.3,0.325581395348837,0.15813953488372093,0.26046511627906976
0.15393939393939388,0.78662109375,1.1552734375,0.025,0.0,0.0,0.1,0.037209302325581395,0.027906976744186046,0.06511627906976744,0.37500000000000006,0.0,0.0,0.3,0.325581395348837,0.15813953488372093,0.2697674418604651
0.15515151515151512,0.7919921875,1.162109375,0.025,0.0,0.0,0.1,0.037209302325581395,0.027906976744186046,0.06511627906976744,0.37500000000000006,0.0,0.0,0.3,0.325581395348837,0.15813953488372093,0.2790697674418604
0.15636363636363632,0.7978515625,1.1689453125,0.025,0.0,0.0,0.1,0.037209302325581395,0.027906976744186046,0.06511627906976744,0.4000000000000001,0.0,0.0,0.3,0.325581395348837,0.15813953488372093,0.2790697674418604
0.15757575757575756,0.8037109375,1.1767578125,0.025,0.0,0.0,0.1,0.046511627906976744,0.027906976744186046,0.06511627906976744,0.4000000000000001,0.0,0.0,0.3,0.325581395348837,0.15813953488372093,0.2790697674418604
0.15878787878787876,0.8095703125,1.1826171875,0.025,0.0,0.0,0.1,0.046511627906976744,0.037209302325581395,0.06511627906976744,0.4000000000000001,0.0,0.0,0.3,0.325581395348837,0.15813953488372093,0.2790697674418604
0.15999999999999998,0.8154296875,1.1904296875,0.025,0.0,0.0,0.1,0.046511627906976744,0.037209302325581395,0.06511627906976744,0.4000000000000001,0.0,0.0,0.325,0.325581395348837,0.15813953488372093,0.2790697674418604
0.1612121212121212,0.82080078125,1.197265625,0.025,0.0,0.0,0.1,0.046511627906976744,0.037209302325581395,0.06511627906976744,0.4000000000000001,0.0,0.0,0.325,0.325581395348837,0.16744186046511628,0.2790697674418604
0.16242424242424242,0.826171875,1.205078125,0.025,0.0,0.0,0.1,0.046511627906976744,0.037209302325581395,0.06511627906976744,0.4000000000000001,0.0,0.0,0.325,0.325581395348837,0.17674418604651163,0.2790697674418604
0.1636363636363636,0.83154296875,1.2109375,0.025,0.0,0.0,0.1,0.046511627906976744,0.037209302325581395,0.06511627906976744,0.4000000000000001,0.0,0.0,0.325,0.325581395348837,0.17674418604651163,0.2883720930232557
0.16484848484848483,0.8369140625,1.2197265625,0.025,0.0,0.0,0.1,0.046511627906976744,0.037209302325581395,0.06511627906976744,0.4000000000000001,0.0,0.0,0.325,0.325581395348837,0.17674418604651163,0.29767441860465105
0.16606060606060602,0.8427734375,1.2255859375,0.025,0.0,0.0,0.1,0.046511627906976744,0.037209302325581395,0.06511627906976744,0.4250000000000001,0.0,0.0,0.325,0.325581395348837,0.17674418604651163,0.29767441860465105
0.16727272727272724,0.8486328125,1.2333984375,0.025,0.0,0.0,0.1,0.046511627906976744,0.037209302325581395,0.06511627906976744,0.4250000000000001,0.0,0.0,0.325,0.33488372093023233,0.17674418604651163,0.29767441860465105
0.16848484848484846,0.85400390625,1.240234375,0.025,0.0,0.0,0.1,0.046511627906976744,0.037209302325581395,0.06511627906976744,0.4250000000000001,0.0,0.0,0.325,0.34418604651162765,0.17674418604651163,0.29767441860465105
0.16969696969696965,0.859375,1.248046875,0.025,0.0,0.0,0.1,0.046511627906976744,0.037209302325581395,0.06511627906976744,0.4250000000000001,0.0,0.0,0.325,0.34418604651162765,0.17674418604651163,0.30697674418604637
0.17090909090909087,0.865234375,1.25390625,0.025,0.0,0.0,0.1,0.046511627906976744,0.037209302325581395,0.07441860465116279,0.4250000000000001,0.0,0.0,0.325,0.34418604651162765,0.17674418604651163,0.30697674418604637
0.17212121212121206,0.87109375,1.2626953125,0.025,0.0,0.0,0.1,0.046511627906976744,0.037209302325581395,0.07441860465116279,0.4250000000000001,0.0,0.0,0.325,0.353488372093023,0.17674418604651163,0.30697674418604637
0.1733333333333333,0.876953125,1.2685546875,0.025,0.0,0.0,0.1,0.046511627906976744,0.037209302325581395,0.07441860465116279,0.4250000000000001,0.0,0.0,0.325,0.3627906976744183,0.17674418604651163,0.30697674418604637
0.17454545454545448,0.88232421875,1.27734375,0.025,0.0,0.0,0.1,0.046511627906976744,0.037209302325581395,0.07441860465116279,0.4250000000000001,0.0,0.0,0.325,0.3720930232558136,0.17674418604651163,0.30697674418604637
0.1757575757575757,0.8876953125,1.283203125,0.025,0.0,0.0,0.1,0.046511627906976744,0.037209302325581395,0.07441860465116279,0.4250000000000001,0.0,0.0,0.325,0.3720930232558136,0.18604651162790697,0.30697674418604637
0.1769696969696969,0.89306640625,1.291015625,0.025,0.0,0.0,0.1,0.046511627906976744,0.037209302325581395,0.07441860465116279,0.4250000000000001,0.0,0.0,0.325,0.3720930232558136,0.19534883720930232,0.30697674418604637
0.1781818181818181,0.8984375,1.298828125,0.025,0.0,0.0,0.1,0.046511627906976744,0.037209302325581395,0.07441860465116279,0.4250000000000001,0.0,0.0,0.325,0.3720930232558136,0.20465116279069767,0.30697674418604637
0.17939393939393933,0.90380859375,1.3037109375,0.025,0.0,0.0,0.1,0.046511627906976744,0.037209302325581395,0.07441860465116279,0.4250000000000001,0.0,0.0,0.325,0.3720930232558136,0.20465116279069767,0.3162790697674417
0.18060606060606055,0.90966796875,1.3125,0.025,0.0,0.0,0.1,0.046511627906976744,0.037209302325581395,0.07441860465116279,0.4250000000000001,0.0,0.0,0.35000000000000003,0.3720930232558136,0.20465116279069767,0.3162790697674417
0.18181818181818177,0.91552734375,1.3193359375,0.025,0.0,0.0,0.1,0.046511627906976744,0.037209302325581395,0.07441860465116279,0.4250000000000001,0.0,0.0,0.35000000000000003,0.3720930232558136,0.21395348837209302,0.3162790697674417
0.183030303030303,0.9208984375,1.3271484375,0.025,0.0,0.0,0.1,0.046511627906976744,0.037209302325581395,0.07441860465116279,0.4250000000000001,0.0,0.0,0.35000000000000003,0.3720930232558136,0.22325581395348837,0.3162790697674417
0.18424242424242418,0.92626953125,1.333984375,0.025,0.0,0.0,0.1,0.046511627906976744,0.037209302325581395,0.07441860465116279,0.4250000000000001,0.0,0.0,0.35000000000000003,0.3720930232558136,0.22325581395348837,0.325581395348837
0.18545454545454543,0.93212890625,1.341796875,0.025,0.0,0.0,0.1,0.046511627906976744,0.037209302325581395,0.07441860465116279,0.4500000000000001,0.0,0.0,0.35000000000000003,0.3720930232558136,0.22325581395348837,0.325581395348837
0.18666666666666662,0.9375,1.349609375,0.025,0.0,0.0,0.1,0.046511627906976744,0.037209302325581395,0.07441860465116279,0.4500000000000001,0.0,0.0,0.35000000000000003,0.3720930232558136,0.23255813953488372,0.325581395348837
0.1878787878787878,0.943359375,1.35546875,0.025,0.0,0.0,0.1,0.046511627906976744,0.037209302325581395,0.08372093023255814,0.4500000000000001,0.0,0.0,0.35000000000000003,0.3720930232558136,0.23255813953488372,0.325581395348837
0.18909090909090903,0.94921875,1.3623046875,0.025,0.0,0.0,0.1,0.046511627906976744,0.037209302325581395,0.08372093023255814,0.4500000000000001,0.0,0.0,0.35000000000000003,0.3720930232558136,0.24186046511627907,0.325581395348837
0.19030303030303022,0.95458984375,1.3701171875,0.025,0.0,0.0,0.1,0.046511627906976744,0.037209302325581395,0.08372093023255814,0.4500000000000001,0.0,0.0,0.35000000000000003,0.3720930232558136,0.24186046511627907,0.33488372093023233
0.19151515151515144,0.9599609375,1.3779296875,0.025,0.0,0.0,0.1,0.046511627906976744,0.037209302325581395,0.08372093023255814,0.4500000000000001,0.0,0.0,0.35000000000000003,0.3720930232558136,0.24186046511627907,0.34418604651162765
0.19272727272727264,0.96533203125,1.3857421875,0.025,0.0,0.0,0.1,0.046511627906976744,0.037209302325581395,0.08372093023255814,0.4500000000000001,0.0,0.0,0.35000000000000003,0.3720930232558136,0.24186046511627907,0.353488372093023
0.19393939393939388,0.97119140625,1.390625,0.025,0.0,0.0,0.125,0.046511627906976744,0.037209302325581395,0.08372093023255814,0.4500000000000001,0.0,0.0,0.35000000000000003,0.3720930232558136,0.24186046511627907,0.353488372093023
0.19515151515151508,0.97705078125,1.3984375,0.025,0.0,0.0,0.125,0.046511627906976744,0.037209302325581395,0.08372093023255814,0.47500000000000014,0.0,0.0,0.35000000000000003,0.3720930232558136,0.24186046511627907,0.353488372093023
0.19636363636363632,0.982421875,1.40625,0.025,0.0,0.0,0.125,0.046511627906976744,0.037209302325581395,0.08372093023255814,0.47500000000000014,0.0,0.0,0.35000000000000003,0.38139534883720894,0.24186046511627907,0.353488372093023
0.1975757575757575,0.98779296875,1.4140625,0.025,0.0,0.0,0.125,0.046511627906976744,0.037209302325581395,0.08372093023255814,0.47500000000000014,0.0,0.0,0.35000000000000003,0.39069767441860426,0.24186046511627907,0.353488372093023
0.19878787878787868,0.9931640625,1.4208984375,0.025,0.0,0.0,0.125,0.046511627906976744,0.037209302325581395,0.08372093023255814,0.47500000000000014,0.0,0.0,0.35000000000000003,0.3999999999999996,0.24186046511627907,0.353488372093023
0.1999999999999999,0.9990234375,1.427734375,0.025,0.0,0.0,0.125,0.046511627906976744,0.037209302325581395,0.08372093023255814,0.47500000000000014,0.0,0.0,0.35000000000000003,0.4093023255813949,0.24186046511627907,0.353488372093023
0.20121212121212115,1.00390625,1.435546875,0.025,0.0,0.0,0.125,0.046511627906976744,0.037209302325581395,0.08372093023255814,0.47500000000000014,0.0,0.0,0.35000000000000003,0.4093023255813949,0.25116279069767444,0.353488372093023
0.20242424242424234,1.009765625,1.4443359375,0.025,0.0,0.0,0.125,0.046511627906976744,0.037209302325581395,0.08372093023255814,0.47500000000000014,0.0,0.0,0.37500000000000006,0.4093023255813949,0.25116279069767444,0.353488372093023
0.20363636363636356,1.015625,1.44921875,0.025,0.0,0.0,0.125,0.05581395348837209,0.037209302325581395,0.08372093023255814,0.47500000000000014,0.0,0.0,0.37500000000000006,0.4093023255813949,0.25116279069767444,0.353488372093023
0.20484848484848475,1.021484375,1.45703125,0.025,0.0,0.0,0.125,0.05581395348837209,0.037209302325581395,0.08372093023255814,0.47500000000000014,0.0,0.0,0.37500000000000006,0.4186046511627902,0.25116279069767444,0.353488372093023
0.20606060606060597,1.02734375,1.46484375,0.025,0.0,0.0,0.125,0.05581395348837209,0.037209302325581395,0.09302325581395349,0.47500000000000014,0.0,0.0,0.37500000000000006,0.4186046511627902,0.25116279069767444,0.353488372093023
0.20727272727272716,1.033203125,1.47265625,0.025,0.0,0.0,0.125,0.05581395348837209,0.037209302325581395,0.09302325581395349,0.5000000000000001,0.0,0.0,0.37500000000000006,0.4186046511627902,0.25116279069767444,0.353488372093023
0.20848484848484838,1.0390625,1.478515625,0.025,0.0,0.0,0.125,0.05581395348837209,0.037209302325581395,0.09302325581395349,0.5000000000000001,0.0,0.0,0.37500000000000006,0.42790697674418554,0.25116279069767444,0.353488372093023
0.20969696969696958,1.0439453125,1.486328125,0.025,0.0,0.0,0.125,0.05581395348837209,0.037209302325581395,0.09302325581395349,0.5000000000000001,0.0,0.0,0.37500000000000006,0.42790697674418554,0.25116279069767444,0.3627906976744183
0.2109090909090908,1.0498046875,1.4951171875,0.025,0.0,0.0,0.125,0.05581395348837209,0.037209302325581395,0.09302325581395349,0.5000000000000001,0.0,0.0,0.37500000000000006,0.43720930232558086,0.25116279069767444,0.3627906976744183
0.212121212121212,1.0546875,1.5,0.025,0.0,0.0,0.125,0.05581395348837209,0.037209302325581395,0.09302325581395349,0.5000000000000001,0.0,0.0,0.37500000000000006,0.43720930232558086,0.25116279069767444,0.3720930232558136
0.2133333333333332,1.060546875,1.5078125,0.025,0.0,0.0,0.125,0.05581395348837209,0.037209302325581395,0.09302325581395349,0.5000000000000001,0.0,0.0,0.37500000000000006,0.4465116279069762,0.25116279069767444,0.3720930232558136
0.2145454545454544,1.06640625,1.515625,0.025,0.0,0.0,0.15,0.05581395348837209,0.037209302325581395,0.09302325581395349,0.5000000000000001,0.0,0.0,0.37500000000000006,0.4465116279069762,0.25116279069767444,0.3720930232558136
0.21575757575757565,1.072265625,1.521484375,0.025,0.0,0.0,0.15,0.05581395348837209,0.037209302325581395,0.09302325581395349,0.5000000000000001,0.0,0.0,0.37500000000000006,0.4558139534883715,0.25116279069767444,0.3720930232558136
0.21696969696969687,1.078125,1.5302734375,0.025,0.0,0.0,0.15,0.05581395348837209,0.037209302325581395,0.09302325581395349,0.5250000000000001,0.0,0.0,0.37500000000000006,0.4558139534883715,0.25116279069767444,0.3720930232558136
0.21818181818181806,1.083984375,1.5380859375,0.025,0.0,0.0,0.15,0.05581395348837209,0.037209302325581395,0.09302325581395349,0.5250000000000001,0.0,0.0,0.37500000000000006,0.4651162790697668,0.25116279069767444,0.3720930232558136
0.21939393939393928,1.08984375,1.5439453125,0.025,0.0,0.0,0.15,0.05581395348837209,0.037209302325581395,0.10232558139534884,0.5250000000000001,0.0,0.0,0.37500000000000006,0.4651162790697668,0.25116279069767444,0.3720930232558136
0.22060606060606047,1.095703125,1.5517578125,0.025,0.0,0.0,0.15,0.05581395348837209,0.037209302325581395,0.10232558139534884,0.5250000000000001,0.0,0.0,0.37500000000000006,0.47441860465116215,0.25116279069767444,0.3720930232558136
0.2218181818181817,1.1015625,1.5595703125,0.025,0.0,0.0,0.15,0.05581395348837209,0.037209302325581395,0.10232558139534884,0.5250000000000001,0.0,0.0,0.4000000000000001,0.47441860465116215,0.25116279069767444,0.3720930232558136
0.22303030303030294,1.107421875,1.56640625,0.025,0.0,0.0,0.15,0.05581395348837209,0.037209302325581395,0.10232558139534884,0.5250000000000001,0.0,0.0,0.4000000000000001,0.48372093023255747,0.25116279069767444,0.3720930232558136
0.2242424242424241,1.11328125,1.5732421875,0.025,0.0,0.0,0.15,0.05581395348837209,0.037209302325581395,0.10232558139534884,0.5250000000000001,0.0,0.0,0.4000000000000001,0.4930232558139528,0.25116279069767444,0.3720930232558136
0.22545454545454535,1.119140625,1.58203125,0.025,0.0,0.0,0.15,0.05581395348837209,0.037209302325581395,0.10232558139534884,0.5250000000000001,0.0,0.0,0.4000000000000001,0.5023255813953481,0.25116279069767444,0.3720930232558136
0.22666666666666652,1.125,1.587890625,0.025,0.0,0.0,0.15,0.05581395348837209,0.037209302325581395,0.10232558139534884,0.5250000000000001,0.0,0.0,0.4000000000000001,0.5023255813953481,0.26046511627906976,0.3720930232558136
0.22787878787878776,1.1298828125,1.595703125,0.025,0.0,0.0,0.15,0.05581395348837209,0.037209302325581395,0.10232558139534884,0.5250000000000001,0.0,0.0,0.4000000000000001,0.5023255813953481,0.2697674418604651,0.3720930232558136
0.22909090909090898,1.134765625,1.603515625,0.025,0.0,0.0,0.15,0.05581395348837209,0.037209302325581395,0.10232558139534884,0.5250000000000001,0.0,0.0,0.4000000000000001,0.5023255813953481,0.2790697674418604,0.3720930232558136
0.23030303030303018,1.140625,1.609375,0.025,0.0,0.0,0.15,0.05581395348837209,0.037209302325581395,0.10232558139534884,0.5250000000000001,0.0,0.0,0.4000000000000001,0.5116279069767434,0.2790697674418604,0.3720930232558136
0.23151515151515137,1.1455078125,1.6181640625,0.025,0.0,0.0,0.15,0.05581395348837209,0.037209302325581395,0.10232558139534884,0.5250000000000001,0.0,0.0,0.4000000000000001,0.5116279069767434,0.2790697674418604,0.38139534883720894
0.2327272727272726,1.1513671875,1.6240234375,0.025,0.0,0.0,0.15,0.05581395348837209,0.037209302325581395,0.10232558139534884,0.5500000000000002,0.0,0.0,0.4000000000000001,0.5116279069767434,0.2790697674418604,0.38139534883720894
0.2339393939393938,1.1572265625,1.6318359375,0.025,0.0,0.0,0.15,0.05581395348837209,0.037209302325581395,0.10232558139534884,0.5500000000000002,0.0,0.0,0.4000000000000001,0.5209302325581388,0.2790697674418604,0.38139534883720894
0.235151515151515,1.1630859375,1.6416015625,0.025,0.0,0.0,0.15,0.05581395348837209,0.037209302325581395,0.10232558139534884,0.5500000000000002,0.0,0.0,0.4000000000000001,0.5209302325581388,0.2883720930232557,0.38139534883720894
0.2363636363636362,1.16796875,1.646484375,0.025,0.0,0.0,0.15,0.05581395348837209,0.037209302325581395,0.10232558139534884,0.5500000000000002,0.0,0.0,0.4000000000000001,0.5209302325581388,0.29767441860465105,0.38139534883720894
0.2375757575757574,1.1728515625,1.654296875,0.025,0.0,0.0,0.15,0.05581395348837209,0.037209302325581395,0.10232558139534884,0.5500000000000002,0.0,0.0,0.4000000000000001,0.5209302325581388,0.29767441860465105,0.39069767441860426
0.23878787878787866,1.1787109375,1.66015625,0.025,0.0,0.0,0.15,0.05581395348837209,0.037209302325581395,0.10232558139534884,0.5500000000000002,0.0,0.0,0.4000000000000001,0.5302325581395341,0.29767441860465105,0.39069767441860426
0.23999999999999982,1.1845703125,1.6689453125,0.025,0.0,0.0,0.15,0.05581395348837209,0.037209302325581395,0.10232558139534884,0.5500000000000002,0.0,0.0,0.4250000000000001,0.5302325581395341,0.29767441860465105,0.39069767441860426
0.24121212121212102,1.1904296875,1.67578125,0.025,0.0,0.0,0.15,0.05581395348837209,0.037209302325581395,0.10232558139534884,0.5500000000000002,0.0,0.0,0.4250000000000001,0.5302325581395341,0.30697674418604637,0.39069767441860426
0.24242424242424226,1.1953125,1.6826171875,0.025,0.0,0.0,0.15,0.05581395348837209,0.037209302325581395,0.10232558139534884,0.5500000000000002,0.0,0.0,0.4250000000000001,0.5302325581395341,0.3162790697674417,0.39069767441860426
0.24363636363636348,1.201171875,1.6923828125,0.025,0.0,0.0,0.15,0.05581395348837209,0.037209302325581395,0.10232558139534884,0.5500000000000002,0.0,0.0,0.4250000000000001,0.5302325581395341,0.325581395348837,0.39069767441860426
0.24484848484848468,1.2060546875,1.6982421875,0.025,0.0,0.0,0.15,0.05581395348837209,0.037209302325581395,0.10232558139534884,0.5500000000000002,0.0,0.0,0.4250000000000001,0.5302325581395341,0.33488372093023233,0.39069767441860426
0.2460606060606059,1.2119140625,1.7060546875,0.025,0.0,0.0,0.15,0.05581395348837209,0.046511627906976744,0.10232558139534884,0.5500000000000002,0.0,0.0,0.4250000000000001,0.5302325581395341,0.33488372093023233,0.39069767441860426
0.2472727272727271,1.2177734375,1.712890625,0.025,0.0,0.0,0.15,0.05581395348837209,0.046511627906976744,0.10232558139534884,0.5750000000000002,0.0,0.0,0.4250000000000001,0.5302325581395341,0.33488372093023233,0.39069767441860426
0.2484848484848483,1.2236328125,1.720703125,0.025,0.0,0.0,0.15,0.05581395348837209,0.046511627906976744,0.10232558139534884,0.5750000000000002,0.0,0.0,0.4250000000000001,0.5395348837209294,0.33488372093023233,0.39069767441860426
0.24969696969696953,1.228515625,1.7265625,0.025,0.0,0.0,0.15,0.05581395348837209,0.046511627906976744,0.10232558139534884,0.5750000000000002,0.0,0.0,0.4250000000000001,0.5395348837209294,0.33488372093023233,0.3999999999999996
0.25090909090909075,1.2333984375,1.7353515625,0.025,0.0,0.0,0.15,0.05581395348837209,0.046511627906976744,0.10232558139534884,0.5750000000000002,0.0,0.0,0.4250000000000001,0.5395348837209294,0.33488372093023233,0.4093023255813949
0.2521212121212119,1.2392578125,1.7412109375,0.025,0.0,0.0,0.15,0.05581395348837209,0.046511627906976744,0.10232558139534884,0.5750000000000002,0.0,0.0,0.4250000000000001,0.5395348837209294,0.34418604651162765,0.4093023255813949
0.25333333333333313,1.244140625,1.75,0.025,0.0,0.0,0.15,0.05581395348837209,0.046511627906976744,0.10232558139534884,0.5750000000000002,0.0,0.0,0.4250000000000001,0.5395348837209294,0.34418604651162765,0.4186046511627902
0.25454545454545435,1.2490234375,1.7548828125,0.025,0.0,0.0,0.15,0.05581395348837209,0.046511627906976744,0.10232558139534884,0.5750000000000002,0.0,0.0,0.4250000000000001,0.5395348837209294,0.34418604651162765,0.42790697674418554
0.2557575757575756,1.2548828125,1.763671875,0.025,0.0,0.0,0.15,0.06511627906976744,0.046511627906976744,0.10232558139534884,0.5750000000000002,0.0,0.0,0.4250000000000001,0.5395348837209294,0.34418604651162765,0.42790697674418554
0.25696969696969674,1.2607421875,1.7724609375,0.025,0.0,0.0,0.15,0.06511627906976744,0.046511627906976744,0.11162790697674418,0.5750000000000002,0.0,0.0,0.4250000000000001,0.5395348837209294,0.34418604651162765,0.42790697674418554
0.25818181818181796,1.2666015625,1.7783203125,0.025,0.0,0.0,0.15,0.06511627906976744,0.046511627906976744,0.11162790697674418,0.6000000000000002,0.0,0.0,0.4250000000000001,0.5395348837209294,0.34418604651162765,0.42790697674418554
0.2593939393939392,1.2724609375,1.787109375,0.025,0.0,0.0,0.15,0.06511627906976744,0.046511627906976744,0.11162790697674418,0.6000000000000002,0.0,0.0,0.4250000000000001,0.5395348837209294,0.353488372093023,0.42790697674418554
0.26060606060606045,1.2783203125,1.79296875,0.025,0.0,0.0,0.175,0.06511627906976744,0.046511627906976744,0.11162790697674418,0.6000000000000002,0.0,0.0,0.4250000000000001,0.5395348837209294,0.353488372093023,0.42790697674418554
0.2618181818181816,1.2841796875,1.8017578125,0.025,0.0,0.0,0.175,0.06511627906976744,0.046511627906976744,0.11162790697674418,0.6000000000000002,0.0,0.0,0.4250000000000001,0.5395348837209294,0.3627906976744183,0.42790697674418554
0.2630303030303028,1.2890625,1.8076171875,0.025,0.0,0.0,0.175,0.06511627906976744,0.046511627906976744,0.11162790697674418,0.6000000000000002,0.0,0.0,0.4250000000000001,0.5395348837209294,0.3720930232558136,0.42790697674418554
0.26424242424242406,1.294921875,1.8154296875,0.025,0.0,0.0,0.175,0.06511627906976744,0.046511627906976744,0.11162790697674418,0.6000000000000002,0.0,0.0,0.4500000000000001,0.5395348837209294,0.3720930232558136,0.42790697674418554
0.2654545454545453,1.30078125,1.822265625,0.025,0.0,0.0,0.175,0.06511627906976744,0.046511627906976744,0.11162790697674418,0.6000000000000002,0.0,0.0,0.4500000000000001,0.5395348837209294,0.3720930232558136,0.43720930232558086
0.26666666666666644,1.3056640625,1.8310546875,0.025,0.0,0.0,0.175,0.06511627906976744,0.046511627906976744,0.11162790697674418,0.6000000000000002,0.0,0.0,0.4500000000000001,0.5395348837209294,0.3720930232558136,0.4465116279069762
0.26787878787878766,1.310546875,1.8369140625,0.025,0.0,0.0,0.175,0.06511627906976744,0.046511627906976744,0.11162790697674418,0.6000000000000002,0.0,0.0,0.4500000000000001,0.5395348837209294,0.3720930232558136,0.4558139534883715
0.2690909090909089,1.31640625,1.845703125,0.025,0.0,0.0,0.175,0.06511627906976744,0.046511627906976744,0.11162790697674418,0.6000000000000002,0.0,0.0,0.4500000000000001,0.5395348837209294,0.38139534883720894,0.4558139534883715
0.2703030303030301,1.322265625,1.8515625,0.025,0.0,0.0,0.175,0.06511627906976744,0.046511627906976744,0.11162790697674418,0.6000000000000002,0.0,0.0,0.4500000000000001,0.5395348837209294,0.39069767441860426,0.4558139534883715
0.27151515151515127,1.3271484375,1.8603515625,0.025,0.0,0.0,0.175,0.06511627906976744,0.046511627906976744,0.11162790697674418,0.6000000000000002,0.0,0.0,0.4500000000000001,0.5395348837209294,0.39069767441860426,0.4651162790697668
0.2727272727272725,1.3330078125,1.8671875,0.025,0.0,0.0,0.175,0.06511627906976744,0.046511627906976744,0.11162790697674418,0.6000000000000002,0.0,0.0,0.4500000000000001,0.5395348837209294,0.3999999999999996,0.4651162790697668
0.2739393939393937,1.3388671875,1.8759765625,0.025,0.0,0.0,0.175,0.07441860465116279,0.046511627906976744,0.11162790697674418,0.6000000000000002,0.0,0.0,0.4500000000000001,0.5395348837209294,0.3999999999999996,0.4651162790697668
0.2751515151515149,1.3447265625,1.8818359375,0.025,0.0,0.0,0.175,0.07441860465116279,0.046511627906976744,0.11162790697674418,0.6000000000000002,0.0,0.0,0.4500000000000001,0.5488372093023247,0.3999999999999996,0.4651162790697668
0.27636363636363614,1.3505859375,1.890625,0.025,0.0,0.0,0.175,0.07441860465116279,0.046511627906976744,0.11162790697674418,0.6250000000000002,0.0,0.0,0.4500000000000001,0.5488372093023247,0.3999999999999996,0.4651162790697668
0.2775757575757573,1.3564453125,1.8955078125,0.025,0.0,0.0,0.175,0.07441860465116279,0.046511627906976744,0.11162790697674418,0.6250000000000002,0.0,0.0,0.4500000000000001,0.55813953488372,0.3999999999999996,0.4651162790697668
0.27878787878787853,1.361328125,1.90234375,0.025,0.0,0.0,0.175,0.07441860465116279,0.046511627906976744,0.11162790697674418,0.6250000000000002,0.0,0.0,0.4500000000000001,0.5674418604651154,0.3999999999999996,0.4651162790697668
0.27999999999999975,1.3671875,1.9111328125,0.025,0.0,0.0,0.175,0.07441860465116279,0.046511627906976744,0.11162790697674418,0.6250000000000002,0.0,0.0,0.4500000000000001,0.5767441860465107,0.3999999999999996,0.4651162790697668
0.28121212121212097,1.373046875,1.91796875,0.025,0.0,0.0,0.175,0.07441860465116279,0.046511627906976744,0.12093023255813953,0.6250000000000002,0.0,0.0,0.4500000000000001,0.5767441860465107,0.3999999999999996,0.4651162790697668
0.2824242424242422,1.37890625,1.9267578125,0.025,0.0,0.0,0.175,0.07441860465116279,0.046511627906976744,0.12093023255813953,0.6250000000000002,0.0,0.0,0.4500000000000001,0.586046511627906,0.3999999999999996,0.4651162790697668
0.2836363636363634,1.3837890625,1.9326171875,0.025,0.0,0.0,0.175,0.07441860465116279,0.046511627906976744,0.12093023255813953,0.6250000000000002,0.0,0.0,0.4500000000000001,0.586046511627906,0.3999999999999996,0.47441860465116215
0.2848484848484846,1.3896484375,1.94140625,0.025,0.0,0.0,0.175,0.07441860465116279,0.046511627906976744,0.12093023255813953,0.6500000000000002,0.0,0.0,0.4500000000000001,0.586046511627906,0.3999999999999996,0.47441860465116215
0.2860606060606058,1.3955078125,1.9482421875,0.025,0.0,0.0,0.175,0.07441860465116279,0.046511627906976744,0.13023255813953488,0.6500000000000002,0.0,0.0,0.4500000000000001,0.586046511627906,0.3999999999999996,0.47441860465116215
0.28727272727272707,1.4013671875,1.9560546875,0.025,0.0,0.0,0.175,0.07441860465116279,0.046511627906976744,0.13023255813953488,0.6500000000000002,0.0,0.0,0.4500000000000001,0.586046511627906,0.4093023255813949,0.47441860465116215
0.28848484848484823,1.40625,1.962890625,0.025,0.0,0.0,0.175,0.07441860465116279,0.046511627906976744,0.13023255813953488,0.6500000000000002,0.0,0.0,0.4500000000000001,0.586046511627906,0.4093023255813949,0.48372093023255747
0.2896969696969694,1.412109375,1.9716796875,0.025,0.0,0.0,0.175,0.07441860465116279,0.046511627906976744,0.13023255813953488,0.6500000000000002,0.0,0.0,0.47500000000000014,0.586046511627906,0.4093023255813949,0.48372093023255747
0.2909090909090906,1.41796875,1.9775390625,0.025,0.0,0.0,0.175,0.07441860465116279,0.046511627906976744,0.13023255813953488,0.6500000000000002,0.0,0.0,0.47500000000000014,0.586046511627906,0.4186046511627902,0.48372093023255747
0.29212121212121184,1.4228515625,1.9833984375,0.025,0.0,0.0,0.175,0.07441860465116279,0.046511627906976744,0.13023255813953488,0.6500000000000002,0.0,0.0,0.47500000000000014,0.586046511627906,0.4186046511627902,0.4930232558139528
0.29333333333333306,1.4287109375,1.9931640625,0.025,0.0,0.0,0.175,0.07441860465116279,0.046511627906976744,0.13023255813953488,0.6500000000000002,0.2,0.0,0.47500000000000014,0.586046511627906,0.4186046511627902,0.4930232558139528
0.2945454545454543,1.4345703125,1.9990234375,0.025,0.0,0.0,0.19999999999999998,0.07441860465116279,0.046511627906976744,0.13023255813953488,0.6500000000000002,0.2,0.0,0.47500000000000014,0.586046511627906,0.4186046511627902,0.4930232558139528
0.2957575757575755,1.439453125,2.0078125,0.025,0.0,0.0,0.19999999999999998,0.07441860465116279,0.046511627906976744,0.13023255813953488,0.6500000000000002,0.2,0.0,0.47500000000000014,0.586046511627906,0.42790697674418554,0.4930232558139528
0.2969696969696967,1.4453125,2.015625,0.025,0.0,0.0,0.19999999999999998,0.07441860465116279,0.046511627906976744,0.13953488372093023,0.6500000000000002,0.2,0.0,0.47500000000000014,0.586046511627906,0.42790697674418554,0.4930232558139528
0.2981818181818179,1.451171875,2.021484375,0.025,0.0,0.0,0.19999999999999998,0.07441860465116279,0.05581395348837209,0.13953488372093023,0.6500000000000002,0.2,0.0,0.47500000000000014,0.586046511627906,0.42790697674418554,0.4930232558139528
0.2993939393939391,1.45703125,2.029296875,0.025,0.0,0.0,0.19999999999999998,0.07441860465116279,0.05581395348837209,0.13953488372093023,0.6500000000000002,0.2,0.0,0.47500000000000014,0.5953488372093013,0.42790697674418554,0.4930232558139528
0.3006060606060603,1.4619140625,2.03515625,0.025,0.0,0.0,0.19999999999999998,0.07441860465116279,0.05581395348837209,0.13953488372093023,0.6500000000000002,0.2,0.0,0.47500000000000014,0.5953488372093013,0.42790697674418554,0.5023255813953481
0.3018181818181815,1.4677734375,2.044921875,0.025,0.0,0.0,0.19999999999999998,0.07441860465116279,0.05581395348837209,0.13953488372093023,0.6500000000000002,0.2,0.0,0.47500000000000014,0.6046511627906966,0.42790697674418554,0.5023255813953481
0.3030303030303027,1.4736328125,2.05078125,0.025,0.0,0.0,0.22499999999999998,0.07441860465116279,0.05581395348837209,0.13953488372093023,0.6500000000000002,0.2,0.0,0.47500000000000014,0.6046511627906966,0.42790697674418554,0.5023255813953481
0.304242424242424,1.4794921875,2.060546875,0.025,0.0,0.0,0.22499999999999998,0.07441860465116279,0.05581395348837209,0.13953488372093023,0.6500000000000002,0.2,0.0,0.5000000000000001,0.6046511627906966,0.42790697674418554,0.5023255813953481
0.30545454545454515,1.4853515625,2.06640625,0.025,0.0,0.0,0.22499999999999998,0.07441860465116279,0.05581395348837209,0.13953488372093023,0.6500000000000002,0.2,0.0,0.5000000000000001,0.613953488372092,0.42790697674418554,0.5023255813953481
0.30666666666666637,1.490234375,2.07421875,0.025,0.0,0.0,0.22499999999999998,0.07441860465116279,0.05581395348837209,0.13953488372093023,0.6500000000000002,0.2,0.0,0.5000000000000001,0.613953488372092,0.43720930232558086,0.5023255813953481
0.3078787878787876,1.49609375,2.080078125,0.025,0.0,0.0,0.22499999999999998,0.08372093023255814,0.05581395348837209,0.13953488372093023,0.6500000000000002,0.2,0.0,0.5000000000000001,0.613953488372092,0.43720930232558086,0.5023255813953481
0.3090909090909088,1.501953125,2.0859375,0.025,0.0,0.0,0.22499999999999998,0.08372093023255814,0.05581395348837209,0.13953488372093023,0.6500000000000002,0.2,0.0,0.5000000000000001,0.6232558139534873,0.43720930232558086,0.5023255813953481
0.31030303030302997,1.5078125,2.095703125,0.025,0.0,0.0,0.22499999999999998,0.08372093023255814,0.05581395348837209,0.14883720930232558,0.6500000000000002,0.2,0.0,0.5000000000000001,0.6232558139534873,0.43720930232558086,0.5023255813953481
0.3115151515151512,1.513671875,2.1015625,0.025,0.0,0.0,0.22499999999999998,0.08372093023255814,0.05581395348837209,0.14883720930232558,0.6500000000000002,0.2,0.0,0.5000000000000001,0.6325581395348826,0.43720930232558086,0.5023255813953481
0.3127272727272724,1.51953125,2.111328125,0.025,0.0,0.0,0.22499999999999998,0.08372093023255814,0.05581395348837209,0.14883720930232558,0.6500000000000002,0.2,0.0,0.5000000000000001,0.6325581395348826,0.4465116279069762,0.5023255813953481
0.31393939393939363,1.5244140625,2.1171875,0.025,0.0,0.0,0.22499999999999998,0.08372093023255814,0.05581395348837209,0.14883720930232558,0.6500000000000002,0.2,0.0,0.5000000000000001,0.6325581395348826,0.4558139534883715,0.5023255813953481
0.31515151515151485,1.5302734375,2.123046875,0.025,0.0,0.0,0.22499999999999998,0.08372093023255814,0.05581395348837209,0.14883720930232558,0.6500000000000002,0.2,0.0,0.5000000000000001,0.6325581395348826,0.4651162790697668,0.5023255813953481
0.316363636363636,1.5361328125,2.1328125,0.025,0.0,0.0,0.22499999999999998,0.08372093023255814,0.05581395348837209,0.14883720930232558,0.6500000000000002,0.2,0.0,0.5000000000000001,0.6418604651162779,0.4651162790697668,0.5023255813953481
0.3175757575757573,1.5419921875,2.140625,0.025,0.0,0.0,0.22499999999999998,0.08372093023255814,0.05581395348837209,0.14883720930232558,0.6500000000000002,0.2,0.0,0.5000000000000001,0.6511627906976732,0.4651162790697668,0.5023255813953481
0.31878787878787845,1.5478515625,2.146484375,0.025,0.0,0.0,0.22499999999999998,0.08372093023255814,0.05581395348837209,0.14883720930232558,0.6500000000000002,0.2,0.0,0.5000000000000001,0.6604651162790686,0.4651162790697668,0.5023255813953481
0.3199999999999997,1.552734375,2.154296875,0.025,0.0,0.0,0.22499999999999998,0.08372093023255814,0.05581395348837209,0.14883720930232558,0.6500000000000002,0.2,0.0,0.5000000000000001,0.6604651162790686,0.4651162790697668,0.5116279069767434
0.3212121212121209,1.5576171875,2.16015625,0.025,0.0,0.0,0.22499999999999998,0.08372093023255814,0.05581395348837209,0.14883720930232558,0.6500000000000002,0.2,0.0,0.5000000000000001,0.6604651162790686,0.4651162790697668,0.5209302325581388
0.3224242424242421,1.5625,2.169921875,0.025,0.0,0.0,0.22499999999999998,0.08372093023255814,0.05581395348837209,0.14883720930232558,0.6500000000000002,0.2,0.0,0.5000000000000001,0.6604651162790686,0.4651162790697668,0.5302325581395341
0.32363636363636333,1.568359375,2.17578125,0.025,0.0,0.0,0.22499999999999998,0.08372093023255814,0.05581395348837209,0.14883720930232558,0.6500000000000002,0.2,0.0,0.5000000000000001,0.6604651162790686,0.47441860465116215,0.5302325581395341
0.3248484848484845,1.57421875,2.18359375,0.05,0.0,0.0,0.22499999999999998,0.08372093023255814,0.05581395348837209,0.14883720930232558,0.6500000000000002,0.2,0.0,0.5000000000000001,0.6604651162790686,0.47441860465116215,0.5302325581395341
0.3260606060606057,1.580078125,2.189453125,0.07500000000000001,0.0,0.0,0.22499999999999998,0.08372093023255814,0.05581395348837209,0.14883720930232558,0.6500000000000002,0.2,0.0,0.5000000000000001,0.6604651162790686,0.47441860465116215,0.5302325581395341
0.32727272727272694,1.5859375,2.197265625,0.07500000000000001,0.0,0.0,0.22499999999999998,0.08372093023255814,0.05581395348837209,0.14883720930232558,0.6500000000000002,0.2,0.0,0.5000000000000001,0.6604651162790686,0.48372093023255747,0.5302325581395341
0.32848484848484816,1.591796875,2.20703125,0.07500000000000001,0.0,0.0,0.22499999999999998,0.08372093023255814,0.06511627906976744,0.14883720930232558,0.6500000000000002,0.2,0.0,0.5000000000000001,0.6604651162790686,0.48372093023255747,0.5302325581395341
0.3296969696969694,1.59765625,2.212890625,0.07500000000000001,0.0,0.0,0.22499999999999998,0.08372093023255814,0.06511627906976744,0.14883720930232558,0.6500000000000002,0.2,0.0,0.5000000000000001,0.6697674418604639,0.48372093023255747,0.5302325581395341
0.3309090909090906,1.603515625,2.21875,0.07500000000000001,0.0,0.0,0.22499999999999998,0.08372093023255814,0.06511627906976744,0.14883720930232558,0.6500000000000002,0.2,0.0,0.5000000000000001,0.6697674418604639,0.4930232558139528,0.5302325581395341
0.3321212121212118,1.609375,2.228515625,0.07500000000000001,0.0,0.0,0.22499999999999998,0.09302325581395349,0.06511627906976744,0.14883720930232558,0.6500000000000002,0.2,0.0,0.5000000000000001,0.6697674418604639,0.4930232558139528,0.5302325581395341
0.333333333333333,1.615234375,2.234375,0.07500000000000001,0.0,0.0,0.22499999999999998,0.09302325581395349,0.06511627906976744,0.14883720930232558,0.6500000000000002,0.2,0.0,0.5000000000000001,0.6697674418604639,0.5023255813953481,0.5302325581395341
0.3345454545454542,1.6201171875,2.244140625,0.07500000000000001,0.0,0.0,0.22499999999999998,0.09302325581395349,0.06511627906976744,0.14883720930232558,0.6500000000000002,0.2,0.0,0.5000000000000001,0.6697674418604639,0.5023255813953481,0.5395348837209294
0.33575757575757537,1.6259765625,2.25,0.07500000000000001,0.0,0.0,0.22499999999999998,0.09302325581395349,0.06511627906976744,0.14883720930232558,0.6500000000000002,0.2,0.0,0.5000000000000001,0.6790697674418592,0.5023255813953481,0.5395348837209294
0.3369696969696966,1.6318359375,2.255859375,0.07500000000000001,0.0,0.0,0.22499999999999998,0.09302325581395349,0.06511627906976744,0.14883720930232558,0.6500000000000002,0.2,0.0,0.5000000000000001,0.6790697674418592,0.5116279069767434,0.5395348837209294
0.3381818181818178,1.6376953125,2.265625,0.07500000000000001,0.0,0.0,0.22499999999999998,0.09302325581395349,0.06511627906976744,0.15813953488372093,0.6500000000000002,0.2,0.0,0.5000000000000001,0.6790697674418592,0.5116279069767434,0.5395348837209294
0.339393939393939,1.6435546875,2.271484375,0.07500000000000001,0.0,0.0,0.22499999999999998,0.09302325581395349,0.06511627906976744,0.15813953488372093,0.6500000000000002,0.2,0.0,0.5000000000000001,0.6790697674418592,0.5209302325581388,0.5395348837209294
0.34060606060606025,1.6494140625,2.27734375,0.07500000000000001,0.0,0.0,0.22499999999999998,0.09302325581395349,0.06511627906976744,0.16744186046511628,0.6500000000000002,0.2,0.0,0.5000000000000001,0.6790697674418592,0.5209302325581388,0.5395348837209294
0.3418181818181814,1.6552734375,2.287109375,0.07500000000000001,0.0,0.0,0.22499999999999998,0.09302325581395349,0.06511627906976744,0.16744186046511628,0.6500000000000002,0.2,0.0,0.5000000000000001,0.6883720930232545,0.5209302325581388,0.5395348837209294
0.34303030303030263,1.6611328125,2.29296875,0.07500000000000001,0.0,0.0,0.22499999999999998,0.09302325581395349,0.06511627906976744,0.16744186046511628,0.6500000000000002,0.2,0.0,0.5000000000000001,0.6883720930232545,0.5302325581395341,0.5395348837209294
0.34424242424242385,1.6669921875,2.30078125,0.07500000000000001,0.0,0.0,0.22499999999999998,0.09302325581395349,0.06511627906976744,0.16744186046511628,0.6500000000000002,0.2,0.0,0.5250000000000001,0.6883720930232545,0.5302325581395341,0.5395348837209294
0.34545454545454507,1.6728515625,2.30859375,0.07500000000000001,0.0,0.0,0.22499999999999998,0.09302325581395349,0.06511627906976744,0.16744186046511628,0.6750000000000003,0.2,0.0,0.5250000000000001,0.6883720930232545,0.5302325581395341,0.5395348837209294
0.3466666666666663,1.6787109375,2.314453125,0.07500000000000001,0.0,0.0,0.22499999999999998,0.09302325581395349,0.06511627906976744,0.16744186046511628,0.6750000000000003,0.2,0.0,0.5250000000000001,0.6976744186046498,0.5302325581395341,0.5395348837209294
0.3478787878787875,1.6845703125,2.32421875,0.07500000000000001,0.0,0.0,0.22499999999999998,0.09302325581395349,0.06511627906976744,0.16744186046511628,0.6750000000000003,0.2,0.0,0.5250000000000001,0.7069767441860452,0.5302325581395341,0.5395348837209294
0.34909090909090873,1.689453125,2.330078125,0.07500000000000001,0.0,0.0,0.22499999999999998,0.09302325581395349,0.06511627906976744,0.16744186046511628,0.6750000000000003,0.2,0.0,0.5250000000000001,0.7069767441860452,0.5302325581395341,0.5488372093023247
0.35030303030302995,1.6943359375,2.337890625,0.07500000000000001,0.0,0.0,0.22499999999999998,0.09302325581395349,0.06511627906976744,0.16744186046511628,0.6750000000000003,0.2,0.0,0.5250000000000001,0.7069767441860452,0.5302325581395341,0.55813953488372
0.35151515151515117,1.69921875,2.345703125,0.07500000000000001,0.0,0.0,0.22499999999999998,0.09302325581395349,0.06511627906976744,0.16744186046511628,0.6750000000000003,0.2,0.0,0.5250000000000001,0.7069767441860452,0.5302325581395341,0.5674418604651154
0.35272727272727233,1.705078125,2.353515625,0.07500000000000001,0.0,0.0,0.22499999999999998,0.09302325581395349,0.06511627906976744,0.16744186046511628,0.6750000000000003,0.2,0.0,0.5250000000000001,0.7069767441860452,0.5395348837209294,0.5674418604651154
0.35393939393939355,1.7099609375,2.359375,0.07500000000000001,0.0,0.0,0.22499999999999998,0.09302325581395349,0.06511627906976744,0.16744186046511628,0.6750000000000003,0.2,0.0,0.5250000000000001,0.7069767441860452,0.5395348837209294,0.5767441860465107
0.3551515151515148,1.7158203125,2.369140625,0.07500000000000001,0.0,0.0,0.22499999999999998,0.09302325581395349,0.06511627906976744,0.16744186046511628,0.6750000000000003,0.2,0.0,0.5250000000000001,0.7069767441860452,0.5395348837209294,0.586046511627906
0.35636363636363594,1.720703125,2.375,0.07500000000000001,0.0,0.0,0.22499999999999998,0.09302325581395349,0.06511627906976744,0.16744186046511628,0.6750000000000003,0.2,0.0,0.5250000000000001,0.7069767441860452,0.5395348837209294,0.5953488372093013
0.35757575757575716,1.7265625,2.380859375,0.07500000000000001,0.0,0.0,0.24999999999999997,0.09302325581395349,0.06511627906976744,0.16744186046511628,0.6750000000000003,0.2,0.0,0.5250000000000001,0.7069767441860452,0.5395348837209294,0.5953488372093013
0.3587878787878783,1.732421875,2.388671875,0.07500000000000001,0.0,0.0,0.24999999999999997,0.09302325581395349,0.06511627906976744,0.16744186046511628,0.6750000000000003,0.2,0.0,0.5500000000000002,0.7069767441860452,0.5395348837209294,0.5953488372093013
0.35999999999999954,1.73828125,2.396484375,0.07500000000000001,0.0,0.0,0.24999999999999997,0.09302325581395349,0.06511627906976744,0.16744186046511628,0.6750000000000003,0.2,0.0,0.5500000000000002,0.7069767441860452,0.5395348837209294,0.6046511627906966
0.36121212121212076,1.7431640625,2.40234375,0.07500000000000001,0.0,0.0,0.24999999999999997,0.09302325581395349,0.06511627906976744,0.16744186046511628,0.6750000000000003,0.2,0.0,0.5500000000000002,0.7069767441860452,0.5395348837209294,0.613953488372092
0.362424242424242,1.7490234375,2.412109375,0.07500000000000001,0.0,0.0,0.24999999999999997,0.09302325581395349,0.06511627906976744,0.16744186046511628,0.6750000000000003,0.2,0.0,0.5500000000000002,0.7162790697674405,0.5395348837209294,0.613953488372092
0.3636363636363632,1.7548828125,2.419921875,0.07500000000000001,0.0,0.0,0.24999999999999997,0.09302325581395349,0.06511627906976744,0.16744186046511628,0.6750000000000003,0.2,0.0,0.5500000000000002,0.7162790697674405,0.5395348837209294,0.6232558139534873
0.3648484848484844,1.7607421875,2.42578125,0.07500000000000001,0.0,0.0,0.24999999999999997,0.10232558139534884,0.06511627906976744,0.16744186046511628,0.6750000000000003,0.2,0.0,0.5500000000000002,0.7162790697674405,0.5395348837209294,0.6232558139534873
0.36606060606060564,1.7666015625,2.43359375,0.07500000000000001,0.0,0.0,0.24999999999999997,0.10232558139534884,0.06511627906976744,0.16744186046511628,0.6750000000000003,0.2,0.0,0.5500000000000002,0.7255813953488358,0.5395348837209294,0.6232558139534873
0.36727272727272686,1.7724609375,2.44140625,0.07500000000000001,0.0,0.0,0.24999999999999997,0.10232558139534884,0.06511627906976744,0.16744186046511628,0.6750000000000003,0.2,0.0,0.5500000000000002,0.7255813953488358,0.5488372093023247,0.6232558139534873
0.368484848484848,1.7783203125,2.447265625,0.07500000000000001,0.0,0.0,0.24999999999999997,0.10232558139534884,0.06511627906976744,0.16744186046511628,0.6750000000000003,0.2,0.0,0.5500000000000002,0.7255813953488358,0.55813953488372,0.6232558139534873
0.36969696969696925,1.783203125,2.45703125,0.07500000000000001,0.0,0.0,0.24999999999999997,0.10232558139534884,0.06511627906976744,0.16744186046511628,0.6750000000000003,0.2,0.0,0.5500000000000002,0.7255813953488358,0.55813953488372,0.6325581395348826
0.3709090909090905,1.7890625,2.462890625,0.07500000000000001,0.0,0.0,0.24999999999999997,0.10232558139534884,0.06511627906976744,0.16744186046511628,0.7000000000000003,0.2,0.0,0.5500000000000002,0.7255813953488358,0.55813953488372,0.6325581395348826
0.37212121212121174,1.794921875,2.46875,0.07500000000000001,0.0,0.0,0.24999999999999997,0.10232558139534884,0.06511627906976744,0.16744186046511628,0.7000000000000003,0.2,0.0,0.5500000000000002,0.7255813953488358,0.5674418604651154,0.6325581395348826
0.37333333333333285,1.80078125,2.478515625,0.07500000000000001,0.0,0.0,0.27499999999999997,0.10232558139534884,0.06511627906976744,0.16744186046511628,0.7000000000000003,0.2,0.0,0.5500000000000002,0.7255813953488358,0.5674418604651154,0.6325581395348826
0.37454545454545407,1.806640625,2.484375,0.07500000000000001,0.0,0.0,0.27499999999999997,0.10232558139534884,0.07441860465116279,0.16744186046511628,0.7000000000000003,0.2,0.0,0.5500000000000002,0.7255813953488358,0.5674418604651154,0.6325581395348826
0.37575757575757535,1.8125,2.490234375,0.07500000000000001,0.0,0.0,0.27499999999999997,0.10232558139534884,0.07441860465116279,0.16744186046511628,0.7000000000000003,0.2,0.0,0.5500000000000002,0.7348837209302311,0.5674418604651154,0.6325581395348826
0.37696969696969657,1.818359375,2.5,0.07500000000000001,0.0,0.0,0.27499999999999997,0.10232558139534884,0.07441860465116279,0.16744186046511628,0.7000000000000003,0.2,0.0,0.5500000000000002,0.7441860465116265,0.5674418604651154,0.6325581395348826
0.3781818181818177,1.82421875,2.505859375,0.07500000000000001,0.0,0.0,0.27499999999999997,0.10232558139534884,0.07441860465116279,0.16744186046511628,0.7000000000000003,0.2,0.0,0.5500000000000002,0.7441860465116265,0.5767441860465107,0.6325581395348826
0.37939393939393895,1.830078125,2.51171875,0.07500000000000001,0.0,0.0,0.27499999999999997,0.10232558139534884,0.07441860465116279,0.16744186046511628,0.7000000000000003,0.2,0.0,0.5500000000000002,0.7441860465116265,0.586046511627906,0.6325581395348826
0.38060606060606017,1.8349609375,2.521484375,0.07500000000000001,0.0,0.0,0.27499999999999997,0.10232558139534884,0.07441860465116279,0.16744186046511628,0.7000000000000003,0.2,0.0,0.5500000000000002,0.7441860465116265,0.586046511627906,0.6418604651162779
0.3818181818181814,1.8408203125,2.529296875,0.07500000000000001,0.0,0.0,0.27499999999999997,0.10232558139534884,0.07441860465116279,0.16744186046511628,0.7000000000000003,0.2,0.0,0.5500000000000002,0.7441860465116265,0.586046511627906,0.6511627906976732
0.38303030303030255,1.845703125,2.53515625,0.07500000000000001,0.0,0.0,0.27499999999999997,0.10232558139534884,0.07441860465116279,0.16744186046511628,0.7000000000000003,0.2,0.0,0.5500000000000002,0.7441860465116265,0.586046511627906,0.6604651162790686
0.3842424242424238,1.8515625,2.54296875,0.07500000000000001,0.0,0.0,0.27499999999999997,0.10232558139534884,0.07441860465116279,0.16744186046511628,0.7000000000000003,0.2,0.0,0.5500000000000002,0.7441860465116265,0.5953488372093013,0.6604651162790686
0.385454545454545,1.857421875,2.55078125,0.07500000000000001,0.0,0.0,0.27499999999999997,0.10232558139534884,0.07441860465116279,0.16744186046511628,0.7000000000000003,0.2,0.0,0.5500000000000002,0.7441860465116265,0.6046511627906966,0.6604651162790686
0.3866666666666662,1.86328125,2.556640625,0.07500000000000001,0.0,0.0,0.27499999999999997,0.10232558139534884,0.07441860465116279,0.16744186046511628,0.7000000000000003,0.2,0.0,0.5500000000000002,0.7441860465116265,0.613953488372092,0.6604651162790686
0.38787878787878743,1.869140625,2.564453125,0.1,0.0,0.0,0.27499999999999997,0.10232558139534884,0.07441860465116279,0.16744186046511628,0.7000000000000003,0.2,0.0,0.5500000000000002,0.7441860465116265,0.613953488372092,0.6604651162790686
0.38909090909090865,1.875,2.572265625,0.1,0.0,0.0,0.27499999999999997,0.10232558139534884,0.07441860465116279,0.16744186046511628,0.7000000000000003,0.2,0.0,0.5500000000000002,0.7441860465116265,0.6232558139534873,0.6604651162790686
0.3903030303030298,1.880859375,2.578125,0.1,0.0,0.0,0.27499999999999997,0.10232558139534884,0.07441860465116279,0.16744186046511628,0.7000000000000003,0.2,0.0,0.5500000000000002,0.7534883720930218,0.6232558139534873,0.6604651162790686
0.39151515151515104,1.88671875,2.587890625,0.1,0.0,0.0,0.27499999999999997,0.10232558139534884,0.07441860465116279,0.16744186046511628,0.7000000000000003,0.2,0.0,0.5500000000000002,0.7534883720930218,0.6232558139534873,0.6697674418604639
0.39272727272727226,1.892578125,2.59375,0.1,0.0,0.0,0.27499999999999997,0.11162790697674418,0.07441860465116279,0.16744186046511628,0.7000000000000003,0.2,0.0,0.5500000000000002,0.7534883720930218,0.6232558139534873,0.6697674418604639
0.39393939393939353,1.8984375,2.6015625,0.1,0.0,0.0,0.27499999999999997,0.11162790697674418,0.07441860465116279,0.17674418604651163,0.7000000000000003,0.2,0.0,0.5500000000000002,0.7534883720930218,0.6232558139534873,0.6697674418604639
0.39515151515151475,1.904296875,2.609375,0.1,0.0,0.0,0.27499999999999997,0.11162790697674418,0.07441860465116279,0.17674418604651163,0.7000000000000003,0.2,0.0,0.5500000000000002,0.7534883720930218,0.6325581395348826,0.6697674418604639
0.39636363636363586,1.91015625,2.6171875,0.1,0.0,0.0,0.27499999999999997,0.11162790697674418,0.07441860465116279,0.17674418604651163,0.7000000000000003,0.2,0.0,0.5500000000000002,0.7534883720930218,0.6325581395348826,0.6790697674418592
0.397575757575757,1.916015625,2.623046875,0.1,0.0,0.0,0.27499999999999997,0.11162790697674418,0.07441860465116279,0.17674418604651163,0.7250000000000003,0.2,0.0,0.5500000000000002,0.7534883720930218,0.6325581395348826,0.6790697674418592
0.39878787878787836,1.921875,2.630859375,0.1,0.0,0.0,0.27499999999999997,0.11162790697674418,0.07441860465116279,0.17674418604651163,0.7250000000000003,0.2,0.0,0.5500000000000002,0.7627906976744171,0.6325581395348826,0.6790697674418592
0.39999999999999947,1.927734375,2.638671875,0.1,0.0,0.0,0.27499999999999997,0.11162790697674418,0.07441860465116279,0.17674418604651163,0.7250000000000003,0.2,0.0,0.5500000000000002,0.7627906976744171,0.6325581395348826,0.6883720930232545
0.4012121212121207,1.93359375,2.646484375,0.1,0.0,0.0,0.27499999999999997,0.11162790697674418,0.08372093023255814,0.17674418604651163,0.7250000000000003,0.2,0.0,0.5500000000000002,0.7627906976744171,0.6325581395348826,0.6883720930232545
0.40242424242424196,1.939453125,2.654296875,0.1,0.0,0.0,0.27499999999999997,0.11162790697674418,0.08372093023255814,0.17674418604651163,0.7250000000000003,0.2,0.0,0.5750000000000002,0.7627906976744171,0.6325581395348826,0.6883720930232545
0.4036363636363632,1.9453125,2.662109375,0.1,0.0,0.0,0.27499999999999997,0.11162790697674418,0.08372093023255814,0.17674418604651163,0.7250000000000003,0.2,0.0,0.5750000000000002,0.7627906976744171,0.6325581395348826,0.6976744186046498
0.4048484848484843,1.951171875,2.669921875,0.1,0.0,0.0,0.27499999999999997,0.12093023255813953,0.08372093023255814,0.17674418604651163,0.7250000000000003,0.2,0.0,0.5750000000000002,0.7627906976744171,0.6325581395348826,0.6976744186046498
0.40606060606060557,1.95703125,2.67578125,0.1,0.0,0.0,0.27499999999999997,0.12093023255813953,0.08372093023255814,0.17674418604651163,0.7250000000000003,0.2,0.0,0.5750000000000002,0.7627906976744171,0.6325581395348826,0.7069767441860452
0.4072727272727268,1.962890625,2.68359375,0.1,0.0,0.0,0.3,0.12093023255813953,0.08372093023255814,0.17674418604651163,0.7250000000000003,0.2,0.0,0.5750000000000002,0.7627906976744171,0.6325581395348826,0.7069767441860452
0.408484848484848,1.96875,2.69140625,0.1,0.0,0.0,0.3,0.12093023255813953,0.08372093023255814,0.17674418604651163,0.7250000000000003,0.2,0.0,0.5750000000000002,0.7627906976744171,0.6325581395348826,0.7162790697674405
0.40969696969696917,1.974609375,2.697265625,0.1,0.0,0.0,0.3,0.12093023255813953,0.08372093023255814,0.17674418604651163,0.7250000000000003,0.2,0.0,0.5750000000000002,0.7627906976744171,0.6325581395348826,0.7255813953488358
0.4109090909090904,1.98046875,2.70703125,0.1,0.0,0.0,0.3,0.12093023255813953,0.08372093023255814,0.18604651162790697,0.7250000000000003,0.2,0.0,0.5750000000000002,0.7627906976744171,0.6325581395348826,0.7255813953488358
0.4121212121212116,1.9873046875,2.712890625,0.125,0.0,0.0,0.3,0.12093023255813953,0.08372093023255814,0.18604651162790697,0.7250000000000003,0.2,0.0,0.5750000000000002,0.7627906976744171,0.6325581395348826,0.7255813953488358
0.41333333333333283,1.994140625,2.71875,0.125,0.0,0.0,0.3,0.13023255813953488,0.08372093023255814,0.18604651162790697,0.7250000000000003,0.2,0.0,0.5750000000000002,0.7627906976744171,0.6325581395348826,0.7255813953488358
0.41454545454545405,2.0,2.724609375,0.125,0.0,0.0,0.325,0.13023255813953488,0.08372093023255814,0.18604651162790697,0.7250000000000003,0.2,0.0,0.5750000000000002,0.7627906976744171,0.6325581395348826,0.7255813953488358
0.4157575757575752,2.005859375,2.734375,0.125,0.0,0.0,0.325,0.13023255813953488,0.08372093023255814,0.18604651162790697,0.7250000000000003,0.2,0.0,0.5750000000000002,0.7720930232558124,0.6325581395348826,0.7255813953488358
0.41696969696969644,2.01171875,2.740234375,0.125,0.0,0.0,0.325,0.13023255813953488,0.08372093023255814,0.18604651162790697,0.7250000000000003,0.2,0.0,0.5750000000000002,0.7720930232558124,0.6325581395348826,0.7348837209302311
0.41818181818181765,2.017578125,2.748046875,0.125,0.0,0.0,0.325,0.13023255813953488,0.08372093023255814,0.18604651162790697,0.7250000000000003,0.2,0.0,0.5750000000000002,0.7720930232558124,0.6325581395348826,0.7441860465116265
0.4193939393939389,2.0234375,2.755859375,0.125,0.0,0.0,0.325,0.13023255813953488,0.08372093023255814,0.18604651162790697,0.7250000000000003,0.2,0.0,0.5750000000000002,0.7813953488372077,0.6325581395348826,0.7441860465116265
0.42060606060606015,2.029296875,2.76171875,0.125,0.0,0.0,0.325,0.13023255813953488,0.08372093023255814,0.18604651162790697,0.7250000000000003,0.2,0.0,0.5750000000000002,0.7906976744186031,0.6325581395348826,0.7441860465116265
0.42181818181818126,2.03515625,2.76953125,0.125,0.0,0.0,0.325,0.13023255813953488,0.08372093023255814,0.18604651162790697,0.7250000000000003,0.2,0.0,0.5750000000000002,0.7906976744186031,0.6418604651162779,0.7441860465116265
0.4230303030303025,2.041015625,2.77734375,0.125,0.0,0.0,0.325,0.13023255813953488,0.08372093023255814,0.18604651162790697,0.7250000000000003,0.2,0.0,0.5750000000000002,0.7906976744186031,0.6511627906976732,0.7441860465116265
0.4242424242424237,2.046875,2.783203125,0.125,0.0,0.0,0.325,0.13953488372093023,0.08372093023255814,0.18604651162790697,0.7250000000000003,0.2,0.0,0.5750000000000002,0.7906976744186031,0.6511627906976732,0.7441860465116265
0.425454545454545,2.052734375,2.791015625,0.125,0.0,0.0,0.325,0.13953488372093023,0.08372093023255814,0.18604651162790697,0.7250000000000003,0.2,0.0,0.5750000000000002,0.7906976744186031,0.6604651162790686,0.7441860465116265
0.4266666666666661,2.05859375,2.798828125,0.125,0.0,0.0,0.325,0.13953488372093023,0.09302325581395349,0.18604651162790697,0.7250000000000003,0.2,0.0,0.5750000000000002,0.7906976744186031,0.6604651162790686,0.7441860465116265
0.4278787878787873,2.064453125,2.806640625,0.125,0.0,0.0,0.325,0.13953488372093023,0.10232558139534884,0.18604651162790697,0.7250000000000003,0.2,0.0,0.5750000000000002,0.7906976744186031,0.6604651162790686,0.7441860465116265
0.4290909090909086,2.0703125,2.8125,0.125,0.0,0.0,0.325,0.13953488372093023,0.10232558139534884,0.18604651162790697,0.7500000000000003,0.2,0.0,0.5750000000000002,0.7906976744186031,0.6604651162790686,0.7441860465116265
0.4303030303030298,2.076171875,2.818359375,0.125,0.0,0.0,0.325,0.13953488372093023,0.10232558139534884,0.18604651162790697,0.7500000000000003,0.2,0.0,0.5750000000000002,0.7906976744186031,0.6697674418604639,0.7441860465116265
0.431515151515151,2.08203125,2.828125,0.125,0.0,0.0,0.325,0.13953488372093023,0.10232558139534884,0.18604651162790697,0.7500000000000003,0.2,0.0,0.5750000000000002,0.7999999999999984,0.6697674418604639,0.7441860465116265
0.43272727272727224,2.087890625,2.833984375,0.125,0.0,0.0,0.325,0.13953488372093023,0.10232558139534884,0.18604651162790697,0.7500000000000003,0.2,0.0,0.5750000000000002,0.8093023255813937,0.6697674418604639,0.7441860465116265
0.4339393939393934,2.09375,2.841796875,0.125,0.0,0.0,0.325,0.13953488372093023,0.10232558139534884,0.18604651162790697,0.7500000000000003,0.2,0.0,0.5750000000000002,0.8093023255813937,0.6790697674418592,0.7441860465116265
0.4351515151515146,2.099609375,2.849609375,0.125,0.0,0.0,0.325,0.13953488372093023,0.10232558139534884,0.18604651162790697,0.7500000000000003,0.2,0.0,0.5750000000000002,0.8093023255813937,0.6883720930232545,0.7441860465116265
0.43636363636363584,2.10546875,2.85546875,0.125,0.0,0.0,0.325,0.13953488372093023,0.10232558139534884,0.18604651162790697,0.7750000000000004,0.2,0.0,0.5750000000000002,0.8093023255813937,0.6883720930232545,0.7441860465116265
0.437575757575757,2.111328125,2.86328125,0.125,0.0,0.0,0.325,0.13953488372093023,0.10232558139534884,0.18604651162790697,0.7750000000000004,0.2,0.0,0.5750000000000002,0.8093023255813937,0.6976744186046498,0.7441860465116265
0.4387878787878782,2.1171875,2.87109375,0.125,0.0,0.0,0.325,0.13953488372093023,0.10232558139534884,0.18604651162790697,0.7750000000000004,0.2,0.0,0.5750000000000002,0.818604651162789,0.6976744186046498,0.7441860465116265
0.43999999999999945,2.123046875,2.87890625,0.125,0.0,0.0,0.325,0.13953488372093023,0.10232558139534884,0.18604651162790697,0.7750000000000004,0.2,0.0,0.5750000000000002,0.818604651162789,0.7069767441860452,0.7441860465116265
0.44121212121212067,2.12890625,2.884765625,0.125,0.0,0.0,0.325,0.13953488372093023,0.10232558139534884,0.18604651162790697,0.7750000000000004,0.2,0.0,0.6000000000000002,0.818604651162789,0.7069767441860452,0.7441860465116265
0.4424242424242419,2.134765625,2.892578125,0.125,0.0,0.0,0.325,0.13953488372093023,0.10232558139534884,0.18604651162790697,0.7750000000000004,0.2,0.0,0.6000000000000002,0.818604651162789,0.7069767441860452,0.7534883720930218
0.44363636363636305,2.140625,2.900390625,0.125,0.0,0.0,0.325,0.13953488372093023,0.10232558139534884,0.18604651162790697,0.7750000000000004,0.2,0.0,0.6000000000000002,0.8279069767441843,0.7069767441860452,0.7534883720930218
0.44484848484848427,2.146484375,2.90625,0.125,0.0,0.0,0.325,0.13953488372093023,0.10232558139534884,0.18604651162790697,0.7750000000000004,0.2,0.0,0.6000000000000002,0.8279069767441843,0.7069767441860452,0.7627906976744171
0.4460606060606055,2.15234375,2.9140625,0.125,0.0,0.0,0.325,0.13953488372093023,0.10232558139534884,0.18604651162790697,0.7750000000000004,0.2,0.0,0.6000000000000002,0.8279069767441843,0.7162790697674405,0.7627906976744171
0.44727272727272666,2.158203125,2.921875,0.125,0.0,0.0,0.325,0.13953488372093023,0.10232558139534884,0.18604651162790697,0.7750000000000004,0.2,0.0,0.6000000000000002,0.8279069767441843,0.7255813953488358,0.7627906976744171
0.4484848484848479,2.1640625,2.927734375,0.125,0.0,0.0,0.325,0.13953488372093023,0.10232558139534884,0.18604651162790697,0.7750000000000004,0.2,0.0,0.6000000000000002,0.8279069767441843,0.7348837209302311,0.7627906976744171
0.4496969696969691,2.169921875,2.93359375,0.125,0.0,0.0,0.325,0.13953488372093023,0.10232558139534884,0.18604651162790697,0.7750000000000004,0.2,0.0,0.6000000000000002,0.8279069767441843,0.7441860465116265,0.7627906976744171
0.4509090909090903,2.17578125,2.943359375,0.125,0.0,0.0,0.325,0.13953488372093023,0.10232558139534884,0.18604651162790697,0.7750000000000004,0.2,0.0,0.6000000000000002,0.8279069767441843,0.7441860465116265,0.7720930232558124
0.4521212121212115,2.181640625,2.94921875,0.125,0.0,0.0,0.325,0.14883720930232558,0.10232558139534884,0.18604651162790697,0.7750000000000004,0.2,0.0,0.6000000000000002,0.8279069767441843,0.7441860465116265,0.7720930232558124
0.4533333333333327,2.1875,2.955078125,0.125,0.0,0.0,0.325,0.14883720930232558,0.10232558139534884,0.18604651162790697,0.7750000000000004,0.2,0.0,0.6000000000000002,0.8372093023255797,0.7441860465116265,0.7720930232558124
0.4545454545454539,2.193359375,2.96484375,0.125,0.0,0.0,0.325,0.14883720930232558,0.10232558139534884,0.18604651162790697,0.7750000000000004,0.2,0.0,0.6000000000000002,0.8372093023255797,0.7441860465116265,0.7813953488372077
0.4557575757575752,2.19921875,2.970703125,0.125,0.0,0.0,0.325,0.14883720930232558,0.11162790697674418,0.18604651162790697,0.7750000000000004,0.2,0.0,0.6000000000000002,0.8372093023255797,0.7441860465116265,0.7813953488372077
0.4569696969696964,2.205078125,2.978515625,0.125,0.0,0.0,0.325,0.14883720930232558,0.11162790697674418,0.18604651162790697,0.7750000000000004,0.2,0.0,0.6000000000000002,0.846511627906975,0.7441860465116265,0.7813953488372077
0.45818181818181763,2.2109375,2.984375,0.125,0.0,0.0,0.325,0.14883720930232558,0.11162790697674418,0.18604651162790697,0.7750000000000004,0.2,0.0,0.6000000000000002,0.846511627906975,0.7441860465116265,0.7906976744186031
0.4593939393939388,2.216796875,2.9921875,0.125,0.0,0.0,0.325,0.14883720930232558,0.11162790697674418,0.18604651162790697,0.7750000000000004,0.2,0.0,0.6000000000000002,0.846511627906975,0.7534883720930218,0.7906976744186031
0.4606060606060599,2.22265625,2.998046875,0.125,0.0,0.0,0.325,0.14883720930232558,0.11162790697674418,0.18604651162790697,0.7750000000000004,0.2,0.0,0.6000000000000002,0.846511627906975,0.7627906976744171,0.7906976744186031
0.46181818181818113,2.228515625,3.00390625,0.125,0.0,0.0,0.325,0.14883720930232558,0.11162790697674418,0.18604651162790697,0.7750000000000004,0.2,0.0,0.6000000000000002,0.846511627906975,0.7627906976744171,0.7999999999999984
0.46303030303030235,2.234375,3.013671875,0.125,0.0,0.0,0.325,0.15813953488372093,0.11162790697674418,0.18604651162790697,0.7750000000000004,0.2,0.0,0.6000000000000002,0.846511627906975,0.7627906976744171,0.7999999999999984
0.4642424242424236,2.240234375,3.01953125,0.125,0.0,0.0,0.325,0.15813953488372093,0.11162790697674418,0.18604651162790697,0.7750000000000004,0.2,0.0,0.6000000000000002,0.846511627906975,0.7627906976744171,0.8093023255813937
0.46545454545454484,2.24609375,3.02734375,0.125,0.0,0.0,0.325,0.15813953488372093,0.12093023255813953,0.18604651162790697,0.7750000000000004,0.2,0.0,0.6000000000000002,0.846511627906975,0.7627906976744171,0.8093023255813937
0.46666666666666606,2.251953125,3.03515625,0.125,0.0,0.0,0.325,0.15813953488372093,0.12093023255813953,0.18604651162790697,0.7750000000000004,0.2,0.0,0.6000000000000002,0.846511627906975,0.7627906976744171,0.818604651162789
0.4678787878787873,2.2578125,3.041015625,0.125,0.0,0.0,0.325,0.15813953488372093,0.12093023255813953,0.18604651162790697,0.7750000000000004,0.2,0.0,0.6000000000000002,0.846511627906975,0.7627906976744171,0.8279069767441843
0.46909090909090845,2.263671875,3.046875,0.125,0.0,0.0,0.325,0.15813953488372093,0.12093023255813953,0.18604651162790697,0.7750000000000004,0.2,0.0,0.6000000000000002,0.8558139534883703,0.7627906976744171,0.8279069767441843
0.4703030303030298,2.26953125,3.052734375,0.125,0.0,0.0,0.325,0.15813953488372093,0.12093023255813953,0.18604651162790697,0.7750000000000004,0.2,0.0,0.6000000000000002,0.8558139534883703,0.7627906976744171,0.8372093023255797
0.4715151515151509,2.27734375,3.0625,0.15,0.0,0.0,0.325,0.15813953488372093,0.12093023255813953,0.18604651162790697,0.7750000000000004,0.2,0.0,0.6000000000000002,0.8558139534883703,0.7627906976744171,0.8372093023255797
0.47272727272727205,2.283203125,3.068359375,0.15,0.0,0.0,0.35000000000000003,0.15813953488372093,0.12093023255813953,0.18604651162790697,0.7750000000000004,0.2,0.0,0.6000000000000002,0.8558139534883703,0.7627906976744171,0.8372093023255797
0.4739393939393933,2.2890625,3.07421875,0.15,0.0,0.0,0.35000000000000003,0.15813953488372093,0.12093023255813953,0.18604651162790697,0.7750000000000004,0.2,0.0,0.6000000000000002,0.8651162790697656,0.7627906976744171,0.8372093023255797
0.4751515151515145,2.296875,3.083984375,0.15,0.0,0.0,0.37500000000000006,0.15813953488372093,0.12093023255813953,0.18604651162790697,0.7750000000000004,0.2,0.0,0.6000000000000002,0.8651162790697656,0.7627906976744171,0.8372093023255797
0.47636363636363566,2.302734375,3.08984375,0.15,0.0,0.0,0.37500000000000006,0.16744186046511628,0.12093023255813953,0.18604651162790697,0.7750000000000004,0.2,0.0,0.6000000000000002,0.8651162790697656,0.7627906976744171,0.8372093023255797
0.47757575757575693,2.30859375,3.095703125,0.15,0.0,0.0,0.37500000000000006,0.16744186046511628,0.12093023255813953,0.18604651162790697,0.7750000000000004,0.2,0.0,0.6000000000000002,0.8651162790697656,0.7720930232558124,0.8372093023255797
0.4787878787878781,2.314453125,3.103515625,0.15,0.0,0.0,0.37500000000000006,0.16744186046511628,0.12093023255813953,0.18604651162790697,0.7750000000000004,0.2,0.0,0.6000000000000002,0.8651162790697656,0.7720930232558124,0.846511627906975
0.4799999999999993,2.3203125,3.109375,0.15,0.0,0.0,0.37500000000000006,0.16744186046511628,0.12093023255813953,0.18604651162790697,0.7750000000000004,0.2,0.0,0.6000000000000002,0.8651162790697656,0.7813953488372077,0.846511627906975
0.48121212121212054,2.326171875,3.1171875,0.15,0.0,0.0,0.37500000000000006,0.16744186046511628,0.12093023255813953,0.18604651162790697,0.7750000000000004,0.2,0.0,0.6000000000000002,0.8651162790697656,0.7906976744186031,0.846511627906975
0.4824242424242418,2.33203125,3.123046875,0.15,0.0,0.0,0.37500000000000006,0.17674418604651163,0.12093023255813953,0.18604651162790697,0.7750000000000004,0.2,0.0,0.6000000000000002,0.8651162790697656,0.7906976744186031,0.846511627906975
0.4836363636363629,2.337890625,3.130859375,0.15,0.0,0.0,0.37500000000000006,0.17674418604651163,0.12093023255813953,0.18604651162790697,0.7750000000000004,0.2,0.0,0.6000000000000002,0.8651162790697656,0.7999999999999984,0.846511627906975
0.48484848484848414,2.34375,3.13671875,0.15,0.0,0.0,0.37500000000000006,0.17674418604651163,0.12093023255813953,0.18604651162790697,0.7750000000000004,0.2,0.0,0.6000000000000002,0.8651162790697656,0.7999999999999984,0.8558139534883703
0.4860606060606054,2.349609375,3.142578125,0.15,0.0,0.0,0.37500000000000006,0.17674418604651163,0.12093023255813953,0.18604651162790697,0.7750000000000004,0.2,0.0,0.6000000000000002,0.874418604651161,0.7999999999999984,0.8558139534883703
0.48727272727272664,2.357421875,3.15234375,0.15,0.0,0.0,0.4000000000000001,0.17674418604651163,0.12093023255813953,0.18604651162790697,0.7750000000000004,0.2,0.0,0.6000000000000002,0.874418604651161,0.7999999999999984,0.8558139534883703
0.48848484848484786,2.36328125,3.158203125,0.15,0.0,0.0,0.4000000000000001,0.17674418604651163,0.13023255813953488,0.18604651162790697,0.7750000000000004,0.2,0.0,0.6000000000000002,0.874418604651161,0.7999999999999984,0.8558139534883703
0.48969696969696896,2.369140625,3.1640625,0.15,0.0,0.0,0.4000000000000001,0.17674418604651163,0.13953488372093023,0.18604651162790697,0.7750000000000004,0.2,0.0,0.6000000000000002,0.874418604651161,0.7999999999999984,0.8558139534883703
0.49090909090909024,2.375,3.171875,0.15,0.0,0.0,0.4000000000000001,0.17674418604651163,0.13953488372093023,0.18604651162790697,0.7750000000000004,0.2,0.0,0.6250000000000002,0.874418604651161,0.7999999999999984,0.8558139534883703
0.49212121212121146,2.380859375,3.177734375,0.15,0.0,0.0,0.4000000000000001,0.17674418604651163,0.13953488372093023,0.18604651162790697,0.8000000000000004,0.2,0.0,0.6250000000000002,0.874418604651161,0.7999999999999984,0.8558139534883703
0.4933333333333327,2.38671875,3.185546875,0.15,0.0,0.0,0.4000000000000001,0.17674418604651163,0.13953488372093023,0.18604651162790697,0.8000000000000004,0.2,0.0,0.6250000000000002,0.874418604651161,0.8093023255813937,0.8558139534883703
0.4945454545454539,2.392578125,3.193359375,0.15,0.0,0.0,0.4000000000000001,0.17674418604651163,0.13953488372093023,0.18604651162790697,0.8000000000000004,0.2,0.0,0.6250000000000002,0.874418604651161,0.8093023255813937,0.8651162790697656
0.4957575757575751,2.3984375,3.197265625,0.15,0.0,0.0,0.4000000000000001,0.17674418604651163,0.13953488372093023,0.18604651162790697,0.8000000000000004,0.2,0.0,0.6250000000000002,0.874418604651161,0.818604651162789,0.8651162790697656
0.4969696969696963,2.404296875,3.20703125,0.15,0.0,0.0,0.4000000000000001,0.17674418604651163,0.13953488372093023,0.18604651162790697,0.8000000000000004,0.2,0.0,0.6250000000000002,0.874418604651161,0.818604651162789,0.874418604651161
0.4981818181818176,2.41015625,3.212890625,0.15,0.0,0.0,0.4000000000000001,0.17674418604651163,0.13953488372093023,0.18604651162790697,0.8000000000000004,0.2,0.0,0.6250000000000002,0.8837209302325563,0.818604651162789,0.874418604651161
0.4993939393939387,2.416015625,3.220703125,0.15,0.0,0.0,0.4000000000000001,0.17674418604651163,0.13953488372093023,0.18604651162790697,0.8000000000000004,0.2,0.0,0.6250000000000002,0.8930232558139516,0.818604651162789,0.874418604651161
0.5006060606060598,2.423828125,3.2265625,0.175,0.0,0.0,0.4000000000000001,0.17674418604651163,0.13953488372093023,0.18604651162790697,0.8000000000000004,0.2,0.0,0.6250000000000002,0.8930232558139516,0.818604651162789,0.874418604651161
0.5018181818181812,2.4296875,3.232421875,0.175,0.0,0.0,0.4000000000000001,0.17674418604651163,0.14883720930232558,0.18604651162790697,0.8000000000000004,0.2,0.0,0.6250000000000002,0.8930232558139516,0.818604651162789,0.874418604651161
0.5030303030303024,2.435546875,3.240234375,0.175,0.0,0.0,0.4000000000000001,0.17674418604651163,0.14883720930232558,0.18604651162790697,0.8000000000000004,0.2,0.0,0.6250000000000002,0.8930232558139516,0.818604651162789,0.8837209302325563
0.5042424242424236,2.44140625,3.24609375,0.175,0.0,0.0,0.4000000000000001,0.17674418604651163,0.14883720930232558,0.18604651162790697,0.8000000000000004,0.2,0.0,0.6250000000000002,0.8930232558139516,0.818604651162789,0.8930232558139516
0.5054545454545448,2.44921875,3.251953125,0.175,0.0,0.0,0.4250000000000001,0.17674418604651163,0.14883720930232558,0.18604651162790697,0.8000000000000004,0.2,0.0,0.6250000000000002,0.8930232558139516,0.818604651162789,0.8930232558139516
0.5066666666666659,2.455078125,3.26171875,0.175,0.0,0.0,0.4250000000000001,0.17674418604651163,0.14883720930232558,0.18604651162790697,0.8000000000000004,0.2,0.0,0.6250000000000002,0.8930232558139516,0.8279069767441843,0.8930232558139516
0.5078787878787873,2.4609375,3.267578125,0.175,0.0,0.0,0.4250000000000001,0.17674418604651163,0.14883720930232558,0.18604651162790697,0.8000000000000004,0.2,0.0,0.6250000000000002,0.8930232558139516,0.8372093023255797,0.8930232558139516
0.5090909090909084,2.466796875,3.2734375,0.175,0.0,0.0,0.4250000000000001,0.17674418604651163,0.14883720930232558,0.18604651162790697,0.8000000000000004,0.2,0.0,0.6250000000000002,0.8930232558139516,0.846511627906975,0.8930232558139516
0.5103030303030296,2.474609375,3.28125,0.175,0.0,0.0,0.4250000000000001,0.18604651162790697,0.14883720930232558,0.18604651162790697,0.8000000000000004,0.2,0.0,0.6250000000000002,0.8930232558139516,0.846511627906975,0.8930232558139516
0.5115151515151508,2.48046875,3.287109375,0.175,0.0,0.0,0.4250000000000001,0.19534883720930232,0.14883720930232558,0.18604651162790697,0.8000000000000004,0.2,0.0,0.6250000000000002,0.8930232558139516,0.846511627906975,0.8930232558139516
0.5127272727272721,2.486328125,3.29296875,0.175,0.0,0.0,0.4250000000000001,0.20465116279069767,0.14883720930232558,0.18604651162790697,0.8000000000000004,0.2,0.0,0.6250000000000002,0.8930232558139516,0.846511627906975,0.8930232558139516
0.5139393939393933,2.4921875,3.30078125,0.175,0.0,0.0,0.4250000000000001,0.21395348837209302,0.14883720930232558,0.18604651162790697,0.8000000000000004,0.2,0.0,0.6250000000000002,0.8930232558139516,0.846511627906975,0.8930232558139516
0.5151515151515145,2.498046875,3.306640625,0.175,0.0,0.0,0.4250000000000001,0.21395348837209302,0.15813953488372093,0.18604651162790697,0.8000000000000004,0.2,0.0,0.6250000000000002,0.8930232558139516,0.846511627906975,0.8930232558139516
0.5163636363636357,2.50390625,3.310546875,0.175,0.0,0.0,0.4250000000000001,0.21395348837209302,0.16744186046511628,0.18604651162790697,0.8000000000000004,0.2,0.0,0.6250000000000002,0.8930232558139516,0.846511627906975,0.8930232558139516
0.5175757575757569,2.509765625,3.3203125,0.175,0.0,0.0,0.4250000000000001,0.21395348837209302,0.17674418604651163,0.18604651162790697,0.8000000000000004,0.2,0.0,0.6250000000000002,0.8930232558139516,0.846511627906975,0.8930232558139516
0.5187878787878781,2.515625,3.32421875,0.175,0.0,0.0,0.4250000000000001,0.21395348837209302,0.17674418604651163,0.18604651162790697,0.8000000000000004,0.2,0.0,0.6250000000000002,0.8930232558139516,0.846511627906975,0.9023255813953469
0.5199999999999992,2.521484375,3.330078125,0.175,0.0,0.0,0.4250000000000001,0.21395348837209302,0.17674418604651163,0.18604651162790697,0.8000000000000004,0.2,0.0,0.6500000000000002,0.8930232558139516,0.846511627906975,0.9023255813953469
0.5212121212121206,2.52734375,3.3359375,0.175,0.0,0.0,0.4250000000000001,0.21395348837209302,0.17674418604651163,0.18604651162790697,0.8000000000000004,0.2,0.0,0.6500000000000002,0.8930232558139516,0.846511627906975,0.9116279069767422
0.5224242424242417,2.533203125,3.34375,0.175,0.0,0.0,0.4250000000000001,0.21395348837209302,0.17674418604651163,0.18604651162790697,0.8000000000000004,0.2,0.0,0.6500000000000002,0.8930232558139516,0.8558139534883703,0.9116279069767422
0.523636363636363,2.541015625,3.349609375,0.175,0.0,0.0,0.4250000000000001,0.22325581395348837,0.17674418604651163,0.18604651162790697,0.8000000000000004,0.2,0.0,0.6500000000000002,0.8930232558139516,0.8558139534883703,0.9116279069767422
0.5248484848484841,2.546875,3.35546875,0.175,0.0,0.0,0.4250000000000001,0.23255813953488372,0.17674418604651163,0.18604651162790697,0.8000000000000004,0.2,0.0,0.6500000000000002,0.8930232558139516,0.8558139534883703,0.9116279069767422
0.5260606060606055,2.552734375,3.36328125,0.175,0.0,0.0,0.4250000000000001,0.24186046511627907,0.17674418604651163,0.18604651162790697,0.8000000000000004,0.2,0.0,0.6500000000000002,0.8930232558139516,0.8558139534883703,0.9116279069767422
0.5272727272727266,2.55859375,3.369140625,0.175,0.0,0.0,0.4250000000000001,0.24186046511627907,0.17674418604651163,0.19534883720930232,0.8000000000000004,0.2,0.0,0.6500000000000002,0.8930232558139516,0.8558139534883703,0.9116279069767422
0.5284848484848479,2.564453125,3.375,0.175,0.0,0.0,0.4250000000000001,0.24186046511627907,0.17674418604651163,0.20465116279069767,0.8000000000000004,0.2,0.0,0.6500000000000002,0.8930232558139516,0.8558139534883703,0.9116279069767422
0.529696969696969,2.5703125,3.3828125,0.175,0.0,0.0,0.4250000000000001,0.24186046511627907,0.17674418604651163,0.20465116279069767,0.8000000000000004,0.2,0.0,0.6500000000000002,0.8930232558139516,0.8651162790697656,0.9116279069767422
0.5309090909090902,2.576171875,3.38671875,0.175,0.0,0.0,0.4250000000000001,0.24186046511627907,0.17674418604651163,0.20465116279069767,0.8000000000000004,0.2,0.0,0.6500000000000002,0.8930232558139516,0.8651162790697656,0.9209302325581376
0.5321212121212114,2.58203125,3.392578125,0.175,0.0,0.0,0.4250000000000001,0.24186046511627907,0.17674418604651163,0.20465116279069767,0.8000000000000004,0.2,0.0,0.6500000000000002,0.8930232558139516,0.874418604651161,0.9209302325581376
0.5333333333333327,2.58984375,3.400390625,0.175,0.0,0.0,0.4250000000000001,0.25116279069767444,0.17674418604651163,0.20465116279069767,0.8000000000000004,0.2,0.0,0.6500000000000002,0.8930232558139516,0.874418604651161,0.9209302325581376
0.5345454545454538,2.595703125,3.40625,0.175,0.0,0.0,0.4250000000000001,0.26046511627906976,0.17674418604651163,0.20465116279069767,0.8000000000000004,0.2,0.0,0.6500000000000002,0.8930232558139516,0.874418604651161,0.9209302325581376
0.5357575757575751,2.6015625,3.41015625,0.175,0.0,0.0,0.4250000000000001,0.26046511627906976,0.17674418604651163,0.20465116279069767,0.8000000000000004,0.2,0.0,0.6500000000000002,0.9023255813953469,0.874418604651161,0.9209302325581376
0.5369696969696962,2.607421875,3.41796875,0.175,0.0,0.0,0.4250000000000001,0.26046511627906976,0.17674418604651163,0.20465116279069767,0.8000000000000004,0.2,0.0,0.6500000000000002,0.9116279069767422,0.874418604651161,0.9209302325581376
0.5381818181818174,2.61328125,3.423828125,0.175,0.0,0.0,0.4250000000000001,0.26046511627906976,0.18604651162790697,0.20465116279069767,0.8000000000000004,0.2,0.0,0.6500000000000002,0.9116279069767422,0.874418604651161,0.9209302325581376
0.5393939393939388,2.619140625,3.431640625,0.175,0.0,0.0,0.4250000000000001,0.26046511627906976,0.19534883720930232,0.20465116279069767,0.8000000000000004,0.2,0.0,0.6500000000000002,0.9116279069767422,0.874418604651161,0.9209302325581376
0.5406060606060599,2.625,3.439453125,0.175,0.0,0.0,0.4250000000000001,0.26046511627906976,0.19534883720930232,0.20465116279069767,0.8250000000000004,0.2,0.0,0.6500000000000002,0.9116279069767422,0.874418604651161,0.9209302325581376
0.5418181818181811,2.630859375,3.443359375,0.175,0.0,0.0,0.4250000000000001,0.26046511627906976,0.19534883720930232,0.20465116279069767,0.8250000000000004,0.2,0.0,0.6500000000000002,0.9209302325581376,0.874418604651161,0.9209302325581376
0.5430303030303023,2.63671875,3.44921875,0.175,0.0,0.0,0.4250000000000001,0.26046511627906976,0.19534883720930232,0.20465116279069767,0.8250000000000004,0.2,0.0,0.6500000000000002,0.9209302325581376,0.874418604651161,0.9302325581395329
0.5442424242424235,2.642578125,3.45703125,0.175,0.0,0.0,0.4250000000000001,0.26046511627906976,0.19534883720930232,0.20465116279069767,0.8250000000000004,0.2,0.0,0.6500000000000002,0.9209302325581376,0.8837209302325563,0.9302325581395329
0.5454545454545447,2.6484375,3.4609375,0.175,0.0,0.0,0.4250000000000001,0.26046511627906976,0.19534883720930232,0.20465116279069767,0.8250000000000004,0.2,0.0,0.6500000000000002,0.9209302325581376,0.8837209302325563,0.9395348837209282
0.5466666666666659,2.654296875,3.466796875,0.175,0.0,0.0,0.4250000000000001,0.26046511627906976,0.19534883720930232,0.20465116279069767,0.8250000000000004,0.2,0.0,0.6500000000000002,0.9209302325581376,0.8930232558139516,0.9395348837209282
0.5478787878787872,2.662109375,3.474609375,0.19999999999999998,0.0,0.0,0.4250000000000001,0.26046511627906976,0.19534883720930232,0.20465116279069767,0.8250000000000004,0.2,0.0,0.6500000000000002,0.9209302325581376,0.8930232558139516,0.9395348837209282
0.5490909090909084,2.66796875,3.48046875,0.19999999999999998,0.0,0.0,0.4250000000000001,0.26046511627906976,0.19534883720930232,0.20465116279069767,0.8250000000000004,0.2,0.0,0.6750000000000003,0.9209302325581376,0.8930232558139516,0.9395348837209282
0.5503030303030296,2.67578125,3.484375,0.19999999999999998,0.0,0.0,0.4500000000000001,0.26046511627906976,0.19534883720930232,0.20465116279069767,0.8250000000000004,0.2,0.0,0.6750000000000003,0.9209302325581376,0.8930232558139516,0.9395348837209282
0.5515151515151508,2.681640625,3.4921875,0.19999999999999998,0.0,0.0,0.4500000000000001,0.26046511627906976,0.19534883720930232,0.21395348837209302,0.8250000000000004,0.2,0.0,0.6750000000000003,0.9209302325581376,0.8930232558139516,0.9395348837209282
0.552727272727272,2.689453125,3.498046875,0.19999999999999998,0.0,0.0,0.4500000000000001,0.2697674418604651,0.19534883720930232,0.21395348837209302,0.8250000000000004,0.2,0.0,0.6750000000000003,0.9209302325581376,0.8930232558139516,0.9395348837209282
0.5539393939393932,2.6953125,3.501953125,0.19999999999999998,0.0,0.0,0.4500000000000001,0.2790697674418604,0.19534883720930232,0.21395348837209302,0.8250000000000004,0.2,0.0,0.6750000000000003,0.9209302325581376,0.8930232558139516,0.9395348837209282
0.5551515151515144,2.701171875,3.509765625,0.19999999999999998,0.0,0.0,0.4500000000000001,0.2790697674418604,0.19534883720930232,0.21395348837209302,0.8250000000000004,0.2,0.0,0.6750000000000003,0.9302325581395329,0.8930232558139516,0.9395348837209282
0.5563636363636356,2.70703125,3.513671875,0.19999999999999998,0.0,0.0,0.4500000000000001,0.2790697674418604,0.19534883720930232,0.21395348837209302,0.8250000000000004,0.2,0.0,0.6750000000000003,0.9302325581395329,0.8930232558139516,0.9488372093023235
0.5575757575757567,2.71484375,3.51953125,0.19999999999999998,0.0,0.0,0.4500000000000001,0.2883720930232557,0.19534883720930232,0.21395348837209302,0.8250000000000004,0.2,0.0,0.6750000000000003,0.9302325581395329,0.8930232558139516,0.9488372093023235
0.5587878787878781,2.720703125,3.525390625,0.19999999999999998,0.0,0.0,0.4500000000000001,0.29767441860465105,0.19534883720930232,0.21395348837209302,0.8250000000000004,0.2,0.0,0.6750000000000003,0.9302325581395329,0.8930232558139516,0.9488372093023235
0.5599999999999992,2.7265625,3.53125,0.19999999999999998,0.0,0.0,0.4500000000000001,0.29767441860465105,0.20465116279069767,0.21395348837209302,0.8250000000000004,0.2,0.0,0.6750000000000003,0.9302325581395329,0.8930232558139516,0.9488372093023235
0.5612121212121205,2.732421875,3.537109375,0.19999999999999998,0.0,0.0,0.4500000000000001,0.29767441860465105,0.21395348837209302,0.21395348837209302,0.8250000000000004,0.2,0.0,0.6750000000000003,0.9302325581395329,0.8930232558139516,0.9488372093023235
0.5624242424242416,2.740234375,3.54296875,0.19999999999999998,0.0,0.0,0.4500000000000001,0.30697674418604637,0.21395348837209302,0.21395348837209302,0.8250000000000004,0.2,0.0,0.6750000000000003,0.9302325581395329,0.8930232558139516,0.9488372093023235
0.5636363636363628,2.74609375,3.55078125,0.19999999999999998,0.0,0.0,0.4500000000000001,0.30697674418604637,0.22325581395348837,0.21395348837209302,0.8250000000000004,0.2,0.0,0.6750000000000003,0.9302325581395329,0.8930232558139516,0.9488372093023235
0.564848484848484,2.751953125,3.5546875,0.19999999999999998,0.0,0.0,0.4500000000000001,0.30697674418604637,0.23255813953488372,0.21395348837209302,0.8250000000000004,0.2,0.0,0.6750000000000003,0.9302325581395329,0.8930232558139516,0.9488372093023235
0.5660606060606053,2.7578125,3.560546875,0.19999999999999998,0.0,0.0,0.4500000000000001,0.30697674418604637,0.24186046511627907,0.21395348837209302,0.8250000000000004,0.2,0.0,0.6750000000000003,0.9302325581395329,0.8930232558139516,0.9488372093023235
0.5672727272727266,2.763671875,3.56640625,0.19999999999999998,0.0,0.0,0.4500000000000001,0.30697674418604637,0.24186046511627907,0.21395348837209302,0.8250000000000004,0.2,0.0,0.6750000000000003,0.9395348837209282,0.8930232558139516,0.9488372093023235
0.5684848484848477,2.76953125,3.572265625,0.19999999999999998,0.0,0.0,0.4500000000000001,0.30697674418604637,0.24186046511627907,0.21395348837209302,0.8250000000000004,0.2,0.0,0.6750000000000003,0.9395348837209282,0.8930232558139516,0.9581395348837188
0.5696969696969689,2.775390625,3.576171875,0.19999999999999998,0.0,0.0,0.4500000000000001,0.30697674418604637,0.24186046511627907,0.21395348837209302,0.8250000000000004,0.2,0.0,0.6750000000000003,0.9395348837209282,0.9023255813953469,0.9581395348837188
0.57090909090909,2.78125,3.58203125,0.19999999999999998,0.0,0.0,0.4500000000000001,0.30697674418604637,0.24186046511627907,0.21395348837209302,0.8250000000000004,0.2,0.0,0.6750000000000003,0.9395348837209282,0.9116279069767422,0.9581395348837188
0.5721212121212114,2.787109375,3.587890625,0.19999999999999998,0.0,0.0,0.4500000000000001,0.30697674418604637,0.24186046511627907,0.21395348837209302,0.8500000000000004,0.2,0.0,0.6750000000000003,0.9395348837209282,0.9116279069767422,0.9581395348837188
0.5733333333333325,2.79296875,3.591796875,0.19999999999999998,0.0,0.0,0.4500000000000001,0.30697674418604637,0.24186046511627907,0.21395348837209302,0.8500000000000004,0.2,0.0,0.6750000000000003,0.9488372093023235,0.9116279069767422,0.9581395348837188
0.5745454545454538,2.80078125,3.59765625,0.19999999999999998,0.0,0.0,0.47500000000000014,0.30697674418604637,0.24186046511627907,0.21395348837209302,0.8500000000000004,0.2,0.0,0.6750000000000003,0.9488372093023235,0.9116279069767422,0.9581395348837188
0.575757575757575,2.806640625,3.603515625,0.19999999999999998,0.0,0.0,0.47500000000000014,0.30697674418604637,0.24186046511627907,0.21395348837209302,0.8500000000000004,0.2,0.0,0.6750000000000003,0.9488372093023235,0.9209302325581376,0.9581395348837188
0.5769696969696962,2.814453125,3.607421875,0.19999999999999998,0.0,0.0,0.47500000000000014,0.3162790697674417,0.24186046511627907,0.21395348837209302,0.8500000000000004,0.2,0.0,0.6750000000000003,0.9488372093023235,0.9209302325581376,0.9581395348837188
0.5781818181818174,2.8203125,3.61328125,0.19999999999999998,0.0,0.0,0.47500000000000014,0.325581395348837,0.24186046511627907,0.21395348837209302,0.8500000000000004,0.2,0.0,0.6750000000000003,0.9488372093023235,0.9209302325581376,0.9581395348837188
0.5793939393939386,2.826171875,3.619140625,0.19999999999999998,0.0,0.0,0.47500000000000014,0.325581395348837,0.25116279069767444,0.21395348837209302,0.8500000000000004,0.2,0.0,0.6750000000000003,0.9488372093023235,0.9209302325581376,0.9581395348837188
0.5806060606060598,2.83203125,3.623046875,0.19999999999999998,0.0,0.0,0.47500000000000014,0.325581395348837,0.25116279069767444,0.21395348837209302,0.8500000000000004,0.2,0.0,0.6750000000000003,0.9488372093023235,0.9209302325581376,0.9674418604651142
0.581818181818181,2.83984375,3.630859375,0.19999999999999998,0.0,0.0,0.47500000000000014,0.33488372093023233,0.25116279069767444,0.21395348837209302,0.8500000000000004,0.2,0.0,0.6750000000000003,0.9488372093023235,0.9209302325581376,0.9674418604651142
0.5830303030303022,2.845703125,3.634765625,0.19999999999999998,0.0,0.0,0.47500000000000014,0.34418604651162765,0.25116279069767444,0.21395348837209302,0.8500000000000004,0.2,0.0,0.6750000000000003,0.9488372093023235,0.9209302325581376,0.9674418604651142
0.5842424242424235,2.853515625,3.640625,0.22499999999999998,0.0,0.0,0.47500000000000014,0.34418604651162765,0.25116279069767444,0.21395348837209302,0.8500000000000004,0.2,0.0,0.6750000000000003,0.9488372093023235,0.9209302325581376,0.9674418604651142
0.5854545454545448,2.859375,3.646484375,0.22499999999999998,0.0,0.0,0.47500000000000014,0.34418604651162765,0.25116279069767444,0.21395348837209302,0.8500000000000004,0.2,0.0,0.6750000000000003,0.9488372093023235,0.9302325581395329,0.9674418604651142
0.5866666666666659,2.8671875,3.650390625,0.22499999999999998,0.0,0.0,0.47500000000000014,0.353488372093023,0.25116279069767444,0.21395348837209302,0.8500000000000004,0.2,0.0,0.6750000000000003,0.9488372093023235,0.9302325581395329,0.9674418604651142
0.5878787878787871,2.873046875,3.654296875,0.22499999999999998,0.0,0.0,0.47500000000000014,0.353488372093023,0.26046511627906976,0.21395348837209302,0.8500000000000004,0.2,0.0,0.6750000000000003,0.9488372093023235,0.9302325581395329,0.9674418604651142
0.5890909090909083,2.87890625,3.66015625,0.22499999999999998,0.0,0.0,0.47500000000000014,0.353488372093023,0.2697674418604651,0.21395348837209302,0.8500000000000004,0.2,0.0,0.6750000000000003,0.9488372093023235,0.9302325581395329,0.9674418604651142
0.5903030303030294,2.88671875,3.6640625,0.22499999999999998,0.0,0.0,0.47500000000000014,0.3627906976744183,0.2697674418604651,0.21395348837209302,0.8500000000000004,0.2,0.0,0.6750000000000003,0.9488372093023235,0.9302325581395329,0.9674418604651142
0.5915151515151507,2.892578125,3.669921875,0.22499999999999998,0.0,0.0,0.47500000000000014,0.3720930232558136,0.2697674418604651,0.21395348837209302,0.8500000000000004,0.2,0.0,0.6750000000000003,0.9488372093023235,0.9302325581395329,0.9674418604651142
0.5927272727272719,2.900390625,3.673828125,0.22499999999999998,0.0,0.0,0.47500000000000014,0.38139534883720894,0.2697674418604651,0.21395348837209302,0.8500000000000004,0.2,0.0,0.6750000000000003,0.9488372093023235,0.9302325581395329,0.9674418604651142
0.5939393939393932,2.90625,3.677734375,0.22499999999999998,0.0,0.0,0.47500000000000014,0.38139534883720894,0.2697674418604651,0.21395348837209302,0.8500000000000004,0.2,0.0,0.6750000000000003,0.9488372093023235,0.9395348837209282,0.9674418604651142
0.5951515151515143,2.9140625,3.68359375,0.22499999999999998,0.0,0.0,0.47500000000000014,0.39069767441860426,0.2697674418604651,0.21395348837209302,0.8500000000000004,0.2,0.0,0.6750000000000003,0.9488372093023235,0.9395348837209282,0.9674418604651142
0.5963636363636355,2.919921875,3.689453125,0.22499999999999998,0.0,0.0,0.47500000000000014,0.39069767441860426,0.2697674418604651,0.21395348837209302,0.8750000000000004,0.2,0.0,0.6750000000000003,0.9488372093023235,0.9395348837209282,0.9674418604651142
0.5975757575757568,2.92578125,3.6953125,0.22499999999999998,0.0,0.0,0.47500000000000014,0.39069767441860426,0.2697674418604651,0.21395348837209302,0.8750000000000004,0.2,0.0,0.6750000000000003,0.9488372093023235,0.9395348837209282,0.9767441860465095
0.598787878787878,2.93359375,3.69921875,0.22499999999999998,0.0,0.0,0.47500000000000014,0.3999999999999996,0.2697674418604651,0.21395348837209302,0.8750000000000004,0.2,0.0,0.6750000000000003,0.9488372093023235,0.9395348837209282,0.9767441860465095
0.5999999999999991,2.939453125,3.703125,0.22499999999999998,0.0,0.0,0.47500000000000014,0.3999999999999996,0.2790697674418604,0.21395348837209302,0.8750000000000004,0.2,0.0,0.6750000000000003,0.9488372093023235,0.9395348837209282,0.9767441860465095
0.6012121212121204,2.9453125,3.708984375,0.22499999999999998,0.0,0.0,0.47500000000000014,0.3999999999999996,0.2883720930232557,0.21395348837209302,0.8750000000000004,0.2,0.0,0.6750000000000003,0.9488372093023235,0.9395348837209282,0.9767441860465095
