Effective Sparsity,Activation Error,Baseline Error,q0,k0,v0,o0,gate0,up0,down0,q1,k1,v1,o1,gate1,up1,down1
0.0009615384615384615,0.0006666183471679688,0.007160186767578125,0.0,0.0,0.0,0.0,0.0,0.0,0.0,0.0,0.0,0.0,0.0,0.007142857142857143,0.0,0.0
0.001923076923076923,0.0010423660278320312,0.007160186767578125,0.0,0.0,0.0,0.0,0.0,0.0,0.0,0.0,0.0,0.0,0.0,0.007142857142857143,0.007142857142857143,0.0
0.0028846153846153843,0.0014276504516601562,0.007160186767578125,0.0,0.0,0.0,0.0,0.0,0.0,0.0,0.0,0.0,0.0,0.0,0.007142857142857143,0.007142857142857143,0.007142857142857143
0.003846153846153846,0.0018014907836914062,0.007160186767578125,0.0,0.0,0.0,0.0,0.007142857142857143,0.0,0.0,0.0,0.0,0.0,0.0,0.007142857142857143,0.007142857142857143,0.007142857142857143
0.004807692307692307,0.0023040771484375,0.007160186767578125,0.0,0.0,0.0,0.0,0.007142857142857143,0.0,0.007142857142857143,0.0,0.0,0.0,0.0,0.007142857142857143,0.007142857142857143,0.007142857142857143
0.005769230769230769,0.0027408599853515625,0.007160186767578125,0.0,0.0,0.0,0.0,0.007142857142857143,0.007142857142857143,0.007142857142857143,0.0,0.0,0.0,0.0,0.007142857142857143,0.007142857142857143,0.007142857142857143
0.00673076923076923,0.0091094970703125,0.007160186767578125,0.0,0.0,0.0,0.0,0.007142857142857143,0.007142857142857143,0.007142857142857143,0.0,0.0,0.0,0.025,0.007142857142857143,0.007142857142857143,0.007142857142857143
0.007692307692307692,0.0135345458984375,0.007160186767578125,0.0,0.0,0.0,0.0,0.007142857142857143,0.007142857142857143,0.007142857142857143,0.025,0.0,0.0,0.025,0.007142857142857143,0.007142857142857143,0.007142857142857143
0.008653846153846154,0.0173797607421875,0.007160186767578125,0.0,0.0,0.0,0.0,0.007142857142857143,0.007142857142857143,0.007142857142857143,0.025,0.0,0.0,0.05,0.007142857142857143,0.007142857142857143,0.007142857142857143
0.009615384615384614,0.0212860107421875,0.007160186767578125,0.0,0.0,0.0,0.0,0.007142857142857143,0.007142857142857143,0.007142857142857143,0.05,0.0,0.0,0.05,0.007142857142857143,0.007142857142857143,0.007142857142857143
0.010576923076923078,0.0249176025390625,0.05755615234375,0.0,0.0,0.0,0.0,0.007142857142857143,0.007142857142857143,0.007142857142857143,0.05,0.0,0.0,0.07500000000000001,0.007142857142857143,0.007142857142857143,0.007142857142857143
0.011538461538461543,0.028228759765625,0.06085205078125,0.0,0.0,0.0,0.0,0.007142857142857143,0.007142857142857143,0.007142857142857143,0.07500000000000001,0.0,0.0,0.07500000000000001,0.007142857142857143,0.007142857142857143,0.007142857142857143
0.012500000000000002,0.031341552734375,0.06427001953125,0.0,0.0,0.0,0.025,0.007142857142857143,0.007142857142857143,0.007142857142857143,0.07500000000000001,0.0,0.0,0.07500000000000001,0.007142857142857143,0.007142857142857143,0.007142857142857143
0.013461538461538462,0.034423828125,0.06787109375,0.0,0.0,0.0,0.025,0.007142857142857143,0.007142857142857143,0.007142857142857143,0.07500000000000001,0.0,0.0,0.07500000000000001,0.007142857142857143,0.007142857142857143,0.014285714285714285
0.014423076923076926,0.0364990234375,0.071044921875,0.0,0.0,0.0,0.025,0.007142857142857143,0.007142857142857143,0.007142857142857143,0.07500000000000001,0.0,0.0,0.07500000000000001,0.007142857142857143,0.007142857142857143,0.02142857142857143
0.015384615384615385,0.038726806640625,0.07427978515625,0.0,0.0,0.0,0.025,0.007142857142857143,0.007142857142857143,0.007142857142857143,0.07500000000000001,0.0,0.0,0.07500000000000001,0.007142857142857143,0.007142857142857143,0.02857142857142857
0.016346153846153847,0.04107666015625,0.077392578125,0.0,0.0,0.0,0.025,0.007142857142857143,0.007142857142857143,0.007142857142857143,0.07500000000000001,0.0,0.0,0.07500000000000001,0.007142857142857143,0.007142857142857143,0.03571428571428571
0.01730769230769231,0.04351806640625,0.08074951171875,0.0,0.0,0.0,0.025,0.007142857142857143,0.007142857142857143,0.007142857142857143,0.07500000000000001,0.0,0.0,0.07500000000000001,0.007142857142857143,0.007142857142857143,0.04285714285714286
0.018269230769230774,0.045989990234375,0.0838623046875,0.0,0.0,0.0,0.025,0.007142857142857143,0.007142857142857143,0.007142857142857143,0.1,0.0,0.0,0.07500000000000001,0.007142857142857143,0.007142857142857143,0.04285714285714286
0.019230769230769235,0.048431396484375,0.08697509765625,0.0,0.0,0.0,0.025,0.007142857142857143,0.007142857142857143,0.007142857142857143,0.1,0.0,0.0,0.07500000000000001,0.007142857142857143,0.007142857142857143,0.05
0.020192307692307697,0.050872802734375,0.08978271484375,0.0,0.0,0.0,0.025,0.007142857142857143,0.007142857142857143,0.007142857142857143,0.1,0.0,0.0,0.1,0.007142857142857143,0.007142857142857143,0.05
0.021153846153846155,0.053192138671875,0.0926513671875,0.0,0.0,0.0,0.025,0.007142857142857143,0.007142857142857143,0.007142857142857143,0.1,0.0,0.0,0.1,0.007142857142857143,0.007142857142857143,0.05714285714285715
0.022115384615384613,0.05548095703125,0.09515380859375,0.0,0.0,0.0,0.025,0.007142857142857143,0.007142857142857143,0.007142857142857143,0.125,0.0,0.0,0.1,0.007142857142857143,0.007142857142857143,0.05714285714285715
0.02307692307692308,0.05780029296875,0.097900390625,0.0,0.0,0.0,0.025,0.007142857142857143,0.007142857142857143,0.007142857142857143,0.125,0.0,0.0,0.1,0.007142857142857143,0.007142857142857143,0.0642857142857143
0.02403846153846154,0.060089111328125,0.10052490234375,0.0,0.0,0.0,0.025,0.007142857142857143,0.007142857142857143,0.007142857142857143,0.15,0.0,0.0,0.1,0.007142857142857143,0.007142857142857143,0.0642857142857143
0.025000000000000005,0.0623779296875,0.10296630859375,0.0,0.0,0.0,0.025,0.007142857142857143,0.007142857142857143,0.007142857142857143,0.15,0.0,0.0,0.1,0.007142857142857143,0.007142857142857143,0.07142857142857144
0.025961538461538463,0.06463623046875,0.10595703125,0.0,0.0,0.0,0.025,0.007142857142857143,0.007142857142857143,0.007142857142857143,0.15,0.0,0.0,0.1,0.014285714285714285,0.007142857142857143,0.07142857142857144
0.026923076923076925,0.0662841796875,0.1082763671875,0.0,0.0,0.0,0.025,0.007142857142857143,0.007142857142857143,0.007142857142857143,0.15,0.0,0.0,0.1,0.02142857142857143,0.007142857142857143,0.07142857142857144
0.02788461538461539,0.06793212890625,0.11077880859375,0.0,0.0,0.0,0.025,0.007142857142857143,0.007142857142857143,0.007142857142857143,0.15,0.0,0.0,0.1,0.02857142857142857,0.007142857142857143,0.07142857142857144
0.028846153846153848,0.06982421875,0.11370849609375,0.0,0.0,0.0,0.025,0.007142857142857143,0.007142857142857143,0.007142857142857143,0.15,0.0,0.0,0.1,0.03571428571428571,0.007142857142857143,0.07142857142857144
0.029807692307692313,0.07177734375,0.1162109375,0.0,0.0,0.0,0.025,0.007142857142857143,0.007142857142857143,0.007142857142857143,0.15,0.0,0.0,0.1,0.04285714285714286,0.007142857142857143,0.07142857142857144
0.03076923076923077,0.07366943359375,0.11895751953125,0.0,0.0,0.0,0.025,0.007142857142857143,0.007142857142857143,0.007142857142857143,0.15,0.0,0.0,0.1,0.05,0.007142857142857143,0.07142857142857144
0.031730769230769236,0.07568359375,0.12158203125,0.025,0.0,0.0,0.025,0.007142857142857143,0.007142857142857143,0.007142857142857143,0.15,0.0,0.0,0.1,0.05,0.007142857142857143,0.07142857142857144
0.032692307692307694,0.07763671875,0.1241455078125,0.025,0.0,0.0,0.025,0.007142857142857143,0.007142857142857143,0.007142857142857143,0.175,0.0,0.0,0.1,0.05,0.007142857142857143,0.07142857142857144
0.03365384615384615,0.07952880859375,0.1265869140625,0.025,0.0,0.0,0.025,0.007142857142857143,0.007142857142857143,0.007142857142857143,0.175,0.0,0.0,0.125,0.05,0.007142857142857143,0.07142857142857144
0.03461538461538462,0.0814208984375,0.12890625,0.025,0.0,0.0,0.025,0.007142857142857143,0.007142857142857143,0.007142857142857143,0.175,0.0,0.0,0.125,0.05,0.007142857142857143,0.07857142857142858
0.035576923076923075,0.083251953125,0.1314697265625,0.025,0.0,0.0,0.025,0.007142857142857143,0.007142857142857143,0.007142857142857143,0.175,0.0,0.0,0.125,0.05714285714285715,0.007142857142857143,0.07857142857142858
0.03653846153846154,0.0850830078125,0.1336669921875,0.025,0.0,0.0,0.025,0.007142857142857143,0.007142857142857143,0.007142857142857143,0.175,0.0,0.0,0.125,0.05714285714285715,0.007142857142857143,0.08571428571428573
0.0375,0.08697509765625,0.13623046875,0.025,0.0,0.0,0.05,0.007142857142857143,0.007142857142857143,0.007142857142857143,0.175,0.0,0.0,0.125,0.05714285714285715,0.007142857142857143,0.08571428571428573
0.038461538461538464,0.08880615234375,0.138427734375,0.025,0.0,0.0,0.05,0.007142857142857143,0.007142857142857143,0.007142857142857143,0.175,0.0,0.0,0.125,0.0642857142857143,0.007142857142857143,0.08571428571428573
0.03942307692307692,0.0906982421875,0.140625,0.025,0.0,0.0,0.05,0.007142857142857143,0.007142857142857143,0.007142857142857143,0.19999999999999998,0.0,0.0,0.125,0.0642857142857143,0.007142857142857143,0.08571428571428573
0.040384615384615394,0.092529296875,0.14306640625,0.025,0.0,0.0,0.05,0.007142857142857143,0.007142857142857143,0.007142857142857143,0.19999999999999998,0.0,0.0,0.125,0.07142857142857144,0.007142857142857143,0.08571428571428573
0.04134615384615385,0.0943603515625,0.1455078125,0.025,0.0,0.0,0.05,0.007142857142857143,0.007142857142857143,0.007142857142857143,0.19999999999999998,0.0,0.0,0.125,0.07142857142857144,0.007142857142857143,0.09285714285714287
0.04230769230769231,0.09619140625,0.147705078125,0.025,0.0,0.0,0.05,0.007142857142857143,0.007142857142857143,0.007142857142857143,0.22499999999999998,0.0,0.0,0.125,0.07142857142857144,0.007142857142857143,0.09285714285714287
0.04326923076923077,0.0980224609375,0.150146484375,0.025,0.0,0.0,0.05,0.007142857142857143,0.007142857142857143,0.007142857142857143,0.22499999999999998,0.0,0.0,0.125,0.07857142857142858,0.007142857142857143,0.09285714285714287
0.04423076923076923,0.09979248046875,0.152587890625,0.025,0.0,0.0,0.05,0.007142857142857143,0.007142857142857143,0.007142857142857143,0.22499999999999998,0.0,0.0,0.125,0.07857142857142858,0.007142857142857143,0.10000000000000002
0.045192307692307705,0.1015625,0.1549072265625,0.025,0.0,0.0,0.05,0.007142857142857143,0.007142857142857143,0.007142857142857143,0.22499999999999998,0.0,0.0,0.125,0.08571428571428573,0.007142857142857143,0.10000000000000002
0.04615384615384616,0.103271484375,0.1572265625,0.025,0.0,0.0,0.05,0.007142857142857143,0.007142857142857143,0.007142857142857143,0.22499999999999998,0.0,0.0,0.125,0.08571428571428573,0.007142857142857143,0.10714285714285716
0.04711538461538462,0.10504150390625,0.1591796875,0.025,0.0,0.0,0.05,0.007142857142857143,0.007142857142857143,0.007142857142857143,0.22499999999999998,0.0,0.0,0.15,0.08571428571428573,0.007142857142857143,0.10714285714285716
0.04807692307692308,0.1068115234375,0.161376953125,0.025,0.0,0.0,0.05,0.007142857142857143,0.007142857142857143,0.007142857142857143,0.24999999999999997,0.0,0.0,0.15,0.08571428571428573,0.007142857142857143,0.10714285714285716
0.049038461538461545,0.108642578125,0.1636962890625,0.025,0.0,0.0,0.05,0.007142857142857143,0.007142857142857143,0.007142857142857143,0.27499999999999997,0.0,0.0,0.15,0.08571428571428573,0.007142857142857143,0.10714285714285716
0.05,0.11041259765625,0.1661376953125,0.025,0.0,0.0,0.05,0.007142857142857143,0.007142857142857143,0.007142857142857143,0.27499999999999997,0.0,0.0,0.15,0.08571428571428573,0.007142857142857143,0.11428571428571431
0.05096153846153847,0.11212158203125,0.1689453125,0.025,0.0,0.0,0.05,0.007142857142857143,0.007142857142857143,0.007142857142857143,0.27499999999999997,0.0,0.0,0.15,0.08571428571428573,0.007142857142857143,0.12142857142857146
0.051923076923076926,0.1138916015625,0.1708984375,0.025,0.0,0.0,0.05,0.007142857142857143,0.007142857142857143,0.007142857142857143,0.27499999999999997,0.0,0.0,0.15,0.09285714285714287,0.007142857142857143,0.12142857142857146
0.05288461538461539,0.115478515625,0.173583984375,0.025,0.0,0.0,0.05,0.007142857142857143,0.007142857142857143,0.007142857142857143,0.27499999999999997,0.0,0.0,0.15,0.10000000000000002,0.007142857142857143,0.12142857142857146
0.05384615384615385,0.1171875,0.1759033203125,0.025,0.0,0.0,0.05,0.007142857142857143,0.007142857142857143,0.007142857142857143,0.27499999999999997,0.0,0.0,0.15,0.10714285714285716,0.007142857142857143,0.12142857142857146
0.05480769230769231,0.118896484375,0.1776123046875,0.025,0.0,0.0,0.05,0.007142857142857143,0.007142857142857143,0.007142857142857143,0.27499999999999997,0.0,0.0,0.15,0.11428571428571431,0.007142857142857143,0.12142857142857146
0.055769230769230765,0.12060546875,0.179931640625,0.025,0.0,0.0,0.05,0.007142857142857143,0.007142857142857143,0.007142857142857143,0.27499999999999997,0.0,0.0,0.15,0.12142857142857146,0.007142857142857143,0.12142857142857146
0.05673076923076924,0.122314453125,0.1822509765625,0.025,0.0,0.0,0.05,0.007142857142857143,0.007142857142857143,0.007142857142857143,0.27499999999999997,0.0,0.0,0.15,0.12142857142857146,0.007142857142857143,0.1285714285714286
0.057692307692307696,0.1240234375,0.184814453125,0.025,0.0,0.0,0.05,0.007142857142857143,0.007142857142857143,0.007142857142857143,0.27499999999999997,0.0,0.0,0.15,0.12142857142857146,0.007142857142857143,0.13571428571428573
0.058653846153846154,0.125732421875,0.18701171875,0.025,0.0,0.0,0.05,0.007142857142857143,0.007142857142857143,0.007142857142857143,0.27499999999999997,0.0,0.0,0.15,0.1285714285714286,0.007142857142857143,0.13571428571428573
0.05961538461538461,0.12744140625,0.1893310546875,0.025,0.0,0.0,0.05,0.007142857142857143,0.007142857142857143,0.007142857142857143,0.27499999999999997,0.0,0.0,0.175,0.1285714285714286,0.007142857142857143,0.13571428571428573
0.06057692307692307,0.129150390625,0.19140625,0.025,0.0,0.0,0.05,0.007142857142857143,0.007142857142857143,0.007142857142857143,0.27499999999999997,0.0,0.0,0.175,0.1285714285714286,0.007142857142857143,0.14285714285714288
0.061538461538461535,0.1307373046875,0.19384765625,0.025,0.0,0.0,0.05,0.007142857142857143,0.007142857142857143,0.007142857142857143,0.27499999999999997,0.0,0.0,0.175,0.1285714285714286,0.007142857142857143,0.15000000000000002
0.06250000000000001,0.1324462890625,0.196044921875,0.025,0.0,0.0,0.07500000000000001,0.007142857142857143,0.007142857142857143,0.007142857142857143,0.27499999999999997,0.0,0.0,0.175,0.1285714285714286,0.007142857142857143,0.15000000000000002
0.06346153846153847,0.1341552734375,0.198486328125,0.025,0.0,0.0,0.07500000000000001,0.007142857142857143,0.007142857142857143,0.007142857142857143,0.3,0.0,0.0,0.175,0.1285714285714286,0.007142857142857143,0.15000000000000002
0.06442307692307693,0.1358642578125,0.2003173828125,0.025,0.0,0.0,0.07500000000000001,0.007142857142857143,0.007142857142857143,0.007142857142857143,0.325,0.0,0.0,0.175,0.1285714285714286,0.007142857142857143,0.15000000000000002
0.06538461538461539,0.137451171875,0.20263671875,0.025,0.0,0.0,0.07500000000000001,0.007142857142857143,0.007142857142857143,0.007142857142857143,0.325,0.0,0.0,0.175,0.13571428571428573,0.007142857142857143,0.15000000000000002
0.06634615384615386,0.13916015625,0.205078125,0.025,0.0,0.0,0.07500000000000001,0.007142857142857143,0.007142857142857143,0.007142857142857143,0.325,0.0,0.0,0.175,0.14285714285714288,0.007142857142857143,0.15000000000000002
0.06730769230769232,0.1407470703125,0.2069091796875,0.025,0.0,0.0,0.07500000000000001,0.007142857142857143,0.007142857142857143,0.007142857142857143,0.325,0.0,0.0,0.175,0.14285714285714288,0.014285714285714285,0.15000000000000002
0.06826923076923078,0.1419677734375,0.2091064453125,0.025,0.0,0.0,0.07500000000000001,0.007142857142857143,0.007142857142857143,0.007142857142857143,0.325,0.0,0.0,0.175,0.14285714285714288,0.02142857142857143,0.15000000000000002
0.06923076923076925,0.1431884765625,0.2113037109375,0.025,0.0,0.0,0.07500000000000001,0.007142857142857143,0.007142857142857143,0.007142857142857143,0.325,0.0,0.0,0.175,0.14285714285714288,0.02857142857142857,0.15000000000000002
0.0701923076923077,0.1446533203125,0.21337890625,0.025,0.0,0.0,0.07500000000000001,0.007142857142857143,0.007142857142857143,0.007142857142857143,0.325,0.0,0.0,0.175,0.14285714285714288,0.03571428571428571,0.15000000000000002
0.07115384615384616,0.1461181640625,0.2156982421875,0.025,0.0,0.0,0.07500000000000001,0.007142857142857143,0.007142857142857143,0.007142857142857143,0.325,0.0,0.0,0.175,0.14285714285714288,0.04285714285714286,0.15000000000000002
0.07211538461538464,0.1475830078125,0.2176513671875,0.025,0.0,0.0,0.07500000000000001,0.007142857142857143,0.007142857142857143,0.007142857142857143,0.325,0.0,0.0,0.175,0.14285714285714288,0.05,0.15000000000000002
0.0730769230769231,0.149169921875,0.2198486328125,0.025,0.0,0.0,0.07500000000000001,0.007142857142857143,0.007142857142857143,0.007142857142857143,0.325,0.0,0.0,0.175,0.15000000000000002,0.05,0.15000000000000002
0.07403846153846155,0.1507568359375,0.2216796875,0.025,0.0,0.0,0.07500000000000001,0.007142857142857143,0.007142857142857143,0.007142857142857143,0.325,0.0,0.0,0.175,0.15000000000000002,0.05,0.15714285714285717
0.07500000000000001,0.15234375,0.2239990234375,0.025,0.0,0.0,0.07500000000000001,0.007142857142857143,0.007142857142857143,0.014285714285714285,0.325,0.0,0.0,0.175,0.15000000000000002,0.05,0.15714285714285717
0.07596153846153847,0.15380859375,0.2259521484375,0.025,0.0,0.0,0.07500000000000001,0.007142857142857143,0.007142857142857143,0.02142857142857143,0.325,0.0,0.0,0.175,0.15000000000000002,0.05,0.15714285714285717
0.07692307692307693,0.1553955078125,0.227783203125,0.025,0.0,0.0,0.07500000000000001,0.007142857142857143,0.007142857142857143,0.02857142857142857,0.325,0.0,0.0,0.175,0.15000000000000002,0.05,0.15714285714285717
0.0778846153846154,0.156982421875,0.2301025390625,0.025,0.0,0.0,0.07500000000000001,0.007142857142857143,0.007142857142857143,0.02857142857142857,0.35000000000000003,0.0,0.0,0.175,0.15000000000000002,0.05,0.15714285714285717
0.07884615384615386,0.1585693359375,0.232177734375,0.025,0.0,0.0,0.07500000000000001,0.007142857142857143,0.007142857142857143,0.02857142857142857,0.35000000000000003,0.0,0.0,0.175,0.15000000000000002,0.05714285714285715,0.15714285714285717
0.07980769230769232,0.16015625,0.234130859375,0.025,0.0,0.0,0.07500000000000001,0.007142857142857143,0.007142857142857143,0.02857142857142857,0.35000000000000003,0.0,0.0,0.175,0.15714285714285717,0.05714285714285715,0.15714285714285717
0.08076923076923077,0.16162109375,0.2359619140625,0.025,0.0,0.0,0.07500000000000001,0.007142857142857143,0.007142857142857143,0.02857142857142857,0.35000000000000003,0.0,0.0,0.175,0.15714285714285717,0.05714285714285715,0.1642857142857143
0.08173076923076923,0.1630859375,0.2379150390625,0.025,0.0,0.0,0.07500000000000001,0.007142857142857143,0.007142857142857143,0.02857142857142857,0.35000000000000003,0.0,0.0,0.175,0.15714285714285717,0.05714285714285715,0.17142857142857146
0.0826923076923077,0.1646728515625,0.2401123046875,0.05,0.0,0.0,0.07500000000000001,0.007142857142857143,0.007142857142857143,0.02857142857142857,0.35000000000000003,0.0,0.0,0.175,0.15714285714285717,0.05714285714285715,0.17142857142857146
0.08365384615384615,0.166259765625,0.241943359375,0.05,0.0,0.0,0.07500000000000001,0.007142857142857143,0.007142857142857143,0.02857142857142857,0.35000000000000003,0.0,0.0,0.19999999999999998,0.15714285714285717,0.05714285714285715,0.17142857142857146
0.08461538461538462,0.1678466796875,0.2440185546875,0.05,0.0,0.0,0.07500000000000001,0.007142857142857143,0.007142857142857143,0.03571428571428571,0.35000000000000003,0.0,0.0,0.19999999999999998,0.15714285714285717,0.05714285714285715,0.17142857142857146
0.08557692307692308,0.16943359375,0.2459716796875,0.05,0.0,0.0,0.07500000000000001,0.007142857142857143,0.007142857142857143,0.03571428571428571,0.35000000000000003,0.0,0.0,0.19999999999999998,0.1642857142857143,0.05714285714285715,0.17142857142857146
0.08653846153846154,0.1707763671875,0.247802734375,0.05,0.0,0.0,0.07500000000000001,0.007142857142857143,0.007142857142857143,0.03571428571428571,0.35000000000000003,0.0,0.0,0.19999999999999998,0.17142857142857146,0.05714285714285715,0.17142857142857146
0.08750000000000001,0.1722412109375,0.25,0.05,0.0,0.0,0.07500000000000001,0.007142857142857143,0.007142857142857143,0.03571428571428571,0.35000000000000003,0.0,0.0,0.19999999999999998,0.17142857142857146,0.05714285714285715,0.1785714285714286
0.08846153846153847,0.1737060546875,0.251953125,0.05,0.0,0.0,0.07500000000000001,0.007142857142857143,0.007142857142857143,0.03571428571428571,0.35000000000000003,0.0,0.0,0.19999999999999998,0.1785714285714286,0.05714285714285715,0.1785714285714286
0.08942307692307692,0.1751708984375,0.25390625,0.05,0.0,0.0,0.07500000000000001,0.007142857142857143,0.007142857142857143,0.03571428571428571,0.35000000000000003,0.0,0.0,0.19999999999999998,0.1785714285714286,0.0642857142857143,0.1785714285714286
0.09038461538461538,0.1767578125,0.255859375,0.05,0.0,0.0,0.07500000000000001,0.007142857142857143,0.007142857142857143,0.03571428571428571,0.37500000000000006,0.0,0.0,0.19999999999999998,0.1785714285714286,0.0642857142857143,0.1785714285714286
0.09134615384615387,0.17822265625,0.258056640625,0.05,0.0,0.0,0.07500000000000001,0.007142857142857143,0.007142857142857143,0.03571428571428571,0.37500000000000006,0.0,0.0,0.19999999999999998,0.18571428571428575,0.0642857142857143,0.1785714285714286
0.09230769230769233,0.1796875,0.259765625,0.05,0.0,0.0,0.07500000000000001,0.007142857142857143,0.007142857142857143,0.03571428571428571,0.37500000000000006,0.0,0.0,0.19999999999999998,0.18571428571428575,0.0642857142857143,0.18571428571428575
0.09326923076923078,0.18115234375,0.26171875,0.05,0.0,0.0,0.07500000000000001,0.007142857142857143,0.007142857142857143,0.03571428571428571,0.37500000000000006,0.0,0.0,0.19999999999999998,0.18571428571428575,0.07142857142857144,0.18571428571428575
0.09423076923076924,0.1824951171875,0.263671875,0.05,0.0,0.0,0.07500000000000001,0.007142857142857143,0.007142857142857143,0.03571428571428571,0.37500000000000006,0.0,0.0,0.19999999999999998,0.18571428571428575,0.07142857142857144,0.1928571428571429
0.09519230769230771,0.1839599609375,0.265625,0.05,0.0,0.0,0.07500000000000001,0.007142857142857143,0.007142857142857143,0.03571428571428571,0.37500000000000006,0.0,0.0,0.19999999999999998,0.18571428571428575,0.07857142857142858,0.1928571428571429
0.09615384615384617,0.1854248046875,0.26806640625,0.05,0.0,0.0,0.07500000000000001,0.007142857142857143,0.007142857142857143,0.03571428571428571,0.37500000000000006,0.0,0.0,0.19999999999999998,0.18571428571428575,0.07857142857142858,0.20000000000000004
0.09711538461538463,0.1868896484375,0.269775390625,0.05,0.0,0.0,0.07500000000000001,0.007142857142857143,0.007142857142857143,0.03571428571428571,0.37500000000000006,0.0,0.0,0.19999999999999998,0.1928571428571429,0.07857142857142858,0.20000000000000004
0.09807692307692309,0.1884765625,0.271728515625,0.05,0.0,0.0,0.1,0.007142857142857143,0.007142857142857143,0.03571428571428571,0.37500000000000006,0.0,0.0,0.19999999999999998,0.1928571428571429,0.07857142857142858,0.20000000000000004
0.09903846153846155,0.1900634765625,0.273681640625,0.05,0.0,0.0,0.1,0.007142857142857143,0.007142857142857143,0.03571428571428571,0.4000000000000001,0.0,0.0,0.19999999999999998,0.1928571428571429,0.07857142857142858,0.20000000000000004
0.10000000000000002,0.1915283203125,0.275146484375,0.05,0.0,0.0,0.1,0.007142857142857143,0.007142857142857143,0.03571428571428571,0.4000000000000001,0.1,0.0,0.19999999999999998,0.1928571428571429,0.07857142857142858,0.20000000000000004
0.10096153846153848,0.193115234375,0.27734375,0.05,0.0,0.0,0.1,0.007142857142857143,0.007142857142857143,0.03571428571428571,0.4000000000000001,0.1,0.0,0.19999999999999998,0.20000000000000004,0.07857142857142858,0.20000000000000004
0.10192307692307694,0.1944580078125,0.279541015625,0.05,0.0,0.0,0.1,0.007142857142857143,0.007142857142857143,0.03571428571428571,0.4000000000000001,0.1,0.0,0.19999999999999998,0.20714285714285718,0.07857142857142858,0.20000000000000004
0.1028846153846154,0.1959228515625,0.28125,0.05,0.0,0.0,0.1,0.007142857142857143,0.007142857142857143,0.03571428571428571,0.4250000000000001,0.1,0.0,0.19999999999999998,0.20714285714285718,0.07857142857142858,0.20000000000000004
0.10384615384615385,0.197509765625,0.283447265625,0.05,0.0,0.0,0.1,0.007142857142857143,0.007142857142857143,0.03571428571428571,0.4250000000000001,0.1,0.0,0.22499999999999998,0.20714285714285718,0.07857142857142858,0.20000000000000004
0.10480769230769231,0.1990966796875,0.285400390625,0.05,0.0,0.0,0.1,0.007142857142857143,0.007142857142857143,0.03571428571428571,0.4250000000000001,0.1,0.0,0.22499999999999998,0.21428571428571433,0.07857142857142858,0.20000000000000004
0.10576923076923078,0.2005615234375,0.287353515625,0.05,0.0,0.0,0.1,0.007142857142857143,0.007142857142857143,0.04285714285714286,0.4250000000000001,0.1,0.0,0.22499999999999998,0.21428571428571433,0.07857142857142858,0.20000000000000004
0.10673076923076924,0.2020263671875,0.288818359375,0.05,0.0,0.0,0.1,0.007142857142857143,0.007142857142857143,0.04285714285714286,0.4250000000000001,0.1,0.0,0.22499999999999998,0.21428571428571433,0.08571428571428573,0.20000000000000004
0.1076923076923077,0.2034912109375,0.290771484375,0.05,0.0,0.0,0.1,0.007142857142857143,0.007142857142857143,0.04285714285714286,0.4250000000000001,0.1,0.0,0.22499999999999998,0.21428571428571433,0.08571428571428573,0.20714285714285718
0.10865384615384616,0.204833984375,0.29248046875,0.05,0.0,0.0,0.1,0.007142857142857143,0.007142857142857143,0.04285714285714286,0.4250000000000001,0.1,0.0,0.22499999999999998,0.21428571428571433,0.08571428571428573,0.21428571428571433
0.10961538461538464,0.206298828125,0.29443359375,0.05,0.0,0.0,0.1,0.007142857142857143,0.007142857142857143,0.04285714285714286,0.4250000000000001,0.1,0.0,0.22499999999999998,0.22142857142857147,0.08571428571428573,0.21428571428571433
0.11057692307692311,0.2076416015625,0.29638671875,0.05,0.0,0.0,0.1,0.007142857142857143,0.007142857142857143,0.04285714285714286,0.4250000000000001,0.1,0.0,0.22499999999999998,0.22142857142857147,0.08571428571428573,0.22142857142857147
0.11153846153846156,0.2091064453125,0.2978515625,0.05,0.0,0.0,0.1,0.007142857142857143,0.007142857142857143,0.04285714285714286,0.4250000000000001,0.1,0.0,0.22499999999999998,0.22857142857142862,0.08571428571428573,0.22142857142857147
0.11250000000000003,0.2105712890625,0.2998046875,0.05,0.0,0.0,0.1,0.007142857142857143,0.007142857142857143,0.04285714285714286,0.4250000000000001,0.1,0.0,0.22499999999999998,0.22857142857142862,0.09285714285714287,0.22142857142857147
0.11346153846153847,0.2119140625,0.3017578125,0.05,0.0,0.0,0.1,0.007142857142857143,0.007142857142857143,0.04285714285714286,0.4250000000000001,0.1,0.0,0.22499999999999998,0.22857142857142862,0.10000000000000002,0.22142857142857147
0.11442307692307695,0.2132568359375,0.30322265625,0.05,0.0,0.0,0.1,0.007142857142857143,0.007142857142857143,0.04285714285714286,0.4250000000000001,0.1,0.0,0.22499999999999998,0.22857142857142862,0.10714285714285716,0.22142857142857147
0.11538461538461539,0.2147216796875,0.30517578125,0.05,0.0,0.0,0.1,0.007142857142857143,0.007142857142857143,0.04285714285714286,0.4250000000000001,0.1,0.0,0.22499999999999998,0.22857142857142862,0.11428571428571431,0.22142857142857147
0.11634615384615386,0.2161865234375,0.307373046875,0.05,0.0,0.0,0.1,0.007142857142857143,0.007142857142857143,0.04285714285714286,0.4250000000000001,0.1,0.0,0.22499999999999998,0.22857142857142862,0.12142857142857146,0.22142857142857147
0.11730769230769234,0.2176513671875,0.308837890625,0.05,0.0,0.0,0.1,0.007142857142857143,0.007142857142857143,0.04285714285714286,0.4250000000000001,0.1,0.0,0.22499999999999998,0.22857142857142862,0.12142857142857146,0.22857142857142862
0.1182692307692308,0.218994140625,0.310546875,0.05,0.0,0.0,0.1,0.007142857142857143,0.007142857142857143,0.04285714285714286,0.4250000000000001,0.1,0.0,0.22499999999999998,0.22857142857142862,0.12142857142857146,0.23571428571428577
0.11923076923076925,0.2203369140625,0.3125,0.05,0.0,0.0,0.1,0.007142857142857143,0.007142857142857143,0.04285714285714286,0.4250000000000001,0.1,0.0,0.22499999999999998,0.22857142857142862,0.12142857142857146,0.2428571428571429
0.12019230769230771,0.221923828125,0.315185546875,0.07500000000000001,0.0,0.0,0.1,0.007142857142857143,0.007142857142857143,0.04285714285714286,0.4250000000000001,0.1,0.0,0.22499999999999998,0.22857142857142862,0.12142857142857146,0.2428571428571429
0.12115384615384617,0.223388671875,0.31689453125,0.07500000000000001,0.0,0.0,0.1,0.007142857142857143,0.007142857142857143,0.04285714285714286,0.4250000000000001,0.1,0.0,0.22499999999999998,0.23571428571428577,0.12142857142857146,0.2428571428571429
0.12211538461538464,0.2247314453125,0.31884765625,0.07500000000000001,0.0,0.0,0.1,0.007142857142857143,0.007142857142857143,0.04285714285714286,0.4250000000000001,0.1,0.0,0.22499999999999998,0.2428571428571429,0.12142857142857146,0.2428571428571429
0.12307692307692311,0.2261962890625,0.320556640625,0.07500000000000001,0.0,0.0,0.1,0.007142857142857143,0.007142857142857143,0.04285714285714286,0.4250000000000001,0.1,0.0,0.22499999999999998,0.2428571428571429,0.12142857142857146,0.25000000000000006
0.12403846153846156,0.2276611328125,0.32275390625,0.07500000000000001,0.0,0.0,0.1,0.007142857142857143,0.007142857142857143,0.04285714285714286,0.4250000000000001,0.1,0.0,0.22499999999999998,0.2428571428571429,0.12142857142857146,0.2571428571428572
0.12500000000000003,0.2291259765625,0.32470703125,0.07500000000000001,0.0,0.0,0.1,0.007142857142857143,0.007142857142857143,0.04285714285714286,0.4250000000000001,0.1,0.0,0.22499999999999998,0.25000000000000006,0.12142857142857146,0.2571428571428572
0.12596153846153849,0.23046875,0.32666015625,0.07500000000000001,0.0,0.0,0.1,0.007142857142857143,0.007142857142857143,0.04285714285714286,0.4250000000000001,0.1,0.0,0.22499999999999998,0.2571428571428572,0.12142857142857146,0.2571428571428572
0.12692307692307694,0.23193359375,0.328125,0.07500000000000001,0.0,0.0,0.1,0.007142857142857143,0.007142857142857143,0.04285714285714286,0.4250000000000001,0.1,0.0,0.22499999999999998,0.2642857142857143,0.12142857142857146,0.2571428571428572
0.1278846153846154,0.2332763671875,0.330810546875,0.07500000000000001,0.0,0.0,0.1,0.007142857142857143,0.007142857142857143,0.04285714285714286,0.4250000000000001,0.1,0.0,0.22499999999999998,0.2714285714285714,0.12142857142857146,0.2571428571428572
0.12884615384615386,0.2347412109375,0.332763671875,0.07500000000000001,0.0,0.0,0.1,0.007142857142857143,0.007142857142857143,0.04285714285714286,0.4500000000000001,0.1,0.0,0.22499999999999998,0.2714285714285714,0.12142857142857146,0.2571428571428572
0.12980769230769232,0.2362060546875,0.3349609375,0.07500000000000001,0.0,0.0,0.1,0.007142857142857143,0.007142857142857143,0.04285714285714286,0.4500000000000001,0.1,0.0,0.22499999999999998,0.2785714285714285,0.12142857142857146,0.2571428571428572
0.13076923076923078,0.2376708984375,0.337158203125,0.07500000000000001,0.0,0.0,0.1,0.007142857142857143,0.007142857142857143,0.04285714285714286,0.4500000000000001,0.1,0.0,0.22499999999999998,0.2785714285714285,0.12142857142857146,0.2642857142857143
0.13173076923076926,0.2391357421875,0.33837890625,0.07500000000000001,0.0,0.0,0.125,0.007142857142857143,0.007142857142857143,0.04285714285714286,0.4500000000000001,0.1,0.0,0.22499999999999998,0.2785714285714285,0.12142857142857146,0.2642857142857143
0.1326923076923077,0.2406005859375,0.340576171875,0.07500000000000001,0.0,0.0,0.125,0.007142857142857143,0.007142857142857143,0.05,0.4500000000000001,0.1,0.0,0.22499999999999998,0.2785714285714285,0.12142857142857146,0.2642857142857143
0.13365384615384618,0.2420654296875,0.3427734375,0.07500000000000001,0.0,0.0,0.125,0.007142857142857143,0.007142857142857143,0.05,0.47500000000000014,0.1,0.0,0.22499999999999998,0.2785714285714285,0.12142857142857146,0.2642857142857143
0.1346153846153846,0.2435302734375,0.3447265625,0.07500000000000001,0.0,0.0,0.125,0.007142857142857143,0.007142857142857143,0.05,0.47500000000000014,0.1,0.0,0.22499999999999998,0.2785714285714285,0.12142857142857146,0.2714285714285714
0.1355769230769231,0.244873046875,0.346435546875,0.07500000000000001,0.0,0.0,0.125,0.007142857142857143,0.007142857142857143,0.05,0.47500000000000014,0.1,0.0,0.22499999999999998,0.2785714285714285,0.12142857142857146,0.2785714285714285
0.13653846153846155,0.2464599609375,0.348388671875,0.07500000000000001,0.0,0.0,0.125,0.007142857142857143,0.007142857142857143,0.05714285714285715,0.47500000000000014,0.1,0.0,0.22499999999999998,0.2785714285714285,0.12142857142857146,0.2785714285714285
0.1375,0.2479248046875,0.3505859375,0.07500000000000001,0.0,0.0,0.125,0.007142857142857143,0.007142857142857143,0.05714285714285715,0.47500000000000014,0.1,0.0,0.22499999999999998,0.2785714285714285,0.1285714285714286,0.2785714285714285
0.13846153846153844,0.2493896484375,0.35205078125,0.07500000000000001,0.0,0.0,0.125,0.007142857142857143,0.007142857142857143,0.05714285714285715,0.47500000000000014,0.1,0.0,0.24999999999999997,0.2785714285714285,0.1285714285714286,0.2785714285714285
0.13942307692307693,0.2509765625,0.353759765625,0.1,0.0,0.0,0.125,0.007142857142857143,0.007142857142857143,0.05714285714285715,0.47500000000000014,0.1,0.0,0.24999999999999997,0.2785714285714285,0.1285714285714286,0.2785714285714285
0.14038461538461539,0.25244140625,0.35595703125,0.1,0.0,0.0,0.125,0.007142857142857143,0.007142857142857143,0.05714285714285715,0.47500000000000014,0.1,0.0,0.24999999999999997,0.2785714285714285,0.13571428571428573,0.2785714285714285
0.14134615384615384,0.25390625,0.3583984375,0.1,0.0,0.0,0.125,0.007142857142857143,0.007142857142857143,0.05714285714285715,0.47500000000000014,0.1,0.0,0.24999999999999997,0.2785714285714285,0.14285714285714288,0.2785714285714285
0.14230769230769227,0.255615234375,0.35986328125,0.1,0.0,0.0,0.125,0.007142857142857143,0.007142857142857143,0.0642857142857143,0.47500000000000014,0.1,0.0,0.24999999999999997,0.2785714285714285,0.14285714285714288,0.2785714285714285
0.14326923076923076,0.257080078125,0.3623046875,0.1,0.0,0.0,0.125,0.007142857142857143,0.007142857142857143,0.0642857142857143,0.5000000000000001,0.1,0.0,0.24999999999999997,0.2785714285714285,0.14285714285714288,0.2785714285714285
0.14423076923076922,0.258544921875,0.364501953125,0.1,0.0,0.0,0.125,0.007142857142857143,0.007142857142857143,0.0642857142857143,0.5000000000000001,0.1,0.0,0.24999999999999997,0.2785714285714285,0.15000000000000002,0.2785714285714285
0.14519230769230768,0.260009765625,0.36572265625,0.1,0.0,0.0,0.125,0.007142857142857143,0.007142857142857143,0.0642857142857143,0.5000000000000001,0.1,0.0,0.24999999999999997,0.28571428571428564,0.15000000000000002,0.2785714285714285
0.14615384615384613,0.261474609375,0.3681640625,0.1,0.0,0.0,0.125,0.007142857142857143,0.007142857142857143,0.0642857142857143,0.5000000000000001,0.1,0.0,0.24999999999999997,0.29285714285714276,0.15000000000000002,0.2785714285714285
0.14711538461538462,0.262939453125,0.369873046875,0.1,0.0,0.0,0.125,0.007142857142857143,0.007142857142857143,0.07142857142857144,0.5000000000000001,0.1,0.0,0.24999999999999997,0.29285714285714276,0.15000000000000002,0.2785714285714285
0.14807692307692305,0.264404296875,0.371826171875,0.1,0.0,0.0,0.125,0.007142857142857143,0.007142857142857143,0.07142857142857144,0.5250000000000001,0.1,0.0,0.24999999999999997,0.29285714285714276,0.15000000000000002,0.2785714285714285
0.14903846153846154,0.265869140625,0.3740234375,0.1,0.0,0.0,0.125,0.007142857142857143,0.007142857142857143,0.07142857142857144,0.5250000000000001,0.1,0.0,0.24999999999999997,0.29285714285714276,0.15000000000000002,0.28571428571428564
0.14999999999999997,0.267333984375,0.375244140625,0.1,0.0,0.0,0.125,0.007142857142857143,0.007142857142857143,0.07142857142857144,0.5250000000000001,0.1,0.0,0.24999999999999997,0.29285714285714276,0.15000000000000002,0.29285714285714276
0.15096153846153845,0.2685546875,0.37744140625,0.1,0.0,0.0,0.125,0.007142857142857143,0.007142857142857143,0.07142857142857144,0.5250000000000001,0.1,0.0,0.24999999999999997,0.29285714285714276,0.15000000000000002,0.2999999999999999
0.15192307692307694,0.27001953125,0.379150390625,0.1,0.0,0.0,0.125,0.007142857142857143,0.007142857142857143,0.07142857142857144,0.5250000000000001,0.1,0.0,0.24999999999999997,0.2999999999999999,0.15000000000000002,0.2999999999999999
0.15288461538461537,0.271484375,0.381591796875,0.1,0.0,0.0,0.125,0.007142857142857143,0.007142857142857143,0.07142857142857144,0.5250000000000001,0.1,0.0,0.24999999999999997,0.307142857142857,0.15000000000000002,0.2999999999999999
0.1538461538461538,0.272705078125,0.383544921875,0.1,0.0,0.0,0.125,0.007142857142857143,0.007142857142857143,0.07142857142857144,0.5250000000000001,0.1,0.0,0.24999999999999997,0.307142857142857,0.15000000000000002,0.307142857142857
0.15480769230769229,0.274169921875,0.38525390625,0.1,0.0,0.0,0.125,0.007142857142857143,0.007142857142857143,0.07142857142857144,0.5250000000000001,0.1,0.0,0.24999999999999997,0.3142857142857141,0.15000000000000002,0.307142857142857
0.15576923076923072,0.275634765625,0.38720703125,0.1,0.0,0.0,0.125,0.007142857142857143,0.007142857142857143,0.07142857142857144,0.5250000000000001,0.1,0.0,0.24999999999999997,0.32142857142857123,0.15000000000000002,0.307142857142857
0.1567307692307692,0.27685546875,0.388916015625,0.1,0.0,0.0,0.125,0.007142857142857143,0.007142857142857143,0.07142857142857144,0.5250000000000001,0.1,0.0,0.24999999999999997,0.32142857142857123,0.15000000000000002,0.3142857142857141
0.1576923076923077,0.2783203125,0.390625,0.1,0.0,0.0,0.125,0.007142857142857143,0.007142857142857143,0.07142857142857144,0.5250000000000001,0.1,0.0,0.24999999999999997,0.32857142857142835,0.15000000000000002,0.3142857142857141
0.15865384615384612,0.27978515625,0.392333984375,0.1,0.0,0.0,0.15,0.007142857142857143,0.007142857142857143,0.07142857142857144,0.5250000000000001,0.1,0.0,0.24999999999999997,0.32857142857142835,0.15000000000000002,0.3142857142857141
0.15961538461538455,0.28125,0.39453125,0.1,0.0,0.0,0.15,0.007142857142857143,0.007142857142857143,0.07142857142857144,0.5250000000000001,0.1,0.0,0.24999999999999997,0.32857142857142835,0.15714285714285717,0.3142857142857141
0.16057692307692303,0.28271484375,0.395751953125,0.1,0.0,0.0,0.15,0.007142857142857143,0.007142857142857143,0.07142857142857144,0.5250000000000001,0.1,0.0,0.24999999999999997,0.33571428571428547,0.15714285714285717,0.3142857142857141
0.16153846153846146,0.283935546875,0.397216796875,0.1,0.0,0.0,0.15,0.007142857142857143,0.007142857142857143,0.07142857142857144,0.5250000000000001,0.1,0.0,0.24999999999999997,0.3428571428571426,0.15714285714285717,0.3142857142857141
0.16249999999999995,0.285400390625,0.399658203125,0.1,0.0,0.0,0.15,0.007142857142857143,0.007142857142857143,0.07142857142857144,0.5250000000000001,0.1,0.0,0.24999999999999997,0.3499999999999997,0.15714285714285717,0.3142857142857141
0.16346153846153838,0.286865234375,0.40087890625,0.1,0.0,0.0,0.15,0.007142857142857143,0.007142857142857143,0.07142857142857144,0.5250000000000001,0.1,0.0,0.24999999999999997,0.3571428571428568,0.15714285714285717,0.3142857142857141
0.16442307692307684,0.2880859375,0.4033203125,0.1,0.0,0.0,0.15,0.007142857142857143,0.007142857142857143,0.07142857142857144,0.5250000000000001,0.1,0.0,0.24999999999999997,0.3571428571428568,0.15714285714285717,0.32142857142857123
0.1653846153846153,0.28955078125,0.404541015625,0.1,0.0,0.0,0.15,0.007142857142857143,0.007142857142857143,0.07142857142857144,0.5250000000000001,0.1,0.0,0.24999999999999997,0.3571428571428568,0.1642857142857143,0.32142857142857123
0.16634615384615378,0.290771484375,0.406982421875,0.1,0.0,0.0,0.15,0.007142857142857143,0.007142857142857143,0.07142857142857144,0.5250000000000001,0.1,0.0,0.24999999999999997,0.3571428571428568,0.1642857142857143,0.32857142857142835
0.16730769230769227,0.292236328125,0.40869140625,0.1,0.0,0.0,0.15,0.007142857142857143,0.007142857142857143,0.07142857142857144,0.5250000000000001,0.1,0.0,0.24999999999999997,0.36428571428571394,0.1642857142857143,0.32857142857142835
0.1682692307692307,0.293701171875,0.410888671875,0.1,0.0,0.0,0.15,0.007142857142857143,0.007142857142857143,0.07142857142857144,0.5250000000000001,0.1,0.0,0.24999999999999997,0.36428571428571394,0.17142857142857146,0.32857142857142835
0.16923076923076918,0.294921875,0.412109375,0.1,0.0,0.0,0.15,0.007142857142857143,0.007142857142857143,0.07142857142857144,0.5250000000000001,0.1,0.0,0.24999999999999997,0.36428571428571394,0.1785714285714286,0.32857142857142835
0.17019230769230762,0.29638671875,0.413818359375,0.1,0.0,0.0,0.15,0.007142857142857143,0.007142857142857143,0.07857142857142858,0.5250000000000001,0.1,0.0,0.24999999999999997,0.36428571428571394,0.1785714285714286,0.32857142857142835
0.1711538461538461,0.2978515625,0.415771484375,0.1,0.0,0.0,0.15,0.007142857142857143,0.007142857142857143,0.07857142857142858,0.5250000000000001,0.1,0.0,0.27499999999999997,0.36428571428571394,0.1785714285714286,0.32857142857142835
0.17211538461538456,0.29931640625,0.417724609375,0.1,0.0,0.0,0.15,0.007142857142857143,0.007142857142857143,0.07857142857142858,0.5250000000000001,0.1,0.0,0.27499999999999997,0.36428571428571394,0.18571428571428575,0.32857142857142835
0.17307692307692302,0.30078125,0.4189453125,0.1,0.0,0.0,0.15,0.007142857142857143,0.007142857142857143,0.08571428571428573,0.5250000000000001,0.1,0.0,0.27499999999999997,0.36428571428571394,0.18571428571428575,0.32857142857142835
0.17403846153846148,0.30224609375,0.421142578125,0.1,0.0,0.0,0.15,0.007142857142857143,0.007142857142857143,0.08571428571428573,0.5250000000000001,0.1,0.0,0.27499999999999997,0.37142857142857105,0.18571428571428575,0.32857142857142835
0.17499999999999993,0.3037109375,0.4228515625,0.1,0.0,0.0,0.15,0.007142857142857143,0.007142857142857143,0.08571428571428573,0.5250000000000001,0.1,0.0,0.27499999999999997,0.37857142857142817,0.18571428571428575,0.32857142857142835
0.1759615384615384,0.30517578125,0.425048828125,0.1,0.0,0.0,0.15,0.007142857142857143,0.007142857142857143,0.08571428571428573,0.5500000000000002,0.1,0.0,0.27499999999999997,0.37857142857142817,0.18571428571428575,0.32857142857142835
0.17692307692307688,0.306640625,0.4267578125,0.1,0.0,0.0,0.15,0.007142857142857143,0.007142857142857143,0.08571428571428573,0.5500000000000002,0.1,0.0,0.27499999999999997,0.3857142857142853,0.18571428571428575,0.32857142857142835
0.1778846153846153,0.30810546875,0.42822265625,0.1,0.0,0.0,0.15,0.007142857142857143,0.007142857142857143,0.08571428571428573,0.5750000000000002,0.1,0.0,0.27499999999999997,0.3857142857142853,0.18571428571428575,0.32857142857142835
0.1788461538461538,0.3095703125,0.4296875,0.1,0.0,0.0,0.15,0.007142857142857143,0.007142857142857143,0.08571428571428573,0.5750000000000002,0.1,0.0,0.27499999999999997,0.3928571428571424,0.18571428571428575,0.32857142857142835
0.17980769230769222,0.310791015625,0.431640625,0.1,0.0,0.0,0.15,0.007142857142857143,0.007142857142857143,0.08571428571428573,0.5750000000000002,0.1,0.0,0.27499999999999997,0.3928571428571424,0.1928571428571429,0.32857142857142835
0.1807692307692307,0.312255859375,0.433349609375,0.1,0.0,0.0,0.15,0.007142857142857143,0.007142857142857143,0.08571428571428573,0.5750000000000002,0.1,0.0,0.27499999999999997,0.3928571428571424,0.20000000000000004,0.32857142857142835
0.18173076923076914,0.3134765625,0.434814453125,0.1,0.0,0.0,0.15,0.007142857142857143,0.007142857142857143,0.08571428571428573,0.5750000000000002,0.1,0.0,0.27499999999999997,0.3928571428571424,0.20714285714285718,0.32857142857142835
0.1826923076923076,0.31494140625,0.43701171875,0.1,0.0,0.0,0.15,0.007142857142857143,0.007142857142857143,0.08571428571428573,0.5750000000000002,0.1,0.0,0.27499999999999997,0.3999999999999995,0.20714285714285718,0.32857142857142835
0.18365384615384606,0.31640625,0.438720703125,0.1,0.0,0.0,0.15,0.007142857142857143,0.007142857142857143,0.08571428571428573,0.5750000000000002,0.1,0.0,0.27499999999999997,0.40714285714285664,0.20714285714285718,0.32857142857142835
0.18461538461538451,0.31787109375,0.44091796875,0.1,0.0,0.0,0.15,0.007142857142857143,0.007142857142857143,0.08571428571428573,0.5750000000000002,0.1,0.0,0.27499999999999997,0.41428571428571376,0.20714285714285718,0.32857142857142835
0.18557692307692297,0.3193359375,0.442626953125,0.1,0.0,0.0,0.15,0.007142857142857143,0.007142857142857143,0.08571428571428573,0.5750000000000002,0.1,0.0,0.27499999999999997,0.41428571428571376,0.21428571428571433,0.32857142857142835
0.18653846153846143,0.320556640625,0.444091796875,0.1,0.0,0.0,0.15,0.007142857142857143,0.007142857142857143,0.08571428571428573,0.5750000000000002,0.1,0.0,0.27499999999999997,0.41428571428571376,0.21428571428571433,0.33571428571428547
0.1874999999999999,0.322021484375,0.4462890625,0.1,0.0,0.0,0.15,0.007142857142857143,0.007142857142857143,0.08571428571428573,0.5750000000000002,0.1,0.0,0.27499999999999997,0.41428571428571376,0.22142857142857147,0.33571428571428547
0.18846153846153837,0.3232421875,0.447998046875,0.1,0.0,0.0,0.15,0.007142857142857143,0.007142857142857143,0.08571428571428573,0.5750000000000002,0.1,0.0,0.27499999999999997,0.41428571428571376,0.22142857142857147,0.3428571428571426
0.18942307692307686,0.32470703125,0.44921875,0.1,0.0,0.0,0.15,0.007142857142857143,0.007142857142857143,0.08571428571428573,0.5750000000000002,0.1,0.0,0.27499999999999997,0.4214285714285709,0.22142857142857147,0.3428571428571426
0.1903846153846153,0.326171875,0.45166015625,0.1,0.0,0.0,0.15,0.007142857142857143,0.007142857142857143,0.08571428571428573,0.5750000000000002,0.1,0.0,0.27499999999999997,0.4214285714285709,0.22857142857142862,0.3428571428571426
0.19134615384615372,0.32763671875,0.453125,0.1,0.0,0.0,0.15,0.007142857142857143,0.007142857142857143,0.08571428571428573,0.6000000000000002,0.1,0.0,0.27499999999999997,0.4214285714285709,0.22857142857142862,0.3428571428571426
0.1923076923076922,0.3291015625,0.454833984375,0.1,0.0,0.0,0.15,0.007142857142857143,0.007142857142857143,0.08571428571428573,0.6000000000000002,0.1,0.0,0.27499999999999997,0.428571428571428,0.22857142857142862,0.3428571428571426
0.19326923076923064,0.33056640625,0.456298828125,0.1,0.0,0.0,0.15,0.007142857142857143,0.007142857142857143,0.08571428571428573,0.6000000000000002,0.1,0.0,0.27499999999999997,0.4357142857142851,0.22857142857142862,0.3428571428571426
0.19423076923076912,0.33203125,0.458740234375,0.1,0.0,0.0,0.15,0.007142857142857143,0.007142857142857143,0.08571428571428573,0.6000000000000002,0.1,0.0,0.27499999999999997,0.4428571428571422,0.22857142857142862,0.3428571428571426
0.1951923076923076,0.333251953125,0.4599609375,0.1,0.0,0.0,0.15,0.007142857142857143,0.007142857142857143,0.08571428571428573,0.6000000000000002,0.1,0.0,0.27499999999999997,0.4428571428571422,0.22857142857142862,0.3499999999999997
0.19615384615384604,0.33447265625,0.46142578125,0.1,0.0,0.0,0.15,0.007142857142857143,0.007142857142857143,0.08571428571428573,0.6000000000000002,0.1,0.0,0.27499999999999997,0.4428571428571422,0.22857142857142862,0.3571428571428568
0.19711538461538453,0.3359375,0.464111328125,0.1,0.0,0.0,0.175,0.007142857142857143,0.007142857142857143,0.08571428571428573,0.6000000000000002,0.1,0.0,0.27499999999999997,0.4428571428571422,0.22857142857142862,0.3571428571428568
0.19807692307692296,0.33740234375,0.46533203125,0.1,0.0,0.0,0.175,0.007142857142857143,0.007142857142857143,0.08571428571428573,0.6000000000000002,0.1,0.0,0.27499999999999997,0.4428571428571422,0.22857142857142862,0.36428571428571394
0.19903846153846144,0.338623046875,0.46728515625,0.1,0.0,0.0,0.175,0.007142857142857143,0.007142857142857143,0.08571428571428573,0.6000000000000002,0.1,0.0,0.27499999999999997,0.4428571428571422,0.22857142857142862,0.37142857142857105
0.19999999999999987,0.340087890625,0.469482421875,0.1,0.0,0.0,0.175,0.007142857142857143,0.007142857142857143,0.09285714285714287,0.6000000000000002,0.1,0.0,0.27499999999999997,0.4428571428571422,0.22857142857142862,0.37142857142857105
0.20096153846153836,0.341552734375,0.47119140625,0.1,0.0,0.0,0.175,0.007142857142857143,0.007142857142857143,0.09285714285714287,0.6000000000000002,0.1,0.0,0.27499999999999997,0.4428571428571422,0.22857142857142862,0.37857142857142817
0.2019230769230768,0.3427734375,0.47265625,0.1,0.0,0.0,0.175,0.007142857142857143,0.007142857142857143,0.09285714285714287,0.6000000000000002,0.1,0.0,0.27499999999999997,0.4428571428571422,0.22857142857142862,0.3857142857142853
0.20288461538461527,0.34423828125,0.47509765625,0.1,0.0,0.0,0.175,0.007142857142857143,0.007142857142857143,0.09285714285714287,0.6000000000000002,0.1,0.0,0.27499999999999997,0.44999999999999934,0.22857142857142862,0.3857142857142853
0.20384615384615373,0.345703125,0.4765625,0.1,0.0,0.0,0.175,0.007142857142857143,0.007142857142857143,0.09285714285714287,0.6000000000000002,0.1,0.0,0.27499999999999997,0.44999999999999934,0.22857142857142862,0.3928571428571424
0.2048076923076922,0.346923828125,0.47802734375,0.1,0.0,0.0,0.175,0.007142857142857143,0.007142857142857143,0.09285714285714287,0.6000000000000002,0.1,0.0,0.27499999999999997,0.44999999999999934,0.22857142857142862,0.3999999999999995
0.20576923076923065,0.348388671875,0.4794921875,0.1,0.0,0.0,0.175,0.007142857142857143,0.007142857142857143,0.09285714285714287,0.6000000000000002,0.1,0.0,0.3,0.44999999999999934,0.22857142857142862,0.3999999999999995
0.2067307692307691,0.349853515625,0.48193359375,0.1,0.0,0.0,0.175,0.007142857142857143,0.007142857142857143,0.09285714285714287,0.6000000000000002,0.1,0.0,0.3,0.45714285714285646,0.22857142857142862,0.3999999999999995
0.20769230769230757,0.351318359375,0.4833984375,0.1,0.0,0.0,0.175,0.007142857142857143,0.007142857142857143,0.09285714285714287,0.6000000000000002,0.1,0.0,0.3,0.45714285714285646,0.23571428571428577,0.3999999999999995
0.20865384615384605,0.352783203125,0.486083984375,0.1,0.0,0.0,0.175,0.007142857142857143,0.007142857142857143,0.09285714285714287,0.6000000000000002,0.1,0.0,0.3,0.45714285714285646,0.2428571428571429,0.3999999999999995
0.20961538461538448,0.35400390625,0.487548828125,0.1,0.0,0.0,0.175,0.007142857142857143,0.007142857142857143,0.09285714285714287,0.6000000000000002,0.1,0.0,0.3,0.45714285714285646,0.2428571428571429,0.40714285714285664
0.21057692307692294,0.35546875,0.489501953125,0.1,0.0,0.0,0.175,0.007142857142857143,0.007142857142857143,0.09285714285714287,0.6250000000000002,0.1,0.0,0.3,0.45714285714285646,0.2428571428571429,0.40714285714285664
0.2115384615384614,0.35693359375,0.49072265625,0.1,0.0,0.0,0.175,0.007142857142857143,0.007142857142857143,0.09285714285714287,0.6250000000000002,0.1,0.0,0.3,0.45714285714285646,0.2428571428571429,0.41428571428571376
0.21249999999999988,0.3583984375,0.492919921875,0.125,0.0,0.0,0.175,0.007142857142857143,0.007142857142857143,0.09285714285714287,0.6250000000000002,0.1,0.0,0.3,0.45714285714285646,0.2428571428571429,0.41428571428571376
0.21346153846153834,0.35986328125,0.494384765625,0.125,0.0,0.0,0.175,0.007142857142857143,0.007142857142857143,0.10000000000000002,0.6250000000000002,0.1,0.0,0.3,0.45714285714285646,0.2428571428571429,0.41428571428571376
0.2144230769230768,0.361328125,0.496337890625,0.125,0.0,0.0,0.175,0.007142857142857143,0.007142857142857143,0.10000000000000002,0.6250000000000002,0.1,0.0,0.3,0.45714285714285646,0.25000000000000006,0.41428571428571376
0.21538461538461526,0.36279296875,0.497802734375,0.125,0.0,0.0,0.175,0.007142857142857143,0.007142857142857143,0.10000000000000002,0.6250000000000002,0.1,0.0,0.3,0.45714285714285646,0.2571428571428572,0.41428571428571376
0.21634615384615372,0.364013671875,0.49951171875,0.125,0.0,0.0,0.175,0.007142857142857143,0.007142857142857143,0.10000000000000002,0.6250000000000002,0.1,0.0,0.3,0.45714285714285646,0.2571428571428572,0.4214285714285709
0.21730769230769215,0.365478515625,0.501953125,0.125,0.0,0.0,0.175,0.007142857142857143,0.007142857142857143,0.10000000000000002,0.6250000000000002,0.1,0.0,0.3,0.4642857142857136,0.2571428571428572,0.4214285714285709
0.21826923076923063,0.366943359375,0.50341796875,0.125,0.0,0.0,0.175,0.007142857142857143,0.007142857142857143,0.10000000000000002,0.6250000000000002,0.1,0.0,0.3,0.4714285714285707,0.2571428571428572,0.4214285714285709
0.21923076923076906,0.368408203125,0.5048828125,0.125,0.0,0.0,0.175,0.007142857142857143,0.007142857142857143,0.10714285714285716,0.6250000000000002,0.1,0.0,0.3,0.4714285714285707,0.2571428571428572,0.4214285714285709
0.22019230769230752,0.369873046875,0.5078125,0.125,0.0,0.0,0.175,0.007142857142857143,0.007142857142857143,0.10714285714285716,0.6250000000000002,0.1,0.0,0.3,0.4714285714285707,0.2642857142857143,0.4214285714285709
0.22115384615384598,0.371337890625,0.5087890625,0.125,0.0,0.0,0.175,0.007142857142857143,0.007142857142857143,0.10714285714285716,0.6250000000000002,0.1,0.0,0.3,0.4714285714285707,0.2714285714285714,0.4214285714285709
0.22211538461538444,0.37255859375,0.51025390625,0.125,0.0,0.0,0.175,0.007142857142857143,0.007142857142857143,0.10714285714285716,0.6250000000000002,0.1,0.0,0.3,0.4714285714285707,0.2785714285714285,0.4214285714285709
0.2230769230769229,0.373779296875,0.51171875,0.125,0.0,0.0,0.175,0.007142857142857143,0.007142857142857143,0.10714285714285716,0.6250000000000002,0.1,0.0,0.3,0.4714285714285707,0.2785714285714285,0.428571428571428
0.22403846153846138,0.375244140625,0.51416015625,0.125,0.0,0.0,0.175,0.007142857142857143,0.007142857142857143,0.10714285714285716,0.6250000000000002,0.1,0.0,0.3,0.4714285714285707,0.28571428571428564,0.428571428571428
0.2249999999999998,0.376708984375,0.515625,0.125,0.0,0.0,0.175,0.007142857142857143,0.007142857142857143,0.10714285714285716,0.6250000000000002,0.1,0.0,0.3,0.4714285714285707,0.29285714285714276,0.428571428571428
0.2259615384615383,0.378173828125,0.517578125,0.15,0.0,0.0,0.175,0.007142857142857143,0.007142857142857143,0.10714285714285716,0.6250000000000002,0.1,0.0,0.3,0.4714285714285707,0.29285714285714276,0.428571428571428
0.22692307692307676,0.379638671875,0.51953125,0.15,0.0,0.0,0.175,0.007142857142857143,0.007142857142857143,0.10714285714285716,0.6250000000000002,0.1,0.0,0.3,0.4714285714285707,0.2999999999999999,0.428571428571428
0.2278846153846152,0.381103515625,0.52099609375,0.15,0.0,0.0,0.175,0.007142857142857143,0.007142857142857143,0.10714285714285716,0.6250000000000002,0.1,0.0,0.3,0.4714285714285707,0.307142857142857,0.428571428571428
0.22884615384615367,0.382568359375,0.52294921875,0.15,0.0,0.0,0.175,0.014285714285714285,0.007142857142857143,0.10714285714285716,0.6250000000000002,0.1,0.0,0.3,0.4714285714285707,0.307142857142857,0.428571428571428
0.22980769230769213,0.3837890625,0.52490234375,0.15,0.0,0.0,0.175,0.02142857142857143,0.007142857142857143,0.10714285714285716,0.6250000000000002,0.1,0.0,0.3,0.4714285714285707,0.307142857142857,0.428571428571428
0.2307692307692306,0.385009765625,0.5263671875,0.15,0.0,0.0,0.175,0.02857142857142857,0.007142857142857143,0.10714285714285716,0.6250000000000002,0.1,0.0,0.3,0.4714285714285707,0.307142857142857,0.428571428571428
0.23173076923076905,0.386474609375,0.529296875,0.15,0.0,0.0,0.175,0.03571428571428571,0.007142857142857143,0.10714285714285716,0.6250000000000002,0.1,0.0,0.3,0.4714285714285707,0.307142857142857,0.428571428571428
0.2326923076923075,0.387939453125,0.53076171875,0.15,0.0,0.0,0.175,0.04285714285714286,0.007142857142857143,0.10714285714285716,0.6250000000000002,0.1,0.0,0.3,0.4714285714285707,0.307142857142857,0.428571428571428
0.23365384615384596,0.38916015625,0.5322265625,0.15,0.0,0.0,0.175,0.04285714285714286,0.007142857142857143,0.10714285714285716,0.6250000000000002,0.1,0.0,0.3,0.4714285714285707,0.307142857142857,0.4357142857142851
0.23461538461538442,0.390625,0.53515625,0.15,0.0,0.0,0.175,0.04285714285714286,0.007142857142857143,0.10714285714285716,0.6250000000000002,0.1,0.0,0.3,0.4714285714285707,0.307142857142857,0.4428571428571422
0.23557692307692288,0.391845703125,0.53662109375,0.15,0.0,0.0,0.175,0.04285714285714286,0.007142857142857143,0.10714285714285716,0.6250000000000002,0.1,0.0,0.3,0.4714285714285707,0.307142857142857,0.44999999999999934
0.23653846153846134,0.393310546875,0.5380859375,0.15,0.0,0.0,0.175,0.04285714285714286,0.007142857142857143,0.10714285714285716,0.6500000000000002,0.1,0.0,0.3,0.4714285714285707,0.307142857142857,0.44999999999999934
0.2374999999999998,0.394775390625,0.5400390625,0.15,0.0,0.0,0.175,0.04285714285714286,0.007142857142857143,0.10714285714285716,0.6500000000000002,0.1,0.0,0.3,0.4714285714285707,0.3142857142857141,0.44999999999999934
0.23846153846153825,0.396240234375,0.5419921875,0.15,0.0,0.0,0.175,0.04285714285714286,0.007142857142857143,0.10714285714285716,0.6500000000000002,0.1,0.0,0.3,0.4714285714285707,0.32142857142857123,0.44999999999999934
0.2394230769230767,0.397705078125,0.54443359375,0.15,0.0,0.0,0.19999999999999998,0.04285714285714286,0.007142857142857143,0.10714285714285716,0.6500000000000002,0.1,0.0,0.3,0.4714285714285707,0.32142857142857123,0.44999999999999934
0.24038461538461517,0.399169921875,0.54541015625,0.15,0.0,0.0,0.19999999999999998,0.04285714285714286,0.007142857142857143,0.10714285714285716,0.6500000000000002,0.1,0.0,0.325,0.4714285714285707,0.32142857142857123,0.44999999999999934
0.24134615384615363,0.400634765625,0.54736328125,0.15,0.0,0.0,0.19999999999999998,0.04285714285714286,0.007142857142857143,0.10714285714285716,0.6500000000000002,0.1,0.0,0.325,0.4714285714285707,0.32857142857142835,0.44999999999999934
0.24230769230769209,0.402099609375,0.55029296875,0.15,0.0,0.0,0.19999999999999998,0.04285714285714286,0.007142857142857143,0.10714285714285716,0.6500000000000002,0.1,0.0,0.325,0.4714285714285707,0.32857142857142835,0.45714285714285646
0.24326923076923057,0.403564453125,0.5517578125,0.15,0.0,0.0,0.19999999999999998,0.05,0.007142857142857143,0.10714285714285716,0.6500000000000002,0.1,0.0,0.325,0.4714285714285707,0.32857142857142835,0.45714285714285646
0.244230769230769,0.405029296875,0.55322265625,0.15,0.0,0.0,0.19999999999999998,0.05,0.007142857142857143,0.10714285714285716,0.6500000000000002,0.1,0.0,0.325,0.4714285714285707,0.32857142857142835,0.4642857142857136
0.2451923076923075,0.406494140625,0.5556640625,0.15,0.0,0.0,0.19999999999999998,0.05714285714285715,0.007142857142857143,0.10714285714285716,0.6500000000000002,0.1,0.0,0.325,0.4714285714285707,0.32857142857142835,0.4642857142857136
0.24615384615384597,0.407958984375,0.5576171875,0.15,0.0,0.0,0.19999999999999998,0.05714285714285715,0.007142857142857143,0.10714285714285716,0.6500000000000002,0.1,0.0,0.325,0.4714285714285707,0.32857142857142835,0.4714285714285707
0.2471153846153844,0.4091796875,0.55908203125,0.15,0.0,0.0,0.19999999999999998,0.05714285714285715,0.007142857142857143,0.10714285714285716,0.6500000000000002,0.1,0.0,0.325,0.4714285714285707,0.32857142857142835,0.4785714285714278
0.24807692307692283,0.41064453125,0.56103515625,0.15,0.0,0.0,0.19999999999999998,0.05714285714285715,0.007142857142857143,0.10714285714285716,0.6500000000000002,0.1,0.0,0.325,0.4785714285714278,0.32857142857142835,0.4785714285714278
0.24903846153846132,0.412109375,0.5625,0.15,0.0,0.0,0.19999999999999998,0.05714285714285715,0.007142857142857143,0.10714285714285716,0.6500000000000002,0.1,0.0,0.325,0.48571428571428493,0.32857142857142835,0.4785714285714278
0.24999999999999975,0.41357421875,0.56494140625,0.15,0.0,0.0,0.19999999999999998,0.05714285714285715,0.007142857142857143,0.11428571428571431,0.6500000000000002,0.1,0.0,0.325,0.48571428571428493,0.32857142857142835,0.4785714285714278
0.25096153846153824,0.4150390625,0.56640625,0.15,0.0,0.0,0.19999999999999998,0.05714285714285715,0.007142857142857143,0.11428571428571431,0.6500000000000002,0.1,0.0,0.325,0.49285714285714205,0.32857142857142835,0.4785714285714278
0.2519230769230767,0.41650390625,0.56787109375,0.15,0.0,0.0,0.19999999999999998,0.05714285714285715,0.007142857142857143,0.12142857142857146,0.6500000000000002,0.1,0.0,0.325,0.49285714285714205,0.32857142857142835,0.4785714285714278
0.25288461538461515,0.41796875,0.5693359375,0.15,0.0,0.0,0.19999999999999998,0.05714285714285715,0.007142857142857143,0.12142857142857146,0.6500000000000002,0.1,0.0,0.325,0.49999999999999917,0.32857142857142835,0.4785714285714278
0.2538461538461536,0.41943359375,0.5712890625,0.15,0.0,0.0,0.19999999999999998,0.05714285714285715,0.007142857142857143,0.12142857142857146,0.6750000000000003,0.1,0.0,0.325,0.49999999999999917,0.32857142857142835,0.4785714285714278
0.25480769230769207,0.4208984375,0.5732421875,0.15,0.0,0.0,0.19999999999999998,0.05714285714285715,0.007142857142857143,0.12142857142857146,0.6750000000000003,0.1,0.0,0.325,0.5071428571428563,0.32857142857142835,0.4785714285714278
0.2557692307692305,0.42236328125,0.5751953125,0.15,0.0,0.0,0.19999999999999998,0.05714285714285715,0.007142857142857143,0.12142857142857146,0.6750000000000003,0.1,0.0,0.325,0.5142857142857135,0.32857142857142835,0.4785714285714278
0.25673076923076904,0.423583984375,0.5771484375,0.15,0.0,0.0,0.19999999999999998,0.05714285714285715,0.007142857142857143,0.12142857142857146,0.6750000000000003,0.1,0.0,0.325,0.5142857142857135,0.32857142857142835,0.48571428571428493
0.25769230769230744,0.425048828125,0.57861328125,0.15,0.0,0.0,0.19999999999999998,0.05714285714285715,0.007142857142857143,0.12142857142857146,0.6750000000000003,0.1,0.0,0.325,0.5214285714285706,0.32857142857142835,0.48571428571428493
0.25865384615384596,0.426513671875,0.580078125,0.15,0.0,0.0,0.19999999999999998,0.05714285714285715,0.007142857142857143,0.12142857142857146,0.6750000000000003,0.1,0.0,0.325,0.5214285714285706,0.33571428571428547,0.48571428571428493
0.25961538461538436,0.427978515625,0.58203125,0.15,0.0,0.0,0.19999999999999998,0.05714285714285715,0.007142857142857143,0.12142857142857146,0.6750000000000003,0.1,0.0,0.325,0.5214285714285706,0.3428571428571426,0.48571428571428493
0.2605769230769229,0.42919921875,0.583984375,0.15,0.0,0.0,0.19999999999999998,0.05714285714285715,0.007142857142857143,0.12142857142857146,0.6750000000000003,0.1,0.0,0.325,0.5214285714285706,0.3499999999999997,0.48571428571428493
0.2615384615384613,0.430419921875,0.58642578125,0.15,0.0,0.0,0.19999999999999998,0.05714285714285715,0.007142857142857143,0.12142857142857146,0.6750000000000003,0.1,0.0,0.325,0.5214285714285706,0.3499999999999997,0.49285714285714205
0.26249999999999973,0.431884765625,0.587890625,0.15,0.0,0.0,0.19999999999999998,0.05714285714285715,0.007142857142857143,0.12142857142857146,0.6750000000000003,0.1,0.0,0.325,0.5214285714285706,0.3571428571428568,0.49285714285714205
0.2634615384615382,0.433349609375,0.58984375,0.15,0.0,0.0,0.19999999999999998,0.05714285714285715,0.007142857142857143,0.12142857142857146,0.6750000000000003,0.1,0.0,0.325,0.5214285714285706,0.36428571428571394,0.49285714285714205
0.26442307692307665,0.434814453125,0.591796875,0.15,0.0,0.0,0.19999999999999998,0.05714285714285715,0.007142857142857143,0.1285714285714286,0.6750000000000003,0.1,0.0,0.325,0.5214285714285706,0.36428571428571394,0.49285714285714205
0.2653846153846151,0.436279296875,0.59326171875,0.15,0.0,0.0,0.19999999999999998,0.05714285714285715,0.007142857142857143,0.13571428571428573,0.6750000000000003,0.1,0.0,0.325,0.5214285714285706,0.36428571428571394,0.49285714285714205
0.2663461538461536,0.437744140625,0.59521484375,0.15,0.0,0.0,0.19999999999999998,0.05714285714285715,0.007142857142857143,0.13571428571428573,0.6750000000000003,0.1,0.0,0.325,0.5214285714285706,0.37142857142857105,0.49285714285714205
0.267307692307692,0.439208984375,0.5966796875,0.15,0.0,0.0,0.19999999999999998,0.05714285714285715,0.007142857142857143,0.13571428571428573,0.7000000000000003,0.1,0.0,0.325,0.5214285714285706,0.37142857142857105,0.49285714285714205
0.26826923076923054,0.440673828125,0.59912109375,0.15,0.0,0.0,0.19999999999999998,0.05714285714285715,0.007142857142857143,0.13571428571428573,0.7000000000000003,0.1,0.0,0.325,0.5214285714285706,0.37142857142857105,0.49999999999999917
0.26923076923076894,0.442138671875,0.6005859375,0.15,0.0,0.0,0.19999999999999998,0.05714285714285715,0.007142857142857143,0.13571428571428573,0.7000000000000003,0.1,0.0,0.325,0.5214285714285706,0.37142857142857105,0.5071428571428563
0.27019230769230745,0.443359375,0.6025390625,0.15,0.0,0.0,0.19999999999999998,0.05714285714285715,0.007142857142857143,0.13571428571428573,0.7000000000000003,0.1,0.0,0.325,0.5214285714285706,0.37142857142857105,0.5142857142857135
0.2711538461538459,0.44482421875,0.60400390625,0.15,0.0,0.0,0.19999999999999998,0.05714285714285715,0.007142857142857143,0.13571428571428573,0.7000000000000003,0.1,0.0,0.325,0.5214285714285706,0.37857142857142817,0.5142857142857135
0.27211538461538437,0.4462890625,0.60595703125,0.15,0.0,0.0,0.19999999999999998,0.05714285714285715,0.007142857142857143,0.13571428571428573,0.7000000000000003,0.1,0.0,0.325,0.5214285714285706,0.3857142857142853,0.5142857142857135
0.27307692307692283,0.44775390625,0.607421875,0.15,0.0,0.0,0.19999999999999998,0.05714285714285715,0.007142857142857143,0.13571428571428573,0.7250000000000003,0.1,0.0,0.325,0.5214285714285706,0.3857142857142853,0.5142857142857135
0.2740384615384613,0.44921875,0.609375,0.15,0.0,0.0,0.19999999999999998,0.05714285714285715,0.007142857142857143,0.13571428571428573,0.7250000000000003,0.1,0.0,0.325,0.5214285714285706,0.3928571428571424,0.5142857142857135
0.27499999999999974,0.45068359375,0.61083984375,0.15,0.0,0.0,0.19999999999999998,0.05714285714285715,0.007142857142857143,0.13571428571428573,0.7250000000000003,0.1,0.0,0.325,0.5285714285714277,0.3928571428571424,0.5142857142857135
0.2759615384615382,0.4521484375,0.61376953125,0.15,0.0,0.0,0.19999999999999998,0.05714285714285715,0.007142857142857143,0.13571428571428573,0.7250000000000003,0.1,0.0,0.325,0.5357142857142848,0.3928571428571424,0.5142857142857135
0.2769230769230766,0.45361328125,0.61474609375,0.15,0.0,0.0,0.19999999999999998,0.05714285714285715,0.007142857142857143,0.13571428571428573,0.7250000000000003,0.1,0.0,0.325,0.5428571428571419,0.3928571428571424,0.5142857142857135
0.2778846153846151,0.455078125,0.61669921875,0.15,0.0,0.0,0.22499999999999998,0.05714285714285715,0.007142857142857143,0.13571428571428573,0.7250000000000003,0.1,0.0,0.325,0.5428571428571419,0.3928571428571424,0.5142857142857135
0.2788461538461536,0.45654296875,0.619140625,0.15,0.0,0.0,0.22499999999999998,0.05714285714285715,0.007142857142857143,0.13571428571428573,0.7250000000000003,0.1,0.0,0.325,0.549999999999999,0.3928571428571424,0.5142857142857135
0.27980769230769204,0.4580078125,0.62060546875,0.15,0.0,0.0,0.22499999999999998,0.05714285714285715,0.007142857142857143,0.13571428571428573,0.7250000000000003,0.1,0.0,0.325,0.549999999999999,0.3999999999999995,0.5142857142857135
0.2807692307692305,0.45947265625,0.6220703125,0.15,0.0,0.0,0.22499999999999998,0.05714285714285715,0.007142857142857143,0.13571428571428573,0.7250000000000003,0.1,0.0,0.35000000000000003,0.549999999999999,0.3999999999999995,0.5142857142857135
0.28173076923076895,0.4609375,0.62353515625,0.15,0.0,0.0,0.22499999999999998,0.05714285714285715,0.007142857142857143,0.13571428571428573,0.7250000000000003,0.1,0.0,0.35000000000000003,0.549999999999999,0.40714285714285664,0.5142857142857135
0.28269230769230735,0.46240234375,0.62548828125,0.15,0.0,0.0,0.22499999999999998,0.05714285714285715,0.007142857142857143,0.14285714285714288,0.7250000000000003,0.1,0.0,0.35000000000000003,0.549999999999999,0.40714285714285664,0.5142857142857135
0.2836538461538458,0.4638671875,0.6279296875,0.15,0.0,0.0,0.22499999999999998,0.05714285714285715,0.007142857142857143,0.14285714285714288,0.7250000000000003,0.1,0.0,0.35000000000000003,0.549999999999999,0.40714285714285664,0.5214285714285706
0.28461538461538427,0.46533203125,0.6298828125,0.15,0.0,0.0,0.22499999999999998,0.0642857142857143,0.007142857142857143,0.14285714285714288,0.7250000000000003,0.1,0.0,0.35000000000000003,0.549999999999999,0.40714285714285664,0.5214285714285706
0.2855769230769228,0.466796875,0.63134765625,0.15,0.0,0.0,0.22499999999999998,0.0642857142857143,0.007142857142857143,0.15000000000000002,0.7250000000000003,0.1,0.0,0.35000000000000003,0.549999999999999,0.40714285714285664,0.5214285714285706
0.28653846153846124,0.46826171875,0.6328125,0.15,0.0,0.0,0.22499999999999998,0.0642857142857143,0.007142857142857143,0.15000000000000002,0.7250000000000003,0.1,0.0,0.35000000000000003,0.549999999999999,0.41428571428571376,0.5214285714285706
0.2874999999999997,0.4697265625,0.634765625,0.15,0.0,0.0,0.22499999999999998,0.0642857142857143,0.007142857142857143,0.15000000000000002,0.7250000000000003,0.1,0.0,0.35000000000000003,0.549999999999999,0.41428571428571376,0.5285714285714277
0.2884615384615382,0.470947265625,0.63671875,0.15,0.0,0.0,0.22499999999999998,0.0642857142857143,0.007142857142857143,0.15000000000000002,0.7250000000000003,0.1,0.0,0.35000000000000003,0.549999999999999,0.41428571428571376,0.5357142857142848
0.2894230769230766,0.472412109375,0.63818359375,0.15,0.0,0.0,0.22499999999999998,0.0642857142857143,0.007142857142857143,0.15000000000000002,0.7250000000000003,0.1,0.0,0.35000000000000003,0.549999999999999,0.41428571428571376,0.5428571428571419
0.29038461538461513,0.473876953125,0.6396484375,0.15,0.0,0.0,0.22499999999999998,0.0642857142857143,0.007142857142857143,0.15000000000000002,0.7250000000000003,0.2,0.0,0.35000000000000003,0.549999999999999,0.41428571428571376,0.5428571428571419
0.29134615384615353,0.475341796875,0.6416015625,0.15,0.0,0.0,0.22499999999999998,0.0642857142857143,0.007142857142857143,0.15000000000000002,0.7250000000000003,0.2,0.0,0.35000000000000003,0.549999999999999,0.41428571428571376,0.549999999999999
0.29230769230769205,0.476806640625,0.6435546875,0.15,0.0,0.0,0.22499999999999998,0.0642857142857143,0.007142857142857143,0.15000000000000002,0.7250000000000003,0.2,0.0,0.35000000000000003,0.5571428571428562,0.41428571428571376,0.549999999999999
0.2932692307692305,0.478271484375,0.64599609375,0.15,0.0,0.0,0.22499999999999998,0.0642857142857143,0.007142857142857143,0.15714285714285717,0.7250000000000003,0.2,0.0,0.35000000000000003,0.5571428571428562,0.41428571428571376,0.549999999999999
0.2942307692307689,0.479736328125,0.6474609375,0.15,0.0,0.0,0.22499999999999998,0.0642857142857143,0.007142857142857143,0.15714285714285717,0.7250000000000003,0.2,0.0,0.35000000000000003,0.5642857142857133,0.41428571428571376,0.549999999999999
0.29519230769230737,0.48095703125,0.6494140625,0.15,0.0,0.0,0.22499999999999998,0.0642857142857143,0.007142857142857143,0.15714285714285717,0.7250000000000003,0.2,0.0,0.35000000000000003,0.5714285714285704,0.41428571428571376,0.549999999999999
0.2961538461538459,0.482421875,0.65087890625,0.15,0.0,0.0,0.22499999999999998,0.0642857142857143,0.007142857142857143,0.15714285714285717,0.7250000000000003,0.2,0.0,0.35000000000000003,0.5714285714285704,0.4214285714285709,0.549999999999999
0.2971153846153843,0.48388671875,0.65283203125,0.15,0.0,0.0,0.22499999999999998,0.0642857142857143,0.007142857142857143,0.15714285714285717,0.7250000000000003,0.2,0.0,0.35000000000000003,0.5714285714285704,0.4214285714285709,0.5571428571428562
0.2980769230769228,0.4853515625,0.6552734375,0.175,0.0,0.0,0.22499999999999998,0.0642857142857143,0.007142857142857143,0.15714285714285717,0.7250000000000003,0.2,0.0,0.35000000000000003,0.5714285714285704,0.4214285714285709,0.5571428571428562
0.29903846153846125,0.48681640625,0.6572265625,0.175,0.0,0.0,0.22499999999999998,0.0642857142857143,0.007142857142857143,0.15714285714285717,0.7250000000000003,0.2,0.0,0.35000000000000003,0.5714285714285704,0.428571428571428,0.5571428571428562
0.2999999999999997,0.48828125,0.6591796875,0.175,0.0,0.0,0.22499999999999998,0.0642857142857143,0.007142857142857143,0.15714285714285717,0.7250000000000003,0.2,0.0,0.35000000000000003,0.5714285714285704,0.4357142857142851,0.5571428571428562
0.30096153846153817,0.48974609375,0.6611328125,0.175,0.0,0.0,0.22499999999999998,0.0642857142857143,0.007142857142857143,0.15714285714285717,0.7250000000000003,0.2,0.0,0.35000000000000003,0.5714285714285704,0.4428571428571422,0.5571428571428562
0.3019230769230766,0.490966796875,0.6630859375,0.175,0.0,0.0,0.22499999999999998,0.0642857142857143,0.007142857142857143,0.15714285714285717,0.7250000000000003,0.2,0.0,0.35000000000000003,0.5714285714285704,0.4428571428571422,0.5642857142857133
0.30288461538461503,0.492431640625,0.6650390625,0.175,0.0,0.0,0.22499999999999998,0.0642857142857143,0.007142857142857143,0.15714285714285717,0.7250000000000003,0.2,0.0,0.35000000000000003,0.5714285714285704,0.44999999999999934,0.5642857142857133
0.30384615384615354,0.493896484375,0.66650390625,0.175,0.0,0.0,0.22499999999999998,0.0642857142857143,0.007142857142857143,0.15714285714285717,0.7250000000000003,0.2,0.0,0.35000000000000003,0.5785714285714275,0.44999999999999934,0.5642857142857133
0.30480769230769195,0.495361328125,0.66845703125,0.175,0.0,0.0,0.22499999999999998,0.0642857142857143,0.007142857142857143,0.15714285714285717,0.7250000000000003,0.2,0.0,0.35000000000000003,0.5857142857142846,0.44999999999999934,0.5642857142857133
0.3057692307692304,0.496826171875,0.6708984375,0.175,0.0,0.0,0.22499999999999998,0.0642857142857143,0.007142857142857143,0.15714285714285717,0.7250000000000003,0.2,0.0,0.37500000000000006,0.5857142857142846,0.44999999999999934,0.5642857142857133
0.30673076923076886,0.498291015625,0.67236328125,0.175,0.0,0.0,0.22499999999999998,0.0642857142857143,0.007142857142857143,0.15714285714285717,0.7250000000000003,0.2,0.0,0.37500000000000006,0.5928571428571418,0.44999999999999934,0.5642857142857133
0.3076923076923074,0.499755859375,0.67431640625,0.175,0.0,0.0,0.22499999999999998,0.07142857142857144,0.007142857142857143,0.15714285714285717,0.7250000000000003,0.2,0.0,0.37500000000000006,0.5928571428571418,0.44999999999999934,0.5642857142857133
0.30865384615384583,0.5009765625,0.67626953125,0.175,0.0,0.0,0.22499999999999998,0.07142857142857144,0.007142857142857143,0.15714285714285717,0.7250000000000003,0.2,0.0,0.37500000000000006,0.5928571428571418,0.44999999999999934,0.5714285714285704
0.30961538461538424,0.50244140625,0.67822265625,0.175,0.0,0.0,0.22499999999999998,0.07142857142857144,0.007142857142857143,0.15714285714285717,0.7250000000000003,0.2,0.0,0.37500000000000006,0.5928571428571418,0.45714285714285646,0.5714285714285704
0.3105769230769227,0.50390625,0.68017578125,0.175,0.0,0.0,0.22499999999999998,0.07142857142857144,0.007142857142857143,0.15714285714285717,0.7250000000000003,0.2,0.0,0.37500000000000006,0.5928571428571418,0.4642857142857136,0.5714285714285704
0.3115384615384612,0.50537109375,0.6826171875,0.175,0.0,0.0,0.22499999999999998,0.07142857142857144,0.007142857142857143,0.15714285714285717,0.7250000000000003,0.2,0.0,0.37500000000000006,0.5999999999999989,0.4642857142857136,0.5714285714285704
0.3124999999999996,0.5068359375,0.68408203125,0.175,0.0,0.0,0.22499999999999998,0.07142857142857144,0.007142857142857143,0.15714285714285717,0.7250000000000003,0.2,0.0,0.37500000000000006,0.5999999999999989,0.4642857142857136,0.5785714285714275
0.31346153846153807,0.50830078125,0.68603515625,0.175,0.0,0.0,0.22499999999999998,0.07142857142857144,0.007142857142857143,0.15714285714285717,0.7250000000000003,0.2,0.0,0.37500000000000006,0.5999999999999989,0.4714285714285707,0.5785714285714275
0.3144230769230765,0.509765625,0.68798828125,0.175,0.0,0.0,0.22499999999999998,0.07142857142857144,0.007142857142857143,0.15714285714285717,0.7250000000000003,0.2,0.0,0.37500000000000006,0.5999999999999989,0.4714285714285707,0.5857142857142846
0.31538461538461504,0.51123046875,0.689453125,0.175,0.0,0.0,0.22499999999999998,0.07857142857142858,0.007142857142857143,0.15714285714285717,0.7250000000000003,0.2,0.0,0.37500000000000006,0.5999999999999989,0.4714285714285707,0.5857142857142846
0.3163461538461535,0.5126953125,0.69140625,0.175,0.0,0.0,0.22499999999999998,0.07857142857142858,0.007142857142857143,0.15714285714285717,0.7250000000000003,0.2,0.0,0.37500000000000006,0.5999999999999989,0.4714285714285707,0.5928571428571418
0.3173076923076919,0.51416015625,0.693359375,0.175,0.0,0.0,0.22499999999999998,0.07857142857142858,0.007142857142857143,0.15714285714285717,0.7250000000000003,0.2,0.0,0.37500000000000006,0.5999999999999989,0.4714285714285707,0.5999999999999989
0.3182692307692304,0.515625,0.69580078125,0.175,0.0,0.0,0.22499999999999998,0.07857142857142858,0.007142857142857143,0.15714285714285717,0.7250000000000003,0.2,0.0,0.37500000000000006,0.607142857142856,0.4714285714285707,0.5999999999999989
0.3192307692307689,0.51708984375,0.69775390625,0.175,0.0,0.0,0.22499999999999998,0.07857142857142858,0.007142857142857143,0.15714285714285717,0.7250000000000003,0.2,0.0,0.37500000000000006,0.6142857142857131,0.4714285714285707,0.5999999999999989
0.3201923076923073,0.5185546875,0.69921875,0.175,0.0,0.0,0.22499999999999998,0.07857142857142858,0.007142857142857143,0.15714285714285717,0.7250000000000003,0.2,0.0,0.37500000000000006,0.6214285714285702,0.4714285714285707,0.5999999999999989
0.32115384615384573,0.52001953125,0.70068359375,0.175,0.0,0.0,0.22499999999999998,0.07857142857142858,0.007142857142857143,0.15714285714285717,0.7250000000000003,0.2,0.0,0.37500000000000006,0.6214285714285702,0.4714285714285707,0.607142857142856
0.3221153846153842,0.521484375,0.70263671875,0.175,0.0,0.0,0.22499999999999998,0.07857142857142858,0.007142857142857143,0.15714285714285717,0.7500000000000003,0.2,0.0,0.37500000000000006,0.6214285714285702,0.4714285714285707,0.607142857142856
0.3230769230769227,0.52294921875,0.7041015625,0.175,0.0,0.0,0.22499999999999998,0.07857142857142858,0.007142857142857143,0.15714285714285717,0.7500000000000003,0.2,0.0,0.37500000000000006,0.6214285714285702,0.4714285714285707,0.6142857142857131
0.32403846153846116,0.5244140625,0.7060546875,0.175,0.0,0.0,0.22499999999999998,0.07857142857142858,0.007142857142857143,0.15714285714285717,0.7500000000000003,0.2,0.0,0.37500000000000006,0.6214285714285702,0.4714285714285707,0.6214285714285702
0.3249999999999996,0.52587890625,0.70751953125,0.175,0.0,0.0,0.22499999999999998,0.07857142857142858,0.007142857142857143,0.15714285714285717,0.7500000000000003,0.2,0.0,0.37500000000000006,0.6285714285714273,0.4714285714285707,0.6214285714285702
0.325961538461538,0.52734375,0.70947265625,0.175,0.0,0.0,0.22499999999999998,0.07857142857142858,0.007142857142857143,0.15714285714285717,0.7500000000000003,0.2,0.0,0.37500000000000006,0.6285714285714273,0.4785714285714278,0.6214285714285702
0.32692307692307654,0.52880859375,0.71142578125,0.175,0.0,0.0,0.22499999999999998,0.07857142857142858,0.007142857142857143,0.15714285714285717,0.7500000000000003,0.2,0.0,0.37500000000000006,0.6285714285714273,0.48571428571428493,0.6214285714285702
0.327884615384615,0.5302734375,0.71337890625,0.175,0.0,0.0,0.22499999999999998,0.07857142857142858,0.007142857142857143,0.15714285714285717,0.7500000000000003,0.2,0.0,0.37500000000000006,0.6285714285714273,0.49285714285714205,0.6214285714285702
0.32884615384615346,0.53173828125,0.71484375,0.175,0.0,0.0,0.22499999999999998,0.07857142857142858,0.007142857142857143,0.15714285714285717,0.7500000000000003,0.2,0.0,0.37500000000000006,0.6285714285714273,0.49285714285714205,0.6285714285714273
0.32980769230769186,0.533203125,0.7177734375,0.175,0.0,0.0,0.22499999999999998,0.07857142857142858,0.007142857142857143,0.15714285714285717,0.7500000000000003,0.2,0.0,0.37500000000000006,0.6285714285714273,0.49285714285714205,0.6357142857142845
0.33076923076923037,0.53515625,0.71923828125,0.19999999999999998,0.0,0.0,0.22499999999999998,0.07857142857142858,0.007142857142857143,0.15714285714285717,0.7500000000000003,0.2,0.0,0.37500000000000006,0.6285714285714273,0.49285714285714205,0.6357142857142845
0.3317307692307688,0.53662109375,0.72119140625,0.22499999999999998,0.0,0.0,0.22499999999999998,0.07857142857142858,0.007142857142857143,0.15714285714285717,0.7500000000000003,0.2,0.0,0.37500000000000006,0.6285714285714273,0.49285714285714205,0.6357142857142845
0.33269230769230723,0.5380859375,0.72314453125,0.22499999999999998,0.0,0.0,0.24999999999999997,0.07857142857142858,0.007142857142857143,0.15714285714285717,0.7500000000000003,0.2,0.0,0.37500000000000006,0.6285714285714273,0.49285714285714205,0.6357142857142845
0.3336538461538457,0.53955078125,0.72509765625,0.22499999999999998,0.0,0.0,0.24999999999999997,0.07857142857142858,0.007142857142857143,0.15714285714285717,0.7500000000000003,0.2,0.0,0.37500000000000006,0.6285714285714273,0.49999999999999917,0.6357142857142845
0.3346153846153842,0.541015625,0.7265625,0.22499999999999998,0.0,0.0,0.24999999999999997,0.07857142857142858,0.007142857142857143,0.1642857142857143,0.7500000000000003,0.2,0.0,0.37500000000000006,0.6285714285714273,0.49999999999999917,0.6357142857142845
0.33557692307692266,0.54248046875,0.7294921875,0.22499999999999998,0.0,0.0,0.24999999999999997,0.07857142857142858,0.007142857142857143,0.17142857142857146,0.7500000000000003,0.2,0.0,0.37500000000000006,0.6285714285714273,0.49999999999999917,0.6357142857142845
0.3365384615384611,0.5439453125,0.73095703125,0.22499999999999998,0.0,0.0,0.24999999999999997,0.07857142857142858,0.007142857142857143,0.17142857142857146,0.7500000000000003,0.2,0.0,0.37500000000000006,0.6285714285714273,0.5071428571428563,0.6357142857142845
0.3374999999999996,0.54541015625,0.732421875,0.22499999999999998,0.0,0.0,0.24999999999999997,0.07857142857142858,0.007142857142857143,0.1785714285714286,0.7500000000000003,0.2,0.0,0.37500000000000006,0.6285714285714273,0.5071428571428563,0.6357142857142845
0.33846153846153804,0.54736328125,0.73486328125,0.24999999999999997,0.0,0.0,0.24999999999999997,0.07857142857142858,0.007142857142857143,0.1785714285714286,0.7500000000000003,0.2,0.0,0.37500000000000006,0.6285714285714273,0.5071428571428563,0.6357142857142845
0.3394230769230765,0.54931640625,0.736328125,0.27499999999999997,0.0,0.0,0.24999999999999997,0.07857142857142858,0.007142857142857143,0.1785714285714286,0.7500000000000003,0.2,0.0,0.37500000000000006,0.6285714285714273,0.5071428571428563,0.6357142857142845
0.34038461538461495,0.55078125,0.73828125,0.27499999999999997,0.0,0.0,0.24999999999999997,0.07857142857142858,0.007142857142857143,0.1785714285714286,0.7500000000000003,0.2,0.0,0.4000000000000001,0.6285714285714273,0.5071428571428563,0.6357142857142845
0.3413461538461534,0.552734375,0.73974609375,0.27499999999999997,0.0,0.0,0.27499999999999997,0.07857142857142858,0.007142857142857143,0.1785714285714286,0.7500000000000003,0.2,0.0,0.4000000000000001,0.6285714285714273,0.5071428571428563,0.6357142857142845
0.3423076923076919,0.55419921875,0.74169921875,0.27499999999999997,0.0,0.0,0.27499999999999997,0.08571428571428573,0.007142857142857143,0.1785714285714286,0.7500000000000003,0.2,0.0,0.4000000000000001,0.6285714285714273,0.5071428571428563,0.6357142857142845
0.3432692307692303,0.5556640625,0.74365234375,0.27499999999999997,0.0,0.0,0.27499999999999997,0.08571428571428573,0.007142857142857143,0.1785714285714286,0.7500000000000003,0.2,0.0,0.4000000000000001,0.6357142857142845,0.5071428571428563,0.6357142857142845
0.3442307692307688,0.55712890625,0.7451171875,0.27499999999999997,0.0,0.0,0.27499999999999997,0.08571428571428573,0.007142857142857143,0.1785714285714286,0.7500000000000003,0.2,0.0,0.4000000000000001,0.6428571428571416,0.5071428571428563,0.6357142857142845
0.34519230769230724,0.55859375,0.74658203125,0.27499999999999997,0.0,0.0,0.27499999999999997,0.08571428571428573,0.007142857142857143,0.1785714285714286,0.7500000000000003,0.2,0.0,0.4000000000000001,0.6499999999999987,0.5071428571428563,0.6357142857142845
0.34615384615384576,0.56005859375,0.74853515625,0.27499999999999997,0.0,0.0,0.27499999999999997,0.08571428571428573,0.007142857142857143,0.1785714285714286,0.7500000000000003,0.2,0.0,0.4000000000000001,0.6571428571428558,0.5071428571428563,0.6357142857142845
0.34711538461538416,0.5615234375,0.75048828125,0.27499999999999997,0.0,0.0,0.27499999999999997,0.08571428571428573,0.007142857142857143,0.1785714285714286,0.7500000000000003,0.2,0.0,0.4000000000000001,0.6642857142857129,0.5071428571428563,0.6357142857142845
0.3480769230769226,0.56298828125,0.751953125,0.27499999999999997,0.0,0.0,0.27499999999999997,0.08571428571428573,0.007142857142857143,0.1785714285714286,0.7500000000000003,0.2,0.0,0.4000000000000001,0.67142857142857,0.5071428571428563,0.6357142857142845
0.3490384615384611,0.564453125,0.75439453125,0.27499999999999997,0.0,0.0,0.27499999999999997,0.08571428571428573,0.007142857142857143,0.1785714285714286,0.7500000000000003,0.2,0.0,0.4000000000000001,0.67142857142857,0.5142857142857135,0.6357142857142845
0.3499999999999996,0.56591796875,0.755859375,0.27499999999999997,0.0,0.0,0.27499999999999997,0.08571428571428573,0.007142857142857143,0.1785714285714286,0.7500000000000003,0.2,0.0,0.4000000000000001,0.67142857142857,0.5214285714285706,0.6357142857142845
0.35096153846153805,0.5673828125,0.75732421875,0.27499999999999997,0.0,0.0,0.27499999999999997,0.08571428571428573,0.014285714285714285,0.1785714285714286,0.7500000000000003,0.2,0.0,0.4000000000000001,0.67142857142857,0.5214285714285706,0.6357142857142845
0.35192307692307645,0.56884765625,0.759765625,0.27499999999999997,0.0,0.0,0.27499999999999997,0.08571428571428573,0.02142857142857143,0.1785714285714286,0.7500000000000003,0.2,0.0,0.4000000000000001,0.67142857142857,0.5214285714285706,0.6357142857142845
0.3528846153846149,0.56982421875,0.76171875,0.27499999999999997,0.0,0.0,0.27499999999999997,0.08571428571428573,0.02857142857142857,0.1785714285714286,0.7500000000000003,0.2,0.0,0.4000000000000001,0.67142857142857,0.5214285714285706,0.6357142857142845
0.3538461538461534,0.5712890625,0.7626953125,0.27499999999999997,0.0,0.0,0.27499999999999997,0.09285714285714287,0.02857142857142857,0.1785714285714286,0.7500000000000003,0.2,0.0,0.4000000000000001,0.67142857142857,0.5214285714285706,0.6357142857142845
0.3548076923076919,0.57275390625,0.7646484375,0.27499999999999997,0.0,0.0,0.27499999999999997,0.09285714285714287,0.03571428571428571,0.1785714285714286,0.7500000000000003,0.2,0.0,0.4000000000000001,0.67142857142857,0.5214285714285706,0.6357142857142845
0.35576923076923034,0.57421875,0.7666015625,0.27499999999999997,0.0,0.0,0.27499999999999997,0.09285714285714287,0.04285714285714286,0.1785714285714286,0.7500000000000003,0.2,0.0,0.4000000000000001,0.67142857142857,0.5214285714285706,0.6357142857142845
0.35673076923076874,0.57568359375,0.76904296875,0.27499999999999997,0.0,0.0,0.27499999999999997,0.09285714285714287,0.04285714285714286,0.1785714285714286,0.7500000000000003,0.2,0.0,0.4000000000000001,0.67142857142857,0.5214285714285706,0.6428571428571416
0.35769230769230725,0.5771484375,0.77099609375,0.27499999999999997,0.0,0.0,0.27499999999999997,0.09285714285714287,0.04285714285714286,0.1785714285714286,0.7500000000000003,0.2,0.0,0.4000000000000001,0.67142857142857,0.5214285714285706,0.6499999999999987
0.3586538461538457,0.57861328125,0.77294921875,0.27499999999999997,0.0,0.0,0.27499999999999997,0.10000000000000002,0.04285714285714286,0.1785714285714286,0.7500000000000003,0.2,0.0,0.4000000000000001,0.67142857142857,0.5214285714285706,0.6499999999999987
0.3596153846153841,0.580078125,0.7744140625,0.27499999999999997,0.0,0.0,0.27499999999999997,0.10000000000000002,0.05,0.1785714285714286,0.7500000000000003,0.2,0.0,0.4000000000000001,0.67142857142857,0.5214285714285706,0.6499999999999987
0.3605769230769226,0.58154296875,0.7763671875,0.27499999999999997,0.0,0.0,0.27499999999999997,0.10000000000000002,0.05,0.1785714285714286,0.7500000000000003,0.2,0.0,0.4000000000000001,0.6785714285714272,0.5214285714285706,0.6499999999999987
0.3615384615384611,0.5830078125,0.77783203125,0.27499999999999997,0.0,0.0,0.27499999999999997,0.10000000000000002,0.05,0.1785714285714286,0.7500000000000003,0.2,0.0,0.4000000000000001,0.6857142857142843,0.5214285714285706,0.6499999999999987
0.36249999999999954,0.58447265625,0.779296875,0.27499999999999997,0.0,0.0,0.27499999999999997,0.10000000000000002,0.05,0.1785714285714286,0.7500000000000003,0.2,0.0,0.4000000000000001,0.6857142857142843,0.5214285714285706,0.6571428571428558
0.363461538461538,0.5859375,0.78125,0.27499999999999997,0.0,0.0,0.27499999999999997,0.10000000000000002,0.05,0.1785714285714286,0.7500000000000003,0.2,0.0,0.4000000000000001,0.6857142857142843,0.5214285714285706,0.6642857142857129
0.3644230769230765,0.58740234375,0.783203125,0.27499999999999997,0.0,0.0,0.27499999999999997,0.10714285714285716,0.05,0.1785714285714286,0.7500000000000003,0.2,0.0,0.4000000000000001,0.6857142857142843,0.5214285714285706,0.6642857142857129
0.365384615384615,0.5888671875,0.78515625,0.27499999999999997,0.0,0.0,0.27499999999999997,0.10714285714285716,0.05,0.1785714285714286,0.7500000000000003,0.2,0.0,0.4000000000000001,0.6857142857142843,0.5214285714285706,0.67142857142857
0.3663461538461534,0.59033203125,0.78759765625,0.27499999999999997,0.0,0.0,0.27499999999999997,0.10714285714285716,0.05,0.1785714285714286,0.7500000000000003,0.2,0.0,0.4000000000000001,0.6857142857142843,0.5214285714285706,0.6785714285714272
0.36730769230769184,0.591796875,0.7890625,0.27499999999999997,0.0,0.0,0.27499999999999997,0.10714285714285716,0.05,0.1785714285714286,0.7500000000000003,0.2,0.0,0.4000000000000001,0.6857142857142843,0.5214285714285706,0.6857142857142843
0.36826923076923035,0.59326171875,0.791015625,0.27499999999999997,0.0,0.0,0.27499999999999997,0.10714285714285716,0.05,0.1785714285714286,0.7500000000000003,0.2,0.0,0.4000000000000001,0.6857142857142843,0.5214285714285706,0.6928571428571414
0.36923076923076875,0.5947265625,0.7919921875,0.27499999999999997,0.0,0.0,0.27499999999999997,0.10714285714285716,0.05,0.1785714285714286,0.7500000000000003,0.2,0.0,0.4000000000000001,0.6857142857142843,0.5214285714285706,0.6999999999999985
0.3701923076923072,0.59619140625,0.79345703125,0.27499999999999997,0.0,0.0,0.27499999999999997,0.10714285714285716,0.05,0.1785714285714286,0.7500000000000003,0.2,0.0,0.4000000000000001,0.6857142857142843,0.5214285714285706,0.7071428571428556
0.3711538461538456,0.59765625,0.79541015625,0.27499999999999997,0.0,0.0,0.27499999999999997,0.10714285714285716,0.05,0.18571428571428575,0.7500000000000003,0.2,0.0,0.4000000000000001,0.6857142857142843,0.5214285714285706,0.7071428571428556
0.37211538461538407,0.59912109375,0.7978515625,0.27499999999999997,0.0,0.0,0.27499999999999997,0.10714285714285716,0.05,0.1928571428571429,0.7500000000000003,0.2,0.0,0.4000000000000001,0.6857142857142843,0.5214285714285706,0.7071428571428556
0.3730769230769226,0.60107421875,0.79931640625,0.3,0.0,0.0,0.27499999999999997,0.10714285714285716,0.05,0.1928571428571429,0.7500000000000003,0.2,0.0,0.4000000000000001,0.6857142857142843,0.5214285714285706,0.7071428571428556
0.37403846153846104,0.60302734375,0.8017578125,0.3,0.1,0.0,0.27499999999999997,0.10714285714285716,0.05,0.1928571428571429,0.7500000000000003,0.2,0.0,0.4000000000000001,0.6857142857142843,0.5214285714285706,0.7071428571428556
0.3749999999999995,0.6044921875,0.80322265625,0.3,0.1,0.0,0.27499999999999997,0.10714285714285716,0.05,0.20000000000000004,0.7500000000000003,0.2,0.0,0.4000000000000001,0.6857142857142843,0.5214285714285706,0.7071428571428556
0.3759615384615379,0.6064453125,0.80517578125,0.3,0.1,0.0,0.3,0.10714285714285716,0.05,0.20000000000000004,0.7500000000000003,0.2,0.0,0.4000000000000001,0.6857142857142843,0.5214285714285706,0.7071428571428556
0.3769230769230764,0.60791015625,0.806640625,0.3,0.1,0.0,0.3,0.10714285714285716,0.05,0.20000000000000004,0.7500000000000003,0.2,0.0,0.4250000000000001,0.6857142857142843,0.5214285714285706,0.7071428571428556
0.3778846153846149,0.60986328125,0.80859375,0.3,0.1,0.0,0.3,0.11428571428571431,0.05,0.20000000000000004,0.7500000000000003,0.2,0.0,0.4250000000000001,0.6857142857142843,0.5214285714285706,0.7071428571428556
0.37884615384615333,0.611328125,0.810546875,0.3,0.1,0.0,0.3,0.12142857142857146,0.05,0.20000000000000004,0.7500000000000003,0.2,0.0,0.4250000000000001,0.6857142857142843,0.5214285714285706,0.7071428571428556
0.37980769230769185,0.61279296875,0.81201171875,0.3,0.1,0.0,0.3,0.12142857142857146,0.05,0.20000000000000004,0.7500000000000003,0.2,0.0,0.4250000000000001,0.6928571428571414,0.5214285714285706,0.7071428571428556
0.3807692307692303,0.6142578125,0.81396484375,0.3,0.1,0.0,0.3,0.12142857142857146,0.05,0.20000000000000004,0.7500000000000003,0.2,0.0,0.4250000000000001,0.6999999999999985,0.5214285714285706,0.7071428571428556
0.3817307692307687,0.61572265625,0.8154296875,0.3,0.1,0.0,0.3,0.12142857142857146,0.05,0.20000000000000004,0.7500000000000003,0.2,0.0,0.4250000000000001,0.7071428571428556,0.5214285714285706,0.7071428571428556
0.38269230769230717,0.6171875,0.81689453125,0.3,0.1,0.0,0.3,0.12142857142857146,0.05,0.20000000000000004,0.7500000000000003,0.2,0.0,0.4250000000000001,0.7071428571428556,0.5285714285714277,0.7071428571428556
0.3836538461538457,0.61865234375,0.81884765625,0.3,0.1,0.0,0.3,0.12142857142857146,0.05,0.20000000000000004,0.7500000000000003,0.2,0.0,0.4250000000000001,0.7071428571428556,0.5357142857142848,0.7071428571428556
0.3846153846153841,0.6201171875,0.82177734375,0.3,0.1,0.0,0.3,0.12142857142857146,0.05714285714285715,0.20000000000000004,0.7500000000000003,0.2,0.0,0.4250000000000001,0.7071428571428556,0.5357142857142848,0.7071428571428556
0.38557692307692254,0.62158203125,0.8232421875,0.3,0.1,0.0,0.3,0.12142857142857146,0.05714285714285715,0.20000000000000004,0.7500000000000003,0.2,0.0,0.4250000000000001,0.7142857142857127,0.5357142857142848,0.7071428571428556
0.386538461538461,0.623046875,0.82421875,0.3,0.1,0.0,0.3,0.12142857142857146,0.05714285714285715,0.20000000000000004,0.7500000000000003,0.2,0.0,0.4250000000000001,0.7142857142857127,0.5428571428571419,0.7071428571428556
0.3874999999999995,0.62451171875,0.82666015625,0.3,0.1,0.0,0.3,0.12142857142857146,0.0642857142857143,0.20000000000000004,0.7500000000000003,0.2,0.0,0.4250000000000001,0.7142857142857127,0.5428571428571419,0.7071428571428556
0.38846153846153797,0.6259765625,0.828125,0.3,0.1,0.0,0.3,0.12142857142857146,0.0642857142857143,0.20000000000000004,0.7500000000000003,0.2,0.0,0.4250000000000001,0.7142857142857127,0.549999999999999,0.7071428571428556
0.38942307692307637,0.62744140625,0.830078125,0.3,0.1,0.0,0.3,0.12142857142857146,0.0642857142857143,0.20714285714285718,0.7500000000000003,0.2,0.0,0.4250000000000001,0.7142857142857127,0.549999999999999,0.7071428571428556
0.39038461538461483,0.62939453125,0.83203125,0.325,0.1,0.0,0.3,0.12142857142857146,0.0642857142857143,0.20714285714285718,0.7500000000000003,0.2,0.0,0.4250000000000001,0.7142857142857127,0.549999999999999,0.7071428571428556
0.39134615384615334,0.630859375,0.83349609375,0.325,0.1,0.0,0.3,0.12142857142857146,0.0642857142857143,0.21428571428571433,0.7500000000000003,0.2,0.0,0.4250000000000001,0.7142857142857127,0.549999999999999,0.7071428571428556
0.3923076923076918,0.6328125,0.83544921875,0.325,0.1,0.0,0.3,0.1285714285714286,0.0642857142857143,0.21428571428571433,0.7500000000000003,0.2,0.0,0.4250000000000001,0.7142857142857127,0.549999999999999,0.7071428571428556
0.39326923076923026,0.63427734375,0.8369140625,0.325,0.1,0.0,0.3,0.1285714285714286,0.07142857142857144,0.21428571428571433,0.7500000000000003,0.2,0.0,0.4250000000000001,0.7142857142857127,0.549999999999999,0.7071428571428556
0.3942307692307688,0.6357421875,0.8388671875,0.325,0.1,0.0,0.3,0.1285714285714286,0.07142857142857144,0.21428571428571433,0.7500000000000003,0.2,0.0,0.4250000000000001,0.7142857142857127,0.549999999999999,0.7142857142857127
0.39519230769230723,0.63720703125,0.84033203125,0.325,0.1,0.0,0.3,0.1285714285714286,0.07142857142857144,0.21428571428571433,0.7500000000000003,0.2,0.0,0.4250000000000001,0.7142857142857127,0.549999999999999,0.7214285714285699
0.39615384615384563,0.638671875,0.84228515625,0.325,0.1,0.0,0.3,0.1285714285714286,0.07142857142857144,0.21428571428571433,0.7500000000000003,0.2,0.0,0.4250000000000001,0.7142857142857127,0.549999999999999,0.728571428571427
0.3971153846153841,0.64013671875,0.8447265625,0.325,0.1,0.0,0.3,0.1285714285714286,0.07142857142857144,0.21428571428571433,0.7500000000000003,0.2,0.0,0.4250000000000001,0.7142857142857127,0.549999999999999,0.7357142857142841
0.3980769230769225,0.64208984375,0.84619140625,0.325,0.1,0.0,0.3,0.13571428571428573,0.07142857142857144,0.21428571428571433,0.7500000000000003,0.2,0.0,0.4250000000000001,0.7142857142857127,0.549999999999999,0.7357142857142841
0.399038461538461,0.6435546875,0.84814453125,0.325,0.1,0.0,0.3,0.13571428571428573,0.07857142857142858,0.21428571428571433,0.7500000000000003,0.2,0.0,0.4250000000000001,0.7142857142857127,0.549999999999999,0.7357142857142841
0.39999999999999947,0.6455078125,0.849609375,0.325,0.1,0.0,0.3,0.14285714285714288,0.07857142857142858,0.21428571428571433,0.7500000000000003,0.2,0.0,0.4250000000000001,0.7142857142857127,0.549999999999999,0.7357142857142841
0.4009615384615379,0.64697265625,0.85107421875,0.325,0.1,0.0,0.3,0.14285714285714288,0.08571428571428573,0.21428571428571433,0.7500000000000003,0.2,0.0,0.4250000000000001,0.7142857142857127,0.549999999999999,0.7357142857142841
0.40192307692307644,0.6484375,0.85302734375,0.325,0.1,0.0,0.3,0.14285714285714288,0.08571428571428573,0.21428571428571433,0.7500000000000003,0.2,0.0,0.4250000000000001,0.7142857142857127,0.5571428571428562,0.7357142857142841
0.40288461538461484,0.64990234375,0.85546875,0.325,0.1,0.0,0.3,0.14285714285714288,0.08571428571428573,0.21428571428571433,0.7500000000000003,0.2,0.0,0.4250000000000001,0.7142857142857127,0.5642857142857133,0.7357142857142841
0.4038461538461533,0.6513671875,0.85791015625,0.325,0.1,0.0,0.3,0.14285714285714288,0.08571428571428573,0.22142857142857147,0.7500000000000003,0.2,0.0,0.4250000000000001,0.7142857142857127,0.5642857142857133,0.7357142857142841
0.40480769230769176,0.65283203125,0.859375,0.325,0.1,0.0,0.3,0.14285714285714288,0.08571428571428573,0.22142857142857147,0.7500000000000003,0.2,0.0,0.4250000000000001,0.7214285714285699,0.5642857142857133,0.7357142857142841
0.40576923076923027,0.654296875,0.861328125,0.325,0.1,0.0,0.3,0.14285714285714288,0.08571428571428573,0.22142857142857147,0.7500000000000003,0.2,0.0,0.4250000000000001,0.728571428571427,0.5642857142857133,0.7357142857142841
0.4067307692307687,0.65576171875,0.86279296875,0.325,0.1,0.0,0.3,0.14285714285714288,0.08571428571428573,0.22142857142857147,0.7500000000000003,0.2,0.0,0.4250000000000001,0.7357142857142841,0.5642857142857133,0.7357142857142841
0.40769230769230713,0.6572265625,0.86474609375,0.325,0.1,0.0,0.3,0.14285714285714288,0.08571428571428573,0.22142857142857147,0.7500000000000003,0.2,0.0,0.4250000000000001,0.7428571428571412,0.5642857142857133,0.7357142857142841
0.4086538461538456,0.65869140625,0.8662109375,0.325,0.1,0.0,0.3,0.14285714285714288,0.08571428571428573,0.22142857142857147,0.7500000000000003,0.2,0.0,0.4250000000000001,0.7428571428571412,0.5714285714285704,0.7357142857142841
0.4096153846153841,0.66015625,0.8681640625,0.325,0.1,0.0,0.3,0.14285714285714288,0.08571428571428573,0.22857142857142862,0.7500000000000003,0.2,0.0,0.4250000000000001,0.7428571428571412,0.5714285714285704,0.7357142857142841
0.41057692307692256,0.66162109375,0.86962890625,0.325,0.1,0.0,0.3,0.14285714285714288,0.08571428571428573,0.22857142857142862,0.7500000000000003,0.2,0.0,0.4250000000000001,0.7428571428571412,0.5785714285714275,0.7357142857142841
0.41153846153846096,0.6630859375,0.8720703125,0.325,0.1,0.0,0.3,0.14285714285714288,0.08571428571428573,0.23571428571428577,0.7500000000000003,0.2,0.0,0.4250000000000001,0.7428571428571412,0.5785714285714275,0.7357142857142841
0.4124999999999994,0.66455078125,0.87353515625,0.325,0.1,0.0,0.3,0.14285714285714288,0.08571428571428573,0.23571428571428577,0.7500000000000003,0.2,0.0,0.4250000000000001,0.7428571428571412,0.5857142857142846,0.7357142857142841
0.41346153846153794,0.666015625,0.87548828125,0.325,0.1,0.0,0.3,0.14285714285714288,0.08571428571428573,0.23571428571428577,0.7500000000000003,0.2,0.0,0.4250000000000001,0.7428571428571412,0.5928571428571418,0.7357142857142841
0.41442307692307634,0.66748046875,0.876953125,0.325,0.1,0.0,0.3,0.14285714285714288,0.08571428571428573,0.2428571428571429,0.7500000000000003,0.2,0.0,0.4250000000000001,0.7428571428571412,0.5928571428571418,0.7357142857142841
0.4153846153846148,0.6689453125,0.87841796875,0.325,0.1,0.0,0.3,0.14285714285714288,0.08571428571428573,0.2428571428571429,0.7750000000000004,0.2,0.0,0.4250000000000001,0.7428571428571412,0.5928571428571418,0.7357142857142841
0.41634615384615326,0.67041015625,0.88037109375,0.325,0.1,0.0,0.3,0.14285714285714288,0.08571428571428573,0.2428571428571429,0.7750000000000004,0.2,0.0,0.4250000000000001,0.7428571428571412,0.5999999999999989,0.7357142857142841
0.41730769230769177,0.671875,0.8818359375,0.325,0.1,0.0,0.3,0.14285714285714288,0.08571428571428573,0.2428571428571429,0.7750000000000004,0.2,0.0,0.4250000000000001,0.7428571428571412,0.607142857142856,0.7357142857142841
0.41826923076923017,0.67333984375,0.8837890625,0.325,0.1,0.0,0.3,0.14285714285714288,0.08571428571428573,0.2428571428571429,0.7750000000000004,0.2,0.0,0.4250000000000001,0.7428571428571412,0.6142857142857131,0.7357142857142841
0.4192307692307687,0.6748046875,0.88525390625,0.325,0.1,0.0,0.3,0.14285714285714288,0.08571428571428573,0.2428571428571429,0.7750000000000004,0.2,0.0,0.4500000000000001,0.7428571428571412,0.6142857142857131,0.7357142857142841
0.4201923076923071,0.67626953125,0.8876953125,0.325,0.1,0.0,0.3,0.14285714285714288,0.08571428571428573,0.2428571428571429,0.7750000000000004,0.2,0.0,0.4500000000000001,0.7428571428571412,0.6214285714285702,0.7357142857142841
0.4211538461538456,0.677734375,0.89013671875,0.325,0.1,0.0,0.3,0.14285714285714288,0.08571428571428573,0.2428571428571429,0.7750000000000004,0.30000000000000004,0.0,0.4500000000000001,0.7428571428571412,0.6214285714285702,0.7357142857142841
0.42211538461538406,0.67919921875,0.89208984375,0.325,0.1,0.0,0.3,0.14285714285714288,0.08571428571428573,0.2428571428571429,0.7750000000000004,0.30000000000000004,0.0,0.4500000000000001,0.7428571428571412,0.6285714285714273,0.7357142857142841
0.4230769230769225,0.6806640625,0.8935546875,0.325,0.1,0.0,0.3,0.14285714285714288,0.08571428571428573,0.2428571428571429,0.7750000000000004,0.30000000000000004,0.0,0.4500000000000001,0.7428571428571412,0.6285714285714273,0.7428571428571412
0.42403846153846103,0.68212890625,0.8955078125,0.325,0.1,0.0,0.3,0.14285714285714288,0.08571428571428573,0.2428571428571429,0.7750000000000004,0.30000000000000004,0.0,0.4500000000000001,0.7428571428571412,0.6285714285714273,0.7499999999999983
0.42499999999999943,0.68359375,0.89697265625,0.325,0.1,0.0,0.3,0.14285714285714288,0.08571428571428573,0.2428571428571429,0.7750000000000004,0.30000000000000004,0.0,0.4500000000000001,0.7499999999999983,0.6285714285714273,0.7499999999999983
0.4259615384615379,0.68505859375,0.89892578125,0.325,0.1,0.0,0.3,0.14285714285714288,0.08571428571428573,0.2428571428571429,0.7750000000000004,0.30000000000000004,0.0,0.4500000000000001,0.7499999999999983,0.6285714285714273,0.7571428571428555
0.4269230769230763,0.6865234375,0.90087890625,0.325,0.1,0.0,0.3,0.14285714285714288,0.08571428571428573,0.2428571428571429,0.7750000000000004,0.30000000000000004,0.0,0.4500000000000001,0.7571428571428555,0.6285714285714273,0.7571428571428555
0.42788461538461486,0.68798828125,0.90234375,0.325,0.1,0.0,0.3,0.14285714285714288,0.08571428571428573,0.2428571428571429,0.7750000000000004,0.30000000000000004,0.0,0.4500000000000001,0.7571428571428555,0.6357142857142845,0.7571428571428555
0.42884615384615327,0.689453125,0.904296875,0.325,0.1,0.0,0.3,0.14285714285714288,0.08571428571428573,0.2428571428571429,0.7750000000000004,0.30000000000000004,0.0,0.4500000000000001,0.7571428571428555,0.6428571428571416,0.7571428571428555
0.4298076923076918,0.69091796875,0.90576171875,0.325,0.1,0.0,0.3,0.14285714285714288,0.08571428571428573,0.2428571428571429,0.7750000000000004,0.30000000000000004,0.0,0.4500000000000001,0.7642857142857126,0.6428571428571416,0.7571428571428555
0.4307692307692302,0.6923828125,0.9072265625,0.325,0.1,0.0,0.3,0.14285714285714288,0.08571428571428573,0.2428571428571429,0.7750000000000004,0.30000000000000004,0.0,0.4500000000000001,0.7642857142857126,0.6499999999999987,0.7571428571428555
0.4317307692307686,0.69384765625,0.90966796875,0.325,0.1,0.0,0.3,0.14285714285714288,0.08571428571428573,0.2428571428571429,0.7750000000000004,0.30000000000000004,0.0,0.4500000000000001,0.7642857142857126,0.6499999999999987,0.7642857142857126
0.4326923076923071,0.6953125,0.9111328125,0.325,0.1,0.0,0.3,0.14285714285714288,0.08571428571428573,0.2428571428571429,0.7750000000000004,0.30000000000000004,0.0,0.4500000000000001,0.7714285714285697,0.6499999999999987,0.7642857142857126
0.43365384615384556,0.69677734375,0.9130859375,0.325,0.1,0.0,0.3,0.14285714285714288,0.08571428571428573,0.2428571428571429,0.7750000000000004,0.30000000000000004,0.0,0.4500000000000001,0.7714285714285697,0.6499999999999987,0.7714285714285697
0.434615384615384,0.6982421875,0.91552734375,0.325,0.1,0.0,0.3,0.14285714285714288,0.08571428571428573,0.2428571428571429,0.7750000000000004,0.30000000000000004,0.0,0.4500000000000001,0.7714285714285697,0.6499999999999987,0.7785714285714268
0.43557692307692253,0.69970703125,0.9169921875,0.325,0.1,0.0,0.3,0.14285714285714288,0.08571428571428573,0.2428571428571429,0.7750000000000004,0.30000000000000004,0.0,0.4500000000000001,0.7714285714285697,0.6499999999999987,0.7857142857142839
0.43653846153846093,0.701171875,0.91943359375,0.325,0.1,0.0,0.3,0.14285714285714288,0.08571428571428573,0.2428571428571429,0.7750000000000004,0.30000000000000004,0.0,0.4500000000000001,0.7714285714285697,0.6571428571428558,0.7857142857142839
0.43749999999999944,0.70263671875,0.92138671875,0.325,0.1,0.0,0.3,0.14285714285714288,0.08571428571428573,0.2428571428571429,0.7750000000000004,0.30000000000000004,0.0,0.4500000000000001,0.7714285714285697,0.6642857142857129,0.7857142857142839
0.43846153846153785,0.7041015625,0.9228515625,0.325,0.1,0.0,0.3,0.14285714285714288,0.08571428571428573,0.2428571428571429,0.7750000000000004,0.30000000000000004,0.0,0.4500000000000001,0.7714285714285697,0.67142857142857,0.7857142857142839
0.43942307692307625,0.70556640625,0.9248046875,0.325,0.1,0.0,0.3,0.14285714285714288,0.08571428571428573,0.2428571428571429,0.7750000000000004,0.30000000000000004,0.0,0.4500000000000001,0.7785714285714268,0.67142857142857,0.7857142857142839
0.44038461538461465,0.70703125,0.92626953125,0.325,0.1,0.0,0.3,0.14285714285714288,0.08571428571428573,0.2428571428571429,0.7750000000000004,0.30000000000000004,0.0,0.4500000000000001,0.7857142857142839,0.67142857142857,0.7857142857142839
0.4413461538461532,0.70849609375,0.92822265625,0.325,0.1,0.0,0.3,0.14285714285714288,0.08571428571428573,0.2428571428571429,0.7750000000000004,0.30000000000000004,0.0,0.4500000000000001,0.7857142857142839,0.6785714285714272,0.7857142857142839
0.4423076923076916,0.71044921875,0.93017578125,0.325,0.1,0.0,0.325,0.14285714285714288,0.08571428571428573,0.2428571428571429,0.7750000000000004,0.30000000000000004,0.0,0.4500000000000001,0.7857142857142839,0.6785714285714272,0.7857142857142839
0.4432692307692302,0.7119140625,0.931640625,0.325,0.1,0.0,0.325,0.14285714285714288,0.08571428571428573,0.2428571428571429,0.8000000000000004,0.30000000000000004,0.0,0.4500000000000001,0.7857142857142839,0.6785714285714272,0.7857142857142839
0.4442307692307686,0.71337890625,0.93359375,0.325,0.1,0.0,0.325,0.14285714285714288,0.08571428571428573,0.2428571428571429,0.8000000000000004,0.30000000000000004,0.0,0.4500000000000001,0.7857142857142839,0.6785714285714272,0.792857142857141
0.44519230769230705,0.71484375,0.935546875,0.325,0.1,0.0,0.325,0.14285714285714288,0.08571428571428573,0.2428571428571429,0.8000000000000004,0.30000000000000004,0.0,0.4500000000000001,0.7857142857142839,0.6785714285714272,0.7999999999999982
0.4461538461538455,0.716796875,0.93701171875,0.325,0.1,0.0,0.325,0.15000000000000002,0.08571428571428573,0.2428571428571429,0.8000000000000004,0.30000000000000004,0.0,0.4500000000000001,0.7857142857142839,0.6785714285714272,0.7999999999999982
0.447115384615384,0.71826171875,0.9384765625,0.325,0.1,0.0,0.325,0.15000000000000002,0.08571428571428573,0.25000000000000006,0.8000000000000004,0.30000000000000004,0.0,0.4500000000000001,0.7857142857142839,0.6785714285714272,0.7999999999999982
0.4480769230769225,0.7197265625,0.9404296875,0.325,0.1,0.0,0.325,0.15000000000000002,0.08571428571428573,0.25000000000000006,0.8000000000000004,0.30000000000000004,0.0,0.4500000000000001,0.7857142857142839,0.6857142857142843,0.7999999999999982
0.4490384615384609,0.7216796875,0.94189453125,0.325,0.1,0.0,0.325,0.15714285714285717,0.08571428571428573,0.25000000000000006,0.8000000000000004,0.30000000000000004,0.0,0.4500000000000001,0.7857142857142839,0.6857142857142843,0.7999999999999982
0.44999999999999934,0.72314453125,0.9443359375,0.325,0.1,0.0,0.325,0.15714285714285717,0.09285714285714287,0.25000000000000006,0.8000000000000004,0.30000000000000004,0.0,0.4500000000000001,0.7857142857142839,0.6857142857142843,0.7999999999999982
0.45096153846153786,0.724609375,0.94677734375,0.325,0.1,0.0,0.325,0.15714285714285717,0.10000000000000002,0.25000000000000006,0.8000000000000004,0.30000000000000004,0.0,0.4500000000000001,0.7857142857142839,0.6857142857142843,0.7999999999999982
0.4519230769230763,0.7265625,0.9482421875,0.325,0.1,0.0,0.325,0.1642857142857143,0.10000000000000002,0.25000000000000006,0.8000000000000004,0.30000000000000004,0.0,0.4500000000000001,0.7857142857142839,0.6857142857142843,0.7999999999999982
0.4528846153846147,0.72802734375,0.9501953125,0.325,0.1,0.0,0.325,0.1642857142857143,0.10714285714285716,0.25000000000000006,0.8000000000000004,0.30000000000000004,0.0,0.4500000000000001,0.7857142857142839,0.6857142857142843,0.7999999999999982
0.4538461538461532,0.7294921875,0.95166015625,0.325,0.1,0.0,0.325,0.1642857142857143,0.11428571428571431,0.25000000000000006,0.8000000000000004,0.30000000000000004,0.0,0.4500000000000001,0.7857142857142839,0.6857142857142843,0.7999999999999982
0.4548076923076917,0.7314453125,0.95361328125,0.325,0.1,0.0,0.325,0.17142857142857146,0.11428571428571431,0.25000000000000006,0.8000000000000004,0.30000000000000004,0.0,0.4500000000000001,0.7857142857142839,0.6857142857142843,0.7999999999999982
0.45576923076923015,0.73291015625,0.95556640625,0.325,0.1,0.0,0.325,0.1785714285714286,0.11428571428571431,0.25000000000000006,0.8000000000000004,0.30000000000000004,0.0,0.4500000000000001,0.7857142857142839,0.6857142857142843,0.7999999999999982
0.4567307692307686,0.734375,0.95703125,0.325,0.1,0.0,0.325,0.1785714285714286,0.11428571428571431,0.25000000000000006,0.8000000000000004,0.30000000000000004,0.0,0.4500000000000001,0.7857142857142839,0.6928571428571414,0.7999999999999982
0.45769230769230707,0.73583984375,0.95849609375,0.325,0.1,0.0,0.325,0.1785714285714286,0.11428571428571431,0.25000000000000006,0.8000000000000004,0.30000000000000004,0.0,0.4500000000000001,0.7857142857142839,0.6999999999999985,0.7999999999999982
0.4586538461538455,0.7373046875,0.9609375,0.325,0.1,0.0,0.325,0.1785714285714286,0.11428571428571431,0.25000000000000006,0.8000000000000004,0.30000000000000004,0.0,0.4500000000000001,0.792857142857141,0.6999999999999985,0.7999999999999982
0.459615384615384,0.73876953125,0.96240234375,0.325,0.1,0.0,0.325,0.1785714285714286,0.11428571428571431,0.25000000000000006,0.8000000000000004,0.30000000000000004,0.0,0.4500000000000001,0.792857142857141,0.7071428571428556,0.7999999999999982
0.46057692307692244,0.740234375,0.9638671875,0.325,0.1,0.0,0.325,0.1785714285714286,0.11428571428571431,0.2571428571428572,0.8000000000000004,0.30000000000000004,0.0,0.4500000000000001,0.792857142857141,0.7071428571428556,0.7999999999999982
0.46153846153846084,0.74169921875,0.96533203125,0.325,0.1,0.0,0.325,0.1785714285714286,0.11428571428571431,0.2571428571428572,0.8000000000000004,0.30000000000000004,0.0,0.4500000000000001,0.792857142857141,0.7142857142857127,0.7999999999999982
0.46249999999999936,0.7431640625,0.96728515625,0.325,0.1,0.0,0.325,0.1785714285714286,0.11428571428571431,0.2571428571428572,0.8000000000000004,0.30000000000000004,0.0,0.4500000000000001,0.792857142857141,0.7142857142857127,0.8071428571428553
0.4634615384615378,0.74462890625,0.96923828125,0.325,0.1,0.0,0.325,0.1785714285714286,0.11428571428571431,0.2571428571428572,0.8000000000000004,0.30000000000000004,0.0,0.4500000000000001,0.792857142857141,0.7142857142857127,0.8142857142857124
0.4644230769230762,0.74609375,0.970703125,0.325,0.1,0.0,0.325,0.1785714285714286,0.11428571428571431,0.2571428571428572,0.8000000000000004,0.30000000000000004,0.0,0.4500000000000001,0.792857142857141,0.7214285714285699,0.8142857142857124
0.46538461538461473,0.74755859375,0.97265625,0.325,0.1,0.0,0.325,0.1785714285714286,0.11428571428571431,0.2571428571428572,0.8000000000000004,0.30000000000000004,0.0,0.4500000000000001,0.792857142857141,0.728571428571427,0.8142857142857124
0.4663461538461532,0.7490234375,0.974609375,0.325,0.1,0.0,0.325,0.1785714285714286,0.11428571428571431,0.2571428571428572,0.8000000000000004,0.30000000000000004,0.0,0.4500000000000001,0.792857142857141,0.7357142857142841,0.8142857142857124
0.4673076923076917,0.75048828125,0.97607421875,0.325,0.1,0.0,0.325,0.1785714285714286,0.11428571428571431,0.2571428571428572,0.8000000000000004,0.30000000000000004,0.0,0.4500000000000001,0.792857142857141,0.7428571428571412,0.8142857142857124
0.4682692307692301,0.751953125,0.97900390625,0.325,0.1,0.0,0.325,0.1785714285714286,0.11428571428571431,0.2571428571428572,0.8000000000000004,0.30000000000000004,0.0,0.4500000000000001,0.792857142857141,0.7428571428571412,0.8214285714285695
0.4692307692307685,0.75341796875,0.98046875,0.325,0.1,0.0,0.325,0.1785714285714286,0.11428571428571431,0.2642857142857143,0.8000000000000004,0.30000000000000004,0.0,0.4500000000000001,0.792857142857141,0.7428571428571412,0.8214285714285695
0.470192307692307,0.75537109375,0.982421875,0.325,0.1,0.0,0.35000000000000003,0.1785714285714286,0.11428571428571431,0.2642857142857143,0.8000000000000004,0.30000000000000004,0.0,0.4500000000000001,0.792857142857141,0.7428571428571412,0.8214285714285695
0.4711538461538455,0.75732421875,0.984375,0.325,0.1,0.0,0.35000000000000003,0.18571428571428575,0.11428571428571431,0.2642857142857143,0.8000000000000004,0.30000000000000004,0.0,0.4500000000000001,0.792857142857141,0.7428571428571412,0.8214285714285695
0.4721153846153839,0.7587890625,0.986328125,0.325,0.1,0.0,0.35000000000000003,0.18571428571428575,0.12142857142857146,0.2642857142857143,0.8000000000000004,0.30000000000000004,0.0,0.4500000000000001,0.792857142857141,0.7428571428571412,0.8214285714285695
0.47307692307692234,0.7607421875,0.98779296875,0.325,0.1,0.0,0.35000000000000003,0.1928571428571429,0.12142857142857146,0.2642857142857143,0.8000000000000004,0.30000000000000004,0.0,0.4500000000000001,0.792857142857141,0.7428571428571412,0.8214285714285695
0.47403846153846085,0.76220703125,0.98974609375,0.325,0.1,0.0,0.35000000000000003,0.1928571428571429,0.12142857142857146,0.2714285714285714,0.8000000000000004,0.30000000000000004,0.0,0.4500000000000001,0.792857142857141,0.7428571428571412,0.8214285714285695
0.4749999999999993,0.763671875,0.99169921875,0.325,0.1,0.0,0.35000000000000003,0.1928571428571429,0.12142857142857146,0.2714285714285714,0.8000000000000004,0.30000000000000004,0.0,0.47500000000000014,0.792857142857141,0.7428571428571412,0.8214285714285695
0.47596153846153777,0.76513671875,0.99365234375,0.325,0.1,0.0,0.35000000000000003,0.1928571428571429,0.12142857142857146,0.2714285714285714,0.8000000000000004,0.30000000000000004,0.0,0.47500000000000014,0.792857142857141,0.7428571428571412,0.8285714285714266
0.47692307692307623,0.7666015625,0.9951171875,0.325,0.1,0.0,0.35000000000000003,0.1928571428571429,0.12142857142857146,0.2714285714285714,0.8000000000000004,0.30000000000000004,0.0,0.47500000000000014,0.792857142857141,0.7428571428571412,0.8357142857142837
0.47788461538461474,0.76806640625,0.9970703125,0.325,0.1,0.0,0.35000000000000003,0.1928571428571429,0.12142857142857146,0.2714285714285714,0.8000000000000004,0.30000000000000004,0.0,0.47500000000000014,0.792857142857141,0.7428571428571412,0.8428571428571409
0.47884615384615314,0.77001953125,0.9990234375,0.35000000000000003,0.1,0.0,0.35000000000000003,0.1928571428571429,0.12142857142857146,0.2714285714285714,0.8000000000000004,0.30000000000000004,0.0,0.47500000000000014,0.792857142857141,0.7428571428571412,0.8428571428571409
0.47980769230769166,0.77197265625,1.0,0.35000000000000003,0.1,0.0,0.35000000000000003,0.20000000000000004,0.12142857142857146,0.2714285714285714,0.8000000000000004,0.30000000000000004,0.0,0.47500000000000014,0.792857142857141,0.7428571428571412,0.8428571428571409
0.48076923076923006,0.7734375,1.0029296875,0.35000000000000003,0.1,0.0,0.35000000000000003,0.20000000000000004,0.1285714285714286,0.2714285714285714,0.8000000000000004,0.30000000000000004,0.0,0.47500000000000014,0.792857142857141,0.7428571428571412,0.8428571428571409
0.4817307692307685,0.775390625,1.0048828125,0.35000000000000003,0.1,0.0,0.35000000000000003,0.20714285714285718,0.1285714285714286,0.2714285714285714,0.8000000000000004,0.30000000000000004,0.0,0.47500000000000014,0.792857142857141,0.7428571428571412,0.8428571428571409
0.48269230769230703,0.77685546875,1.0068359375,0.35000000000000003,0.1,0.0,0.35000000000000003,0.20714285714285718,0.13571428571428573,0.2714285714285714,0.8000000000000004,0.30000000000000004,0.0,0.47500000000000014,0.792857142857141,0.7428571428571412,0.8428571428571409
0.48365384615384543,0.77880859375,1.0078125,0.35000000000000003,0.1,0.0,0.35000000000000003,0.21428571428571433,0.13571428571428573,0.2714285714285714,0.8000000000000004,0.30000000000000004,0.0,0.47500000000000014,0.792857142857141,0.7428571428571412,0.8428571428571409
0.48461538461538384,0.7802734375,1.009765625,0.35000000000000003,0.1,0.0,0.35000000000000003,0.21428571428571433,0.13571428571428573,0.2785714285714285,0.8000000000000004,0.30000000000000004,0.0,0.47500000000000014,0.792857142857141,0.7428571428571412,0.8428571428571409
0.4855769230769224,0.7822265625,1.01171875,0.35000000000000003,0.1,0.0,0.35000000000000003,0.22142857142857147,0.13571428571428573,0.2785714285714285,0.8000000000000004,0.30000000000000004,0.0,0.47500000000000014,0.792857142857141,0.7428571428571412,0.8428571428571409
0.4865384615384608,0.78369140625,1.013671875,0.35000000000000003,0.1,0.0,0.35000000000000003,0.22142857142857147,0.13571428571428573,0.2785714285714285,0.8250000000000004,0.30000000000000004,0.0,0.47500000000000014,0.792857142857141,0.7428571428571412,0.8428571428571409
0.4874999999999993,0.78564453125,1.015625,0.35000000000000003,0.1,0.0,0.35000000000000003,0.22857142857142862,0.13571428571428573,0.2785714285714285,0.8250000000000004,0.30000000000000004,0.0,0.47500000000000014,0.792857142857141,0.7428571428571412,0.8428571428571409
0.4884615384615377,0.787109375,1.0166015625,0.35000000000000003,0.1,0.0,0.35000000000000003,0.22857142857142862,0.13571428571428573,0.2785714285714285,0.8250000000000004,0.30000000000000004,0.0,0.47500000000000014,0.7999999999999982,0.7428571428571412,0.8428571428571409
0.48942307692307624,0.78857421875,1.01953125,0.35000000000000003,0.1,0.0,0.35000000000000003,0.22857142857142862,0.13571428571428573,0.2785714285714285,0.8250000000000004,0.30000000000000004,0.0,0.47500000000000014,0.7999999999999982,0.7428571428571412,0.849999999999998
0.49038461538461464,0.79052734375,1.0205078125,0.35000000000000003,0.1,0.0,0.35000000000000003,0.22857142857142862,0.14285714285714288,0.2785714285714285,0.8250000000000004,0.30000000000000004,0.0,0.47500000000000014,0.7999999999999982,0.7428571428571412,0.849999999999998
0.49134615384615316,0.7919921875,1.0224609375,0.35000000000000003,0.1,0.0,0.35000000000000003,0.22857142857142862,0.14285714285714288,0.28571428571428564,0.8250000000000004,0.30000000000000004,0.0,0.47500000000000014,0.7999999999999982,0.7428571428571412,0.849999999999998
0.49230769230769167,0.79345703125,1.0244140625,0.35000000000000003,0.1,0.0,0.35000000000000003,0.22857142857142862,0.14285714285714288,0.28571428571428564,0.8250000000000004,0.30000000000000004,0.0,0.47500000000000014,0.7999999999999982,0.7428571428571412,0.8571428571428551
0.4932692307692301,0.794921875,1.0263671875,0.35000000000000003,0.1,0.0,0.35000000000000003,0.22857142857142862,0.14285714285714288,0.28571428571428564,0.8250000000000004,0.30000000000000004,0.0,0.47500000000000014,0.7999999999999982,0.7428571428571412,0.8642857142857122
0.49423076923076853,0.796875,1.0283203125,0.35000000000000003,0.1,0.0,0.35000000000000003,0.22857142857142862,0.15000000000000002,0.28571428571428564,0.8250000000000004,0.30000000000000004,0.0,0.47500000000000014,0.7999999999999982,0.7428571428571412,0.8642857142857122
0.495192307692307,0.79833984375,1.0302734375,0.35000000000000003,0.1,0.0,0.35000000000000003,0.22857142857142862,0.15000000000000002,0.29285714285714276,0.8250000000000004,0.30000000000000004,0.0,0.47500000000000014,0.7999999999999982,0.7428571428571412,0.8642857142857122
0.4961538461538455,0.7998046875,1.0322265625,0.35000000000000003,0.1,0.0,0.35000000000000003,0.22857142857142862,0.15000000000000002,0.29285714285714276,0.8250000000000004,0.30000000000000004,0.0,0.47500000000000014,0.8071428571428553,0.7428571428571412,0.8642857142857122
0.4971153846153839,0.80126953125,1.033203125,0.35000000000000003,0.1,0.0,0.35000000000000003,0.22857142857142862,0.15000000000000002,0.29285714285714276,0.8250000000000004,0.30000000000000004,0.0,0.47500000000000014,0.8142857142857124,0.7428571428571412,0.8642857142857122
0.49807692307692236,0.802734375,1.0361328125,0.35000000000000003,0.1,0.0,0.35000000000000003,0.22857142857142862,0.15000000000000002,0.29285714285714276,0.8250000000000004,0.30000000000000004,0.0,0.47500000000000014,0.8214285714285695,0.7428571428571412,0.8642857142857122
0.4990384615384608,0.80419921875,1.037109375,0.35000000000000003,0.1,0.0,0.35000000000000003,0.22857142857142862,0.15000000000000002,0.29285714285714276,0.8250000000000004,0.30000000000000004,0.0,0.47500000000000014,0.8214285714285695,0.7499999999999983,0.8642857142857122
0.4999999999999992,0.8056640625,1.0390625,0.35000000000000003,0.1,0.0,0.35000000000000003,0.22857142857142862,0.15000000000000002,0.29285714285714276,0.8250000000000004,0.30000000000000004,0.0,0.47500000000000014,0.8214285714285695,0.7571428571428555,0.8642857142857122
0.5009615384615378,0.80712890625,1.041015625,0.35000000000000003,0.1,0.0,0.35000000000000003,0.22857142857142862,0.15000000000000002,0.2999999999999999,0.8250000000000004,0.30000000000000004,0.0,0.47500000000000014,0.8214285714285695,0.7571428571428555,0.8642857142857122
0.5019230769230763,0.80859375,1.0419921875,0.35000000000000003,0.1,0.0,0.35000000000000003,0.22857142857142862,0.15000000000000002,0.2999999999999999,0.8250000000000004,0.30000000000000004,0.0,0.47500000000000014,0.8214285714285695,0.7642857142857126,0.8642857142857122
0.5028846153846147,0.81005859375,1.0439453125,0.35000000000000003,0.1,0.0,0.35000000000000003,0.22857142857142862,0.15000000000000002,0.2999999999999999,0.8250000000000004,0.30000000000000004,0.0,0.47500000000000014,0.8214285714285695,0.7714285714285697,0.8642857142857122
0.5038461538461532,0.81201171875,1.046875,0.35000000000000003,0.1,0.0,0.35000000000000003,0.23571428571428577,0.15000000000000002,0.2999999999999999,0.8250000000000004,0.30000000000000004,0.0,0.47500000000000014,0.8214285714285695,0.7714285714285697,0.8642857142857122
0.5048076923076916,0.8134765625,1.0478515625,0.35000000000000003,0.1,0.0,0.35000000000000003,0.23571428571428577,0.15000000000000002,0.2999999999999999,0.8250000000000004,0.30000000000000004,0.0,0.47500000000000014,0.8214285714285695,0.7714285714285697,0.8714285714285693
0.5057692307692301,0.8154296875,1.05078125,0.35000000000000003,0.1,0.0,0.35000000000000003,0.2428571428571429,0.15000000000000002,0.2999999999999999,0.8250000000000004,0.30000000000000004,0.0,0.47500000000000014,0.8214285714285695,0.7714285714285697,0.8714285714285693
0.5067307692307685,0.81689453125,1.0517578125,0.35000000000000003,0.1,0.0,0.35000000000000003,0.2428571428571429,0.15000000000000002,0.2999999999999999,0.8250000000000004,0.30000000000000004,0.0,0.47500000000000014,0.8285714285714266,0.7714285714285697,0.8714285714285693
0.507692307692307,0.81884765625,1.0537109375,0.35000000000000003,0.1,0.0,0.37500000000000006,0.2428571428571429,0.15000000000000002,0.2999999999999999,0.8250000000000004,0.30000000000000004,0.0,0.47500000000000014,0.8285714285714266,0.7714285714285697,0.8714285714285693
0.5086538461538453,0.82080078125,1.0556640625,0.35000000000000003,0.1,0.0,0.37500000000000006,0.2428571428571429,0.15714285714285717,0.2999999999999999,0.8250000000000004,0.30000000000000004,0.0,0.47500000000000014,0.8285714285714266,0.7714285714285697,0.8714285714285693
0.5096153846153839,0.822265625,1.0576171875,0.35000000000000003,0.1,0.0,0.37500000000000006,0.2428571428571429,0.15714285714285717,0.307142857142857,0.8250000000000004,0.30000000000000004,0.0,0.47500000000000014,0.8285714285714266,0.7714285714285697,0.8714285714285693
0.5105769230769224,0.82373046875,1.0595703125,0.35000000000000003,0.1,0.0,0.37500000000000006,0.2428571428571429,0.15714285714285717,0.307142857142857,0.8250000000000004,0.30000000000000004,0.0,0.47500000000000014,0.8357142857142837,0.7714285714285697,0.8714285714285693
0.5115384615384607,0.82568359375,1.060546875,0.35000000000000003,0.1,0.0,0.37500000000000006,0.2428571428571429,0.1642857142857143,0.307142857142857,0.8250000000000004,0.30000000000000004,0.0,0.47500000000000014,0.8357142857142837,0.7714285714285697,0.8714285714285693
0.5124999999999993,0.8271484375,1.0625,0.35000000000000003,0.1,0.0,0.37500000000000006,0.2428571428571429,0.17142857142857146,0.307142857142857,0.8250000000000004,0.30000000000000004,0.0,0.47500000000000014,0.8357142857142837,0.7714285714285697,0.8714285714285693
0.5134615384615377,0.82861328125,1.064453125,0.35000000000000003,0.1,0.0,0.37500000000000006,0.2428571428571429,0.17142857142857146,0.3142857142857141,0.8250000000000004,0.30000000000000004,0.0,0.47500000000000014,0.8357142857142837,0.7714285714285697,0.8714285714285693
0.5144230769230762,0.830078125,1.06640625,0.35000000000000003,0.1,0.0,0.37500000000000006,0.2428571428571429,0.17142857142857146,0.3142857142857141,0.8250000000000004,0.30000000000000004,0.0,0.47500000000000014,0.8357142857142837,0.7785714285714268,0.8714285714285693
0.5153846153846147,0.83154296875,1.068359375,0.35000000000000003,0.1,0.0,0.37500000000000006,0.2428571428571429,0.17142857142857146,0.3142857142857141,0.8250000000000004,0.30000000000000004,0.0,0.47500000000000014,0.8357142857142837,0.7857142857142839,0.8714285714285693
0.516346153846153,0.8330078125,1.0703125,0.35000000000000003,0.1,0.0,0.37500000000000006,0.2428571428571429,0.17142857142857146,0.3142857142857141,0.8250000000000004,0.30000000000000004,0.0,0.5000000000000001,0.8357142857142837,0.7857142857142839,0.8714285714285693
0.5173076923076915,0.83447265625,1.072265625,0.35000000000000003,0.1,0.0,0.37500000000000006,0.2428571428571429,0.17142857142857146,0.3142857142857141,0.8250000000000004,0.30000000000000004,0.0,0.5000000000000001,0.8357142857142837,0.792857142857141,0.8714285714285693
0.5182692307692299,0.8359375,1.07421875,0.35000000000000003,0.1,0.0,0.37500000000000006,0.2428571428571429,0.17142857142857146,0.3142857142857141,0.8250000000000004,0.30000000000000004,0.0,0.5000000000000001,0.8357142857142837,0.792857142857141,0.8785714285714264
0.5192307692307684,0.83740234375,1.076171875,0.35000000000000003,0.1,0.0,0.37500000000000006,0.2428571428571429,0.17142857142857146,0.3142857142857141,0.8250000000000004,0.30000000000000004,0.0,0.5000000000000001,0.8428571428571409,0.792857142857141,0.8785714285714264
0.5201923076923068,0.83935546875,1.0771484375,0.35000000000000003,0.1,0.0,0.37500000000000006,0.2428571428571429,0.1785714285714286,0.3142857142857141,0.8250000000000004,0.30000000000000004,0.0,0.5000000000000001,0.8428571428571409,0.792857142857141,0.8785714285714264
0.5211538461538454,0.8408203125,1.0791015625,0.35000000000000003,0.1,0.0,0.37500000000000006,0.2428571428571429,0.18571428571428575,0.3142857142857141,0.8250000000000004,0.30000000000000004,0.0,0.5000000000000001,0.8428571428571409,0.792857142857141,0.8785714285714264
0.5221153846153838,0.84228515625,1.080078125,0.35000000000000003,0.1,0.0,0.37500000000000006,0.2428571428571429,0.18571428571428575,0.3142857142857141,0.8250000000000004,0.30000000000000004,0.0,0.5000000000000001,0.849999999999998,0.792857142857141,0.8785714285714264
0.5230769230769222,0.84375,1.08203125,0.35000000000000003,0.1,0.0,0.37500000000000006,0.2428571428571429,0.18571428571428575,0.3142857142857141,0.8250000000000004,0.30000000000000004,0.0,0.5000000000000001,0.8571428571428551,0.792857142857141,0.8785714285714264
0.5240384615384607,0.84521484375,1.083984375,0.35000000000000003,0.1,0.0,0.37500000000000006,0.2428571428571429,0.18571428571428575,0.3142857142857141,0.8250000000000004,0.30000000000000004,0.0,0.5000000000000001,0.8571428571428551,0.792857142857141,0.8857142857142836
0.5249999999999992,0.8466796875,1.0859375,0.35000000000000003,0.1,0.0,0.37500000000000006,0.2428571428571429,0.18571428571428575,0.3142857142857141,0.8250000000000004,0.30000000000000004,0.0,0.5000000000000001,0.8642857142857122,0.792857142857141,0.8857142857142836
0.5259615384615377,0.84814453125,1.087890625,0.35000000000000003,0.1,0.0,0.37500000000000006,0.2428571428571429,0.18571428571428575,0.3142857142857141,0.8250000000000004,0.30000000000000004,0.0,0.5000000000000001,0.8642857142857122,0.792857142857141,0.8928571428571407
0.5269230769230762,0.85009765625,1.08984375,0.37500000000000006,0.1,0.0,0.37500000000000006,0.2428571428571429,0.18571428571428575,0.3142857142857141,0.8250000000000004,0.30000000000000004,0.0,0.5000000000000001,0.8642857142857122,0.792857142857141,0.8928571428571407
0.5278846153846146,0.8515625,1.091796875,0.37500000000000006,0.1,0.0,0.37500000000000006,0.2428571428571429,0.18571428571428575,0.3142857142857141,0.8250000000000004,0.30000000000000004,0.0,0.5000000000000001,0.8714285714285693,0.792857142857141,0.8928571428571407
0.5288461538461531,0.853515625,1.0927734375,0.37500000000000006,0.1,0.0,0.37500000000000006,0.2428571428571429,0.1928571428571429,0.3142857142857141,0.8250000000000004,0.30000000000000004,0.0,0.5000000000000001,0.8714285714285693,0.792857142857141,0.8928571428571407
0.5298076923076915,0.85498046875,1.0947265625,0.37500000000000006,0.1,0.0,0.37500000000000006,0.2428571428571429,0.20000000000000004,0.3142857142857141,0.8250000000000004,0.30000000000000004,0.0,0.5000000000000001,0.8714285714285693,0.792857142857141,0.8928571428571407
0.53076923076923,0.8564453125,1.0966796875,0.37500000000000006,0.1,0.0,0.37500000000000006,0.2428571428571429,0.20000000000000004,0.3142857142857141,0.8250000000000004,0.30000000000000004,0.0,0.5000000000000001,0.8714285714285693,0.7999999999999982,0.8928571428571407
0.5317307692307685,0.8583984375,1.0986328125,0.37500000000000006,0.1,0.0,0.37500000000000006,0.2428571428571429,0.20714285714285718,0.3142857142857141,0.8250000000000004,0.30000000000000004,0.0,0.5000000000000001,0.8714285714285693,0.7999999999999982,0.8928571428571407
0.5326923076923069,0.85986328125,1.1005859375,0.37500000000000006,0.1,0.0,0.37500000000000006,0.2428571428571429,0.20714285714285718,0.32142857142857123,0.8250000000000004,0.30000000000000004,0.0,0.5000000000000001,0.8714285714285693,0.7999999999999982,0.8928571428571407
0.5336538461538454,0.861328125,1.1015625,0.37500000000000006,0.1,0.0,0.37500000000000006,0.2428571428571429,0.20714285714285718,0.32142857142857123,0.8250000000000004,0.30000000000000004,0.0,0.5000000000000001,0.8714285714285693,0.8071428571428553,0.8928571428571407
0.5346153846153838,0.86279296875,1.103515625,0.37500000000000006,0.1,0.0,0.37500000000000006,0.2428571428571429,0.20714285714285718,0.32142857142857123,0.8250000000000004,0.30000000000000004,0.0,0.5000000000000001,0.8714285714285693,0.8142857142857124,0.8928571428571407
0.5355769230769223,0.8642578125,1.10546875,0.37500000000000006,0.1,0.0,0.37500000000000006,0.2428571428571429,0.20714285714285718,0.32857142857142835,0.8250000000000004,0.30000000000000004,0.0,0.5000000000000001,0.8714285714285693,0.8142857142857124,0.8928571428571407
0.5365384615384607,0.86572265625,1.1064453125,0.37500000000000006,0.1,0.0,0.37500000000000006,0.2428571428571429,0.20714285714285718,0.32857142857142835,0.8250000000000004,0.30000000000000004,0.0,0.5000000000000001,0.8714285714285693,0.8214285714285695,0.8928571428571407
0.5374999999999992,0.8671875,1.109375,0.37500000000000006,0.1,0.0,0.37500000000000006,0.2428571428571429,0.20714285714285718,0.32857142857142835,0.8250000000000004,0.30000000000000004,0.0,0.5000000000000001,0.8714285714285693,0.8285714285714266,0.8928571428571407
0.5384615384615377,0.86865234375,1.111328125,0.37500000000000006,0.1,0.0,0.37500000000000006,0.2428571428571429,0.20714285714285718,0.32857142857142835,0.8250000000000004,0.30000000000000004,0.0,0.5000000000000001,0.8714285714285693,0.8357142857142837,0.8928571428571407
0.539423076923076,0.8701171875,1.1123046875,0.37500000000000006,0.1,0.0,0.37500000000000006,0.2428571428571429,0.20714285714285718,0.32857142857142835,0.8250000000000004,0.30000000000000004,0.0,0.5000000000000001,0.8714285714285693,0.8357142857142837,0.8999999999999978
0.5403846153846146,0.87158203125,1.1142578125,0.37500000000000006,0.1,0.0,0.37500000000000006,0.2428571428571429,0.20714285714285718,0.32857142857142835,0.8250000000000004,0.30000000000000004,0.0,0.5000000000000001,0.8714285714285693,0.8428571428571409,0.8999999999999978
0.541346153846153,0.87353515625,1.1162109375,0.37500000000000006,0.1,0.0,0.37500000000000006,0.2428571428571429,0.21428571428571433,0.32857142857142835,0.8250000000000004,0.30000000000000004,0.0,0.5000000000000001,0.8714285714285693,0.8428571428571409,0.8999999999999978
0.5423076923076915,0.875,1.1181640625,0.37500000000000006,0.1,0.0,0.37500000000000006,0.2428571428571429,0.21428571428571433,0.32857142857142835,0.8250000000000004,0.30000000000000004,0.0,0.5000000000000001,0.8714285714285693,0.8428571428571409,0.9071428571428549
0.54326923076923,0.87646484375,1.119140625,0.37500000000000006,0.1,0.0,0.37500000000000006,0.2428571428571429,0.21428571428571433,0.32857142857142835,0.8250000000000004,0.30000000000000004,0.0,0.5000000000000001,0.8714285714285693,0.8428571428571409,0.914285714285712
0.5442307692307684,0.87841796875,1.12109375,0.37500000000000006,0.1,0.0,0.37500000000000006,0.2428571428571429,0.22142857142857147,0.32857142857142835,0.8250000000000004,0.30000000000000004,0.0,0.5000000000000001,0.8714285714285693,0.8428571428571409,0.914285714285712
0.5451923076923068,0.8798828125,1.1220703125,0.37500000000000006,0.1,0.0,0.37500000000000006,0.2428571428571429,0.22142857142857147,0.33571428571428547,0.8250000000000004,0.30000000000000004,0.0,0.5000000000000001,0.8714285714285693,0.8428571428571409,0.914285714285712
0.5461538461538453,0.8818359375,1.125,0.4000000000000001,0.1,0.0,0.37500000000000006,0.2428571428571429,0.22142857142857147,0.33571428571428547,0.8250000000000004,0.30000000000000004,0.0,0.5000000000000001,0.8714285714285693,0.8428571428571409,0.914285714285712
0.5471153846153837,0.8837890625,1.126953125,0.4000000000000001,0.1,0.0,0.37500000000000006,0.25000000000000006,0.22142857142857147,0.33571428571428547,0.8250000000000004,0.30000000000000004,0.0,0.5000000000000001,0.8714285714285693,0.8428571428571409,0.914285714285712
0.5480769230769222,0.8857421875,1.1279296875,0.4250000000000001,0.1,0.0,0.37500000000000006,0.25000000000000006,0.22142857142857147,0.33571428571428547,0.8250000000000004,0.30000000000000004,0.0,0.5000000000000001,0.8714285714285693,0.8428571428571409,0.914285714285712
0.5490384615384607,0.8876953125,1.1298828125,0.4250000000000001,0.1,0.0,0.37500000000000006,0.2571428571428572,0.22142857142857147,0.33571428571428547,0.8250000000000004,0.30000000000000004,0.0,0.5000000000000001,0.8714285714285693,0.8428571428571409,0.914285714285712
0.549999999999999,0.88916015625,1.130859375,0.4250000000000001,0.1,0.0,0.37500000000000006,0.2642857142857143,0.22142857142857147,0.33571428571428547,0.8250000000000004,0.30000000000000004,0.0,0.5000000000000001,0.8714285714285693,0.8428571428571409,0.914285714285712
0.5509615384615376,0.890625,1.1337890625,0.4250000000000001,0.1,0.0,0.37500000000000006,0.2642857142857143,0.22142857142857147,0.3428571428571426,0.8250000000000004,0.30000000000000004,0.0,0.5000000000000001,0.8714285714285693,0.8428571428571409,0.914285714285712
0.5519230769230761,0.892578125,1.134765625,0.4250000000000001,0.1,0.0,0.37500000000000006,0.2714285714285714,0.22142857142857147,0.3428571428571426,0.8250000000000004,0.30000000000000004,0.0,0.5000000000000001,0.8714285714285693,0.8428571428571409,0.914285714285712
0.5528846153846145,0.89404296875,1.13671875,0.4250000000000001,0.1,0.0,0.37500000000000006,0.2785714285714285,0.22142857142857147,0.3428571428571426,0.8250000000000004,0.30000000000000004,0.0,0.5000000000000001,0.8714285714285693,0.8428571428571409,0.914285714285712
0.553846153846153,0.8955078125,1.1396484375,0.4250000000000001,0.1,0.0,0.37500000000000006,0.2785714285714285,0.22142857142857147,0.3428571428571426,0.8250000000000004,0.30000000000000004,0.0,0.5000000000000001,0.8785714285714264,0.8428571428571409,0.914285714285712
0.5548076923076913,0.8974609375,1.140625,0.4250000000000001,0.1,0.0,0.37500000000000006,0.28571428571428564,0.22142857142857147,0.3428571428571426,0.8250000000000004,0.30000000000000004,0.0,0.5000000000000001,0.8785714285714264,0.8428571428571409,0.914285714285712
0.5557692307692299,0.89892578125,1.142578125,0.4250000000000001,0.1,0.0,0.37500000000000006,0.28571428571428564,0.22142857142857147,0.3428571428571426,0.8250000000000004,0.30000000000000004,0.0,0.5000000000000001,0.8785714285714264,0.8428571428571409,0.9214285714285692
0.5567307692307684,0.90087890625,1.14453125,0.4250000000000001,0.1,0.0,0.37500000000000006,0.29285714285714276,0.22142857142857147,0.3428571428571426,0.8250000000000004,0.30000000000000004,0.0,0.5000000000000001,0.8785714285714264,0.8428571428571409,0.9214285714285692
0.5576923076923068,0.90234375,1.1455078125,0.4250000000000001,0.1,0.0,0.37500000000000006,0.29285714285714276,0.22142857142857147,0.3499999999999997,0.8250000000000004,0.30000000000000004,0.0,0.5000000000000001,0.8785714285714264,0.8428571428571409,0.9214285714285692
0.5586538461538453,0.90380859375,1.1484375,0.4250000000000001,0.1,0.0,0.37500000000000006,0.29285714285714276,0.22142857142857147,0.3499999999999997,0.8250000000000004,0.30000000000000004,0.0,0.5000000000000001,0.8785714285714264,0.849999999999998,0.9214285714285692
0.5596153846153837,0.9052734375,1.1494140625,0.4250000000000001,0.1,0.0,0.37500000000000006,0.29285714285714276,0.22142857142857147,0.3499999999999997,0.8250000000000004,0.30000000000000004,0.0,0.5000000000000001,0.8785714285714264,0.8571428571428551,0.9214285714285692
0.5605769230769222,0.9072265625,1.1513671875,0.4250000000000001,0.1,0.0,0.4000000000000001,0.29285714285714276,0.22142857142857147,0.3499999999999997,0.8250000000000004,0.30000000000000004,0.0,0.5000000000000001,0.8785714285714264,0.8571428571428551,0.9214285714285692
0.5615384615384607,0.90869140625,1.15234375,0.4250000000000001,0.1,0.0,0.4000000000000001,0.29285714285714276,0.22142857142857147,0.3499999999999997,0.8250000000000004,0.30000000000000004,0.0,0.5000000000000001,0.8857142857142836,0.8571428571428551,0.9214285714285692
0.5624999999999991,0.91064453125,1.154296875,0.4250000000000001,0.1,0.0,0.4000000000000001,0.29285714285714276,0.22857142857142862,0.3499999999999997,0.8250000000000004,0.30000000000000004,0.0,0.5000000000000001,0.8857142857142836,0.8571428571428551,0.9214285714285692
0.5634615384615376,0.912109375,1.15625,0.4250000000000001,0.1,0.0,0.4000000000000001,0.29285714285714276,0.22857142857142862,0.3571428571428568,0.8250000000000004,0.30000000000000004,0.0,0.5000000000000001,0.8857142857142836,0.8571428571428551,0.9214285714285692
0.564423076923076,0.91357421875,1.158203125,0.4250000000000001,0.1,0.0,0.4000000000000001,0.29285714285714276,0.22857142857142862,0.36428571428571394,0.8250000000000004,0.30000000000000004,0.0,0.5000000000000001,0.8857142857142836,0.8571428571428551,0.9214285714285692
0.5653846153846145,0.91552734375,1.1591796875,0.4250000000000001,0.1,0.0,0.4000000000000001,0.29285714285714276,0.23571428571428577,0.36428571428571394,0.8250000000000004,0.30000000000000004,0.0,0.5000000000000001,0.8857142857142836,0.8571428571428551,0.9214285714285692
0.566346153846153,0.9169921875,1.162109375,0.4250000000000001,0.1,0.0,0.4000000000000001,0.29285714285714276,0.23571428571428577,0.37142857142857105,0.8250000000000004,0.30000000000000004,0.0,0.5000000000000001,0.8857142857142836,0.8571428571428551,0.9214285714285692
0.5673076923076915,0.91845703125,1.1630859375,0.4250000000000001,0.1,0.0,0.4000000000000001,0.29285714285714276,0.23571428571428577,0.37142857142857105,0.8250000000000004,0.30000000000000004,0.0,0.5000000000000001,0.8857142857142836,0.8571428571428551,0.9285714285714263
0.5682692307692299,0.92041015625,1.1650390625,0.4250000000000001,0.1,0.0,0.4000000000000001,0.2999999999999999,0.23571428571428577,0.37142857142857105,0.8250000000000004,0.30000000000000004,0.0,0.5000000000000001,0.8857142857142836,0.8571428571428551,0.9285714285714263
0.5692307692307683,0.921875,1.166015625,0.4250000000000001,0.1,0.0,0.4000000000000001,0.2999999999999999,0.23571428571428577,0.37142857142857105,0.8250000000000004,0.30000000000000004,0.0,0.5000000000000001,0.8857142857142836,0.8642857142857122,0.9285714285714263
0.5701923076923069,0.92333984375,1.16796875,0.4250000000000001,0.1,0.0,0.4000000000000001,0.2999999999999999,0.23571428571428577,0.37142857142857105,0.8250000000000004,0.30000000000000004,0.0,0.5000000000000001,0.8857142857142836,0.8714285714285693,0.9285714285714263
0.5711538461538452,0.9248046875,1.169921875,0.4250000000000001,0.1,0.0,0.4000000000000001,0.2999999999999999,0.23571428571428577,0.37142857142857105,0.8250000000000004,0.30000000000000004,0.0,0.5000000000000001,0.8857142857142836,0.8785714285714264,0.9285714285714263
0.5721153846153837,0.9267578125,1.1708984375,0.4250000000000001,0.1,0.0,0.4000000000000001,0.307142857142857,0.23571428571428577,0.37142857142857105,0.8250000000000004,0.30000000000000004,0.0,0.5000000000000001,0.8857142857142836,0.8785714285714264,0.9285714285714263
0.5730769230769222,0.92822265625,1.171875,0.4250000000000001,0.1,0.0,0.4000000000000001,0.307142857142857,0.2428571428571429,0.37142857142857105,0.8250000000000004,0.30000000000000004,0.0,0.5000000000000001,0.8857142857142836,0.8785714285714264,0.9285714285714263
0.5740384615384606,0.9296875,1.173828125,0.4250000000000001,0.1,0.0,0.4000000000000001,0.307142857142857,0.2428571428571429,0.37142857142857105,0.8250000000000004,0.30000000000000004,0.0,0.5000000000000001,0.8857142857142836,0.8857142857142836,0.9285714285714263
0.5749999999999991,0.931640625,1.17578125,0.4250000000000001,0.1,0.0,0.4000000000000001,0.307142857142857,0.25000000000000006,0.37142857142857105,0.8250000000000004,0.30000000000000004,0.0,0.5000000000000001,0.8857142857142836,0.8857142857142836,0.9285714285714263
0.5759615384615375,0.93310546875,1.177734375,0.4250000000000001,0.1,0.0,0.4000000000000001,0.307142857142857,0.25000000000000006,0.37142857142857105,0.8250000000000004,0.30000000000000004,0.0,0.5000000000000001,0.8857142857142836,0.8857142857142836,0.9357142857142834
0.576923076923076,0.93505859375,1.1796875,0.4250000000000001,0.1,0.0,0.4000000000000001,0.3142857142857141,0.25000000000000006,0.37142857142857105,0.8250000000000004,0.30000000000000004,0.0,0.5000000000000001,0.8857142857142836,0.8857142857142836,0.9357142857142834
0.5778846153846144,0.9365234375,1.1806640625,0.4250000000000001,0.1,0.0,0.4000000000000001,0.3142857142857141,0.25000000000000006,0.37142857142857105,0.8250000000000004,0.30000000000000004,0.0,0.5000000000000001,0.8928571428571407,0.8857142857142836,0.9357142857142834
0.5788461538461529,0.9384765625,1.181640625,0.4250000000000001,0.1,0.0,0.4000000000000001,0.32142857142857123,0.25000000000000006,0.37142857142857105,0.8250000000000004,0.30000000000000004,0.0,0.5000000000000001,0.8928571428571407,0.8857142857142836,0.9357142857142834
0.5798076923076914,0.93994140625,1.18359375,0.4250000000000001,0.1,0.0,0.4000000000000001,0.32142857142857123,0.2571428571428572,0.37142857142857105,0.8250000000000004,0.30000000000000004,0.0,0.5000000000000001,0.8928571428571407,0.8857142857142836,0.9357142857142834
0.5807692307692298,0.94140625,1.185546875,0.4250000000000001,0.1,0.0,0.4000000000000001,0.32142857142857123,0.2571428571428572,0.37142857142857105,0.8250000000000004,0.30000000000000004,0.0,0.5000000000000001,0.8928571428571407,0.8928571428571407,0.9357142857142834
0.5817307692307684,0.94287109375,1.1875,0.4250000000000001,0.1,0.0,0.4000000000000001,0.32142857142857123,0.2571428571428572,0.37142857142857105,0.8250000000000004,0.30000000000000004,0.0,0.5000000000000001,0.8928571428571407,0.8928571428571407,0.9428571428571405
0.5826923076923067,0.94482421875,1.1884765625,0.4250000000000001,0.1,0.0,0.4000000000000001,0.32857142857142835,0.2571428571428572,0.37142857142857105,0.8250000000000004,0.30000000000000004,0.0,0.5000000000000001,0.8928571428571407,0.8928571428571407,0.9428571428571405
0.5836538461538452,0.9462890625,1.1904296875,0.4250000000000001,0.1,0.0,0.4000000000000001,0.32857142857142835,0.2571428571428572,0.37857142857142817,0.8250000000000004,0.30000000000000004,0.0,0.5000000000000001,0.8928571428571407,0.8928571428571407,0.9428571428571405
0.5846153846153836,0.9482421875,1.1923828125,0.4250000000000001,0.1,0.0,0.4000000000000001,0.32857142857142835,0.2642857142857143,0.37857142857142817,0.8250000000000004,0.30000000000000004,0.0,0.5000000000000001,0.8928571428571407,0.8928571428571407,0.9428571428571405
0.5855769230769221,0.94970703125,1.193359375,0.4250000000000001,0.1,0.0,0.4000000000000001,0.32857142857142835,0.2714285714285714,0.37857142857142817,0.8250000000000004,0.30000000000000004,0.0,0.5000000000000001,0.8928571428571407,0.8928571428571407,0.9428571428571405
0.5865384615384606,0.951171875,1.1953125,0.4250000000000001,0.1,0.0,0.4000000000000001,0.32857142857142835,0.2785714285714285,0.37857142857142817,0.8250000000000004,0.30000000000000004,0.0,0.5000000000000001,0.8928571428571407,0.8928571428571407,0.9428571428571405
0.587499999999999,0.953125,1.1962890625,0.4250000000000001,0.1,0.0,0.4000000000000001,0.32857142857142835,0.28571428571428564,0.37857142857142817,0.8250000000000004,0.30000000000000004,0.0,0.5000000000000001,0.8928571428571407,0.8928571428571407,0.9428571428571405
0.5884615384615375,0.95458984375,1.1982421875,0.4250000000000001,0.1,0.0,0.4000000000000001,0.32857142857142835,0.29285714285714276,0.37857142857142817,0.8250000000000004,0.30000000000000004,0.0,0.5000000000000001,0.8928571428571407,0.8928571428571407,0.9428571428571405
0.589423076923076,0.9560546875,1.2001953125,0.4250000000000001,0.1,0.0,0.4000000000000001,0.32857142857142835,0.29285714285714276,0.3857142857142853,0.8250000000000004,0.30000000000000004,0.0,0.5000000000000001,0.8928571428571407,0.8928571428571407,0.9428571428571405
0.5903846153846144,0.9580078125,1.201171875,0.4250000000000001,0.1,0.0,0.4000000000000001,0.32857142857142835,0.2999999999999999,0.3857142857142853,0.8250000000000004,0.30000000000000004,0.0,0.5000000000000001,0.8928571428571407,0.8928571428571407,0.9428571428571405
0.5913461538461529,0.95947265625,1.203125,0.4250000000000001,0.1,0.0,0.4000000000000001,0.32857142857142835,0.2999999999999999,0.3857142857142853,0.8250000000000004,0.30000000000000004,0.0,0.5250000000000001,0.8928571428571407,0.8928571428571407,0.9428571428571405
0.5923076923076913,0.96142578125,1.205078125,0.4250000000000001,0.1,0.0,0.4000000000000001,0.32857142857142835,0.307142857142857,0.3857142857142853,0.8250000000000004,0.30000000000000004,0.0,0.5250000000000001,0.8928571428571407,0.8928571428571407,0.9428571428571405
0.5932692307692299,0.962890625,1.2060546875,0.4250000000000001,0.1,0.0,0.4000000000000001,0.32857142857142835,0.307142857142857,0.3928571428571424,0.8250000000000004,0.30000000000000004,0.0,0.5250000000000001,0.8928571428571407,0.8928571428571407,0.9428571428571405
0.5942307692307683,0.96435546875,1.2080078125,0.4250000000000001,0.1,0.0,0.4000000000000001,0.32857142857142835,0.307142857142857,0.3999999999999995,0.8250000000000004,0.30000000000000004,0.0,0.5250000000000001,0.8928571428571407,0.8928571428571407,0.9428571428571405
0.5951923076923068,0.9658203125,1.2099609375,0.4250000000000001,0.1,0.0,0.4000000000000001,0.32857142857142835,0.307142857142857,0.3999999999999995,0.8250000000000004,0.30000000000000004,0.0,0.5250000000000001,0.8928571428571407,0.8928571428571407,0.9499999999999976
0.5961538461538451,0.9677734375,1.2119140625,0.4250000000000001,0.1,0.0,0.4000000000000001,0.33571428571428547,0.307142857142857,0.3999999999999995,0.8250000000000004,0.30000000000000004,0.0,0.5250000000000001,0.8928571428571407,0.8928571428571407,0.9499999999999976
0.5971153846153837,0.9697265625,1.212890625,0.4250000000000001,0.1,0.0,0.4250000000000001,0.33571428571428547,0.307142857142857,0.3999999999999995,0.8250000000000004,0.30000000000000004,0.0,0.5250000000000001,0.8928571428571407,0.8928571428571407,0.9499999999999976
0.5980769230769222,0.9716796875,1.21484375,0.4250000000000001,0.1,0.0,0.4250000000000001,0.3428571428571426,0.307142857142857,0.3999999999999995,0.8250000000000004,0.30000000000000004,0.0,0.5250000000000001,0.8928571428571407,0.8928571428571407,0.9499999999999976
0.5990384615384606,0.97314453125,1.2158203125,0.4250000000000001,0.1,0.0,0.4250000000000001,0.3499999999999997,0.307142857142857,0.3999999999999995,0.8250000000000004,0.30000000000000004,0.0,0.5250000000000001,0.8928571428571407,0.8928571428571407,0.9499999999999976
0.599999999999999,0.974609375,1.2177734375,0.4250000000000001,0.1,0.0,0.4250000000000001,0.3499999999999997,0.307142857142857,0.40714285714285664,0.8250000000000004,0.30000000000000004,0.0,0.5250000000000001,0.8928571428571407,0.8928571428571407,0.9499999999999976
0.6009615384615375,0.9765625,1.2197265625,0.4250000000000001,0.1,0.0,0.4250000000000001,0.3571428571428568,0.307142857142857,0.40714285714285664,0.8250000000000004,0.30000000000000004,0.0,0.5250000000000001,0.8928571428571407,0.8928571428571407,0.9499999999999976
