Effective Sparsity,Activation Error,Baseline Error,q0,k0,v0,o0,gate0,up0,down0,q1,k1,v1,o1,gate1,up1,down1
0.0012121212121212121,3.7610530853271484e-05,0.031829833984375,0.0,0.0,0.0,0.0,0.0,0.0,0.0,0.0,0.0,0.0,0.0,0.009302325581395349,0.0,0.0
0.0024242424242424242,4.6372413635253906e-05,0.031829833984375,0.0,0.0,0.0,0.0,0.0,0.0,0.0,0.0,0.0,0.0,0.0,0.009302325581395349,0.009302325581395349,0.0
0.003636363636363637,6.0617923736572266e-05,0.031829833984375,0.0,0.0,0.0,0.0,0.0,0.009302325581395349,0.0,0.0,0.0,0.0,0.0,0.009302325581395349,0.009302325581395349,0.0
0.0048484848484848485,7.647275924682617e-05,0.031829833984375,0.0,0.0,0.0,0.0,0.0,0.009302325581395349,0.0,0.0,0.0,0.0,0.0,0.009302325581395349,0.009302325581395349,0.009302325581395349
0.006060606060606061,8.96453857421875e-05,0.031829833984375,0.0,0.0,0.0,0.0,0.009302325581395349,0.009302325581395349,0.0,0.0,0.0,0.0,0.0,0.009302325581395349,0.009302325581395349,0.009302325581395349
0.007272727272727273,0.00011646747589111328,0.031829833984375,0.0,0.0,0.0,0.0,0.009302325581395349,0.009302325581395349,0.009302325581395349,0.0,0.0,0.0,0.0,0.009302325581395349,0.009302325581395349,0.009302325581395349
0.008484848484848484,0.0002715587615966797,0.031829833984375,0.0,0.0,0.0,0.0,0.009302325581395349,0.009302325581395349,0.009302325581395349,0.0,0.0,0.0,0.0,0.018604651162790697,0.009302325581395349,0.009302325581395349
0.009696969696969697,0.0003752708435058594,0.031829833984375,0.0,0.0,0.0,0.0,0.009302325581395349,0.009302325581395349,0.009302325581395349,0.0,0.0,0.0,0.0,0.018604651162790697,0.018604651162790697,0.009302325581395349
0.010909090909090908,0.0004868507385253906,0.101806640625,0.0,0.0,0.0,0.0,0.009302325581395349,0.009302325581395349,0.009302325581395349,0.0,0.0,0.0,0.0,0.018604651162790697,0.018604651162790697,0.018604651162790697
0.012121212121212121,0.0006966590881347656,0.10308837890625,0.0,0.0,0.0,0.0,0.018604651162790697,0.009302325581395349,0.009302325581395349,0.0,0.0,0.0,0.0,0.018604651162790697,0.018604651162790697,0.018604651162790697
0.013333333333333332,0.0008902549743652344,0.1053466796875,0.0,0.0,0.0,0.0,0.018604651162790697,0.009302325581395349,0.018604651162790697,0.0,0.0,0.0,0.0,0.018604651162790697,0.018604651162790697,0.018604651162790697
0.014545454545454545,0.0010776519775390625,0.1085205078125,0.0,0.0,0.0,0.0,0.018604651162790697,0.018604651162790697,0.018604651162790697,0.0,0.0,0.0,0.0,0.018604651162790697,0.018604651162790697,0.018604651162790697
0.01575757575757576,0.0015544891357421875,0.11029052734375,0.0,0.0,0.0,0.0,0.018604651162790697,0.018604651162790697,0.018604651162790697,0.025,0.0,0.0,0.0,0.018604651162790697,0.018604651162790697,0.018604651162790697
0.016969696969696968,0.002635955810546875,0.11187744140625,0.025,0.0,0.0,0.0,0.018604651162790697,0.018604651162790697,0.018604651162790697,0.025,0.0,0.0,0.0,0.018604651162790697,0.018604651162790697,0.018604651162790697
0.01818181818181818,0.0037097930908203125,0.11285400390625,0.025,0.0,0.0,0.0,0.018604651162790697,0.018604651162790697,0.018604651162790697,0.025,0.0,0.0,0.0,0.018604651162790697,0.018604651162790697,0.027906976744186046
0.019393939393939394,0.004894256591796875,0.11578369140625,0.025,0.0,0.0,0.0,0.018604651162790697,0.018604651162790697,0.018604651162790697,0.025,0.0,0.0,0.0,0.027906976744186046,0.018604651162790697,0.027906976744186046
0.020606060606060607,0.00592803955078125,0.1171875,0.025,0.0,0.0,0.0,0.018604651162790697,0.018604651162790697,0.018604651162790697,0.025,0.0,0.0,0.0,0.027906976744186046,0.027906976744186046,0.027906976744186046
0.02181818181818182,0.007160186767578125,0.11785888671875,0.025,0.0,0.0,0.0,0.018604651162790697,0.018604651162790697,0.027906976744186046,0.025,0.0,0.0,0.0,0.027906976744186046,0.027906976744186046,0.027906976744186046
0.023030303030303033,0.00848388671875,0.12078857421875,0.025,0.0,0.0,0.0,0.018604651162790697,0.018604651162790697,0.027906976744186046,0.05,0.0,0.0,0.0,0.027906976744186046,0.027906976744186046,0.027906976744186046
0.024242424242424242,0.0096893310546875,0.1268310546875,0.025,0.0,0.0,0.0,0.018604651162790697,0.018604651162790697,0.027906976744186046,0.05,0.0,0.0,0.0,0.027906976744186046,0.027906976744186046,0.037209302325581395
0.025454545454545455,0.01094818115234375,0.1427001953125,0.025,0.0,0.0,0.0,0.027906976744186046,0.018604651162790697,0.027906976744186046,0.05,0.0,0.0,0.0,0.027906976744186046,0.027906976744186046,0.037209302325581395
0.02666666666666667,0.01232147216796875,0.1591796875,0.025,0.0,0.0,0.0,0.027906976744186046,0.027906976744186046,0.027906976744186046,0.05,0.0,0.0,0.0,0.027906976744186046,0.027906976744186046,0.037209302325581395
0.027878787878787878,0.01354217529296875,0.1612548828125,0.025,0.0,0.0,0.0,0.027906976744186046,0.027906976744186046,0.027906976744186046,0.05,0.0,0.0,0.0,0.027906976744186046,0.027906976744186046,0.046511627906976744
0.029090909090909094,0.01480865478515625,0.1669921875,0.025,0.0,0.0,0.0,0.027906976744186046,0.027906976744186046,0.027906976744186046,0.05,0.0,0.0,0.025,0.027906976744186046,0.027906976744186046,0.046511627906976744
0.030303030303030304,0.0160369873046875,0.1683349609375,0.025,0.0,0.0,0.0,0.027906976744186046,0.027906976744186046,0.027906976744186046,0.07500000000000001,0.0,0.0,0.025,0.027906976744186046,0.027906976744186046,0.046511627906976744
0.03151515151515152,0.0171966552734375,0.173828125,0.025,0.0,0.0,0.0,0.027906976744186046,0.027906976744186046,0.027906976744186046,0.07500000000000001,0.0,0.0,0.025,0.027906976744186046,0.027906976744186046,0.05581395348837209
0.03272727272727273,0.01837158203125,0.1778564453125,0.025,0.0,0.0,0.0,0.027906976744186046,0.027906976744186046,0.027906976744186046,0.07500000000000001,0.0,0.0,0.025,0.037209302325581395,0.027906976744186046,0.05581395348837209
0.033939393939393936,0.0195770263671875,0.179931640625,0.025,0.0,0.0,0.0,0.027906976744186046,0.027906976744186046,0.027906976744186046,0.07500000000000001,0.0,0.0,0.025,0.037209302325581395,0.027906976744186046,0.06511627906976744
0.035151515151515156,0.0208587646484375,0.186279296875,0.025,0.0,0.0,0.0,0.027906976744186046,0.027906976744186046,0.027906976744186046,0.07500000000000001,0.0,0.0,0.025,0.037209302325581395,0.037209302325581395,0.06511627906976744
0.03636363636363636,0.022064208984375,0.188720703125,0.025,0.0,0.0,0.0,0.027906976744186046,0.027906976744186046,0.027906976744186046,0.07500000000000001,0.0,0.0,0.025,0.037209302325581395,0.037209302325581395,0.07441860465116279
0.037575757575757575,0.0232391357421875,0.190185546875,0.025,0.0,0.0,0.0,0.027906976744186046,0.027906976744186046,0.027906976744186046,0.07500000000000001,0.0,0.0,0.05,0.037209302325581395,0.037209302325581395,0.07441860465116279
0.03878787878787879,0.0243988037109375,0.1910400390625,0.025,0.0,0.0,0.0,0.027906976744186046,0.027906976744186046,0.027906976744186046,0.07500000000000001,0.0,0.0,0.05,0.046511627906976744,0.037209302325581395,0.07441860465116279
0.04,0.0255126953125,0.19140625,0.025,0.0,0.0,0.0,0.027906976744186046,0.027906976744186046,0.027906976744186046,0.07500000000000001,0.0,0.0,0.05,0.046511627906976744,0.037209302325581395,0.08372093023255814
0.04121212121212121,0.0266265869140625,0.1917724609375,0.025,0.0,0.0,0.0,0.027906976744186046,0.027906976744186046,0.027906976744186046,0.1,0.0,0.0,0.05,0.046511627906976744,0.037209302325581395,0.08372093023255814
0.04242424242424242,0.02777099609375,0.192138671875,0.025,0.0,0.0,0.0,0.027906976744186046,0.027906976744186046,0.027906976744186046,0.1,0.0,0.0,0.05,0.046511627906976744,0.037209302325581395,0.09302325581395349
0.04363636363636364,0.028900146484375,0.1923828125,0.025,0.0,0.0,0.0,0.027906976744186046,0.027906976744186046,0.037209302325581395,0.1,0.0,0.0,0.05,0.046511627906976744,0.037209302325581395,0.09302325581395349
0.044848484848484846,0.0300140380859375,0.1927490234375,0.025,0.0,0.0,0.0,0.027906976744186046,0.027906976744186046,0.037209302325581395,0.1,0.0,0.0,0.07500000000000001,0.046511627906976744,0.037209302325581395,0.09302325581395349
0.04606060606060606,0.0311126708984375,0.193115234375,0.025,0.0,0.0,0.0,0.027906976744186046,0.027906976744186046,0.037209302325581395,0.1,0.0,0.0,0.07500000000000001,0.05581395348837209,0.037209302325581395,0.09302325581395349
0.04727272727272727,0.03216552734375,0.1934814453125,0.025,0.0,0.0,0.0,0.027906976744186046,0.027906976744186046,0.037209302325581395,0.1,0.0,0.0,0.07500000000000001,0.05581395348837209,0.037209302325581395,0.10232558139534884
0.048484848484848485,0.033233642578125,0.19384765625,0.025,0.0,0.0,0.0,0.027906976744186046,0.027906976744186046,0.037209302325581395,0.1,0.0,0.0,0.07500000000000001,0.05581395348837209,0.046511627906976744,0.10232558139534884
0.04969696969696969,0.0343017578125,0.1942138671875,0.025,0.0,0.0,0.0,0.027906976744186046,0.027906976744186046,0.037209302325581395,0.1,0.0,0.0,0.07500000000000001,0.05581395348837209,0.046511627906976744,0.11162790697674418
0.05090909090909091,0.035400390625,0.194580078125,0.025,0.0,0.0,0.0,0.027906976744186046,0.027906976744186046,0.037209302325581395,0.1,0.0,0.0,0.1,0.05581395348837209,0.046511627906976744,0.11162790697674418
0.05212121212121212,0.0364990234375,0.1949462890625,0.025,0.0,0.0,0.0,0.027906976744186046,0.027906976744186046,0.037209302325581395,0.1,0.0,0.0,0.1,0.06511627906976744,0.046511627906976744,0.11162790697674418
0.05333333333333333,0.03753662109375,0.1953125,0.025,0.0,0.0,0.0,0.027906976744186046,0.027906976744186046,0.037209302325581395,0.1,0.0,0.0,0.1,0.06511627906976744,0.046511627906976744,0.12093023255813953
0.05454545454545454,0.038604736328125,0.1956787109375,0.025,0.0,0.0,0.0,0.027906976744186046,0.027906976744186046,0.037209302325581395,0.125,0.0,0.0,0.1,0.06511627906976744,0.046511627906976744,0.12093023255813953
0.055757575757575756,0.0396728515625,0.1961669921875,0.025,0.0,0.0,0.0,0.027906976744186046,0.027906976744186046,0.037209302325581395,0.125,0.0,0.0,0.1,0.06511627906976744,0.046511627906976744,0.13023255813953488
0.05696969696969696,0.040740966796875,0.196533203125,0.025,0.0,0.0,0.0,0.027906976744186046,0.027906976744186046,0.037209302325581395,0.125,0.0,0.0,0.1,0.07441860465116279,0.046511627906976744,0.13023255813953488
0.05818181818181819,0.041778564453125,0.1968994140625,0.025,0.0,0.0,0.0,0.027906976744186046,0.027906976744186046,0.037209302325581395,0.125,0.0,0.0,0.125,0.07441860465116279,0.046511627906976744,0.13023255813953488
0.0593939393939394,0.04278564453125,0.197265625,0.025,0.0,0.0,0.0,0.027906976744186046,0.027906976744186046,0.037209302325581395,0.125,0.0,0.0,0.125,0.07441860465116279,0.05581395348837209,0.13023255813953488
0.06060606060606061,0.043792724609375,0.1976318359375,0.025,0.0,0.0,0.0,0.027906976744186046,0.027906976744186046,0.037209302325581395,0.125,0.0,0.0,0.125,0.07441860465116279,0.05581395348837209,0.13953488372093023
0.061818181818181814,0.044830322265625,0.1981201171875,0.025,0.0,0.0,0.0,0.027906976744186046,0.027906976744186046,0.037209302325581395,0.125,0.0,0.0,0.125,0.08372093023255814,0.05581395348837209,0.13953488372093023
0.06303030303030303,0.045867919921875,0.198486328125,0.025,0.0,0.0,0.0,0.027906976744186046,0.027906976744186046,0.037209302325581395,0.125,0.0,0.0,0.125,0.08372093023255814,0.05581395348837209,0.14883720930232558
0.06424242424242425,0.046905517578125,0.198974609375,0.025,0.0,0.0,0.0,0.027906976744186046,0.027906976744186046,0.046511627906976744,0.125,0.0,0.0,0.125,0.08372093023255814,0.05581395348837209,0.14883720930232558
0.06545454545454546,0.04791259765625,0.199462890625,0.025,0.0,0.0,0.0,0.027906976744186046,0.027906976744186046,0.046511627906976744,0.125,0.0,0.0,0.15,0.08372093023255814,0.05581395348837209,0.14883720930232558
0.06666666666666667,0.048919677734375,0.199951171875,0.025,0.0,0.0,0.0,0.027906976744186046,0.027906976744186046,0.046511627906976744,0.125,0.0,0.0,0.15,0.09302325581395349,0.05581395348837209,0.14883720930232558
0.06787878787878787,0.0499267578125,0.2003173828125,0.025,0.0,0.0,0.025,0.027906976744186046,0.027906976744186046,0.046511627906976744,0.125,0.0,0.0,0.15,0.09302325581395349,0.05581395348837209,0.14883720930232558
0.06909090909090908,0.0509033203125,0.2008056640625,0.025,0.0,0.0,0.025,0.027906976744186046,0.027906976744186046,0.046511627906976744,0.125,0.0,0.0,0.15,0.09302325581395349,0.06511627906976744,0.14883720930232558
0.0703030303030303,0.0518798828125,0.201171875,0.025,0.0,0.0,0.025,0.027906976744186046,0.027906976744186046,0.046511627906976744,0.125,0.0,0.0,0.15,0.09302325581395349,0.06511627906976744,0.15813953488372093
0.0715151515151515,0.0528564453125,0.20166015625,0.025,0.0,0.0,0.025,0.027906976744186046,0.027906976744186046,0.046511627906976744,0.125,0.0,0.0,0.15,0.09302325581395349,0.06511627906976744,0.16744186046511628
0.07272727272727272,0.0538330078125,0.2021484375,0.025,0.0,0.0,0.025,0.027906976744186046,0.027906976744186046,0.046511627906976744,0.125,0.0,0.0,0.175,0.09302325581395349,0.06511627906976744,0.16744186046511628
0.07393939393939393,0.0548095703125,0.20263671875,0.025,0.0,0.0,0.025,0.027906976744186046,0.027906976744186046,0.046511627906976744,0.125,0.0,0.0,0.175,0.10232558139534884,0.06511627906976744,0.16744186046511628
0.07515151515151515,0.0557861328125,0.203125,0.025,0.0,0.0,0.025,0.027906976744186046,0.027906976744186046,0.046511627906976744,0.125,0.0,0.0,0.175,0.10232558139534884,0.07441860465116279,0.16744186046511628
0.07636363636363637,0.056732177734375,0.20361328125,0.025,0.0,0.0,0.025,0.027906976744186046,0.027906976744186046,0.046511627906976744,0.125,0.0,0.0,0.175,0.10232558139534884,0.07441860465116279,0.17674418604651163
0.07757575757575758,0.0577392578125,0.2041015625,0.025,0.0,0.0,0.025,0.027906976744186046,0.027906976744186046,0.046511627906976744,0.15,0.0,0.0,0.175,0.10232558139534884,0.07441860465116279,0.17674418604651163
0.07878787878787878,0.0587158203125,0.20458984375,0.025,0.0,0.0,0.025,0.027906976744186046,0.027906976744186046,0.046511627906976744,0.15,0.0,0.0,0.19999999999999998,0.10232558139534884,0.07441860465116279,0.17674418604651163
0.08,0.0596923828125,0.205078125,0.025,0.0,0.0,0.025,0.027906976744186046,0.027906976744186046,0.046511627906976744,0.15,0.0,0.0,0.19999999999999998,0.11162790697674418,0.07441860465116279,0.17674418604651163
0.08121212121212121,0.0606689453125,0.2056884765625,0.025,0.0,0.0,0.025,0.027906976744186046,0.027906976744186046,0.046511627906976744,0.15,0.0,0.0,0.19999999999999998,0.11162790697674418,0.08372093023255814,0.17674418604651163
0.08242424242424243,0.0616455078125,0.2061767578125,0.025,0.0,0.0,0.025,0.027906976744186046,0.027906976744186046,0.05581395348837209,0.15,0.0,0.0,0.19999999999999998,0.11162790697674418,0.08372093023255814,0.17674418604651163
0.08363636363636365,0.0626220703125,0.2066650390625,0.025,0.0,0.0,0.025,0.027906976744186046,0.027906976744186046,0.05581395348837209,0.15,0.0,0.0,0.19999999999999998,0.12093023255813953,0.08372093023255814,0.17674418604651163
0.08484848484848485,0.06353759765625,0.207275390625,0.025,0.0,0.0,0.025,0.027906976744186046,0.027906976744186046,0.05581395348837209,0.15,0.0,0.0,0.19999999999999998,0.12093023255813953,0.08372093023255814,0.18604651162790697
0.08606060606060607,0.06451416015625,0.207763671875,0.025,0.0,0.0,0.025,0.027906976744186046,0.027906976744186046,0.05581395348837209,0.15,0.0,0.0,0.22499999999999998,0.12093023255813953,0.08372093023255814,0.18604651162790697
0.08727272727272728,0.06549072265625,0.2083740234375,0.025,0.0,0.0,0.025,0.027906976744186046,0.027906976744186046,0.05581395348837209,0.15,0.0,0.0,0.22499999999999998,0.12093023255813953,0.09302325581395349,0.18604651162790697
0.0884848484848485,0.06640625,0.2109375,0.025,0.0,0.0,0.025,0.027906976744186046,0.027906976744186046,0.05581395348837209,0.15,0.0,0.0,0.22499999999999998,0.12093023255813953,0.09302325581395349,0.19534883720930232
0.0896969696969697,0.0673828125,0.2125244140625,0.025,0.0,0.0,0.025,0.027906976744186046,0.027906976744186046,0.05581395348837209,0.15,0.0,0.0,0.24999999999999997,0.12093023255813953,0.09302325581395349,0.19534883720930232
0.09090909090909091,0.068359375,0.2147216796875,0.025,0.0,0.0,0.025,0.027906976744186046,0.027906976744186046,0.05581395348837209,0.175,0.0,0.0,0.24999999999999997,0.12093023255813953,0.09302325581395349,0.19534883720930232
0.09212121212121212,0.0693359375,0.2171630859375,0.025,0.0,0.0,0.025,0.027906976744186046,0.027906976744186046,0.05581395348837209,0.175,0.0,0.0,0.24999999999999997,0.13023255813953488,0.09302325581395349,0.19534883720930232
0.09333333333333334,0.07025146484375,0.2186279296875,0.025,0.0,0.0,0.025,0.027906976744186046,0.027906976744186046,0.05581395348837209,0.175,0.0,0.0,0.24999999999999997,0.13023255813953488,0.09302325581395349,0.20465116279069767
0.09454545454545454,0.0711669921875,0.21923828125,0.025,0.0,0.0,0.025,0.027906976744186046,0.027906976744186046,0.05581395348837209,0.175,0.0,0.0,0.24999999999999997,0.13023255813953488,0.09302325581395349,0.21395348837209302
0.09575757575757575,0.0721435546875,0.2197265625,0.025,0.0,0.0,0.025,0.027906976744186046,0.027906976744186046,0.05581395348837209,0.175,0.0,0.0,0.27499999999999997,0.13023255813953488,0.09302325581395349,0.21395348837209302
0.09696969696969696,0.0731201171875,0.22119140625,0.025,0.0,0.0,0.025,0.027906976744186046,0.027906976744186046,0.05581395348837209,0.175,0.0,0.0,0.27499999999999997,0.13953488372093023,0.09302325581395349,0.21395348837209302
0.09818181818181816,0.07403564453125,0.2222900390625,0.025,0.0,0.0,0.025,0.027906976744186046,0.027906976744186046,0.05581395348837209,0.175,0.0,0.0,0.27499999999999997,0.13953488372093023,0.10232558139534884,0.21395348837209302
0.09939393939393938,0.074951171875,0.2232666015625,0.025,0.0,0.0,0.025,0.027906976744186046,0.027906976744186046,0.05581395348837209,0.175,0.0,0.0,0.27499999999999997,0.13953488372093023,0.10232558139534884,0.22325581395348837
0.10060606060606059,0.075927734375,0.224365234375,0.025,0.0,0.0,0.025,0.027906976744186046,0.027906976744186046,0.05581395348837209,0.175,0.0,0.0,0.27499999999999997,0.14883720930232558,0.10232558139534884,0.22325581395348837
0.10181818181818181,0.07684326171875,0.225341796875,0.025,0.0,0.0,0.025,0.027906976744186046,0.027906976744186046,0.05581395348837209,0.175,0.0,0.0,0.27499999999999997,0.14883720930232558,0.10232558139534884,0.23255813953488372
0.10303030303030303,0.07781982421875,0.226318359375,0.025,0.0,0.0,0.025,0.027906976744186046,0.027906976744186046,0.05581395348837209,0.175,0.0,0.0,0.27499999999999997,0.14883720930232558,0.11162790697674418,0.23255813953488372
0.10424242424242426,0.07879638671875,0.2274169921875,0.025,0.0,0.0,0.05,0.027906976744186046,0.027906976744186046,0.05581395348837209,0.175,0.0,0.0,0.27499999999999997,0.14883720930232558,0.11162790697674418,0.23255813953488372
0.10545454545454544,0.07977294921875,0.228515625,0.025,0.0,0.0,0.05,0.027906976744186046,0.027906976744186046,0.06511627906976744,0.175,0.0,0.0,0.27499999999999997,0.14883720930232558,0.11162790697674418,0.23255813953488372
0.10666666666666667,0.08074951171875,0.2291259765625,0.025,0.0,0.0,0.05,0.027906976744186046,0.027906976744186046,0.06511627906976744,0.175,0.0,0.0,0.3,0.14883720930232558,0.11162790697674418,0.23255813953488372
0.10787878787878788,0.0816650390625,0.229736328125,0.025,0.0,0.0,0.05,0.027906976744186046,0.027906976744186046,0.06511627906976744,0.175,0.0,0.0,0.3,0.15813953488372093,0.11162790697674418,0.23255813953488372
0.10909090909090909,0.08258056640625,0.2303466796875,0.025,0.0,0.0,0.05,0.027906976744186046,0.027906976744186046,0.06511627906976744,0.175,0.0,0.0,0.3,0.15813953488372093,0.11162790697674418,0.24186046511627907
0.11030303030303032,0.08349609375,0.23095703125,0.025,0.0,0.0,0.05,0.027906976744186046,0.027906976744186046,0.06511627906976744,0.175,0.0,0.0,0.3,0.15813953488372093,0.11162790697674418,0.25116279069767444
0.11151515151515151,0.08441162109375,0.231689453125,0.025,0.0,0.0,0.05,0.027906976744186046,0.027906976744186046,0.06511627906976744,0.175,0.0,0.0,0.3,0.15813953488372093,0.12093023255813953,0.25116279069767444
0.11272727272727273,0.08538818359375,0.232177734375,0.025,0.0,0.0,0.05,0.027906976744186046,0.027906976744186046,0.07441860465116279,0.175,0.0,0.0,0.3,0.15813953488372093,0.12093023255813953,0.25116279069767444
0.11393939393939394,0.0863037109375,0.23291015625,0.025,0.0,0.0,0.05,0.027906976744186046,0.027906976744186046,0.07441860465116279,0.175,0.0,0.0,0.3,0.16744186046511628,0.12093023255813953,0.25116279069767444
0.11515151515151516,0.08721923828125,0.233642578125,0.025,0.0,0.0,0.05,0.027906976744186046,0.027906976744186046,0.07441860465116279,0.175,0.0,0.0,0.3,0.16744186046511628,0.12093023255813953,0.26046511627906976
0.11636363636363636,0.08819580078125,0.2342529296875,0.025,0.0,0.0,0.05,0.027906976744186046,0.027906976744186046,0.07441860465116279,0.19999999999999998,0.0,0.0,0.3,0.16744186046511628,0.12093023255813953,0.26046511627906976
0.11757575757575757,0.089111328125,0.23486328125,0.025,0.0,0.0,0.05,0.027906976744186046,0.027906976744186046,0.07441860465116279,0.19999999999999998,0.0,0.0,0.325,0.16744186046511628,0.12093023255813953,0.26046511627906976
0.11878787878787878,0.09002685546875,0.2357177734375,0.025,0.0,0.0,0.05,0.027906976744186046,0.027906976744186046,0.07441860465116279,0.19999999999999998,0.0,0.0,0.325,0.17674418604651163,0.12093023255813953,0.26046511627906976
0.11999999999999998,0.0909423828125,0.236328125,0.025,0.0,0.0,0.05,0.027906976744186046,0.027906976744186046,0.07441860465116279,0.19999999999999998,0.0,0.0,0.325,0.18604651162790697,0.12093023255813953,0.26046511627906976
0.12121212121212122,0.09185791015625,0.237060546875,0.025,0.0,0.0,0.05,0.027906976744186046,0.027906976744186046,0.07441860465116279,0.19999999999999998,0.0,0.0,0.325,0.18604651162790697,0.13023255813953488,0.26046511627906976
0.1224242424242424,0.0927734375,0.23779296875,0.025,0.0,0.0,0.05,0.027906976744186046,0.027906976744186046,0.07441860465116279,0.19999999999999998,0.0,0.0,0.325,0.18604651162790697,0.13023255813953488,0.2697674418604651
0.12363636363636363,0.09375,0.2386474609375,0.025,0.0,0.0,0.05,0.027906976744186046,0.027906976744186046,0.08372093023255814,0.19999999999999998,0.0,0.0,0.325,0.18604651162790697,0.13023255813953488,0.2697674418604651
0.12484848484848486,0.09466552734375,0.239501953125,0.025,0.0,0.0,0.05,0.027906976744186046,0.027906976744186046,0.08372093023255814,0.19999999999999998,0.0,0.0,0.35000000000000003,0.18604651162790697,0.13023255813953488,0.2697674418604651
0.12606060606060607,0.0955810546875,0.240234375,0.025,0.0,0.0,0.05,0.027906976744186046,0.027906976744186046,0.08372093023255814,0.19999999999999998,0.0,0.0,0.35000000000000003,0.18604651162790697,0.13023255813953488,0.2790697674418604
0.12727272727272726,0.09649658203125,0.240966796875,0.025,0.0,0.0,0.05,0.027906976744186046,0.027906976744186046,0.08372093023255814,0.19999999999999998,0.0,0.0,0.35000000000000003,0.18604651162790697,0.13953488372093023,0.2790697674418604
0.12848484848484848,0.097412109375,0.24169921875,0.025,0.0,0.0,0.05,0.027906976744186046,0.027906976744186046,0.08372093023255814,0.19999999999999998,0.0,0.0,0.35000000000000003,0.18604651162790697,0.13953488372093023,0.2883720930232557
0.1296969696969697,0.098388671875,0.2425537109375,0.025,0.0,0.0,0.05,0.027906976744186046,0.027906976744186046,0.08372093023255814,0.19999999999999998,0.0,0.0,0.37500000000000006,0.18604651162790697,0.13953488372093023,0.2883720930232557
0.13090909090909092,0.09930419921875,0.2432861328125,0.025,0.0,0.0,0.05,0.027906976744186046,0.027906976744186046,0.08372093023255814,0.19999999999999998,0.0,0.0,0.37500000000000006,0.19534883720930232,0.13953488372093023,0.2883720930232557
0.13212121212121214,0.10028076171875,0.244140625,0.025,0.0,0.0,0.07500000000000001,0.027906976744186046,0.027906976744186046,0.08372093023255814,0.19999999999999998,0.0,0.0,0.37500000000000006,0.19534883720930232,0.13953488372093023,0.2883720930232557
0.13333333333333333,0.1011962890625,0.2447509765625,0.025,0.0,0.0,0.07500000000000001,0.027906976744186046,0.027906976744186046,0.08372093023255814,0.19999999999999998,0.0,0.0,0.37500000000000006,0.19534883720930232,0.14883720930232558,0.2883720930232557
0.13454545454545455,0.1021728515625,0.24560546875,0.025,0.0,0.0,0.07500000000000001,0.027906976744186046,0.027906976744186046,0.08372093023255814,0.19999999999999998,0.0,0.0,0.37500000000000006,0.20465116279069767,0.14883720930232558,0.2883720930232557
0.13575757575757574,0.10308837890625,0.2464599609375,0.025,0.0,0.0,0.07500000000000001,0.027906976744186046,0.027906976744186046,0.08372093023255814,0.19999999999999998,0.0,0.0,0.37500000000000006,0.21395348837209302,0.14883720930232558,0.2883720930232557
0.13696969696969696,0.10400390625,0.247314453125,0.025,0.0,0.0,0.07500000000000001,0.027906976744186046,0.027906976744186046,0.08372093023255814,0.19999999999999998,0.0,0.0,0.37500000000000006,0.22325581395348837,0.14883720930232558,0.2883720930232557
0.13818181818181816,0.10491943359375,0.2481689453125,0.025,0.0,0.0,0.07500000000000001,0.027906976744186046,0.027906976744186046,0.08372093023255814,0.19999999999999998,0.0,0.0,0.37500000000000006,0.22325581395348837,0.15813953488372093,0.2883720930232557
0.13939393939393938,0.1058349609375,0.248779296875,0.025,0.0,0.0,0.07500000000000001,0.027906976744186046,0.027906976744186046,0.08372093023255814,0.19999999999999998,0.0,0.0,0.37500000000000006,0.22325581395348837,0.15813953488372093,0.29767441860465105
0.14060606060606057,0.10675048828125,0.249755859375,0.025,0.0,0.0,0.07500000000000001,0.027906976744186046,0.027906976744186046,0.08372093023255814,0.19999999999999998,0.0,0.0,0.37500000000000006,0.22325581395348837,0.15813953488372093,0.30697674418604637
0.14181818181818182,0.107666015625,0.250732421875,0.025,0.0,0.0,0.07500000000000001,0.027906976744186046,0.027906976744186046,0.08372093023255814,0.19999999999999998,0.0,0.0,0.37500000000000006,0.22325581395348837,0.16744186046511628,0.30697674418604637
0.143030303030303,0.10858154296875,0.25146484375,0.025,0.0,0.0,0.07500000000000001,0.027906976744186046,0.027906976744186046,0.08372093023255814,0.19999999999999998,0.0,0.0,0.37500000000000006,0.22325581395348837,0.16744186046511628,0.3162790697674417
0.14424242424242423,0.1094970703125,0.252197265625,0.025,0.0,0.0,0.07500000000000001,0.027906976744186046,0.027906976744186046,0.08372093023255814,0.19999999999999998,0.0,0.0,0.4000000000000001,0.22325581395348837,0.16744186046511628,0.3162790697674417
0.14545454545454545,0.1104736328125,0.253173828125,0.025,0.0,0.0,0.07500000000000001,0.037209302325581395,0.027906976744186046,0.08372093023255814,0.19999999999999998,0.0,0.0,0.4000000000000001,0.22325581395348837,0.16744186046511628,0.3162790697674417
0.14666666666666667,0.11138916015625,0.25390625,0.025,0.0,0.0,0.07500000000000001,0.037209302325581395,0.027906976744186046,0.08372093023255814,0.19999999999999998,0.0,0.0,0.4000000000000001,0.22325581395348837,0.17674418604651163,0.3162790697674417
0.14787878787878786,0.11236572265625,0.2548828125,0.025,0.0,0.0,0.07500000000000001,0.037209302325581395,0.037209302325581395,0.08372093023255814,0.19999999999999998,0.0,0.0,0.4000000000000001,0.22325581395348837,0.17674418604651163,0.3162790697674417
0.14909090909090908,0.11334228515625,0.255615234375,0.025,0.0,0.0,0.07500000000000001,0.037209302325581395,0.037209302325581395,0.09302325581395349,0.19999999999999998,0.0,0.0,0.4000000000000001,0.22325581395348837,0.17674418604651163,0.3162790697674417
0.1503030303030303,0.1142578125,0.256591796875,0.025,0.0,0.0,0.07500000000000001,0.037209302325581395,0.037209302325581395,0.09302325581395349,0.19999999999999998,0.0,0.0,0.4000000000000001,0.23255813953488372,0.17674418604651163,0.3162790697674417
0.15151515151515152,0.11517333984375,0.25732421875,0.025,0.0,0.0,0.07500000000000001,0.037209302325581395,0.037209302325581395,0.09302325581395349,0.19999999999999998,0.0,0.0,0.4000000000000001,0.24186046511627907,0.17674418604651163,0.3162790697674417
0.1527272727272727,0.11614990234375,0.25830078125,0.025,0.0,0.0,0.07500000000000001,0.037209302325581395,0.037209302325581395,0.10232558139534884,0.19999999999999998,0.0,0.0,0.4000000000000001,0.24186046511627907,0.17674418604651163,0.3162790697674417
0.15393939393939393,0.1170654296875,0.259033203125,0.025,0.0,0.0,0.07500000000000001,0.037209302325581395,0.037209302325581395,0.10232558139534884,0.19999999999999998,0.0,0.0,0.4000000000000001,0.24186046511627907,0.17674418604651163,0.325581395348837
0.15515151515151515,0.11798095703125,0.260009765625,0.025,0.0,0.0,0.07500000000000001,0.037209302325581395,0.037209302325581395,0.10232558139534884,0.19999999999999998,0.0,0.0,0.4000000000000001,0.24186046511627907,0.17674418604651163,0.33488372093023233
0.15636363636363634,0.118896484375,0.260986328125,0.025,0.0,0.0,0.07500000000000001,0.037209302325581395,0.037209302325581395,0.10232558139534884,0.19999999999999998,0.0,0.0,0.4000000000000001,0.24186046511627907,0.18604651162790697,0.33488372093023233
0.15757575757575756,0.11981201171875,0.26171875,0.025,0.0,0.0,0.07500000000000001,0.037209302325581395,0.037209302325581395,0.10232558139534884,0.19999999999999998,0.0,0.0,0.4000000000000001,0.24186046511627907,0.18604651162790697,0.34418604651162765
0.15878787878787876,0.1207275390625,0.2626953125,0.025,0.0,0.0,0.07500000000000001,0.037209302325581395,0.037209302325581395,0.10232558139534884,0.19999999999999998,0.0,0.0,0.4250000000000001,0.24186046511627907,0.18604651162790697,0.34418604651162765
0.15999999999999998,0.1217041015625,0.263671875,0.025,0.0,0.0,0.1,0.037209302325581395,0.037209302325581395,0.10232558139534884,0.19999999999999998,0.0,0.0,0.4250000000000001,0.24186046511627907,0.18604651162790697,0.34418604651162765
0.1612121212121212,0.12261962890625,0.264404296875,0.025,0.0,0.0,0.1,0.037209302325581395,0.037209302325581395,0.10232558139534884,0.22499999999999998,0.0,0.0,0.4250000000000001,0.24186046511627907,0.18604651162790697,0.34418604651162765
0.16242424242424242,0.12353515625,0.265380859375,0.025,0.0,0.0,0.1,0.037209302325581395,0.037209302325581395,0.10232558139534884,0.22499999999999998,0.0,0.0,0.4250000000000001,0.25116279069767444,0.18604651162790697,0.34418604651162765
0.1636363636363636,0.12445068359375,0.266357421875,0.025,0.0,0.0,0.1,0.037209302325581395,0.037209302325581395,0.10232558139534884,0.22499999999999998,0.0,0.0,0.4250000000000001,0.25116279069767444,0.18604651162790697,0.353488372093023
0.16484848484848483,0.1253662109375,0.267333984375,0.025,0.0,0.0,0.1,0.037209302325581395,0.037209302325581395,0.11162790697674418,0.22499999999999998,0.0,0.0,0.4250000000000001,0.25116279069767444,0.18604651162790697,0.353488372093023
0.16606060606060602,0.1263427734375,0.268310546875,0.025,0.0,0.0,0.1,0.037209302325581395,0.037209302325581395,0.11162790697674418,0.24999999999999997,0.0,0.0,0.4250000000000001,0.25116279069767444,0.18604651162790697,0.353488372093023
0.16727272727272724,0.1273193359375,0.269287109375,0.025,0.0,0.0,0.125,0.037209302325581395,0.037209302325581395,0.11162790697674418,0.24999999999999997,0.0,0.0,0.4250000000000001,0.25116279069767444,0.18604651162790697,0.353488372093023
0.16848484848484846,0.1282958984375,0.270263671875,0.025,0.0,0.0,0.125,0.037209302325581395,0.037209302325581395,0.11162790697674418,0.24999999999999997,0.0,0.0,0.4500000000000001,0.25116279069767444,0.18604651162790697,0.353488372093023
0.16969696969696968,0.129150390625,0.271240234375,0.025,0.0,0.0,0.125,0.037209302325581395,0.037209302325581395,0.11162790697674418,0.24999999999999997,0.0,0.0,0.4500000000000001,0.25116279069767444,0.18604651162790697,0.3627906976744183
0.17090909090909087,0.130126953125,0.27197265625,0.025,0.0,0.0,0.125,0.037209302325581395,0.037209302325581395,0.11162790697674418,0.24999999999999997,0.0,0.0,0.4500000000000001,0.26046511627906976,0.18604651162790697,0.3627906976744183
0.1721212121212121,0.1309814453125,0.27294921875,0.025,0.0,0.0,0.125,0.037209302325581395,0.037209302325581395,0.11162790697674418,0.24999999999999997,0.0,0.0,0.4500000000000001,0.2697674418604651,0.18604651162790697,0.3627906976744183
0.1733333333333333,0.1319580078125,0.27392578125,0.025,0.0,0.0,0.125,0.037209302325581395,0.037209302325581395,0.11162790697674418,0.24999999999999997,0.0,0.0,0.4500000000000001,0.2790697674418604,0.18604651162790697,0.3627906976744183
0.1745454545454545,0.1328125,0.27490234375,0.025,0.0,0.0,0.125,0.037209302325581395,0.037209302325581395,0.11162790697674418,0.24999999999999997,0.0,0.0,0.4500000000000001,0.2790697674418604,0.19534883720930232,0.3627906976744183
0.17575757575757572,0.1337890625,0.27587890625,0.025,0.0,0.0,0.125,0.037209302325581395,0.037209302325581395,0.11162790697674418,0.24999999999999997,0.0,0.0,0.4500000000000001,0.2883720930232557,0.19534883720930232,0.3627906976744183
0.17696969696969692,0.134765625,0.27685546875,0.025,0.0,0.0,0.125,0.037209302325581395,0.037209302325581395,0.12093023255813953,0.24999999999999997,0.0,0.0,0.4500000000000001,0.2883720930232557,0.19534883720930232,0.3627906976744183
0.17818181818181816,0.1356201171875,0.278076171875,0.025,0.0,0.0,0.125,0.037209302325581395,0.037209302325581395,0.12093023255813953,0.24999999999999997,0.0,0.0,0.4500000000000001,0.2883720930232557,0.20465116279069767,0.3627906976744183
0.17939393939393933,0.1365966796875,0.27880859375,0.025,0.0,0.0,0.125,0.037209302325581395,0.037209302325581395,0.12093023255813953,0.24999999999999997,0.0,0.0,0.4500000000000001,0.29767441860465105,0.20465116279069767,0.3627906976744183
0.18060606060606058,0.137451171875,0.280029296875,0.025,0.0,0.0,0.125,0.037209302325581395,0.037209302325581395,0.12093023255813953,0.24999999999999997,0.0,0.0,0.4500000000000001,0.29767441860465105,0.21395348837209302,0.3627906976744183
0.18181818181818174,0.138427734375,0.28076171875,0.025,0.0,0.0,0.125,0.037209302325581395,0.037209302325581395,0.12093023255813953,0.24999999999999997,0.0,0.0,0.47500000000000014,0.29767441860465105,0.21395348837209302,0.3627906976744183
0.183030303030303,0.139404296875,0.281982421875,0.025,0.0,0.0,0.125,0.037209302325581395,0.037209302325581395,0.12093023255813953,0.24999999999999997,0.0,0.0,0.47500000000000014,0.30697674418604637,0.21395348837209302,0.3627906976744183
0.18424242424242418,0.140380859375,0.282958984375,0.025,0.0,0.0,0.125,0.037209302325581395,0.037209302325581395,0.12093023255813953,0.24999999999999997,0.0,0.0,0.47500000000000014,0.3162790697674417,0.21395348837209302,0.3627906976744183
0.1854545454545454,0.141357421875,0.2841796875,0.025,0.0,0.0,0.125,0.037209302325581395,0.037209302325581395,0.12093023255813953,0.24999999999999997,0.0,0.0,0.47500000000000014,0.325581395348837,0.21395348837209302,0.3627906976744183
0.18666666666666662,0.142333984375,0.28515625,0.025,0.0,0.0,0.125,0.037209302325581395,0.037209302325581395,0.12093023255813953,0.24999999999999997,0.0,0.0,0.47500000000000014,0.325581395348837,0.22325581395348837,0.3627906976744183
0.1878787878787878,0.1431884765625,0.2861328125,0.025,0.0,0.0,0.125,0.037209302325581395,0.037209302325581395,0.12093023255813953,0.24999999999999997,0.0,0.0,0.47500000000000014,0.325581395348837,0.22325581395348837,0.3720930232558136
0.18909090909090903,0.14404296875,0.287109375,0.025,0.0,0.0,0.125,0.037209302325581395,0.037209302325581395,0.12093023255813953,0.24999999999999997,0.0,0.0,0.47500000000000014,0.325581395348837,0.22325581395348837,0.38139534883720894
0.19030303030303022,0.1448974609375,0.288330078125,0.025,0.0,0.0,0.125,0.037209302325581395,0.037209302325581395,0.12093023255813953,0.24999999999999997,0.0,0.0,0.47500000000000014,0.325581395348837,0.23255813953488372,0.38139534883720894
0.19151515151515144,0.1458740234375,0.289306640625,0.025,0.0,0.0,0.125,0.037209302325581395,0.037209302325581395,0.12093023255813953,0.24999999999999997,0.0,0.0,0.47500000000000014,0.33488372093023233,0.23255813953488372,0.38139534883720894
0.19272727272727264,0.1468505859375,0.290283203125,0.025,0.0,0.0,0.125,0.037209302325581395,0.037209302325581395,0.12093023255813953,0.24999999999999997,0.0,0.0,0.47500000000000014,0.33488372093023233,0.24186046511627907,0.38139534883720894
0.19393939393939386,0.147705078125,0.291259765625,0.025,0.0,0.0,0.125,0.037209302325581395,0.037209302325581395,0.12093023255813953,0.24999999999999997,0.0,0.0,0.47500000000000014,0.33488372093023233,0.24186046511627907,0.39069767441860426
0.19515151515151508,0.148681640625,0.292236328125,0.025,0.0,0.0,0.15,0.037209302325581395,0.037209302325581395,0.12093023255813953,0.24999999999999997,0.0,0.0,0.47500000000000014,0.33488372093023233,0.24186046511627907,0.39069767441860426
0.19636363636363632,0.149658203125,0.29345703125,0.025,0.0,0.0,0.15,0.037209302325581395,0.037209302325581395,0.13023255813953488,0.24999999999999997,0.0,0.0,0.47500000000000014,0.33488372093023233,0.24186046511627907,0.39069767441860426
0.1975757575757575,0.150634765625,0.29443359375,0.025,0.0,0.0,0.15,0.037209302325581395,0.037209302325581395,0.13953488372093023,0.24999999999999997,0.0,0.0,0.47500000000000014,0.33488372093023233,0.24186046511627907,0.39069767441860426
0.19878787878787868,0.151611328125,0.29541015625,0.025,0.0,0.0,0.15,0.037209302325581395,0.037209302325581395,0.13953488372093023,0.24999999999999997,0.0,0.0,0.47500000000000014,0.34418604651162765,0.24186046511627907,0.39069767441860426
0.1999999999999999,0.152587890625,0.296630859375,0.025,0.0,0.0,0.15,0.037209302325581395,0.037209302325581395,0.13953488372093023,0.24999999999999997,0.0,0.0,0.47500000000000014,0.353488372093023,0.24186046511627907,0.39069767441860426
0.20121212121212115,0.153564453125,0.297607421875,0.025,0.0,0.0,0.15,0.037209302325581395,0.037209302325581395,0.13953488372093023,0.24999999999999997,0.0,0.0,0.5000000000000001,0.353488372093023,0.24186046511627907,0.39069767441860426
0.20242424242424234,0.154541015625,0.298583984375,0.025,0.0,0.0,0.15,0.037209302325581395,0.037209302325581395,0.13953488372093023,0.24999999999999997,0.0,0.0,0.5000000000000001,0.353488372093023,0.25116279069767444,0.39069767441860426
0.2036363636363635,0.1553955078125,0.2998046875,0.025,0.0,0.0,0.15,0.037209302325581395,0.037209302325581395,0.13953488372093023,0.24999999999999997,0.0,0.0,0.5000000000000001,0.353488372093023,0.25116279069767444,0.3999999999999996
0.20484848484848475,0.15625,0.30078125,0.025,0.0,0.0,0.15,0.037209302325581395,0.037209302325581395,0.13953488372093023,0.24999999999999997,0.0,0.0,0.5000000000000001,0.353488372093023,0.25116279069767444,0.4093023255813949
0.20606060606060597,0.1571044921875,0.302001953125,0.025,0.0,0.0,0.15,0.037209302325581395,0.037209302325581395,0.13953488372093023,0.24999999999999997,0.0,0.0,0.5000000000000001,0.353488372093023,0.25116279069767444,0.4186046511627902
0.2072727272727272,0.1580810546875,0.30322265625,0.025,0.0,0.0,0.15,0.037209302325581395,0.037209302325581395,0.13953488372093023,0.24999999999999997,0.0,0.0,0.5000000000000001,0.353488372093023,0.26046511627906976,0.4186046511627902
0.20848484848484836,0.1590576171875,0.30419921875,0.025,0.0,0.0,0.175,0.037209302325581395,0.037209302325581395,0.13953488372093023,0.24999999999999997,0.0,0.0,0.5000000000000001,0.353488372093023,0.26046511627906976,0.4186046511627902
0.20969696969696958,0.1600341796875,0.30517578125,0.025,0.0,0.0,0.175,0.037209302325581395,0.046511627906976744,0.13953488372093023,0.24999999999999997,0.0,0.0,0.5000000000000001,0.353488372093023,0.26046511627906976,0.4186046511627902
0.2109090909090908,0.1610107421875,0.306640625,0.025,0.0,0.0,0.175,0.037209302325581395,0.046511627906976744,0.13953488372093023,0.27499999999999997,0.0,0.0,0.5000000000000001,0.353488372093023,0.26046511627906976,0.4186046511627902
0.21212121212121204,0.1619873046875,0.3076171875,0.025,0.0,0.0,0.175,0.037209302325581395,0.046511627906976744,0.13953488372093023,0.27499999999999997,0.0,0.0,0.5000000000000001,0.353488372093023,0.2697674418604651,0.4186046511627902
0.2133333333333332,0.162841796875,0.308837890625,0.025,0.0,0.0,0.175,0.037209302325581395,0.046511627906976744,0.13953488372093023,0.27499999999999997,0.0,0.0,0.5000000000000001,0.353488372093023,0.2697674418604651,0.42790697674418554
0.21454545454545446,0.163818359375,0.309814453125,0.025,0.0,0.0,0.175,0.037209302325581395,0.046511627906976744,0.13953488372093023,0.27499999999999997,0.0,0.0,0.5000000000000001,0.3627906976744183,0.2697674418604651,0.42790697674418554
0.21575757575757565,0.164794921875,0.31103515625,0.025,0.0,0.0,0.175,0.037209302325581395,0.046511627906976744,0.13953488372093023,0.27499999999999997,0.0,0.0,0.5000000000000001,0.3627906976744183,0.2790697674418604,0.42790697674418554
0.21696969696969687,0.165771484375,0.31201171875,0.025,0.0,0.0,0.175,0.037209302325581395,0.046511627906976744,0.14883720930232558,0.27499999999999997,0.0,0.0,0.5000000000000001,0.3627906976744183,0.2790697674418604,0.42790697674418554
0.2181818181818181,0.166748046875,0.313232421875,0.025,0.0,0.0,0.175,0.037209302325581395,0.046511627906976744,0.14883720930232558,0.3,0.0,0.0,0.5000000000000001,0.3627906976744183,0.2790697674418604,0.42790697674418554
0.21939393939393928,0.167724609375,0.314208984375,0.025,0.0,0.0,0.175,0.037209302325581395,0.046511627906976744,0.14883720930232558,0.3,0.0,0.0,0.5000000000000001,0.3720930232558136,0.2790697674418604,0.42790697674418554
0.22060606060606047,0.168701171875,0.3154296875,0.025,0.0,0.0,0.175,0.037209302325581395,0.046511627906976744,0.14883720930232558,0.3,0.0,0.0,0.5000000000000001,0.3720930232558136,0.2883720930232557,0.42790697674418554
0.2218181818181817,0.169677734375,0.316650390625,0.025,0.0,0.0,0.175,0.037209302325581395,0.046511627906976744,0.14883720930232558,0.3,0.0,0.0,0.5250000000000001,0.3720930232558136,0.2883720930232557,0.42790697674418554
0.22303030303030294,0.170654296875,0.31787109375,0.025,0.0,0.0,0.175,0.037209302325581395,0.046511627906976744,0.14883720930232558,0.3,0.0,0.0,0.5250000000000001,0.3720930232558136,0.29767441860465105,0.42790697674418554
0.22424242424242416,0.1715087890625,0.31884765625,0.025,0.0,0.0,0.175,0.037209302325581395,0.046511627906976744,0.14883720930232558,0.3,0.0,0.0,0.5250000000000001,0.3720930232558136,0.29767441860465105,0.43720930232558086
0.2254545454545453,0.1724853515625,0.31982421875,0.025,0.0,0.0,0.19999999999999998,0.037209302325581395,0.046511627906976744,0.14883720930232558,0.3,0.0,0.0,0.5250000000000001,0.3720930232558136,0.29767441860465105,0.43720930232558086
0.22666666666666652,0.1734619140625,0.321044921875,0.025,0.0,0.0,0.19999999999999998,0.037209302325581395,0.046511627906976744,0.14883720930232558,0.3,0.0,0.0,0.5250000000000001,0.3720930232558136,0.29767441860465105,0.4465116279069762
0.22787878787878776,0.17431640625,0.322509765625,0.025,0.0,0.0,0.19999999999999998,0.037209302325581395,0.046511627906976744,0.14883720930232558,0.3,0.0,0.0,0.5250000000000001,0.3720930232558136,0.29767441860465105,0.4558139534883715
0.22909090909090898,0.17529296875,0.323486328125,0.025,0.0,0.0,0.19999999999999998,0.046511627906976744,0.046511627906976744,0.14883720930232558,0.3,0.0,0.0,0.5250000000000001,0.3720930232558136,0.29767441860465105,0.4558139534883715
0.23030303030303018,0.17626953125,0.32470703125,0.025,0.0,0.0,0.19999999999999998,0.046511627906976744,0.046511627906976744,0.14883720930232558,0.3,0.0,0.0,0.5250000000000001,0.3720930232558136,0.29767441860465105,0.4651162790697668
0.2315151515151514,0.17724609375,0.325927734375,0.025,0.0,0.0,0.19999999999999998,0.046511627906976744,0.046511627906976744,0.15813953488372093,0.3,0.0,0.0,0.5250000000000001,0.3720930232558136,0.29767441860465105,0.4651162790697668
0.2327272727272726,0.17822265625,0.3271484375,0.025,0.0,0.0,0.19999999999999998,0.046511627906976744,0.046511627906976744,0.15813953488372093,0.3,0.0,0.0,0.5250000000000001,0.3720930232558136,0.29767441860465105,0.47441860465116215
0.2339393939393938,0.17919921875,0.328125,0.025,0.0,0.0,0.19999999999999998,0.046511627906976744,0.046511627906976744,0.16744186046511628,0.3,0.0,0.0,0.5250000000000001,0.3720930232558136,0.29767441860465105,0.47441860465116215
0.235151515151515,0.18017578125,0.329345703125,0.025,0.0,0.0,0.19999999999999998,0.046511627906976744,0.046511627906976744,0.16744186046511628,0.3,0.0,0.0,0.5250000000000001,0.3720930232558136,0.30697674418604637,0.47441860465116215
0.23636363636363625,0.18115234375,0.330810546875,0.025,0.0,0.0,0.19999999999999998,0.046511627906976744,0.046511627906976744,0.16744186046511628,0.3,0.0,0.0,0.5250000000000001,0.38139534883720894,0.30697674418604637,0.47441860465116215
0.2375757575757574,0.18212890625,0.331787109375,0.025,0.0,0.0,0.19999999999999998,0.046511627906976744,0.046511627906976744,0.16744186046511628,0.3,0.0,0.0,0.5250000000000001,0.39069767441860426,0.30697674418604637,0.47441860465116215
0.23878787878787866,0.1829833984375,0.3330078125,0.025,0.0,0.0,0.19999999999999998,0.046511627906976744,0.046511627906976744,0.16744186046511628,0.3,0.0,0.0,0.5250000000000001,0.39069767441860426,0.30697674418604637,0.48372093023255747
0.23999999999999988,0.1839599609375,0.334228515625,0.025,0.0,0.0,0.19999999999999998,0.046511627906976744,0.046511627906976744,0.16744186046511628,0.3,0.2,0.0,0.5250000000000001,0.39069767441860426,0.30697674418604637,0.48372093023255747
0.24121212121212107,0.184814453125,0.33544921875,0.025,0.0,0.0,0.22499999999999998,0.046511627906976744,0.046511627906976744,0.16744186046511628,0.3,0.2,0.0,0.5250000000000001,0.39069767441860426,0.30697674418604637,0.48372093023255747
0.2424242424242423,0.1856689453125,0.33642578125,0.025,0.0,0.0,0.22499999999999998,0.046511627906976744,0.046511627906976744,0.16744186046511628,0.3,0.2,0.0,0.5500000000000002,0.39069767441860426,0.30697674418604637,0.48372093023255747
0.24363636363636348,0.1865234375,0.337646484375,0.025,0.0,0.0,0.24999999999999997,0.046511627906976744,0.046511627906976744,0.16744186046511628,0.3,0.2,0.0,0.5500000000000002,0.39069767441860426,0.30697674418604637,0.48372093023255747
0.2448484848484847,0.1875,0.3388671875,0.025,0.0,0.0,0.24999999999999997,0.046511627906976744,0.046511627906976744,0.17674418604651163,0.3,0.2,0.0,0.5500000000000002,0.39069767441860426,0.30697674418604637,0.48372093023255747
0.2460606060606059,0.1884765625,0.340087890625,0.025,0.0,0.0,0.24999999999999997,0.046511627906976744,0.046511627906976744,0.17674418604651163,0.325,0.2,0.0,0.5500000000000002,0.39069767441860426,0.30697674418604637,0.48372093023255747
0.24727272727272712,0.1893310546875,0.34130859375,0.025,0.0,0.0,0.24999999999999997,0.046511627906976744,0.046511627906976744,0.17674418604651163,0.325,0.2,0.0,0.5500000000000002,0.3999999999999996,0.30697674418604637,0.48372093023255747
0.24848484848484836,0.1903076171875,0.342529296875,0.025,0.0,0.0,0.24999999999999997,0.046511627906976744,0.046511627906976744,0.17674418604651163,0.325,0.2,0.0,0.5750000000000002,0.3999999999999996,0.30697674418604637,0.48372093023255747
0.24969696969696953,0.191162109375,0.34375,0.025,0.0,0.0,0.24999999999999997,0.046511627906976744,0.046511627906976744,0.17674418604651163,0.325,0.2,0.0,0.5750000000000002,0.4093023255813949,0.30697674418604637,0.48372093023255747
0.25090909090909075,0.192138671875,0.344970703125,0.025,0.0,0.0,0.24999999999999997,0.046511627906976744,0.046511627906976744,0.17674418604651163,0.35000000000000003,0.2,0.0,0.5750000000000002,0.4093023255813949,0.30697674418604637,0.48372093023255747
0.25212121212121197,0.193115234375,0.34619140625,0.025,0.0,0.0,0.24999999999999997,0.046511627906976744,0.046511627906976744,0.17674418604651163,0.35000000000000003,0.2,0.0,0.6000000000000002,0.4093023255813949,0.30697674418604637,0.48372093023255747
0.2533333333333332,0.194091796875,0.347412109375,0.025,0.0,0.0,0.24999999999999997,0.046511627906976744,0.046511627906976744,0.17674418604651163,0.35000000000000003,0.2,0.0,0.6000000000000002,0.4186046511627902,0.30697674418604637,0.48372093023255747
0.25454545454545435,0.1949462890625,0.348388671875,0.025,0.0,0.0,0.24999999999999997,0.046511627906976744,0.046511627906976744,0.17674418604651163,0.35000000000000003,0.2,0.0,0.6000000000000002,0.42790697674418554,0.30697674418604637,0.48372093023255747
0.25575757575757563,0.1959228515625,0.349609375,0.025,0.0,0.0,0.24999999999999997,0.046511627906976744,0.046511627906976744,0.17674418604651163,0.35000000000000003,0.2,0.0,0.6000000000000002,0.42790697674418554,0.3162790697674417,0.48372093023255747
0.2569696969696968,0.19677734375,0.35107421875,0.025,0.0,0.0,0.24999999999999997,0.046511627906976744,0.046511627906976744,0.17674418604651163,0.35000000000000003,0.2,0.0,0.6000000000000002,0.42790697674418554,0.325581395348837,0.48372093023255747
0.25818181818181796,0.1976318359375,0.35205078125,0.025,0.0,0.0,0.24999999999999997,0.046511627906976744,0.046511627906976744,0.17674418604651163,0.35000000000000003,0.2,0.0,0.6000000000000002,0.42790697674418554,0.33488372093023233,0.48372093023255747
0.2593939393939392,0.1986083984375,0.353271484375,0.025,0.0,0.0,0.24999999999999997,0.046511627906976744,0.046511627906976744,0.17674418604651163,0.35000000000000003,0.2,0.0,0.6000000000000002,0.42790697674418554,0.34418604651162765,0.48372093023255747
0.2606060606060604,0.1995849609375,0.3544921875,0.025,0.0,0.0,0.27499999999999997,0.046511627906976744,0.046511627906976744,0.17674418604651163,0.35000000000000003,0.2,0.0,0.6000000000000002,0.42790697674418554,0.34418604651162765,0.48372093023255747
0.2618181818181816,0.2005615234375,0.35595703125,0.025,0.0,0.0,0.27499999999999997,0.046511627906976744,0.046511627906976744,0.17674418604651163,0.35000000000000003,0.2,0.0,0.6000000000000002,0.42790697674418554,0.353488372093023,0.48372093023255747
0.26303030303030284,0.201416015625,0.357177734375,0.025,0.0,0.0,0.27499999999999997,0.046511627906976744,0.046511627906976744,0.17674418604651163,0.35000000000000003,0.2,0.0,0.6000000000000002,0.42790697674418554,0.353488372093023,0.4930232558139528
0.26424242424242406,0.202392578125,0.3583984375,0.025,0.0,0.0,0.27499999999999997,0.046511627906976744,0.046511627906976744,0.17674418604651163,0.35000000000000003,0.2,0.0,0.6000000000000002,0.42790697674418554,0.3627906976744183,0.4930232558139528
0.2654545454545453,0.203369140625,0.359375,0.025,0.0,0.0,0.27499999999999997,0.046511627906976744,0.046511627906976744,0.17674418604651163,0.35000000000000003,0.2,0.0,0.6000000000000002,0.42790697674418554,0.3627906976744183,0.5023255813953481
0.2666666666666665,0.2042236328125,0.360595703125,0.025,0.0,0.0,0.27499999999999997,0.046511627906976744,0.046511627906976744,0.17674418604651163,0.35000000000000003,0.2,0.0,0.6000000000000002,0.42790697674418554,0.3627906976744183,0.5116279069767434
0.26787878787878766,0.2052001953125,0.362060546875,0.025,0.0,0.0,0.27499999999999997,0.046511627906976744,0.05581395348837209,0.17674418604651163,0.35000000000000003,0.2,0.0,0.6000000000000002,0.42790697674418554,0.3627906976744183,0.5116279069767434
0.26909090909090894,0.2061767578125,0.363037109375,0.025,0.0,0.0,0.27499999999999997,0.046511627906976744,0.05581395348837209,0.18604651162790697,0.35000000000000003,0.2,0.0,0.6000000000000002,0.42790697674418554,0.3627906976744183,0.5116279069767434
0.2703030303030301,0.2071533203125,0.3642578125,0.025,0.0,0.0,0.27499999999999997,0.046511627906976744,0.05581395348837209,0.18604651162790697,0.35000000000000003,0.2,0.0,0.6000000000000002,0.42790697674418554,0.3720930232558136,0.5116279069767434
0.2715151515151513,0.2081298828125,0.36572265625,0.025,0.0,0.0,0.27499999999999997,0.046511627906976744,0.05581395348837209,0.18604651162790697,0.35000000000000003,0.2,0.0,0.6000000000000002,0.43720930232558086,0.3720930232558136,0.5116279069767434
0.27272727272727254,0.2091064453125,0.36669921875,0.025,0.0,0.0,0.27499999999999997,0.046511627906976744,0.05581395348837209,0.18604651162790697,0.35000000000000003,0.2,0.0,0.6000000000000002,0.4465116279069762,0.3720930232558136,0.5116279069767434
0.27393939393939376,0.2100830078125,0.3681640625,0.025,0.0,0.0,0.27499999999999997,0.05581395348837209,0.05581395348837209,0.18604651162790697,0.35000000000000003,0.2,0.0,0.6000000000000002,0.4465116279069762,0.3720930232558136,0.5116279069767434
0.2751515151515149,0.2110595703125,0.369384765625,0.025,0.0,0.0,0.27499999999999997,0.05581395348837209,0.05581395348837209,0.18604651162790697,0.35000000000000003,0.2,0.0,0.6000000000000002,0.4558139534883715,0.3720930232558136,0.5116279069767434
0.27636363636363614,0.2120361328125,0.37060546875,0.025,0.0,0.0,0.3,0.05581395348837209,0.05581395348837209,0.18604651162790697,0.35000000000000003,0.2,0.0,0.6000000000000002,0.4558139534883715,0.3720930232558136,0.5116279069767434
0.27757575757575736,0.2130126953125,0.371826171875,0.025,0.0,0.0,0.3,0.05581395348837209,0.05581395348837209,0.18604651162790697,0.35000000000000003,0.2,0.0,0.6000000000000002,0.4651162790697668,0.3720930232558136,0.5116279069767434
0.2787878787878786,0.2139892578125,0.373046875,0.025,0.0,0.0,0.3,0.05581395348837209,0.05581395348837209,0.18604651162790697,0.35000000000000003,0.2,0.0,0.6250000000000002,0.4651162790697668,0.3720930232558136,0.5116279069767434
0.2799999999999998,0.2149658203125,0.374267578125,0.025,0.0,0.0,0.3,0.05581395348837209,0.05581395348837209,0.18604651162790697,0.35000000000000003,0.2,0.0,0.6250000000000002,0.47441860465116215,0.3720930232558136,0.5116279069767434
0.281212121212121,0.2159423828125,0.37548828125,0.025,0.0,0.0,0.3,0.05581395348837209,0.05581395348837209,0.19534883720930232,0.35000000000000003,0.2,0.0,0.6250000000000002,0.47441860465116215,0.3720930232558136,0.5116279069767434
0.28242424242424224,0.2169189453125,0.376708984375,0.025,0.0,0.0,0.3,0.05581395348837209,0.05581395348837209,0.19534883720930232,0.35000000000000003,0.2,0.0,0.6250000000000002,0.47441860465116215,0.38139534883720894,0.5116279069767434
0.28363636363636346,0.2178955078125,0.3779296875,0.025,0.0,0.0,0.3,0.05581395348837209,0.05581395348837209,0.19534883720930232,0.35000000000000003,0.2,0.0,0.6250000000000002,0.47441860465116215,0.39069767441860426,0.5116279069767434
0.2848484848484847,0.2188720703125,0.379150390625,0.025,0.0,0.0,0.3,0.05581395348837209,0.05581395348837209,0.19534883720930232,0.35000000000000003,0.2,0.0,0.6250000000000002,0.47441860465116215,0.3999999999999996,0.5116279069767434
0.28606060606060585,0.2198486328125,0.38037109375,0.025,0.0,0.0,0.3,0.05581395348837209,0.05581395348837209,0.19534883720930232,0.35000000000000003,0.2,0.0,0.6250000000000002,0.47441860465116215,0.4093023255813949,0.5116279069767434
0.28727272727272707,0.2208251953125,0.381591796875,0.025,0.0,0.0,0.3,0.05581395348837209,0.05581395348837209,0.19534883720930232,0.35000000000000003,0.2,0.0,0.6250000000000002,0.47441860465116215,0.4186046511627902,0.5116279069767434
0.28848484848484823,0.2218017578125,0.3828125,0.025,0.0,0.0,0.3,0.05581395348837209,0.05581395348837209,0.19534883720930232,0.35000000000000003,0.2,0.0,0.6250000000000002,0.47441860465116215,0.4186046511627902,0.5209302325581388
0.28969696969696945,0.22265625,0.3837890625,0.025,0.0,0.0,0.3,0.05581395348837209,0.05581395348837209,0.19534883720930232,0.35000000000000003,0.2,0.0,0.6250000000000002,0.47441860465116215,0.4186046511627902,0.5302325581395341
0.2909090909090907,0.2236328125,0.38525390625,0.025,0.0,0.0,0.3,0.05581395348837209,0.05581395348837209,0.20465116279069767,0.35000000000000003,0.2,0.0,0.6250000000000002,0.47441860465116215,0.4186046511627902,0.5302325581395341
0.2921212121212119,0.224609375,0.386474609375,0.025,0.0,0.0,0.3,0.05581395348837209,0.05581395348837209,0.20465116279069767,0.35000000000000003,0.2,0.0,0.6250000000000002,0.47441860465116215,0.4186046511627902,0.5395348837209294
0.2933333333333331,0.2255859375,0.387939453125,0.025,0.0,0.0,0.325,0.05581395348837209,0.05581395348837209,0.20465116279069767,0.35000000000000003,0.2,0.0,0.6250000000000002,0.47441860465116215,0.4186046511627902,0.5395348837209294
0.29454545454545433,0.2265625,0.38916015625,0.025,0.0,0.0,0.325,0.05581395348837209,0.05581395348837209,0.21395348837209302,0.35000000000000003,0.2,0.0,0.6250000000000002,0.47441860465116215,0.4186046511627902,0.5395348837209294
0.29575757575757555,0.2275390625,0.39013671875,0.025,0.0,0.0,0.325,0.05581395348837209,0.05581395348837209,0.21395348837209302,0.35000000000000003,0.2,0.0,0.6250000000000002,0.47441860465116215,0.4186046511627902,0.5488372093023247
0.2969696969696967,0.228515625,0.3916015625,0.025,0.0,0.0,0.325,0.05581395348837209,0.05581395348837209,0.22325581395348837,0.35000000000000003,0.2,0.0,0.6250000000000002,0.47441860465116215,0.4186046511627902,0.5488372093023247
0.2981818181818179,0.2294921875,0.392822265625,0.025,0.0,0.0,0.325,0.05581395348837209,0.05581395348837209,0.22325581395348837,0.35000000000000003,0.2,0.0,0.6250000000000002,0.47441860465116215,0.4186046511627902,0.55813953488372
0.2993939393939391,0.23046875,0.39404296875,0.025,0.0,0.0,0.325,0.05581395348837209,0.06511627906976744,0.22325581395348837,0.35000000000000003,0.2,0.0,0.6250000000000002,0.47441860465116215,0.4186046511627902,0.55813953488372
0.3006060606060604,0.2315673828125,0.394775390625,0.025,0.0,0.0,0.35000000000000003,0.05581395348837209,0.06511627906976744,0.22325581395348837,0.35000000000000003,0.2,0.0,0.6250000000000002,0.47441860465116215,0.4186046511627902,0.55813953488372
0.30181818181818154,0.2325439453125,0.396484375,0.025,0.0,0.0,0.35000000000000003,0.05581395348837209,0.06511627906976744,0.22325581395348837,0.35000000000000003,0.2,0.0,0.6250000000000002,0.47441860465116215,0.42790697674418554,0.55813953488372
0.3030303030303027,0.2335205078125,0.397705078125,0.025,0.0,0.0,0.35000000000000003,0.05581395348837209,0.06511627906976744,0.22325581395348837,0.35000000000000003,0.2,0.0,0.6250000000000002,0.48372093023255747,0.42790697674418554,0.55813953488372
0.304242424242424,0.2344970703125,0.399169921875,0.025,0.0,0.0,0.35000000000000003,0.05581395348837209,0.06511627906976744,0.22325581395348837,0.35000000000000003,0.2,0.0,0.6250000000000002,0.4930232558139528,0.42790697674418554,0.55813953488372
0.30545454545454515,0.2353515625,0.400146484375,0.025,0.0,0.0,0.35000000000000003,0.05581395348837209,0.06511627906976744,0.22325581395348837,0.35000000000000003,0.2,0.0,0.6250000000000002,0.5023255813953481,0.42790697674418554,0.55813953488372
0.30666666666666637,0.2364501953125,0.401611328125,0.025,0.0,0.0,0.35000000000000003,0.06511627906976744,0.06511627906976744,0.22325581395348837,0.35000000000000003,0.2,0.0,0.6250000000000002,0.5023255813953481,0.42790697674418554,0.55813953488372
0.3078787878787876,0.2374267578125,0.402587890625,0.025,0.0,0.0,0.35000000000000003,0.06511627906976744,0.06511627906976744,0.22325581395348837,0.37500000000000006,0.2,0.0,0.6250000000000002,0.5023255813953481,0.42790697674418554,0.55813953488372
0.3090909090909088,0.2384033203125,0.404052734375,0.025,0.0,0.0,0.35000000000000003,0.06511627906976744,0.06511627906976744,0.22325581395348837,0.4000000000000001,0.2,0.0,0.6250000000000002,0.5023255813953481,0.42790697674418554,0.55813953488372
0.3103030303030301,0.2393798828125,0.4052734375,0.025,0.0,0.0,0.35000000000000003,0.06511627906976744,0.06511627906976744,0.22325581395348837,0.4000000000000001,0.2,0.0,0.6250000000000002,0.5023255813953481,0.42790697674418554,0.5674418604651154
0.31151515151515125,0.2403564453125,0.406494140625,0.025,0.0,0.0,0.35000000000000003,0.06511627906976744,0.06511627906976744,0.22325581395348837,0.4000000000000001,0.2,0.0,0.6250000000000002,0.5023255813953481,0.42790697674418554,0.5767441860465107
0.3127272727272724,0.2413330078125,0.40771484375,0.025,0.0,0.0,0.35000000000000003,0.06511627906976744,0.06511627906976744,0.22325581395348837,0.4250000000000001,0.2,0.0,0.6250000000000002,0.5023255813953481,0.42790697674418554,0.5767441860465107
0.3139393939393937,0.2423095703125,0.408935546875,0.025,0.0,0.0,0.35000000000000003,0.06511627906976744,0.06511627906976744,0.22325581395348837,0.4250000000000001,0.2,0.0,0.6250000000000002,0.5023255813953481,0.42790697674418554,0.586046511627906
0.31515151515151485,0.2432861328125,0.410400390625,0.025,0.0,0.0,0.35000000000000003,0.06511627906976744,0.06511627906976744,0.22325581395348837,0.4250000000000001,0.2,0.0,0.6250000000000002,0.5023255813953481,0.42790697674418554,0.5953488372093013
0.31636363636363607,0.2442626953125,0.411376953125,0.025,0.0,0.0,0.35000000000000003,0.06511627906976744,0.06511627906976744,0.22325581395348837,0.4250000000000001,0.2,0.0,0.6500000000000002,0.5023255813953481,0.42790697674418554,0.5953488372093013
0.3175757575757573,0.245361328125,0.41259765625,0.025,0.0,0.0,0.35000000000000003,0.06511627906976744,0.07441860465116279,0.22325581395348837,0.4250000000000001,0.2,0.0,0.6500000000000002,0.5023255813953481,0.42790697674418554,0.5953488372093013
0.3187878787878785,0.246337890625,0.4140625,0.025,0.0,0.0,0.35000000000000003,0.06511627906976744,0.07441860465116279,0.22325581395348837,0.4250000000000001,0.2,0.0,0.6500000000000002,0.5116279069767434,0.42790697674418554,0.5953488372093013
0.3199999999999997,0.247314453125,0.4150390625,0.025,0.0,0.0,0.35000000000000003,0.06511627906976744,0.07441860465116279,0.22325581395348837,0.4250000000000001,0.2,0.0,0.6500000000000002,0.5209302325581388,0.42790697674418554,0.5953488372093013
0.3212121212121209,0.2481689453125,0.41650390625,0.025,0.0,0.0,0.35000000000000003,0.06511627906976744,0.07441860465116279,0.22325581395348837,0.4250000000000001,0.2,0.0,0.6500000000000002,0.5302325581395341,0.42790697674418554,0.5953488372093013
0.3224242424242421,0.249267578125,0.41748046875,0.025,0.0,0.0,0.37500000000000006,0.06511627906976744,0.07441860465116279,0.22325581395348837,0.4250000000000001,0.2,0.0,0.6500000000000002,0.5302325581395341,0.42790697674418554,0.5953488372093013
0.32363636363636333,0.250244140625,0.4189453125,0.025,0.0,0.0,0.37500000000000006,0.06511627906976744,0.07441860465116279,0.22325581395348837,0.4250000000000001,0.2,0.0,0.6500000000000002,0.5395348837209294,0.42790697674418554,0.5953488372093013
0.3248484848484845,0.251220703125,0.420166015625,0.025,0.0,0.0,0.37500000000000006,0.06511627906976744,0.07441860465116279,0.22325581395348837,0.4250000000000001,0.2,0.0,0.6500000000000002,0.5488372093023247,0.42790697674418554,0.5953488372093013
0.3260606060606057,0.252197265625,0.42138671875,0.025,0.0,0.0,0.37500000000000006,0.06511627906976744,0.07441860465116279,0.22325581395348837,0.4250000000000001,0.2,0.0,0.6500000000000002,0.5488372093023247,0.42790697674418554,0.6046511627906966
0.327272727272727,0.25341796875,0.422607421875,0.025,0.0,0.0,0.4000000000000001,0.06511627906976744,0.07441860465116279,0.22325581395348837,0.4250000000000001,0.2,0.0,0.6500000000000002,0.5488372093023247,0.42790697674418554,0.6046511627906966
0.3284848484848482,0.25439453125,0.423828125,0.025,0.0,0.0,0.4000000000000001,0.06511627906976744,0.07441860465116279,0.23255813953488372,0.4250000000000001,0.2,0.0,0.6500000000000002,0.5488372093023247,0.42790697674418554,0.6046511627906966
0.3296969696969694,0.255615234375,0.425048828125,0.025,0.0,0.0,0.4000000000000001,0.07441860465116279,0.07441860465116279,0.23255813953488372,0.4250000000000001,0.2,0.0,0.6500000000000002,0.5488372093023247,0.42790697674418554,0.6046511627906966
0.3309090909090906,0.256591796875,0.426513671875,0.025,0.0,0.0,0.4000000000000001,0.07441860465116279,0.07441860465116279,0.24186046511627907,0.4250000000000001,0.2,0.0,0.6500000000000002,0.5488372093023247,0.42790697674418554,0.6046511627906966
0.3321212121212119,0.257568359375,0.427490234375,0.025,0.0,0.0,0.4000000000000001,0.07441860465116279,0.07441860465116279,0.24186046511627907,0.4250000000000001,0.2,0.0,0.6500000000000002,0.5488372093023247,0.42790697674418554,0.613953488372092
0.333333333333333,0.2587890625,0.428955078125,0.025,0.0,0.0,0.4000000000000001,0.08372093023255814,0.07441860465116279,0.24186046511627907,0.4250000000000001,0.2,0.0,0.6500000000000002,0.5488372093023247,0.42790697674418554,0.613953488372092
0.3345454545454542,0.259765625,0.43017578125,0.025,0.0,0.0,0.4000000000000001,0.08372093023255814,0.07441860465116279,0.24186046511627907,0.4250000000000001,0.2,0.0,0.6500000000000002,0.55813953488372,0.42790697674418554,0.613953488372092
0.3357575757575754,0.260986328125,0.431396484375,0.025,0.0,0.0,0.4000000000000001,0.08372093023255814,0.08372093023255814,0.24186046511627907,0.4250000000000001,0.2,0.0,0.6500000000000002,0.55813953488372,0.42790697674418554,0.613953488372092
0.3369696969696967,0.261962890625,0.4326171875,0.025,0.0,0.0,0.4000000000000001,0.08372093023255814,0.08372093023255814,0.25116279069767444,0.4250000000000001,0.2,0.0,0.6500000000000002,0.55813953488372,0.42790697674418554,0.613953488372092
0.3381818181818179,0.262939453125,0.433837890625,0.025,0.0,0.0,0.4000000000000001,0.08372093023255814,0.08372093023255814,0.25116279069767444,0.4250000000000001,0.2,0.0,0.6750000000000003,0.55813953488372,0.42790697674418554,0.613953488372092
0.33939393939393914,0.26416015625,0.43505859375,0.025,0.0,0.0,0.4000000000000001,0.08372093023255814,0.09302325581395349,0.25116279069767444,0.4250000000000001,0.2,0.0,0.6750000000000003,0.55813953488372,0.42790697674418554,0.613953488372092
0.3406060606060603,0.26513671875,0.436279296875,0.025,0.0,0.0,0.4000000000000001,0.08372093023255814,0.09302325581395349,0.26046511627906976,0.4250000000000001,0.2,0.0,0.6750000000000003,0.55813953488372,0.42790697674418554,0.613953488372092
0.3418181818181815,0.266357421875,0.4375,0.025,0.0,0.0,0.4000000000000001,0.08372093023255814,0.10232558139534884,0.26046511627906976,0.4250000000000001,0.2,0.0,0.6750000000000003,0.55813953488372,0.42790697674418554,0.613953488372092
0.34303030303030274,0.267333984375,0.438720703125,0.025,0.0,0.0,0.4000000000000001,0.08372093023255814,0.10232558139534884,0.26046511627906976,0.4250000000000001,0.2,0.0,0.6750000000000003,0.55813953488372,0.42790697674418554,0.6232558139534873
0.3442424242424239,0.2685546875,0.440185546875,0.025,0.0,0.0,0.4000000000000001,0.08372093023255814,0.10232558139534884,0.2697674418604651,0.4250000000000001,0.2,0.0,0.6750000000000003,0.55813953488372,0.42790697674418554,0.6232558139534873
0.3454545454545451,0.26953125,0.44140625,0.025,0.0,0.0,0.4000000000000001,0.08372093023255814,0.10232558139534884,0.2697674418604651,0.4500000000000001,0.2,0.0,0.6750000000000003,0.55813953488372,0.42790697674418554,0.6232558139534873
0.34666666666666635,0.2705078125,0.442626953125,0.025,0.0,0.0,0.4000000000000001,0.08372093023255814,0.10232558139534884,0.2697674418604651,0.4500000000000001,0.2,0.0,0.6750000000000003,0.5674418604651154,0.42790697674418554,0.6232558139534873
0.34787878787878757,0.271484375,0.44384765625,0.025,0.0,0.0,0.4000000000000001,0.08372093023255814,0.10232558139534884,0.2697674418604651,0.4500000000000001,0.2,0.0,0.6750000000000003,0.5674418604651154,0.43720930232558086,0.6232558139534873
0.34909090909090873,0.2724609375,0.4453125,0.025,0.0,0.0,0.4000000000000001,0.08372093023255814,0.10232558139534884,0.2697674418604651,0.4500000000000001,0.2,0.0,0.6750000000000003,0.5674418604651154,0.4465116279069762,0.6232558139534873
0.35030303030303,0.2734375,0.4462890625,0.025,0.0,0.0,0.4000000000000001,0.08372093023255814,0.10232558139534884,0.2697674418604651,0.4500000000000001,0.2,0.0,0.7000000000000003,0.5674418604651154,0.4465116279069762,0.6232558139534873
0.35151515151515117,0.2744140625,0.44775390625,0.025,0.0,0.0,0.4000000000000001,0.08372093023255814,0.10232558139534884,0.2697674418604651,0.4500000000000001,0.2,0.0,0.7000000000000003,0.5674418604651154,0.4558139534883715,0.6232558139534873
0.3527272727272724,0.275390625,0.448974609375,0.025,0.0,0.0,0.4000000000000001,0.08372093023255814,0.10232558139534884,0.2697674418604651,0.47500000000000014,0.2,0.0,0.7000000000000003,0.5674418604651154,0.4558139534883715,0.6232558139534873
0.3539393939393936,0.2763671875,0.4501953125,0.025,0.0,0.0,0.4000000000000001,0.08372093023255814,0.10232558139534884,0.2697674418604651,0.47500000000000014,0.2,0.0,0.7000000000000003,0.5674418604651154,0.4651162790697668,0.6232558139534873
0.35515151515151483,0.27734375,0.451416015625,0.025,0.0,0.0,0.4000000000000001,0.08372093023255814,0.10232558139534884,0.2697674418604651,0.47500000000000014,0.2,0.0,0.7000000000000003,0.5767441860465107,0.4651162790697668,0.6232558139534873
0.356363636363636,0.2783203125,0.45263671875,0.025,0.0,0.0,0.4000000000000001,0.08372093023255814,0.10232558139534884,0.2697674418604651,0.47500000000000014,0.2,0.0,0.7000000000000003,0.586046511627906,0.4651162790697668,0.6232558139534873
0.3575757575757572,0.279296875,0.4541015625,0.025,0.0,0.0,0.4000000000000001,0.08372093023255814,0.10232558139534884,0.2697674418604651,0.47500000000000014,0.2,0.0,0.7000000000000003,0.5953488372093013,0.4651162790697668,0.6232558139534873
0.35878787878787843,0.2802734375,0.455078125,0.025,0.0,0.0,0.4000000000000001,0.08372093023255814,0.10232558139534884,0.2697674418604651,0.47500000000000014,0.2,0.0,0.7000000000000003,0.6046511627906966,0.4651162790697668,0.6232558139534873
0.35999999999999965,0.28125,0.45654296875,0.025,0.0,0.0,0.4000000000000001,0.08372093023255814,0.10232558139534884,0.2697674418604651,0.47500000000000014,0.2,0.0,0.7000000000000003,0.6046511627906966,0.47441860465116215,0.6232558139534873
0.3612121212121208,0.2822265625,0.457763671875,0.025,0.0,0.0,0.4000000000000001,0.08372093023255814,0.10232558139534884,0.2697674418604651,0.47500000000000014,0.2,0.0,0.7000000000000003,0.6046511627906966,0.48372093023255747,0.6232558139534873
0.36242424242424204,0.283203125,0.458740234375,0.025,0.0,0.0,0.4000000000000001,0.08372093023255814,0.10232558139534884,0.2697674418604651,0.47500000000000014,0.2,0.0,0.7000000000000003,0.6046511627906966,0.4930232558139528,0.6232558139534873
0.36363636363636326,0.2841796875,0.460205078125,0.025,0.0,0.0,0.4000000000000001,0.08372093023255814,0.10232558139534884,0.2697674418604651,0.47500000000000014,0.2,0.0,0.7000000000000003,0.6046511627906966,0.5023255813953481,0.6232558139534873
0.3648484848484844,0.28515625,0.46142578125,0.025,0.0,0.0,0.4000000000000001,0.08372093023255814,0.10232558139534884,0.2697674418604651,0.47500000000000014,0.2,0.0,0.7000000000000003,0.6046511627906966,0.5023255813953481,0.6325581395348826
0.36606060606060564,0.2861328125,0.462646484375,0.025,0.0,0.0,0.4000000000000001,0.08372093023255814,0.10232558139534884,0.2697674418604651,0.47500000000000014,0.2,0.0,0.7000000000000003,0.6046511627906966,0.5023255813953481,0.6418604651162779
0.3672727272727269,0.287109375,0.463623046875,0.025,0.0,0.0,0.4000000000000001,0.08372093023255814,0.10232558139534884,0.2697674418604651,0.47500000000000014,0.2,0.0,0.7000000000000003,0.6046511627906966,0.5023255813953481,0.6511627906976732
0.3684848484848481,0.2880859375,0.46533203125,0.025,0.0,0.0,0.4000000000000001,0.08372093023255814,0.10232558139534884,0.2697674418604651,0.47500000000000014,0.2,0.0,0.7000000000000003,0.6046511627906966,0.5023255813953481,0.6604651162790686
0.3696969696969693,0.289306640625,0.466552734375,0.025,0.0,0.0,0.4250000000000001,0.08372093023255814,0.10232558139534884,0.2697674418604651,0.47500000000000014,0.2,0.0,0.7000000000000003,0.6046511627906966,0.5023255813953481,0.6604651162790686
0.3709090909090905,0.290283203125,0.467529296875,0.025,0.0,0.0,0.4250000000000001,0.08372093023255814,0.10232558139534884,0.2790697674418604,0.47500000000000014,0.2,0.0,0.7000000000000003,0.6046511627906966,0.5023255813953481,0.6604651162790686
0.37212121212121174,0.29150390625,0.468994140625,0.025,0.0,0.0,0.4500000000000001,0.08372093023255814,0.10232558139534884,0.2790697674418604,0.47500000000000014,0.2,0.0,0.7000000000000003,0.6046511627906966,0.5023255813953481,0.6604651162790686
0.37333333333333296,0.292724609375,0.47021484375,0.025,0.0,0.0,0.4500000000000001,0.09302325581395349,0.10232558139534884,0.2790697674418604,0.47500000000000014,0.2,0.0,0.7000000000000003,0.6046511627906966,0.5023255813953481,0.6604651162790686
0.3745454545454541,0.293701171875,0.471435546875,0.025,0.0,0.0,0.4500000000000001,0.09302325581395349,0.10232558139534884,0.2790697674418604,0.5000000000000001,0.2,0.0,0.7000000000000003,0.6046511627906966,0.5023255813953481,0.6604651162790686
0.37575757575757535,0.294921875,0.472900390625,0.025,0.0,0.0,0.4500000000000001,0.10232558139534884,0.10232558139534884,0.2790697674418604,0.5000000000000001,0.2,0.0,0.7000000000000003,0.6046511627906966,0.5023255813953481,0.6604651162790686
0.3769696969696966,0.296142578125,0.473876953125,0.025,0.0,0.0,0.4500000000000001,0.10232558139534884,0.11162790697674418,0.2790697674418604,0.5000000000000001,0.2,0.0,0.7000000000000003,0.6046511627906966,0.5023255813953481,0.6604651162790686
0.3781818181818178,0.29736328125,0.47509765625,0.025,0.0,0.0,0.4500000000000001,0.10232558139534884,0.12093023255813953,0.2790697674418604,0.5000000000000001,0.2,0.0,0.7000000000000003,0.6046511627906966,0.5023255813953481,0.6604651162790686
0.379393939393939,0.298583984375,0.476806640625,0.025,0.0,0.0,0.4500000000000001,0.10232558139534884,0.12093023255813953,0.2883720930232557,0.5000000000000001,0.2,0.0,0.7000000000000003,0.6046511627906966,0.5023255813953481,0.6604651162790686
0.3806060606060602,0.299560546875,0.4775390625,0.025,0.0,0.0,0.4500000000000001,0.10232558139534884,0.12093023255813953,0.2883720930232557,0.5250000000000001,0.2,0.0,0.7000000000000003,0.6046511627906966,0.5023255813953481,0.6604651162790686
0.3818181818181814,0.300537109375,0.478759765625,0.025,0.0,0.0,0.4500000000000001,0.10232558139534884,0.12093023255813953,0.2883720930232557,0.5250000000000001,0.2,0.0,0.7000000000000003,0.6046511627906966,0.5023255813953481,0.6697674418604639
0.3830303030303026,0.3017578125,0.47998046875,0.025,0.0,0.0,0.4500000000000001,0.10232558139534884,0.12093023255813953,0.29767441860465105,0.5250000000000001,0.2,0.0,0.7000000000000003,0.6046511627906966,0.5023255813953481,0.6697674418604639
0.38424242424242383,0.302734375,0.4814453125,0.025,0.0,0.0,0.4500000000000001,0.10232558139534884,0.12093023255813953,0.29767441860465105,0.5250000000000001,0.2,0.0,0.7250000000000003,0.6046511627906966,0.5023255813953481,0.6697674418604639
0.38545454545454505,0.303955078125,0.48291015625,0.025,0.0,0.0,0.4500000000000001,0.10232558139534884,0.12093023255813953,0.30697674418604637,0.5250000000000001,0.2,0.0,0.7250000000000003,0.6046511627906966,0.5023255813953481,0.6697674418604639
0.3866666666666663,0.304931640625,0.484130859375,0.025,0.0,0.0,0.4500000000000001,0.10232558139534884,0.12093023255813953,0.3162790697674417,0.5250000000000001,0.2,0.0,0.7250000000000003,0.6046511627906966,0.5023255813953481,0.6697674418604639
0.38787878787878743,0.30615234375,0.485107421875,0.025,0.0,0.0,0.4500000000000001,0.10232558139534884,0.12093023255813953,0.325581395348837,0.5250000000000001,0.2,0.0,0.7250000000000003,0.6046511627906966,0.5023255813953481,0.6697674418604639
0.38909090909090865,0.307373046875,0.486083984375,0.025,0.0,0.0,0.4500000000000001,0.10232558139534884,0.12093023255813953,0.33488372093023233,0.5250000000000001,0.2,0.0,0.7250000000000003,0.6046511627906966,0.5023255813953481,0.6697674418604639
0.39030303030302993,0.30859375,0.4873046875,0.025,0.0,0.0,0.4500000000000001,0.10232558139534884,0.12093023255813953,0.34418604651162765,0.5250000000000001,0.2,0.0,0.7250000000000003,0.6046511627906966,0.5023255813953481,0.6697674418604639
0.39151515151515115,0.309814453125,0.489013671875,0.025,0.0,0.0,0.4500000000000001,0.10232558139534884,0.12093023255813953,0.34418604651162765,0.5500000000000002,0.2,0.0,0.7250000000000003,0.6046511627906966,0.5023255813953481,0.6697674418604639
0.39272727272727237,0.310791015625,0.489990234375,0.025,0.0,0.0,0.4500000000000001,0.10232558139534884,0.12093023255813953,0.34418604651162765,0.5500000000000002,0.2,0.0,0.7250000000000003,0.613953488372092,0.5023255813953481,0.6697674418604639
0.39393939393939353,0.311767578125,0.4912109375,0.025,0.0,0.0,0.4500000000000001,0.10232558139534884,0.12093023255813953,0.34418604651162765,0.5500000000000002,0.2,0.0,0.7250000000000003,0.6232558139534873,0.5023255813953481,0.6697674418604639
0.39515151515151475,0.312744140625,0.492431640625,0.025,0.0,0.0,0.4500000000000001,0.10232558139534884,0.12093023255813953,0.34418604651162765,0.5500000000000002,0.2,0.0,0.7250000000000003,0.6325581395348826,0.5023255813953481,0.6697674418604639
0.396363636363636,0.313720703125,0.493408203125,0.025,0.0,0.0,0.4500000000000001,0.10232558139534884,0.12093023255813953,0.34418604651162765,0.5500000000000002,0.2,0.0,0.7250000000000003,0.6418604651162779,0.5023255813953481,0.6697674418604639
0.3975757575757572,0.314697265625,0.4951171875,0.025,0.0,0.0,0.4500000000000001,0.10232558139534884,0.12093023255813953,0.34418604651162765,0.5500000000000002,0.2,0.0,0.7250000000000003,0.6511627906976732,0.5023255813953481,0.6697674418604639
0.3987878787878784,0.315673828125,0.496337890625,0.025,0.0,0.0,0.4500000000000001,0.10232558139534884,0.12093023255813953,0.34418604651162765,0.5500000000000002,0.2,0.0,0.7250000000000003,0.6511627906976732,0.5116279069767434,0.6697674418604639
0.3999999999999996,0.316650390625,0.497314453125,0.025,0.0,0.0,0.4500000000000001,0.10232558139534884,0.12093023255813953,0.34418604651162765,0.5500000000000002,0.2,0.0,0.7250000000000003,0.6511627906976732,0.5209302325581388,0.6697674418604639
0.4012121212121208,0.317626953125,0.49853515625,0.025,0.0,0.0,0.4500000000000001,0.10232558139534884,0.12093023255813953,0.34418604651162765,0.5500000000000002,0.2,0.0,0.7250000000000003,0.6511627906976732,0.5302325581395341,0.6697674418604639
0.402424242424242,0.318603515625,0.499755859375,0.025,0.0,0.0,0.4500000000000001,0.10232558139534884,0.12093023255813953,0.34418604651162765,0.5500000000000002,0.2,0.0,0.7250000000000003,0.6604651162790686,0.5302325581395341,0.6697674418604639
0.40363636363636324,0.319580078125,0.50146484375,0.025,0.0,0.0,0.4500000000000001,0.10232558139534884,0.12093023255813953,0.34418604651162765,0.5500000000000002,0.2,0.0,0.7250000000000003,0.6604651162790686,0.5302325581395341,0.6790697674418592
0.4048484848484844,0.32080078125,0.50244140625,0.025,0.0,0.0,0.47500000000000014,0.10232558139534884,0.12093023255813953,0.34418604651162765,0.5500000000000002,0.2,0.0,0.7250000000000003,0.6604651162790686,0.5302325581395341,0.6790697674418592
0.4060606060606056,0.32177734375,0.50341796875,0.025,0.0,0.0,0.47500000000000014,0.10232558139534884,0.12093023255813953,0.34418604651162765,0.5500000000000002,0.2,0.0,0.7250000000000003,0.6697674418604639,0.5302325581395341,0.6790697674418592
0.40727272727272684,0.322998046875,0.5048828125,0.025,0.0,0.0,0.47500000000000014,0.11162790697674418,0.12093023255813953,0.34418604651162765,0.5500000000000002,0.2,0.0,0.7250000000000003,0.6697674418604639,0.5302325581395341,0.6790697674418592
0.40848484848484806,0.32421875,0.505859375,0.025,0.0,0.0,0.47500000000000014,0.11162790697674418,0.13023255813953488,0.34418604651162765,0.5500000000000002,0.2,0.0,0.7250000000000003,0.6697674418604639,0.5302325581395341,0.6790697674418592
0.40969696969696934,0.325439453125,0.50732421875,0.025,0.0,0.0,0.47500000000000014,0.12093023255813953,0.13023255813953488,0.34418604651162765,0.5500000000000002,0.2,0.0,0.7250000000000003,0.6697674418604639,0.5302325581395341,0.6790697674418592
0.41090909090909045,0.32666015625,0.5087890625,0.025,0.0,0.0,0.47500000000000014,0.12093023255813953,0.13953488372093023,0.34418604651162765,0.5500000000000002,0.2,0.0,0.7250000000000003,0.6697674418604639,0.5302325581395341,0.6790697674418592
0.41212121212121167,0.327880859375,0.50927734375,0.025,0.0,0.0,0.47500000000000014,0.12093023255813953,0.13953488372093023,0.353488372093023,0.5500000000000002,0.2,0.0,0.7250000000000003,0.6697674418604639,0.5302325581395341,0.6790697674418592
0.41333333333333294,0.328857421875,0.5107421875,0.025,0.0,0.0,0.47500000000000014,0.12093023255813953,0.13953488372093023,0.353488372093023,0.5500000000000002,0.2,0.0,0.7250000000000003,0.6697674418604639,0.5302325581395341,0.6883720930232545
0.41454545454545416,0.330078125,0.51220703125,0.025,0.0,0.0,0.47500000000000014,0.12093023255813953,0.13953488372093023,0.3627906976744183,0.5500000000000002,0.2,0.0,0.7250000000000003,0.6697674418604639,0.5302325581395341,0.6883720930232545
0.4157575757575754,0.331298828125,0.513671875,0.025,0.0,0.0,0.47500000000000014,0.12093023255813953,0.13953488372093023,0.3627906976744183,0.5750000000000002,0.2,0.0,0.7250000000000003,0.6697674418604639,0.5302325581395341,0.6883720930232545
0.41696969696969655,0.332275390625,0.5146484375,0.025,0.0,0.0,0.47500000000000014,0.12093023255813953,0.13953488372093023,0.3627906976744183,0.5750000000000002,0.2,0.0,0.7500000000000003,0.6697674418604639,0.5302325581395341,0.6883720930232545
0.41818181818181777,0.333251953125,0.51611328125,0.025,0.0,0.0,0.47500000000000014,0.12093023255813953,0.13953488372093023,0.3627906976744183,0.5750000000000002,0.2,0.0,0.7500000000000003,0.6790697674418592,0.5302325581395341,0.6883720930232545
0.419393939393939,0.33447265625,0.5166015625,0.025,0.0,0.0,0.47500000000000014,0.12093023255813953,0.13953488372093023,0.3627906976744183,0.6000000000000002,0.2,0.0,0.7500000000000003,0.6790697674418592,0.5302325581395341,0.6883720930232545
0.42060606060606015,0.33544921875,0.51806640625,0.025,0.0,0.0,0.47500000000000014,0.12093023255813953,0.13953488372093023,0.3627906976744183,0.6000000000000002,0.2,0.0,0.7500000000000003,0.6790697674418592,0.5395348837209294,0.6883720930232545
0.42181818181818137,0.33642578125,0.51953125,0.025,0.0,0.0,0.47500000000000014,0.12093023255813953,0.13953488372093023,0.3627906976744183,0.6000000000000002,0.2,0.0,0.7500000000000003,0.6790697674418592,0.5488372093023247,0.6883720930232545
0.4230303030303026,0.33740234375,0.52099609375,0.025,0.0,0.0,0.47500000000000014,0.12093023255813953,0.13953488372093023,0.3627906976744183,0.6000000000000002,0.2,0.0,0.7500000000000003,0.6790697674418592,0.55813953488372,0.6883720930232545
0.4242424242424238,0.33837890625,0.52197265625,0.025,0.0,0.0,0.47500000000000014,0.12093023255813953,0.13953488372093023,0.3627906976744183,0.6000000000000002,0.2,0.0,0.7500000000000003,0.6790697674418592,0.5674418604651154,0.6883720930232545
0.42545454545454503,0.339599609375,0.5234375,0.025,0.0,0.0,0.5000000000000001,0.12093023255813953,0.13953488372093023,0.3627906976744183,0.6000000000000002,0.2,0.0,0.7500000000000003,0.6790697674418592,0.5674418604651154,0.6883720930232545
0.4266666666666662,0.3408203125,0.52392578125,0.025,0.0,0.0,0.5000000000000001,0.12093023255813953,0.13953488372093023,0.3627906976744183,0.6250000000000002,0.2,0.0,0.7500000000000003,0.6790697674418592,0.5674418604651154,0.6883720930232545
0.4278787878787874,0.341796875,0.525390625,0.025,0.0,0.0,0.5000000000000001,0.12093023255813953,0.13953488372093023,0.3627906976744183,0.6250000000000002,0.2,0.0,0.7500000000000003,0.6790697674418592,0.5674418604651154,0.6976744186046498
0.42909090909090863,0.343017578125,0.52685546875,0.025,0.0,0.0,0.5000000000000001,0.12093023255813953,0.13953488372093023,0.3627906976744183,0.6250000000000002,0.2,0.0,0.7500000000000003,0.6883720930232545,0.5674418604651154,0.6976744186046498
0.4303030303030298,0.343994140625,0.5283203125,0.025,0.0,0.0,0.5000000000000001,0.12093023255813953,0.13953488372093023,0.3627906976744183,0.6250000000000002,0.2,0.0,0.7500000000000003,0.6976744186046498,0.5674418604651154,0.6976744186046498
0.4315151515151511,0.344970703125,0.529296875,0.025,0.0,0.0,0.5000000000000001,0.12093023255813953,0.13953488372093023,0.3627906976744183,0.6250000000000002,0.2,0.0,0.7500000000000003,0.7069767441860452,0.5674418604651154,0.6976744186046498
0.43272727272727224,0.345947265625,0.53076171875,0.025,0.0,0.0,0.5000000000000001,0.12093023255813953,0.13953488372093023,0.3627906976744183,0.6250000000000002,0.2,0.0,0.7500000000000003,0.7069767441860452,0.5767441860465107,0.6976744186046498
0.43393939393939346,0.346923828125,0.53125,0.025,0.0,0.0,0.5000000000000001,0.12093023255813953,0.13953488372093023,0.3627906976744183,0.6250000000000002,0.2,0.0,0.7500000000000003,0.7069767441860452,0.586046511627906,0.6976744186046498
0.4351515151515147,0.347900390625,0.533203125,0.025,0.0,0.0,0.5000000000000001,0.12093023255813953,0.13953488372093023,0.3627906976744183,0.6250000000000002,0.2,0.0,0.7500000000000003,0.7069767441860452,0.5953488372093013,0.6976744186046498
0.43636363636363584,0.348876953125,0.5341796875,0.025,0.0,0.0,0.5000000000000001,0.12093023255813953,0.13953488372093023,0.3627906976744183,0.6250000000000002,0.2,0.0,0.7500000000000003,0.7069767441860452,0.5953488372093013,0.7069767441860452
0.43757575757575706,0.349853515625,0.53515625,0.025,0.0,0.0,0.5000000000000001,0.12093023255813953,0.13953488372093023,0.3627906976744183,0.6250000000000002,0.2,0.0,0.7500000000000003,0.7069767441860452,0.5953488372093013,0.7162790697674405
0.4387878787878783,0.35107421875,0.53662109375,0.025,0.0,0.0,0.5000000000000001,0.12093023255813953,0.13953488372093023,0.3627906976744183,0.6500000000000002,0.2,0.0,0.7500000000000003,0.7069767441860452,0.5953488372093013,0.7162790697674405
0.43999999999999945,0.352294921875,0.53759765625,0.025,0.0,0.0,0.5000000000000001,0.13023255813953488,0.13953488372093023,0.3627906976744183,0.6500000000000002,0.2,0.0,0.7500000000000003,0.7069767441860452,0.5953488372093013,0.7162790697674405
0.44121212121212067,0.353515625,0.5390625,0.025,0.0,0.0,0.5000000000000001,0.13023255813953488,0.14883720930232558,0.3627906976744183,0.6500000000000002,0.2,0.0,0.7500000000000003,0.7069767441860452,0.5953488372093013,0.7162790697674405
0.4424242424242419,0.354736328125,0.54052734375,0.025,0.0,0.0,0.5000000000000001,0.13023255813953488,0.14883720930232558,0.3627906976744183,0.6500000000000002,0.2,0.0,0.7500000000000003,0.7162790697674405,0.5953488372093013,0.7162790697674405
0.44363636363636316,0.355712890625,0.54150390625,0.025,0.0,0.0,0.5000000000000001,0.13023255813953488,0.14883720930232558,0.3627906976744183,0.6500000000000002,0.2,0.0,0.7500000000000003,0.7255813953488358,0.5953488372093013,0.7162790697674405
0.4448484848484844,0.356689453125,0.54248046875,0.025,0.0,0.0,0.5000000000000001,0.13023255813953488,0.14883720930232558,0.3627906976744183,0.6500000000000002,0.2,0.0,0.7500000000000003,0.7348837209302311,0.5953488372093013,0.7162790697674405
0.4460606060606055,0.357666015625,0.54345703125,0.025,0.0,0.0,0.5000000000000001,0.13023255813953488,0.14883720930232558,0.3627906976744183,0.6500000000000002,0.2,0.0,0.7500000000000003,0.7348837209302311,0.6046511627906966,0.7162790697674405
0.4472727272727267,0.35888671875,0.54541015625,0.025,0.0,0.0,0.5000000000000001,0.13023255813953488,0.14883720930232558,0.3627906976744183,0.6500000000000002,0.2,0.0,0.7500000000000003,0.7441860465116265,0.6046511627906966,0.7162790697674405
0.448484848484848,0.35986328125,0.54638671875,0.025,0.0,0.0,0.5000000000000001,0.13023255813953488,0.14883720930232558,0.3627906976744183,0.6500000000000002,0.2,0.0,0.7500000000000003,0.7441860465116265,0.6046511627906966,0.7255813953488358
0.4496969696969692,0.361083984375,0.54736328125,0.025,0.0,0.0,0.5250000000000001,0.13023255813953488,0.14883720930232558,0.3627906976744183,0.6500000000000002,0.2,0.0,0.7500000000000003,0.7441860465116265,0.6046511627906966,0.7255813953488358
0.4509090909090904,0.3623046875,0.548828125,0.025,0.0,0.0,0.5250000000000001,0.13953488372093023,0.14883720930232558,0.3627906976744183,0.6500000000000002,0.2,0.0,0.7500000000000003,0.7441860465116265,0.6046511627906966,0.7255813953488358
0.45212121212121165,0.363525390625,0.5498046875,0.025,0.0,0.0,0.5250000000000001,0.13953488372093023,0.15813953488372093,0.3627906976744183,0.6500000000000002,0.2,0.0,0.7500000000000003,0.7441860465116265,0.6046511627906966,0.7255813953488358
0.4533333333333328,0.36474609375,0.55126953125,0.025,0.0,0.0,0.5250000000000001,0.13953488372093023,0.15813953488372093,0.3720930232558136,0.6500000000000002,0.2,0.0,0.7500000000000003,0.7441860465116265,0.6046511627906966,0.7255813953488358
0.45454545454545403,0.365966796875,0.552734375,0.025,0.0,0.0,0.5250000000000001,0.13953488372093023,0.15813953488372093,0.38139534883720894,0.6500000000000002,0.2,0.0,0.7500000000000003,0.7441860465116265,0.6046511627906966,0.7255813953488358
0.4557575757575752,0.366943359375,0.5537109375,0.025,0.0,0.0,0.5250000000000001,0.13953488372093023,0.15813953488372093,0.38139534883720894,0.6500000000000002,0.2,0.0,0.7500000000000003,0.7441860465116265,0.613953488372092,0.7255813953488358
0.4569696969696964,0.3681640625,0.5546875,0.025,0.0,0.0,0.5250000000000001,0.13953488372093023,0.15813953488372093,0.38139534883720894,0.6500000000000002,0.2,0.0,0.7750000000000004,0.7441860465116265,0.613953488372092,0.7255813953488358
0.45818181818181763,0.369384765625,0.55615234375,0.025,0.0,0.0,0.5250000000000001,0.13953488372093023,0.15813953488372093,0.38139534883720894,0.6500000000000002,0.2,0.0,0.7750000000000004,0.7534883720930218,0.613953488372092,0.7255813953488358
0.45939393939393885,0.370361328125,0.55712890625,0.025,0.0,0.0,0.5250000000000001,0.13953488372093023,0.15813953488372093,0.38139534883720894,0.6500000000000002,0.2,0.0,0.7750000000000004,0.7627906976744171,0.613953488372092,0.7255813953488358
0.46060606060606,0.37158203125,0.55859375,0.025,0.0,0.0,0.5250000000000001,0.13953488372093023,0.15813953488372093,0.38139534883720894,0.6500000000000002,0.2,0.0,0.7750000000000004,0.7720930232558124,0.613953488372092,0.7255813953488358
0.46181818181818124,0.37255859375,0.5595703125,0.025,0.0,0.0,0.5250000000000001,0.13953488372093023,0.15813953488372093,0.38139534883720894,0.6500000000000002,0.2,0.0,0.7750000000000004,0.7720930232558124,0.6232558139534873,0.7255813953488358
0.46303030303030246,0.37353515625,0.56103515625,0.025,0.0,0.0,0.5250000000000001,0.13953488372093023,0.15813953488372093,0.38139534883720894,0.6500000000000002,0.2,0.0,0.7750000000000004,0.7720930232558124,0.6325581395348826,0.7255813953488358
0.4642424242424237,0.374755859375,0.56201171875,0.025,0.0,0.0,0.5250000000000001,0.14883720930232558,0.15813953488372093,0.38139534883720894,0.6500000000000002,0.2,0.0,0.7750000000000004,0.7720930232558124,0.6325581395348826,0.7255813953488358
0.4654545454545449,0.375732421875,0.5634765625,0.025,0.0,0.0,0.5250000000000001,0.14883720930232558,0.15813953488372093,0.38139534883720894,0.6500000000000002,0.2,0.0,0.7750000000000004,0.7720930232558124,0.6325581395348826,0.7348837209302311
0.4666666666666662,0.376953125,0.564453125,0.025,0.0,0.0,0.5250000000000001,0.14883720930232558,0.16744186046511628,0.38139534883720894,0.6500000000000002,0.2,0.0,0.7750000000000004,0.7720930232558124,0.6325581395348826,0.7348837209302311
0.4678787878787874,0.378173828125,0.56591796875,0.025,0.0,0.0,0.5250000000000001,0.14883720930232558,0.17674418604651163,0.38139534883720894,0.6500000000000002,0.2,0.0,0.7750000000000004,0.7720930232558124,0.6325581395348826,0.7348837209302311
0.4690909090909085,0.37939453125,0.56689453125,0.025,0.0,0.0,0.5250000000000001,0.14883720930232558,0.17674418604651163,0.38139534883720894,0.6500000000000002,0.2,0.0,0.7750000000000004,0.7813953488372077,0.6325581395348826,0.7348837209302311
0.4703030303030298,0.380615234375,0.568359375,0.025,0.0,0.0,0.5250000000000001,0.15813953488372093,0.17674418604651163,0.38139534883720894,0.6500000000000002,0.2,0.0,0.7750000000000004,0.7813953488372077,0.6325581395348826,0.7348837209302311
0.471515151515151,0.3818359375,0.56982421875,0.025,0.0,0.0,0.5250000000000001,0.15813953488372093,0.18604651162790697,0.38139534883720894,0.6500000000000002,0.2,0.0,0.7750000000000004,0.7813953488372077,0.6325581395348826,0.7348837209302311
0.4727272727272722,0.383056640625,0.57080078125,0.025,0.0,0.0,0.5250000000000001,0.15813953488372093,0.18604651162790697,0.39069767441860426,0.6500000000000002,0.2,0.0,0.7750000000000004,0.7813953488372077,0.6325581395348826,0.7348837209302311
0.4739393939393933,0.38427734375,0.57177734375,0.025,0.0,0.0,0.5250000000000001,0.15813953488372093,0.18604651162790697,0.3999999999999996,0.6500000000000002,0.2,0.0,0.7750000000000004,0.7813953488372077,0.6325581395348826,0.7348837209302311
0.4751515151515146,0.385498046875,0.57275390625,0.025,0.0,0.0,0.5250000000000001,0.15813953488372093,0.18604651162790697,0.3999999999999996,0.6500000000000002,0.2,0.0,0.7750000000000004,0.7906976744186031,0.6325581395348826,0.7348837209302311
0.4763636363636358,0.386474609375,0.57421875,0.025,0.0,0.0,0.5250000000000001,0.15813953488372093,0.18604651162790697,0.3999999999999996,0.6500000000000002,0.2,0.0,0.7750000000000004,0.7906976744186031,0.6418604651162779,0.7348837209302311
0.47757575757575693,0.387451171875,0.57568359375,0.025,0.0,0.0,0.5250000000000001,0.15813953488372093,0.18604651162790697,0.3999999999999996,0.6500000000000002,0.2,0.0,0.7750000000000004,0.7906976744186031,0.6511627906976732,0.7348837209302311
0.4787878787878782,0.388671875,0.5771484375,0.025,0.0,0.0,0.5250000000000001,0.15813953488372093,0.18604651162790697,0.4093023255813949,0.6500000000000002,0.2,0.0,0.7750000000000004,0.7906976744186031,0.6511627906976732,0.7348837209302311
0.4799999999999994,0.389892578125,0.578125,0.025,0.0,0.0,0.5250000000000001,0.15813953488372093,0.18604651162790697,0.4186046511627902,0.6500000000000002,0.2,0.0,0.7750000000000004,0.7906976744186031,0.6511627906976732,0.7348837209302311
0.48121212121212065,0.39111328125,0.5791015625,0.025,0.0,0.0,0.5250000000000001,0.16744186046511628,0.18604651162790697,0.4186046511627902,0.6500000000000002,0.2,0.0,0.7750000000000004,0.7906976744186031,0.6511627906976732,0.7348837209302311
0.4824242424242418,0.392333984375,0.580078125,0.025,0.0,0.0,0.5250000000000001,0.16744186046511628,0.18604651162790697,0.4186046511627902,0.6500000000000002,0.2,0.0,0.7750000000000004,0.7999999999999984,0.6511627906976732,0.7348837209302311
0.48363636363636303,0.393310546875,0.58154296875,0.025,0.0,0.0,0.5250000000000001,0.16744186046511628,0.18604651162790697,0.4186046511627902,0.6500000000000002,0.2,0.0,0.7750000000000004,0.7999999999999984,0.6511627906976732,0.7441860465116265
0.48484848484848414,0.394287109375,0.5830078125,0.025,0.0,0.0,0.5250000000000001,0.16744186046511628,0.18604651162790697,0.4186046511627902,0.6500000000000002,0.2,0.0,0.7750000000000004,0.7999999999999984,0.6511627906976732,0.7534883720930218
0.48606060606060547,0.3955078125,0.583984375,0.025,0.0,0.0,0.5500000000000002,0.16744186046511628,0.18604651162790697,0.4186046511627902,0.6500000000000002,0.2,0.0,0.7750000000000004,0.7999999999999984,0.6511627906976732,0.7534883720930218
0.48727272727272664,0.396728515625,0.58544921875,0.025,0.0,0.0,0.5500000000000002,0.16744186046511628,0.18604651162790697,0.4186046511627902,0.6500000000000002,0.2,0.0,0.7750000000000004,0.7999999999999984,0.6604651162790686,0.7534883720930218
0.4884848484848479,0.397705078125,0.58642578125,0.025,0.0,0.0,0.5500000000000002,0.16744186046511628,0.18604651162790697,0.4186046511627902,0.6500000000000002,0.2,0.0,0.7750000000000004,0.7999999999999984,0.6697674418604639,0.7534883720930218
0.4896969696969691,0.398681640625,0.587890625,0.025,0.0,0.0,0.5500000000000002,0.16744186046511628,0.18604651162790697,0.4186046511627902,0.6500000000000002,0.2,0.0,0.7750000000000004,0.7999999999999984,0.6790697674418592,0.7534883720930218
0.49090909090909024,0.39990234375,0.5888671875,0.025,0.0,0.0,0.5500000000000002,0.17674418604651163,0.18604651162790697,0.4186046511627902,0.6500000000000002,0.2,0.0,0.7750000000000004,0.7999999999999984,0.6790697674418592,0.7534883720930218
0.4921212121212115,0.401123046875,0.58984375,0.025,0.0,0.0,0.5500000000000002,0.17674418604651163,0.18604651162790697,0.4186046511627902,0.6500000000000002,0.2,0.0,0.7750000000000004,0.7999999999999984,0.6883720930232545,0.7534883720930218
0.4933333333333327,0.402099609375,0.59130859375,0.025,0.0,0.0,0.5500000000000002,0.17674418604651163,0.18604651162790697,0.4186046511627902,0.6500000000000002,0.2,0.0,0.7750000000000004,0.7999999999999984,0.6883720930232545,0.7627906976744171
0.4945454545454539,0.4033203125,0.59228515625,0.025,0.0,0.0,0.5500000000000002,0.17674418604651163,0.18604651162790697,0.4186046511627902,0.6500000000000002,0.2,0.0,0.7750000000000004,0.8093023255813937,0.6883720930232545,0.7627906976744171
0.4957575757575751,0.404541015625,0.59375,0.025,0.0,0.0,0.5500000000000002,0.17674418604651163,0.18604651162790697,0.42790697674418554,0.6500000000000002,0.2,0.0,0.7750000000000004,0.8093023255813937,0.6883720930232545,0.7627906976744171
0.4969696969696963,0.40576171875,0.59521484375,0.025,0.0,0.0,0.5500000000000002,0.17674418604651163,0.18604651162790697,0.42790697674418554,0.6500000000000002,0.2,0.0,0.7750000000000004,0.818604651162789,0.6883720930232545,0.7627906976744171
0.4981818181818175,0.406982421875,0.59619140625,0.025,0.0,0.0,0.5500000000000002,0.17674418604651163,0.19534883720930232,0.42790697674418554,0.6500000000000002,0.2,0.0,0.7750000000000004,0.818604651162789,0.6883720930232545,0.7627906976744171
0.4993939393939387,0.408203125,0.59716796875,0.025,0.0,0.0,0.5500000000000002,0.17674418604651163,0.20465116279069767,0.42790697674418554,0.6500000000000002,0.2,0.0,0.7750000000000004,0.818604651162789,0.6883720930232545,0.7627906976744171
0.5006060606060599,0.409423828125,0.5986328125,0.025,0.0,0.0,0.5500000000000002,0.17674418604651163,0.20465116279069767,0.42790697674418554,0.6500000000000002,0.2,0.0,0.7750000000000004,0.8279069767441843,0.6883720930232545,0.7627906976744171
0.5018181818181812,0.410400390625,0.599609375,0.025,0.0,0.0,0.5500000000000002,0.17674418604651163,0.20465116279069767,0.42790697674418554,0.6500000000000002,0.2,0.0,0.7750000000000004,0.8279069767441843,0.6883720930232545,0.7720930232558124
0.5030303030303024,0.41162109375,0.60107421875,0.025,0.0,0.0,0.5500000000000002,0.17674418604651163,0.21395348837209302,0.42790697674418554,0.6500000000000002,0.2,0.0,0.7750000000000004,0.8279069767441843,0.6883720930232545,0.7720930232558124
0.5042424242424236,0.412841796875,0.60205078125,0.025,0.0,0.0,0.5500000000000002,0.17674418604651163,0.21395348837209302,0.43720930232558086,0.6500000000000002,0.2,0.0,0.7750000000000004,0.8279069767441843,0.6883720930232545,0.7720930232558124
0.5054545454545448,0.4140625,0.60302734375,0.025,0.0,0.0,0.5500000000000002,0.17674418604651163,0.21395348837209302,0.43720930232558086,0.6750000000000003,0.2,0.0,0.7750000000000004,0.8279069767441843,0.6883720930232545,0.7720930232558124
0.506666666666666,0.415283203125,0.6044921875,0.025,0.0,0.0,0.5500000000000002,0.18604651162790697,0.21395348837209302,0.43720930232558086,0.6750000000000003,0.2,0.0,0.7750000000000004,0.8279069767441843,0.6883720930232545,0.7720930232558124
0.5078787878787873,0.41650390625,0.60595703125,0.025,0.0,0.0,0.5750000000000002,0.18604651162790697,0.21395348837209302,0.43720930232558086,0.6750000000000003,0.2,0.0,0.7750000000000004,0.8279069767441843,0.6883720930232545,0.7720930232558124
0.5090909090909085,0.417724609375,0.60693359375,0.025,0.0,0.0,0.5750000000000002,0.18604651162790697,0.21395348837209302,0.43720930232558086,0.6750000000000003,0.2,0.0,0.7750000000000004,0.8372093023255797,0.6883720930232545,0.7720930232558124
0.5103030303030297,0.4189453125,0.60791015625,0.025,0.0,0.0,0.5750000000000002,0.18604651162790697,0.21395348837209302,0.43720930232558086,0.6750000000000003,0.2,0.0,0.7750000000000004,0.8372093023255797,0.6976744186046498,0.7720930232558124
0.5115151515151508,0.419921875,0.609375,0.025,0.0,0.0,0.5750000000000002,0.18604651162790697,0.21395348837209302,0.43720930232558086,0.6750000000000003,0.2,0.0,0.7750000000000004,0.8372093023255797,0.7069767441860452,0.7720930232558124
0.5127272727272721,0.4208984375,0.61083984375,0.025,0.0,0.0,0.5750000000000002,0.18604651162790697,0.21395348837209302,0.43720930232558086,0.6750000000000003,0.2,0.0,0.7750000000000004,0.8372093023255797,0.7162790697674405,0.7720930232558124
0.5139393939393934,0.422119140625,0.61181640625,0.025,0.0,0.0,0.5750000000000002,0.18604651162790697,0.21395348837209302,0.43720930232558086,0.6750000000000003,0.2,0.0,0.7750000000000004,0.8372093023255797,0.7255813953488358,0.7720930232558124
0.5151515151515145,0.423095703125,0.61279296875,0.025,0.0,0.0,0.5750000000000002,0.18604651162790697,0.21395348837209302,0.43720930232558086,0.6750000000000003,0.2,0.0,0.7750000000000004,0.8372093023255797,0.7348837209302311,0.7720930232558124
0.5163636363636357,0.42431640625,0.6142578125,0.025,0.0,0.0,0.5750000000000002,0.18604651162790697,0.21395348837209302,0.43720930232558086,0.6750000000000003,0.2,0.0,0.7750000000000004,0.8372093023255797,0.7441860465116265,0.7720930232558124
0.5175757575757569,0.425537109375,0.615234375,0.025,0.0,0.0,0.5750000000000002,0.19534883720930232,0.21395348837209302,0.43720930232558086,0.6750000000000003,0.2,0.0,0.7750000000000004,0.8372093023255797,0.7441860465116265,0.7720930232558124
0.5187878787878781,0.4267578125,0.61669921875,0.025,0.0,0.0,0.5750000000000002,0.19534883720930232,0.21395348837209302,0.43720930232558086,0.6750000000000003,0.2,0.0,0.8000000000000004,0.8372093023255797,0.7441860465116265,0.7720930232558124
0.5199999999999994,0.427978515625,0.61767578125,0.025,0.0,0.0,0.5750000000000002,0.19534883720930232,0.21395348837209302,0.43720930232558086,0.6750000000000003,0.2,0.0,0.8000000000000004,0.8372093023255797,0.7534883720930218,0.7720930232558124
0.5212121212121206,0.42919921875,0.61865234375,0.025,0.0,0.0,0.5750000000000002,0.20465116279069767,0.21395348837209302,0.43720930232558086,0.6750000000000003,0.2,0.0,0.8000000000000004,0.8372093023255797,0.7534883720930218,0.7720930232558124
0.5224242424242418,0.430419921875,0.62060546875,0.025,0.0,0.0,0.5750000000000002,0.20465116279069767,0.22325581395348837,0.43720930232558086,0.6750000000000003,0.2,0.0,0.8000000000000004,0.8372093023255797,0.7534883720930218,0.7720930232558124
0.523636363636363,0.431640625,0.62158203125,0.025,0.0,0.0,0.5750000000000002,0.21395348837209302,0.22325581395348837,0.43720930232558086,0.6750000000000003,0.2,0.0,0.8000000000000004,0.8372093023255797,0.7534883720930218,0.7720930232558124
0.5248484848484841,0.432861328125,0.62255859375,0.025,0.0,0.0,0.5750000000000002,0.21395348837209302,0.22325581395348837,0.43720930232558086,0.6750000000000003,0.2,0.0,0.8000000000000004,0.846511627906975,0.7534883720930218,0.7720930232558124
0.5260606060606053,0.43408203125,0.62353515625,0.025,0.0,0.0,0.5750000000000002,0.21395348837209302,0.22325581395348837,0.43720930232558086,0.6750000000000003,0.2,0.0,0.8000000000000004,0.846511627906975,0.7627906976744171,0.7720930232558124
0.5272727272727266,0.43505859375,0.62451171875,0.025,0.0,0.0,0.5750000000000002,0.21395348837209302,0.22325581395348837,0.43720930232558086,0.6750000000000003,0.2,0.0,0.8000000000000004,0.846511627906975,0.7627906976744171,0.7813953488372077
0.5284848484848478,0.43603515625,0.62646484375,0.025,0.0,0.0,0.5750000000000002,0.21395348837209302,0.22325581395348837,0.43720930232558086,0.6750000000000003,0.2,0.0,0.8000000000000004,0.846511627906975,0.7627906976744171,0.7906976744186031
0.529696969696969,0.437255859375,0.62744140625,0.025,0.0,0.0,0.5750000000000002,0.21395348837209302,0.23255813953488372,0.43720930232558086,0.6750000000000003,0.2,0.0,0.8000000000000004,0.846511627906975,0.7627906976744171,0.7906976744186031
0.5309090909090902,0.4384765625,0.62841796875,0.025,0.0,0.0,0.5750000000000002,0.21395348837209302,0.23255813953488372,0.4465116279069762,0.6750000000000003,0.2,0.0,0.8000000000000004,0.846511627906975,0.7627906976744171,0.7906976744186031
0.5321212121212116,0.439697265625,0.62939453125,0.025,0.0,0.0,0.5750000000000002,0.21395348837209302,0.23255813953488372,0.4558139534883715,0.6750000000000003,0.2,0.0,0.8000000000000004,0.846511627906975,0.7627906976744171,0.7906976744186031
0.5333333333333327,0.440673828125,0.63134765625,0.025,0.0,0.0,0.5750000000000002,0.21395348837209302,0.23255813953488372,0.4558139534883715,0.6750000000000003,0.2,0.0,0.8000000000000004,0.846511627906975,0.7627906976744171,0.7999999999999984
0.5345454545454538,0.44189453125,0.63232421875,0.025,0.0,0.0,0.5750000000000002,0.21395348837209302,0.24186046511627907,0.4558139534883715,0.6750000000000003,0.2,0.0,0.8000000000000004,0.846511627906975,0.7627906976744171,0.7999999999999984
0.535757575757575,0.443115234375,0.63330078125,0.025,0.0,0.0,0.5750000000000002,0.21395348837209302,0.24186046511627907,0.4558139534883715,0.6750000000000003,0.2,0.0,0.8000000000000004,0.846511627906975,0.7627906976744171,0.8093023255813937
0.5369696969696962,0.4443359375,0.634765625,0.025,0.0,0.0,0.6000000000000002,0.21395348837209302,0.24186046511627907,0.4558139534883715,0.6750000000000003,0.2,0.0,0.8000000000000004,0.846511627906975,0.7627906976744171,0.8093023255813937
0.5381818181818174,0.445556640625,0.6357421875,0.025,0.0,0.0,0.6000000000000002,0.22325581395348837,0.24186046511627907,0.4558139534883715,0.6750000000000003,0.2,0.0,0.8000000000000004,0.846511627906975,0.7627906976744171,0.8093023255813937
0.5393939393939388,0.44677734375,0.63671875,0.025,0.0,0.0,0.6000000000000002,0.22325581395348837,0.24186046511627907,0.4651162790697668,0.6750000000000003,0.2,0.0,0.8000000000000004,0.846511627906975,0.7627906976744171,0.8093023255813937
0.54060606060606,0.447998046875,0.63818359375,0.025,0.0,0.0,0.6000000000000002,0.22325581395348837,0.25116279069767444,0.4651162790697668,0.6750000000000003,0.2,0.0,0.8000000000000004,0.846511627906975,0.7627906976744171,0.8093023255813937
0.5418181818181811,0.44921875,0.63916015625,0.025,0.0,0.0,0.6000000000000002,0.22325581395348837,0.25116279069767444,0.4651162790697668,0.7000000000000003,0.2,0.0,0.8000000000000004,0.846511627906975,0.7627906976744171,0.8093023255813937
0.5430303030303023,0.450439453125,0.640625,0.025,0.0,0.0,0.6000000000000002,0.22325581395348837,0.25116279069767444,0.4651162790697668,0.7250000000000003,0.2,0.0,0.8000000000000004,0.846511627906975,0.7627906976744171,0.8093023255813937
0.5442424242424235,0.45166015625,0.64208984375,0.025,0.0,0.0,0.6000000000000002,0.22325581395348837,0.25116279069767444,0.47441860465116215,0.7250000000000003,0.2,0.0,0.8000000000000004,0.846511627906975,0.7627906976744171,0.8093023255813937
0.5454545454545447,0.452880859375,0.64306640625,0.025,0.0,0.0,0.6000000000000002,0.22325581395348837,0.25116279069767444,0.48372093023255747,0.7250000000000003,0.2,0.0,0.8000000000000004,0.846511627906975,0.7627906976744171,0.8093023255813937
0.546666666666666,0.4541015625,0.64404296875,0.025,0.0,0.0,0.6000000000000002,0.23255813953488372,0.25116279069767444,0.48372093023255747,0.7250000000000003,0.2,0.0,0.8000000000000004,0.846511627906975,0.7627906976744171,0.8093023255813937
0.5478787878787872,0.455322265625,0.6455078125,0.025,0.0,0.0,0.6000000000000002,0.23255813953488372,0.25116279069767444,0.48372093023255747,0.7250000000000003,0.2,0.0,0.8000000000000004,0.8558139534883703,0.7627906976744171,0.8093023255813937
0.5490909090909084,0.45654296875,0.646484375,0.025,0.0,0.0,0.6000000000000002,0.24186046511627907,0.25116279069767444,0.48372093023255747,0.7250000000000003,0.2,0.0,0.8000000000000004,0.8558139534883703,0.7627906976744171,0.8093023255813937
0.5503030303030296,0.457763671875,0.6474609375,0.025,0.0,0.0,0.6000000000000002,0.24186046511627907,0.25116279069767444,0.48372093023255747,0.7250000000000003,0.2,0.0,0.8000000000000004,0.8558139534883703,0.7720930232558124,0.8093023255813937
0.551515151515151,0.458984375,0.6484375,0.025,0.0,0.0,0.6000000000000002,0.24186046511627907,0.26046511627906976,0.48372093023255747,0.7250000000000003,0.2,0.0,0.8000000000000004,0.8558139534883703,0.7720930232558124,0.8093023255813937
0.5527272727272721,0.460205078125,0.64990234375,0.025,0.0,0.0,0.6000000000000002,0.24186046511627907,0.2697674418604651,0.48372093023255747,0.7250000000000003,0.2,0.0,0.8000000000000004,0.8558139534883703,0.7720930232558124,0.8093023255813937
0.5539393939393933,0.46142578125,0.6513671875,0.025,0.0,0.0,0.6000000000000002,0.24186046511627907,0.2697674418604651,0.48372093023255747,0.7250000000000003,0.2,0.0,0.8000000000000004,0.8651162790697656,0.7720930232558124,0.8093023255813937
0.5551515151515145,0.462646484375,0.65234375,0.025,0.0,0.0,0.6000000000000002,0.24186046511627907,0.2697674418604651,0.48372093023255747,0.7250000000000003,0.2,0.0,0.8000000000000004,0.8651162790697656,0.7813953488372077,0.8093023255813937
0.5563636363636357,0.4638671875,0.65380859375,0.025,0.0,0.0,0.6000000000000002,0.25116279069767444,0.2697674418604651,0.48372093023255747,0.7250000000000003,0.2,0.0,0.8000000000000004,0.8651162790697656,0.7813953488372077,0.8093023255813937
0.557575757575757,0.465087890625,0.65478515625,0.025,0.0,0.0,0.6000000000000002,0.25116279069767444,0.2697674418604651,0.48372093023255747,0.7250000000000003,0.2,0.0,0.8000000000000004,0.8651162790697656,0.7906976744186031,0.8093023255813937
0.5587878787878782,0.466064453125,0.65625,0.025,0.0,0.0,0.6000000000000002,0.25116279069767444,0.2697674418604651,0.48372093023255747,0.7250000000000003,0.2,0.0,0.8000000000000004,0.8651162790697656,0.7906976744186031,0.818604651162789
0.5599999999999994,0.46728515625,0.6572265625,0.025,0.0,0.0,0.6000000000000002,0.25116279069767444,0.2697674418604651,0.48372093023255747,0.7250000000000003,0.2,0.0,0.8000000000000004,0.8651162790697656,0.7999999999999984,0.818604651162789
0.5612121212121205,0.468505859375,0.658203125,0.025,0.0,0.0,0.6000000000000002,0.25116279069767444,0.2697674418604651,0.48372093023255747,0.7250000000000003,0.2,0.0,0.8000000000000004,0.8651162790697656,0.7999999999999984,0.8279069767441843
0.5624242424242418,0.469482421875,0.65966796875,0.025,0.0,0.0,0.6000000000000002,0.25116279069767444,0.2697674418604651,0.48372093023255747,0.7250000000000003,0.2,0.0,0.8000000000000004,0.8651162790697656,0.7999999999999984,0.8372093023255797
0.5636363636363629,0.470703125,0.66064453125,0.025,0.0,0.0,0.6000000000000002,0.25116279069767444,0.2790697674418604,0.48372093023255747,0.7250000000000003,0.2,0.0,0.8000000000000004,0.8651162790697656,0.7999999999999984,0.8372093023255797
0.564848484848484,0.471923828125,0.662109375,0.025,0.0,0.0,0.6000000000000002,0.25116279069767444,0.2790697674418604,0.48372093023255747,0.7500000000000003,0.2,0.0,0.8000000000000004,0.8651162790697656,0.7999999999999984,0.8372093023255797
0.5660606060606053,0.47314453125,0.6630859375,0.025,0.0,0.0,0.6000000000000002,0.25116279069767444,0.2790697674418604,0.48372093023255747,0.7500000000000003,0.2,0.0,0.8000000000000004,0.8651162790697656,0.7999999999999984,0.846511627906975
0.5672727272727266,0.474365234375,0.66455078125,0.025,0.0,0.0,0.6000000000000002,0.25116279069767444,0.2790697674418604,0.48372093023255747,0.7500000000000003,0.2,0.0,0.8000000000000004,0.874418604651161,0.7999999999999984,0.846511627906975
0.5684848484848478,0.4755859375,0.666015625,0.025,0.0,0.0,0.6000000000000002,0.25116279069767444,0.2790697674418604,0.48372093023255747,0.7500000000000003,0.2,0.0,0.8000000000000004,0.874418604651161,0.7999999999999984,0.8558139534883703
0.569696969696969,0.476806640625,0.6669921875,0.025,0.0,0.0,0.6000000000000002,0.25116279069767444,0.2883720930232557,0.48372093023255747,0.7500000000000003,0.2,0.0,0.8000000000000004,0.874418604651161,0.7999999999999984,0.8558139534883703
0.5709090909090903,0.478271484375,0.66796875,0.025,0.0,0.0,0.6250000000000002,0.25116279069767444,0.2883720930232557,0.48372093023255747,0.7500000000000003,0.2,0.0,0.8000000000000004,0.874418604651161,0.7999999999999984,0.8558139534883703
0.5721212121212114,0.4794921875,0.66943359375,0.025,0.0,0.0,0.6250000000000002,0.26046511627906976,0.2883720930232557,0.48372093023255747,0.7500000000000003,0.2,0.0,0.8000000000000004,0.874418604651161,0.7999999999999984,0.8558139534883703
0.5733333333333326,0.480712890625,0.67041015625,0.025,0.0,0.0,0.6250000000000002,0.2697674418604651,0.2883720930232557,0.48372093023255747,0.7500000000000003,0.2,0.0,0.8000000000000004,0.874418604651161,0.7999999999999984,0.8558139534883703
0.5745454545454538,0.48193359375,0.67138671875,0.025,0.0,0.0,0.6500000000000002,0.2697674418604651,0.2883720930232557,0.48372093023255747,0.7500000000000003,0.2,0.0,0.8000000000000004,0.874418604651161,0.7999999999999984,0.8558139534883703
0.575757575757575,0.483154296875,0.6728515625,0.025,0.0,0.0,0.6500000000000002,0.2697674418604651,0.29767441860465105,0.48372093023255747,0.7500000000000003,0.2,0.0,0.8000000000000004,0.874418604651161,0.7999999999999984,0.8558139534883703
0.5769696969696962,0.484375,0.673828125,0.025,0.0,0.0,0.6500000000000002,0.2790697674418604,0.29767441860465105,0.48372093023255747,0.7500000000000003,0.2,0.0,0.8000000000000004,0.874418604651161,0.7999999999999984,0.8558139534883703
0.5781818181818175,0.485595703125,0.6748046875,0.025,0.0,0.0,0.6500000000000002,0.2790697674418604,0.29767441860465105,0.4930232558139528,0.7500000000000003,0.2,0.0,0.8000000000000004,0.874418604651161,0.7999999999999984,0.8558139534883703
0.5793939393939387,0.48681640625,0.67578125,0.025,0.0,0.0,0.6500000000000002,0.2790697674418604,0.29767441860465105,0.5023255813953481,0.7500000000000003,0.2,0.0,0.8000000000000004,0.874418604651161,0.7999999999999984,0.8558139534883703
0.5806060606060599,0.488037109375,0.67724609375,0.025,0.0,0.0,0.6500000000000002,0.2883720930232557,0.29767441860465105,0.5023255813953481,0.7500000000000003,0.2,0.0,0.8000000000000004,0.874418604651161,0.7999999999999984,0.8558139534883703
0.5818181818181811,0.4892578125,0.6787109375,0.025,0.0,0.0,0.6500000000000002,0.29767441860465105,0.29767441860465105,0.5023255813953481,0.7500000000000003,0.2,0.0,0.8000000000000004,0.874418604651161,0.7999999999999984,0.8558139534883703
0.5830303030303022,0.490478515625,0.6796875,0.025,0.0,0.0,0.6500000000000002,0.29767441860465105,0.29767441860465105,0.5116279069767434,0.7500000000000003,0.2,0.0,0.8000000000000004,0.874418604651161,0.7999999999999984,0.8558139534883703
0.5842424242424235,0.49169921875,0.68115234375,0.025,0.0,0.0,0.6500000000000002,0.29767441860465105,0.30697674418604637,0.5116279069767434,0.7500000000000003,0.2,0.0,0.8000000000000004,0.874418604651161,0.7999999999999984,0.8558139534883703
0.5854545454545448,0.492919921875,0.68212890625,0.025,0.0,0.0,0.6500000000000002,0.29767441860465105,0.3162790697674417,0.5116279069767434,0.7500000000000003,0.2,0.0,0.8000000000000004,0.874418604651161,0.7999999999999984,0.8558139534883703
0.586666666666666,0.494140625,0.68310546875,0.025,0.0,0.0,0.6500000000000002,0.29767441860465105,0.325581395348837,0.5116279069767434,0.7500000000000003,0.2,0.0,0.8000000000000004,0.874418604651161,0.7999999999999984,0.8558139534883703
0.5878787878787871,0.495361328125,0.68408203125,0.025,0.0,0.0,0.6500000000000002,0.29767441860465105,0.325581395348837,0.5116279069767434,0.7500000000000003,0.2,0.0,0.8250000000000004,0.874418604651161,0.7999999999999984,0.8558139534883703
0.5890909090909083,0.49658203125,0.685546875,0.025,0.0,0.0,0.6500000000000002,0.29767441860465105,0.325581395348837,0.5209302325581388,0.7500000000000003,0.2,0.0,0.8250000000000004,0.874418604651161,0.7999999999999984,0.8558139534883703
0.5903030303030296,0.497802734375,0.6865234375,0.025,0.0,0.0,0.6500000000000002,0.29767441860465105,0.325581395348837,0.5302325581395341,0.7500000000000003,0.2,0.0,0.8250000000000004,0.874418604651161,0.7999999999999984,0.8558139534883703
0.5915151515151507,0.4990234375,0.6875,0.025,0.0,0.0,0.6500000000000002,0.29767441860465105,0.325581395348837,0.5302325581395341,0.7500000000000003,0.2,0.0,0.8250000000000004,0.8837209302325563,0.7999999999999984,0.8558139534883703
0.5927272727272719,0.50048828125,0.68896484375,0.05,0.0,0.0,0.6500000000000002,0.29767441860465105,0.325581395348837,0.5302325581395341,0.7500000000000003,0.2,0.0,0.8250000000000004,0.8837209302325563,0.7999999999999984,0.8558139534883703
0.5939393939393932,0.501953125,0.68994140625,0.07500000000000001,0.0,0.0,0.6500000000000002,0.29767441860465105,0.325581395348837,0.5302325581395341,0.7500000000000003,0.2,0.0,0.8250000000000004,0.8837209302325563,0.7999999999999984,0.8558139534883703
0.5951515151515143,0.50341796875,0.69140625,0.07500000000000001,0.0,0.0,0.6500000000000002,0.30697674418604637,0.325581395348837,0.5302325581395341,0.7500000000000003,0.2,0.0,0.8250000000000004,0.8837209302325563,0.7999999999999984,0.8558139534883703
0.5963636363636355,0.50439453125,0.6923828125,0.07500000000000001,0.0,0.0,0.6500000000000002,0.3162790697674417,0.325581395348837,0.5302325581395341,0.7500000000000003,0.2,0.0,0.8250000000000004,0.8837209302325563,0.7999999999999984,0.8558139534883703
0.5975757575757568,0.505859375,0.693359375,0.07500000000000001,0.0,0.0,0.6500000000000002,0.325581395348837,0.325581395348837,0.5302325581395341,0.7500000000000003,0.2,0.0,0.8250000000000004,0.8837209302325563,0.7999999999999984,0.8558139534883703
0.598787878787878,0.5068359375,0.69482421875,0.07500000000000001,0.0,0.0,0.6500000000000002,0.325581395348837,0.325581395348837,0.5302325581395341,0.7500000000000003,0.2,0.0,0.8250000000000004,0.8930232558139516,0.7999999999999984,0.8558139534883703
0.5999999999999992,0.50830078125,0.69580078125,0.07500000000000001,0.0,0.0,0.6500000000000002,0.33488372093023233,0.325581395348837,0.5302325581395341,0.7500000000000003,0.2,0.0,0.8250000000000004,0.8930232558139516,0.7999999999999984,0.8558139534883703
0.6012121212121204,0.509765625,0.697265625,0.07500000000000001,0.0,0.0,0.6750000000000003,0.33488372093023233,0.325581395348837,0.5302325581395341,0.7500000000000003,0.2,0.0,0.8250000000000004,0.8930232558139516,0.7999999999999984,0.8558139534883703
