Effective Sparsity,Activation Error,Baseline Error,q0,k0,v0,o0,gate0,up0,down0,q1,k1,v1,o1,gate1,up1,down1
0.0010330578512396697,0.0008840560913085938,0.0085906982421875,0.0,0.0,0.0,0.0,0.0,0.0,0.0,0.0,0.0,0.0,0.0,0.009259259259259259,0.0,0.0
0.0020661157024793393,0.001209259033203125,0.0085906982421875,0.0,0.0,0.0,0.0,0.0,0.0,0.0,0.0,0.0,0.0,0.0,0.009259259259259259,0.009259259259259259,0.0
0.0030991735537190092,0.0017728805541992188,0.0085906982421875,0.0,0.0,0.0,0.0,0.009259259259259259,0.0,0.0,0.0,0.0,0.0,0.0,0.009259259259259259,0.009259259259259259,0.0
0.004132231404958679,0.00225067138671875,0.0085906982421875,0.0,0.0,0.0,0.0,0.009259259259259259,0.009259259259259259,0.0,0.0,0.0,0.0,0.0,0.009259259259259259,0.009259259259259259,0.0
0.005165289256198348,0.0045318603515625,0.0085906982421875,0.0,0.0,0.0,0.0,0.009259259259259259,0.009259259259259259,0.0,0.0,0.0,0.0,0.0,0.009259259259259259,0.009259259259259259,0.009259259259259259
0.006198347107438018,0.0070648193359375,0.0085906982421875,0.0,0.0,0.0,0.0,0.009259259259259259,0.009259259259259259,0.009259259259259259,0.0,0.0,0.0,0.0,0.009259259259259259,0.009259259259259259,0.009259259259259259
0.007231404958677687,0.0109100341796875,0.0085906982421875,0.0,0.0,0.0,0.0,0.009259259259259259,0.009259259259259259,0.009259259259259259,0.0,0.025,0.0,0.0,0.009259259259259259,0.009259259259259259,0.009259259259259259
0.008264462809917356,0.01535797119140625,0.0085906982421875,0.0,0.025,0.0,0.0,0.009259259259259259,0.009259259259259259,0.009259259259259259,0.0,0.025,0.0,0.0,0.009259259259259259,0.009259259259259259,0.009259259259259259
0.009297520661157025,0.0210418701171875,0.0085906982421875,0.0,0.025,0.0,0.0,0.009259259259259259,0.009259259259259259,0.009259259259259259,0.025,0.025,0.0,0.0,0.009259259259259259,0.009259259259259259,0.009259259259259259
0.010330578512396695,0.02642822265625,0.06878662109375,0.0,0.025,0.0,0.0,0.009259259259259259,0.009259259259259259,0.009259259259259259,0.025,0.025,0.025,0.0,0.009259259259259259,0.009259259259259259,0.009259259259259259
0.011363636363636364,0.0307769775390625,0.0740966796875,0.0,0.025,0.0,0.0,0.009259259259259259,0.009259259259259259,0.009259259259259259,0.025,0.025,0.025,0.0,0.018518518518518517,0.009259259259259259,0.009259259259259259
0.012396694214876035,0.0355224609375,0.07940673828125,0.0,0.025,0.0,0.0,0.009259259259259259,0.009259259259259259,0.009259259259259259,0.025,0.025,0.025,0.0,0.018518518518518517,0.018518518518518517,0.009259259259259259
0.013429752066115705,0.043365478515625,0.08502197265625,0.0,0.025,0.0,0.0,0.009259259259259259,0.009259259259259259,0.009259259259259259,0.025,0.05,0.025,0.0,0.018518518518518517,0.018518518518518517,0.009259259259259259
0.014462809917355376,0.051849365234375,0.090576171875,0.0,0.025,0.025,0.0,0.009259259259259259,0.009259259259259259,0.009259259259259259,0.025,0.05,0.025,0.0,0.018518518518518517,0.018518518518518517,0.009259259259259259
0.015495867768595043,0.059478759765625,0.09625244140625,0.0,0.025,0.025,0.0,0.018518518518518517,0.009259259259259259,0.009259259259259259,0.025,0.05,0.025,0.0,0.018518518518518517,0.018518518518518517,0.009259259259259259
0.016528925619834715,0.06610107421875,0.10174560546875,0.025,0.025,0.025,0.0,0.018518518518518517,0.009259259259259259,0.009259259259259259,0.025,0.05,0.025,0.0,0.018518518518518517,0.018518518518518517,0.009259259259259259
0.017561983471074384,0.072998046875,0.107421875,0.025,0.025,0.025,0.0,0.018518518518518517,0.009259259259259259,0.009259259259259259,0.025,0.05,0.025,0.0,0.027777777777777776,0.018518518518518517,0.009259259259259259
0.018595041322314057,0.07958984375,0.1131591796875,0.025,0.025,0.025,0.0,0.018518518518518517,0.009259259259259259,0.009259259259259259,0.025,0.07500000000000001,0.025,0.0,0.027777777777777776,0.018518518518518517,0.009259259259259259
0.019628099173553723,0.08612060546875,0.11920166015625,0.025,0.025,0.025,0.0,0.018518518518518517,0.018518518518518517,0.009259259259259259,0.025,0.07500000000000001,0.025,0.0,0.027777777777777776,0.018518518518518517,0.009259259259259259
0.020661157024793392,0.0928955078125,0.12548828125,0.025,0.025,0.025,0.0,0.018518518518518517,0.018518518518518517,0.009259259259259259,0.025,0.07500000000000001,0.025,0.025,0.027777777777777776,0.018518518518518517,0.009259259259259259
0.021694214876033062,0.09906005859375,0.1322021484375,0.025,0.025,0.025,0.0,0.018518518518518517,0.018518518518518517,0.009259259259259259,0.025,0.1,0.025,0.025,0.027777777777777776,0.018518518518518517,0.009259259259259259
0.022727272727272735,0.1051025390625,0.13916015625,0.025,0.025,0.025,0.0,0.018518518518518517,0.018518518518518517,0.009259259259259259,0.025,0.1,0.025,0.025,0.027777777777777776,0.027777777777777776,0.009259259259259259
0.023760330578512397,0.1109619140625,0.146240234375,0.025,0.025,0.025,0.0,0.018518518518518517,0.018518518518518517,0.009259259259259259,0.025,0.1,0.05,0.025,0.027777777777777776,0.027777777777777776,0.009259259259259259
0.02479338842975207,0.116943359375,0.154052734375,0.025,0.025,0.025,0.0,0.018518518518518517,0.018518518518518517,0.009259259259259259,0.025,0.125,0.05,0.025,0.027777777777777776,0.027777777777777776,0.009259259259259259
0.02582644628099174,0.1231689453125,0.162109375,0.025,0.025,0.025,0.0,0.018518518518518517,0.018518518518518517,0.009259259259259259,0.05,0.125,0.05,0.025,0.027777777777777776,0.027777777777777776,0.009259259259259259
0.02685950413223141,0.1290283203125,0.17041015625,0.025,0.025,0.025,0.0,0.018518518518518517,0.018518518518518517,0.009259259259259259,0.05,0.125,0.05,0.025,0.027777777777777776,0.027777777777777776,0.018518518518518517
0.027892561983471075,0.134521484375,0.1785888671875,0.025,0.025,0.025,0.0,0.018518518518518517,0.018518518518518517,0.009259259259259259,0.05,0.125,0.05,0.025,0.027777777777777776,0.027777777777777776,0.027777777777777776
0.028925619834710748,0.14013671875,0.186767578125,0.025,0.025,0.025,0.0,0.018518518518518517,0.018518518518518517,0.009259259259259259,0.05,0.15,0.05,0.025,0.027777777777777776,0.027777777777777776,0.027777777777777776
0.029958677685950414,0.1455078125,0.1951904296875,0.025,0.025,0.025,0.0,0.018518518518518517,0.018518518518518517,0.009259259259259259,0.05,0.15,0.05,0.05,0.027777777777777776,0.027777777777777776,0.027777777777777776
0.030991735537190084,0.1513671875,0.203369140625,0.025,0.025,0.025,0.0,0.018518518518518517,0.018518518518518517,0.009259259259259259,0.05,0.15,0.05,0.05,0.037037037037037035,0.027777777777777776,0.027777777777777776
0.032024793388429756,0.156982421875,0.2122802734375,0.025,0.025,0.025,0.0,0.018518518518518517,0.018518518518518517,0.009259259259259259,0.05,0.15,0.05,0.05,0.037037037037037035,0.027777777777777776,0.037037037037037035
0.03305785123966942,0.16259765625,0.220703125,0.025,0.025,0.025,0.0,0.018518518518518517,0.018518518518518517,0.009259259259259259,0.05,0.175,0.05,0.05,0.037037037037037035,0.027777777777777776,0.037037037037037035
0.034090909090909095,0.16796875,0.22900390625,0.025,0.025,0.025,0.0,0.018518518518518517,0.018518518518518517,0.009259259259259259,0.05,0.175,0.07500000000000001,0.05,0.037037037037037035,0.027777777777777776,0.037037037037037035
0.03512396694214876,0.1734619140625,0.2373046875,0.025,0.025,0.025,0.0,0.018518518518518517,0.018518518518518517,0.009259259259259259,0.05,0.175,0.07500000000000001,0.07500000000000001,0.037037037037037035,0.027777777777777776,0.037037037037037035
0.03615702479338843,0.1788330078125,0.245849609375,0.025,0.025,0.025,0.0,0.018518518518518517,0.018518518518518517,0.009259259259259259,0.05,0.19999999999999998,0.07500000000000001,0.07500000000000001,0.037037037037037035,0.027777777777777776,0.037037037037037035
0.0371900826446281,0.1844482421875,0.253662109375,0.025,0.025,0.025,0.0,0.018518518518518517,0.018518518518518517,0.009259259259259259,0.05,0.19999999999999998,0.07500000000000001,0.07500000000000001,0.037037037037037035,0.027777777777777776,0.046296296296296294
0.03822314049586777,0.18994140625,0.26171875,0.025,0.025,0.025,0.0,0.018518518518518517,0.018518518518518517,0.009259259259259259,0.05,0.22499999999999998,0.07500000000000001,0.07500000000000001,0.037037037037037035,0.027777777777777776,0.046296296296296294
0.039256198347107446,0.1954345703125,0.270263671875,0.025,0.025,0.025,0.0,0.018518518518518517,0.018518518518518517,0.009259259259259259,0.05,0.22499999999999998,0.07500000000000001,0.1,0.037037037037037035,0.027777777777777776,0.046296296296296294
0.04028925619834711,0.2010498046875,0.2783203125,0.025,0.025,0.025,0.0,0.018518518518518517,0.018518518518518517,0.009259259259259259,0.07500000000000001,0.22499999999999998,0.07500000000000001,0.1,0.037037037037037035,0.027777777777777776,0.046296296296296294
0.04132231404958678,0.20654296875,0.285888671875,0.025,0.025,0.025,0.0,0.018518518518518517,0.018518518518518517,0.009259259259259259,0.07500000000000001,0.22499999999999998,0.1,0.1,0.037037037037037035,0.027777777777777776,0.046296296296296294
0.04235537190082645,0.2119140625,0.294189453125,0.025,0.025,0.025,0.0,0.018518518518518517,0.018518518518518517,0.009259259259259259,0.07500000000000001,0.22499999999999998,0.1,0.1,0.046296296296296294,0.027777777777777776,0.046296296296296294
0.04338842975206612,0.2171630859375,0.301513671875,0.025,0.025,0.025,0.0,0.018518518518518517,0.018518518518518517,0.009259259259259259,0.07500000000000001,0.22499999999999998,0.1,0.1,0.046296296296296294,0.027777777777777776,0.05555555555555555
0.04442148760330579,0.222412109375,0.30908203125,0.025,0.025,0.025,0.0,0.018518518518518517,0.018518518518518517,0.009259259259259259,0.07500000000000001,0.22499999999999998,0.1,0.125,0.046296296296296294,0.027777777777777776,0.05555555555555555
0.045454545454545456,0.227783203125,0.31689453125,0.025,0.05,0.025,0.0,0.018518518518518517,0.018518518518518517,0.009259259259259259,0.07500000000000001,0.22499999999999998,0.1,0.125,0.046296296296296294,0.027777777777777776,0.05555555555555555
0.04648760330578513,0.233154296875,0.324462890625,0.025,0.05,0.025,0.0,0.018518518518518517,0.018518518518518517,0.009259259259259259,0.07500000000000001,0.24999999999999997,0.1,0.125,0.046296296296296294,0.027777777777777776,0.05555555555555555
0.047520661157024795,0.2384033203125,0.33203125,0.025,0.05,0.025,0.0,0.018518518518518517,0.018518518518518517,0.009259259259259259,0.07500000000000001,0.24999999999999997,0.1,0.125,0.046296296296296294,0.037037037037037035,0.05555555555555555
0.048553719008264475,0.24365234375,0.339599609375,0.025,0.05,0.025,0.0,0.018518518518518517,0.018518518518518517,0.009259259259259259,0.07500000000000001,0.24999999999999997,0.1,0.125,0.05555555555555555,0.037037037037037035,0.05555555555555555
0.04958677685950415,0.248779296875,0.34716796875,0.025,0.05,0.025,0.0,0.018518518518518517,0.018518518518518517,0.009259259259259259,0.07500000000000001,0.24999999999999997,0.1,0.125,0.05555555555555555,0.037037037037037035,0.06481481481481481
0.05061983471074381,0.25390625,0.354248046875,0.025,0.05,0.025,0.0,0.018518518518518517,0.018518518518518517,0.009259259259259259,0.07500000000000001,0.24999999999999997,0.1,0.15,0.05555555555555555,0.037037037037037035,0.06481481481481481
0.05165289256198348,0.259033203125,0.361328125,0.025,0.05,0.025,0.025,0.018518518518518517,0.018518518518518517,0.009259259259259259,0.07500000000000001,0.24999999999999997,0.1,0.15,0.05555555555555555,0.037037037037037035,0.06481481481481481
0.052685950413223145,0.26416015625,0.368408203125,0.025,0.05,0.025,0.025,0.018518518518518517,0.018518518518518517,0.009259259259259259,0.07500000000000001,0.27499999999999997,0.1,0.15,0.05555555555555555,0.037037037037037035,0.06481481481481481
0.05371900826446282,0.269287109375,0.3759765625,0.025,0.05,0.025,0.025,0.018518518518518517,0.018518518518518517,0.009259259259259259,0.07500000000000001,0.27499999999999997,0.125,0.15,0.05555555555555555,0.037037037037037035,0.06481481481481481
0.054752066115702484,0.2744140625,0.38330078125,0.025,0.05,0.025,0.025,0.018518518518518517,0.018518518518518517,0.009259259259259259,0.07500000000000001,0.27499999999999997,0.125,0.175,0.05555555555555555,0.037037037037037035,0.06481481481481481
0.05578512396694215,0.279296875,0.39013671875,0.025,0.05,0.025,0.025,0.018518518518518517,0.018518518518518517,0.009259259259259259,0.07500000000000001,0.27499999999999997,0.125,0.175,0.05555555555555555,0.037037037037037035,0.07407407407407407
0.05681818181818183,0.2841796875,0.39697265625,0.025,0.05,0.025,0.025,0.018518518518518517,0.018518518518518517,0.009259259259259259,0.1,0.27499999999999997,0.125,0.175,0.05555555555555555,0.037037037037037035,0.07407407407407407
0.057851239669421496,0.289306640625,0.40380859375,0.025,0.05,0.025,0.025,0.027777777777777776,0.018518518518518517,0.009259259259259259,0.1,0.27499999999999997,0.125,0.175,0.05555555555555555,0.037037037037037035,0.07407407407407407
0.05888429752066117,0.29443359375,0.410888671875,0.025,0.05,0.025,0.025,0.027777777777777776,0.018518518518518517,0.009259259259259259,0.1,0.27499999999999997,0.125,0.175,0.06481481481481481,0.037037037037037035,0.07407407407407407
0.05991735537190084,0.299072265625,0.41796875,0.025,0.05,0.025,0.025,0.027777777777777776,0.018518518518518517,0.009259259259259259,0.1,0.27499999999999997,0.125,0.175,0.06481481481481481,0.037037037037037035,0.08333333333333333
0.06095041322314052,0.30419921875,0.424560546875,0.025,0.05,0.025,0.025,0.027777777777777776,0.018518518518518517,0.009259259259259259,0.1,0.3,0.125,0.175,0.06481481481481481,0.037037037037037035,0.08333333333333333
0.06198347107438019,0.30908203125,0.431640625,0.025,0.05,0.025,0.025,0.027777777777777776,0.018518518518518517,0.009259259259259259,0.1,0.3,0.125,0.19999999999999998,0.06481481481481481,0.037037037037037035,0.08333333333333333
0.06301652892561985,0.31396484375,0.4384765625,0.025,0.05,0.025,0.025,0.027777777777777776,0.018518518518518517,0.009259259259259259,0.1,0.3,0.125,0.19999999999999998,0.06481481481481481,0.037037037037037035,0.09259259259259259
0.06404958677685951,0.31884765625,0.4453125,0.025,0.05,0.025,0.025,0.027777777777777776,0.018518518518518517,0.009259259259259259,0.1,0.3,0.125,0.19999999999999998,0.07407407407407407,0.037037037037037035,0.09259259259259259
0.06508264462809918,0.323974609375,0.4521484375,0.025,0.05,0.025,0.025,0.027777777777777776,0.018518518518518517,0.009259259259259259,0.125,0.3,0.125,0.19999999999999998,0.07407407407407407,0.037037037037037035,0.09259259259259259
0.06611570247933886,0.328857421875,0.458984375,0.025,0.05,0.025,0.025,0.027777777777777776,0.018518518518518517,0.009259259259259259,0.125,0.3,0.15,0.19999999999999998,0.07407407407407407,0.037037037037037035,0.09259259259259259
0.06714876033057854,0.333740234375,0.465087890625,0.025,0.05,0.025,0.025,0.027777777777777776,0.018518518518518517,0.009259259259259259,0.125,0.3,0.15,0.19999999999999998,0.08333333333333333,0.037037037037037035,0.09259259259259259
0.0681818181818182,0.338623046875,0.4716796875,0.025,0.05,0.025,0.025,0.027777777777777776,0.018518518518518517,0.009259259259259259,0.125,0.3,0.15,0.19999999999999998,0.08333333333333333,0.046296296296296294,0.09259259259259259
0.06921487603305787,0.343505859375,0.478515625,0.025,0.05,0.025,0.025,0.027777777777777776,0.018518518518518517,0.009259259259259259,0.125,0.3,0.15,0.19999999999999998,0.08333333333333333,0.046296296296296294,0.10185185185185185
0.07024793388429754,0.348388671875,0.484619140625,0.025,0.05,0.025,0.025,0.027777777777777776,0.018518518518518517,0.009259259259259259,0.125,0.325,0.15,0.19999999999999998,0.08333333333333333,0.046296296296296294,0.10185185185185185
0.0712809917355372,0.353271484375,0.491455078125,0.025,0.05,0.025,0.025,0.027777777777777776,0.018518518518518517,0.009259259259259259,0.125,0.325,0.15,0.22499999999999998,0.08333333333333333,0.046296296296296294,0.10185185185185185
0.07231404958677687,0.358154296875,0.49755859375,0.025,0.05,0.025,0.025,0.027777777777777776,0.018518518518518517,0.009259259259259259,0.125,0.325,0.15,0.22499999999999998,0.09259259259259259,0.046296296296296294,0.10185185185185185
0.07334710743801653,0.363037109375,0.5048828125,0.025,0.05,0.025,0.025,0.027777777777777776,0.018518518518518517,0.009259259259259259,0.125,0.325,0.15,0.22499999999999998,0.10185185185185185,0.046296296296296294,0.10185185185185185
0.07438016528925621,0.367919921875,0.51123046875,0.025,0.05,0.025,0.025,0.027777777777777776,0.018518518518518517,0.009259259259259259,0.125,0.325,0.15,0.22499999999999998,0.10185185185185185,0.046296296296296294,0.1111111111111111
0.07541322314049588,0.37255859375,0.517578125,0.025,0.05,0.025,0.025,0.027777777777777776,0.018518518518518517,0.009259259259259259,0.125,0.325,0.15,0.22499999999999998,0.10185185185185185,0.046296296296296294,0.12037037037037036
0.07644628099173555,0.37744140625,0.52392578125,0.025,0.05,0.025,0.025,0.027777777777777776,0.018518518518518517,0.009259259259259259,0.125,0.35000000000000003,0.15,0.22499999999999998,0.10185185185185185,0.046296296296296294,0.12037037037037036
0.07747933884297523,0.382568359375,0.5302734375,0.025,0.05,0.025,0.025,0.027777777777777776,0.018518518518518517,0.009259259259259259,0.15,0.35000000000000003,0.15,0.22499999999999998,0.10185185185185185,0.046296296296296294,0.12037037037037036
0.07851239669421489,0.387451171875,0.537109375,0.025,0.05,0.025,0.025,0.027777777777777776,0.018518518518518517,0.009259259259259259,0.15,0.35000000000000003,0.175,0.22499999999999998,0.10185185185185185,0.046296296296296294,0.12037037037037036
0.07954545454545456,0.392333984375,0.54345703125,0.025,0.05,0.025,0.025,0.027777777777777776,0.018518518518518517,0.009259259259259259,0.15,0.35000000000000003,0.175,0.24999999999999997,0.10185185185185185,0.046296296296296294,0.12037037037037036
0.08057851239669424,0.397216796875,0.5498046875,0.025,0.05,0.025,0.025,0.027777777777777776,0.018518518518518517,0.009259259259259259,0.15,0.35000000000000003,0.175,0.24999999999999997,0.1111111111111111,0.046296296296296294,0.12037037037037036
0.0816115702479339,0.40185546875,0.55615234375,0.025,0.05,0.025,0.025,0.027777777777777776,0.018518518518518517,0.009259259259259259,0.15,0.35000000000000003,0.175,0.24999999999999997,0.1111111111111111,0.046296296296296294,0.12962962962962962
0.08264462809917357,0.40673828125,0.56298828125,0.025,0.05,0.025,0.025,0.027777777777777776,0.018518518518518517,0.009259259259259259,0.15,0.37500000000000006,0.175,0.24999999999999997,0.1111111111111111,0.046296296296296294,0.12962962962962962
0.08367768595041324,0.41162109375,0.568359375,0.025,0.05,0.025,0.025,0.027777777777777776,0.018518518518518517,0.009259259259259259,0.15,0.37500000000000006,0.175,0.24999999999999997,0.12037037037037036,0.046296296296296294,0.12962962962962962
0.0847107438016529,0.416259765625,0.57568359375,0.025,0.05,0.025,0.025,0.027777777777777776,0.018518518518518517,0.009259259259259259,0.15,0.37500000000000006,0.175,0.24999999999999997,0.12037037037037036,0.05555555555555555,0.12962962962962962
0.08574380165289258,0.4208984375,0.58203125,0.025,0.05,0.025,0.025,0.027777777777777776,0.018518518518518517,0.009259259259259259,0.15,0.37500000000000006,0.175,0.24999999999999997,0.12037037037037036,0.05555555555555555,0.1388888888888889
0.08677685950413225,0.42578125,0.587890625,0.025,0.05,0.025,0.05,0.027777777777777776,0.018518518518518517,0.009259259259259259,0.15,0.37500000000000006,0.175,0.24999999999999997,0.12037037037037036,0.05555555555555555,0.1388888888888889
0.08780991735537191,0.4306640625,0.59375,0.025,0.05,0.025,0.05,0.027777777777777776,0.027777777777777776,0.009259259259259259,0.15,0.37500000000000006,0.175,0.24999999999999997,0.12037037037037036,0.05555555555555555,0.1388888888888889
0.08884297520661158,0.435302734375,0.6005859375,0.025,0.05,0.025,0.05,0.027777777777777776,0.027777777777777776,0.009259259259259259,0.15,0.37500000000000006,0.175,0.24999999999999997,0.12962962962962962,0.05555555555555555,0.1388888888888889
0.08987603305785125,0.440185546875,0.6064453125,0.025,0.05,0.025,0.05,0.027777777777777776,0.027777777777777776,0.018518518518518517,0.15,0.37500000000000006,0.175,0.24999999999999997,0.12962962962962962,0.05555555555555555,0.1388888888888889
0.09090909090909094,0.44482421875,0.61328125,0.025,0.05,0.025,0.05,0.027777777777777776,0.027777777777777776,0.027777777777777776,0.15,0.37500000000000006,0.175,0.24999999999999997,0.12962962962962962,0.05555555555555555,0.1388888888888889
0.09194214876033059,0.44921875,0.61865234375,0.025,0.05,0.025,0.05,0.027777777777777776,0.027777777777777776,0.027777777777777776,0.15,0.37500000000000006,0.175,0.27499999999999997,0.12962962962962962,0.05555555555555555,0.1388888888888889
0.09297520661157026,0.4541015625,0.625,0.025,0.05,0.025,0.05,0.027777777777777776,0.027777777777777776,0.027777777777777776,0.175,0.37500000000000006,0.175,0.27499999999999997,0.12962962962962962,0.05555555555555555,0.1388888888888889
0.09400826446280992,0.458740234375,0.63134765625,0.025,0.05,0.025,0.05,0.027777777777777776,0.027777777777777776,0.027777777777777776,0.175,0.37500000000000006,0.175,0.27499999999999997,0.12962962962962962,0.05555555555555555,0.14814814814814814
0.09504132231404959,0.46337890625,0.63720703125,0.025,0.05,0.025,0.05,0.027777777777777776,0.027777777777777776,0.027777777777777776,0.175,0.37500000000000006,0.19999999999999998,0.27499999999999997,0.12962962962962962,0.05555555555555555,0.14814814814814814
0.09607438016528926,0.468017578125,0.64306640625,0.025,0.05,0.025,0.05,0.027777777777777776,0.027777777777777776,0.027777777777777776,0.175,0.37500000000000006,0.19999999999999998,0.27499999999999997,0.1388888888888889,0.05555555555555555,0.14814814814814814
0.09710743801652895,0.47265625,0.64990234375,0.025,0.05,0.025,0.05,0.027777777777777776,0.027777777777777776,0.027777777777777776,0.175,0.37500000000000006,0.19999999999999998,0.27499999999999997,0.1388888888888889,0.06481481481481481,0.14814814814814814
0.09814049586776862,0.47705078125,0.65625,0.025,0.05,0.025,0.05,0.027777777777777776,0.027777777777777776,0.027777777777777776,0.175,0.37500000000000006,0.19999999999999998,0.27499999999999997,0.1388888888888889,0.06481481481481481,0.15740740740740738
0.09917355371900828,0.4814453125,0.662109375,0.025,0.05,0.025,0.05,0.027777777777777776,0.027777777777777776,0.027777777777777776,0.175,0.37500000000000006,0.19999999999999998,0.27499999999999997,0.1388888888888889,0.06481481481481481,0.16666666666666663
0.10020661157024795,0.486083984375,0.66796875,0.025,0.05,0.025,0.05,0.027777777777777776,0.027777777777777776,0.027777777777777776,0.175,0.4000000000000001,0.19999999999999998,0.27499999999999997,0.1388888888888889,0.06481481481481481,0.16666666666666663
0.10123966942148763,0.49072265625,0.673828125,0.025,0.05,0.025,0.05,0.027777777777777776,0.027777777777777776,0.027777777777777776,0.175,0.4000000000000001,0.19999999999999998,0.3,0.1388888888888889,0.06481481481481481,0.16666666666666663
0.10227272727272728,0.495361328125,0.6806640625,0.025,0.05,0.025,0.05,0.027777777777777776,0.027777777777777776,0.027777777777777776,0.175,0.4000000000000001,0.19999999999999998,0.3,0.14814814814814814,0.06481481481481481,0.16666666666666663
0.10330578512396696,0.499755859375,0.68603515625,0.025,0.05,0.025,0.05,0.027777777777777776,0.027777777777777776,0.027777777777777776,0.175,0.4000000000000001,0.19999999999999998,0.3,0.15740740740740738,0.06481481481481481,0.16666666666666663
0.10433884297520664,0.50439453125,0.6923828125,0.025,0.05,0.025,0.05,0.027777777777777776,0.027777777777777776,0.027777777777777776,0.175,0.4250000000000001,0.19999999999999998,0.3,0.15740740740740738,0.06481481481481481,0.16666666666666663
0.10537190082644629,0.50927734375,0.6982421875,0.025,0.05,0.025,0.05,0.027777777777777776,0.027777777777777776,0.037037037037037035,0.175,0.4250000000000001,0.19999999999999998,0.3,0.15740740740740738,0.06481481481481481,0.16666666666666663
0.10640495867768597,0.513671875,0.70458984375,0.025,0.05,0.025,0.05,0.027777777777777776,0.027777777777777776,0.037037037037037035,0.175,0.4250000000000001,0.19999999999999998,0.3,0.15740740740740738,0.06481481481481481,0.17592592592592587
0.10743801652892562,0.5185546875,0.71044921875,0.025,0.05,0.025,0.05,0.027777777777777776,0.027777777777777776,0.037037037037037035,0.19999999999999998,0.4250000000000001,0.19999999999999998,0.3,0.15740740740740738,0.06481481481481481,0.17592592592592587
0.1084710743801653,0.52294921875,0.71630859375,0.025,0.05,0.025,0.05,0.027777777777777776,0.027777777777777776,0.037037037037037035,0.19999999999999998,0.4250000000000001,0.19999999999999998,0.3,0.15740740740740738,0.07407407407407407,0.17592592592592587
0.109504132231405,0.52783203125,0.72216796875,0.025,0.05,0.025,0.05,0.027777777777777776,0.027777777777777776,0.037037037037037035,0.19999999999999998,0.4250000000000001,0.22499999999999998,0.3,0.15740740740740738,0.07407407407407407,0.17592592592592587
0.11053719008264463,0.5322265625,0.72900390625,0.025,0.05,0.025,0.05,0.027777777777777776,0.027777777777777776,0.037037037037037035,0.19999999999999998,0.4250000000000001,0.22499999999999998,0.325,0.15740740740740738,0.07407407407407407,0.17592592592592587
0.11157024793388433,0.537109375,0.734375,0.025,0.05,0.025,0.05,0.027777777777777776,0.027777777777777776,0.037037037037037035,0.19999999999999998,0.4250000000000001,0.22499999999999998,0.35000000000000003,0.15740740740740738,0.07407407407407407,0.17592592592592587
0.112603305785124,0.54150390625,0.740234375,0.025,0.05,0.025,0.05,0.027777777777777776,0.027777777777777776,0.037037037037037035,0.19999999999999998,0.4250000000000001,0.22499999999999998,0.35000000000000003,0.15740740740740738,0.07407407407407407,0.18518518518518512
0.11363636363636366,0.54638671875,0.74609375,0.025,0.05,0.025,0.05,0.027777777777777776,0.027777777777777776,0.037037037037037035,0.19999999999999998,0.4250000000000001,0.22499999999999998,0.35000000000000003,0.16666666666666663,0.07407407407407407,0.18518518518518512
0.11466942148760334,0.55078125,0.751953125,0.025,0.05,0.025,0.05,0.027777777777777776,0.027777777777777776,0.037037037037037035,0.19999999999999998,0.4250000000000001,0.22499999999999998,0.35000000000000003,0.17592592592592587,0.07407407407407407,0.18518518518518512
0.115702479338843,0.55517578125,0.7578125,0.025,0.05,0.025,0.05,0.027777777777777776,0.027777777777777776,0.037037037037037035,0.19999999999999998,0.4250000000000001,0.22499999999999998,0.35000000000000003,0.18518518518518512,0.07407407407407407,0.18518518518518512
0.11673553719008267,0.5595703125,0.76416015625,0.025,0.05,0.025,0.05,0.027777777777777776,0.027777777777777776,0.037037037037037035,0.19999999999999998,0.4250000000000001,0.22499999999999998,0.35000000000000003,0.18518518518518512,0.08333333333333333,0.18518518518518512
0.11776859504132234,0.56396484375,0.76953125,0.025,0.05,0.025,0.05,0.027777777777777776,0.027777777777777776,0.037037037037037035,0.19999999999999998,0.4250000000000001,0.22499999999999998,0.35000000000000003,0.18518518518518512,0.08333333333333333,0.19444444444444436
0.118801652892562,0.568359375,0.77587890625,0.025,0.05,0.025,0.05,0.027777777777777776,0.027777777777777776,0.037037037037037035,0.19999999999999998,0.4250000000000001,0.22499999999999998,0.35000000000000003,0.18518518518518512,0.08333333333333333,0.2037037037037036
0.11983471074380167,0.57275390625,0.78173828125,0.025,0.05,0.025,0.05,0.027777777777777776,0.027777777777777776,0.037037037037037035,0.19999999999999998,0.4250000000000001,0.22499999999999998,0.35000000000000003,0.18518518518518512,0.08333333333333333,0.21296296296296285
0.12086776859504134,0.57763671875,0.78662109375,0.025,0.05,0.025,0.05,0.027777777777777776,0.027777777777777776,0.037037037037037035,0.22499999999999998,0.4250000000000001,0.22499999999999998,0.35000000000000003,0.18518518518518512,0.08333333333333333,0.21296296296296285
0.121900826446281,0.58203125,0.79296875,0.025,0.05,0.025,0.05,0.027777777777777776,0.027777777777777776,0.037037037037037035,0.22499999999999998,0.4250000000000001,0.22499999999999998,0.35000000000000003,0.19444444444444436,0.08333333333333333,0.21296296296296285
0.12293388429752067,0.58642578125,0.798828125,0.025,0.05,0.025,0.05,0.027777777777777776,0.027777777777777776,0.037037037037037035,0.22499999999999998,0.4250000000000001,0.22499999999999998,0.35000000000000003,0.2037037037037036,0.08333333333333333,0.21296296296296285
0.12396694214876035,0.59130859375,0.80419921875,0.025,0.05,0.05,0.05,0.027777777777777776,0.027777777777777776,0.037037037037037035,0.22499999999999998,0.4250000000000001,0.22499999999999998,0.35000000000000003,0.2037037037037036,0.08333333333333333,0.21296296296296285
0.12500000000000003,0.59619140625,0.810546875,0.025,0.05,0.05,0.05,0.027777777777777776,0.027777777777777776,0.046296296296296294,0.22499999999999998,0.4250000000000001,0.22499999999999998,0.35000000000000003,0.2037037037037036,0.08333333333333333,0.21296296296296285
0.1260330578512397,0.6005859375,0.81640625,0.025,0.05,0.05,0.05,0.027777777777777776,0.027777777777777776,0.046296296296296294,0.22499999999999998,0.4250000000000001,0.22499999999999998,0.35000000000000003,0.2037037037037036,0.09259259259259259,0.21296296296296285
0.12706611570247936,0.60546875,0.822265625,0.025,0.07500000000000001,0.05,0.05,0.027777777777777776,0.027777777777777776,0.046296296296296294,0.22499999999999998,0.4250000000000001,0.22499999999999998,0.35000000000000003,0.2037037037037036,0.09259259259259259,0.21296296296296285
0.12809917355371903,0.60986328125,0.8271484375,0.025,0.07500000000000001,0.05,0.05,0.027777777777777776,0.027777777777777776,0.046296296296296294,0.22499999999999998,0.4250000000000001,0.22499999999999998,0.35000000000000003,0.2037037037037036,0.10185185185185185,0.21296296296296285
0.1291322314049587,0.61474609375,0.833984375,0.025,0.07500000000000001,0.05,0.05,0.037037037037037035,0.027777777777777776,0.046296296296296294,0.22499999999999998,0.4250000000000001,0.22499999999999998,0.35000000000000003,0.2037037037037036,0.10185185185185185,0.21296296296296285
0.13016528925619836,0.61962890625,0.83984375,0.025,0.07500000000000001,0.05,0.07500000000000001,0.037037037037037035,0.027777777777777776,0.046296296296296294,0.22499999999999998,0.4250000000000001,0.22499999999999998,0.35000000000000003,0.2037037037037036,0.10185185185185185,0.21296296296296285
0.13119834710743802,0.62451171875,0.845703125,0.025,0.07500000000000001,0.05,0.07500000000000001,0.037037037037037035,0.027777777777777776,0.046296296296296294,0.24999999999999997,0.4250000000000001,0.22499999999999998,0.35000000000000003,0.2037037037037036,0.10185185185185185,0.21296296296296285
0.1322314049586777,0.62890625,0.85107421875,0.025,0.07500000000000001,0.05,0.07500000000000001,0.037037037037037035,0.027777777777777776,0.046296296296296294,0.24999999999999997,0.4250000000000001,0.22499999999999998,0.35000000000000003,0.21296296296296285,0.10185185185185185,0.21296296296296285
0.13326446280991736,0.6337890625,0.8564453125,0.025,0.07500000000000001,0.05,0.07500000000000001,0.037037037037037035,0.027777777777777776,0.046296296296296294,0.24999999999999997,0.4500000000000001,0.22499999999999998,0.35000000000000003,0.21296296296296285,0.10185185185185185,0.21296296296296285
0.13429752066115702,0.63818359375,0.86181640625,0.025,0.07500000000000001,0.05,0.07500000000000001,0.037037037037037035,0.027777777777777776,0.046296296296296294,0.24999999999999997,0.4500000000000001,0.22499999999999998,0.37500000000000006,0.21296296296296285,0.10185185185185185,0.21296296296296285
0.1353305785123967,0.642578125,0.869140625,0.025,0.07500000000000001,0.05,0.07500000000000001,0.037037037037037035,0.027777777777777776,0.046296296296296294,0.24999999999999997,0.4500000000000001,0.22499999999999998,0.37500000000000006,0.21296296296296285,0.10185185185185185,0.2222222222222221
0.13636363636363635,0.64697265625,0.87451171875,0.025,0.07500000000000001,0.05,0.07500000000000001,0.037037037037037035,0.027777777777777776,0.046296296296296294,0.24999999999999997,0.4500000000000001,0.22499999999999998,0.37500000000000006,0.21296296296296285,0.1111111111111111,0.2222222222222221
0.13739669421487602,0.6513671875,0.88037109375,0.025,0.07500000000000001,0.05,0.07500000000000001,0.037037037037037035,0.027777777777777776,0.046296296296296294,0.24999999999999997,0.4500000000000001,0.22499999999999998,0.37500000000000006,0.21296296296296285,0.1111111111111111,0.23148148148148134
0.13842975206611569,0.65576171875,0.88623046875,0.025,0.07500000000000001,0.05,0.07500000000000001,0.037037037037037035,0.027777777777777776,0.046296296296296294,0.24999999999999997,0.47500000000000014,0.22499999999999998,0.37500000000000006,0.21296296296296285,0.1111111111111111,0.23148148148148134
0.13946280991735538,0.66015625,0.8916015625,0.025,0.07500000000000001,0.05,0.07500000000000001,0.037037037037037035,0.027777777777777776,0.046296296296296294,0.24999999999999997,0.47500000000000014,0.24999999999999997,0.37500000000000006,0.21296296296296285,0.1111111111111111,0.23148148148148134
0.14049586776859505,0.66455078125,0.8974609375,0.025,0.07500000000000001,0.05,0.07500000000000001,0.037037037037037035,0.027777777777777776,0.046296296296296294,0.24999999999999997,0.47500000000000014,0.24999999999999997,0.37500000000000006,0.21296296296296285,0.1111111111111111,0.2407407407407406
0.14152892561983468,0.66943359375,0.90380859375,0.025,0.07500000000000001,0.05,0.07500000000000001,0.037037037037037035,0.027777777777777776,0.05555555555555555,0.24999999999999997,0.47500000000000014,0.24999999999999997,0.37500000000000006,0.21296296296296285,0.1111111111111111,0.2407407407407406
0.14256198347107438,0.673828125,0.90966796875,0.025,0.07500000000000001,0.05,0.07500000000000001,0.037037037037037035,0.027777777777777776,0.05555555555555555,0.24999999999999997,0.47500000000000014,0.24999999999999997,0.37500000000000006,0.2222222222222221,0.1111111111111111,0.2407407407407406
0.14359504132231404,0.67822265625,0.9150390625,0.025,0.07500000000000001,0.05,0.07500000000000001,0.037037037037037035,0.027777777777777776,0.05555555555555555,0.24999999999999997,0.47500000000000014,0.24999999999999997,0.37500000000000006,0.23148148148148134,0.1111111111111111,0.2407407407407406
0.1446280991735537,0.6826171875,0.9208984375,0.025,0.07500000000000001,0.05,0.07500000000000001,0.037037037037037035,0.027777777777777776,0.05555555555555555,0.24999999999999997,0.47500000000000014,0.24999999999999997,0.4000000000000001,0.23148148148148134,0.1111111111111111,0.2407407407407406
0.14566115702479338,0.68701171875,0.9267578125,0.025,0.07500000000000001,0.05,0.07500000000000001,0.037037037037037035,0.027777777777777776,0.05555555555555555,0.24999999999999997,0.47500000000000014,0.24999999999999997,0.4000000000000001,0.2407407407407406,0.1111111111111111,0.2407407407407406
0.14669421487603307,0.69140625,0.93212890625,0.025,0.07500000000000001,0.05,0.07500000000000001,0.037037037037037035,0.027777777777777776,0.05555555555555555,0.24999999999999997,0.47500000000000014,0.24999999999999997,0.4000000000000001,0.2407407407407406,0.12037037037037036,0.2407407407407406
0.14772727272727273,0.69580078125,0.9384765625,0.025,0.07500000000000001,0.05,0.07500000000000001,0.037037037037037035,0.027777777777777776,0.05555555555555555,0.24999999999999997,0.47500000000000014,0.24999999999999997,0.4000000000000001,0.24999999999999983,0.12037037037037036,0.2407407407407406
0.1487603305785124,0.7001953125,0.94384765625,0.025,0.07500000000000001,0.05,0.07500000000000001,0.037037037037037035,0.027777777777777776,0.05555555555555555,0.24999999999999997,0.47500000000000014,0.24999999999999997,0.4000000000000001,0.24999999999999983,0.12962962962962962,0.2407407407407406
0.14979338842975207,0.70458984375,0.94873046875,0.025,0.07500000000000001,0.05,0.07500000000000001,0.037037037037037035,0.027777777777777776,0.05555555555555555,0.24999999999999997,0.47500000000000014,0.24999999999999997,0.4000000000000001,0.24999999999999983,0.12962962962962962,0.24999999999999983
0.15082644628099173,0.70849609375,0.95458984375,0.025,0.07500000000000001,0.05,0.07500000000000001,0.037037037037037035,0.027777777777777776,0.05555555555555555,0.24999999999999997,0.47500000000000014,0.24999999999999997,0.4000000000000001,0.24999999999999983,0.12962962962962962,0.2592592592592591
0.15185950413223143,0.71337890625,0.96044921875,0.025,0.07500000000000001,0.05,0.07500000000000001,0.037037037037037035,0.027777777777777776,0.05555555555555555,0.27499999999999997,0.47500000000000014,0.24999999999999997,0.4000000000000001,0.24999999999999983,0.12962962962962962,0.2592592592592591
0.15289256198347106,0.7177734375,0.96630859375,0.025,0.07500000000000001,0.05,0.07500000000000001,0.037037037037037035,0.027777777777777776,0.05555555555555555,0.27499999999999997,0.5000000000000001,0.24999999999999997,0.4000000000000001,0.24999999999999983,0.12962962962962962,0.2592592592592591
0.15392561983471076,0.72216796875,0.97216796875,0.025,0.07500000000000001,0.05,0.07500000000000001,0.037037037037037035,0.027777777777777776,0.05555555555555555,0.27499999999999997,0.5000000000000001,0.24999999999999997,0.4000000000000001,0.2592592592592591,0.12962962962962962,0.2592592592592591
0.1549586776859504,0.7265625,0.97802734375,0.025,0.07500000000000001,0.05,0.07500000000000001,0.037037037037037035,0.027777777777777776,0.05555555555555555,0.27499999999999997,0.5000000000000001,0.24999999999999997,0.4000000000000001,0.2685185185185183,0.12962962962962962,0.2592592592592591
0.1559917355371901,0.73095703125,0.98388671875,0.025,0.07500000000000001,0.05,0.07500000000000001,0.037037037037037035,0.027777777777777776,0.05555555555555555,0.27499999999999997,0.5000000000000001,0.24999999999999997,0.4000000000000001,0.2685185185185183,0.1388888888888889,0.2592592592592591
0.15702479338842973,0.73583984375,0.98876953125,0.025,0.07500000000000001,0.05,0.07500000000000001,0.037037037037037035,0.027777777777777776,0.05555555555555555,0.27499999999999997,0.5000000000000001,0.27499999999999997,0.4000000000000001,0.2685185185185183,0.1388888888888889,0.2592592592592591
0.15805785123966942,0.740234375,0.99462890625,0.025,0.07500000000000001,0.05,0.07500000000000001,0.037037037037037035,0.027777777777777776,0.05555555555555555,0.27499999999999997,0.5000000000000001,0.27499999999999997,0.4250000000000001,0.2685185185185183,0.1388888888888889,0.2592592592592591
0.15909090909090912,0.74462890625,1.0009765625,0.025,0.07500000000000001,0.05,0.07500000000000001,0.037037037037037035,0.027777777777777776,0.05555555555555555,0.27499999999999997,0.5000000000000001,0.27499999999999997,0.4250000000000001,0.27777777777777757,0.1388888888888889,0.2592592592592591
0.16012396694214878,0.7490234375,1.005859375,0.025,0.07500000000000001,0.05,0.07500000000000001,0.037037037037037035,0.027777777777777776,0.05555555555555555,0.27499999999999997,0.5000000000000001,0.27499999999999997,0.4250000000000001,0.27777777777777757,0.1388888888888889,0.2685185185185183
0.16115702479338845,0.75341796875,1.01171875,0.025,0.07500000000000001,0.05,0.07500000000000001,0.037037037037037035,0.027777777777777776,0.05555555555555555,0.27499999999999997,0.5000000000000001,0.27499999999999997,0.4250000000000001,0.27777777777777757,0.1388888888888889,0.27777777777777757
0.16219008264462811,0.7578125,1.0166015625,0.025,0.07500000000000001,0.05,0.07500000000000001,0.037037037037037035,0.027777777777777776,0.05555555555555555,0.27499999999999997,0.5000000000000001,0.27499999999999997,0.4250000000000001,0.27777777777777757,0.14814814814814814,0.27777777777777757
0.16322314049586778,0.76220703125,1.0234375,0.025,0.07500000000000001,0.05,0.07500000000000001,0.037037037037037035,0.027777777777777776,0.05555555555555555,0.27499999999999997,0.5000000000000001,0.27499999999999997,0.4250000000000001,0.27777777777777757,0.15740740740740738,0.27777777777777757
0.16425619834710745,0.7666015625,1.0283203125,0.025,0.07500000000000001,0.05,0.07500000000000001,0.037037037037037035,0.027777777777777776,0.05555555555555555,0.27499999999999997,0.5000000000000001,0.27499999999999997,0.4250000000000001,0.27777777777777757,0.15740740740740738,0.2870370370370368
0.1652892561983471,0.77099609375,1.033203125,0.025,0.07500000000000001,0.05,0.07500000000000001,0.037037037037037035,0.027777777777777776,0.05555555555555555,0.3,0.5000000000000001,0.27499999999999997,0.4250000000000001,0.27777777777777757,0.15740740740740738,0.2870370370370368
0.16632231404958675,0.775390625,1.0400390625,0.025,0.07500000000000001,0.05,0.07500000000000001,0.037037037037037035,0.027777777777777776,0.05555555555555555,0.3,0.5000000000000001,0.27499999999999997,0.4250000000000001,0.27777777777777757,0.15740740740740738,0.29629629629629606
0.16735537190082644,0.7802734375,1.044921875,0.025,0.07500000000000001,0.05,0.1,0.037037037037037035,0.027777777777777776,0.05555555555555555,0.3,0.5000000000000001,0.27499999999999997,0.4250000000000001,0.27777777777777757,0.15740740740740738,0.29629629629629606
0.1683884297520661,0.78515625,1.05078125,0.025,0.07500000000000001,0.05,0.1,0.037037037037037035,0.027777777777777776,0.06481481481481481,0.3,0.5000000000000001,0.27499999999999997,0.4250000000000001,0.27777777777777757,0.15740740740740738,0.29629629629629606
0.16942148760330578,0.78955078125,1.056640625,0.025,0.07500000000000001,0.05,0.1,0.037037037037037035,0.027777777777777776,0.06481481481481481,0.3,0.5000000000000001,0.27499999999999997,0.4250000000000001,0.27777777777777757,0.15740740740740738,0.3055555555555553
0.17045454545454544,0.7939453125,1.0615234375,0.025,0.07500000000000001,0.05,0.1,0.037037037037037035,0.027777777777777776,0.06481481481481481,0.3,0.5000000000000001,0.27499999999999997,0.4250000000000001,0.27777777777777757,0.15740740740740738,0.31481481481481455
0.17148760330578514,0.798828125,1.0673828125,0.025,0.07500000000000001,0.05,0.125,0.037037037037037035,0.027777777777777776,0.06481481481481481,0.3,0.5000000000000001,0.27499999999999997,0.4250000000000001,0.27777777777777757,0.15740740740740738,0.31481481481481455
0.17252066115702477,0.8037109375,1.0732421875,0.025,0.07500000000000001,0.05,0.125,0.037037037037037035,0.027777777777777776,0.06481481481481481,0.325,0.5000000000000001,0.27499999999999997,0.4250000000000001,0.27777777777777757,0.15740740740740738,0.31481481481481455
0.17355371900826447,0.80859375,1.078125,0.025,0.07500000000000001,0.05,0.125,0.037037037037037035,0.027777777777777776,0.06481481481481481,0.325,0.5250000000000001,0.27499999999999997,0.4250000000000001,0.27777777777777757,0.15740740740740738,0.31481481481481455
0.1745867768595041,0.81298828125,1.083984375,0.025,0.07500000000000001,0.05,0.125,0.037037037037037035,0.027777777777777776,0.06481481481481481,0.325,0.5250000000000001,0.27499999999999997,0.4250000000000001,0.2870370370370368,0.15740740740740738,0.31481481481481455
0.1756198347107438,0.8173828125,1.08984375,0.025,0.07500000000000001,0.05,0.125,0.037037037037037035,0.027777777777777776,0.06481481481481481,0.325,0.5250000000000001,0.27499999999999997,0.4250000000000001,0.29629629629629606,0.15740740740740738,0.31481481481481455
0.17665289256198344,0.82177734375,1.095703125,0.025,0.07500000000000001,0.05,0.125,0.037037037037037035,0.027777777777777776,0.06481481481481481,0.325,0.5500000000000002,0.27499999999999997,0.4250000000000001,0.29629629629629606,0.15740740740740738,0.31481481481481455
0.17768595041322313,0.826171875,1.1025390625,0.025,0.07500000000000001,0.05,0.125,0.037037037037037035,0.027777777777777776,0.06481481481481481,0.325,0.5500000000000002,0.27499999999999997,0.4250000000000001,0.29629629629629606,0.16666666666666663,0.31481481481481455
0.17871900826446283,0.83056640625,1.1064453125,0.025,0.07500000000000001,0.05,0.125,0.037037037037037035,0.027777777777777776,0.06481481481481481,0.325,0.5500000000000002,0.27499999999999997,0.4250000000000001,0.29629629629629606,0.17592592592592587,0.31481481481481455
0.17975206611570246,0.8349609375,1.11328125,0.025,0.07500000000000001,0.05,0.125,0.037037037037037035,0.027777777777777776,0.06481481481481481,0.325,0.5500000000000002,0.27499999999999997,0.4250000000000001,0.3055555555555553,0.17592592592592587,0.31481481481481455
0.18078512396694216,0.83935546875,1.1181640625,0.025,0.07500000000000001,0.05,0.125,0.037037037037037035,0.027777777777777776,0.06481481481481481,0.325,0.5500000000000002,0.27499999999999997,0.4250000000000001,0.31481481481481455,0.17592592592592587,0.31481481481481455
0.1818181818181818,0.84375,1.1240234375,0.025,0.07500000000000001,0.05,0.125,0.037037037037037035,0.027777777777777776,0.06481481481481481,0.325,0.5500000000000002,0.3,0.4250000000000001,0.31481481481481455,0.17592592592592587,0.31481481481481455
0.1828512396694215,0.84814453125,1.1298828125,0.025,0.07500000000000001,0.05,0.125,0.037037037037037035,0.027777777777777776,0.06481481481481481,0.325,0.5500000000000002,0.3,0.4250000000000001,0.31481481481481455,0.18518518518518512,0.31481481481481455
0.18388429752066113,0.8525390625,1.134765625,0.025,0.07500000000000001,0.05,0.125,0.037037037037037035,0.027777777777777776,0.06481481481481481,0.325,0.5500000000000002,0.3,0.4250000000000001,0.31481481481481455,0.19444444444444436,0.31481481481481455
0.18491735537190082,0.857421875,1.1396484375,0.025,0.07500000000000001,0.05,0.125,0.037037037037037035,0.027777777777777776,0.07407407407407407,0.325,0.5500000000000002,0.3,0.4250000000000001,0.31481481481481455,0.19444444444444436,0.31481481481481455
0.1859504132231405,0.86181640625,1.146484375,0.025,0.07500000000000001,0.05,0.125,0.037037037037037035,0.027777777777777776,0.07407407407407407,0.325,0.5500000000000002,0.3,0.4500000000000001,0.31481481481481455,0.19444444444444436,0.31481481481481455
0.18698347107438015,0.8662109375,1.1513671875,0.025,0.07500000000000001,0.05,0.125,0.037037037037037035,0.027777777777777776,0.07407407407407407,0.325,0.5500000000000002,0.3,0.4500000000000001,0.31481481481481455,0.19444444444444436,0.3240740740740738
0.18801652892561982,0.87060546875,1.1572265625,0.025,0.07500000000000001,0.05,0.125,0.037037037037037035,0.027777777777777776,0.07407407407407407,0.325,0.5500000000000002,0.3,0.4500000000000001,0.31481481481481455,0.19444444444444436,0.33333333333333304
0.18904958677685949,0.875,1.1630859375,0.025,0.07500000000000001,0.05,0.125,0.037037037037037035,0.027777777777777776,0.07407407407407407,0.325,0.5500000000000002,0.3,0.4500000000000001,0.3240740740740738,0.19444444444444436,0.33333333333333304
0.19008264462809915,0.87939453125,1.1689453125,0.025,0.07500000000000001,0.05,0.125,0.037037037037037035,0.027777777777777776,0.07407407407407407,0.325,0.5500000000000002,0.3,0.4500000000000001,0.3240740740740738,0.2037037037037036,0.33333333333333304
0.19111570247933882,0.8837890625,1.173828125,0.025,0.07500000000000001,0.05,0.125,0.037037037037037035,0.027777777777777776,0.07407407407407407,0.325,0.5500000000000002,0.3,0.4500000000000001,0.3240740740740738,0.2037037037037036,0.3425925925925923
0.19214876033057848,0.88818359375,1.1796875,0.025,0.07500000000000001,0.05,0.125,0.037037037037037035,0.027777777777777776,0.07407407407407407,0.325,0.5750000000000002,0.3,0.4500000000000001,0.3240740740740738,0.2037037037037036,0.3425925925925923
0.19318181818181818,0.892578125,1.185546875,0.025,0.07500000000000001,0.05,0.125,0.037037037037037035,0.027777777777777776,0.07407407407407407,0.325,0.5750000000000002,0.3,0.4500000000000001,0.3240740740740738,0.2037037037037036,0.3518518518518515
0.19421487603305784,0.89697265625,1.1923828125,0.025,0.07500000000000001,0.05,0.125,0.037037037037037035,0.027777777777777776,0.07407407407407407,0.325,0.5750000000000002,0.3,0.4500000000000001,0.3240740740740738,0.2037037037037036,0.36111111111111077
0.19524793388429745,0.90185546875,1.1962890625,0.025,0.07500000000000001,0.07500000000000001,0.125,0.037037037037037035,0.027777777777777776,0.07407407407407407,0.325,0.5750000000000002,0.3,0.4500000000000001,0.3240740740740738,0.2037037037037036,0.36111111111111077
0.19628099173553715,0.90673828125,1.201171875,0.025,0.07500000000000001,0.07500000000000001,0.125,0.046296296296296294,0.027777777777777776,0.07407407407407407,0.325,0.5750000000000002,0.3,0.4500000000000001,0.3240740740740738,0.2037037037037036,0.36111111111111077
0.19731404958677684,0.9111328125,1.2080078125,0.025,0.07500000000000001,0.07500000000000001,0.125,0.046296296296296294,0.027777777777777776,0.07407407407407407,0.325,0.5750000000000002,0.325,0.4500000000000001,0.3240740740740738,0.2037037037037036,0.36111111111111077
0.1983471074380165,0.916015625,1.212890625,0.025,0.07500000000000001,0.07500000000000001,0.125,0.046296296296296294,0.027777777777777776,0.08333333333333333,0.325,0.5750000000000002,0.325,0.4500000000000001,0.3240740740740738,0.2037037037037036,0.36111111111111077
0.1993801652892562,0.92041015625,1.21875,0.025,0.07500000000000001,0.07500000000000001,0.125,0.046296296296296294,0.027777777777777776,0.08333333333333333,0.325,0.5750000000000002,0.325,0.4500000000000001,0.33333333333333304,0.2037037037037036,0.36111111111111077
0.20041322314049584,0.9248046875,1.224609375,0.025,0.07500000000000001,0.07500000000000001,0.125,0.046296296296296294,0.027777777777777776,0.08333333333333333,0.325,0.5750000000000002,0.325,0.4500000000000001,0.3425925925925923,0.2037037037037036,0.36111111111111077
0.2014462809917355,0.9287109375,1.2294921875,0.025,0.07500000000000001,0.07500000000000001,0.125,0.046296296296296294,0.027777777777777776,0.08333333333333333,0.325,0.5750000000000002,0.325,0.4500000000000001,0.3518518518518515,0.2037037037037036,0.36111111111111077
0.20247933884297517,0.93310546875,1.236328125,0.025,0.07500000000000001,0.07500000000000001,0.125,0.046296296296296294,0.027777777777777776,0.08333333333333333,0.325,0.5750000000000002,0.325,0.4500000000000001,0.3518518518518515,0.21296296296296285,0.36111111111111077
0.20351239669421486,0.93798828125,1.2412109375,0.025,0.1,0.07500000000000001,0.125,0.046296296296296294,0.027777777777777776,0.08333333333333333,0.325,0.5750000000000002,0.325,0.4500000000000001,0.3518518518518515,0.21296296296296285,0.36111111111111077
0.20454545454545456,0.94287109375,1.2470703125,0.025,0.1,0.07500000000000001,0.125,0.046296296296296294,0.027777777777777776,0.09259259259259259,0.325,0.5750000000000002,0.325,0.4500000000000001,0.3518518518518515,0.21296296296296285,0.36111111111111077
0.2055785123966942,0.94775390625,1.251953125,0.025,0.1,0.07500000000000001,0.15,0.046296296296296294,0.027777777777777776,0.09259259259259259,0.325,0.5750000000000002,0.325,0.4500000000000001,0.3518518518518515,0.21296296296296285,0.36111111111111077
0.20661157024793383,0.95263671875,1.2578125,0.025,0.1,0.07500000000000001,0.15,0.046296296296296294,0.027777777777777776,0.09259259259259259,0.35000000000000003,0.5750000000000002,0.325,0.4500000000000001,0.3518518518518515,0.21296296296296285,0.36111111111111077
0.20764462809917353,0.95703125,1.263671875,0.025,0.1,0.07500000000000001,0.15,0.046296296296296294,0.027777777777777776,0.09259259259259259,0.37500000000000006,0.5750000000000002,0.325,0.4500000000000001,0.3518518518518515,0.21296296296296285,0.36111111111111077
0.20867768595041322,0.9619140625,1.267578125,0.025,0.1,0.07500000000000001,0.15,0.046296296296296294,0.027777777777777776,0.09259259259259259,0.37500000000000006,0.6000000000000002,0.325,0.4500000000000001,0.3518518518518515,0.21296296296296285,0.36111111111111077
0.2097107438016529,0.96630859375,1.2744140625,0.025,0.1,0.07500000000000001,0.15,0.046296296296296294,0.027777777777777776,0.09259259259259259,0.37500000000000006,0.6000000000000002,0.325,0.47500000000000014,0.3518518518518515,0.21296296296296285,0.36111111111111077
0.21074380165289258,0.970703125,1.2802734375,0.025,0.1,0.07500000000000001,0.15,0.046296296296296294,0.027777777777777776,0.09259259259259259,0.37500000000000006,0.6000000000000002,0.325,0.47500000000000014,0.3518518518518515,0.2222222222222221,0.36111111111111077
0.2117768595041322,0.97509765625,1.2861328125,0.025,0.1,0.07500000000000001,0.15,0.046296296296296294,0.027777777777777776,0.09259259259259259,0.37500000000000006,0.6000000000000002,0.325,0.47500000000000014,0.3518518518518515,0.23148148148148134,0.36111111111111077
0.21280991735537189,0.9794921875,1.2919921875,0.025,0.1,0.07500000000000001,0.15,0.046296296296296294,0.027777777777777776,0.09259259259259259,0.37500000000000006,0.6000000000000002,0.325,0.5000000000000001,0.3518518518518515,0.23148148148148134,0.36111111111111077
0.21384297520661155,0.98388671875,1.296875,0.025,0.1,0.07500000000000001,0.15,0.046296296296296294,0.027777777777777776,0.09259259259259259,0.37500000000000006,0.6000000000000002,0.325,0.5000000000000001,0.3518518518518515,0.23148148148148134,0.37037037037037
0.21487603305785125,0.98828125,1.3017578125,0.025,0.1,0.07500000000000001,0.15,0.046296296296296294,0.027777777777777776,0.09259259259259259,0.37500000000000006,0.6000000000000002,0.325,0.5000000000000001,0.3518518518518515,0.23148148148148134,0.37962962962962926
0.21590909090909088,0.9921875,1.3076171875,0.025,0.1,0.07500000000000001,0.15,0.046296296296296294,0.027777777777777776,0.09259259259259259,0.37500000000000006,0.6000000000000002,0.325,0.5000000000000001,0.3518518518518515,0.23148148148148134,0.3888888888888885
0.21694214876033058,0.99658203125,1.3125,0.025,0.1,0.07500000000000001,0.15,0.046296296296296294,0.027777777777777776,0.09259259259259259,0.37500000000000006,0.6000000000000002,0.325,0.5000000000000001,0.3518518518518515,0.23148148148148134,0.39814814814814775
0.21797520661157022,1.0009765625,1.318359375,0.025,0.1,0.07500000000000001,0.15,0.046296296296296294,0.027777777777777776,0.09259259259259259,0.37500000000000006,0.6000000000000002,0.35000000000000003,0.5000000000000001,0.3518518518518515,0.23148148148148134,0.39814814814814775
0.2190082644628099,1.005859375,1.32421875,0.025,0.1,0.07500000000000001,0.15,0.046296296296296294,0.037037037037037035,0.09259259259259259,0.37500000000000006,0.6000000000000002,0.35000000000000003,0.5000000000000001,0.3518518518518515,0.23148148148148134,0.39814814814814775
0.22004132231404955,1.0107421875,1.330078125,0.05,0.1,0.07500000000000001,0.15,0.046296296296296294,0.037037037037037035,0.09259259259259259,0.37500000000000006,0.6000000000000002,0.35000000000000003,0.5000000000000001,0.3518518518518515,0.23148148148148134,0.39814814814814775
0.22107438016528924,1.015625,1.3359375,0.05,0.1,0.07500000000000001,0.175,0.046296296296296294,0.037037037037037035,0.09259259259259259,0.37500000000000006,0.6000000000000002,0.35000000000000003,0.5000000000000001,0.3518518518518515,0.23148148148148134,0.39814814814814775
0.22210743801652894,1.0205078125,1.33984375,0.05,0.1,0.07500000000000001,0.175,0.046296296296296294,0.037037037037037035,0.10185185185185185,0.37500000000000006,0.6000000000000002,0.35000000000000003,0.5000000000000001,0.3518518518518515,0.23148148148148134,0.39814814814814775
0.22314049586776857,1.025390625,1.34765625,0.05,0.1,0.07500000000000001,0.175,0.05555555555555555,0.037037037037037035,0.10185185185185185,0.37500000000000006,0.6000000000000002,0.35000000000000003,0.5000000000000001,0.3518518518518515,0.23148148148148134,0.39814814814814775
0.22417355371900827,1.0302734375,1.3515625,0.05,0.1,0.07500000000000001,0.175,0.05555555555555555,0.037037037037037035,0.1111111111111111,0.37500000000000006,0.6000000000000002,0.35000000000000003,0.5000000000000001,0.3518518518518515,0.23148148148148134,0.39814814814814775
0.2252066115702479,1.03515625,1.357421875,0.05,0.1,0.07500000000000001,0.175,0.05555555555555555,0.037037037037037035,0.12037037037037036,0.37500000000000006,0.6000000000000002,0.35000000000000003,0.5000000000000001,0.3518518518518515,0.23148148148148134,0.39814814814814775
0.2262396694214876,1.0400390625,1.3623046875,0.05,0.1,0.07500000000000001,0.175,0.05555555555555555,0.037037037037037035,0.12037037037037036,0.4000000000000001,0.6000000000000002,0.35000000000000003,0.5000000000000001,0.3518518518518515,0.23148148148148134,0.39814814814814775
0.22727272727272727,1.044921875,1.3671875,0.05,0.1,0.07500000000000001,0.175,0.05555555555555555,0.037037037037037035,0.12037037037037036,0.4250000000000001,0.6000000000000002,0.35000000000000003,0.5000000000000001,0.3518518518518515,0.23148148148148134,0.39814814814814775
0.22830578512396693,1.0498046875,1.3740234375,0.05,0.1,0.07500000000000001,0.175,0.05555555555555555,0.037037037037037035,0.12037037037037036,0.4250000000000001,0.6000000000000002,0.37500000000000006,0.5000000000000001,0.3518518518518515,0.23148148148148134,0.39814814814814775
0.2293388429752066,1.0546875,1.37890625,0.05,0.1,0.07500000000000001,0.175,0.05555555555555555,0.037037037037037035,0.12037037037037036,0.4250000000000001,0.6000000000000002,0.37500000000000006,0.5000000000000001,0.36111111111111077,0.23148148148148134,0.39814814814814775
0.23037190082644626,1.05859375,1.384765625,0.05,0.1,0.07500000000000001,0.175,0.05555555555555555,0.037037037037037035,0.12037037037037036,0.4250000000000001,0.6000000000000002,0.37500000000000006,0.5000000000000001,0.37037037037037,0.23148148148148134,0.39814814814814775
0.23140495867768593,1.0625,1.3896484375,0.05,0.1,0.07500000000000001,0.175,0.05555555555555555,0.037037037037037035,0.12037037037037036,0.4250000000000001,0.6000000000000002,0.37500000000000006,0.5000000000000001,0.37962962962962926,0.23148148148148134,0.39814814814814775
0.2324380165289256,1.06640625,1.396484375,0.05,0.1,0.07500000000000001,0.175,0.05555555555555555,0.037037037037037035,0.12037037037037036,0.4250000000000001,0.6000000000000002,0.37500000000000006,0.5000000000000001,0.3888888888888885,0.23148148148148134,0.39814814814814775
0.23347107438016526,1.0712890625,1.40234375,0.05,0.1,0.07500000000000001,0.175,0.05555555555555555,0.037037037037037035,0.12037037037037036,0.4250000000000001,0.6250000000000002,0.37500000000000006,0.5000000000000001,0.3888888888888885,0.23148148148148134,0.39814814814814775
0.23450413223140493,1.076171875,1.4072265625,0.05,0.1,0.07500000000000001,0.175,0.05555555555555555,0.037037037037037035,0.12037037037037036,0.4250000000000001,0.6250000000000002,0.4000000000000001,0.5000000000000001,0.3888888888888885,0.23148148148148134,0.39814814814814775
0.2355371900826446,1.0810546875,1.4130859375,0.05,0.1,0.07500000000000001,0.175,0.05555555555555555,0.037037037037037035,0.12037037037037036,0.4250000000000001,0.6250000000000002,0.4000000000000001,0.5250000000000001,0.3888888888888885,0.23148148148148134,0.39814814814814775
0.2365702479338843,1.0859375,1.41796875,0.05,0.1,0.07500000000000001,0.175,0.05555555555555555,0.037037037037037035,0.12037037037037036,0.4250000000000001,0.6250000000000002,0.4000000000000001,0.5250000000000001,0.39814814814814775,0.23148148148148134,0.39814814814814775
0.23760330578512392,1.08984375,1.4228515625,0.05,0.1,0.07500000000000001,0.175,0.05555555555555555,0.037037037037037035,0.12037037037037036,0.4250000000000001,0.6250000000000002,0.4000000000000001,0.5250000000000001,0.407407407407407,0.23148148148148134,0.39814814814814775
0.23863636363636362,1.09375,1.4296875,0.05,0.1,0.07500000000000001,0.175,0.05555555555555555,0.037037037037037035,0.12037037037037036,0.4250000000000001,0.6250000000000002,0.4000000000000001,0.5250000000000001,0.41666666666666624,0.23148148148148134,0.39814814814814775
0.23966942148760326,1.0986328125,1.435546875,0.05,0.1,0.07500000000000001,0.175,0.05555555555555555,0.037037037037037035,0.12037037037037036,0.4250000000000001,0.6250000000000002,0.4000000000000001,0.5250000000000001,0.4259259259259255,0.23148148148148134,0.39814814814814775
0.24070247933884295,1.1025390625,1.4404296875,0.05,0.1,0.07500000000000001,0.175,0.05555555555555555,0.037037037037037035,0.12037037037037036,0.4250000000000001,0.6250000000000002,0.4000000000000001,0.5250000000000001,0.43518518518518473,0.23148148148148134,0.39814814814814775
0.2417355371900826,1.1064453125,1.4462890625,0.05,0.1,0.07500000000000001,0.175,0.05555555555555555,0.037037037037037035,0.12037037037037036,0.4250000000000001,0.6250000000000002,0.4000000000000001,0.5250000000000001,0.43518518518518473,0.2407407407407406,0.39814814814814775
0.24276859504132228,1.1103515625,1.451171875,0.05,0.1,0.07500000000000001,0.175,0.05555555555555555,0.037037037037037035,0.12037037037037036,0.4250000000000001,0.6250000000000002,0.4000000000000001,0.5250000000000001,0.43518518518518473,0.24999999999999983,0.39814814814814775
0.24380165289256192,1.115234375,1.4560546875,0.05,0.1,0.07500000000000001,0.175,0.05555555555555555,0.037037037037037035,0.12037037037037036,0.4250000000000001,0.6250000000000002,0.4000000000000001,0.5250000000000001,0.444444444444444,0.24999999999999983,0.39814814814814775
0.2448347107438016,1.119140625,1.462890625,0.05,0.1,0.07500000000000001,0.175,0.05555555555555555,0.037037037037037035,0.12037037037037036,0.4250000000000001,0.6250000000000002,0.4000000000000001,0.5250000000000001,0.444444444444444,0.2592592592592591,0.39814814814814775
0.24586776859504125,1.123046875,1.46875,0.05,0.1,0.07500000000000001,0.175,0.05555555555555555,0.037037037037037035,0.12037037037037036,0.4250000000000001,0.6250000000000002,0.4000000000000001,0.5250000000000001,0.444444444444444,0.2685185185185183,0.39814814814814775
0.24690082644628092,1.126953125,1.4736328125,0.05,0.1,0.07500000000000001,0.175,0.05555555555555555,0.037037037037037035,0.12037037037037036,0.4250000000000001,0.6250000000000002,0.4000000000000001,0.5250000000000001,0.444444444444444,0.27777777777777757,0.39814814814814775
0.24793388429752056,1.130859375,1.4794921875,0.05,0.1,0.07500000000000001,0.175,0.05555555555555555,0.037037037037037035,0.12037037037037036,0.4250000000000001,0.6250000000000002,0.4000000000000001,0.5250000000000001,0.444444444444444,0.27777777777777757,0.407407407407407
0.24896694214876025,1.1357421875,1.484375,0.05,0.1,0.07500000000000001,0.19999999999999998,0.05555555555555555,0.037037037037037035,0.12037037037037036,0.4250000000000001,0.6250000000000002,0.4000000000000001,0.5250000000000001,0.444444444444444,0.27777777777777757,0.407407407407407
0.24999999999999992,1.140625,1.490234375,0.05,0.1,0.07500000000000001,0.19999999999999998,0.05555555555555555,0.037037037037037035,0.12037037037037036,0.4250000000000001,0.6500000000000002,0.4000000000000001,0.5250000000000001,0.444444444444444,0.27777777777777757,0.407407407407407
0.25103305785123964,1.1455078125,1.4951171875,0.05,0.1,0.07500000000000001,0.19999999999999998,0.05555555555555555,0.037037037037037035,0.12962962962962962,0.4250000000000001,0.6500000000000002,0.4000000000000001,0.5250000000000001,0.444444444444444,0.27777777777777757,0.407407407407407
0.2520661157024793,1.150390625,1.5,0.05,0.1,0.07500000000000001,0.19999999999999998,0.05555555555555555,0.037037037037037035,0.12962962962962962,0.4250000000000001,0.6500000000000002,0.4000000000000001,0.5250000000000001,0.4537037037037032,0.27777777777777757,0.407407407407407
0.2530991735537189,1.154296875,1.5068359375,0.05,0.1,0.07500000000000001,0.19999999999999998,0.05555555555555555,0.037037037037037035,0.12962962962962962,0.4250000000000001,0.6500000000000002,0.4000000000000001,0.5250000000000001,0.46296296296296247,0.27777777777777757,0.407407407407407
0.2541322314049586,1.1591796875,1.51171875,0.05,0.1,0.07500000000000001,0.19999999999999998,0.05555555555555555,0.037037037037037035,0.12962962962962962,0.4250000000000001,0.6500000000000002,0.4000000000000001,0.5250000000000001,0.4722222222222217,0.27777777777777757,0.407407407407407
0.2551652892561983,1.1630859375,1.517578125,0.05,0.1,0.07500000000000001,0.19999999999999998,0.05555555555555555,0.037037037037037035,0.12962962962962962,0.4250000000000001,0.6500000000000002,0.4000000000000001,0.5250000000000001,0.4722222222222217,0.27777777777777757,0.41666666666666624
0.25619834710743794,1.1669921875,1.5234375,0.05,0.1,0.07500000000000001,0.19999999999999998,0.05555555555555555,0.037037037037037035,0.12962962962962962,0.4250000000000001,0.6500000000000002,0.4000000000000001,0.5250000000000001,0.4722222222222217,0.27777777777777757,0.4259259259259255
0.25723140495867763,1.1708984375,1.5283203125,0.05,0.1,0.07500000000000001,0.19999999999999998,0.05555555555555555,0.037037037037037035,0.12962962962962962,0.4250000000000001,0.6500000000000002,0.4000000000000001,0.5250000000000001,0.4722222222222217,0.27777777777777757,0.43518518518518473
0.2582644628099173,1.1748046875,1.5341796875,0.05,0.1,0.07500000000000001,0.19999999999999998,0.05555555555555555,0.037037037037037035,0.12962962962962962,0.4250000000000001,0.6500000000000002,0.4000000000000001,0.5250000000000001,0.4722222222222217,0.27777777777777757,0.444444444444444
0.25929752066115697,1.1796875,1.5390625,0.05,0.1,0.07500000000000001,0.19999999999999998,0.05555555555555555,0.037037037037037035,0.12962962962962962,0.4500000000000001,0.6500000000000002,0.4000000000000001,0.5250000000000001,0.4722222222222217,0.27777777777777757,0.444444444444444
0.2603305785123966,1.1845703125,1.544921875,0.05,0.1,0.07500000000000001,0.19999999999999998,0.05555555555555555,0.037037037037037035,0.12962962962962962,0.4500000000000001,0.6750000000000003,0.4000000000000001,0.5250000000000001,0.4722222222222217,0.27777777777777757,0.444444444444444
0.2613636363636363,1.189453125,1.548828125,0.05,0.1,0.07500000000000001,0.19999999999999998,0.05555555555555555,0.037037037037037035,0.12962962962962962,0.4500000000000001,0.6750000000000003,0.4000000000000001,0.5500000000000002,0.4722222222222217,0.27777777777777757,0.444444444444444
0.26239669421487594,1.193359375,1.5556640625,0.05,0.1,0.07500000000000001,0.19999999999999998,0.05555555555555555,0.037037037037037035,0.12962962962962962,0.4500000000000001,0.6750000000000003,0.4000000000000001,0.5500000000000002,0.4722222222222217,0.27777777777777757,0.4537037037037032
0.26342975206611563,1.1982421875,1.5595703125,0.05,0.1,0.07500000000000001,0.19999999999999998,0.05555555555555555,0.037037037037037035,0.1388888888888889,0.4500000000000001,0.6750000000000003,0.4000000000000001,0.5500000000000002,0.4722222222222217,0.27777777777777757,0.4537037037037032
0.26446280991735527,1.203125,1.5654296875,0.05,0.1,0.07500000000000001,0.19999999999999998,0.05555555555555555,0.037037037037037035,0.1388888888888889,0.47500000000000014,0.6750000000000003,0.4000000000000001,0.5500000000000002,0.4722222222222217,0.27777777777777757,0.4537037037037032
0.26549586776859496,1.2080078125,1.5703125,0.05,0.1,0.07500000000000001,0.19999999999999998,0.05555555555555555,0.037037037037037035,0.1388888888888889,0.47500000000000014,0.6750000000000003,0.4250000000000001,0.5500000000000002,0.4722222222222217,0.27777777777777757,0.4537037037037032
0.26652892561983466,1.212890625,1.576171875,0.05,0.1,0.07500000000000001,0.19999999999999998,0.05555555555555555,0.037037037037037035,0.1388888888888889,0.47500000000000014,0.6750000000000003,0.4250000000000001,0.5500000000000002,0.48148148148148096,0.27777777777777757,0.4537037037037032
0.2675619834710743,1.2177734375,1.5830078125,0.05,0.1,0.07500000000000001,0.19999999999999998,0.05555555555555555,0.037037037037037035,0.1388888888888889,0.47500000000000014,0.6750000000000003,0.4250000000000001,0.5500000000000002,0.4907407407407402,0.27777777777777757,0.4537037037037032
0.268595041322314,1.2216796875,1.5888671875,0.05,0.1,0.07500000000000001,0.19999999999999998,0.05555555555555555,0.037037037037037035,0.1388888888888889,0.47500000000000014,0.6750000000000003,0.4250000000000001,0.5500000000000002,0.4907407407407402,0.2870370370370368,0.4537037037037032
0.2696280991735537,1.2255859375,1.59375,0.05,0.1,0.07500000000000001,0.19999999999999998,0.05555555555555555,0.037037037037037035,0.1388888888888889,0.47500000000000014,0.6750000000000003,0.4250000000000001,0.5500000000000002,0.4907407407407402,0.29629629629629606,0.4537037037037032
0.2706611570247933,1.2294921875,1.5986328125,0.05,0.1,0.07500000000000001,0.19999999999999998,0.05555555555555555,0.037037037037037035,0.1388888888888889,0.47500000000000014,0.6750000000000003,0.4250000000000001,0.5500000000000002,0.4907407407407402,0.3055555555555553,0.4537037037037032
0.271694214876033,1.2333984375,1.6044921875,0.05,0.1,0.07500000000000001,0.19999999999999998,0.05555555555555555,0.037037037037037035,0.1388888888888889,0.47500000000000014,0.6750000000000003,0.4250000000000001,0.5500000000000002,0.4907407407407402,0.31481481481481455,0.4537037037037032
0.2727272727272727,1.23828125,1.609375,0.05,0.1,0.07500000000000001,0.19999999999999998,0.05555555555555555,0.037037037037037035,0.1388888888888889,0.47500000000000014,0.6750000000000003,0.4250000000000001,0.5500000000000002,0.49999999999999944,0.31481481481481455,0.4537037037037032
0.27376033057851235,1.2421875,1.6142578125,0.05,0.1,0.07500000000000001,0.19999999999999998,0.05555555555555555,0.037037037037037035,0.1388888888888889,0.47500000000000014,0.6750000000000003,0.4250000000000001,0.5500000000000002,0.5092592592592587,0.31481481481481455,0.4537037037037032
0.27479338842975204,1.2470703125,1.6201171875,0.05,0.1,0.07500000000000001,0.19999999999999998,0.05555555555555555,0.037037037037037035,0.1388888888888889,0.47500000000000014,0.6750000000000003,0.4250000000000001,0.5500000000000002,0.518518518518518,0.31481481481481455,0.4537037037037032
0.2758264462809917,1.2509765625,1.6259765625,0.05,0.1,0.07500000000000001,0.19999999999999998,0.05555555555555555,0.037037037037037035,0.1388888888888889,0.47500000000000014,0.6750000000000003,0.4250000000000001,0.5500000000000002,0.518518518518518,0.3240740740740738,0.4537037037037032
0.27685950413223137,1.255859375,1.630859375,0.05,0.1,0.07500000000000001,0.19999999999999998,0.05555555555555555,0.037037037037037035,0.1388888888888889,0.47500000000000014,0.6750000000000003,0.4250000000000001,0.5500000000000002,0.5277777777777773,0.3240740740740738,0.4537037037037032
0.277892561983471,1.259765625,1.63671875,0.05,0.1,0.07500000000000001,0.19999999999999998,0.05555555555555555,0.037037037037037035,0.1388888888888889,0.47500000000000014,0.6750000000000003,0.4250000000000001,0.5500000000000002,0.5277777777777773,0.3240740740740738,0.46296296296296247
0.2789256198347107,1.2646484375,1.6416015625,0.05,0.125,0.07500000000000001,0.19999999999999998,0.05555555555555555,0.037037037037037035,0.1388888888888889,0.47500000000000014,0.6750000000000003,0.4250000000000001,0.5500000000000002,0.5277777777777773,0.3240740740740738,0.46296296296296247
0.2799586776859504,1.26953125,1.646484375,0.05,0.125,0.07500000000000001,0.19999999999999998,0.05555555555555555,0.037037037037037035,0.1388888888888889,0.47500000000000014,0.6750000000000003,0.4250000000000001,0.5500000000000002,0.5370370370370366,0.3240740740740738,0.46296296296296247
0.28099173553719003,1.2734375,1.6533203125,0.05,0.125,0.07500000000000001,0.19999999999999998,0.05555555555555555,0.037037037037037035,0.1388888888888889,0.47500000000000014,0.6750000000000003,0.4250000000000001,0.5500000000000002,0.5370370370370366,0.3240740740740738,0.4722222222222217
0.28202479338842973,1.27734375,1.6572265625,0.05,0.125,0.07500000000000001,0.19999999999999998,0.05555555555555555,0.037037037037037035,0.1388888888888889,0.47500000000000014,0.6750000000000003,0.4250000000000001,0.5500000000000002,0.5370370370370366,0.3240740740740738,0.48148148148148096
0.2830578512396694,1.2822265625,1.6630859375,0.05,0.125,0.07500000000000001,0.19999999999999998,0.05555555555555555,0.037037037037037035,0.1388888888888889,0.47500000000000014,0.6750000000000003,0.4250000000000001,0.5500000000000002,0.546296296296296,0.3240740740740738,0.48148148148148096
0.28409090909090906,1.2861328125,1.66796875,0.05,0.125,0.07500000000000001,0.19999999999999998,0.05555555555555555,0.037037037037037035,0.1388888888888889,0.47500000000000014,0.6750000000000003,0.4250000000000001,0.5500000000000002,0.546296296296296,0.3240740740740738,0.4907407407407402
0.2851239669421487,1.291015625,1.673828125,0.05,0.125,0.07500000000000001,0.19999999999999998,0.05555555555555555,0.046296296296296294,0.1388888888888889,0.47500000000000014,0.6750000000000003,0.4250000000000001,0.5500000000000002,0.546296296296296,0.3240740740740738,0.4907407407407402
0.28615702479338834,1.2958984375,1.6796875,0.05,0.125,0.07500000000000001,0.19999999999999998,0.05555555555555555,0.046296296296296294,0.1388888888888889,0.5000000000000001,0.6750000000000003,0.4250000000000001,0.5500000000000002,0.546296296296296,0.3240740740740738,0.4907407407407402
0.28719008264462803,1.30078125,1.6845703125,0.05,0.125,0.07500000000000001,0.19999999999999998,0.05555555555555555,0.046296296296296294,0.1388888888888889,0.5000000000000001,0.6750000000000003,0.4250000000000001,0.5750000000000002,0.546296296296296,0.3240740740740738,0.4907407407407402
0.2882231404958677,1.3056640625,1.6904296875,0.05,0.125,0.07500000000000001,0.19999999999999998,0.06481481481481481,0.046296296296296294,0.1388888888888889,0.5000000000000001,0.6750000000000003,0.4250000000000001,0.5750000000000002,0.546296296296296,0.3240740740740738,0.4907407407407402
0.28925619834710736,1.310546875,1.6953125,0.05,0.125,0.07500000000000001,0.19999999999999998,0.06481481481481481,0.046296296296296294,0.1388888888888889,0.5000000000000001,0.6750000000000003,0.4250000000000001,0.5750000000000002,0.5555555555555552,0.3240740740740738,0.4907407407407402
0.29028925619834706,1.314453125,1.7001953125,0.05,0.125,0.07500000000000001,0.19999999999999998,0.06481481481481481,0.046296296296296294,0.1388888888888889,0.5000000000000001,0.6750000000000003,0.4250000000000001,0.5750000000000002,0.5555555555555552,0.33333333333333304,0.4907407407407402
0.2913223140495867,1.318359375,1.7060546875,0.05,0.125,0.07500000000000001,0.19999999999999998,0.06481481481481481,0.046296296296296294,0.1388888888888889,0.5000000000000001,0.6750000000000003,0.4250000000000001,0.5750000000000002,0.5555555555555552,0.3425925925925923,0.4907407407407402
0.2923553719008264,1.322265625,1.7109375,0.05,0.125,0.07500000000000001,0.19999999999999998,0.06481481481481481,0.046296296296296294,0.1388888888888889,0.5000000000000001,0.6750000000000003,0.4250000000000001,0.5750000000000002,0.5555555555555552,0.3518518518518515,0.4907407407407402
0.2933884297520661,1.3271484375,1.716796875,0.05,0.125,0.07500000000000001,0.22499999999999998,0.06481481481481481,0.046296296296296294,0.1388888888888889,0.5000000000000001,0.6750000000000003,0.4250000000000001,0.5750000000000002,0.5555555555555552,0.3518518518518515,0.4907407407407402
0.2944214876033057,1.33203125,1.72265625,0.05,0.125,0.07500000000000001,0.22499999999999998,0.06481481481481481,0.046296296296296294,0.14814814814814814,0.5000000000000001,0.6750000000000003,0.4250000000000001,0.5750000000000002,0.5555555555555552,0.3518518518518515,0.4907407407407402
0.2954545454545454,1.3369140625,1.7255859375,0.05,0.125,0.07500000000000001,0.22499999999999998,0.06481481481481481,0.046296296296296294,0.15740740740740738,0.5000000000000001,0.6750000000000003,0.4250000000000001,0.5750000000000002,0.5555555555555552,0.3518518518518515,0.4907407407407402
0.2964876033057851,1.341796875,1.7333984375,0.05,0.125,0.07500000000000001,0.22499999999999998,0.06481481481481481,0.046296296296296294,0.15740740740740738,0.5250000000000001,0.6750000000000003,0.4250000000000001,0.5750000000000002,0.5555555555555552,0.3518518518518515,0.4907407407407402
0.29752066115702475,1.3466796875,1.73828125,0.05,0.125,0.07500000000000001,0.22499999999999998,0.06481481481481481,0.046296296296296294,0.15740740740740738,0.5250000000000001,0.7000000000000003,0.4250000000000001,0.5750000000000002,0.5555555555555552,0.3518518518518515,0.4907407407407402
0.29855371900826444,1.3515625,1.744140625,0.05,0.125,0.07500000000000001,0.22499999999999998,0.06481481481481481,0.046296296296296294,0.15740740740740738,0.5250000000000001,0.7000000000000003,0.4500000000000001,0.5750000000000002,0.5555555555555552,0.3518518518518515,0.4907407407407402
0.2995867768595041,1.3564453125,1.748046875,0.05,0.125,0.07500000000000001,0.22499999999999998,0.06481481481481481,0.046296296296296294,0.15740740740740738,0.5250000000000001,0.7000000000000003,0.4500000000000001,0.5750000000000002,0.5648148148148145,0.3518518518518515,0.4907407407407402
0.30061983471074377,1.361328125,1.7529296875,0.05,0.125,0.07500000000000001,0.22499999999999998,0.06481481481481481,0.046296296296296294,0.15740740740740738,0.5250000000000001,0.7000000000000003,0.4500000000000001,0.5750000000000002,0.5740740740740738,0.3518518518518515,0.4907407407407402
0.30165289256198347,1.365234375,1.7587890625,0.05,0.125,0.07500000000000001,0.22499999999999998,0.06481481481481481,0.046296296296296294,0.15740740740740738,0.5250000000000001,0.7000000000000003,0.4500000000000001,0.5750000000000002,0.5740740740740738,0.36111111111111077,0.4907407407407402
0.3026859504132231,1.3701171875,1.763671875,0.05,0.125,0.07500000000000001,0.22499999999999998,0.06481481481481481,0.046296296296296294,0.15740740740740738,0.5250000000000001,0.7000000000000003,0.4500000000000001,0.5750000000000002,0.5740740740740738,0.37037037037037,0.4907407407407402
0.30371900826446274,1.3740234375,1.7705078125,0.05,0.125,0.07500000000000001,0.22499999999999998,0.06481481481481481,0.046296296296296294,0.15740740740740738,0.5250000000000001,0.7000000000000003,0.4500000000000001,0.5750000000000002,0.5740740740740738,0.37962962962962926,0.4907407407407402
0.30475206611570244,1.3779296875,1.7744140625,0.05,0.125,0.07500000000000001,0.22499999999999998,0.06481481481481481,0.046296296296296294,0.15740740740740738,0.5250000000000001,0.7000000000000003,0.4500000000000001,0.5750000000000002,0.5740740740740738,0.3888888888888885,0.4907407407407402
0.30578512396694213,1.3818359375,1.7802734375,0.05,0.125,0.07500000000000001,0.22499999999999998,0.06481481481481481,0.046296296296296294,0.15740740740740738,0.5250000000000001,0.7000000000000003,0.4500000000000001,0.5750000000000002,0.5740740740740738,0.39814814814814775,0.4907407407407402
0.30681818181818177,1.3857421875,1.7861328125,0.05,0.125,0.07500000000000001,0.22499999999999998,0.06481481481481481,0.046296296296296294,0.15740740740740738,0.5250000000000001,0.7000000000000003,0.4500000000000001,0.5750000000000002,0.5740740740740738,0.407407407407407,0.4907407407407402
0.30785123966942146,1.3896484375,1.791015625,0.05,0.125,0.07500000000000001,0.22499999999999998,0.06481481481481481,0.046296296296296294,0.15740740740740738,0.5250000000000001,0.7000000000000003,0.4500000000000001,0.5750000000000002,0.5740740740740738,0.407407407407407,0.49999999999999944
0.3088842975206611,1.39453125,1.7958984375,0.05,0.125,0.07500000000000001,0.22499999999999998,0.06481481481481481,0.046296296296296294,0.16666666666666663,0.5250000000000001,0.7000000000000003,0.4500000000000001,0.5750000000000002,0.5740740740740738,0.407407407407407,0.49999999999999944
0.3099173553719008,1.3994140625,1.802734375,0.05,0.125,0.07500000000000001,0.22499999999999998,0.06481481481481481,0.046296296296296294,0.16666666666666663,0.5250000000000001,0.7250000000000003,0.4500000000000001,0.5750000000000002,0.5740740740740738,0.407407407407407,0.49999999999999944
0.3109504132231405,1.4033203125,1.8076171875,0.05,0.125,0.07500000000000001,0.22499999999999998,0.06481481481481481,0.046296296296296294,0.16666666666666663,0.5250000000000001,0.7250000000000003,0.4500000000000001,0.5750000000000002,0.5740740740740738,0.407407407407407,0.5092592592592587
0.3119834710743801,1.408203125,1.8125,0.05,0.125,0.1,0.22499999999999998,0.06481481481481481,0.046296296296296294,0.16666666666666663,0.5250000000000001,0.7250000000000003,0.4500000000000001,0.5750000000000002,0.5740740740740738,0.407407407407407,0.5092592592592587
0.31301652892561976,1.4130859375,1.818359375,0.05,0.125,0.1,0.22499999999999998,0.06481481481481481,0.046296296296296294,0.16666666666666663,0.5250000000000001,0.7250000000000003,0.4500000000000001,0.5750000000000002,0.5740740740740738,0.41666666666666624,0.5092592592592587
0.31404958677685946,1.4169921875,1.82421875,0.05,0.125,0.1,0.22499999999999998,0.06481481481481481,0.046296296296296294,0.16666666666666663,0.5250000000000001,0.7250000000000003,0.4500000000000001,0.5750000000000002,0.5740740740740738,0.4259259259259255,0.5092592592592587
0.3150826446280991,1.4208984375,1.8291015625,0.05,0.125,0.1,0.22499999999999998,0.06481481481481481,0.046296296296296294,0.16666666666666663,0.5250000000000001,0.7250000000000003,0.4500000000000001,0.5750000000000002,0.5740740740740738,0.4259259259259255,0.518518518518518
0.3161157024793388,1.42578125,1.8349609375,0.05,0.125,0.1,0.24999999999999997,0.06481481481481481,0.046296296296296294,0.16666666666666663,0.5250000000000001,0.7250000000000003,0.4500000000000001,0.5750000000000002,0.5740740740740738,0.4259259259259255,0.518518518518518
0.3171487603305785,1.4306640625,1.83984375,0.05,0.125,0.1,0.27499999999999997,0.06481481481481481,0.046296296296296294,0.16666666666666663,0.5250000000000001,0.7250000000000003,0.4500000000000001,0.5750000000000002,0.5740740740740738,0.4259259259259255,0.518518518518518
0.3181818181818181,1.435546875,1.845703125,0.05,0.125,0.1,0.27499999999999997,0.06481481481481481,0.046296296296296294,0.16666666666666663,0.5250000000000001,0.7250000000000003,0.4500000000000001,0.5750000000000002,0.5833333333333331,0.4259259259259255,0.518518518518518
0.31921487603305776,1.4404296875,1.8505859375,0.05,0.125,0.1,0.27499999999999997,0.06481481481481481,0.046296296296296294,0.16666666666666663,0.5500000000000002,0.7250000000000003,0.4500000000000001,0.5750000000000002,0.5833333333333331,0.4259259259259255,0.518518518518518
0.32024793388429745,1.4453125,1.8564453125,0.05,0.125,0.1,0.27499999999999997,0.06481481481481481,0.046296296296296294,0.16666666666666663,0.5500000000000002,0.7250000000000003,0.4500000000000001,0.5750000000000002,0.5925925925925924,0.4259259259259255,0.518518518518518
0.32128099173553715,1.44921875,1.859375,0.05,0.125,0.1,0.27499999999999997,0.06481481481481481,0.046296296296296294,0.16666666666666663,0.5500000000000002,0.7250000000000003,0.4500000000000001,0.5750000000000002,0.5925925925925924,0.43518518518518473,0.518518518518518
0.32231404958677684,1.453125,1.8642578125,0.05,0.125,0.1,0.27499999999999997,0.06481481481481481,0.046296296296296294,0.16666666666666663,0.5500000000000002,0.7250000000000003,0.4500000000000001,0.5750000000000002,0.5925925925925924,0.43518518518518473,0.5277777777777773
0.32334710743801653,1.45703125,1.869140625,0.05,0.125,0.1,0.27499999999999997,0.06481481481481481,0.046296296296296294,0.16666666666666663,0.5500000000000002,0.7250000000000003,0.4500000000000001,0.5750000000000002,0.5925925925925924,0.43518518518518473,0.5370370370370366
0.3243801652892562,1.4609375,1.875,0.05,0.125,0.1,0.27499999999999997,0.06481481481481481,0.046296296296296294,0.16666666666666663,0.5500000000000002,0.7250000000000003,0.4500000000000001,0.5750000000000002,0.5925925925925924,0.43518518518518473,0.546296296296296
0.32541322314049587,1.4658203125,1.880859375,0.05,0.125,0.1,0.27499999999999997,0.06481481481481481,0.05555555555555555,0.16666666666666663,0.5500000000000002,0.7250000000000003,0.4500000000000001,0.5750000000000002,0.5925925925925924,0.43518518518518473,0.546296296296296
0.32644628099173556,1.470703125,1.8857421875,0.05,0.125,0.1,0.27499999999999997,0.06481481481481481,0.05555555555555555,0.16666666666666663,0.5500000000000002,0.7250000000000003,0.4500000000000001,0.5750000000000002,0.6018518518518517,0.43518518518518473,0.546296296296296
0.3274793388429752,1.4755859375,1.8916015625,0.05,0.125,0.1,0.27499999999999997,0.06481481481481481,0.05555555555555555,0.16666666666666663,0.5750000000000002,0.7250000000000003,0.4500000000000001,0.5750000000000002,0.6018518518518517,0.43518518518518473,0.546296296296296
0.3285123966942149,1.48046875,1.896484375,0.05,0.125,0.1,0.27499999999999997,0.06481481481481481,0.05555555555555555,0.16666666666666663,0.5750000000000002,0.7250000000000003,0.47500000000000014,0.5750000000000002,0.6018518518518517,0.43518518518518473,0.546296296296296
0.32954545454545453,1.4853515625,1.9013671875,0.05,0.125,0.1,0.27499999999999997,0.07407407407407407,0.05555555555555555,0.16666666666666663,0.5750000000000002,0.7250000000000003,0.47500000000000014,0.5750000000000002,0.6018518518518517,0.43518518518518473,0.546296296296296
0.3305785123966942,1.490234375,1.9072265625,0.05,0.125,0.1,0.27499999999999997,0.07407407407407407,0.05555555555555555,0.17592592592592587,0.5750000000000002,0.7250000000000003,0.47500000000000014,0.5750000000000002,0.6018518518518517,0.43518518518518473,0.546296296296296
0.33161157024793386,1.4951171875,1.9130859375,0.05,0.125,0.1,0.27499999999999997,0.07407407407407407,0.05555555555555555,0.17592592592592587,0.5750000000000002,0.7250000000000003,0.47500000000000014,0.6000000000000002,0.6018518518518517,0.43518518518518473,0.546296296296296
0.33264462809917356,1.5,1.9189453125,0.05,0.15,0.1,0.27499999999999997,0.07407407407407407,0.05555555555555555,0.17592592592592587,0.5750000000000002,0.7250000000000003,0.47500000000000014,0.6000000000000002,0.6018518518518517,0.43518518518518473,0.546296296296296
0.33367768595041325,1.5048828125,1.9228515625,0.05,0.15,0.1,0.27499999999999997,0.07407407407407407,0.05555555555555555,0.17592592592592587,0.5750000000000002,0.7500000000000003,0.47500000000000014,0.6000000000000002,0.6018518518518517,0.43518518518518473,0.546296296296296
0.33471074380165294,1.509765625,1.9287109375,0.05,0.15,0.1,0.27499999999999997,0.07407407407407407,0.05555555555555555,0.17592592592592587,0.5750000000000002,0.7500000000000003,0.47500000000000014,0.6000000000000002,0.611111111111111,0.43518518518518473,0.546296296296296
0.3357438016528925,1.513671875,1.9345703125,0.05,0.15,0.1,0.27499999999999997,0.07407407407407407,0.05555555555555555,0.17592592592592587,0.5750000000000002,0.7500000000000003,0.47500000000000014,0.6000000000000002,0.6203703703703703,0.43518518518518473,0.546296296296296
0.3367768595041322,1.5185546875,1.939453125,0.05,0.15,0.1,0.27499999999999997,0.07407407407407407,0.05555555555555555,0.17592592592592587,0.5750000000000002,0.7500000000000003,0.47500000000000014,0.6000000000000002,0.6296296296296297,0.43518518518518473,0.546296296296296
0.3378099173553719,1.5224609375,1.9453125,0.05,0.15,0.1,0.27499999999999997,0.07407407407407407,0.05555555555555555,0.17592592592592587,0.5750000000000002,0.7500000000000003,0.47500000000000014,0.6000000000000002,0.6296296296296297,0.444444444444444,0.546296296296296
0.3388429752066116,1.52734375,1.951171875,0.05,0.15,0.1,0.3,0.07407407407407407,0.05555555555555555,0.17592592592592587,0.5750000000000002,0.7500000000000003,0.47500000000000014,0.6000000000000002,0.6296296296296297,0.444444444444444,0.546296296296296
0.3398760330578513,1.5322265625,1.955078125,0.05,0.15,0.1,0.3,0.07407407407407407,0.05555555555555555,0.17592592592592587,0.5750000000000002,0.7500000000000003,0.47500000000000014,0.6000000000000002,0.638888888888889,0.444444444444444,0.546296296296296
0.3409090909090909,1.5361328125,1.9580078125,0.05,0.15,0.1,0.3,0.07407407407407407,0.05555555555555555,0.17592592592592587,0.5750000000000002,0.7500000000000003,0.47500000000000014,0.6000000000000002,0.638888888888889,0.4537037037037032,0.546296296296296
0.3419421487603306,1.541015625,1.9638671875,0.05,0.15,0.1,0.3,0.07407407407407407,0.05555555555555555,0.17592592592592587,0.5750000000000002,0.7500000000000003,0.47500000000000014,0.6000000000000002,0.6481481481481483,0.4537037037037032,0.546296296296296
0.34297520661157027,1.544921875,1.96875,0.05,0.15,0.1,0.3,0.07407407407407407,0.05555555555555555,0.17592592592592587,0.5750000000000002,0.7500000000000003,0.47500000000000014,0.6000000000000002,0.6481481481481483,0.4537037037037032,0.5555555555555552
0.34400826446280997,1.5498046875,1.974609375,0.07500000000000001,0.15,0.1,0.3,0.07407407407407407,0.05555555555555555,0.17592592592592587,0.5750000000000002,0.7500000000000003,0.47500000000000014,0.6000000000000002,0.6481481481481483,0.4537037037037032,0.5555555555555552
0.34504132231404966,1.5537109375,1.9794921875,0.07500000000000001,0.15,0.1,0.3,0.07407407407407407,0.05555555555555555,0.17592592592592587,0.5750000000000002,0.7500000000000003,0.47500000000000014,0.6000000000000002,0.6481481481481483,0.4537037037037032,0.5648148148148145
0.3460743801652893,1.55859375,1.984375,0.07500000000000001,0.15,0.1,0.3,0.07407407407407407,0.05555555555555555,0.17592592592592587,0.5750000000000002,0.7500000000000003,0.47500000000000014,0.6000000000000002,0.6574074074074076,0.4537037037037032,0.5648148148148145
0.34710743801652894,1.5625,1.990234375,0.07500000000000001,0.15,0.1,0.3,0.07407407407407407,0.05555555555555555,0.17592592592592587,0.5750000000000002,0.7500000000000003,0.47500000000000014,0.6000000000000002,0.6574074074074076,0.46296296296296247,0.5648148148148145
0.3481404958677687,1.5673828125,1.9951171875,0.07500000000000001,0.15,0.1,0.3,0.07407407407407407,0.05555555555555555,0.17592592592592587,0.5750000000000002,0.7500000000000003,0.47500000000000014,0.6000000000000002,0.6666666666666669,0.46296296296296247,0.5648148148148145
0.3491735537190083,1.5712890625,2.001953125,0.07500000000000001,0.15,0.1,0.3,0.07407407407407407,0.05555555555555555,0.17592592592592587,0.5750000000000002,0.7500000000000003,0.47500000000000014,0.6000000000000002,0.6666666666666669,0.4722222222222217,0.5648148148148145
0.35020661157024796,1.5751953125,2.005859375,0.07500000000000001,0.15,0.1,0.3,0.07407407407407407,0.05555555555555555,0.17592592592592587,0.5750000000000002,0.7500000000000003,0.47500000000000014,0.6000000000000002,0.6666666666666669,0.4722222222222217,0.5740740740740738
0.3512396694214876,1.580078125,2.01171875,0.07500000000000001,0.15,0.1,0.3,0.08333333333333333,0.05555555555555555,0.17592592592592587,0.5750000000000002,0.7500000000000003,0.47500000000000014,0.6000000000000002,0.6666666666666669,0.4722222222222217,0.5740740740740738
0.3522727272727273,1.5849609375,2.017578125,0.07500000000000001,0.15,0.1,0.3,0.08333333333333333,0.05555555555555555,0.17592592592592587,0.5750000000000002,0.7500000000000003,0.47500000000000014,0.6000000000000002,0.6666666666666669,0.48148148148148096,0.5740740740740738
0.353305785123967,1.58984375,2.021484375,0.07500000000000001,0.15,0.1,0.325,0.08333333333333333,0.05555555555555555,0.17592592592592587,0.5750000000000002,0.7500000000000003,0.47500000000000014,0.6000000000000002,0.6666666666666669,0.48148148148148096,0.5740740740740738
0.3543388429752066,1.5947265625,2.02734375,0.07500000000000001,0.15,0.1,0.325,0.08333333333333333,0.05555555555555555,0.18518518518518512,0.5750000000000002,0.7500000000000003,0.47500000000000014,0.6000000000000002,0.6666666666666669,0.48148148148148096,0.5740740740740738
0.3553719008264463,1.599609375,2.033203125,0.07500000000000001,0.15,0.1,0.325,0.08333333333333333,0.05555555555555555,0.19444444444444436,0.5750000000000002,0.7500000000000003,0.47500000000000014,0.6000000000000002,0.6666666666666669,0.48148148148148096,0.5740740740740738
0.356404958677686,1.6044921875,2.03515625,0.07500000000000001,0.15,0.1,0.325,0.08333333333333333,0.05555555555555555,0.19444444444444436,0.6000000000000002,0.7500000000000003,0.47500000000000014,0.6000000000000002,0.6666666666666669,0.48148148148148096,0.5740740740740738
0.3574380165289257,1.609375,2.041015625,0.07500000000000001,0.15,0.1,0.325,0.08333333333333333,0.05555555555555555,0.19444444444444436,0.6000000000000002,0.7500000000000003,0.5000000000000001,0.6000000000000002,0.6666666666666669,0.48148148148148096,0.5740740740740738
0.3584710743801653,1.61328125,2.046875,0.07500000000000001,0.15,0.1,0.325,0.08333333333333333,0.05555555555555555,0.19444444444444436,0.6000000000000002,0.7500000000000003,0.5000000000000001,0.6000000000000002,0.6666666666666669,0.4907407407407402,0.5740740740740738
0.359504132231405,1.6181640625,2.05078125,0.07500000000000001,0.15,0.1,0.325,0.08333333333333333,0.05555555555555555,0.19444444444444436,0.6000000000000002,0.7500000000000003,0.5000000000000001,0.6250000000000002,0.6666666666666669,0.4907407407407402,0.5740740740740738
0.3605371900826447,1.623046875,2.056640625,0.07500000000000001,0.15,0.1,0.325,0.08333333333333333,0.05555555555555555,0.19444444444444436,0.6000000000000002,0.7500000000000003,0.5000000000000001,0.6250000000000002,0.6666666666666669,0.49999999999999944,0.5740740740740738
0.3615702479338843,1.626953125,2.0625,0.07500000000000001,0.15,0.1,0.325,0.08333333333333333,0.05555555555555555,0.19444444444444436,0.6000000000000002,0.7500000000000003,0.5000000000000001,0.6250000000000002,0.6666666666666669,0.5092592592592587,0.5740740740740738
0.36260330578512395,1.630859375,2.06640625,0.07500000000000001,0.15,0.1,0.325,0.08333333333333333,0.05555555555555555,0.19444444444444436,0.6000000000000002,0.7500000000000003,0.5000000000000001,0.6250000000000002,0.6666666666666669,0.518518518518518,0.5740740740740738
0.36363636363636365,1.634765625,2.072265625,0.07500000000000001,0.15,0.1,0.325,0.08333333333333333,0.05555555555555555,0.19444444444444436,0.6000000000000002,0.7500000000000003,0.5000000000000001,0.6250000000000002,0.6666666666666669,0.518518518518518,0.5833333333333331
0.36466942148760334,1.638671875,2.078125,0.07500000000000001,0.15,0.1,0.325,0.08333333333333333,0.05555555555555555,0.19444444444444436,0.6000000000000002,0.7500000000000003,0.5000000000000001,0.6250000000000002,0.6666666666666669,0.518518518518518,0.5925925925925924
0.36570247933884303,1.642578125,2.08203125,0.07500000000000001,0.15,0.1,0.325,0.08333333333333333,0.05555555555555555,0.19444444444444436,0.6000000000000002,0.7500000000000003,0.5000000000000001,0.6250000000000002,0.6666666666666669,0.518518518518518,0.6018518518518517
0.3667355371900827,1.6474609375,2.087890625,0.07500000000000001,0.15,0.1,0.325,0.08333333333333333,0.06481481481481481,0.19444444444444436,0.6000000000000002,0.7500000000000003,0.5000000000000001,0.6250000000000002,0.6666666666666669,0.518518518518518,0.6018518518518517
0.36776859504132237,1.65234375,2.09375,0.07500000000000001,0.15,0.1,0.325,0.08333333333333333,0.06481481481481481,0.19444444444444436,0.6000000000000002,0.7500000000000003,0.5000000000000001,0.6250000000000002,0.6759259259259262,0.518518518518518,0.6018518518518517
0.368801652892562,1.6572265625,2.095703125,0.07500000000000001,0.15,0.1,0.325,0.08333333333333333,0.06481481481481481,0.19444444444444436,0.6000000000000002,0.7500000000000003,0.5000000000000001,0.6250000000000002,0.6851851851851855,0.518518518518518,0.6018518518518517
0.3698347107438017,1.6611328125,2.1015625,0.07500000000000001,0.15,0.1,0.325,0.08333333333333333,0.06481481481481481,0.19444444444444436,0.6000000000000002,0.7500000000000003,0.5000000000000001,0.6250000000000002,0.6851851851851855,0.5277777777777773,0.6018518518518517
0.3708677685950414,1.6650390625,2.107421875,0.07500000000000001,0.15,0.1,0.325,0.08333333333333333,0.06481481481481481,0.19444444444444436,0.6000000000000002,0.7500000000000003,0.5000000000000001,0.6250000000000002,0.6851851851851855,0.5277777777777773,0.611111111111111
0.37190082644628103,1.669921875,2.111328125,0.07500000000000001,0.15,0.1,0.35000000000000003,0.08333333333333333,0.06481481481481481,0.19444444444444436,0.6000000000000002,0.7500000000000003,0.5000000000000001,0.6250000000000002,0.6851851851851855,0.5277777777777773,0.611111111111111
0.3729338842975207,1.6748046875,2.1171875,0.07500000000000001,0.15,0.1,0.35000000000000003,0.08333333333333333,0.06481481481481481,0.19444444444444436,0.6250000000000002,0.7500000000000003,0.5000000000000001,0.6250000000000002,0.6851851851851855,0.5277777777777773,0.611111111111111
0.3739669421487604,1.6796875,2.12109375,0.07500000000000001,0.15,0.1,0.35000000000000003,0.08333333333333333,0.06481481481481481,0.2037037037037036,0.6250000000000002,0.7500000000000003,0.5000000000000001,0.6250000000000002,0.6851851851851855,0.5277777777777773,0.611111111111111
0.37500000000000006,1.6845703125,2.12890625,0.07500000000000001,0.15,0.1,0.35000000000000003,0.08333333333333333,0.06481481481481481,0.2037037037037036,0.6250000000000002,0.7750000000000004,0.5000000000000001,0.6250000000000002,0.6851851851851855,0.5277777777777773,0.611111111111111
0.3760330578512397,1.689453125,2.1328125,0.07500000000000001,0.15,0.125,0.35000000000000003,0.08333333333333333,0.06481481481481481,0.2037037037037036,0.6250000000000002,0.7750000000000004,0.5000000000000001,0.6250000000000002,0.6851851851851855,0.5277777777777773,0.611111111111111
0.3770661157024794,1.6943359375,2.13671875,0.07500000000000001,0.15,0.125,0.35000000000000003,0.08333333333333333,0.06481481481481481,0.2037037037037036,0.6250000000000002,0.7750000000000004,0.5000000000000001,0.6250000000000002,0.6944444444444448,0.5277777777777773,0.611111111111111
0.3780991735537191,1.69921875,2.142578125,0.07500000000000001,0.15,0.125,0.35000000000000003,0.08333333333333333,0.06481481481481481,0.21296296296296285,0.6250000000000002,0.7750000000000004,0.5000000000000001,0.6250000000000002,0.6944444444444448,0.5277777777777773,0.611111111111111
0.3791322314049588,1.7041015625,2.1484375,0.07500000000000001,0.15,0.125,0.35000000000000003,0.08333333333333333,0.06481481481481481,0.21296296296296285,0.6500000000000002,0.7750000000000004,0.5000000000000001,0.6250000000000002,0.6944444444444448,0.5277777777777773,0.611111111111111
0.38016528925619847,1.708984375,2.154296875,0.07500000000000001,0.15,0.125,0.35000000000000003,0.08333333333333333,0.06481481481481481,0.21296296296296285,0.6500000000000002,0.7750000000000004,0.5000000000000001,0.6250000000000002,0.703703703703704,0.5277777777777773,0.611111111111111
0.38119834710743816,1.712890625,2.154296875,0.07500000000000001,0.15,0.125,0.35000000000000003,0.08333333333333333,0.06481481481481481,0.21296296296296285,0.6500000000000002,0.7750000000000004,0.5000000000000001,0.6250000000000002,0.703703703703704,0.5370370370370366,0.611111111111111
0.3822314049586778,1.7177734375,2.162109375,0.07500000000000001,0.15,0.125,0.35000000000000003,0.08333333333333333,0.06481481481481481,0.21296296296296285,0.6500000000000002,0.7750000000000004,0.5000000000000001,0.6250000000000002,0.7129629629629634,0.5370370370370366,0.611111111111111
0.3832644628099175,1.7216796875,2.166015625,0.07500000000000001,0.15,0.125,0.35000000000000003,0.08333333333333333,0.06481481481481481,0.21296296296296285,0.6500000000000002,0.7750000000000004,0.5000000000000001,0.6250000000000002,0.7129629629629634,0.546296296296296,0.611111111111111
0.38429752066115713,1.7265625,2.171875,0.07500000000000001,0.15,0.125,0.35000000000000003,0.08333333333333333,0.06481481481481481,0.21296296296296285,0.6500000000000002,0.7750000000000004,0.5250000000000001,0.6250000000000002,0.7129629629629634,0.546296296296296,0.611111111111111
0.3853305785123968,1.7314453125,2.177734375,0.07500000000000001,0.15,0.125,0.35000000000000003,0.08333333333333333,0.06481481481481481,0.21296296296296285,0.6500000000000002,0.7750000000000004,0.5250000000000001,0.6250000000000002,0.7222222222222227,0.546296296296296,0.611111111111111
0.3863636363636364,1.7353515625,2.181640625,0.07500000000000001,0.15,0.125,0.35000000000000003,0.08333333333333333,0.06481481481481481,0.21296296296296285,0.6500000000000002,0.7750000000000004,0.5250000000000001,0.6250000000000002,0.7222222222222227,0.5555555555555552,0.611111111111111
0.3873966942148761,1.7392578125,2.1875,0.07500000000000001,0.15,0.125,0.35000000000000003,0.08333333333333333,0.06481481481481481,0.21296296296296285,0.6500000000000002,0.7750000000000004,0.5250000000000001,0.6250000000000002,0.7222222222222227,0.5555555555555552,0.6203703703703703
0.3884297520661158,1.744140625,2.193359375,0.07500000000000001,0.15,0.125,0.35000000000000003,0.09259259259259259,0.06481481481481481,0.21296296296296285,0.6500000000000002,0.7750000000000004,0.5250000000000001,0.6250000000000002,0.7222222222222227,0.5555555555555552,0.6203703703703703
0.3894628099173555,1.7490234375,2.197265625,0.07500000000000001,0.15,0.125,0.35000000000000003,0.09259259259259259,0.06481481481481481,0.21296296296296285,0.6500000000000002,0.7750000000000004,0.5250000000000001,0.6250000000000002,0.7222222222222227,0.5648148148148145,0.6203703703703703
0.39049586776859513,1.7529296875,2.203125,0.07500000000000001,0.15,0.125,0.35000000000000003,0.09259259259259259,0.06481481481481481,0.21296296296296285,0.6500000000000002,0.7750000000000004,0.5250000000000001,0.6250000000000002,0.7222222222222227,0.5740740740740738,0.6203703703703703
0.3915289256198348,1.7568359375,2.208984375,0.07500000000000001,0.15,0.125,0.35000000000000003,0.09259259259259259,0.06481481481481481,0.21296296296296285,0.6500000000000002,0.7750000000000004,0.5250000000000001,0.6250000000000002,0.7222222222222227,0.5740740740740738,0.6296296296296297
0.3925619834710745,1.7607421875,2.2109375,0.07500000000000001,0.15,0.125,0.35000000000000003,0.09259259259259259,0.06481481481481481,0.21296296296296285,0.6500000000000002,0.7750000000000004,0.5250000000000001,0.6250000000000002,0.7222222222222227,0.5740740740740738,0.638888888888889
0.3935950413223142,1.765625,2.216796875,0.07500000000000001,0.175,0.125,0.35000000000000003,0.09259259259259259,0.06481481481481481,0.21296296296296285,0.6500000000000002,0.7750000000000004,0.5250000000000001,0.6250000000000002,0.7222222222222227,0.5740740740740738,0.638888888888889
0.3946280991735538,1.7705078125,2.220703125,0.07500000000000001,0.175,0.125,0.35000000000000003,0.09259259259259259,0.06481481481481481,0.21296296296296285,0.6500000000000002,0.7750000000000004,0.5250000000000001,0.6250000000000002,0.7222222222222227,0.5833333333333331,0.638888888888889
0.3956611570247935,1.7744140625,2.2265625,0.07500000000000001,0.175,0.125,0.35000000000000003,0.09259259259259259,0.06481481481481481,0.21296296296296285,0.6500000000000002,0.7750000000000004,0.5250000000000001,0.6250000000000002,0.7222222222222227,0.5925925925925924,0.638888888888889
0.3966942148760332,1.7783203125,2.232421875,0.07500000000000001,0.175,0.125,0.35000000000000003,0.09259259259259259,0.06481481481481481,0.21296296296296285,0.6500000000000002,0.7750000000000004,0.5250000000000001,0.6250000000000002,0.7222222222222227,0.5925925925925924,0.6481481481481483
0.3977272727272729,1.7822265625,2.236328125,0.07500000000000001,0.175,0.125,0.35000000000000003,0.09259259259259259,0.06481481481481481,0.21296296296296285,0.6500000000000002,0.7750000000000004,0.5250000000000001,0.6250000000000002,0.7222222222222227,0.5925925925925924,0.6574074074074076
0.39876033057851257,1.787109375,2.2421875,0.07500000000000001,0.175,0.125,0.37500000000000006,0.09259259259259259,0.06481481481481481,0.21296296296296285,0.6500000000000002,0.7750000000000004,0.5250000000000001,0.6250000000000002,0.7222222222222227,0.5925925925925924,0.6574074074074076
0.39979338842975226,1.7919921875,2.248046875,0.07500000000000001,0.175,0.125,0.4000000000000001,0.09259259259259259,0.06481481481481481,0.21296296296296285,0.6500000000000002,0.7750000000000004,0.5250000000000001,0.6250000000000002,0.7222222222222227,0.5925925925925924,0.6574074074074076
0.4008264462809919,1.796875,2.251953125,0.07500000000000001,0.175,0.125,0.4000000000000001,0.09259259259259259,0.06481481481481481,0.21296296296296285,0.6500000000000002,0.8000000000000004,0.5250000000000001,0.6250000000000002,0.7222222222222227,0.5925925925925924,0.6574074074074076
0.40185950413223154,1.80078125,2.2578125,0.07500000000000001,0.175,0.125,0.4000000000000001,0.09259259259259259,0.06481481481481481,0.21296296296296285,0.6500000000000002,0.8000000000000004,0.5250000000000001,0.6250000000000002,0.7222222222222227,0.5925925925925924,0.6666666666666669
0.40289256198347123,1.8056640625,2.259765625,0.07500000000000001,0.175,0.125,0.4000000000000001,0.09259259259259259,0.07407407407407407,0.21296296296296285,0.6500000000000002,0.8000000000000004,0.5250000000000001,0.6250000000000002,0.7222222222222227,0.5925925925925924,0.6666666666666669
0.4039256198347109,1.810546875,2.265625,0.07500000000000001,0.175,0.125,0.4000000000000001,0.09259259259259259,0.07407407407407407,0.21296296296296285,0.6500000000000002,0.8000000000000004,0.5500000000000002,0.6250000000000002,0.7222222222222227,0.5925925925925924,0.6666666666666669
0.40495867768595056,1.8154296875,2.26953125,0.07500000000000001,0.175,0.125,0.4000000000000001,0.10185185185185185,0.07407407407407407,0.21296296296296285,0.6500000000000002,0.8000000000000004,0.5500000000000002,0.6250000000000002,0.7222222222222227,0.5925925925925924,0.6666666666666669
0.40599173553719026,1.8203125,2.275390625,0.07500000000000001,0.19999999999999998,0.125,0.4000000000000001,0.10185185185185185,0.07407407407407407,0.21296296296296285,0.6500000000000002,0.8000000000000004,0.5500000000000002,0.6250000000000002,0.7222222222222227,0.5925925925925924,0.6666666666666669
0.4070247933884299,1.8251953125,2.28125,0.07500000000000001,0.19999999999999998,0.125,0.4000000000000001,0.10185185185185185,0.07407407407407407,0.21296296296296285,0.6500000000000002,0.8000000000000004,0.5500000000000002,0.6250000000000002,0.731481481481482,0.5925925925925924,0.6666666666666669
0.4080578512396696,1.8291015625,2.28515625,0.07500000000000001,0.19999999999999998,0.125,0.4000000000000001,0.10185185185185185,0.07407407407407407,0.21296296296296285,0.6500000000000002,0.8000000000000004,0.5500000000000002,0.6250000000000002,0.731481481481482,0.5925925925925924,0.6759259259259262
0.40909090909090934,1.833984375,2.291015625,0.07500000000000001,0.19999999999999998,0.125,0.4000000000000001,0.10185185185185185,0.08333333333333333,0.21296296296296285,0.6500000000000002,0.8000000000000004,0.5500000000000002,0.6250000000000002,0.731481481481482,0.5925925925925924,0.6759259259259262
0.4101239669421489,1.8388671875,2.296875,0.07500000000000001,0.19999999999999998,0.125,0.4000000000000001,0.10185185185185185,0.08333333333333333,0.21296296296296285,0.6500000000000002,0.8000000000000004,0.5500000000000002,0.6250000000000002,0.7407407407407413,0.5925925925925924,0.6759259259259262
0.4111570247933886,1.84375,2.30078125,0.07500000000000001,0.19999999999999998,0.125,0.4000000000000001,0.10185185185185185,0.08333333333333333,0.21296296296296285,0.6500000000000002,0.8000000000000004,0.5500000000000002,0.6500000000000002,0.7407407407407413,0.5925925925925924,0.6759259259259262
0.4121900826446283,1.8486328125,2.306640625,0.07500000000000001,0.19999999999999998,0.125,0.4000000000000001,0.10185185185185185,0.08333333333333333,0.21296296296296285,0.6500000000000002,0.8000000000000004,0.5500000000000002,0.6500000000000002,0.7500000000000006,0.5925925925925924,0.6759259259259262
0.413223140495868,1.853515625,2.30859375,0.1,0.19999999999999998,0.125,0.4000000000000001,0.10185185185185185,0.08333333333333333,0.21296296296296285,0.6500000000000002,0.8000000000000004,0.5500000000000002,0.6500000000000002,0.7500000000000006,0.5925925925925924,0.6759259259259262
0.4142561983471077,1.8583984375,2.314453125,0.1,0.19999999999999998,0.125,0.4000000000000001,0.10185185185185185,0.08333333333333333,0.21296296296296285,0.6500000000000002,0.8000000000000004,0.5500000000000002,0.6500000000000002,0.7592592592592599,0.5925925925925924,0.6759259259259262
0.4152892561983473,1.86328125,2.318359375,0.1,0.19999999999999998,0.125,0.4000000000000001,0.1111111111111111,0.08333333333333333,0.21296296296296285,0.6500000000000002,0.8000000000000004,0.5500000000000002,0.6500000000000002,0.7592592592592599,0.5925925925925924,0.6759259259259262
0.41632231404958703,1.8681640625,2.32421875,0.1,0.19999999999999998,0.125,0.4000000000000001,0.1111111111111111,0.08333333333333333,0.21296296296296285,0.6500000000000002,0.8000000000000004,0.5500000000000002,0.6500000000000002,0.7685185185185192,0.5925925925925924,0.6759259259259262
0.41735537190082667,1.873046875,2.330078125,0.1,0.19999999999999998,0.15,0.4000000000000001,0.1111111111111111,0.08333333333333333,0.21296296296296285,0.6500000000000002,0.8000000000000004,0.5500000000000002,0.6500000000000002,0.7685185185185192,0.5925925925925924,0.6759259259259262
0.41838842975206636,1.8779296875,2.333984375,0.1,0.19999999999999998,0.15,0.4000000000000001,0.1111111111111111,0.08333333333333333,0.21296296296296285,0.6750000000000003,0.8000000000000004,0.5500000000000002,0.6500000000000002,0.7685185185185192,0.5925925925925924,0.6759259259259262
0.419421487603306,1.8828125,2.337890625,0.1,0.19999999999999998,0.15,0.4000000000000001,0.1111111111111111,0.08333333333333333,0.21296296296296285,0.6750000000000003,0.8000000000000004,0.5750000000000002,0.6500000000000002,0.7685185185185192,0.5925925925925924,0.6759259259259262
0.42045454545454564,1.8876953125,2.34375,0.1,0.19999999999999998,0.15,0.4000000000000001,0.1111111111111111,0.08333333333333333,0.21296296296296285,0.6750000000000003,0.8000000000000004,0.5750000000000002,0.6500000000000002,0.7777777777777785,0.5925925925925924,0.6759259259259262
0.42148760330578533,1.892578125,2.349609375,0.1,0.19999999999999998,0.15,0.4000000000000001,0.1111111111111111,0.08333333333333333,0.21296296296296285,0.6750000000000003,0.8000000000000004,0.5750000000000002,0.6500000000000002,0.7870370370370378,0.5925925925925924,0.6759259259259262
0.422520661157025,1.896484375,2.3515625,0.1,0.19999999999999998,0.15,0.4000000000000001,0.1111111111111111,0.08333333333333333,0.21296296296296285,0.6750000000000003,0.8000000000000004,0.5750000000000002,0.6500000000000002,0.7870370370370378,0.6018518518518517,0.6759259259259262
0.42355371900826466,1.900390625,2.357421875,0.1,0.19999999999999998,0.15,0.4000000000000001,0.1111111111111111,0.08333333333333333,0.21296296296296285,0.6750000000000003,0.8000000000000004,0.5750000000000002,0.6500000000000002,0.7870370370370378,0.611111111111111,0.6759259259259262
0.42458677685950436,1.9052734375,2.361328125,0.1,0.19999999999999998,0.15,0.4000000000000001,0.1111111111111111,0.08333333333333333,0.21296296296296285,0.6750000000000003,0.8000000000000004,0.5750000000000002,0.6500000000000002,0.7870370370370378,0.6203703703703703,0.6759259259259262
0.425619834710744,1.9091796875,2.3671875,0.1,0.19999999999999998,0.15,0.4000000000000001,0.1111111111111111,0.08333333333333333,0.21296296296296285,0.6750000000000003,0.8000000000000004,0.5750000000000002,0.6500000000000002,0.7870370370370378,0.6296296296296297,0.6759259259259262
0.4266528925619837,1.9130859375,2.37109375,0.1,0.19999999999999998,0.15,0.4000000000000001,0.1111111111111111,0.08333333333333333,0.21296296296296285,0.6750000000000003,0.8000000000000004,0.5750000000000002,0.6500000000000002,0.7870370370370378,0.638888888888889,0.6759259259259262
0.4276859504132233,1.9169921875,2.376953125,0.1,0.19999999999999998,0.15,0.4000000000000001,0.1111111111111111,0.08333333333333333,0.21296296296296285,0.6750000000000003,0.8000000000000004,0.5750000000000002,0.6500000000000002,0.7870370370370378,0.6481481481481483,0.6759259259259262
0.428719008264463,1.921875,2.3828125,0.1,0.19999999999999998,0.15,0.4000000000000001,0.1111111111111111,0.09259259259259259,0.21296296296296285,0.6750000000000003,0.8000000000000004,0.5750000000000002,0.6500000000000002,0.7870370370370378,0.6481481481481483,0.6759259259259262
0.4297520661157027,1.9267578125,2.38671875,0.1,0.19999999999999998,0.15,0.4000000000000001,0.1111111111111111,0.09259259259259259,0.21296296296296285,0.6750000000000003,0.8000000000000004,0.5750000000000002,0.6500000000000002,0.7870370370370378,0.6574074074074076,0.6759259259259262
0.4307851239669424,1.9306640625,2.390625,0.1,0.19999999999999998,0.15,0.4000000000000001,0.1111111111111111,0.09259259259259259,0.21296296296296285,0.6750000000000003,0.8000000000000004,0.5750000000000002,0.6500000000000002,0.7870370370370378,0.6666666666666669,0.6759259259259262
0.4318181818181821,1.9345703125,2.396484375,0.1,0.19999999999999998,0.15,0.4000000000000001,0.1111111111111111,0.09259259259259259,0.21296296296296285,0.6750000000000003,0.8000000000000004,0.5750000000000002,0.6500000000000002,0.7870370370370378,0.6666666666666669,0.6851851851851855
0.4328512396694218,1.9384765625,2.400390625,0.1,0.19999999999999998,0.15,0.4000000000000001,0.1111111111111111,0.09259259259259259,0.21296296296296285,0.6750000000000003,0.8000000000000004,0.5750000000000002,0.6500000000000002,0.7870370370370378,0.6666666666666669,0.6944444444444448
0.4338842975206614,1.9423828125,2.404296875,0.1,0.19999999999999998,0.15,0.4000000000000001,0.1111111111111111,0.09259259259259259,0.21296296296296285,0.6750000000000003,0.8000000000000004,0.5750000000000002,0.6500000000000002,0.7870370370370378,0.6666666666666669,0.703703703703704
0.43491735537190107,1.9462890625,2.408203125,0.1,0.19999999999999998,0.15,0.4000000000000001,0.1111111111111111,0.09259259259259259,0.21296296296296285,0.6750000000000003,0.8000000000000004,0.5750000000000002,0.6500000000000002,0.7870370370370378,0.6666666666666669,0.7129629629629634
0.43595041322314076,1.9501953125,2.4140625,0.1,0.19999999999999998,0.15,0.4000000000000001,0.1111111111111111,0.09259259259259259,0.21296296296296285,0.6750000000000003,0.8000000000000004,0.5750000000000002,0.6500000000000002,0.7870370370370378,0.6666666666666669,0.7222222222222227
0.43698347107438046,1.9541015625,2.419921875,0.1,0.19999999999999998,0.15,0.4000000000000001,0.1111111111111111,0.09259259259259259,0.21296296296296285,0.6750000000000003,0.8000000000000004,0.5750000000000002,0.6500000000000002,0.7870370370370378,0.6666666666666669,0.731481481481482
0.4380165289256201,1.9580078125,2.423828125,0.1,0.19999999999999998,0.15,0.4000000000000001,0.1111111111111111,0.09259259259259259,0.21296296296296285,0.6750000000000003,0.8000000000000004,0.5750000000000002,0.6500000000000002,0.7870370370370378,0.6666666666666669,0.7407407407407413
0.4390495867768598,1.962890625,2.4296875,0.1,0.22499999999999998,0.15,0.4000000000000001,0.1111111111111111,0.09259259259259259,0.21296296296296285,0.6750000000000003,0.8000000000000004,0.5750000000000002,0.6500000000000002,0.7870370370370378,0.6666666666666669,0.7407407407407413
0.4400826446280995,1.9677734375,2.43359375,0.1,0.22499999999999998,0.15,0.4250000000000001,0.1111111111111111,0.09259259259259259,0.21296296296296285,0.6750000000000003,0.8000000000000004,0.5750000000000002,0.6500000000000002,0.7870370370370378,0.6666666666666669,0.7407407407407413
0.4411157024793392,1.9716796875,2.439453125,0.1,0.22499999999999998,0.15,0.4250000000000001,0.1111111111111111,0.09259259259259259,0.21296296296296285,0.6750000000000003,0.8000000000000004,0.5750000000000002,0.6500000000000002,0.7870370370370378,0.6666666666666669,0.7500000000000006
0.44214876033057887,1.9765625,2.44140625,0.1,0.22499999999999998,0.15,0.4250000000000001,0.12037037037037036,0.09259259259259259,0.21296296296296285,0.6750000000000003,0.8000000000000004,0.5750000000000002,0.6500000000000002,0.7870370370370378,0.6666666666666669,0.7500000000000006
0.44318181818181845,1.9814453125,2.447265625,0.1,0.22499999999999998,0.15,0.4250000000000001,0.12037037037037036,0.09259259259259259,0.21296296296296285,0.7000000000000003,0.8000000000000004,0.5750000000000002,0.6500000000000002,0.7870370370370378,0.6666666666666669,0.7500000000000006
0.44421487603305815,1.986328125,2.451171875,0.1,0.22499999999999998,0.15,0.4250000000000001,0.12037037037037036,0.10185185185185185,0.21296296296296285,0.7000000000000003,0.8000000000000004,0.5750000000000002,0.6500000000000002,0.7870370370370378,0.6666666666666669,0.7500000000000006
0.44524793388429784,1.9912109375,2.455078125,0.1,0.22499999999999998,0.15,0.4250000000000001,0.12037037037037036,0.10185185185185185,0.2222222222222221,0.7000000000000003,0.8000000000000004,0.5750000000000002,0.6500000000000002,0.7870370370370378,0.6666666666666669,0.7500000000000006
0.44628099173553754,1.99609375,2.4609375,0.1,0.22499999999999998,0.15,0.4250000000000001,0.12037037037037036,0.10185185185185185,0.23148148148148134,0.7000000000000003,0.8000000000000004,0.5750000000000002,0.6500000000000002,0.7870370370370378,0.6666666666666669,0.7500000000000006
0.44731404958677723,2.0,2.466796875,0.1,0.22499999999999998,0.15,0.4250000000000001,0.12037037037037036,0.10185185185185185,0.23148148148148134,0.7000000000000003,0.8000000000000004,0.5750000000000002,0.6500000000000002,0.7870370370370378,0.6759259259259262,0.7500000000000006
0.44834710743801687,2.00390625,2.470703125,0.1,0.22499999999999998,0.15,0.4250000000000001,0.12037037037037036,0.10185185185185185,0.23148148148148134,0.7000000000000003,0.8000000000000004,0.5750000000000002,0.6500000000000002,0.7870370370370378,0.6851851851851855,0.7500000000000006
0.44938016528925656,2.0078125,2.474609375,0.1,0.22499999999999998,0.15,0.4250000000000001,0.12037037037037036,0.10185185185185185,0.23148148148148134,0.7000000000000003,0.8000000000000004,0.5750000000000002,0.6500000000000002,0.7870370370370378,0.6851851851851855,0.7592592592592599
0.4504132231404962,2.013671875,2.48046875,0.125,0.22499999999999998,0.15,0.4250000000000001,0.12037037037037036,0.10185185185185185,0.23148148148148134,0.7000000000000003,0.8000000000000004,0.5750000000000002,0.6500000000000002,0.7870370370370378,0.6851851851851855,0.7592592592592599
0.4514462809917358,2.017578125,2.484375,0.125,0.22499999999999998,0.15,0.4250000000000001,0.12037037037037036,0.10185185185185185,0.23148148148148134,0.7000000000000003,0.8000000000000004,0.5750000000000002,0.6500000000000002,0.7870370370370378,0.6944444444444448,0.7592592592592599
0.4524793388429754,2.0234375,2.48828125,0.125,0.24999999999999997,0.15,0.4250000000000001,0.12037037037037036,0.10185185185185185,0.23148148148148134,0.7000000000000003,0.8000000000000004,0.5750000000000002,0.6500000000000002,0.7870370370370378,0.6944444444444448,0.7592592592592599
0.45351239669421517,2.02734375,2.4921875,0.125,0.24999999999999997,0.15,0.4250000000000001,0.12037037037037036,0.10185185185185185,0.23148148148148134,0.7000000000000003,0.8000000000000004,0.5750000000000002,0.6500000000000002,0.7870370370370378,0.703703703703704,0.7592592592592599
0.45454545454545475,2.033203125,2.498046875,0.125,0.27499999999999997,0.15,0.4250000000000001,0.12037037037037036,0.10185185185185185,0.23148148148148134,0.7000000000000003,0.8000000000000004,0.5750000000000002,0.6500000000000002,0.7870370370370378,0.703703703703704,0.7592592592592599
0.45557851239669456,2.0390625,2.501953125,0.125,0.27499999999999997,0.175,0.4250000000000001,0.12037037037037036,0.10185185185185185,0.23148148148148134,0.7000000000000003,0.8000000000000004,0.5750000000000002,0.6500000000000002,0.7870370370370378,0.703703703703704,0.7592592592592599
0.45661157024793414,2.04296875,2.505859375,0.125,0.27499999999999997,0.175,0.4250000000000001,0.12037037037037036,0.10185185185185185,0.23148148148148134,0.7000000000000003,0.8000000000000004,0.5750000000000002,0.6500000000000002,0.7962962962962971,0.703703703703704,0.7592592592592599
0.4576446280991739,2.046875,2.51171875,0.125,0.27499999999999997,0.175,0.4250000000000001,0.12037037037037036,0.10185185185185185,0.23148148148148134,0.7000000000000003,0.8000000000000004,0.5750000000000002,0.6500000000000002,0.7962962962962971,0.7129629629629634,0.7592592592592599
0.4586776859504135,2.052734375,2.517578125,0.125,0.27499999999999997,0.19999999999999998,0.4250000000000001,0.12037037037037036,0.10185185185185185,0.23148148148148134,0.7000000000000003,0.8000000000000004,0.5750000000000002,0.6500000000000002,0.7962962962962971,0.7129629629629634,0.7592592592592599
0.4597107438016533,2.056640625,2.521484375,0.125,0.27499999999999997,0.19999999999999998,0.4250000000000001,0.12037037037037036,0.10185185185185185,0.23148148148148134,0.7000000000000003,0.8000000000000004,0.5750000000000002,0.6500000000000002,0.7962962962962971,0.7222222222222227,0.7592592592592599
0.46074380165289286,2.060546875,2.525390625,0.125,0.27499999999999997,0.19999999999999998,0.4250000000000001,0.12037037037037036,0.10185185185185185,0.23148148148148134,0.7000000000000003,0.8000000000000004,0.5750000000000002,0.6500000000000002,0.7962962962962971,0.7222222222222227,0.7685185185185192
0.46177685950413255,2.064453125,2.52734375,0.125,0.27499999999999997,0.19999999999999998,0.4250000000000001,0.12037037037037036,0.10185185185185185,0.23148148148148134,0.7000000000000003,0.8000000000000004,0.5750000000000002,0.6500000000000002,0.7962962962962971,0.7222222222222227,0.7777777777777785
0.4628099173553722,2.0703125,2.533203125,0.15,0.27499999999999997,0.19999999999999998,0.4250000000000001,0.12037037037037036,0.10185185185185185,0.23148148148148134,0.7000000000000003,0.8000000000000004,0.5750000000000002,0.6500000000000002,0.7962962962962971,0.7222222222222227,0.7777777777777785
0.4638429752066119,2.076171875,2.5390625,0.15,0.3,0.19999999999999998,0.4250000000000001,0.12037037037037036,0.10185185185185185,0.23148148148148134,0.7000000000000003,0.8000000000000004,0.5750000000000002,0.6500000000000002,0.7962962962962971,0.7222222222222227,0.7777777777777785
0.4648760330578515,2.08203125,2.54296875,0.15,0.3,0.22499999999999998,0.4250000000000001,0.12037037037037036,0.10185185185185185,0.23148148148148134,0.7000000000000003,0.8000000000000004,0.5750000000000002,0.6500000000000002,0.7962962962962971,0.7222222222222227,0.7777777777777785
0.4659090909090912,2.087890625,2.548828125,0.15,0.3,0.22499999999999998,0.4500000000000001,0.12037037037037036,0.10185185185185185,0.23148148148148134,0.7000000000000003,0.8000000000000004,0.5750000000000002,0.6500000000000002,0.7962962962962971,0.7222222222222227,0.7777777777777785
0.4669421487603309,2.091796875,2.552734375,0.15,0.3,0.22499999999999998,0.4500000000000001,0.12962962962962962,0.10185185185185185,0.23148148148148134,0.7000000000000003,0.8000000000000004,0.5750000000000002,0.6500000000000002,0.7962962962962971,0.7222222222222227,0.7777777777777785
0.46797520661157055,2.09765625,2.556640625,0.15,0.3,0.22499999999999998,0.47500000000000014,0.12962962962962962,0.10185185185185185,0.23148148148148134,0.7000000000000003,0.8000000000000004,0.5750000000000002,0.6500000000000002,0.7962962962962971,0.7222222222222227,0.7777777777777785
0.4690082644628102,2.1015625,2.560546875,0.15,0.3,0.22499999999999998,0.47500000000000014,0.12962962962962962,0.10185185185185185,0.23148148148148134,0.7000000000000003,0.8000000000000004,0.5750000000000002,0.6500000000000002,0.7962962962962971,0.7222222222222227,0.7870370370370378
0.4700413223140499,2.10546875,2.56640625,0.15,0.3,0.22499999999999998,0.47500000000000014,0.12962962962962962,0.10185185185185185,0.23148148148148134,0.7000000000000003,0.8000000000000004,0.5750000000000002,0.6500000000000002,0.7962962962962971,0.7222222222222227,0.7962962962962971
0.4710743801652896,2.111328125,2.568359375,0.15,0.3,0.22499999999999998,0.5000000000000001,0.12962962962962962,0.10185185185185185,0.23148148148148134,0.7000000000000003,0.8000000000000004,0.5750000000000002,0.6500000000000002,0.7962962962962971,0.7222222222222227,0.7962962962962971
0.47210743801652927,2.1171875,2.57421875,0.15,0.3,0.22499999999999998,0.5000000000000001,0.1388888888888889,0.10185185185185185,0.23148148148148134,0.7000000000000003,0.8000000000000004,0.5750000000000002,0.6500000000000002,0.7962962962962971,0.7222222222222227,0.7962962962962971
0.47314049586776896,2.12109375,2.578125,0.15,0.3,0.22499999999999998,0.5000000000000001,0.14814814814814814,0.10185185185185185,0.23148148148148134,0.7000000000000003,0.8000000000000004,0.5750000000000002,0.6500000000000002,0.7962962962962971,0.7222222222222227,0.7962962962962971
0.4741735537190086,2.126953125,2.58203125,0.15,0.3,0.22499999999999998,0.5000000000000001,0.15740740740740738,0.10185185185185185,0.23148148148148134,0.7000000000000003,0.8000000000000004,0.5750000000000002,0.6500000000000002,0.7962962962962971,0.7222222222222227,0.7962962962962971
0.4752066115702483,2.130859375,2.587890625,0.15,0.3,0.22499999999999998,0.5000000000000001,0.15740740740740738,0.1111111111111111,0.23148148148148134,0.7000000000000003,0.8000000000000004,0.5750000000000002,0.6500000000000002,0.7962962962962971,0.7222222222222227,0.7962962962962971
0.476239669421488,2.134765625,2.591796875,0.15,0.3,0.22499999999999998,0.5000000000000001,0.15740740740740738,0.1111111111111111,0.23148148148148134,0.7000000000000003,0.8000000000000004,0.5750000000000002,0.6500000000000002,0.7962962962962971,0.7222222222222227,0.8055555555555564
0.4772727272727277,2.140625,2.59765625,0.15,0.3,0.22499999999999998,0.5000000000000001,0.16666666666666663,0.1111111111111111,0.23148148148148134,0.7000000000000003,0.8000000000000004,0.5750000000000002,0.6500000000000002,0.7962962962962971,0.7222222222222227,0.8055555555555564
0.47830578512396726,2.14453125,2.6015625,0.15,0.3,0.22499999999999998,0.5000000000000001,0.16666666666666663,0.1111111111111111,0.23148148148148134,0.7000000000000003,0.8250000000000004,0.5750000000000002,0.6500000000000002,0.7962962962962971,0.7222222222222227,0.8055555555555564
0.47933884297520696,2.1484375,2.60546875,0.15,0.3,0.22499999999999998,0.5000000000000001,0.16666666666666663,0.1111111111111111,0.23148148148148134,0.7000000000000003,0.8250000000000004,0.5750000000000002,0.6500000000000002,0.7962962962962971,0.7222222222222227,0.8148148148148157
0.48037190082644665,2.154296875,2.611328125,0.15,0.3,0.22499999999999998,0.5000000000000001,0.17592592592592587,0.1111111111111111,0.23148148148148134,0.7000000000000003,0.8250000000000004,0.5750000000000002,0.6500000000000002,0.7962962962962971,0.7222222222222227,0.8148148148148157
0.48140495867768635,2.158203125,2.61328125,0.15,0.3,0.22499999999999998,0.5000000000000001,0.17592592592592587,0.12037037037037036,0.23148148148148134,0.7000000000000003,0.8250000000000004,0.5750000000000002,0.6500000000000002,0.7962962962962971,0.7222222222222227,0.8148148148148157
0.48243801652892604,2.1640625,2.6171875,0.15,0.3,0.22499999999999998,0.5000000000000001,0.18518518518518512,0.12037037037037036,0.23148148148148134,0.7000000000000003,0.8250000000000004,0.5750000000000002,0.6500000000000002,0.7962962962962971,0.7222222222222227,0.8148148148148157
0.48347107438016573,2.16796875,2.623046875,0.15,0.3,0.22499999999999998,0.5000000000000001,0.18518518518518512,0.12037037037037036,0.23148148148148134,0.7000000000000003,0.8250000000000004,0.5750000000000002,0.6500000000000002,0.8055555555555564,0.7222222222222227,0.8148148148148157
0.48450413223140537,2.171875,2.626953125,0.15,0.3,0.22499999999999998,0.5000000000000001,0.18518518518518512,0.12037037037037036,0.23148148148148134,0.7000000000000003,0.8250000000000004,0.5750000000000002,0.6500000000000002,0.8055555555555564,0.7222222222222227,0.824074074074075
0.485537190082645,2.177734375,2.6328125,0.15,0.3,0.22499999999999998,0.5000000000000001,0.19444444444444436,0.12037037037037036,0.23148148148148134,0.7000000000000003,0.8250000000000004,0.5750000000000002,0.6500000000000002,0.8055555555555564,0.7222222222222227,0.824074074074075
0.4865702479338847,2.181640625,2.63671875,0.15,0.3,0.22499999999999998,0.5000000000000001,0.19444444444444436,0.12037037037037036,0.23148148148148134,0.7000000000000003,0.8250000000000004,0.5750000000000002,0.6500000000000002,0.8148148148148157,0.7222222222222227,0.824074074074075
0.4876033057851244,2.185546875,2.640625,0.15,0.3,0.22499999999999998,0.5000000000000001,0.19444444444444436,0.12037037037037036,0.23148148148148134,0.7000000000000003,0.8250000000000004,0.5750000000000002,0.6500000000000002,0.8148148148148157,0.731481481481482,0.824074074074075
0.48863636363636404,2.189453125,2.646484375,0.15,0.3,0.22499999999999998,0.5000000000000001,0.19444444444444436,0.12037037037037036,0.23148148148148134,0.7000000000000003,0.8250000000000004,0.5750000000000002,0.6500000000000002,0.8148148148148157,0.7407407407407413,0.824074074074075
0.48966942148760373,2.193359375,2.650390625,0.15,0.3,0.22499999999999998,0.5000000000000001,0.19444444444444436,0.12037037037037036,0.23148148148148134,0.7000000000000003,0.8250000000000004,0.5750000000000002,0.6500000000000002,0.8148148148148157,0.7500000000000006,0.824074074074075
0.4907024793388434,2.197265625,2.65625,0.15,0.3,0.22499999999999998,0.5000000000000001,0.19444444444444436,0.12037037037037036,0.23148148148148134,0.7000000000000003,0.8250000000000004,0.5750000000000002,0.6500000000000002,0.8148148148148157,0.7592592592592599,0.824074074074075
0.49173553719008306,2.201171875,2.658203125,0.15,0.3,0.22499999999999998,0.5000000000000001,0.19444444444444436,0.12037037037037036,0.23148148148148134,0.7000000000000003,0.8250000000000004,0.5750000000000002,0.6500000000000002,0.8148148148148157,0.7685185185185192,0.824074074074075
0.4927685950413227,2.205078125,2.662109375,0.15,0.3,0.22499999999999998,0.5000000000000001,0.19444444444444436,0.12037037037037036,0.23148148148148134,0.7000000000000003,0.8250000000000004,0.5750000000000002,0.6500000000000002,0.8148148148148157,0.7685185185185192,0.8333333333333343
0.49380165289256234,2.208984375,2.666015625,0.15,0.3,0.22499999999999998,0.5000000000000001,0.19444444444444436,0.12037037037037036,0.23148148148148134,0.7000000000000003,0.8250000000000004,0.5750000000000002,0.6500000000000002,0.8148148148148157,0.7685185185185192,0.8425925925925936
0.49483471074380203,2.212890625,2.671875,0.15,0.3,0.22499999999999998,0.5000000000000001,0.19444444444444436,0.12037037037037036,0.23148148148148134,0.7000000000000003,0.8250000000000004,0.5750000000000002,0.6500000000000002,0.8148148148148157,0.7685185185185192,0.8518518518518529
0.4958677685950417,2.216796875,2.67578125,0.15,0.3,0.22499999999999998,0.5000000000000001,0.19444444444444436,0.12037037037037036,0.23148148148148134,0.7000000000000003,0.8250000000000004,0.5750000000000002,0.6500000000000002,0.8148148148148157,0.7685185185185192,0.8611111111111122
0.4969008264462815,2.22265625,2.6796875,0.15,0.3,0.22499999999999998,0.5000000000000001,0.2037037037037036,0.12037037037037036,0.23148148148148134,0.7000000000000003,0.8250000000000004,0.5750000000000002,0.6500000000000002,0.8148148148148157,0.7685185185185192,0.8611111111111122
0.49793388429752106,2.2265625,2.685546875,0.15,0.3,0.22499999999999998,0.5000000000000001,0.2037037037037036,0.12962962962962962,0.23148148148148134,0.7000000000000003,0.8250000000000004,0.5750000000000002,0.6500000000000002,0.8148148148148157,0.7685185185185192,0.8611111111111122
0.4989669421487607,2.232421875,2.689453125,0.15,0.3,0.22499999999999998,0.5000000000000001,0.21296296296296285,0.12962962962962962,0.23148148148148134,0.7000000000000003,0.8250000000000004,0.5750000000000002,0.6500000000000002,0.8148148148148157,0.7685185185185192,0.8611111111111122
0.5000000000000004,2.236328125,2.693359375,0.15,0.3,0.22499999999999998,0.5000000000000001,0.21296296296296285,0.12962962962962962,0.23148148148148134,0.7000000000000003,0.8250000000000004,0.5750000000000002,0.6500000000000002,0.824074074074075,0.7685185185185192,0.8611111111111122
0.5010330578512401,2.240234375,2.697265625,0.15,0.3,0.22499999999999998,0.5000000000000001,0.21296296296296285,0.12962962962962962,0.23148148148148134,0.7000000000000003,0.8250000000000004,0.5750000000000002,0.6500000000000002,0.8333333333333343,0.7685185185185192,0.8611111111111122
0.5020661157024797,2.244140625,2.701171875,0.15,0.3,0.22499999999999998,0.5000000000000001,0.21296296296296285,0.12962962962962962,0.23148148148148134,0.7000000000000003,0.8250000000000004,0.5750000000000002,0.6500000000000002,0.8333333333333343,0.7777777777777785,0.8611111111111122
0.5030991735537195,2.248046875,2.705078125,0.15,0.3,0.22499999999999998,0.5000000000000001,0.21296296296296285,0.12962962962962962,0.23148148148148134,0.7000000000000003,0.8250000000000004,0.5750000000000002,0.6500000000000002,0.8333333333333343,0.7870370370370378,0.8611111111111122
0.5041322314049591,2.25390625,2.708984375,0.175,0.3,0.22499999999999998,0.5000000000000001,0.21296296296296285,0.12962962962962962,0.23148148148148134,0.7000000000000003,0.8250000000000004,0.5750000000000002,0.6500000000000002,0.8333333333333343,0.7870370370370378,0.8611111111111122
0.5051652892561987,2.2578125,2.71484375,0.175,0.3,0.22499999999999998,0.5000000000000001,0.21296296296296285,0.12962962962962962,0.23148148148148134,0.7000000000000003,0.8250000000000004,0.5750000000000002,0.6500000000000002,0.8333333333333343,0.7870370370370378,0.8703703703703715
0.5061983471074385,2.263671875,2.71875,0.175,0.3,0.24999999999999997,0.5000000000000001,0.21296296296296285,0.12962962962962962,0.23148148148148134,0.7000000000000003,0.8250000000000004,0.5750000000000002,0.6500000000000002,0.8333333333333343,0.7870370370370378,0.8703703703703715
0.5072314049586781,2.26953125,2.72265625,0.175,0.325,0.24999999999999997,0.5000000000000001,0.21296296296296285,0.12962962962962962,0.23148148148148134,0.7000000000000003,0.8250000000000004,0.5750000000000002,0.6500000000000002,0.8333333333333343,0.7870370370370378,0.8703703703703715
0.5082644628099179,2.2734375,2.728515625,0.175,0.325,0.24999999999999997,0.5000000000000001,0.21296296296296285,0.12962962962962962,0.23148148148148134,0.7000000000000003,0.8250000000000004,0.5750000000000002,0.6500000000000002,0.8333333333333343,0.7962962962962971,0.8703703703703715
0.5092975206611574,2.279296875,2.732421875,0.175,0.325,0.24999999999999997,0.5000000000000001,0.2222222222222221,0.12962962962962962,0.23148148148148134,0.7000000000000003,0.8250000000000004,0.5750000000000002,0.6500000000000002,0.8333333333333343,0.7962962962962971,0.8703703703703715
0.5103305785123972,2.283203125,2.736328125,0.175,0.325,0.24999999999999997,0.5000000000000001,0.2222222222222221,0.12962962962962962,0.23148148148148134,0.7000000000000003,0.8250000000000004,0.6000000000000002,0.6500000000000002,0.8333333333333343,0.7962962962962971,0.8703703703703715
0.5113636363636368,2.2890625,2.73828125,0.175,0.35000000000000003,0.24999999999999997,0.5000000000000001,0.2222222222222221,0.12962962962962962,0.23148148148148134,0.7000000000000003,0.8250000000000004,0.6000000000000002,0.6500000000000002,0.8333333333333343,0.7962962962962971,0.8703703703703715
0.5123966942148765,2.29296875,2.744140625,0.175,0.35000000000000003,0.24999999999999997,0.5000000000000001,0.2222222222222221,0.12962962962962962,0.23148148148148134,0.7000000000000003,0.8250000000000004,0.6000000000000002,0.6500000000000002,0.8333333333333343,0.8055555555555564,0.8703703703703715
0.5134297520661162,2.296875,2.748046875,0.175,0.35000000000000003,0.24999999999999997,0.5000000000000001,0.2222222222222221,0.12962962962962962,0.23148148148148134,0.7000000000000003,0.8250000000000004,0.6000000000000002,0.6500000000000002,0.8333333333333343,0.8148148148148157,0.8703703703703715
0.5144628099173558,2.30078125,2.751953125,0.175,0.35000000000000003,0.24999999999999997,0.5000000000000001,0.2222222222222221,0.12962962962962962,0.23148148148148134,0.7000000000000003,0.8250000000000004,0.6000000000000002,0.6500000000000002,0.8333333333333343,0.8148148148148157,0.8796296296296308
0.5154958677685956,2.3046875,2.7578125,0.175,0.35000000000000003,0.24999999999999997,0.5000000000000001,0.2222222222222221,0.12962962962962962,0.23148148148148134,0.7000000000000003,0.8250000000000004,0.6000000000000002,0.6500000000000002,0.8333333333333343,0.8148148148148157,0.8888888888888901
0.5165289256198352,2.30859375,2.759765625,0.175,0.35000000000000003,0.24999999999999997,0.5000000000000001,0.2222222222222221,0.12962962962962962,0.23148148148148134,0.7000000000000003,0.8250000000000004,0.6000000000000002,0.6500000000000002,0.8425925925925936,0.8148148148148157,0.8888888888888901
0.517561983471075,2.314453125,2.765625,0.19999999999999998,0.35000000000000003,0.24999999999999997,0.5000000000000001,0.2222222222222221,0.12962962962962962,0.23148148148148134,0.7000000000000003,0.8250000000000004,0.6000000000000002,0.6500000000000002,0.8425925925925936,0.8148148148148157,0.8888888888888901
0.5185950413223146,2.318359375,2.76953125,0.19999999999999998,0.35000000000000003,0.24999999999999997,0.5000000000000001,0.2222222222222221,0.12962962962962962,0.23148148148148134,0.7000000000000003,0.8250000000000004,0.6000000000000002,0.6500000000000002,0.8425925925925936,0.824074074074075,0.8888888888888901
0.5196280991735543,2.322265625,2.7734375,0.19999999999999998,0.35000000000000003,0.24999999999999997,0.5000000000000001,0.2222222222222221,0.12962962962962962,0.23148148148148134,0.7000000000000003,0.8250000000000004,0.6000000000000002,0.6500000000000002,0.8425925925925936,0.8333333333333343,0.8888888888888901
0.5206611570247939,2.328125,2.77734375,0.19999999999999998,0.35000000000000003,0.24999999999999997,0.5250000000000001,0.2222222222222221,0.12962962962962962,0.23148148148148134,0.7000000000000003,0.8250000000000004,0.6000000000000002,0.6500000000000002,0.8425925925925936,0.8333333333333343,0.8888888888888901
0.5216942148760335,2.33203125,2.78125,0.19999999999999998,0.35000000000000003,0.24999999999999997,0.5250000000000001,0.2222222222222221,0.12962962962962962,0.23148148148148134,0.7000000000000003,0.8250000000000004,0.6000000000000002,0.6500000000000002,0.8425925925925936,0.8425925925925936,0.8888888888888901
0.5227272727272732,2.3359375,2.78515625,0.19999999999999998,0.35000000000000003,0.24999999999999997,0.5250000000000001,0.2222222222222221,0.12962962962962962,0.23148148148148134,0.7000000000000003,0.8250000000000004,0.6000000000000002,0.6500000000000002,0.8425925925925936,0.8425925925925936,0.8981481481481494
0.5237603305785128,2.341796875,2.7890625,0.19999999999999998,0.35000000000000003,0.24999999999999997,0.5250000000000001,0.23148148148148134,0.12962962962962962,0.23148148148148134,0.7000000000000003,0.8250000000000004,0.6000000000000002,0.6500000000000002,0.8425925925925936,0.8425925925925936,0.8981481481481494
0.5247933884297525,2.345703125,2.79296875,0.19999999999999998,0.35000000000000003,0.24999999999999997,0.5250000000000001,0.23148148148148134,0.1388888888888889,0.23148148148148134,0.7000000000000003,0.8250000000000004,0.6000000000000002,0.6500000000000002,0.8425925925925936,0.8425925925925936,0.8981481481481494
0.5258264462809922,2.349609375,2.796875,0.19999999999999998,0.35000000000000003,0.24999999999999997,0.5250000000000001,0.23148148148148134,0.14814814814814814,0.23148148148148134,0.7000000000000003,0.8250000000000004,0.6000000000000002,0.6500000000000002,0.8425925925925936,0.8425925925925936,0.8981481481481494
0.5268595041322319,2.353515625,2.802734375,0.19999999999999998,0.35000000000000003,0.24999999999999997,0.5250000000000001,0.23148148148148134,0.14814814814814814,0.23148148148148134,0.7000000000000003,0.8250000000000004,0.6000000000000002,0.6500000000000002,0.8425925925925936,0.8425925925925936,0.9074074074074087
0.5278925619834716,2.357421875,2.806640625,0.19999999999999998,0.35000000000000003,0.24999999999999997,0.5250000000000001,0.23148148148148134,0.14814814814814814,0.23148148148148134,0.7000000000000003,0.8250000000000004,0.6000000000000002,0.6500000000000002,0.8518518518518529,0.8425925925925936,0.9074074074074087
0.5289256198347113,2.361328125,2.810546875,0.19999999999999998,0.35000000000000003,0.24999999999999997,0.5250000000000001,0.23148148148148134,0.14814814814814814,0.23148148148148134,0.7000000000000003,0.8250000000000004,0.6000000000000002,0.6500000000000002,0.8518518518518529,0.8518518518518529,0.9074074074074087
0.529958677685951,2.365234375,2.814453125,0.19999999999999998,0.35000000000000003,0.24999999999999997,0.5250000000000001,0.23148148148148134,0.14814814814814814,0.23148148148148134,0.7000000000000003,0.8250000000000004,0.6000000000000002,0.6500000000000002,0.8518518518518529,0.8518518518518529,0.916666666666668
0.5309917355371905,2.37109375,2.818359375,0.19999999999999998,0.35000000000000003,0.27499999999999997,0.5250000000000001,0.23148148148148134,0.14814814814814814,0.23148148148148134,0.7000000000000003,0.8250000000000004,0.6000000000000002,0.6500000000000002,0.8518518518518529,0.8518518518518529,0.916666666666668
0.5320247933884302,2.376953125,2.82421875,0.19999999999999998,0.35000000000000003,0.27499999999999997,0.5250000000000001,0.2407407407407406,0.14814814814814814,0.23148148148148134,0.7000000000000003,0.8250000000000004,0.6000000000000002,0.6500000000000002,0.8518518518518529,0.8518518518518529,0.916666666666668
0.5330578512396699,2.380859375,2.828125,0.19999999999999998,0.35000000000000003,0.27499999999999997,0.5250000000000001,0.2407407407407406,0.15740740740740738,0.23148148148148134,0.7000000000000003,0.8250000000000004,0.6000000000000002,0.6500000000000002,0.8518518518518529,0.8518518518518529,0.916666666666668
0.5340909090909095,2.384765625,2.830078125,0.19999999999999998,0.35000000000000003,0.27499999999999997,0.5250000000000001,0.2407407407407406,0.15740740740740738,0.23148148148148134,0.7000000000000003,0.8250000000000004,0.6250000000000002,0.6500000000000002,0.8518518518518529,0.8518518518518529,0.916666666666668
0.5351239669421491,2.388671875,2.833984375,0.19999999999999998,0.35000000000000003,0.27499999999999997,0.5250000000000001,0.2407407407407406,0.15740740740740738,0.23148148148148134,0.7000000000000003,0.8250000000000004,0.6250000000000002,0.6500000000000002,0.8611111111111122,0.8518518518518529,0.916666666666668
0.5361570247933889,2.392578125,2.837890625,0.19999999999999998,0.35000000000000003,0.27499999999999997,0.5250000000000001,0.2407407407407406,0.15740740740740738,0.23148148148148134,0.7000000000000003,0.8250000000000004,0.6250000000000002,0.6500000000000002,0.8703703703703715,0.8518518518518529,0.916666666666668
0.5371900826446285,2.396484375,2.841796875,0.19999999999999998,0.35000000000000003,0.27499999999999997,0.5250000000000001,0.2407407407407406,0.15740740740740738,0.23148148148148134,0.7000000000000003,0.8250000000000004,0.6250000000000002,0.6500000000000002,0.8703703703703715,0.8518518518518529,0.9259259259259273
0.5382231404958683,2.400390625,2.845703125,0.19999999999999998,0.35000000000000003,0.27499999999999997,0.5250000000000001,0.2407407407407406,0.15740740740740738,0.23148148148148134,0.7000000000000003,0.8250000000000004,0.6250000000000002,0.6500000000000002,0.8703703703703715,0.8518518518518529,0.9351851851851866
0.5392561983471079,2.40625,2.849609375,0.22499999999999998,0.35000000000000003,0.27499999999999997,0.5250000000000001,0.2407407407407406,0.15740740740740738,0.23148148148148134,0.7000000000000003,0.8250000000000004,0.6250000000000002,0.6500000000000002,0.8703703703703715,0.8518518518518529,0.9351851851851866
0.5402892561983477,2.412109375,2.853515625,0.22499999999999998,0.37500000000000006,0.27499999999999997,0.5250000000000001,0.2407407407407406,0.15740740740740738,0.23148148148148134,0.7000000000000003,0.8250000000000004,0.6250000000000002,0.6500000000000002,0.8703703703703715,0.8518518518518529,0.9351851851851866
0.5413223140495872,2.41796875,2.859375,0.22499999999999998,0.37500000000000006,0.27499999999999997,0.5250000000000001,0.24999999999999983,0.15740740740740738,0.23148148148148134,0.7000000000000003,0.8250000000000004,0.6250000000000002,0.6500000000000002,0.8703703703703715,0.8518518518518529,0.9351851851851866
0.5423553719008269,2.421875,2.86328125,0.22499999999999998,0.37500000000000006,0.27499999999999997,0.5250000000000001,0.24999999999999983,0.16666666666666663,0.23148148148148134,0.7000000000000003,0.8250000000000004,0.6250000000000002,0.6500000000000002,0.8703703703703715,0.8518518518518529,0.9351851851851866
0.5433884297520666,2.42578125,2.8671875,0.22499999999999998,0.37500000000000006,0.27499999999999997,0.5250000000000001,0.24999999999999983,0.17592592592592587,0.23148148148148134,0.7000000000000003,0.8250000000000004,0.6250000000000002,0.6500000000000002,0.8703703703703715,0.8518518518518529,0.9351851851851866
0.5444214876033063,2.4296875,2.87109375,0.22499999999999998,0.37500000000000006,0.27499999999999997,0.5250000000000001,0.24999999999999983,0.17592592592592587,0.23148148148148134,0.7000000000000003,0.8250000000000004,0.6250000000000002,0.6500000000000002,0.8796296296296308,0.8518518518518529,0.9351851851851866
0.545454545454546,2.43359375,2.873046875,0.22499999999999998,0.37500000000000006,0.27499999999999997,0.5250000000000001,0.24999999999999983,0.17592592592592587,0.23148148148148134,0.7000000000000003,0.8250000000000004,0.6250000000000002,0.6500000000000002,0.8888888888888901,0.8518518518518529,0.9351851851851866
0.5464876033057856,2.4375,2.876953125,0.22499999999999998,0.37500000000000006,0.27499999999999997,0.5250000000000001,0.24999999999999983,0.17592592592592587,0.23148148148148134,0.7000000000000003,0.8250000000000004,0.6500000000000002,0.6500000000000002,0.8888888888888901,0.8518518518518529,0.9351851851851866
0.5475206611570254,2.44140625,2.880859375,0.22499999999999998,0.37500000000000006,0.27499999999999997,0.5250000000000001,0.24999999999999983,0.17592592592592587,0.23148148148148134,0.7000000000000003,0.8250000000000004,0.6500000000000002,0.6500000000000002,0.8888888888888901,0.8611111111111122,0.9351851851851866
0.548553719008265,2.4453125,2.884765625,0.22499999999999998,0.37500000000000006,0.27499999999999997,0.5250000000000001,0.24999999999999983,0.17592592592592587,0.23148148148148134,0.7000000000000003,0.8250000000000004,0.6500000000000002,0.6500000000000002,0.8981481481481494,0.8611111111111122,0.9351851851851866
0.5495867768595047,2.44921875,2.888671875,0.22499999999999998,0.37500000000000006,0.27499999999999997,0.5250000000000001,0.24999999999999983,0.17592592592592587,0.23148148148148134,0.7000000000000003,0.8250000000000004,0.6500000000000002,0.6500000000000002,0.8981481481481494,0.8703703703703715,0.9351851851851866
0.5506198347107443,2.453125,2.892578125,0.22499999999999998,0.37500000000000006,0.27499999999999997,0.5250000000000001,0.24999999999999983,0.17592592592592587,0.23148148148148134,0.7250000000000003,0.8250000000000004,0.6500000000000002,0.6500000000000002,0.8981481481481494,0.8703703703703715,0.9351851851851866
0.551652892561984,2.45703125,2.896484375,0.22499999999999998,0.37500000000000006,0.27499999999999997,0.5250000000000001,0.24999999999999983,0.17592592592592587,0.23148148148148134,0.7250000000000003,0.8250000000000004,0.6500000000000002,0.6750000000000003,0.8981481481481494,0.8703703703703715,0.9351851851851866
0.5526859504132238,2.4609375,2.900390625,0.22499999999999998,0.37500000000000006,0.27499999999999997,0.5250000000000001,0.24999999999999983,0.17592592592592587,0.23148148148148134,0.7250000000000003,0.8250000000000004,0.6500000000000002,0.6750000000000003,0.8981481481481494,0.8796296296296308,0.9351851851851866
0.5537190082644634,2.46484375,2.904296875,0.22499999999999998,0.37500000000000006,0.27499999999999997,0.5250000000000001,0.24999999999999983,0.17592592592592587,0.23148148148148134,0.7250000000000003,0.8250000000000004,0.6500000000000002,0.6750000000000003,0.8981481481481494,0.8888888888888901,0.9351851851851866
0.554752066115703,2.46875,2.91015625,0.22499999999999998,0.37500000000000006,0.27499999999999997,0.5250000000000001,0.24999999999999983,0.17592592592592587,0.23148148148148134,0.7250000000000003,0.8250000000000004,0.6500000000000002,0.6750000000000003,0.9074074074074087,0.8888888888888901,0.9351851851851866
0.5557851239669427,2.47265625,2.9140625,0.22499999999999998,0.37500000000000006,0.27499999999999997,0.5250000000000001,0.24999999999999983,0.17592592592592587,0.23148148148148134,0.7250000000000003,0.8250000000000004,0.6500000000000002,0.6750000000000003,0.9074074074074087,0.8981481481481494,0.9351851851851866
0.5568181818181824,2.4765625,2.916015625,0.22499999999999998,0.37500000000000006,0.27499999999999997,0.5250000000000001,0.24999999999999983,0.17592592592592587,0.23148148148148134,0.7250000000000003,0.8250000000000004,0.6500000000000002,0.6750000000000003,0.9074074074074087,0.8981481481481494,0.9444444444444459
0.5578512396694222,2.48046875,2.921875,0.22499999999999998,0.37500000000000006,0.27499999999999997,0.5250000000000001,0.24999999999999983,0.17592592592592587,0.23148148148148134,0.7250000000000003,0.8500000000000004,0.6500000000000002,0.6750000000000003,0.9074074074074087,0.8981481481481494,0.9444444444444459
0.5588842975206618,2.484375,2.921875,0.22499999999999998,0.37500000000000006,0.27499999999999997,0.5250000000000001,0.24999999999999983,0.17592592592592587,0.23148148148148134,0.7250000000000003,0.8500000000000004,0.6500000000000002,0.6750000000000003,0.9074074074074087,0.8981481481481494,0.9537037037037052
0.5599173553719015,2.490234375,2.927734375,0.22499999999999998,0.37500000000000006,0.3,0.5250000000000001,0.24999999999999983,0.17592592592592587,0.23148148148148134,0.7250000000000003,0.8500000000000004,0.6500000000000002,0.6750000000000003,0.9074074074074087,0.8981481481481494,0.9537037037037052
0.5609504132231411,2.494140625,2.931640625,0.22499999999999998,0.37500000000000006,0.3,0.5250000000000001,0.24999999999999983,0.18518518518518512,0.23148148148148134,0.7250000000000003,0.8500000000000004,0.6500000000000002,0.6750000000000003,0.9074074074074087,0.8981481481481494,0.9537037037037052
0.5619834710743807,2.498046875,2.935546875,0.22499999999999998,0.37500000000000006,0.3,0.5250000000000001,0.24999999999999983,0.18518518518518512,0.23148148148148134,0.7250000000000003,0.8500000000000004,0.6500000000000002,0.6750000000000003,0.916666666666668,0.8981481481481494,0.9537037037037052
0.5630165289256205,2.501953125,2.939453125,0.22499999999999998,0.37500000000000006,0.3,0.5250000000000001,0.24999999999999983,0.18518518518518512,0.23148148148148134,0.7250000000000003,0.8500000000000004,0.6500000000000002,0.6750000000000003,0.9259259259259273,0.8981481481481494,0.9537037037037052
0.56404958677686,2.505859375,2.943359375,0.22499999999999998,0.37500000000000006,0.3,0.5250000000000001,0.24999999999999983,0.18518518518518512,0.23148148148148134,0.7250000000000003,0.8500000000000004,0.6500000000000002,0.6750000000000003,0.9259259259259273,0.9074074074074087,0.9537037037037052
0.5650826446280998,2.51171875,2.947265625,0.22499999999999998,0.37500000000000006,0.3,0.5500000000000002,0.24999999999999983,0.18518518518518512,0.23148148148148134,0.7250000000000003,0.8500000000000004,0.6500000000000002,0.6750000000000003,0.9259259259259273,0.9074074074074087,0.9537037037037052
0.5661157024793394,2.515625,2.94921875,0.22499999999999998,0.37500000000000006,0.3,0.5500000000000002,0.24999999999999983,0.18518518518518512,0.23148148148148134,0.7250000000000003,0.8750000000000004,0.6500000000000002,0.6750000000000003,0.9259259259259273,0.9074074074074087,0.9537037037037052
0.5671487603305791,2.521484375,2.955078125,0.22499999999999998,0.37500000000000006,0.3,0.5500000000000002,0.2592592592592591,0.18518518518518512,0.23148148148148134,0.7250000000000003,0.8750000000000004,0.6500000000000002,0.6750000000000003,0.9259259259259273,0.9074074074074087,0.9537037037037052
0.5681818181818188,2.525390625,2.958984375,0.22499999999999998,0.37500000000000006,0.3,0.5500000000000002,0.2685185185185183,0.18518518518518512,0.23148148148148134,0.7250000000000003,0.8750000000000004,0.6500000000000002,0.6750000000000003,0.9259259259259273,0.9074074074074087,0.9537037037037052
0.5692148760330585,2.529296875,2.9609375,0.22499999999999998,0.37500000000000006,0.3,0.5500000000000002,0.2685185185185183,0.19444444444444436,0.23148148148148134,0.7250000000000003,0.8750000000000004,0.6500000000000002,0.6750000000000003,0.9259259259259273,0.9074074074074087,0.9537037037037052
0.5702479338842982,2.533203125,2.966796875,0.22499999999999998,0.37500000000000006,0.3,0.5500000000000002,0.2685185185185183,0.19444444444444436,0.23148148148148134,0.7250000000000003,0.8750000000000004,0.6500000000000002,0.6750000000000003,0.9259259259259273,0.916666666666668,0.9537037037037052
0.5712809917355378,2.537109375,2.96875,0.22499999999999998,0.37500000000000006,0.3,0.5500000000000002,0.2685185185185183,0.19444444444444436,0.23148148148148134,0.7250000000000003,0.8750000000000004,0.6500000000000002,0.6750000000000003,0.9351851851851866,0.916666666666668,0.9537037037037052
0.5723140495867776,2.541015625,2.974609375,0.22499999999999998,0.37500000000000006,0.3,0.5500000000000002,0.2685185185185183,0.19444444444444436,0.23148148148148134,0.7250000000000003,0.8750000000000004,0.6500000000000002,0.6750000000000003,0.9351851851851866,0.9259259259259273,0.9537037037037052
0.5733471074380172,2.544921875,2.9765625,0.22499999999999998,0.37500000000000006,0.3,0.5500000000000002,0.2685185185185183,0.19444444444444436,0.23148148148148134,0.7250000000000003,0.8750000000000004,0.6500000000000002,0.6750000000000003,0.9351851851851866,0.9259259259259273,0.9629629629629645
0.5743801652892568,2.548828125,2.978515625,0.22499999999999998,0.37500000000000006,0.3,0.5500000000000002,0.2685185185185183,0.19444444444444436,0.23148148148148134,0.7250000000000003,0.8750000000000004,0.6500000000000002,0.6750000000000003,0.9351851851851866,0.9351851851851866,0.9629629629629645
0.5754132231404965,2.5546875,2.982421875,0.22499999999999998,0.37500000000000006,0.3,0.5500000000000002,0.27777777777777757,0.19444444444444436,0.23148148148148134,0.7250000000000003,0.8750000000000004,0.6500000000000002,0.6750000000000003,0.9351851851851866,0.9351851851851866,0.9629629629629645
0.5764462809917362,2.55859375,2.986328125,0.22499999999999998,0.37500000000000006,0.3,0.5500000000000002,0.27777777777777757,0.2037037037037036,0.23148148148148134,0.7250000000000003,0.8750000000000004,0.6500000000000002,0.6750000000000003,0.9351851851851866,0.9351851851851866,0.9629629629629645
0.5774793388429758,2.5625,2.990234375,0.22499999999999998,0.37500000000000006,0.3,0.5500000000000002,0.27777777777777757,0.21296296296296285,0.23148148148148134,0.7250000000000003,0.8750000000000004,0.6500000000000002,0.6750000000000003,0.9351851851851866,0.9351851851851866,0.9629629629629645
0.5785123966942156,2.56640625,2.994140625,0.22499999999999998,0.37500000000000006,0.3,0.5500000000000002,0.27777777777777757,0.2222222222222221,0.23148148148148134,0.7250000000000003,0.8750000000000004,0.6500000000000002,0.6750000000000003,0.9351851851851866,0.9351851851851866,0.9629629629629645
0.5795454545454551,2.572265625,2.998046875,0.22499999999999998,0.4000000000000001,0.3,0.5500000000000002,0.27777777777777757,0.2222222222222221,0.23148148148148134,0.7250000000000003,0.8750000000000004,0.6500000000000002,0.6750000000000003,0.9351851851851866,0.9351851851851866,0.9629629629629645
0.5805785123966948,2.576171875,3.001953125,0.22499999999999998,0.4000000000000001,0.3,0.5500000000000002,0.27777777777777757,0.2222222222222221,0.23148148148148134,0.7250000000000003,0.8750000000000004,0.6500000000000002,0.6750000000000003,0.9444444444444459,0.9351851851851866,0.9629629629629645
0.5816115702479345,2.580078125,3.005859375,0.22499999999999998,0.4000000000000001,0.3,0.5500000000000002,0.27777777777777757,0.2222222222222221,0.23148148148148134,0.7250000000000003,0.8750000000000004,0.6500000000000002,0.6750000000000003,0.9444444444444459,0.9444444444444459,0.9629629629629645
0.5826446280991742,2.583984375,3.0078125,0.22499999999999998,0.4000000000000001,0.3,0.5500000000000002,0.27777777777777757,0.2222222222222221,0.23148148148148134,0.7250000000000003,0.8750000000000004,0.6500000000000002,0.6750000000000003,0.9444444444444459,0.9444444444444459,0.9722222222222238
0.5836776859504139,2.58984375,3.01171875,0.22499999999999998,0.4000000000000001,0.325,0.5500000000000002,0.27777777777777757,0.2222222222222221,0.23148148148148134,0.7250000000000003,0.8750000000000004,0.6500000000000002,0.6750000000000003,0.9444444444444459,0.9444444444444459,0.9722222222222238
0.5847107438016536,2.59375,3.015625,0.22499999999999998,0.4000000000000001,0.325,0.5500000000000002,0.27777777777777757,0.23148148148148134,0.23148148148148134,0.7250000000000003,0.8750000000000004,0.6500000000000002,0.6750000000000003,0.9444444444444459,0.9444444444444459,0.9722222222222238
0.5857438016528933,2.59765625,3.01953125,0.22499999999999998,0.4000000000000001,0.325,0.5500000000000002,0.27777777777777757,0.23148148148148134,0.23148148148148134,0.7500000000000003,0.8750000000000004,0.6500000000000002,0.6750000000000003,0.9444444444444459,0.9444444444444459,0.9722222222222238
0.5867768595041329,2.603515625,3.0234375,0.22499999999999998,0.4000000000000001,0.325,0.5500000000000002,0.2870370370370368,0.23148148148148134,0.23148148148148134,0.7500000000000003,0.8750000000000004,0.6500000000000002,0.6750000000000003,0.9444444444444459,0.9444444444444459,0.9722222222222238
0.5878099173553725,2.607421875,3.02734375,0.22499999999999998,0.4000000000000001,0.325,0.5500000000000002,0.29629629629629606,0.23148148148148134,0.23148148148148134,0.7500000000000003,0.8750000000000004,0.6500000000000002,0.6750000000000003,0.9444444444444459,0.9444444444444459,0.9722222222222238
0.5888429752066122,2.611328125,3.029296875,0.22499999999999998,0.4000000000000001,0.325,0.5500000000000002,0.29629629629629606,0.23148148148148134,0.23148148148148134,0.7750000000000004,0.8750000000000004,0.6500000000000002,0.6750000000000003,0.9444444444444459,0.9444444444444459,0.9722222222222238
0.5898760330578519,2.615234375,3.033203125,0.22499999999999998,0.4000000000000001,0.325,0.5500000000000002,0.29629629629629606,0.23148148148148134,0.23148148148148134,0.7750000000000004,0.8750000000000004,0.6750000000000003,0.6750000000000003,0.9444444444444459,0.9444444444444459,0.9722222222222238
0.5909090909090915,2.619140625,3.037109375,0.22499999999999998,0.4000000000000001,0.325,0.5500000000000002,0.29629629629629606,0.23148148148148134,0.23148148148148134,0.7750000000000004,0.8750000000000004,0.7000000000000003,0.6750000000000003,0.9444444444444459,0.9444444444444459,0.9722222222222238
0.5919421487603312,2.623046875,3.0390625,0.22499999999999998,0.4000000000000001,0.325,0.5500000000000002,0.29629629629629606,0.23148148148148134,0.23148148148148134,0.7750000000000004,0.8750000000000004,0.7000000000000003,0.6750000000000003,0.9537037037037052,0.9444444444444459,0.9722222222222238
0.5929752066115709,2.62890625,3.04296875,0.24999999999999997,0.4000000000000001,0.325,0.5500000000000002,0.29629629629629606,0.23148148148148134,0.23148148148148134,0.7750000000000004,0.8750000000000004,0.7000000000000003,0.6750000000000003,0.9537037037037052,0.9444444444444459,0.9722222222222238
0.5940082644628104,2.6328125,3.046875,0.24999999999999997,0.4000000000000001,0.325,0.5500000000000002,0.29629629629629606,0.23148148148148134,0.23148148148148134,0.7750000000000004,0.8750000000000004,0.7000000000000003,0.6750000000000003,0.9629629629629645,0.9444444444444459,0.9722222222222238
0.5950413223140503,2.638671875,3.048828125,0.24999999999999997,0.4000000000000001,0.35000000000000003,0.5500000000000002,0.29629629629629606,0.23148148148148134,0.23148148148148134,0.7750000000000004,0.8750000000000004,0.7000000000000003,0.6750000000000003,0.9629629629629645,0.9444444444444459,0.9722222222222238
0.59607438016529,2.642578125,3.052734375,0.24999999999999997,0.4000000000000001,0.35000000000000003,0.5500000000000002,0.29629629629629606,0.23148148148148134,0.23148148148148134,0.7750000000000004,0.8750000000000004,0.7000000000000003,0.6750000000000003,0.9629629629629645,0.9537037037037052,0.9722222222222238
0.5971074380165295,2.6484375,3.056640625,0.24999999999999997,0.4000000000000001,0.35000000000000003,0.5750000000000002,0.29629629629629606,0.23148148148148134,0.23148148148148134,0.7750000000000004,0.8750000000000004,0.7000000000000003,0.6750000000000003,0.9629629629629645,0.9537037037037052,0.9722222222222238
0.5981404958677692,2.654296875,3.060546875,0.24999999999999997,0.4000000000000001,0.35000000000000003,0.5750000000000002,0.3055555555555553,0.23148148148148134,0.23148148148148134,0.7750000000000004,0.8750000000000004,0.7000000000000003,0.6750000000000003,0.9629629629629645,0.9537037037037052,0.9722222222222238
0.5991735537190089,2.658203125,3.064453125,0.24999999999999997,0.4000000000000001,0.35000000000000003,0.5750000000000002,0.31481481481481455,0.23148148148148134,0.23148148148148134,0.7750000000000004,0.8750000000000004,0.7000000000000003,0.6750000000000003,0.9629629629629645,0.9537037037037052,0.9722222222222238
0.6002066115702486,2.662109375,3.068359375,0.24999999999999997,0.4000000000000001,0.35000000000000003,0.5750000000000002,0.31481481481481455,0.2407407407407406,0.23148148148148134,0.7750000000000004,0.8750000000000004,0.7000000000000003,0.6750000000000003,0.9629629629629645,0.9537037037037052,0.9722222222222238
