Effective Sparsity,Activation Error,Baseline Error,q0,k0,v0,o0,gate0,up0,down0,q1,k1,v1,o1,gate1,up1,down1
0.0009615384615384615,8.52346420288086e-05,0.0021114349365234375,0.0,0.0,0.0,0.0,0.0,0.0,0.0,0.0,0.0,0.0,0.0,0.0,0.0,0.007142857142857143
0.001923076923076923,0.00014221668243408203,0.0021114349365234375,0.0,0.0,0.0,0.0,0.0,0.0,0.0,0.0,0.0,0.0,0.0,0.007142857142857143,0.0,0.007142857142857143
0.0028846153846153843,0.00018346309661865234,0.0021114349365234375,0.0,0.0,0.0,0.0,0.0,0.0,0.0,0.0,0.0,0.0,0.0,0.007142857142857143,0.007142857142857143,0.007142857142857143
0.003846153846153846,0.00024318695068359375,0.0021114349365234375,0.0,0.0,0.0,0.0,0.0,0.0,0.007142857142857143,0.0,0.0,0.0,0.0,0.007142857142857143,0.007142857142857143,0.007142857142857143
0.004807692307692307,0.0002987384796142578,0.0021114349365234375,0.0,0.0,0.0,0.0,0.007142857142857143,0.0,0.007142857142857143,0.0,0.0,0.0,0.0,0.007142857142857143,0.007142857142857143,0.007142857142857143
0.005769230769230769,0.0003631114959716797,0.0021114349365234375,0.0,0.0,0.0,0.0,0.007142857142857143,0.007142857142857143,0.007142857142857143,0.0,0.0,0.0,0.0,0.007142857142857143,0.007142857142857143,0.007142857142857143
0.00673076923076923,0.0008411407470703125,0.0021114349365234375,0.0,0.0,0.0,0.0,0.007142857142857143,0.007142857142857143,0.007142857142857143,0.0,0.0,0.0,0.0,0.007142857142857143,0.007142857142857143,0.014285714285714285
0.007692307692307692,0.0012254714965820312,0.0021114349365234375,0.0,0.0,0.0,0.0,0.007142857142857143,0.007142857142857143,0.007142857142857143,0.0,0.0,0.0,0.0,0.007142857142857143,0.007142857142857143,0.02142857142857143
0.008653846153846153,0.0017557144165039062,0.0021114349365234375,0.0,0.0,0.0,0.0,0.007142857142857143,0.007142857142857143,0.014285714285714285,0.0,0.0,0.0,0.0,0.007142857142857143,0.007142857142857143,0.02142857142857143
0.009615384615384616,0.0022106170654296875,0.0021114349365234375,0.0,0.0,0.0,0.0,0.007142857142857143,0.007142857142857143,0.014285714285714285,0.0,0.0,0.0,0.0,0.007142857142857143,0.007142857142857143,0.02857142857142857
0.010576923076923076,0.0026760101318359375,0.01123809814453125,0.0,0.0,0.0,0.0,0.007142857142857143,0.007142857142857143,0.02142857142857143,0.0,0.0,0.0,0.0,0.007142857142857143,0.007142857142857143,0.02857142857142857
0.011538461538461537,0.003147125244140625,0.01202392578125,0.0,0.0,0.0,0.0,0.007142857142857143,0.007142857142857143,0.02142857142857143,0.0,0.0,0.0,0.0,0.007142857142857143,0.007142857142857143,0.03571428571428571
0.012499999999999999,0.0036468505859375,0.01282501220703125,0.0,0.0,0.0,0.0,0.007142857142857143,0.007142857142857143,0.02142857142857143,0.025,0.0,0.0,0.0,0.007142857142857143,0.007142857142857143,0.03571428571428571
0.01346153846153846,0.00421905517578125,0.0136566162109375,0.0,0.0,0.0,0.0,0.007142857142857143,0.007142857142857143,0.02142857142857143,0.025,0.0,0.0,0.0,0.007142857142857143,0.007142857142857143,0.04285714285714286
0.014423076923076924,0.004772186279296875,0.014312744140625,0.0,0.0,0.0,0.0,0.007142857142857143,0.007142857142857143,0.02857142857142857,0.025,0.0,0.0,0.0,0.007142857142857143,0.007142857142857143,0.04285714285714286
0.015384615384615384,0.005466461181640625,0.015167236328125,0.0,0.0,0.0,0.0,0.007142857142857143,0.007142857142857143,0.02857142857142857,0.025,0.0,0.0,0.0,0.014285714285714285,0.007142857142857143,0.04285714285714286
0.016346153846153844,0.006103515625,0.0157470703125,0.0,0.0,0.0,0.0,0.007142857142857143,0.007142857142857143,0.03571428571428571,0.025,0.0,0.0,0.0,0.014285714285714285,0.007142857142857143,0.04285714285714286
0.017307692307692305,0.006694793701171875,0.0164642333984375,0.0,0.0,0.0,0.0,0.007142857142857143,0.007142857142857143,0.03571428571428571,0.025,0.0,0.0,0.0,0.014285714285714285,0.007142857142857143,0.05
0.018269230769230767,0.007251739501953125,0.017059326171875,0.0,0.0,0.0,0.0,0.007142857142857143,0.007142857142857143,0.03571428571428571,0.05,0.0,0.0,0.0,0.014285714285714285,0.007142857142857143,0.05
0.019230769230769232,0.007781982421875,0.0179443359375,0.025,0.0,0.0,0.0,0.007142857142857143,0.007142857142857143,0.03571428571428571,0.05,0.0,0.0,0.0,0.014285714285714285,0.007142857142857143,0.05
0.020192307692307693,0.008270263671875,0.018646240234375,0.025,0.0,0.0,0.0,0.007142857142857143,0.007142857142857143,0.03571428571428571,0.05,0.0,0.0,0.0,0.02142857142857143,0.007142857142857143,0.05
0.021153846153846155,0.00884246826171875,0.0193023681640625,0.025,0.0,0.0,0.0,0.007142857142857143,0.007142857142857143,0.03571428571428571,0.05,0.0,0.0,0.0,0.02142857142857143,0.014285714285714285,0.05
0.022115384615384613,0.0093841552734375,0.0199432373046875,0.025,0.0,0.0,0.0,0.007142857142857143,0.007142857142857143,0.03571428571428571,0.05,0.0,0.0,0.0,0.02142857142857143,0.014285714285714285,0.05714285714285715
0.023076923076923075,0.009918212890625,0.0206756591796875,0.025,0.0,0.0,0.0,0.007142857142857143,0.007142857142857143,0.03571428571428571,0.05,0.0,0.0,0.0,0.02857142857142857,0.014285714285714285,0.05714285714285715
0.02403846153846154,0.01043701171875,0.02130126953125,0.025,0.0,0.0,0.0,0.007142857142857143,0.007142857142857143,0.03571428571428571,0.07500000000000001,0.0,0.0,0.0,0.02857142857142857,0.014285714285714285,0.05714285714285715
0.025,0.01094818115234375,0.02178955078125,0.025,0.0,0.0,0.0,0.007142857142857143,0.007142857142857143,0.03571428571428571,0.07500000000000001,0.0,0.0,0.0,0.02857142857142857,0.02142857142857143,0.05714285714285715
0.025961538461538463,0.011474609375,0.0224609375,0.025,0.0,0.0,0.0,0.007142857142857143,0.007142857142857143,0.03571428571428571,0.07500000000000001,0.0,0.0,0.0,0.03571428571428571,0.02142857142857143,0.05714285714285715
0.026923076923076925,0.01203155517578125,0.0232086181640625,0.025,0.0,0.0,0.0,0.007142857142857143,0.007142857142857143,0.03571428571428571,0.07500000000000001,0.0,0.0,0.0,0.03571428571428571,0.02142857142857143,0.0642857142857143
0.02788461538461539,0.01258087158203125,0.023956298828125,0.025,0.0,0.0,0.0,0.007142857142857143,0.007142857142857143,0.04285714285714286,0.07500000000000001,0.0,0.0,0.0,0.03571428571428571,0.02142857142857143,0.0642857142857143
0.028846153846153848,0.01314544677734375,0.0246734619140625,0.025,0.0,0.0,0.0,0.007142857142857143,0.007142857142857143,0.04285714285714286,0.1,0.0,0.0,0.0,0.03571428571428571,0.02142857142857143,0.0642857142857143
0.029807692307692306,0.01367950439453125,0.0252685546875,0.025,0.0,0.0,0.0,0.007142857142857143,0.007142857142857143,0.04285714285714286,0.1,0.0,0.0,0.0,0.03571428571428571,0.02857142857142857,0.0642857142857143
0.03076923076923077,0.01424407958984375,0.02587890625,0.025,0.0,0.0,0.0,0.007142857142857143,0.007142857142857143,0.04285714285714286,0.1,0.0,0.0,0.025,0.03571428571428571,0.02857142857142857,0.0642857142857143
0.03173076923076923,0.01479339599609375,0.0264892578125,0.025,0.0,0.0,0.0,0.007142857142857143,0.007142857142857143,0.04285714285714286,0.1,0.0,0.0,0.025,0.04285714285714286,0.02857142857142857,0.0642857142857143
0.032692307692307694,0.01531982421875,0.0269927978515625,0.025,0.0,0.0,0.0,0.007142857142857143,0.007142857142857143,0.04285714285714286,0.1,0.0,0.0,0.025,0.04285714285714286,0.02857142857142857,0.07142857142857144
0.03365384615384615,0.0158843994140625,0.0275421142578125,0.025,0.0,0.0,0.0,0.007142857142857143,0.007142857142857143,0.04285714285714286,0.125,0.0,0.0,0.025,0.04285714285714286,0.02857142857142857,0.07142857142857144
0.03461538461538462,0.01641845703125,0.0283203125,0.025,0.0,0.0,0.0,0.007142857142857143,0.007142857142857143,0.04285714285714286,0.125,0.0,0.0,0.025,0.04285714285714286,0.03571428571428571,0.07142857142857144
0.035576923076923075,0.0169830322265625,0.028961181640625,0.025,0.0,0.0,0.0,0.007142857142857143,0.007142857142857143,0.04285714285714286,0.125,0.1,0.0,0.025,0.04285714285714286,0.03571428571428571,0.07142857142857144
0.03653846153846154,0.0175323486328125,0.029571533203125,0.025,0.0,0.0,0.0,0.007142857142857143,0.007142857142857143,0.04285714285714286,0.125,0.1,0.0,0.025,0.04285714285714286,0.03571428571428571,0.07857142857142858
0.037500000000000006,0.018096923828125,0.0301513671875,0.025,0.0,0.0,0.0,0.007142857142857143,0.007142857142857143,0.04285714285714286,0.15,0.1,0.0,0.025,0.04285714285714286,0.03571428571428571,0.07857142857142858
0.038461538461538464,0.018646240234375,0.0307769775390625,0.025,0.0,0.0,0.0,0.007142857142857143,0.007142857142857143,0.04285714285714286,0.15,0.1,0.0,0.025,0.05,0.03571428571428571,0.07857142857142858
0.03942307692307692,0.019195556640625,0.031402587890625,0.025,0.0,0.0,0.0,0.007142857142857143,0.007142857142857143,0.04285714285714286,0.15,0.1,0.0,0.025,0.05714285714285715,0.03571428571428571,0.07857142857142858
0.04038461538461539,0.019744873046875,0.032135009765625,0.025,0.0,0.0,0.0,0.007142857142857143,0.007142857142857143,0.04285714285714286,0.15,0.1,0.0,0.025,0.05714285714285715,0.03571428571428571,0.08571428571428573
0.04134615384615385,0.020294189453125,0.0328369140625,0.025,0.0,0.0,0.0,0.007142857142857143,0.007142857142857143,0.04285714285714286,0.15,0.1,0.0,0.025,0.0642857142857143,0.03571428571428571,0.08571428571428573
0.04230769230769231,0.020843505859375,0.03350830078125,0.05,0.0,0.0,0.0,0.007142857142857143,0.007142857142857143,0.04285714285714286,0.15,0.1,0.0,0.025,0.0642857142857143,0.03571428571428571,0.08571428571428573
0.043269230769230775,0.021392822265625,0.034210205078125,0.05,0.0,0.0,0.0,0.014285714285714285,0.007142857142857143,0.04285714285714286,0.15,0.1,0.0,0.025,0.0642857142857143,0.03571428571428571,0.08571428571428573
0.04423076923076923,0.0218963623046875,0.034942626953125,0.05,0.0,0.0,0.0,0.014285714285714285,0.007142857142857143,0.05,0.15,0.1,0.0,0.025,0.0642857142857143,0.03571428571428571,0.08571428571428573
0.04519230769230769,0.0224456787109375,0.0355224609375,0.05,0.0,0.0,0.0,0.02142857142857143,0.007142857142857143,0.05,0.15,0.1,0.0,0.025,0.0642857142857143,0.03571428571428571,0.08571428571428573
0.04615384615384616,0.02294921875,0.03619384765625,0.05,0.0,0.0,0.0,0.02142857142857143,0.007142857142857143,0.05,0.15,0.1,0.0,0.025,0.0642857142857143,0.04285714285714286,0.08571428571428573
0.04711538461538462,0.0234832763671875,0.036773681640625,0.05,0.0,0.0,0.0,0.02142857142857143,0.007142857142857143,0.05,0.175,0.1,0.0,0.025,0.0642857142857143,0.04285714285714286,0.08571428571428573
0.04807692307692309,0.0240020751953125,0.037628173828125,0.05,0.0,0.0,0.0,0.02142857142857143,0.007142857142857143,0.05,0.175,0.1,0.0,0.025,0.0642857142857143,0.04285714285714286,0.09285714285714287
0.049038461538461545,0.0245361328125,0.038330078125,0.05,0.0,0.0,0.0,0.02142857142857143,0.007142857142857143,0.05,0.175,0.1,0.0,0.025,0.07142857142857144,0.04285714285714286,0.09285714285714287
0.05000000000000001,0.0250701904296875,0.0390625,0.05,0.0,0.0,0.0,0.02142857142857143,0.007142857142857143,0.05,0.175,0.1,0.0,0.025,0.07142857142857144,0.04285714285714286,0.10000000000000002
0.05096153846153847,0.025604248046875,0.039794921875,0.05,0.0,0.0,0.0,0.02142857142857143,0.007142857142857143,0.05,0.175,0.1,0.0,0.025,0.07142857142857144,0.05,0.10000000000000002
0.05192307692307693,0.0261383056640625,0.0406494140625,0.05,0.0,0.0,0.0,0.02142857142857143,0.007142857142857143,0.05,0.19999999999999998,0.1,0.0,0.025,0.07142857142857144,0.05,0.10000000000000002
0.05288461538461539,0.0266571044921875,0.041259765625,0.05,0.0,0.0,0.0,0.02142857142857143,0.007142857142857143,0.05,0.19999999999999998,0.1,0.0,0.05,0.07142857142857144,0.05,0.10000000000000002
0.05384615384615386,0.027191162109375,0.041961669921875,0.05,0.0,0.0,0.0,0.02142857142857143,0.007142857142857143,0.05,0.22499999999999998,0.1,0.0,0.05,0.07142857142857144,0.05,0.10000000000000002
0.05480769230769232,0.0277099609375,0.04278564453125,0.05,0.0,0.0,0.0,0.02142857142857143,0.007142857142857143,0.05,0.22499999999999998,0.1,0.0,0.05,0.07142857142857144,0.05,0.10714285714285716
0.05576923076923078,0.0282440185546875,0.04351806640625,0.05,0.0,0.0,0.0,0.02142857142857143,0.007142857142857143,0.05714285714285715,0.22499999999999998,0.1,0.0,0.05,0.07142857142857144,0.05,0.10714285714285716
0.05673076923076924,0.0287628173828125,0.04412841796875,0.05,0.0,0.0,0.0,0.02142857142857143,0.007142857142857143,0.05714285714285715,0.22499999999999998,0.1,0.0,0.05,0.07857142857142858,0.05,0.10714285714285716
0.057692307692307696,0.029266357421875,0.044647216796875,0.05,0.0,0.0,0.0,0.02142857142857143,0.007142857142857143,0.05714285714285715,0.22499999999999998,0.1,0.0,0.05,0.08571428571428573,0.05,0.10714285714285716
0.05865384615384616,0.029754638671875,0.0452880859375,0.05,0.0,0.0,0.0,0.02142857142857143,0.007142857142857143,0.05714285714285715,0.22499999999999998,0.1,0.0,0.05,0.08571428571428573,0.05714285714285715,0.10714285714285716
0.059615384615384626,0.0302734375,0.046051025390625,0.05,0.0,0.0,0.0,0.02142857142857143,0.007142857142857143,0.05714285714285715,0.22499999999999998,0.1,0.0,0.05,0.08571428571428573,0.05714285714285715,0.11428571428571431
0.060576923076923084,0.0308074951171875,0.046630859375,0.05,0.0,0.0,0.0,0.02857142857142857,0.007142857142857143,0.05714285714285715,0.22499999999999998,0.1,0.0,0.05,0.08571428571428573,0.05714285714285715,0.11428571428571431
0.06153846153846154,0.031341552734375,0.0472412109375,0.05,0.0,0.0,0.0,0.02857142857142857,0.014285714285714285,0.05714285714285715,0.22499999999999998,0.1,0.0,0.05,0.08571428571428573,0.05714285714285715,0.11428571428571431
0.06250000000000001,0.0318603515625,0.04791259765625,0.05,0.0,0.0,0.0,0.02857142857142857,0.014285714285714285,0.05714285714285715,0.22499999999999998,0.1,0.0,0.05,0.09285714285714287,0.05714285714285715,0.11428571428571431
0.06346153846153847,0.0323486328125,0.04852294921875,0.05,0.0,0.0,0.0,0.02857142857142857,0.014285714285714285,0.05714285714285715,0.22499999999999998,0.1,0.0,0.05,0.09285714285714287,0.05714285714285715,0.12142857142857146
0.06442307692307693,0.032867431640625,0.04913330078125,0.05,0.0,0.0,0.0,0.02857142857142857,0.014285714285714285,0.05714285714285715,0.22499999999999998,0.1,0.0,0.05,0.09285714285714287,0.0642857142857143,0.12142857142857146
0.06538461538461539,0.03338623046875,0.049896240234375,0.05,0.0,0.0,0.0,0.03571428571428571,0.014285714285714285,0.05714285714285715,0.22499999999999998,0.1,0.0,0.05,0.09285714285714287,0.0642857142857143,0.12142857142857146
0.06634615384615386,0.033905029296875,0.050537109375,0.05,0.0,0.0,0.0,0.03571428571428571,0.014285714285714285,0.05714285714285715,0.24999999999999997,0.1,0.0,0.05,0.09285714285714287,0.0642857142857143,0.12142857142857146
0.06730769230769232,0.034393310546875,0.051239013671875,0.05,0.0,0.0,0.0,0.03571428571428571,0.014285714285714285,0.05714285714285715,0.24999999999999997,0.1,0.0,0.05,0.10000000000000002,0.0642857142857143,0.12142857142857146
0.06826923076923078,0.034881591796875,0.0518798828125,0.05,0.0,0.0,0.0,0.03571428571428571,0.014285714285714285,0.05714285714285715,0.24999999999999997,0.1,0.0,0.05,0.10714285714285716,0.0642857142857143,0.12142857142857146
0.06923076923076923,0.035400390625,0.052581787109375,0.07500000000000001,0.0,0.0,0.0,0.03571428571428571,0.014285714285714285,0.05714285714285715,0.24999999999999997,0.1,0.0,0.05,0.10714285714285716,0.0642857142857143,0.12142857142857146
0.07019230769230769,0.035919189453125,0.053192138671875,0.07500000000000001,0.0,0.0,0.0,0.03571428571428571,0.02142857142857143,0.05714285714285715,0.24999999999999997,0.1,0.0,0.05,0.10714285714285716,0.0642857142857143,0.12142857142857146
0.07115384615384616,0.036407470703125,0.053802490234375,0.07500000000000001,0.0,0.0,0.0,0.03571428571428571,0.02142857142857143,0.0642857142857143,0.24999999999999997,0.1,0.0,0.05,0.10714285714285716,0.0642857142857143,0.12142857142857146
0.07211538461538464,0.036895751953125,0.054473876953125,0.07500000000000001,0.0,0.0,0.0,0.03571428571428571,0.02142857142857143,0.0642857142857143,0.24999999999999997,0.1,0.0,0.05,0.10714285714285716,0.0642857142857143,0.1285714285714286
0.0730769230769231,0.037384033203125,0.0552978515625,0.07500000000000001,0.0,0.0,0.0,0.03571428571428571,0.02142857142857143,0.0642857142857143,0.27499999999999997,0.1,0.0,0.05,0.10714285714285716,0.0642857142857143,0.1285714285714286
0.07403846153846155,0.037872314453125,0.05584716796875,0.07500000000000001,0.0,0.0,0.0,0.03571428571428571,0.02142857142857143,0.0642857142857143,0.27499999999999997,0.1,0.0,0.05,0.10714285714285716,0.07142857142857144,0.1285714285714286
0.07500000000000001,0.038360595703125,0.05657958984375,0.07500000000000001,0.0,0.0,0.0,0.03571428571428571,0.02142857142857143,0.0642857142857143,0.27499999999999997,0.1,0.0,0.05,0.10714285714285716,0.07142857142857144,0.13571428571428573
0.07596153846153847,0.038848876953125,0.057464599609375,0.07500000000000001,0.0,0.0,0.025,0.03571428571428571,0.02142857142857143,0.0642857142857143,0.27499999999999997,0.1,0.0,0.05,0.10714285714285716,0.07142857142857144,0.13571428571428573
0.07692307692307693,0.039337158203125,0.058013916015625,0.07500000000000001,0.0,0.0,0.025,0.03571428571428571,0.02142857142857143,0.0642857142857143,0.27499999999999997,0.1,0.0,0.07500000000000001,0.10714285714285716,0.07142857142857144,0.13571428571428573
0.0778846153846154,0.039825439453125,0.0587158203125,0.07500000000000001,0.0,0.0,0.025,0.03571428571428571,0.02142857142857143,0.0642857142857143,0.3,0.1,0.0,0.07500000000000001,0.10714285714285716,0.07142857142857144,0.13571428571428573
0.07884615384615386,0.040313720703125,0.059539794921875,0.07500000000000001,0.0,0.0,0.025,0.03571428571428571,0.02142857142857143,0.0642857142857143,0.3,0.1,0.0,0.07500000000000001,0.10714285714285716,0.07142857142857144,0.14285714285714288
0.07980769230769232,0.04083251953125,0.06011962890625,0.07500000000000001,0.0,0.0,0.025,0.03571428571428571,0.02142857142857143,0.0642857142857143,0.3,0.1,0.0,0.07500000000000001,0.11428571428571431,0.07142857142857144,0.14285714285714288
0.08076923076923079,0.041290283203125,0.060821533203125,0.07500000000000001,0.0,0.0,0.025,0.03571428571428571,0.02142857142857143,0.0642857142857143,0.3,0.1,0.0,0.07500000000000001,0.11428571428571431,0.07142857142857144,0.15000000000000002
0.08173076923076923,0.041778564453125,0.06146240234375,0.07500000000000001,0.0,0.0,0.025,0.03571428571428571,0.02142857142857143,0.0642857142857143,0.3,0.1,0.0,0.07500000000000001,0.12142857142857146,0.07142857142857144,0.15000000000000002
0.0826923076923077,0.042266845703125,0.06207275390625,0.07500000000000001,0.0,0.0,0.025,0.03571428571428571,0.02142857142857143,0.0642857142857143,0.3,0.1,0.0,0.07500000000000001,0.1285714285714286,0.07142857142857144,0.15000000000000002
0.08365384615384618,0.04278564453125,0.06268310546875,0.07500000000000001,0.0,0.0,0.025,0.03571428571428571,0.02142857142857143,0.07142857142857144,0.3,0.1,0.0,0.07500000000000001,0.1285714285714286,0.07142857142857144,0.15000000000000002
0.08461538461538462,0.04327392578125,0.06329345703125,0.07500000000000001,0.0,0.0,0.025,0.03571428571428571,0.02142857142857143,0.07142857142857144,0.325,0.1,0.0,0.07500000000000001,0.1285714285714286,0.07142857142857144,0.15000000000000002
0.08557692307692309,0.04376220703125,0.06396484375,0.07500000000000001,0.0,0.0,0.025,0.03571428571428571,0.02142857142857143,0.07142857142857144,0.325,0.1,0.0,0.07500000000000001,0.1285714285714286,0.07857142857142858,0.15000000000000002
0.08653846153846155,0.04425048828125,0.064697265625,0.07500000000000001,0.0,0.0,0.025,0.03571428571428571,0.02142857142857143,0.07142857142857144,0.325,0.1,0.0,0.07500000000000001,0.1285714285714286,0.08571428571428573,0.15000000000000002
0.08750000000000001,0.04473876953125,0.0653076171875,0.07500000000000001,0.0,0.0,0.025,0.03571428571428571,0.02142857142857143,0.07142857142857144,0.325,0.1,0.0,0.07500000000000001,0.13571428571428573,0.08571428571428573,0.15000000000000002
0.08846153846153847,0.04522705078125,0.06597900390625,0.07500000000000001,0.0,0.0,0.025,0.03571428571428571,0.02142857142857143,0.07142857142857144,0.325,0.1,0.0,0.07500000000000001,0.13571428571428573,0.08571428571428573,0.15714285714285717
0.08942307692307692,0.04571533203125,0.0665283203125,0.07500000000000001,0.0,0.0,0.025,0.03571428571428571,0.02142857142857143,0.07142857142857144,0.325,0.1,0.0,0.07500000000000001,0.13571428571428573,0.08571428571428573,0.1642857142857143
0.09038461538461541,0.046234130859375,0.06719970703125,0.07500000000000001,0.0,0.0,0.025,0.03571428571428571,0.02142857142857143,0.07142857142857144,0.35000000000000003,0.1,0.0,0.07500000000000001,0.13571428571428573,0.08571428571428573,0.1642857142857143
0.09134615384615387,0.046722412109375,0.06781005859375,0.07500000000000001,0.0,0.0,0.025,0.03571428571428571,0.02142857142857143,0.07142857142857144,0.35000000000000003,0.1,0.0,0.07500000000000001,0.13571428571428573,0.08571428571428573,0.17142857142857146
0.09230769230769233,0.0472412109375,0.0684814453125,0.07500000000000001,0.0,0.0,0.025,0.03571428571428571,0.02142857142857143,0.07142857142857144,0.35000000000000003,0.1,0.0,0.1,0.13571428571428573,0.08571428571428573,0.17142857142857146
0.0932692307692308,0.0477294921875,0.06903076171875,0.07500000000000001,0.0,0.0,0.025,0.03571428571428571,0.02142857142857143,0.07142857142857144,0.35000000000000003,0.1,0.0,0.1,0.14285714285714288,0.08571428571428573,0.17142857142857146
0.09423076923076924,0.0482177734375,0.06964111328125,0.07500000000000001,0.0,0.0,0.025,0.03571428571428571,0.02142857142857143,0.07142857142857144,0.35000000000000003,0.1,0.0,0.1,0.15000000000000002,0.08571428571428573,0.17142857142857146
0.09519230769230771,0.0487060546875,0.0703125,0.07500000000000001,0.0,0.0,0.025,0.03571428571428571,0.02142857142857143,0.07142857142857144,0.35000000000000003,0.1,0.0,0.1,0.15000000000000002,0.08571428571428573,0.1785714285714286
0.09615384615384617,0.0491943359375,0.07098388671875,0.07500000000000001,0.0,0.0,0.025,0.03571428571428571,0.02142857142857143,0.07142857142857144,0.35000000000000003,0.1,0.0,0.1,0.15000000000000002,0.09285714285714287,0.1785714285714286
0.09711538461538463,0.0496826171875,0.071533203125,0.07500000000000001,0.0,0.0,0.025,0.03571428571428571,0.02142857142857143,0.07142857142857144,0.35000000000000003,0.1,0.0,0.1,0.15000000000000002,0.09285714285714287,0.18571428571428575
0.0980769230769231,0.0501708984375,0.07232666015625,0.07500000000000001,0.0,0.0,0.025,0.03571428571428571,0.02857142857142857,0.07142857142857144,0.35000000000000003,0.1,0.0,0.1,0.15000000000000002,0.09285714285714287,0.18571428571428575
0.09903846153846155,0.0506591796875,0.072998046875,0.07500000000000001,0.0,0.0,0.025,0.04285714285714286,0.02857142857142857,0.07142857142857144,0.35000000000000003,0.1,0.0,0.1,0.15000000000000002,0.09285714285714287,0.18571428571428575
0.10000000000000002,0.0511474609375,0.0736083984375,0.07500000000000001,0.0,0.0,0.025,0.04285714285714286,0.02857142857142857,0.07142857142857144,0.37500000000000006,0.1,0.0,0.1,0.15000000000000002,0.09285714285714287,0.18571428571428575
0.10096153846153848,0.0516357421875,0.07421875,0.07500000000000001,0.0,0.0,0.025,0.04285714285714286,0.02857142857142857,0.07142857142857144,0.37500000000000006,0.1,0.0,0.1,0.15000000000000002,0.10000000000000002,0.18571428571428575
0.10192307692307694,0.052093505859375,0.074951171875,0.07500000000000001,0.0,0.0,0.025,0.04285714285714286,0.02857142857142857,0.07142857142857144,0.37500000000000006,0.1,0.0,0.1,0.15000000000000002,0.10714285714285716,0.18571428571428575
0.10288461538461541,0.052581787109375,0.07562255859375,0.07500000000000001,0.0,0.0,0.025,0.04285714285714286,0.02857142857142857,0.07142857142857144,0.37500000000000006,0.1,0.0,0.1,0.15714285714285717,0.10714285714285716,0.18571428571428575
0.10384615384615385,0.053070068359375,0.07623291015625,0.07500000000000001,0.0,0.0,0.025,0.04285714285714286,0.02857142857142857,0.07142857142857144,0.37500000000000006,0.1,0.0,0.1,0.1642857142857143,0.10714285714285716,0.18571428571428575
0.10480769230769232,0.053558349609375,0.07696533203125,0.07500000000000001,0.0,0.0,0.025,0.04285714285714286,0.02857142857142857,0.07857142857142858,0.37500000000000006,0.1,0.0,0.1,0.1642857142857143,0.10714285714285716,0.18571428571428575
0.10576923076923078,0.054046630859375,0.07745361328125,0.07500000000000001,0.0,0.0,0.025,0.04285714285714286,0.02857142857142857,0.07857142857142858,0.37500000000000006,0.1,0.0,0.1,0.1642857142857143,0.10714285714285716,0.1928571428571429
0.10673076923076924,0.054534912109375,0.07794189453125,0.07500000000000001,0.0,0.0,0.025,0.04285714285714286,0.03571428571428571,0.07857142857142858,0.37500000000000006,0.1,0.0,0.1,0.1642857142857143,0.10714285714285716,0.1928571428571429
0.1076923076923077,0.0550537109375,0.07867431640625,0.1,0.0,0.0,0.025,0.04285714285714286,0.03571428571428571,0.07857142857142858,0.37500000000000006,0.1,0.0,0.1,0.1642857142857143,0.10714285714285716,0.1928571428571429
0.10865384615384618,0.0555419921875,0.07928466796875,0.1,0.0,0.0,0.025,0.04285714285714286,0.03571428571428571,0.07857142857142858,0.37500000000000006,0.1,0.0,0.1,0.17142857142857146,0.10714285714285716,0.1928571428571429
0.10961538461538464,0.0560302734375,0.0799560546875,0.1,0.0,0.0,0.025,0.04285714285714286,0.03571428571428571,0.07857142857142858,0.37500000000000006,0.1,0.0,0.1,0.17142857142857146,0.10714285714285716,0.20000000000000004
0.1105769230769231,0.0565185546875,0.08062744140625,0.1,0.0,0.0,0.025,0.04285714285714286,0.03571428571428571,0.07857142857142858,0.4000000000000001,0.1,0.0,0.1,0.17142857142857146,0.10714285714285716,0.20000000000000004
0.11153846153846156,0.0570068359375,0.08123779296875,0.1,0.0,0.0,0.025,0.04285714285714286,0.03571428571428571,0.07857142857142858,0.4000000000000001,0.1,0.0,0.1,0.17142857142857146,0.10714285714285716,0.20714285714285718
0.11250000000000002,0.057464599609375,0.0819091796875,0.1,0.0,0.0,0.025,0.04285714285714286,0.03571428571428571,0.07857142857142858,0.4000000000000001,0.1,0.0,0.1,0.17142857142857146,0.10714285714285716,0.21428571428571433
0.11346153846153847,0.0579833984375,0.08258056640625,0.1,0.0,0.0,0.025,0.04285714285714286,0.03571428571428571,0.07857142857142858,0.4250000000000001,0.1,0.0,0.1,0.17142857142857146,0.10714285714285716,0.21428571428571433
0.11442307692307693,0.0584716796875,0.08319091796875,0.1,0.0,0.0,0.025,0.04285714285714286,0.03571428571428571,0.07857142857142858,0.4250000000000001,0.1,0.0,0.1,0.1785714285714286,0.10714285714285716,0.21428571428571433
0.1153846153846154,0.058929443359375,0.0838623046875,0.1,0.0,0.0,0.025,0.04285714285714286,0.03571428571428571,0.07857142857142858,0.4250000000000001,0.1,0.0,0.1,0.18571428571428575,0.10714285714285716,0.21428571428571433
0.11634615384615386,0.059417724609375,0.08441162109375,0.1,0.0,0.0,0.025,0.04285714285714286,0.03571428571428571,0.07857142857142858,0.4250000000000001,0.1,0.0,0.125,0.18571428571428575,0.10714285714285716,0.21428571428571433
0.11730769230769232,0.05987548828125,0.08489990234375,0.1,0.0,0.0,0.025,0.04285714285714286,0.03571428571428571,0.07857142857142858,0.4250000000000001,0.1,0.0,0.125,0.18571428571428575,0.11428571428571431,0.21428571428571433
0.11826923076923078,0.06036376953125,0.08563232421875,0.1,0.0,0.0,0.025,0.04285714285714286,0.03571428571428571,0.07857142857142858,0.4250000000000001,0.1,0.0,0.125,0.18571428571428575,0.11428571428571431,0.22142857142857147
0.11923076923076925,0.06085205078125,0.08636474609375,0.1,0.0,0.0,0.025,0.04285714285714286,0.03571428571428571,0.08571428571428573,0.4250000000000001,0.1,0.0,0.125,0.18571428571428575,0.11428571428571431,0.22142857142857147
0.1201923076923077,0.06134033203125,0.0869140625,0.1,0.0,0.0,0.025,0.04285714285714286,0.03571428571428571,0.08571428571428573,0.4250000000000001,0.1,0.0,0.125,0.1928571428571429,0.11428571428571431,0.22142857142857147
0.12115384615384617,0.061798095703125,0.08770751953125,0.1,0.0,0.0,0.025,0.04285714285714286,0.03571428571428571,0.08571428571428573,0.4250000000000001,0.1,0.0,0.125,0.20000000000000004,0.11428571428571431,0.22142857142857147
0.12211538461538461,0.062286376953125,0.08843994140625,0.1,0.0,0.0,0.025,0.04285714285714286,0.03571428571428571,0.08571428571428573,0.4250000000000001,0.1,0.0,0.125,0.20714285714285718,0.11428571428571431,0.22142857142857147
0.12307692307692308,0.062744140625,0.08905029296875,0.1,0.0,0.0,0.025,0.04285714285714286,0.03571428571428571,0.08571428571428573,0.4250000000000001,0.1,0.0,0.125,0.20714285714285718,0.11428571428571431,0.22857142857142862
0.12403846153846156,0.063232421875,0.08978271484375,0.1,0.0,0.0,0.025,0.05,0.03571428571428571,0.08571428571428573,0.4250000000000001,0.1,0.0,0.125,0.20714285714285718,0.11428571428571431,0.22857142857142862
0.12500000000000003,0.063720703125,0.09033203125,0.1,0.0,0.0,0.025,0.05,0.03571428571428571,0.08571428571428573,0.4250000000000001,0.1,0.0,0.125,0.20714285714285718,0.12142857142857146,0.22857142857142862
0.12596153846153849,0.064208984375,0.09088134765625,0.1,0.0,0.0,0.05,0.05,0.03571428571428571,0.08571428571428573,0.4250000000000001,0.1,0.0,0.125,0.20714285714285718,0.12142857142857146,0.22857142857142862
0.12692307692307694,0.064697265625,0.09161376953125,0.1,0.0,0.0,0.05,0.05,0.03571428571428571,0.08571428571428573,0.4250000000000001,0.1,0.0,0.125,0.20714285714285718,0.1285714285714286,0.22857142857142862
0.1278846153846154,0.065185546875,0.0921630859375,0.1,0.0,0.0,0.05,0.05,0.03571428571428571,0.08571428571428573,0.4250000000000001,0.2,0.0,0.125,0.20714285714285718,0.1285714285714286,0.22857142857142862
0.1288461538461539,0.065673828125,0.093017578125,0.1,0.0,0.0,0.05,0.05,0.03571428571428571,0.08571428571428573,0.4250000000000001,0.2,0.0,0.125,0.21428571428571433,0.1285714285714286,0.22857142857142862
0.12980769230769235,0.066162109375,0.09375,0.1,0.0,0.0,0.05,0.05,0.03571428571428571,0.08571428571428573,0.4250000000000001,0.2,0.0,0.125,0.21428571428571433,0.13571428571428573,0.22857142857142862
0.1307692307692308,0.06658935546875,0.09423828125,0.1,0.0,0.0,0.05,0.05,0.03571428571428571,0.08571428571428573,0.4250000000000001,0.2,0.0,0.125,0.21428571428571433,0.13571428571428573,0.23571428571428577
0.13173076923076926,0.06707763671875,0.0948486328125,0.1,0.0,0.0,0.05,0.05,0.03571428571428571,0.08571428571428573,0.4250000000000001,0.2,0.0,0.125,0.21428571428571433,0.13571428571428573,0.2428571428571429
0.13269230769230772,0.06756591796875,0.095458984375,0.1,0.0,0.0,0.05,0.05714285714285715,0.03571428571428571,0.08571428571428573,0.4250000000000001,0.2,0.0,0.125,0.21428571428571433,0.13571428571428573,0.2428571428571429
0.13365384615384618,0.06805419921875,0.09619140625,0.1,0.0,0.0,0.05,0.05714285714285715,0.03571428571428571,0.08571428571428573,0.4500000000000001,0.2,0.0,0.125,0.21428571428571433,0.13571428571428573,0.2428571428571429
0.13461538461538464,0.06854248046875,0.09686279296875,0.1,0.0,0.0,0.05,0.05714285714285715,0.03571428571428571,0.08571428571428573,0.4500000000000001,0.2,0.0,0.125,0.22142857142857147,0.13571428571428573,0.2428571428571429
0.1355769230769231,0.06903076171875,0.0975341796875,0.1,0.0,0.0,0.05,0.05714285714285715,0.03571428571428571,0.08571428571428573,0.47500000000000014,0.2,0.0,0.125,0.22142857142857147,0.13571428571428573,0.2428571428571429
0.13653846153846155,0.06951904296875,0.0980224609375,0.1,0.0,0.0,0.05,0.05714285714285715,0.03571428571428571,0.08571428571428573,0.47500000000000014,0.2,0.0,0.15,0.22142857142857147,0.13571428571428573,0.2428571428571429
0.1375,0.07000732421875,0.09881591796875,0.1,0.0,0.0,0.05,0.05714285714285715,0.03571428571428571,0.08571428571428573,0.47500000000000014,0.2,0.0,0.15,0.22857142857142862,0.13571428571428573,0.2428571428571429
0.13846153846153847,0.0704345703125,0.099365234375,0.1,0.0,0.0,0.05,0.05714285714285715,0.03571428571428571,0.08571428571428573,0.47500000000000014,0.2,0.0,0.15,0.23571428571428577,0.13571428571428573,0.2428571428571429
0.13942307692307693,0.0709228515625,0.0999755859375,0.1,0.0,0.0,0.05,0.05714285714285715,0.03571428571428571,0.08571428571428573,0.47500000000000014,0.2,0.0,0.15,0.2428571428571429,0.13571428571428573,0.2428571428571429
0.14038461538461539,0.0714111328125,0.1005859375,0.1,0.0,0.0,0.05,0.05714285714285715,0.03571428571428571,0.08571428571428573,0.47500000000000014,0.2,0.0,0.15,0.25000000000000006,0.13571428571428573,0.2428571428571429
0.14134615384615387,0.07183837890625,0.10113525390625,0.1,0.0,0.0,0.05,0.05714285714285715,0.03571428571428571,0.08571428571428573,0.47500000000000014,0.2,0.0,0.15,0.25000000000000006,0.13571428571428573,0.25000000000000006
0.14230769230769236,0.07232666015625,0.101806640625,0.1,0.1,0.0,0.05,0.05714285714285715,0.03571428571428571,0.08571428571428573,0.47500000000000014,0.2,0.0,0.15,0.25000000000000006,0.13571428571428573,0.25000000000000006
0.1432692307692308,0.07281494140625,0.10235595703125,0.1,0.1,0.0,0.05,0.0642857142857143,0.03571428571428571,0.08571428571428573,0.47500000000000014,0.2,0.0,0.15,0.25000000000000006,0.13571428571428573,0.25000000000000006
0.14423076923076927,0.07330322265625,0.1031494140625,0.1,0.1,0.0,0.05,0.0642857142857143,0.03571428571428571,0.08571428571428573,0.47500000000000014,0.2,0.0,0.15,0.25000000000000006,0.14285714285714288,0.25000000000000006
0.1451923076923077,0.07379150390625,0.10382080078125,0.1,0.1,0.0,0.05,0.0642857142857143,0.03571428571428571,0.09285714285714287,0.47500000000000014,0.2,0.0,0.15,0.25000000000000006,0.14285714285714288,0.25000000000000006
0.1461538461538462,0.07427978515625,0.10443115234375,0.1,0.1,0.0,0.05,0.0642857142857143,0.03571428571428571,0.09285714285714287,0.47500000000000014,0.2,0.0,0.15,0.2571428571428572,0.14285714285714288,0.25000000000000006
0.14711538461538462,0.07476806640625,0.10516357421875,0.1,0.1,0.0,0.05,0.0642857142857143,0.03571428571428571,0.09285714285714287,0.47500000000000014,0.2,0.0,0.15,0.2642857142857143,0.14285714285714288,0.25000000000000006
0.1480769230769231,0.0751953125,0.10577392578125,0.1,0.1,0.0,0.05,0.0642857142857143,0.03571428571428571,0.09285714285714287,0.47500000000000014,0.2,0.0,0.15,0.2642857142857143,0.15000000000000002,0.25000000000000006
0.14903846153846154,0.07568359375,0.10638427734375,0.1,0.1,0.0,0.05,0.0642857142857143,0.03571428571428571,0.09285714285714287,0.47500000000000014,0.2,0.0,0.15,0.2714285714285714,0.15000000000000002,0.25000000000000006
0.15000000000000002,0.076171875,0.1070556640625,0.1,0.1,0.0,0.05,0.0642857142857143,0.03571428571428571,0.09285714285714287,0.47500000000000014,0.2,0.0,0.15,0.2785714285714285,0.15000000000000002,0.25000000000000006
0.15096153846153845,0.07666015625,0.10760498046875,0.1,0.1,0.0,0.05,0.0642857142857143,0.03571428571428571,0.09285714285714287,0.47500000000000014,0.2,0.0,0.15,0.28571428571428564,0.15000000000000002,0.25000000000000006
0.15192307692307694,0.0771484375,0.1082763671875,0.1,0.1,0.0,0.05,0.0642857142857143,0.03571428571428571,0.09285714285714287,0.47500000000000014,0.2,0.0,0.15,0.28571428571428564,0.15714285714285717,0.25000000000000006
0.1528846153846154,0.07757568359375,0.10888671875,0.1,0.1,0.0,0.05,0.0642857142857143,0.03571428571428571,0.09285714285714287,0.47500000000000014,0.2,0.0,0.15,0.28571428571428564,0.15714285714285717,0.2571428571428572
0.15384615384615385,0.07806396484375,0.10943603515625,0.1,0.1,0.0,0.05,0.0642857142857143,0.03571428571428571,0.09285714285714287,0.47500000000000014,0.2,0.0,0.15,0.28571428571428564,0.1642857142857143,0.2571428571428572
0.1548076923076923,0.0784912109375,0.1102294921875,0.1,0.1,0.0,0.05,0.0642857142857143,0.03571428571428571,0.09285714285714287,0.47500000000000014,0.2,0.0,0.15,0.28571428571428564,0.1642857142857143,0.2642857142857143
0.15576923076923077,0.07891845703125,0.11083984375,0.1,0.1,0.0,0.05,0.0642857142857143,0.03571428571428571,0.09285714285714287,0.47500000000000014,0.2,0.0,0.15,0.28571428571428564,0.1642857142857143,0.2714285714285714
0.15673076923076923,0.07940673828125,0.11138916015625,0.1,0.1,0.0,0.05,0.0642857142857143,0.03571428571428571,0.09285714285714287,0.47500000000000014,0.2,0.0,0.175,0.28571428571428564,0.1642857142857143,0.2714285714285714
0.1576923076923077,0.07989501953125,0.112060546875,0.1,0.1,0.0,0.05,0.0642857142857143,0.03571428571428571,0.09285714285714287,0.47500000000000014,0.2,0.0,0.175,0.28571428571428564,0.17142857142857146,0.2714285714285714
0.15865384615384615,0.08038330078125,0.1126708984375,0.1,0.1,0.0,0.05,0.0642857142857143,0.04285714285714286,0.09285714285714287,0.47500000000000014,0.2,0.0,0.175,0.28571428571428564,0.17142857142857146,0.2714285714285714
0.15961538461538463,0.08087158203125,0.11322021484375,0.1,0.1,0.0,0.05,0.0642857142857143,0.04285714285714286,0.09285714285714287,0.47500000000000014,0.2,0.0,0.175,0.28571428571428564,0.17142857142857146,0.2785714285714285
0.16057692307692306,0.081298828125,0.11383056640625,0.1,0.1,0.0,0.05,0.0642857142857143,0.04285714285714286,0.09285714285714287,0.47500000000000014,0.2,0.0,0.175,0.28571428571428564,0.17142857142857146,0.28571428571428564
0.16153846153846155,0.081787109375,0.114501953125,0.1,0.1,0.0,0.05,0.0642857142857143,0.04285714285714286,0.10000000000000002,0.47500000000000014,0.2,0.0,0.175,0.28571428571428564,0.17142857142857146,0.28571428571428564
0.16249999999999998,0.082275390625,0.11529541015625,0.1,0.1,0.0,0.05,0.0642857142857143,0.04285714285714286,0.10000000000000002,0.5000000000000001,0.2,0.0,0.175,0.28571428571428564,0.17142857142857146,0.28571428571428564
0.16346153846153846,0.082763671875,0.1158447265625,0.1,0.1,0.0,0.05,0.0642857142857143,0.04285714285714286,0.10000000000000002,0.5000000000000001,0.2,0.0,0.175,0.29285714285714276,0.17142857142857146,0.28571428571428564
0.1644230769230769,0.08319091796875,0.116455078125,0.1,0.1,0.0,0.05,0.0642857142857143,0.04285714285714286,0.10000000000000002,0.5000000000000001,0.2,0.0,0.175,0.2999999999999999,0.17142857142857146,0.28571428571428564
0.16538461538461538,0.08367919921875,0.11712646484375,0.1,0.1,0.0,0.05,0.0642857142857143,0.04285714285714286,0.10000000000000002,0.5000000000000001,0.2,0.0,0.175,0.307142857142857,0.17142857142857146,0.28571428571428564
0.16634615384615387,0.08416748046875,0.11773681640625,0.1,0.1,0.0,0.05,0.0642857142857143,0.04285714285714286,0.10000000000000002,0.5000000000000001,0.2,0.0,0.175,0.307142857142857,0.17142857142857146,0.29285714285714276
0.1673076923076923,0.0845947265625,0.118408203125,0.1,0.1,0.0,0.05,0.0642857142857143,0.04285714285714286,0.10000000000000002,0.5000000000000001,0.2,0.0,0.175,0.307142857142857,0.17142857142857146,0.2999999999999999
0.16826923076923078,0.08502197265625,0.11907958984375,0.1,0.1,0.0,0.05,0.0642857142857143,0.04285714285714286,0.10000000000000002,0.5000000000000001,0.2,0.0,0.175,0.307142857142857,0.17142857142857146,0.307142857142857
0.1692307692307692,0.08551025390625,0.11962890625,0.125,0.1,0.0,0.05,0.0642857142857143,0.04285714285714286,0.10000000000000002,0.5000000000000001,0.2,0.0,0.175,0.307142857142857,0.17142857142857146,0.307142857142857
0.17019230769230764,0.08599853515625,0.12030029296875,0.125,0.1,0.0,0.05,0.0642857142857143,0.04285714285714286,0.10000000000000002,0.5000000000000001,0.2,0.0,0.175,0.307142857142857,0.1785714285714286,0.307142857142857
0.17115384615384613,0.08648681640625,0.12091064453125,0.125,0.1,0.0,0.05,0.0642857142857143,0.04285714285714286,0.10000000000000002,0.5000000000000001,0.2,0.0,0.175,0.307142857142857,0.18571428571428575,0.307142857142857
0.17211538461538461,0.0869140625,0.12158203125,0.125,0.1,0.0,0.05,0.0642857142857143,0.04285714285714286,0.10000000000000002,0.5000000000000001,0.2,0.0,0.175,0.307142857142857,0.18571428571428575,0.3142857142857141
0.17307692307692307,0.08740234375,0.12213134765625,0.125,0.1,0.0,0.05,0.0642857142857143,0.04285714285714286,0.10000000000000002,0.5000000000000001,0.2,0.0,0.175,0.3142857142857141,0.18571428571428575,0.3142857142857141
0.17403846153846153,0.087890625,0.12274169921875,0.125,0.1,0.0,0.05,0.0642857142857143,0.04285714285714286,0.10000000000000002,0.5000000000000001,0.2,0.0,0.175,0.32142857142857123,0.18571428571428575,0.3142857142857141
0.175,0.08837890625,0.12335205078125,0.125,0.1,0.0,0.07500000000000001,0.0642857142857143,0.04285714285714286,0.10000000000000002,0.5000000000000001,0.2,0.0,0.175,0.32142857142857123,0.18571428571428575,0.3142857142857141
0.17596153846153845,0.0888671875,0.123779296875,0.125,0.1,0.0,0.07500000000000001,0.07142857142857144,0.04285714285714286,0.10000000000000002,0.5000000000000001,0.2,0.0,0.175,0.32142857142857123,0.18571428571428575,0.3142857142857141
0.1769230769230769,0.08935546875,0.1243896484375,0.125,0.1,0.0,0.07500000000000001,0.07142857142857144,0.04285714285714286,0.10714285714285716,0.5000000000000001,0.2,0.0,0.175,0.32142857142857123,0.18571428571428575,0.3142857142857141
0.1778846153846154,0.08984375,0.125,0.125,0.1,0.0,0.07500000000000001,0.07142857142857144,0.04285714285714286,0.10714285714285716,0.5000000000000001,0.2,0.0,0.19999999999999998,0.32142857142857123,0.18571428571428575,0.3142857142857141
0.17884615384615382,0.09033203125,0.125732421875,0.125,0.1,0.0,0.07500000000000001,0.07142857142857144,0.04285714285714286,0.10714285714285716,0.5000000000000001,0.2,0.0,0.19999999999999998,0.32857142857142835,0.18571428571428575,0.3142857142857141
0.17980769230769228,0.09075927734375,0.1263427734375,0.125,0.1,0.0,0.07500000000000001,0.07142857142857144,0.04285714285714286,0.10714285714285716,0.5000000000000001,0.2,0.0,0.19999999999999998,0.32857142857142835,0.18571428571428575,0.32142857142857123
0.18076923076923074,0.09124755859375,0.126953125,0.125,0.1,0.0,0.07500000000000001,0.07142857142857144,0.04285714285714286,0.10714285714285716,0.5250000000000001,0.2,0.0,0.19999999999999998,0.32857142857142835,0.18571428571428575,0.32142857142857123
0.1817307692307692,0.09173583984375,0.127685546875,0.125,0.1,0.0,0.07500000000000001,0.07142857142857144,0.04285714285714286,0.10714285714285716,0.5250000000000001,0.2,0.0,0.19999999999999998,0.33571428571428547,0.18571428571428575,0.32142857142857123
0.18269230769230765,0.0921630859375,0.1282958984375,0.125,0.1,0.0,0.07500000000000001,0.07142857142857144,0.04285714285714286,0.10714285714285716,0.5250000000000001,0.2,0.0,0.19999999999999998,0.33571428571428547,0.1928571428571429,0.32142857142857123
0.18365384615384614,0.0926513671875,0.12890625,0.125,0.1,0.0,0.07500000000000001,0.07142857142857144,0.04285714285714286,0.10714285714285716,0.5250000000000001,0.2,0.0,0.19999999999999998,0.3428571428571426,0.1928571428571429,0.32142857142857123
0.18461538461538457,0.09307861328125,0.1292724609375,0.125,0.1,0.0,0.07500000000000001,0.07142857142857144,0.04285714285714286,0.10714285714285716,0.5250000000000001,0.2,0.0,0.19999999999999998,0.3428571428571426,0.1928571428571429,0.32857142857142835
0.18557692307692306,0.09356689453125,0.1300048828125,0.125,0.1,0.0,0.07500000000000001,0.07142857142857144,0.04285714285714286,0.10714285714285716,0.5250000000000001,0.2,0.0,0.19999999999999998,0.3428571428571426,0.20000000000000004,0.32857142857142835
0.1865384615384615,0.093994140625,0.130615234375,0.125,0.1,0.0,0.07500000000000001,0.07142857142857144,0.04285714285714286,0.10714285714285716,0.5250000000000001,0.2,0.0,0.19999999999999998,0.3428571428571426,0.20714285714285718,0.32857142857142835
0.18749999999999997,0.094482421875,0.13134765625,0.125,0.1,0.0,0.07500000000000001,0.07142857142857144,0.04285714285714286,0.10714285714285716,0.5250000000000001,0.2,0.0,0.19999999999999998,0.3428571428571426,0.21428571428571433,0.32857142857142835
0.1884615384615384,0.094970703125,0.1319580078125,0.125,0.1,0.0,0.07500000000000001,0.07142857142857144,0.04285714285714286,0.10714285714285716,0.5500000000000002,0.2,0.0,0.19999999999999998,0.3428571428571426,0.21428571428571433,0.32857142857142835
0.1894230769230769,0.095458984375,0.132568359375,0.125,0.1,0.0,0.07500000000000001,0.07142857142857144,0.04285714285714286,0.11428571428571431,0.5500000000000002,0.2,0.0,0.19999999999999998,0.3428571428571426,0.21428571428571433,0.32857142857142835
0.19038461538461535,0.095947265625,0.13330078125,0.125,0.1,0.0,0.07500000000000001,0.07142857142857144,0.04285714285714286,0.11428571428571431,0.5500000000000002,0.2,0.0,0.19999999999999998,0.3428571428571426,0.22142857142857147,0.32857142857142835
0.1913461538461538,0.096435546875,0.134033203125,0.125,0.1,0.0,0.07500000000000001,0.07142857142857144,0.04285714285714286,0.11428571428571431,0.5500000000000002,0.2,0.0,0.19999999999999998,0.3428571428571426,0.22857142857142862,0.32857142857142835
0.19230769230769226,0.09686279296875,0.1343994140625,0.125,0.1,0.0,0.07500000000000001,0.07142857142857144,0.04285714285714286,0.11428571428571431,0.5500000000000002,0.2,0.0,0.19999999999999998,0.3428571428571426,0.22857142857142862,0.33571428571428547
0.19326923076923072,0.09735107421875,0.135009765625,0.125,0.1,0.0,0.07500000000000001,0.07142857142857144,0.04285714285714286,0.11428571428571431,0.5500000000000002,0.2,0.0,0.19999999999999998,0.3428571428571426,0.23571428571428577,0.33571428571428547
0.19423076923076918,0.09783935546875,0.1357421875,0.125,0.1,0.0,0.07500000000000001,0.07142857142857144,0.04285714285714286,0.11428571428571431,0.5750000000000002,0.2,0.0,0.19999999999999998,0.3428571428571426,0.23571428571428577,0.33571428571428547
0.19519230769230764,0.09832763671875,0.1363525390625,0.125,0.1,0.0,0.07500000000000001,0.07142857142857144,0.04285714285714286,0.11428571428571431,0.5750000000000002,0.2,0.0,0.19999999999999998,0.3428571428571426,0.23571428571428577,0.3428571428571426
0.1961538461538461,0.0987548828125,0.13671875,0.125,0.1,0.0,0.07500000000000001,0.07142857142857144,0.04285714285714286,0.11428571428571431,0.5750000000000002,0.2,0.0,0.19999999999999998,0.3428571428571426,0.23571428571428577,0.3499999999999997
0.19711538461538455,0.09918212890625,0.137451171875,0.125,0.1,0.0,0.07500000000000001,0.07142857142857144,0.04285714285714286,0.11428571428571431,0.5750000000000002,0.2,0.0,0.19999999999999998,0.3428571428571426,0.23571428571428577,0.3571428571428568
0.198076923076923,0.09967041015625,0.13818359375,0.125,0.1,0.0,0.07500000000000001,0.07142857142857144,0.04285714285714286,0.11428571428571431,0.5750000000000002,0.2,0.0,0.19999999999999998,0.3428571428571426,0.2428571428571429,0.3571428571428568
0.1990384615384615,0.10015869140625,0.138671875,0.125,0.1,0.0,0.07500000000000001,0.07142857142857144,0.04285714285714286,0.11428571428571431,0.5750000000000002,0.2,0.0,0.19999999999999998,0.3428571428571426,0.25000000000000006,0.3571428571428568
0.19999999999999993,0.1005859375,0.1392822265625,0.125,0.1,0.0,0.07500000000000001,0.07142857142857144,0.04285714285714286,0.11428571428571431,0.5750000000000002,0.2,0.0,0.19999999999999998,0.3428571428571426,0.25000000000000006,0.36428571428571394
0.20096153846153839,0.10107421875,0.139892578125,0.125,0.1,0.0,0.07500000000000001,0.07142857142857144,0.05,0.11428571428571431,0.5750000000000002,0.2,0.0,0.19999999999999998,0.3428571428571426,0.25000000000000006,0.36428571428571394
0.20192307692307684,0.1015625,0.1405029296875,0.125,0.1,0.0,0.07500000000000001,0.07142857142857144,0.05,0.11428571428571431,0.5750000000000002,0.2,0.0,0.19999999999999998,0.3499999999999997,0.25000000000000006,0.36428571428571394
0.2028846153846153,0.10205078125,0.14111328125,0.125,0.1,0.0,0.07500000000000001,0.07142857142857144,0.05,0.11428571428571431,0.5750000000000002,0.2,0.0,0.19999999999999998,0.3571428571428568,0.25000000000000006,0.36428571428571394
0.20384615384615376,0.10247802734375,0.1417236328125,0.125,0.1,0.0,0.07500000000000001,0.07142857142857144,0.05,0.11428571428571431,0.5750000000000002,0.2,0.0,0.19999999999999998,0.36428571428571394,0.25000000000000006,0.36428571428571394
0.20480769230769222,0.1029052734375,0.142333984375,0.125,0.1,0.0,0.07500000000000001,0.07142857142857144,0.05,0.11428571428571431,0.5750000000000002,0.2,0.0,0.19999999999999998,0.37142857142857105,0.25000000000000006,0.36428571428571394
0.20576923076923068,0.1033935546875,0.14306640625,0.125,0.1,0.0,0.07500000000000001,0.07142857142857144,0.05,0.12142857142857146,0.5750000000000002,0.2,0.0,0.19999999999999998,0.37142857142857105,0.25000000000000006,0.36428571428571394
0.20673076923076913,0.1038818359375,0.1435546875,0.125,0.1,0.0,0.07500000000000001,0.07142857142857144,0.05,0.12142857142857146,0.5750000000000002,0.2,0.0,0.19999999999999998,0.37857142857142817,0.25000000000000006,0.36428571428571394
0.2076923076923076,0.1043701171875,0.1441650390625,0.125,0.1,0.0,0.07500000000000001,0.07142857142857144,0.05,0.12142857142857146,0.5750000000000002,0.2,0.0,0.22499999999999998,0.37857142857142817,0.25000000000000006,0.36428571428571394
0.20865384615384608,0.1048583984375,0.1448974609375,0.125,0.1,0.0,0.07500000000000001,0.07142857142857144,0.05,0.12142857142857146,0.5750000000000002,0.2,0.0,0.22499999999999998,0.37857142857142817,0.25000000000000006,0.37142857142857105
0.2096153846153845,0.10528564453125,0.1455078125,0.125,0.1,0.0,0.07500000000000001,0.07142857142857144,0.05,0.12142857142857146,0.5750000000000002,0.2,0.0,0.22499999999999998,0.37857142857142817,0.25000000000000006,0.37857142857142817
0.21057692307692297,0.10577392578125,0.1463623046875,0.125,0.1,0.0,0.07500000000000001,0.07142857142857144,0.05,0.12142857142857146,0.5750000000000002,0.2,0.0,0.22499999999999998,0.3857142857142853,0.25000000000000006,0.37857142857142817
0.21153846153846143,0.106201171875,0.146728515625,0.125,0.1,0.0,0.07500000000000001,0.07142857142857144,0.05,0.12142857142857146,0.5750000000000002,0.2,0.0,0.22499999999999998,0.3928571428571424,0.25000000000000006,0.37857142857142817
0.21249999999999988,0.106689453125,0.1474609375,0.125,0.1,0.0,0.07500000000000001,0.07142857142857144,0.05,0.12142857142857146,0.5750000000000002,0.2,0.0,0.22499999999999998,0.3999999999999995,0.25000000000000006,0.37857142857142817
0.21346153846153834,0.107177734375,0.148193359375,0.125,0.1,0.0,0.07500000000000001,0.07142857142857144,0.05,0.12142857142857146,0.5750000000000002,0.2,0.0,0.22499999999999998,0.3999999999999995,0.2571428571428572,0.37857142857142817
0.2144230769230768,0.107666015625,0.1485595703125,0.125,0.1,0.0,0.07500000000000001,0.07142857142857144,0.05,0.12142857142857146,0.5750000000000002,0.2,0.0,0.22499999999999998,0.3999999999999995,0.2642857142857143,0.37857142857142817
0.21538461538461526,0.108154296875,0.1492919921875,0.125,0.1,0.0,0.07500000000000001,0.07857142857142858,0.05,0.12142857142857146,0.5750000000000002,0.2,0.0,0.22499999999999998,0.3999999999999995,0.2642857142857143,0.37857142857142817
0.21634615384615374,0.108642578125,0.14990234375,0.125,0.1,0.0,0.07500000000000001,0.08571428571428573,0.05,0.12142857142857146,0.5750000000000002,0.2,0.0,0.22499999999999998,0.3999999999999995,0.2642857142857143,0.37857142857142817
0.21730769230769217,0.109130859375,0.150634765625,0.125,0.1,0.0,0.07500000000000001,0.08571428571428573,0.05714285714285715,0.12142857142857146,0.5750000000000002,0.2,0.0,0.22499999999999998,0.3999999999999995,0.2642857142857143,0.37857142857142817
0.21826923076923066,0.109619140625,0.151123046875,0.125,0.1,0.0,0.07500000000000001,0.08571428571428573,0.05714285714285715,0.12142857142857146,0.5750000000000002,0.2,0.0,0.22499999999999998,0.3999999999999995,0.2714285714285714,0.37857142857142817
0.21923076923076915,0.110107421875,0.15185546875,0.125,0.1,0.0,0.07500000000000001,0.08571428571428573,0.05714285714285715,0.12142857142857146,0.5750000000000002,0.2,0.0,0.22499999999999998,0.40714285714285664,0.2714285714285714,0.37857142857142817
0.22019230769230758,0.11053466796875,0.152587890625,0.125,0.1,0.0,0.07500000000000001,0.08571428571428573,0.05714285714285715,0.12142857142857146,0.5750000000000002,0.2,0.0,0.22499999999999998,0.41428571428571376,0.2714285714285714,0.37857142857142817
0.221153846153846,0.11102294921875,0.1531982421875,0.125,0.1,0.0,0.07500000000000001,0.08571428571428573,0.05714285714285715,0.12142857142857146,0.5750000000000002,0.2,0.0,0.22499999999999998,0.41428571428571376,0.2785714285714285,0.37857142857142817
0.2221153846153845,0.11151123046875,0.15380859375,0.15,0.1,0.0,0.07500000000000001,0.08571428571428573,0.05714285714285715,0.12142857142857146,0.5750000000000002,0.2,0.0,0.22499999999999998,0.41428571428571376,0.2785714285714285,0.37857142857142817
0.22307692307692292,0.11199951171875,0.154296875,0.15,0.1,0.0,0.07500000000000001,0.08571428571428573,0.05714285714285715,0.12142857142857146,0.5750000000000002,0.2,0.0,0.22499999999999998,0.4214285714285709,0.2785714285714285,0.37857142857142817
0.2240384615384614,0.11248779296875,0.1549072265625,0.15,0.1,0.0,0.07500000000000001,0.08571428571428573,0.05714285714285715,0.12142857142857146,0.5750000000000002,0.2,0.0,0.22499999999999998,0.428571428571428,0.2785714285714285,0.37857142857142817
0.2249999999999999,0.1129150390625,0.1556396484375,0.15,0.1,0.0,0.07500000000000001,0.08571428571428573,0.05714285714285715,0.12142857142857146,0.5750000000000002,0.2,0.0,0.22499999999999998,0.428571428571428,0.2785714285714285,0.3857142857142853
0.22596153846153832,0.1134033203125,0.1561279296875,0.15,0.1,0.0,0.1,0.08571428571428573,0.05714285714285715,0.12142857142857146,0.5750000000000002,0.2,0.0,0.22499999999999998,0.428571428571428,0.2785714285714285,0.3857142857142853
0.2269230769230768,0.1138916015625,0.1568603515625,0.15,0.1,0.0,0.1,0.08571428571428573,0.0642857142857143,0.12142857142857146,0.5750000000000002,0.2,0.0,0.22499999999999998,0.428571428571428,0.2785714285714285,0.3857142857142853
0.22788461538461527,0.1143798828125,0.1575927734375,0.15,0.1,0.0,0.1,0.08571428571428573,0.0642857142857143,0.12142857142857146,0.5750000000000002,0.2,0.0,0.22499999999999998,0.428571428571428,0.28571428571428564,0.3857142857142853
0.22884615384615373,0.1148681640625,0.157958984375,0.15,0.1,0.0,0.1,0.08571428571428573,0.0642857142857143,0.12142857142857146,0.6000000000000002,0.2,0.0,0.22499999999999998,0.428571428571428,0.28571428571428564,0.3857142857142853
0.22980769230769219,0.1153564453125,0.1588134765625,0.15,0.1,0.0,0.1,0.08571428571428573,0.0642857142857143,0.12142857142857146,0.6000000000000002,0.2,0.0,0.22499999999999998,0.4357142857142851,0.28571428571428564,0.3857142857142853
0.23076923076923064,0.1158447265625,0.1595458984375,0.15,0.1,0.0,0.1,0.08571428571428573,0.0642857142857143,0.12142857142857146,0.6000000000000002,0.2,0.0,0.22499999999999998,0.4357142857142851,0.29285714285714276,0.3857142857142853
0.23173076923076907,0.1163330078125,0.159912109375,0.15,0.1,0.0,0.1,0.08571428571428573,0.0642857142857143,0.1285714285714286,0.6000000000000002,0.2,0.0,0.22499999999999998,0.4357142857142851,0.29285714285714276,0.3857142857142853
0.23269230769230756,0.1168212890625,0.16064453125,0.15,0.1,0.0,0.1,0.08571428571428573,0.0642857142857143,0.1285714285714286,0.6000000000000002,0.2,0.0,0.22499999999999998,0.4357142857142851,0.2999999999999999,0.3857142857142853
0.233653846153846,0.11724853515625,0.161376953125,0.15,0.1,0.0,0.1,0.08571428571428573,0.0642857142857143,0.1285714285714286,0.6000000000000002,0.2,0.0,0.22499999999999998,0.4357142857142851,0.2999999999999999,0.3928571428571424
0.23461538461538448,0.11767578125,0.1617431640625,0.15,0.1,0.0,0.1,0.08571428571428573,0.0642857142857143,0.1285714285714286,0.6000000000000002,0.2,0.0,0.22499999999999998,0.4357142857142851,0.2999999999999999,0.3999999999999995
0.2355769230769229,0.1181640625,0.16259765625,0.15,0.1,0.0,0.1,0.08571428571428573,0.0642857142857143,0.1285714285714286,0.6000000000000002,0.2,0.0,0.22499999999999998,0.4357142857142851,0.2999999999999999,0.40714285714285664
0.2365384615384614,0.11859130859375,0.1630859375,0.15,0.1,0.0,0.1,0.08571428571428573,0.0642857142857143,0.1285714285714286,0.6000000000000002,0.2,0.0,0.22499999999999998,0.4357142857142851,0.2999999999999999,0.41428571428571376
0.23749999999999982,0.1190185546875,0.163818359375,0.15,0.1,0.0,0.1,0.08571428571428573,0.0642857142857143,0.1285714285714286,0.6000000000000002,0.2,0.0,0.22499999999999998,0.4357142857142851,0.2999999999999999,0.4214285714285709
0.2384615384615383,0.11944580078125,0.1644287109375,0.15,0.1,0.0,0.1,0.08571428571428573,0.0642857142857143,0.1285714285714286,0.6000000000000002,0.2,0.0,0.22499999999999998,0.4357142857142851,0.2999999999999999,0.428571428571428
0.23942307692307677,0.11993408203125,0.1649169921875,0.15,0.1,0.0,0.1,0.08571428571428573,0.0642857142857143,0.13571428571428573,0.6000000000000002,0.2,0.0,0.22499999999999998,0.4357142857142851,0.2999999999999999,0.428571428571428
0.24038461538461525,0.12042236328125,0.16552734375,0.15,0.1,0.0,0.1,0.08571428571428573,0.0642857142857143,0.13571428571428573,0.6250000000000002,0.2,0.0,0.22499999999999998,0.4357142857142851,0.2999999999999999,0.428571428571428
0.24134615384615368,0.12091064453125,0.166015625,0.15,0.1,0.0,0.1,0.08571428571428573,0.0642857142857143,0.13571428571428573,0.6250000000000002,0.2,0.0,0.24999999999999997,0.4357142857142851,0.2999999999999999,0.428571428571428
0.24230769230769217,0.12139892578125,0.166748046875,0.15,0.1,0.0,0.1,0.08571428571428573,0.0642857142857143,0.13571428571428573,0.6250000000000002,0.2,0.0,0.24999999999999997,0.4428571428571422,0.2999999999999999,0.428571428571428
0.2432692307692306,0.121826171875,0.16748046875,0.15,0.1,0.0,0.1,0.08571428571428573,0.0642857142857143,0.13571428571428573,0.6250000000000002,0.2,0.0,0.24999999999999997,0.44999999999999934,0.2999999999999999,0.428571428571428
0.24423076923076906,0.122314453125,0.16796875,0.15,0.1,0.0,0.1,0.08571428571428573,0.0642857142857143,0.13571428571428573,0.6250000000000002,0.2,0.0,0.24999999999999997,0.44999999999999934,0.307142857142857,0.428571428571428
0.24519230769230752,0.122802734375,0.168701171875,0.15,0.1,0.0,0.1,0.08571428571428573,0.0642857142857143,0.13571428571428573,0.6250000000000002,0.2,0.0,0.24999999999999997,0.45714285714285646,0.307142857142857,0.428571428571428
0.24615384615384597,0.123291015625,0.169189453125,0.15,0.1,0.0,0.1,0.08571428571428573,0.0642857142857143,0.13571428571428573,0.6250000000000002,0.2,0.0,0.24999999999999997,0.4642857142857136,0.307142857142857,0.428571428571428
0.24711538461538443,0.123779296875,0.169921875,0.15,0.1,0.0,0.1,0.09285714285714287,0.0642857142857143,0.13571428571428573,0.6250000000000002,0.2,0.0,0.24999999999999997,0.4642857142857136,0.307142857142857,0.428571428571428
0.24807692307692292,0.124267578125,0.17041015625,0.15,0.1,0.0,0.1,0.09285714285714287,0.0642857142857143,0.13571428571428573,0.6250000000000002,0.2,0.0,0.27499999999999997,0.4642857142857136,0.307142857142857,0.428571428571428
0.24903846153846138,0.124755859375,0.171142578125,0.15,0.1,0.0,0.1,0.09285714285714287,0.0642857142857143,0.13571428571428573,0.6250000000000002,0.2,0.0,0.27499999999999997,0.4642857142857136,0.3142857142857141,0.428571428571428
0.24999999999999983,0.125244140625,0.1717529296875,0.15,0.1,0.0,0.1,0.09285714285714287,0.07142857142857144,0.13571428571428573,0.6250000000000002,0.2,0.0,0.27499999999999997,0.4642857142857136,0.3142857142857141,0.428571428571428
0.2509615384615383,0.125732421875,0.17236328125,0.15,0.1,0.0,0.1,0.09285714285714287,0.07142857142857144,0.13571428571428573,0.6250000000000002,0.2,0.0,0.27499999999999997,0.4642857142857136,0.32142857142857123,0.428571428571428
0.25192307692307675,0.126220703125,0.1728515625,0.15,0.1,0.0,0.1,0.10000000000000002,0.07142857142857144,0.13571428571428573,0.6250000000000002,0.2,0.0,0.27499999999999997,0.4642857142857136,0.32142857142857123,0.428571428571428
0.2528846153846152,0.126708984375,0.173583984375,0.15,0.1,0.0,0.1,0.10000000000000002,0.07142857142857144,0.13571428571428573,0.6250000000000002,0.2,0.0,0.27499999999999997,0.4642857142857136,0.32857142857142835,0.428571428571428
0.25384615384615367,0.127197265625,0.17431640625,0.15,0.1,0.0,0.1,0.10714285714285716,0.07142857142857144,0.13571428571428573,0.6250000000000002,0.2,0.0,0.27499999999999997,0.4642857142857136,0.32857142857142835,0.428571428571428
0.2548076923076921,0.127685546875,0.1749267578125,0.15,0.1,0.0,0.1,0.10714285714285716,0.07142857142857144,0.13571428571428573,0.6250000000000002,0.2,0.0,0.27499999999999997,0.4714285714285707,0.32857142857142835,0.428571428571428
0.2557692307692306,0.128173828125,0.1756591796875,0.15,0.1,0.0,0.1,0.10714285714285716,0.07142857142857144,0.13571428571428573,0.6250000000000002,0.2,0.0,0.27499999999999997,0.4785714285714278,0.32857142857142835,0.428571428571428
0.25673076923076904,0.128662109375,0.176025390625,0.175,0.1,0.0,0.1,0.10714285714285716,0.07142857142857144,0.13571428571428573,0.6250000000000002,0.2,0.0,0.27499999999999997,0.4785714285714278,0.32857142857142835,0.428571428571428
0.2576923076923075,0.129150390625,0.1768798828125,0.175,0.1,0.0,0.1,0.10714285714285716,0.07142857142857144,0.13571428571428573,0.6250000000000002,0.2,0.0,0.27499999999999997,0.4785714285714278,0.33571428571428547,0.428571428571428
0.25865384615384596,0.129638671875,0.177490234375,0.175,0.1,0.0,0.1,0.10714285714285716,0.07142857142857144,0.14285714285714288,0.6250000000000002,0.2,0.0,0.27499999999999997,0.4785714285714278,0.33571428571428547,0.428571428571428
0.2596153846153844,0.130126953125,0.17822265625,0.175,0.1,0.0,0.1,0.10714285714285716,0.07142857142857144,0.14285714285714288,0.6250000000000002,0.2,0.0,0.27499999999999997,0.48571428571428493,0.33571428571428547,0.428571428571428
0.2605769230769229,0.130615234375,0.1787109375,0.175,0.1,0.0,0.1,0.10714285714285716,0.07142857142857144,0.14285714285714288,0.6250000000000002,0.2,0.0,0.27499999999999997,0.49285714285714205,0.33571428571428547,0.428571428571428
0.26153846153846133,0.131103515625,0.1793212890625,0.175,0.1,0.0,0.125,0.10714285714285716,0.07142857142857144,0.14285714285714288,0.6250000000000002,0.2,0.0,0.27499999999999997,0.49285714285714205,0.33571428571428547,0.428571428571428
0.2624999999999998,0.131591796875,0.1798095703125,0.175,0.1,0.0,0.125,0.10714285714285716,0.07142857142857144,0.14285714285714288,0.6250000000000002,0.2,0.0,0.27499999999999997,0.49999999999999917,0.33571428571428547,0.428571428571428
0.26346153846153825,0.132080078125,0.1807861328125,0.175,0.1,0.0,0.125,0.10714285714285716,0.07142857142857144,0.14285714285714288,0.6250000000000002,0.2,0.0,0.27499999999999997,0.5071428571428563,0.33571428571428547,0.428571428571428
0.2644230769230767,0.132568359375,0.18115234375,0.175,0.1,0.0,0.125,0.10714285714285716,0.07142857142857144,0.15000000000000002,0.6250000000000002,0.2,0.0,0.27499999999999997,0.5071428571428563,0.33571428571428547,0.428571428571428
0.2653846153846152,0.133056640625,0.181884765625,0.175,0.1,0.0,0.125,0.10714285714285716,0.07142857142857144,0.15000000000000002,0.6250000000000002,0.2,0.0,0.27499999999999997,0.5071428571428563,0.3428571428571426,0.428571428571428
0.2663461538461537,0.133544921875,0.182373046875,0.175,0.1,0.0,0.125,0.10714285714285716,0.07142857142857144,0.15000000000000002,0.6500000000000002,0.2,0.0,0.27499999999999997,0.5071428571428563,0.3428571428571426,0.428571428571428
0.26730769230769214,0.134033203125,0.18310546875,0.175,0.1,0.0,0.125,0.10714285714285716,0.07142857142857144,0.15000000000000002,0.6500000000000002,0.2,0.0,0.27499999999999997,0.5071428571428563,0.3428571428571426,0.4357142857142851
0.26826923076923054,0.134521484375,0.18359375,0.175,0.1,0.0,0.125,0.10714285714285716,0.07142857142857144,0.15000000000000002,0.6750000000000003,0.2,0.0,0.27499999999999997,0.5071428571428563,0.3428571428571426,0.4357142857142851
0.26923076923076905,0.135009765625,0.1842041015625,0.175,0.1,0.0,0.125,0.10714285714285716,0.07142857142857144,0.15000000000000002,0.6750000000000003,0.2,0.0,0.27499999999999997,0.5071428571428563,0.3428571428571426,0.4428571428571422
0.27019230769230745,0.1353759765625,0.184814453125,0.175,0.1,0.0,0.125,0.10714285714285716,0.07142857142857144,0.15000000000000002,0.6750000000000003,0.2,0.0,0.27499999999999997,0.5071428571428563,0.3428571428571426,0.44999999999999934
0.2711538461538459,0.1358642578125,0.185546875,0.175,0.1,0.0,0.125,0.10714285714285716,0.07142857142857144,0.15000000000000002,0.6750000000000003,0.2,0.0,0.27499999999999997,0.5142857142857135,0.3428571428571426,0.44999999999999934
0.27211538461538437,0.1363525390625,0.1861572265625,0.175,0.1,0.0,0.125,0.10714285714285716,0.07142857142857144,0.15000000000000002,0.6750000000000003,0.2,0.0,0.27499999999999997,0.5214285714285706,0.3428571428571426,0.44999999999999934
0.2730769230769229,0.1368408203125,0.186767578125,0.175,0.1,0.0,0.125,0.10714285714285716,0.07142857142857144,0.15000000000000002,0.6750000000000003,0.2,0.0,0.27499999999999997,0.5285714285714277,0.3428571428571426,0.44999999999999934
0.2740384615384613,0.1373291015625,0.187255859375,0.175,0.1,0.0,0.125,0.10714285714285716,0.07142857142857144,0.15000000000000002,0.6750000000000003,0.2,0.0,0.3,0.5285714285714277,0.3428571428571426,0.44999999999999934
0.27499999999999974,0.1378173828125,0.1881103515625,0.175,0.1,0.0,0.125,0.10714285714285716,0.07142857142857144,0.15000000000000002,0.6750000000000003,0.2,0.0,0.3,0.5357142857142848,0.3428571428571426,0.44999999999999934
0.2759615384615382,0.1383056640625,0.1885986328125,0.175,0.1,0.0,0.125,0.10714285714285716,0.07142857142857144,0.15000000000000002,0.6750000000000003,0.2,0.0,0.3,0.5357142857142848,0.3499999999999997,0.44999999999999934
0.27692307692307666,0.1387939453125,0.189453125,0.175,0.1,0.0,0.125,0.10714285714285716,0.07142857142857144,0.15000000000000002,0.6750000000000003,0.2,0.0,0.3,0.5357142857142848,0.3571428571428568,0.44999999999999934
0.2778846153846151,0.1392822265625,0.18994140625,0.175,0.1,0.0,0.125,0.10714285714285716,0.07142857142857144,0.15000000000000002,0.6750000000000003,0.30000000000000004,0.0,0.3,0.5357142857142848,0.3571428571428568,0.44999999999999934
0.2788461538461536,0.1397705078125,0.190673828125,0.175,0.1,0.0,0.125,0.10714285714285716,0.07142857142857144,0.15000000000000002,0.6750000000000003,0.30000000000000004,0.0,0.3,0.5357142857142848,0.36428571428571394,0.44999999999999934
0.27980769230769204,0.1402587890625,0.191162109375,0.175,0.1,0.0,0.125,0.10714285714285716,0.07142857142857144,0.15000000000000002,0.6750000000000003,0.30000000000000004,0.0,0.3,0.5428571428571419,0.36428571428571394,0.44999999999999934
0.28076923076923055,0.1407470703125,0.19189453125,0.175,0.1,0.0,0.125,0.10714285714285716,0.07142857142857144,0.15000000000000002,0.6750000000000003,0.30000000000000004,0.0,0.3,0.549999999999999,0.36428571428571394,0.44999999999999934
0.281730769230769,0.14111328125,0.1923828125,0.175,0.1,0.0,0.125,0.10714285714285716,0.07142857142857144,0.15000000000000002,0.6750000000000003,0.30000000000000004,0.0,0.3,0.549999999999999,0.36428571428571394,0.45714285714285646
0.28269230769230747,0.1416015625,0.193115234375,0.175,0.1,0.0,0.125,0.10714285714285716,0.07142857142857144,0.15000000000000002,0.6750000000000003,0.30000000000000004,0.0,0.3,0.549999999999999,0.37142857142857105,0.45714285714285646
0.2836538461538459,0.14208984375,0.193603515625,0.175,0.1,0.0,0.125,0.11428571428571431,0.07142857142857144,0.15000000000000002,0.6750000000000003,0.30000000000000004,0.0,0.3,0.549999999999999,0.37142857142857105,0.45714285714285646
0.2846153846153844,0.142578125,0.1943359375,0.175,0.1,0.0,0.125,0.11428571428571431,0.07142857142857144,0.15000000000000002,0.6750000000000003,0.30000000000000004,0.0,0.3,0.549999999999999,0.37857142857142817,0.45714285714285646
0.28557692307692284,0.14306640625,0.19482421875,0.175,0.1,0.0,0.125,0.11428571428571431,0.07142857142857144,0.15000000000000002,0.6750000000000003,0.30000000000000004,0.0,0.3,0.5571428571428562,0.37857142857142817,0.45714285714285646
0.2865384615384613,0.1435546875,0.195556640625,0.175,0.1,0.0,0.125,0.11428571428571431,0.07142857142857144,0.15000000000000002,0.6750000000000003,0.30000000000000004,0.0,0.3,0.5571428571428562,0.3857142857142853,0.45714285714285646
0.28749999999999976,0.14404296875,0.1961669921875,0.175,0.1,0.0,0.125,0.11428571428571431,0.07142857142857144,0.15000000000000002,0.6750000000000003,0.30000000000000004,0.0,0.3,0.5571428571428562,0.3928571428571424,0.45714285714285646
0.2884615384615382,0.14453125,0.1968994140625,0.175,0.1,0.0,0.125,0.11428571428571431,0.07857142857142858,0.15000000000000002,0.6750000000000003,0.30000000000000004,0.0,0.3,0.5571428571428562,0.3928571428571424,0.45714285714285646
0.28942307692307667,0.14501953125,0.1976318359375,0.175,0.1,0.0,0.125,0.11428571428571431,0.07857142857142858,0.15000000000000002,0.6750000000000003,0.30000000000000004,0.0,0.3,0.5571428571428562,0.3999999999999995,0.45714285714285646
0.29038461538461513,0.1455078125,0.1981201171875,0.175,0.1,0.0,0.125,0.11428571428571431,0.07857142857142858,0.15000000000000002,0.6750000000000003,0.30000000000000004,0.0,0.3,0.5642857142857133,0.3999999999999995,0.45714285714285646
0.2913461538461536,0.14599609375,0.19873046875,0.175,0.1,0.0,0.125,0.11428571428571431,0.07857142857142858,0.15000000000000002,0.6750000000000003,0.30000000000000004,0.0,0.3,0.5642857142857133,0.40714285714285664,0.45714285714285646
0.29230769230769205,0.146484375,0.1993408203125,0.175,0.1,0.0,0.125,0.11428571428571431,0.07857142857142858,0.15000000000000002,0.6750000000000003,0.30000000000000004,0.0,0.3,0.5642857142857133,0.41428571428571376,0.45714285714285646
0.2932692307692305,0.14697265625,0.199951171875,0.175,0.1,0.0,0.125,0.11428571428571431,0.08571428571428573,0.15000000000000002,0.6750000000000003,0.30000000000000004,0.0,0.3,0.5642857142857133,0.41428571428571376,0.45714285714285646
0.29423076923076896,0.1474609375,0.2005615234375,0.175,0.1,0.0,0.125,0.11428571428571431,0.08571428571428573,0.15000000000000002,0.6750000000000003,0.30000000000000004,0.0,0.3,0.5642857142857133,0.41428571428571376,0.4642857142857136
0.2951923076923074,0.1478271484375,0.201171875,0.175,0.1,0.0,0.125,0.11428571428571431,0.08571428571428573,0.15000000000000002,0.6750000000000003,0.30000000000000004,0.0,0.3,0.5642857142857133,0.41428571428571376,0.4714285714285707
0.2961538461538459,0.1483154296875,0.201904296875,0.175,0.1,0.0,0.125,0.11428571428571431,0.08571428571428573,0.15000000000000002,0.6750000000000003,0.30000000000000004,0.0,0.3,0.5714285714285704,0.41428571428571376,0.4714285714285707
0.29711538461538434,0.1488037109375,0.202392578125,0.175,0.1,0.0,0.125,0.11428571428571431,0.08571428571428573,0.15000000000000002,0.6750000000000003,0.30000000000000004,0.0,0.3,0.5785714285714275,0.41428571428571376,0.4714285714285707
0.2980769230769228,0.1492919921875,0.202880859375,0.175,0.1,0.0,0.125,0.11428571428571431,0.08571428571428573,0.15000000000000002,0.6750000000000003,0.30000000000000004,0.0,0.3,0.5857142857142846,0.41428571428571376,0.4714285714285707
0.29903846153846125,0.1497802734375,0.20361328125,0.175,0.1,0.0,0.125,0.11428571428571431,0.08571428571428573,0.15000000000000002,0.6750000000000003,0.30000000000000004,0.0,0.3,0.5857142857142846,0.41428571428571376,0.4785714285714278
0.2999999999999997,0.150146484375,0.204345703125,0.175,0.1,0.0,0.125,0.11428571428571431,0.08571428571428573,0.15000000000000002,0.6750000000000003,0.30000000000000004,0.0,0.3,0.5857142857142846,0.41428571428571376,0.48571428571428493
0.30096153846153817,0.150634765625,0.205078125,0.175,0.1,0.0,0.125,0.11428571428571431,0.08571428571428573,0.15000000000000002,0.6750000000000003,0.30000000000000004,0.0,0.3,0.5857142857142846,0.4214285714285709,0.48571428571428493
0.3019230769230766,0.151123046875,0.20556640625,0.175,0.1,0.0,0.125,0.11428571428571431,0.08571428571428573,0.15000000000000002,0.6750000000000003,0.30000000000000004,0.0,0.3,0.5857142857142846,0.428571428571428,0.48571428571428493
0.3028846153846151,0.1514892578125,0.206298828125,0.175,0.1,0.0,0.125,0.11428571428571431,0.08571428571428573,0.15000000000000002,0.6750000000000003,0.30000000000000004,0.0,0.3,0.5857142857142846,0.428571428571428,0.49285714285714205
0.30384615384615354,0.1519775390625,0.206787109375,0.175,0.1,0.0,0.125,0.11428571428571431,0.08571428571428573,0.15000000000000002,0.6750000000000003,0.30000000000000004,0.0,0.3,0.5928571428571418,0.428571428571428,0.49285714285714205
0.304807692307692,0.1524658203125,0.20751953125,0.175,0.1,0.0,0.125,0.11428571428571431,0.08571428571428573,0.15000000000000002,0.6750000000000003,0.30000000000000004,0.0,0.3,0.5928571428571418,0.428571428571428,0.49999999999999917
0.30576923076923046,0.1529541015625,0.208251953125,0.175,0.1,0.0,0.15,0.11428571428571431,0.08571428571428573,0.15000000000000002,0.6750000000000003,0.30000000000000004,0.0,0.3,0.5928571428571418,0.428571428571428,0.49999999999999917
0.3067307692307689,0.1534423828125,0.2086181640625,0.175,0.1,0.0,0.15,0.11428571428571431,0.08571428571428573,0.15000000000000002,0.6750000000000003,0.30000000000000004,0.0,0.3,0.5928571428571418,0.428571428571428,0.5071428571428563
0.3076923076923074,0.1539306640625,0.20947265625,0.175,0.1,0.0,0.15,0.11428571428571431,0.08571428571428573,0.15714285714285717,0.6750000000000003,0.30000000000000004,0.0,0.3,0.5928571428571418,0.428571428571428,0.5071428571428563
0.30865384615384583,0.1544189453125,0.2099609375,0.175,0.1,0.0,0.15,0.11428571428571431,0.08571428571428573,0.15714285714285717,0.6750000000000003,0.30000000000000004,0.0,0.325,0.5928571428571418,0.428571428571428,0.5071428571428563
0.3096153846153843,0.1549072265625,0.210693359375,0.175,0.1,0.0,0.15,0.11428571428571431,0.08571428571428573,0.15714285714285717,0.6750000000000003,0.30000000000000004,0.0,0.325,0.5999999999999989,0.428571428571428,0.5071428571428563
0.31057692307692275,0.1553955078125,0.211181640625,0.175,0.1,0.0,0.15,0.11428571428571431,0.08571428571428573,0.15714285714285717,0.6750000000000003,0.30000000000000004,0.0,0.325,0.607142857142856,0.428571428571428,0.5071428571428563
0.31153846153846126,0.1558837890625,0.2119140625,0.175,0.1,0.0,0.15,0.11428571428571431,0.08571428571428573,0.15714285714285717,0.6750000000000003,0.30000000000000004,0.0,0.325,0.607142857142856,0.428571428571428,0.5142857142857135
0.3124999999999997,0.15625,0.2125244140625,0.175,0.1,0.0,0.15,0.11428571428571431,0.08571428571428573,0.15714285714285717,0.6750000000000003,0.30000000000000004,0.0,0.325,0.607142857142856,0.428571428571428,0.5214285714285706
0.3134615384615381,0.15673828125,0.2130126953125,0.175,0.1,0.0,0.15,0.11428571428571431,0.08571428571428573,0.15714285714285717,0.6750000000000003,0.30000000000000004,0.0,0.325,0.607142857142856,0.428571428571428,0.5285714285714277
0.3144230769230766,0.1572265625,0.213623046875,0.175,0.1,0.0,0.15,0.11428571428571431,0.08571428571428573,0.1642857142857143,0.6750000000000003,0.30000000000000004,0.0,0.325,0.607142857142856,0.428571428571428,0.5285714285714277
0.3153846153846151,0.15771484375,0.2142333984375,0.175,0.1,0.0,0.15,0.11428571428571431,0.08571428571428573,0.1642857142857143,0.6750000000000003,0.30000000000000004,0.0,0.325,0.607142857142856,0.4357142857142851,0.5285714285714277
0.3163461538461535,0.158203125,0.2149658203125,0.175,0.1,0.0,0.15,0.11428571428571431,0.08571428571428573,0.1642857142857143,0.6750000000000003,0.30000000000000004,0.0,0.325,0.607142857142856,0.4428571428571422,0.5285714285714277
0.31730769230769196,0.15869140625,0.2154541015625,0.175,0.1,0.0,0.15,0.11428571428571431,0.08571428571428573,0.1642857142857143,0.6750000000000003,0.30000000000000004,0.0,0.325,0.607142857142856,0.44999999999999934,0.5285714285714277
0.3182692307692304,0.1590576171875,0.216064453125,0.175,0.1,0.0,0.15,0.11428571428571431,0.08571428571428573,0.1642857142857143,0.6750000000000003,0.30000000000000004,0.0,0.325,0.607142857142856,0.44999999999999934,0.5357142857142848
0.3192307692307689,0.1595458984375,0.216796875,0.175,0.1,0.0,0.15,0.11428571428571431,0.08571428571428573,0.1642857142857143,0.7000000000000003,0.30000000000000004,0.0,0.325,0.607142857142856,0.44999999999999934,0.5357142857142848
0.32019230769230733,0.1600341796875,0.21728515625,0.175,0.1,0.0,0.15,0.11428571428571431,0.08571428571428573,0.1642857142857143,0.7000000000000003,0.30000000000000004,0.0,0.325,0.607142857142856,0.44999999999999934,0.5428571428571419
0.3211538461538458,0.1605224609375,0.218017578125,0.19999999999999998,0.1,0.0,0.15,0.11428571428571431,0.08571428571428573,0.1642857142857143,0.7000000000000003,0.30000000000000004,0.0,0.325,0.607142857142856,0.44999999999999934,0.5428571428571419
0.32211538461538425,0.1610107421875,0.218505859375,0.19999999999999998,0.1,0.0,0.15,0.11428571428571431,0.08571428571428573,0.1642857142857143,0.7000000000000003,0.30000000000000004,0.0,0.325,0.607142857142856,0.45714285714285646,0.5428571428571419
0.32307692307692276,0.1614990234375,0.2191162109375,0.19999999999999998,0.1,0.0,0.15,0.11428571428571431,0.08571428571428573,0.1642857142857143,0.7000000000000003,0.30000000000000004,0.0,0.325,0.607142857142856,0.4642857142857136,0.5428571428571419
0.32403846153846116,0.1619873046875,0.2198486328125,0.19999999999999998,0.1,0.0,0.15,0.12142857142857146,0.08571428571428573,0.1642857142857143,0.7000000000000003,0.30000000000000004,0.0,0.325,0.607142857142856,0.4642857142857136,0.5428571428571419
0.3249999999999997,0.1624755859375,0.2203369140625,0.19999999999999998,0.1,0.0,0.15,0.12142857142857146,0.08571428571428573,0.1642857142857143,0.7000000000000003,0.30000000000000004,0.0,0.325,0.607142857142856,0.4714285714285707,0.5428571428571419
0.3259615384615381,0.1629638671875,0.22119140625,0.19999999999999998,0.1,0.0,0.15,0.12142857142857146,0.08571428571428573,0.1642857142857143,0.7000000000000003,0.30000000000000004,0.0,0.325,0.607142857142856,0.4785714285714278,0.5428571428571419
0.3269230769230766,0.1634521484375,0.2216796875,0.19999999999999998,0.1,0.0,0.15,0.12142857142857146,0.08571428571428573,0.17142857142857146,0.7000000000000003,0.30000000000000004,0.0,0.325,0.607142857142856,0.4785714285714278,0.5428571428571419
0.32788461538461505,0.1639404296875,0.22216796875,0.19999999999999998,0.1,0.0,0.15,0.12142857142857146,0.08571428571428573,0.17142857142857146,0.7000000000000003,0.30000000000000004,0.0,0.325,0.607142857142856,0.4785714285714278,0.549999999999999
0.32884615384615346,0.1644287109375,0.222900390625,0.22499999999999998,0.1,0.0,0.15,0.12142857142857146,0.08571428571428573,0.17142857142857146,0.7000000000000003,0.30000000000000004,0.0,0.325,0.607142857142856,0.4785714285714278,0.549999999999999
0.3298076923076919,0.1649169921875,0.2235107421875,0.22499999999999998,0.1,0.0,0.15,0.12142857142857146,0.08571428571428573,0.17142857142857146,0.7000000000000003,0.30000000000000004,0.0,0.325,0.607142857142856,0.48571428571428493,0.549999999999999
0.3307692307692304,0.1654052734375,0.2239990234375,0.22499999999999998,0.1,0.0,0.15,0.12142857142857146,0.08571428571428573,0.17142857142857146,0.7000000000000003,0.30000000000000004,0.0,0.325,0.607142857142856,0.49285714285714205,0.549999999999999
0.33173076923076883,0.1658935546875,0.2247314453125,0.22499999999999998,0.1,0.0,0.15,0.12142857142857146,0.08571428571428573,0.1785714285714286,0.7000000000000003,0.30000000000000004,0.0,0.325,0.607142857142856,0.49285714285714205,0.549999999999999
0.3326923076923073,0.1663818359375,0.225341796875,0.22499999999999998,0.1,0.0,0.15,0.12142857142857146,0.08571428571428573,0.1785714285714286,0.7000000000000003,0.30000000000000004,0.0,0.325,0.607142857142856,0.49285714285714205,0.5571428571428562
0.33365384615384575,0.1668701171875,0.2257080078125,0.22499999999999998,0.1,0.0,0.15,0.1285714285714286,0.08571428571428573,0.1785714285714286,0.7000000000000003,0.30000000000000004,0.0,0.325,0.607142857142856,0.49285714285714205,0.5571428571428562
0.33461538461538426,0.1673583984375,0.2265625,0.22499999999999998,0.1,0.0,0.15,0.1285714285714286,0.08571428571428573,0.1785714285714286,0.7000000000000003,0.30000000000000004,0.0,0.325,0.607142857142856,0.49285714285714205,0.5642857142857133
0.3355769230769227,0.1678466796875,0.22705078125,0.22499999999999998,0.1,0.0,0.175,0.1285714285714286,0.08571428571428573,0.1785714285714286,0.7000000000000003,0.30000000000000004,0.0,0.325,0.607142857142856,0.49285714285714205,0.5642857142857133
0.3365384615384611,0.1683349609375,0.227783203125,0.22499999999999998,0.1,0.0,0.175,0.1285714285714286,0.08571428571428573,0.1785714285714286,0.7000000000000003,0.30000000000000004,0.0,0.325,0.607142857142856,0.49285714285714205,0.5714285714285704
0.3374999999999997,0.1688232421875,0.2283935546875,0.22499999999999998,0.1,0.0,0.175,0.1285714285714286,0.09285714285714287,0.1785714285714286,0.7000000000000003,0.30000000000000004,0.0,0.325,0.607142857142856,0.49285714285714205,0.5714285714285704
0.3384615384615381,0.1693115234375,0.2288818359375,0.22499999999999998,0.1,0.0,0.175,0.1285714285714286,0.09285714285714287,0.1785714285714286,0.7000000000000003,0.30000000000000004,0.0,0.325,0.607142857142856,0.49999999999999917,0.5714285714285704
0.33942307692307655,0.1697998046875,0.2296142578125,0.22499999999999998,0.1,0.0,0.175,0.1285714285714286,0.09285714285714287,0.1785714285714286,0.7000000000000003,0.30000000000000004,0.0,0.325,0.607142857142856,0.5071428571428563,0.5714285714285704
0.340384615384615,0.1702880859375,0.2301025390625,0.22499999999999998,0.1,0.0,0.175,0.1285714285714286,0.09285714285714287,0.18571428571428575,0.7000000000000003,0.30000000000000004,0.0,0.325,0.607142857142856,0.5071428571428563,0.5714285714285704
0.3413461538461535,0.1707763671875,0.230712890625,0.22499999999999998,0.1,0.0,0.175,0.1285714285714286,0.09285714285714287,0.18571428571428575,0.7000000000000003,0.30000000000000004,0.0,0.325,0.607142857142856,0.5071428571428563,0.5785714285714275
0.342307692307692,0.1712646484375,0.2314453125,0.22499999999999998,0.1,0.0,0.175,0.1285714285714286,0.09285714285714287,0.18571428571428575,0.7000000000000003,0.30000000000000004,0.0,0.35000000000000003,0.607142857142856,0.5071428571428563,0.5785714285714275
0.3432692307692304,0.1717529296875,0.2320556640625,0.22499999999999998,0.1,0.0,0.175,0.1285714285714286,0.09285714285714287,0.18571428571428575,0.7000000000000003,0.30000000000000004,0.0,0.35000000000000003,0.607142857142856,0.5071428571428563,0.5857142857142846
0.34423076923076884,0.172119140625,0.2325439453125,0.22499999999999998,0.1,0.0,0.175,0.1285714285714286,0.09285714285714287,0.18571428571428575,0.7000000000000003,0.30000000000000004,0.0,0.35000000000000003,0.607142857142856,0.5071428571428563,0.5928571428571418
0.34519230769230735,0.172607421875,0.2333984375,0.22499999999999998,0.1,0.0,0.175,0.1285714285714286,0.09285714285714287,0.18571428571428575,0.7000000000000003,0.30000000000000004,0.0,0.35000000000000003,0.607142857142856,0.5071428571428563,0.5999999999999989
0.34615384615384576,0.173095703125,0.23388671875,0.22499999999999998,0.1,0.0,0.175,0.1285714285714286,0.09285714285714287,0.18571428571428575,0.7000000000000003,0.30000000000000004,0.0,0.35000000000000003,0.607142857142856,0.5142857142857135,0.5999999999999989
0.3471153846153842,0.173583984375,0.2344970703125,0.22499999999999998,0.1,0.0,0.175,0.1285714285714286,0.09285714285714287,0.18571428571428575,0.7000000000000003,0.30000000000000004,0.0,0.35000000000000003,0.607142857142856,0.5142857142857135,0.607142857142856
0.3480769230769227,0.174072265625,0.235107421875,0.22499999999999998,0.1,0.0,0.175,0.1285714285714286,0.09285714285714287,0.18571428571428575,0.7000000000000003,0.30000000000000004,0.0,0.35000000000000003,0.6142857142857131,0.5142857142857135,0.607142857142856
0.3490384615384612,0.174560546875,0.2357177734375,0.22499999999999998,0.1,0.0,0.175,0.1285714285714286,0.09285714285714287,0.18571428571428575,0.7000000000000003,0.30000000000000004,0.0,0.35000000000000003,0.6214285714285702,0.5142857142857135,0.607142857142856
0.34999999999999964,0.175048828125,0.2364501953125,0.22499999999999998,0.1,0.0,0.175,0.1285714285714286,0.09285714285714287,0.18571428571428575,0.7250000000000003,0.30000000000000004,0.0,0.35000000000000003,0.6214285714285702,0.5142857142857135,0.607142857142856
0.35096153846153805,0.175537109375,0.2369384765625,0.22499999999999998,0.1,0.0,0.175,0.1285714285714286,0.09285714285714287,0.18571428571428575,0.7250000000000003,0.30000000000000004,0.0,0.35000000000000003,0.6285714285714273,0.5142857142857135,0.607142857142856
0.3519230769230765,0.176025390625,0.2374267578125,0.22499999999999998,0.1,0.0,0.175,0.1285714285714286,0.10000000000000002,0.18571428571428575,0.7250000000000003,0.30000000000000004,0.0,0.35000000000000003,0.6285714285714273,0.5142857142857135,0.607142857142856
0.352884615384615,0.176513671875,0.23828125,0.22499999999999998,0.1,0.0,0.175,0.1285714285714286,0.10000000000000002,0.18571428571428575,0.7250000000000003,0.30000000000000004,0.0,0.35000000000000003,0.6285714285714273,0.5214285714285706,0.607142857142856
0.3538461538461534,0.177001953125,0.23876953125,0.22499999999999998,0.1,0.0,0.175,0.1285714285714286,0.10000000000000002,0.18571428571428575,0.7250000000000003,0.30000000000000004,0.0,0.35000000000000003,0.6285714285714273,0.5285714285714277,0.607142857142856
0.3548076923076919,0.177490234375,0.2393798828125,0.22499999999999998,0.1,0.0,0.175,0.13571428571428573,0.10000000000000002,0.18571428571428575,0.7250000000000003,0.30000000000000004,0.0,0.35000000000000003,0.6285714285714273,0.5285714285714277,0.607142857142856
0.35576923076923034,0.177978515625,0.2401123046875,0.22499999999999998,0.1,0.0,0.175,0.13571428571428573,0.10000000000000002,0.18571428571428575,0.7250000000000003,0.30000000000000004,0.0,0.35000000000000003,0.6285714285714273,0.5285714285714277,0.6142857142857131
0.35673076923076885,0.178466796875,0.2406005859375,0.22499999999999998,0.1,0.0,0.175,0.13571428571428573,0.10714285714285716,0.18571428571428575,0.7250000000000003,0.30000000000000004,0.0,0.35000000000000003,0.6285714285714273,0.5285714285714277,0.6142857142857131
0.3576923076923073,0.178955078125,0.2410888671875,0.22499999999999998,0.1,0.0,0.175,0.13571428571428573,0.10714285714285716,0.18571428571428575,0.7250000000000003,0.30000000000000004,0.0,0.37500000000000006,0.6285714285714273,0.5285714285714277,0.6142857142857131
0.3586538461538457,0.179443359375,0.241943359375,0.22499999999999998,0.1,0.0,0.175,0.13571428571428573,0.10714285714285716,0.18571428571428575,0.7250000000000003,0.30000000000000004,0.0,0.37500000000000006,0.6357142857142845,0.5285714285714277,0.6142857142857131
0.35961538461538417,0.179931640625,0.242431640625,0.22499999999999998,0.1,0.0,0.175,0.13571428571428573,0.10714285714285716,0.18571428571428575,0.7250000000000003,0.30000000000000004,0.0,0.37500000000000006,0.6428571428571416,0.5285714285714277,0.6142857142857131
0.3605769230769227,0.180419921875,0.242919921875,0.22499999999999998,0.1,0.0,0.19999999999999998,0.13571428571428573,0.10714285714285716,0.18571428571428575,0.7250000000000003,0.30000000000000004,0.0,0.37500000000000006,0.6428571428571416,0.5285714285714277,0.6142857142857131
0.36153846153846114,0.180908203125,0.2437744140625,0.22499999999999998,0.1,0.0,0.19999999999999998,0.13571428571428573,0.10714285714285716,0.18571428571428575,0.7250000000000003,0.30000000000000004,0.0,0.37500000000000006,0.6499999999999987,0.5285714285714277,0.6142857142857131
0.3624999999999996,0.181396484375,0.244140625,0.22499999999999998,0.1,0.0,0.19999999999999998,0.13571428571428573,0.10714285714285716,0.18571428571428575,0.7250000000000003,0.30000000000000004,0.0,0.37500000000000006,0.6571428571428558,0.5285714285714277,0.6142857142857131
0.363461538461538,0.181884765625,0.2447509765625,0.22499999999999998,0.1,0.0,0.19999999999999998,0.13571428571428573,0.10714285714285716,0.18571428571428575,0.7250000000000003,0.30000000000000004,0.0,0.37500000000000006,0.6642857142857129,0.5285714285714277,0.6142857142857131
0.3644230769230765,0.182373046875,0.2454833984375,0.22499999999999998,0.1,0.0,0.19999999999999998,0.13571428571428573,0.10714285714285716,0.18571428571428575,0.7250000000000003,0.30000000000000004,0.0,0.37500000000000006,0.67142857142857,0.5285714285714277,0.6142857142857131
0.365384615384615,0.182861328125,0.2459716796875,0.22499999999999998,0.1,0.0,0.19999999999999998,0.13571428571428573,0.10714285714285716,0.18571428571428575,0.7250000000000003,0.30000000000000004,0.0,0.37500000000000006,0.6785714285714272,0.5285714285714277,0.6142857142857131
0.3663461538461534,0.183349609375,0.24658203125,0.22499999999999998,0.1,0.0,0.19999999999999998,0.13571428571428573,0.10714285714285716,0.18571428571428575,0.7250000000000003,0.30000000000000004,0.0,0.37500000000000006,0.6857142857142843,0.5285714285714277,0.6142857142857131
0.36730769230769184,0.183837890625,0.247314453125,0.22499999999999998,0.1,0.0,0.19999999999999998,0.13571428571428573,0.10714285714285716,0.18571428571428575,0.7250000000000003,0.30000000000000004,0.0,0.37500000000000006,0.6928571428571414,0.5285714285714277,0.6142857142857131
0.36826923076923035,0.184326171875,0.2479248046875,0.22499999999999998,0.1,0.0,0.19999999999999998,0.13571428571428573,0.10714285714285716,0.18571428571428575,0.7250000000000003,0.30000000000000004,0.0,0.37500000000000006,0.6928571428571414,0.5357142857142848,0.6142857142857131
0.36923076923076875,0.184814453125,0.2484130859375,0.22499999999999998,0.1,0.0,0.19999999999999998,0.13571428571428573,0.10714285714285716,0.18571428571428575,0.7500000000000003,0.30000000000000004,0.0,0.37500000000000006,0.6928571428571414,0.5357142857142848,0.6142857142857131
0.37019230769230727,0.185302734375,0.2491455078125,0.22499999999999998,0.1,0.0,0.19999999999999998,0.13571428571428573,0.10714285714285716,0.18571428571428575,0.7500000000000003,0.30000000000000004,0.0,0.37500000000000006,0.6928571428571414,0.5428571428571419,0.6142857142857131
0.37115384615384567,0.185791015625,0.2496337890625,0.22499999999999998,0.1,0.0,0.19999999999999998,0.13571428571428573,0.10714285714285716,0.18571428571428575,0.7500000000000003,0.30000000000000004,0.0,0.37500000000000006,0.6928571428571414,0.549999999999999,0.6142857142857131
0.37211538461538424,0.186279296875,0.250244140625,0.22499999999999998,0.1,0.0,0.19999999999999998,0.14285714285714288,0.10714285714285716,0.18571428571428575,0.7500000000000003,0.30000000000000004,0.0,0.37500000000000006,0.6928571428571414,0.549999999999999,0.6142857142857131
0.37307692307692264,0.186767578125,0.2509765625,0.22499999999999998,0.1,0.0,0.19999999999999998,0.14285714285714288,0.10714285714285716,0.18571428571428575,0.7500000000000003,0.30000000000000004,0.0,0.37500000000000006,0.6928571428571414,0.5571428571428562,0.6142857142857131
0.37403846153846104,0.187255859375,0.25146484375,0.22499999999999998,0.1,0.0,0.19999999999999998,0.14285714285714288,0.10714285714285716,0.18571428571428575,0.7500000000000003,0.30000000000000004,0.0,0.37500000000000006,0.6928571428571414,0.5642857142857133,0.6142857142857131
0.3749999999999996,0.187744140625,0.251953125,0.22499999999999998,0.1,0.0,0.19999999999999998,0.14285714285714288,0.10714285714285716,0.18571428571428575,0.7500000000000003,0.30000000000000004,0.0,0.37500000000000006,0.6928571428571414,0.5714285714285704,0.6142857142857131
0.375961538461538,0.188232421875,0.252685546875,0.22499999999999998,0.1,0.0,0.19999999999999998,0.14285714285714288,0.10714285714285716,0.18571428571428575,0.7500000000000003,0.30000000000000004,0.0,0.37500000000000006,0.6928571428571414,0.5785714285714275,0.6142857142857131
0.37692307692307647,0.188720703125,0.25341796875,0.22499999999999998,0.1,0.0,0.19999999999999998,0.14285714285714288,0.10714285714285716,0.18571428571428575,0.7500000000000003,0.30000000000000004,0.0,0.37500000000000006,0.6928571428571414,0.5857142857142846,0.6142857142857131
0.37788461538461493,0.189208984375,0.25390625,0.22499999999999998,0.1,0.0,0.19999999999999998,0.14285714285714288,0.10714285714285716,0.18571428571428575,0.7500000000000003,0.30000000000000004,0.0,0.37500000000000006,0.6928571428571414,0.5928571428571418,0.6142857142857131
0.37884615384615333,0.189697265625,0.254638671875,0.22499999999999998,0.1,0.0,0.19999999999999998,0.14285714285714288,0.10714285714285716,0.18571428571428575,0.7500000000000003,0.30000000000000004,0.0,0.37500000000000006,0.6928571428571414,0.5999999999999989,0.6142857142857131
0.3798076923076919,0.190185546875,0.255126953125,0.22499999999999998,0.1,0.0,0.19999999999999998,0.14285714285714288,0.10714285714285716,0.18571428571428575,0.7500000000000003,0.30000000000000004,0.0,0.37500000000000006,0.6928571428571414,0.607142857142856,0.6142857142857131
0.3807692307692303,0.190673828125,0.255859375,0.22499999999999998,0.1,0.0,0.19999999999999998,0.14285714285714288,0.10714285714285716,0.18571428571428575,0.7500000000000003,0.30000000000000004,0.0,0.37500000000000006,0.6928571428571414,0.607142857142856,0.6214285714285702
0.38173076923076876,0.1910400390625,0.25634765625,0.22499999999999998,0.1,0.0,0.19999999999999998,0.14285714285714288,0.10714285714285716,0.18571428571428575,0.7500000000000003,0.30000000000000004,0.0,0.37500000000000006,0.6928571428571414,0.607142857142856,0.6285714285714273
0.3826923076923073,0.1915283203125,0.257080078125,0.22499999999999998,0.1,0.0,0.19999999999999998,0.14285714285714288,0.10714285714285716,0.18571428571428575,0.7500000000000003,0.30000000000000004,0.0,0.37500000000000006,0.6928571428571414,0.607142857142856,0.6357142857142845
0.3836538461538457,0.1920166015625,0.257568359375,0.24999999999999997,0.1,0.0,0.19999999999999998,0.14285714285714288,0.10714285714285716,0.18571428571428575,0.7500000000000003,0.30000000000000004,0.0,0.37500000000000006,0.6928571428571414,0.607142857142856,0.6357142857142845
0.3846153846153841,0.1925048828125,0.258056640625,0.24999999999999997,0.1,0.0,0.19999999999999998,0.14285714285714288,0.10714285714285716,0.18571428571428575,0.7500000000000003,0.30000000000000004,0.0,0.37500000000000006,0.6928571428571414,0.607142857142856,0.6428571428571416
0.38557692307692254,0.1929931640625,0.258544921875,0.24999999999999997,0.1,0.0,0.19999999999999998,0.14285714285714288,0.10714285714285716,0.18571428571428575,0.7500000000000003,0.30000000000000004,0.0,0.37500000000000006,0.6928571428571414,0.607142857142856,0.6499999999999987
0.386538461538461,0.193359375,0.25927734375,0.24999999999999997,0.1,0.0,0.19999999999999998,0.14285714285714288,0.10714285714285716,0.18571428571428575,0.7500000000000003,0.30000000000000004,0.0,0.37500000000000006,0.6928571428571414,0.607142857142856,0.6571428571428558
0.3874999999999995,0.19384765625,0.260009765625,0.24999999999999997,0.1,0.0,0.19999999999999998,0.14285714285714288,0.10714285714285716,0.18571428571428575,0.7500000000000003,0.30000000000000004,0.0,0.37500000000000006,0.6928571428571414,0.607142857142856,0.6642857142857129
0.38846153846153797,0.1943359375,0.260498046875,0.24999999999999997,0.1,0.0,0.19999999999999998,0.14285714285714288,0.10714285714285716,0.18571428571428575,0.7500000000000003,0.30000000000000004,0.0,0.37500000000000006,0.6928571428571414,0.607142857142856,0.67142857142857
0.38942307692307637,0.19482421875,0.26123046875,0.24999999999999997,0.1,0.0,0.19999999999999998,0.15000000000000002,0.10714285714285716,0.18571428571428575,0.7500000000000003,0.30000000000000004,0.0,0.37500000000000006,0.6928571428571414,0.607142857142856,0.67142857142857
0.39038461538461483,0.1953125,0.26171875,0.24999999999999997,0.1,0.0,0.19999999999999998,0.15000000000000002,0.10714285714285716,0.18571428571428575,0.7500000000000003,0.30000000000000004,0.0,0.37500000000000006,0.6928571428571414,0.607142857142856,0.6785714285714272
0.39134615384615334,0.19580078125,0.26220703125,0.24999999999999997,0.1,0.0,0.19999999999999998,0.15000000000000002,0.10714285714285716,0.1928571428571429,0.7500000000000003,0.30000000000000004,0.0,0.37500000000000006,0.6928571428571414,0.607142857142856,0.6785714285714272
0.3923076923076918,0.1962890625,0.26318359375,0.24999999999999997,0.1,0.0,0.19999999999999998,0.15000000000000002,0.10714285714285716,0.1928571428571429,0.7500000000000003,0.30000000000000004,0.0,0.37500000000000006,0.6928571428571414,0.607142857142856,0.6857142857142843
0.39326923076923026,0.19677734375,0.263427734375,0.24999999999999997,0.1,0.0,0.19999999999999998,0.15000000000000002,0.11428571428571431,0.1928571428571429,0.7500000000000003,0.30000000000000004,0.0,0.37500000000000006,0.6928571428571414,0.607142857142856,0.6857142857142843
0.3942307692307688,0.197265625,0.26416015625,0.24999999999999997,0.1,0.0,0.19999999999999998,0.15000000000000002,0.11428571428571431,0.1928571428571429,0.7500000000000003,0.30000000000000004,0.0,0.37500000000000006,0.6928571428571414,0.607142857142856,0.6928571428571414
0.39519230769230723,0.19775390625,0.264892578125,0.24999999999999997,0.1,0.0,0.19999999999999998,0.15000000000000002,0.11428571428571431,0.1928571428571429,0.7500000000000003,0.30000000000000004,0.0,0.37500000000000006,0.6928571428571414,0.607142857142856,0.6999999999999985
0.39615384615384563,0.1982421875,0.265380859375,0.24999999999999997,0.1,0.0,0.19999999999999998,0.15000000000000002,0.11428571428571431,0.1928571428571429,0.7500000000000003,0.30000000000000004,0.0,0.37500000000000006,0.6928571428571414,0.607142857142856,0.7071428571428556
0.3971153846153841,0.19873046875,0.265869140625,0.24999999999999997,0.1,0.0,0.19999999999999998,0.15000000000000002,0.11428571428571431,0.1928571428571429,0.7500000000000003,0.30000000000000004,0.0,0.4000000000000001,0.6928571428571414,0.607142857142856,0.7071428571428556
0.3980769230769226,0.19921875,0.266357421875,0.24999999999999997,0.1,0.0,0.19999999999999998,0.15000000000000002,0.11428571428571431,0.1928571428571429,0.7500000000000003,0.30000000000000004,0.0,0.4000000000000001,0.6928571428571414,0.607142857142856,0.7142857142857127
0.399038461538461,0.19970703125,0.26708984375,0.24999999999999997,0.1,0.0,0.19999999999999998,0.15000000000000002,0.11428571428571431,0.1928571428571429,0.7500000000000003,0.30000000000000004,0.0,0.4000000000000001,0.6999999999999985,0.607142857142856,0.7142857142857127
0.39999999999999947,0.2001953125,0.267822265625,0.24999999999999997,0.1,0.0,0.19999999999999998,0.15000000000000002,0.11428571428571431,0.1928571428571429,0.7500000000000003,0.30000000000000004,0.0,0.4000000000000001,0.7071428571428556,0.607142857142856,0.7142857142857127
0.4009615384615379,0.20068359375,0.268310546875,0.24999999999999997,0.1,0.0,0.19999999999999998,0.15000000000000002,0.11428571428571431,0.1928571428571429,0.7500000000000003,0.30000000000000004,0.0,0.4000000000000001,0.7142857142857127,0.607142857142856,0.7142857142857127
0.40192307692307644,0.201171875,0.26904296875,0.24999999999999997,0.1,0.0,0.19999999999999998,0.15000000000000002,0.11428571428571431,0.1928571428571429,0.7500000000000003,0.30000000000000004,0.0,0.4000000000000001,0.7214285714285699,0.607142857142856,0.7142857142857127
0.40288461538461484,0.20166015625,0.26953125,0.24999999999999997,0.1,0.0,0.19999999999999998,0.15000000000000002,0.11428571428571431,0.1928571428571429,0.7500000000000003,0.30000000000000004,0.0,0.4000000000000001,0.728571428571427,0.607142857142856,0.7142857142857127
0.4038461538461533,0.2021484375,0.27001953125,0.24999999999999997,0.1,0.0,0.19999999999999998,0.15000000000000002,0.11428571428571431,0.1928571428571429,0.7500000000000003,0.30000000000000004,0.0,0.4000000000000001,0.7357142857142841,0.607142857142856,0.7142857142857127
0.40480769230769176,0.20263671875,0.2705078125,0.24999999999999997,0.1,0.0,0.19999999999999998,0.15000000000000002,0.11428571428571431,0.1928571428571429,0.7500000000000003,0.4,0.0,0.4000000000000001,0.7357142857142841,0.607142857142856,0.7142857142857127
0.40576923076923016,0.203125,0.271240234375,0.24999999999999997,0.1,0.0,0.19999999999999998,0.15000000000000002,0.11428571428571431,0.1928571428571429,0.7500000000000003,0.4,0.0,0.4000000000000001,0.7357142857142841,0.6142857142857131,0.7142857142857127
0.4067307692307687,0.20361328125,0.271728515625,0.24999999999999997,0.1,0.0,0.19999999999999998,0.15000000000000002,0.11428571428571431,0.1928571428571429,0.7500000000000003,0.4,0.0,0.4000000000000001,0.7357142857142841,0.6214285714285702,0.7142857142857127
0.40769230769230713,0.2041015625,0.272216796875,0.24999999999999997,0.1,0.0,0.19999999999999998,0.15000000000000002,0.11428571428571431,0.1928571428571429,0.7500000000000003,0.4,0.0,0.4000000000000001,0.7357142857142841,0.6285714285714273,0.7142857142857127
0.4086538461538456,0.20458984375,0.273193359375,0.27499999999999997,0.1,0.0,0.19999999999999998,0.15000000000000002,0.11428571428571431,0.1928571428571429,0.7500000000000003,0.4,0.0,0.4000000000000001,0.7357142857142841,0.6285714285714273,0.7142857142857127
0.4096153846153841,0.205078125,0.273681640625,0.27499999999999997,0.1,0.0,0.19999999999999998,0.15000000000000002,0.11428571428571431,0.1928571428571429,0.7500000000000003,0.4,0.0,0.4000000000000001,0.7357142857142841,0.6285714285714273,0.7214285714285699
0.41057692307692256,0.20556640625,0.274169921875,0.27499999999999997,0.1,0.0,0.19999999999999998,0.15000000000000002,0.12142857142857146,0.1928571428571429,0.7500000000000003,0.4,0.0,0.4000000000000001,0.7357142857142841,0.6285714285714273,0.7214285714285699
0.41153846153846096,0.2060546875,0.274658203125,0.27499999999999997,0.1,0.0,0.19999999999999998,0.15000000000000002,0.12142857142857146,0.1928571428571429,0.7500000000000003,0.4,0.0,0.4000000000000001,0.7357142857142841,0.6285714285714273,0.728571428571427
0.4124999999999994,0.20654296875,0.275390625,0.27499999999999997,0.1,0.0,0.19999999999999998,0.15000000000000002,0.12142857142857146,0.1928571428571429,0.7500000000000003,0.4,0.0,0.4000000000000001,0.7357142857142841,0.6285714285714273,0.7357142857142841
0.41346153846153794,0.20703125,0.27587890625,0.27499999999999997,0.1,0.0,0.19999999999999998,0.15000000000000002,0.12142857142857146,0.1928571428571429,0.7500000000000003,0.4,0.0,0.4000000000000001,0.7357142857142841,0.6357142857142845,0.7357142857142841
0.4144230769230764,0.20751953125,0.2763671875,0.27499999999999997,0.1,0.0,0.19999999999999998,0.15000000000000002,0.12142857142857146,0.1928571428571429,0.7500000000000003,0.4,0.0,0.4000000000000001,0.7357142857142841,0.6428571428571416,0.7357142857142841
0.4153846153846148,0.2080078125,0.277099609375,0.27499999999999997,0.1,0.0,0.19999999999999998,0.15714285714285717,0.12142857142857146,0.1928571428571429,0.7500000000000003,0.4,0.0,0.4000000000000001,0.7357142857142841,0.6428571428571416,0.7357142857142841
0.41634615384615326,0.20849609375,0.27783203125,0.27499999999999997,0.1,0.0,0.19999999999999998,0.15714285714285717,0.12142857142857146,0.1928571428571429,0.7500000000000003,0.4,0.0,0.4000000000000001,0.7357142857142841,0.6499999999999987,0.7357142857142841
0.41730769230769177,0.208984375,0.2783203125,0.27499999999999997,0.1,0.0,0.19999999999999998,0.15714285714285717,0.12142857142857146,0.1928571428571429,0.7500000000000003,0.4,0.0,0.4000000000000001,0.7357142857142841,0.6571428571428558,0.7357142857142841
0.41826923076923017,0.20947265625,0.27880859375,0.27499999999999997,0.1,0.0,0.19999999999999998,0.15714285714285717,0.12142857142857146,0.1928571428571429,0.7500000000000003,0.4,0.0,0.4000000000000001,0.7357142857142841,0.6642857142857129,0.7357142857142841
0.41923076923076863,0.2099609375,0.279541015625,0.27499999999999997,0.1,0.0,0.19999999999999998,0.15714285714285717,0.12142857142857146,0.1928571428571429,0.7500000000000003,0.4,0.0,0.4000000000000001,0.7357142857142841,0.67142857142857,0.7357142857142841
0.4201923076923071,0.21044921875,0.280029296875,0.27499999999999997,0.1,0.0,0.19999999999999998,0.15714285714285717,0.12142857142857146,0.1928571428571429,0.7500000000000003,0.4,0.0,0.4000000000000001,0.7357142857142841,0.6785714285714272,0.7357142857142841
0.4211538461538456,0.2109375,0.280517578125,0.27499999999999997,0.1,0.0,0.19999999999999998,0.15714285714285717,0.12142857142857146,0.1928571428571429,0.7500000000000003,0.4,0.0,0.4250000000000001,0.7357142857142841,0.6785714285714272,0.7357142857142841
0.42211538461538406,0.21142578125,0.28125,0.27499999999999997,0.1,0.0,0.19999999999999998,0.15714285714285717,0.12142857142857146,0.1928571428571429,0.7500000000000003,0.4,0.0,0.4250000000000001,0.7357142857142841,0.6857142857142843,0.7357142857142841
0.42307692307692246,0.2119140625,0.28173828125,0.27499999999999997,0.1,0.0,0.19999999999999998,0.15714285714285717,0.12142857142857146,0.1928571428571429,0.7500000000000003,0.4,0.0,0.4250000000000001,0.7357142857142841,0.6928571428571414,0.7357142857142841
0.4240384615384609,0.21240234375,0.282470703125,0.27499999999999997,0.1,0.0,0.19999999999999998,0.15714285714285717,0.12142857142857146,0.1928571428571429,0.7500000000000003,0.4,0.0,0.4250000000000001,0.7428571428571412,0.6928571428571414,0.7357142857142841
0.42499999999999943,0.212890625,0.283203125,0.27499999999999997,0.1,0.0,0.19999999999999998,0.15714285714285717,0.12142857142857146,0.1928571428571429,0.7500000000000003,0.4,0.0,0.4250000000000001,0.7499999999999983,0.6928571428571414,0.7357142857142841
0.4259615384615379,0.21337890625,0.28369140625,0.27499999999999997,0.1,0.0,0.19999999999999998,0.1642857142857143,0.12142857142857146,0.1928571428571429,0.7500000000000003,0.4,0.0,0.4250000000000001,0.7499999999999983,0.6928571428571414,0.7357142857142841
0.42692307692307635,0.2138671875,0.2841796875,0.27499999999999997,0.1,0.0,0.19999999999999998,0.1642857142857143,0.12142857142857146,0.1928571428571429,0.7500000000000003,0.4,0.0,0.4250000000000001,0.7499999999999983,0.6928571428571414,0.7428571428571412
0.42788461538461486,0.21435546875,0.28466796875,0.27499999999999997,0.1,0.0,0.19999999999999998,0.1642857142857143,0.12142857142857146,0.1928571428571429,0.7500000000000003,0.4,0.0,0.4250000000000001,0.7499999999999983,0.6928571428571414,0.7499999999999983
0.42884615384615327,0.21484375,0.285400390625,0.27499999999999997,0.1,0.0,0.19999999999999998,0.17142857142857146,0.12142857142857146,0.1928571428571429,0.7500000000000003,0.4,0.0,0.4250000000000001,0.7499999999999983,0.6928571428571414,0.7499999999999983
0.42980769230769167,0.21533203125,0.285888671875,0.27499999999999997,0.1,0.0,0.19999999999999998,0.17142857142857146,0.12142857142857146,0.1928571428571429,0.7500000000000003,0.4,0.0,0.4250000000000001,0.7499999999999983,0.6928571428571414,0.7571428571428555
0.4307692307692302,0.2158203125,0.286376953125,0.27499999999999997,0.1,0.0,0.19999999999999998,0.17142857142857146,0.1285714285714286,0.1928571428571429,0.7500000000000003,0.4,0.0,0.4250000000000001,0.7499999999999983,0.6928571428571414,0.7571428571428555
0.4317307692307686,0.21630859375,0.287353515625,0.27499999999999997,0.1,0.0,0.19999999999999998,0.17142857142857146,0.1285714285714286,0.1928571428571429,0.7500000000000003,0.4,0.0,0.4250000000000001,0.7499999999999983,0.6928571428571414,0.7642857142857126
0.4326923076923071,0.216796875,0.287841796875,0.27499999999999997,0.1,0.0,0.19999999999999998,0.17142857142857146,0.1285714285714286,0.1928571428571429,0.7750000000000004,0.4,0.0,0.4250000000000001,0.7499999999999983,0.6928571428571414,0.7642857142857126
0.43365384615384556,0.21728515625,0.288330078125,0.27499999999999997,0.1,0.0,0.19999999999999998,0.17142857142857146,0.1285714285714286,0.1928571428571429,0.7750000000000004,0.4,0.0,0.4250000000000001,0.7499999999999983,0.6928571428571414,0.7714285714285697
0.434615384615384,0.2177734375,0.2890625,0.27499999999999997,0.1,0.0,0.19999999999999998,0.17142857142857146,0.1285714285714286,0.1928571428571429,0.7750000000000004,0.4,0.0,0.4250000000000001,0.7499999999999983,0.6928571428571414,0.7785714285714268
0.43557692307692253,0.21826171875,0.28955078125,0.27499999999999997,0.1,0.0,0.19999999999999998,0.17142857142857146,0.1285714285714286,0.1928571428571429,0.7750000000000004,0.4,0.0,0.4250000000000001,0.7571428571428555,0.6928571428571414,0.7785714285714268
0.436538461538461,0.21875,0.2900390625,0.27499999999999997,0.1,0.0,0.19999999999999998,0.17142857142857146,0.1285714285714286,0.1928571428571429,0.7750000000000004,0.4,0.0,0.4250000000000001,0.7642857142857126,0.6928571428571414,0.7785714285714268
0.4374999999999994,0.21923828125,0.29052734375,0.3,0.1,0.0,0.19999999999999998,0.17142857142857146,0.1285714285714286,0.1928571428571429,0.7750000000000004,0.4,0.0,0.4250000000000001,0.7642857142857126,0.6928571428571414,0.7785714285714268
0.43846153846153785,0.2197265625,0.291259765625,0.3,0.1,0.0,0.19999999999999998,0.17142857142857146,0.1285714285714286,0.1928571428571429,0.7750000000000004,0.4,0.0,0.4250000000000001,0.7642857142857126,0.6928571428571414,0.7857142857142839
0.43942307692307625,0.22021484375,0.2919921875,0.3,0.1,0.0,0.19999999999999998,0.17142857142857146,0.1285714285714286,0.1928571428571429,0.7750000000000004,0.4,0.0,0.4250000000000001,0.7714285714285697,0.6928571428571414,0.7857142857142839
0.4403846153846148,0.220703125,0.29248046875,0.3,0.1,0.0,0.19999999999999998,0.17142857142857146,0.1285714285714286,0.1928571428571429,0.7750000000000004,0.4,0.0,0.4250000000000001,0.7785714285714268,0.6928571428571414,0.7857142857142839
0.4413461538461532,0.22119140625,0.293212890625,0.3,0.1,0.0,0.19999999999999998,0.17142857142857146,0.1285714285714286,0.1928571428571429,0.7750000000000004,0.4,0.0,0.4250000000000001,0.7857142857142839,0.6928571428571414,0.7857142857142839
0.4423076923076916,0.2216796875,0.293701171875,0.3,0.1,0.0,0.19999999999999998,0.17142857142857146,0.1285714285714286,0.1928571428571429,0.7750000000000004,0.4,0.0,0.4250000000000001,0.7857142857142839,0.6999999999999985,0.7857142857142839
0.4432692307692302,0.22216796875,0.294189453125,0.3,0.1,0.0,0.19999999999999998,0.17142857142857146,0.1285714285714286,0.1928571428571429,0.7750000000000004,0.4,0.0,0.4250000000000001,0.7857142857142839,0.7071428571428556,0.7857142857142839
0.4442307692307686,0.22265625,0.294921875,0.3,0.1,0.0,0.19999999999999998,0.17142857142857146,0.1285714285714286,0.1928571428571429,0.7750000000000004,0.4,0.0,0.4250000000000001,0.7857142857142839,0.7142857142857127,0.7857142857142839
0.4451923076923071,0.22314453125,0.29541015625,0.3,0.1,0.0,0.19999999999999998,0.17142857142857146,0.1285714285714286,0.1928571428571429,0.7750000000000004,0.4,0.0,0.4250000000000001,0.7857142857142839,0.7214285714285699,0.7857142857142839
0.4461538461538455,0.2236328125,0.2958984375,0.3,0.1,0.0,0.19999999999999998,0.17142857142857146,0.1285714285714286,0.1928571428571429,0.7750000000000004,0.4,0.0,0.4250000000000001,0.7857142857142839,0.728571428571427,0.7857142857142839
0.4471153846153839,0.22412109375,0.29638671875,0.3,0.1,0.0,0.19999999999999998,0.17142857142857146,0.1285714285714286,0.1928571428571429,0.7750000000000004,0.4,0.0,0.4250000000000001,0.7857142857142839,0.7357142857142841,0.7857142857142839
0.4480769230769225,0.224609375,0.297119140625,0.3,0.1,0.0,0.19999999999999998,0.17142857142857146,0.13571428571428573,0.1928571428571429,0.7750000000000004,0.4,0.0,0.4250000000000001,0.7857142857142839,0.7357142857142841,0.7857142857142839
0.4490384615384609,0.22509765625,0.297607421875,0.3,0.1,0.0,0.19999999999999998,0.17142857142857146,0.13571428571428573,0.1928571428571429,0.7750000000000004,0.4,0.0,0.4250000000000001,0.7857142857142839,0.7357142857142841,0.792857142857141
0.4499999999999993,0.2255859375,0.298095703125,0.3,0.1,0.0,0.22499999999999998,0.17142857142857146,0.13571428571428573,0.1928571428571429,0.7750000000000004,0.4,0.0,0.4250000000000001,0.7857142857142839,0.7357142857142841,0.792857142857141
0.45096153846153775,0.22607421875,0.298583984375,0.3,0.1,0.0,0.22499999999999998,0.17142857142857146,0.13571428571428573,0.1928571428571429,0.7750000000000004,0.4,0.0,0.4250000000000001,0.7857142857142839,0.7357142857142841,0.7999999999999982
0.45192307692307626,0.2265625,0.29931640625,0.3,0.1,0.0,0.22499999999999998,0.1785714285714286,0.13571428571428573,0.1928571428571429,0.7750000000000004,0.4,0.0,0.4250000000000001,0.7857142857142839,0.7357142857142841,0.7999999999999982
0.4528846153846147,0.22705078125,0.2998046875,0.3,0.1,0.0,0.22499999999999998,0.18571428571428575,0.13571428571428573,0.1928571428571429,0.7750000000000004,0.4,0.0,0.4250000000000001,0.7857142857142839,0.7357142857142841,0.7999999999999982
0.4538461538461532,0.2275390625,0.30029296875,0.3,0.1,0.0,0.22499999999999998,0.18571428571428575,0.13571428571428573,0.1928571428571429,0.7750000000000004,0.4,0.0,0.4250000000000001,0.7857142857142839,0.7357142857142841,0.8071428571428553
0.4548076923076916,0.22802734375,0.30078125,0.3,0.1,0.0,0.22499999999999998,0.18571428571428575,0.13571428571428573,0.1928571428571429,0.7750000000000004,0.4,0.0,0.4250000000000001,0.7857142857142839,0.7357142857142841,0.8142857142857124
0.45576923076923015,0.228515625,0.301513671875,0.3,0.1,0.0,0.22499999999999998,0.18571428571428575,0.13571428571428573,0.1928571428571429,0.7750000000000004,0.4,0.0,0.4500000000000001,0.7857142857142839,0.7357142857142841,0.8142857142857124
0.45673076923076855,0.22900390625,0.302001953125,0.3,0.1,0.0,0.22499999999999998,0.18571428571428575,0.13571428571428573,0.1928571428571429,0.7750000000000004,0.4,0.0,0.4500000000000001,0.7857142857142839,0.7357142857142841,0.8214285714285695
0.457692307692307,0.2294921875,0.302490234375,0.3,0.1,0.0,0.22499999999999998,0.18571428571428575,0.14285714285714288,0.1928571428571429,0.7750000000000004,0.4,0.0,0.4500000000000001,0.7857142857142839,0.7357142857142841,0.8214285714285695
0.4586538461538454,0.2301025390625,0.30322265625,0.325,0.1,0.0,0.22499999999999998,0.18571428571428575,0.14285714285714288,0.1928571428571429,0.7750000000000004,0.4,0.0,0.4500000000000001,0.7857142857142839,0.7357142857142841,0.8214285714285695
0.4596153846153839,0.2305908203125,0.3037109375,0.325,0.1,0.0,0.22499999999999998,0.18571428571428575,0.14285714285714288,0.1928571428571429,0.7750000000000004,0.4,0.0,0.4500000000000001,0.792857142857141,0.7357142857142841,0.8214285714285695
0.4605769230769224,0.2310791015625,0.30419921875,0.325,0.1,0.0,0.22499999999999998,0.18571428571428575,0.14285714285714288,0.1928571428571429,0.7750000000000004,0.4,0.0,0.4500000000000001,0.7999999999999982,0.7357142857142841,0.8214285714285695
0.46153846153846084,0.2315673828125,0.3046875,0.325,0.1,0.0,0.22499999999999998,0.18571428571428575,0.15000000000000002,0.1928571428571429,0.7750000000000004,0.4,0.0,0.4500000000000001,0.7999999999999982,0.7357142857142841,0.8214285714285695
0.46249999999999925,0.2320556640625,0.3056640625,0.325,0.1,0.0,0.22499999999999998,0.18571428571428575,0.15000000000000002,0.1928571428571429,0.7750000000000004,0.4,0.0,0.4500000000000001,0.8071428571428553,0.7357142857142841,0.8214285714285695
0.46346153846153776,0.2325439453125,0.30615234375,0.325,0.1,0.0,0.22499999999999998,0.18571428571428575,0.15000000000000002,0.1928571428571429,0.7750000000000004,0.4,0.0,0.4500000000000001,0.8142857142857124,0.7357142857142841,0.8214285714285695
0.4644230769230762,0.2330322265625,0.306640625,0.325,0.1,0.0,0.22499999999999998,0.18571428571428575,0.15000000000000002,0.1928571428571429,0.7750000000000004,0.4,0.0,0.4500000000000001,0.8214285714285695,0.7357142857142841,0.8214285714285695
0.4653846153846147,0.2335205078125,0.307373046875,0.325,0.1,0.0,0.22499999999999998,0.18571428571428575,0.15000000000000002,0.1928571428571429,0.7750000000000004,0.4,0.0,0.4500000000000001,0.8285714285714266,0.7357142857142841,0.8214285714285695
0.4663461538461532,0.2340087890625,0.307861328125,0.325,0.1,0.0,0.22499999999999998,0.18571428571428575,0.15000000000000002,0.1928571428571429,0.7750000000000004,0.4,0.0,0.4500000000000001,0.8285714285714266,0.7357142857142841,0.8285714285714266
0.4673076923076916,0.2344970703125,0.308349609375,0.325,0.1,0.0,0.22499999999999998,0.18571428571428575,0.15000000000000002,0.20000000000000004,0.7750000000000004,0.4,0.0,0.4500000000000001,0.8285714285714266,0.7357142857142841,0.8285714285714266
0.46826923076923005,0.2349853515625,0.308837890625,0.325,0.1,0.0,0.22499999999999998,0.18571428571428575,0.15000000000000002,0.20000000000000004,0.7750000000000004,0.4,0.0,0.4500000000000001,0.8285714285714266,0.7357142857142841,0.8357142857142837
0.4692307692307685,0.2354736328125,0.309326171875,0.325,0.1,0.0,0.22499999999999998,0.18571428571428575,0.15000000000000002,0.20000000000000004,0.7750000000000004,0.4,0.0,0.4500000000000001,0.8285714285714266,0.7428571428571412,0.8357142857142837
0.470192307692307,0.2359619140625,0.31005859375,0.325,0.1,0.0,0.22499999999999998,0.18571428571428575,0.15000000000000002,0.20000000000000004,0.7750000000000004,0.4,0.0,0.4500000000000001,0.8285714285714266,0.7499999999999983,0.8357142857142837
0.4711538461538455,0.2364501953125,0.310546875,0.325,0.1,0.0,0.24999999999999997,0.18571428571428575,0.15000000000000002,0.20000000000000004,0.7750000000000004,0.4,0.0,0.4500000000000001,0.8285714285714266,0.7499999999999983,0.8357142857142837
0.4721153846153839,0.2369384765625,0.311279296875,0.325,0.1,0.0,0.24999999999999997,0.18571428571428575,0.15000000000000002,0.20000000000000004,0.7750000000000004,0.4,0.0,0.4500000000000001,0.8285714285714266,0.7499999999999983,0.8428571428571409
0.4730769230769224,0.2374267578125,0.3115234375,0.325,0.1,0.0,0.24999999999999997,0.18571428571428575,0.15000000000000002,0.20000000000000004,0.7750000000000004,0.4,0.0,0.4500000000000001,0.8357142857142837,0.7499999999999983,0.8428571428571409
0.47403846153846085,0.2379150390625,0.312255859375,0.325,0.1,0.0,0.24999999999999997,0.18571428571428575,0.15000000000000002,0.20000000000000004,0.7750000000000004,0.4,0.0,0.4500000000000001,0.8357142857142837,0.7571428571428555,0.8428571428571409
0.47499999999999926,0.2384033203125,0.312744140625,0.325,0.1,0.0,0.24999999999999997,0.18571428571428575,0.15000000000000002,0.20000000000000004,0.7750000000000004,0.4,0.0,0.4500000000000001,0.8357142857142837,0.7642857142857126,0.8428571428571409
0.47596153846153777,0.2388916015625,0.3134765625,0.325,0.1,0.0,0.27499999999999997,0.18571428571428575,0.15000000000000002,0.20000000000000004,0.7750000000000004,0.4,0.0,0.4500000000000001,0.8357142857142837,0.7642857142857126,0.8428571428571409
0.4769230769230762,0.2393798828125,0.31396484375,0.325,0.1,0.0,0.27499999999999997,0.18571428571428575,0.15000000000000002,0.20000000000000004,0.7750000000000004,0.4,0.0,0.4500000000000001,0.8357142857142837,0.7714285714285697,0.8428571428571409
0.4778846153846146,0.2398681640625,0.314453125,0.325,0.1,0.0,0.27499999999999997,0.18571428571428575,0.15000000000000002,0.20000000000000004,0.7750000000000004,0.4,0.0,0.4500000000000001,0.8428571428571409,0.7714285714285697,0.8428571428571409
0.47884615384615314,0.2403564453125,0.315185546875,0.325,0.1,0.0,0.27499999999999997,0.18571428571428575,0.15000000000000002,0.20000000000000004,0.7750000000000004,0.4,0.0,0.4500000000000001,0.8428571428571409,0.7785714285714268,0.8428571428571409
0.47980769230769155,0.2408447265625,0.315673828125,0.325,0.1,0.0,0.27499999999999997,0.18571428571428575,0.15000000000000002,0.20000000000000004,0.7750000000000004,0.4,0.0,0.4500000000000001,0.849999999999998,0.7785714285714268,0.8428571428571409
0.48076923076923006,0.2413330078125,0.31591796875,0.325,0.1,0.0,0.27499999999999997,0.18571428571428575,0.15000000000000002,0.20000000000000004,0.7750000000000004,0.4,0.0,0.4500000000000001,0.8571428571428551,0.7785714285714268,0.8428571428571409
0.4817307692307685,0.2418212890625,0.316650390625,0.325,0.1,0.0,0.27499999999999997,0.18571428571428575,0.15000000000000002,0.20000000000000004,0.7750000000000004,0.4,0.0,0.47500000000000014,0.8571428571428551,0.7785714285714268,0.8428571428571409
0.4826923076923069,0.2423095703125,0.3173828125,0.325,0.1,0.0,0.27499999999999997,0.18571428571428575,0.15000000000000002,0.20000000000000004,0.7750000000000004,0.4,0.0,0.47500000000000014,0.8571428571428551,0.7857142857142839,0.8428571428571409
0.4836538461538454,0.2427978515625,0.31787109375,0.325,0.1,0.0,0.27499999999999997,0.18571428571428575,0.15000000000000002,0.20000000000000004,0.7750000000000004,0.4,0.0,0.47500000000000014,0.8571428571428551,0.7857142857142839,0.849999999999998
0.48461538461538384,0.2432861328125,0.318359375,0.325,0.1,0.0,0.27499999999999997,0.1928571428571429,0.15000000000000002,0.20000000000000004,0.7750000000000004,0.4,0.0,0.47500000000000014,0.8571428571428551,0.7857142857142839,0.849999999999998
0.48557692307692235,0.2437744140625,0.31884765625,0.325,0.1,0.0,0.27499999999999997,0.20000000000000004,0.15000000000000002,0.20000000000000004,0.7750000000000004,0.4,0.0,0.47500000000000014,0.8571428571428551,0.7857142857142839,0.849999999999998
0.4865384615384608,0.2442626953125,0.3193359375,0.325,0.1,0.0,0.27499999999999997,0.20000000000000004,0.15000000000000002,0.20000000000000004,0.7750000000000004,0.4,0.0,0.47500000000000014,0.8571428571428551,0.7857142857142839,0.8571428571428551
0.4874999999999992,0.2447509765625,0.31982421875,0.325,0.1,0.0,0.27499999999999997,0.20714285714285718,0.15000000000000002,0.20000000000000004,0.7750000000000004,0.4,0.0,0.47500000000000014,0.8571428571428551,0.7857142857142839,0.8571428571428551
0.4884615384615377,0.2452392578125,0.320556640625,0.325,0.1,0.0,0.27499999999999997,0.20714285714285718,0.15000000000000002,0.20000000000000004,0.8000000000000004,0.4,0.0,0.47500000000000014,0.8571428571428551,0.7857142857142839,0.8571428571428551
0.48942307692307624,0.2457275390625,0.321044921875,0.325,0.1,0.0,0.27499999999999997,0.20714285714285718,0.15000000000000002,0.20000000000000004,0.8000000000000004,0.4,0.0,0.47500000000000014,0.8571428571428551,0.7857142857142839,0.8642857142857122
0.49038461538461464,0.2462158203125,0.321533203125,0.325,0.1,0.0,0.27499999999999997,0.20714285714285718,0.15714285714285717,0.20000000000000004,0.8000000000000004,0.4,0.0,0.47500000000000014,0.8571428571428551,0.7857142857142839,0.8642857142857122
0.4913461538461531,0.2467041015625,0.322021484375,0.325,0.1,0.0,0.27499999999999997,0.20714285714285718,0.1642857142857143,0.20000000000000004,0.8000000000000004,0.4,0.0,0.47500000000000014,0.8571428571428551,0.7857142857142839,0.8642857142857122
0.49230769230769156,0.2471923828125,0.32275390625,0.325,0.1,0.0,0.27499999999999997,0.20714285714285718,0.1642857142857143,0.20000000000000004,0.8000000000000004,0.4,0.0,0.47500000000000014,0.8642857142857122,0.7857142857142839,0.8642857142857122
0.49326923076923007,0.2476806640625,0.3232421875,0.325,0.1,0.0,0.27499999999999997,0.20714285714285718,0.1642857142857143,0.20000000000000004,0.8000000000000004,0.4,0.0,0.47500000000000014,0.8642857142857122,0.7857142857142839,0.8714285714285693
0.4942307692307685,0.2481689453125,0.32373046875,0.325,0.1,0.0,0.27499999999999997,0.20714285714285718,0.17142857142857146,0.20000000000000004,0.8000000000000004,0.4,0.0,0.47500000000000014,0.8642857142857122,0.7857142857142839,0.8714285714285693
0.4951923076923069,0.2486572265625,0.32421875,0.325,0.1,0.0,0.27499999999999997,0.20714285714285718,0.17142857142857146,0.20000000000000004,0.8000000000000004,0.4,0.0,0.47500000000000014,0.8642857142857122,0.7857142857142839,0.8785714285714264
0.4961538461538454,0.2491455078125,0.32470703125,0.325,0.1,0.0,0.27499999999999997,0.21428571428571433,0.17142857142857146,0.20000000000000004,0.8000000000000004,0.4,0.0,0.47500000000000014,0.8642857142857122,0.7857142857142839,0.8785714285714264
0.4971153846153839,0.2496337890625,0.3251953125,0.325,0.1,0.0,0.27499999999999997,0.21428571428571433,0.17142857142857146,0.20000000000000004,0.8000000000000004,0.4,0.0,0.47500000000000014,0.8642857142857122,0.7857142857142839,0.8857142857142836
0.49807692307692236,0.25,0.32568359375,0.325,0.1,0.0,0.27499999999999997,0.21428571428571433,0.17142857142857146,0.20000000000000004,0.8000000000000004,0.4,0.0,0.47500000000000014,0.8642857142857122,0.7857142857142839,0.8928571428571407
0.49903846153846076,0.25048828125,0.326416015625,0.325,0.1,0.0,0.27499999999999997,0.21428571428571433,0.17142857142857146,0.20000000000000004,0.8000000000000004,0.4,0.0,0.47500000000000014,0.8642857142857122,0.792857142857141,0.8928571428571407
0.4999999999999992,0.2509765625,0.326904296875,0.325,0.1,0.0,0.27499999999999997,0.21428571428571433,0.17142857142857146,0.20000000000000004,0.8000000000000004,0.4,0.0,0.47500000000000014,0.8642857142857122,0.7999999999999982,0.8928571428571407
0.5009615384615377,0.25146484375,0.327392578125,0.325,0.1,0.0,0.27499999999999997,0.22142857142857147,0.17142857142857146,0.20000000000000004,0.8000000000000004,0.4,0.0,0.47500000000000014,0.8642857142857122,0.7999999999999982,0.8928571428571407
0.5019230769230763,0.251953125,0.327880859375,0.325,0.1,0.0,0.27499999999999997,0.22142857142857147,0.17142857142857146,0.20000000000000004,0.8000000000000004,0.4,0.0,0.47500000000000014,0.8642857142857122,0.8071428571428553,0.8928571428571407
0.5028846153846146,0.25244140625,0.32861328125,0.325,0.1,0.0,0.27499999999999997,0.22142857142857147,0.17142857142857146,0.20000000000000004,0.8000000000000004,0.4,0.0,0.5000000000000001,0.8642857142857122,0.8071428571428553,0.8928571428571407
0.503846153846153,0.2529296875,0.328857421875,0.325,0.1,0.0,0.27499999999999997,0.22142857142857147,0.17142857142857146,0.20000000000000004,0.8000000000000004,0.4,0.0,0.5000000000000001,0.8642857142857122,0.8142857142857124,0.8928571428571407
0.5048076923076915,0.25341796875,0.329345703125,0.325,0.1,0.0,0.27499999999999997,0.22142857142857147,0.17142857142857146,0.20000000000000004,0.8000000000000004,0.4,0.0,0.5000000000000001,0.8714285714285693,0.8142857142857124,0.8928571428571407
0.5057692307692301,0.25390625,0.330078125,0.325,0.1,0.0,0.27499999999999997,0.22142857142857147,0.17142857142857146,0.20000000000000004,0.8000000000000004,0.4,0.0,0.5000000000000001,0.8785714285714264,0.8142857142857124,0.8928571428571407
0.5067307692307684,0.25439453125,0.33056640625,0.325,0.1,0.0,0.27499999999999997,0.22857142857142862,0.17142857142857146,0.20000000000000004,0.8000000000000004,0.4,0.0,0.5000000000000001,0.8785714285714264,0.8142857142857124,0.8928571428571407
0.5076923076923069,0.2548828125,0.3310546875,0.325,0.1,0.0,0.27499999999999997,0.22857142857142862,0.17142857142857146,0.20000000000000004,0.8000000000000004,0.4,0.0,0.5000000000000001,0.8785714285714264,0.8214285714285695,0.8928571428571407
0.5086538461538453,0.25537109375,0.33154296875,0.325,0.1,0.0,0.27499999999999997,0.23571428571428577,0.17142857142857146,0.20000000000000004,0.8000000000000004,0.4,0.0,0.5000000000000001,0.8785714285714264,0.8214285714285695,0.8928571428571407
0.5096153846153839,0.255859375,0.33203125,0.325,0.1,0.0,0.27499999999999997,0.23571428571428577,0.17142857142857146,0.20000000000000004,0.8000000000000004,0.4,0.0,0.5000000000000001,0.8785714285714264,0.8285714285714266,0.8928571428571407
0.5105769230769223,0.25634765625,0.33251953125,0.325,0.1,0.0,0.27499999999999997,0.23571428571428577,0.1785714285714286,0.20000000000000004,0.8000000000000004,0.4,0.0,0.5000000000000001,0.8785714285714264,0.8285714285714266,0.8928571428571407
0.5115384615384607,0.2568359375,0.3330078125,0.325,0.1,0.0,0.27499999999999997,0.23571428571428577,0.18571428571428575,0.20000000000000004,0.8000000000000004,0.4,0.0,0.5000000000000001,0.8785714285714264,0.8285714285714266,0.8928571428571407
0.5124999999999992,0.25732421875,0.333740234375,0.325,0.1,0.0,0.27499999999999997,0.23571428571428577,0.18571428571428575,0.20000000000000004,0.8000000000000004,0.4,0.0,0.5000000000000001,0.8785714285714264,0.8357142857142837,0.8928571428571407
0.5134615384615377,0.2578125,0.334228515625,0.325,0.1,0.0,0.27499999999999997,0.23571428571428577,0.18571428571428575,0.20000000000000004,0.8000000000000004,0.4,0.0,0.5000000000000001,0.8785714285714264,0.8428571428571409,0.8928571428571407
0.5144230769230761,0.25830078125,0.33447265625,0.325,0.1,0.0,0.27499999999999997,0.23571428571428577,0.18571428571428575,0.20000000000000004,0.8000000000000004,0.4,0.0,0.5000000000000001,0.8785714285714264,0.849999999999998,0.8928571428571407
0.5153846153846146,0.2587890625,0.335205078125,0.325,0.1,0.0,0.27499999999999997,0.23571428571428577,0.18571428571428575,0.20000000000000004,0.8000000000000004,0.5,0.0,0.5000000000000001,0.8785714285714264,0.849999999999998,0.8928571428571407
0.516346153846153,0.25927734375,0.335693359375,0.325,0.1,0.0,0.27499999999999997,0.23571428571428577,0.18571428571428575,0.20000000000000004,0.8000000000000004,0.5,0.0,0.5000000000000001,0.8785714285714264,0.8571428571428551,0.8928571428571407
0.5173076923076916,0.259765625,0.336181640625,0.325,0.1,0.0,0.27499999999999997,0.23571428571428577,0.18571428571428575,0.20000000000000004,0.8000000000000004,0.5,0.0,0.5000000000000001,0.8857142857142836,0.8571428571428551,0.8928571428571407
0.51826923076923,0.26025390625,0.336669921875,0.325,0.1,0.0,0.27499999999999997,0.23571428571428577,0.18571428571428575,0.20000000000000004,0.8000000000000004,0.5,0.0,0.5000000000000001,0.8928571428571407,0.8571428571428551,0.8928571428571407
0.5192307692307684,0.2607421875,0.337158203125,0.325,0.1,0.0,0.27499999999999997,0.23571428571428577,0.18571428571428575,0.20000000000000004,0.8000000000000004,0.5,0.0,0.5000000000000001,0.8999999999999978,0.8571428571428551,0.8928571428571407
0.5201923076923068,0.26123046875,0.337646484375,0.325,0.1,0.0,0.27499999999999997,0.23571428571428577,0.18571428571428575,0.20000000000000004,0.8000000000000004,0.5,0.0,0.5000000000000001,0.8999999999999978,0.8642857142857122,0.8928571428571407
0.5211538461538454,0.26171875,0.338134765625,0.325,0.1,0.0,0.27499999999999997,0.23571428571428577,0.18571428571428575,0.20000000000000004,0.8000000000000004,0.5,0.0,0.5000000000000001,0.8999999999999978,0.8642857142857122,0.8999999999999978
0.5221153846153838,0.26220703125,0.338623046875,0.35000000000000003,0.1,0.0,0.27499999999999997,0.23571428571428577,0.18571428571428575,0.20000000000000004,0.8000000000000004,0.5,0.0,0.5000000000000001,0.8999999999999978,0.8642857142857122,0.8999999999999978
0.5230769230769223,0.2626953125,0.339111328125,0.35000000000000003,0.1,0.0,0.3,0.23571428571428577,0.18571428571428575,0.20000000000000004,0.8000000000000004,0.5,0.0,0.5000000000000001,0.8999999999999978,0.8642857142857122,0.8999999999999978
0.5240384615384607,0.26318359375,0.339599609375,0.35000000000000003,0.1,0.0,0.3,0.23571428571428577,0.18571428571428575,0.20000000000000004,0.8000000000000004,0.5,0.0,0.5000000000000001,0.8999999999999978,0.8642857142857122,0.9071428571428549
0.5249999999999992,0.263671875,0.34033203125,0.37500000000000006,0.1,0.0,0.3,0.23571428571428577,0.18571428571428575,0.20000000000000004,0.8000000000000004,0.5,0.0,0.5000000000000001,0.8999999999999978,0.8642857142857122,0.9071428571428549
0.5259615384615377,0.26416015625,0.3408203125,0.37500000000000006,0.1,0.0,0.3,0.23571428571428577,0.18571428571428575,0.20000000000000004,0.8000000000000004,0.5,0.0,0.5000000000000001,0.8999999999999978,0.8642857142857122,0.914285714285712
0.526923076923076,0.2646484375,0.34130859375,0.37500000000000006,0.1,0.0,0.3,0.2428571428571429,0.18571428571428575,0.20000000000000004,0.8000000000000004,0.5,0.0,0.5000000000000001,0.8999999999999978,0.8642857142857122,0.914285714285712
0.5278846153846145,0.26513671875,0.341796875,0.37500000000000006,0.1,0.0,0.3,0.25000000000000006,0.18571428571428575,0.20000000000000004,0.8000000000000004,0.5,0.0,0.5000000000000001,0.8999999999999978,0.8642857142857122,0.914285714285712
0.5288461538461531,0.265625,0.34228515625,0.37500000000000006,0.1,0.0,0.3,0.25000000000000006,0.1928571428571429,0.20000000000000004,0.8000000000000004,0.5,0.0,0.5000000000000001,0.8999999999999978,0.8642857142857122,0.914285714285712
0.5298076923076915,0.26611328125,0.3427734375,0.37500000000000006,0.1,0.0,0.3,0.25000000000000006,0.20000000000000004,0.20000000000000004,0.8000000000000004,0.5,0.0,0.5000000000000001,0.8999999999999978,0.8642857142857122,0.914285714285712
0.53076923076923,0.2666015625,0.34326171875,0.37500000000000006,0.1,0.0,0.3,0.25000000000000006,0.20000000000000004,0.20000000000000004,0.8000000000000004,0.5,0.0,0.5000000000000001,0.9071428571428549,0.8642857142857122,0.914285714285712
0.5317307692307683,0.26708984375,0.34375,0.37500000000000006,0.1,0.0,0.3,0.25000000000000006,0.20000000000000004,0.20000000000000004,0.8000000000000004,0.5,0.0,0.5000000000000001,0.914285714285712,0.8642857142857122,0.914285714285712
0.5326923076923069,0.267578125,0.34423828125,0.37500000000000006,0.1,0.0,0.3,0.25000000000000006,0.20000000000000004,0.20000000000000004,0.8000000000000004,0.5,0.0,0.5000000000000001,0.9214285714285692,0.8642857142857122,0.914285714285712
0.5336538461538454,0.26806640625,0.344482421875,0.37500000000000006,0.1,0.0,0.3,0.25000000000000006,0.20000000000000004,0.20000000000000004,0.8000000000000004,0.5,0.0,0.5000000000000001,0.9214285714285692,0.8642857142857122,0.9214285714285692
0.5346153846153838,0.2685546875,0.34521484375,0.37500000000000006,0.2,0.0,0.3,0.25000000000000006,0.20000000000000004,0.20000000000000004,0.8000000000000004,0.5,0.0,0.5000000000000001,0.9214285714285692,0.8642857142857122,0.9214285714285692
0.5355769230769223,0.26904296875,0.345703125,0.37500000000000006,0.2,0.0,0.3,0.25000000000000006,0.20714285714285718,0.20000000000000004,0.8000000000000004,0.5,0.0,0.5000000000000001,0.9214285714285692,0.8642857142857122,0.9214285714285692
0.5365384615384607,0.26953125,0.345947265625,0.37500000000000006,0.2,0.0,0.3,0.25000000000000006,0.20714285714285718,0.20000000000000004,0.8000000000000004,0.5,0.0,0.5000000000000001,0.9214285714285692,0.8642857142857122,0.9285714285714263
0.5374999999999992,0.27001953125,0.346435546875,0.37500000000000006,0.2,0.0,0.3,0.2571428571428572,0.20714285714285718,0.20000000000000004,0.8000000000000004,0.5,0.0,0.5000000000000001,0.9214285714285692,0.8642857142857122,0.9285714285714263
0.5384615384615377,0.2705078125,0.34716796875,0.37500000000000006,0.2,0.0,0.3,0.2642857142857143,0.20714285714285718,0.20000000000000004,0.8000000000000004,0.5,0.0,0.5000000000000001,0.9214285714285692,0.8642857142857122,0.9285714285714263
0.539423076923076,0.27099609375,0.34765625,0.37500000000000006,0.2,0.0,0.3,0.2642857142857143,0.20714285714285718,0.20000000000000004,0.8000000000000004,0.5,0.0,0.5000000000000001,0.9214285714285692,0.8714285714285693,0.9285714285714263
0.5403846153846145,0.271484375,0.347900390625,0.37500000000000006,0.2,0.0,0.3,0.2642857142857143,0.20714285714285718,0.20000000000000004,0.8000000000000004,0.5,0.0,0.5000000000000001,0.9214285714285692,0.8785714285714264,0.9285714285714263
0.541346153846153,0.27197265625,0.3486328125,0.37500000000000006,0.2,0.0,0.3,0.2714285714285714,0.20714285714285718,0.20000000000000004,0.8000000000000004,0.5,0.0,0.5000000000000001,0.9214285714285692,0.8785714285714264,0.9285714285714263
0.5423076923076914,0.2724609375,0.348876953125,0.37500000000000006,0.2,0.0,0.3,0.2714285714285714,0.21428571428571433,0.20000000000000004,0.8000000000000004,0.5,0.0,0.5000000000000001,0.9214285714285692,0.8785714285714264,0.9285714285714263
0.54326923076923,0.27294921875,0.349365234375,0.37500000000000006,0.2,0.0,0.3,0.2714285714285714,0.21428571428571433,0.20000000000000004,0.8000000000000004,0.5,0.0,0.5000000000000001,0.9214285714285692,0.8857142857142836,0.9285714285714263
0.5442307692307684,0.2734375,0.349853515625,0.37500000000000006,0.2,0.0,0.3,0.2714285714285714,0.21428571428571433,0.20000000000000004,0.8000000000000004,0.5,0.0,0.5000000000000001,0.9214285714285692,0.8928571428571407,0.9285714285714263
0.5451923076923069,0.27392578125,0.350341796875,0.37500000000000006,0.2,0.0,0.3,0.2714285714285714,0.21428571428571433,0.20000000000000004,0.8000000000000004,0.5,0.0,0.5250000000000001,0.9214285714285692,0.8928571428571407,0.9285714285714263
0.5461538461538453,0.2744140625,0.350830078125,0.37500000000000006,0.2,0.0,0.3,0.2714285714285714,0.21428571428571433,0.20000000000000004,0.8000000000000004,0.5,0.0,0.5250000000000001,0.9214285714285692,0.8999999999999978,0.9285714285714263
0.5471153846153839,0.27490234375,0.351318359375,0.37500000000000006,0.2,0.0,0.3,0.2785714285714285,0.21428571428571433,0.20000000000000004,0.8000000000000004,0.5,0.0,0.5250000000000001,0.9214285714285692,0.8999999999999978,0.9285714285714263
0.5480769230769222,0.275390625,0.351806640625,0.37500000000000006,0.2,0.0,0.3,0.2785714285714285,0.21428571428571433,0.20000000000000004,0.8000000000000004,0.5,0.0,0.5250000000000001,0.9214285714285692,0.8999999999999978,0.9357142857142834
0.5490384615384607,0.27587890625,0.352294921875,0.37500000000000006,0.2,0.0,0.325,0.2785714285714285,0.21428571428571433,0.20000000000000004,0.8000000000000004,0.5,0.0,0.5250000000000001,0.9214285714285692,0.8999999999999978,0.9357142857142834
0.549999999999999,0.2763671875,0.3525390625,0.37500000000000006,0.2,0.0,0.325,0.2785714285714285,0.21428571428571433,0.20000000000000004,0.8000000000000004,0.5,0.0,0.5250000000000001,0.9285714285714263,0.8999999999999978,0.9357142857142834
0.5509615384615376,0.27685546875,0.353271484375,0.37500000000000006,0.2,0.0,0.325,0.2785714285714285,0.21428571428571433,0.20000000000000004,0.8000000000000004,0.5,0.0,0.5250000000000001,0.9357142857142834,0.8999999999999978,0.9357142857142834
0.5519230769230761,0.27734375,0.353759765625,0.37500000000000006,0.2,0.0,0.325,0.2785714285714285,0.21428571428571433,0.20000000000000004,0.8000000000000004,0.5,0.0,0.5250000000000001,0.9357142857142834,0.8999999999999978,0.9428571428571405
0.5528846153846145,0.27783203125,0.35400390625,0.37500000000000006,0.2,0.0,0.325,0.28571428571428564,0.21428571428571433,0.20000000000000004,0.8000000000000004,0.5,0.0,0.5250000000000001,0.9357142857142834,0.8999999999999978,0.9428571428571405
0.5538461538461529,0.2783203125,0.354736328125,0.37500000000000006,0.2,0.0,0.325,0.29285714285714276,0.21428571428571433,0.20000000000000004,0.8000000000000004,0.5,0.0,0.5250000000000001,0.9357142857142834,0.8999999999999978,0.9428571428571405
0.5548076923076914,0.27880859375,0.35498046875,0.37500000000000006,0.2,0.0,0.325,0.2999999999999999,0.21428571428571433,0.20000000000000004,0.8000000000000004,0.5,0.0,0.5250000000000001,0.9357142857142834,0.8999999999999978,0.9428571428571405
0.5557692307692299,0.279296875,0.35546875,0.37500000000000006,0.2,0.0,0.325,0.2999999999999999,0.22142857142857147,0.20000000000000004,0.8000000000000004,0.5,0.0,0.5250000000000001,0.9357142857142834,0.8999999999999978,0.9428571428571405
0.5567307692307684,0.27978515625,0.35595703125,0.37500000000000006,0.2,0.0,0.325,0.2999999999999999,0.22857142857142862,0.20000000000000004,0.8000000000000004,0.5,0.0,0.5250000000000001,0.9357142857142834,0.8999999999999978,0.9428571428571405
0.5576923076923068,0.2802734375,0.3564453125,0.37500000000000006,0.2,0.0,0.325,0.2999999999999999,0.23571428571428577,0.20000000000000004,0.8000000000000004,0.5,0.0,0.5250000000000001,0.9357142857142834,0.8999999999999978,0.9428571428571405
0.5586538461538452,0.28076171875,0.356689453125,0.37500000000000006,0.2,0.0,0.325,0.2999999999999999,0.23571428571428577,0.20000000000000004,0.8250000000000004,0.5,0.0,0.5250000000000001,0.9357142857142834,0.8999999999999978,0.9428571428571405
0.5596153846153837,0.28125,0.357177734375,0.37500000000000006,0.2,0.0,0.325,0.2999999999999999,0.23571428571428577,0.20000000000000004,0.8250000000000004,0.5,0.0,0.5250000000000001,0.9357142857142834,0.9071428571428549,0.9428571428571405
0.5605769230769222,0.28173828125,0.357666015625,0.37500000000000006,0.2,0.0,0.325,0.2999999999999999,0.23571428571428577,0.20000000000000004,0.8250000000000004,0.5,0.0,0.5250000000000001,0.9428571428571405,0.9071428571428549,0.9428571428571405
0.5615384615384607,0.2822265625,0.358154296875,0.37500000000000006,0.2,0.0,0.325,0.2999999999999999,0.23571428571428577,0.20000000000000004,0.8250000000000004,0.5,0.0,0.5250000000000001,0.9428571428571405,0.914285714285712,0.9428571428571405
0.5624999999999991,0.28271484375,0.358642578125,0.37500000000000006,0.2,0.0,0.325,0.2999999999999999,0.2428571428571429,0.20000000000000004,0.8250000000000004,0.5,0.0,0.5250000000000001,0.9428571428571405,0.914285714285712,0.9428571428571405
0.5634615384615376,0.283203125,0.359130859375,0.37500000000000006,0.2,0.0,0.325,0.2999999999999999,0.25000000000000006,0.20000000000000004,0.8250000000000004,0.5,0.0,0.5250000000000001,0.9428571428571405,0.914285714285712,0.9428571428571405
0.564423076923076,0.28369140625,0.359375,0.37500000000000006,0.2,0.0,0.325,0.2999999999999999,0.25000000000000006,0.20000000000000004,0.8250000000000004,0.5,0.0,0.5250000000000001,0.9428571428571405,0.9214285714285692,0.9428571428571405
0.5653846153846145,0.2841796875,0.360107421875,0.37500000000000006,0.2,0.0,0.325,0.2999999999999999,0.2571428571428572,0.20000000000000004,0.8250000000000004,0.5,0.0,0.5250000000000001,0.9428571428571405,0.9214285714285692,0.9428571428571405
0.566346153846153,0.28466796875,0.3603515625,0.37500000000000006,0.2,0.0,0.325,0.2999999999999999,0.2571428571428572,0.20000000000000004,0.8250000000000004,0.5,0.0,0.5250000000000001,0.9428571428571405,0.9214285714285692,0.9499999999999976
0.5673076923076914,0.28515625,0.360595703125,0.4000000000000001,0.2,0.0,0.325,0.2999999999999999,0.2571428571428572,0.20000000000000004,0.8250000000000004,0.5,0.0,0.5250000000000001,0.9428571428571405,0.9214285714285692,0.9499999999999976
0.5682692307692299,0.28564453125,0.361328125,0.4000000000000001,0.2,0.0,0.325,0.2999999999999999,0.2642857142857143,0.20000000000000004,0.8250000000000004,0.5,0.0,0.5250000000000001,0.9428571428571405,0.9214285714285692,0.9499999999999976
0.5692307692307683,0.2861328125,0.36181640625,0.4000000000000001,0.2,0.0,0.325,0.2999999999999999,0.2642857142857143,0.20000000000000004,0.8250000000000004,0.5,0.0,0.5250000000000001,0.9428571428571405,0.9285714285714263,0.9499999999999976
0.5701923076923068,0.28662109375,0.362060546875,0.4000000000000001,0.2,0.0,0.325,0.2999999999999999,0.2642857142857143,0.20000000000000004,0.8250000000000004,0.5,0.0,0.5250000000000001,0.9428571428571405,0.9357142857142834,0.9499999999999976
0.5711538461538452,0.287109375,0.362548828125,0.4000000000000001,0.2,0.0,0.325,0.2999999999999999,0.2642857142857143,0.20000000000000004,0.8250000000000004,0.5,0.0,0.5250000000000001,0.9499999999999976,0.9357142857142834,0.9499999999999976
0.5721153846153837,0.28759765625,0.363037109375,0.4000000000000001,0.2,0.0,0.325,0.2999999999999999,0.2642857142857143,0.20000000000000004,0.8250000000000004,0.5,0.0,0.5250000000000001,0.9571428571428547,0.9357142857142834,0.9499999999999976
0.573076923076922,0.2880859375,0.36328125,0.4000000000000001,0.2,0.0,0.325,0.2999999999999999,0.2642857142857143,0.20000000000000004,0.8250000000000004,0.5,0.0,0.5250000000000001,0.9571428571428547,0.9357142857142834,0.9571428571428547
0.5740384615384606,0.28857421875,0.36376953125,0.4250000000000001,0.2,0.0,0.325,0.2999999999999999,0.2642857142857143,0.20000000000000004,0.8250000000000004,0.5,0.0,0.5250000000000001,0.9571428571428547,0.9357142857142834,0.9571428571428547
0.5749999999999991,0.2890625,0.3642578125,0.4250000000000001,0.2,0.0,0.325,0.307142857142857,0.2642857142857143,0.20000000000000004,0.8250000000000004,0.5,0.0,0.5250000000000001,0.9571428571428547,0.9357142857142834,0.9571428571428547
0.5759615384615375,0.28955078125,0.36474609375,0.4250000000000001,0.2,0.0,0.325,0.307142857142857,0.2642857142857143,0.20000000000000004,0.8250000000000004,0.5,0.0,0.5250000000000001,0.9571428571428547,0.9428571428571405,0.9571428571428547
0.576923076923076,0.2900390625,0.365234375,0.4250000000000001,0.2,0.0,0.325,0.307142857142857,0.2642857142857143,0.20000000000000004,0.8250000000000004,0.5,0.0,0.5250000000000001,0.9571428571428547,0.9428571428571405,0.9642857142857119
0.5778846153846144,0.29052734375,0.365478515625,0.4250000000000001,0.2,0.0,0.35000000000000003,0.307142857142857,0.2642857142857143,0.20000000000000004,0.8250000000000004,0.5,0.0,0.5250000000000001,0.9571428571428547,0.9428571428571405,0.9642857142857119
0.5788461538461529,0.291015625,0.365966796875,0.4250000000000001,0.2,0.0,0.35000000000000003,0.307142857142857,0.2642857142857143,0.20000000000000004,0.8250000000000004,0.5,0.0,0.5500000000000002,0.9571428571428547,0.9428571428571405,0.9642857142857119
0.5798076923076914,0.29150390625,0.366455078125,0.4250000000000001,0.2,0.0,0.35000000000000003,0.307142857142857,0.2642857142857143,0.20000000000000004,0.8250000000000004,0.5,0.0,0.5500000000000002,0.9571428571428547,0.9428571428571405,0.971428571428569
0.5807692307692298,0.2919921875,0.366943359375,0.4250000000000001,0.2,0.0,0.35000000000000003,0.3142857142857141,0.2642857142857143,0.20000000000000004,0.8250000000000004,0.5,0.0,0.5500000000000002,0.9571428571428547,0.9428571428571405,0.971428571428569
0.5817307692307683,0.29248046875,0.3671875,0.4250000000000001,0.2,0.0,0.35000000000000003,0.32142857142857123,0.2642857142857143,0.20000000000000004,0.8250000000000004,0.5,0.0,0.5500000000000002,0.9571428571428547,0.9428571428571405,0.971428571428569
0.5826923076923067,0.29296875,0.36767578125,0.4250000000000001,0.2,0.0,0.35000000000000003,0.32857142857142835,0.2642857142857143,0.20000000000000004,0.8250000000000004,0.5,0.0,0.5500000000000002,0.9571428571428547,0.9428571428571405,0.971428571428569
0.5836538461538452,0.29345703125,0.3681640625,0.4250000000000001,0.2,0.0,0.35000000000000003,0.33571428571428547,0.2642857142857143,0.20000000000000004,0.8250000000000004,0.5,0.0,0.5500000000000002,0.9571428571428547,0.9428571428571405,0.971428571428569
0.5846153846153836,0.2939453125,0.368408203125,0.4250000000000001,0.2,0.0,0.35000000000000003,0.3428571428571426,0.2642857142857143,0.20000000000000004,0.8250000000000004,0.5,0.0,0.5500000000000002,0.9571428571428547,0.9428571428571405,0.971428571428569
0.5855769230769221,0.29443359375,0.368896484375,0.4250000000000001,0.2,0.0,0.35000000000000003,0.3428571428571426,0.2714285714285714,0.20000000000000004,0.8250000000000004,0.5,0.0,0.5500000000000002,0.9571428571428547,0.9428571428571405,0.971428571428569
0.5865384615384606,0.294921875,0.369384765625,0.4250000000000001,0.2,0.0,0.35000000000000003,0.3428571428571426,0.2785714285714285,0.20000000000000004,0.8250000000000004,0.5,0.0,0.5500000000000002,0.9571428571428547,0.9428571428571405,0.971428571428569
0.587499999999999,0.29541015625,0.36962890625,0.4250000000000001,0.2,0.0,0.35000000000000003,0.3428571428571426,0.28571428571428564,0.20000000000000004,0.8250000000000004,0.5,0.0,0.5500000000000002,0.9571428571428547,0.9428571428571405,0.971428571428569
0.5884615384615375,0.2958984375,0.3701171875,0.4250000000000001,0.2,0.0,0.35000000000000003,0.3428571428571426,0.28571428571428564,0.20000000000000004,0.8250000000000004,0.5,0.0,0.5500000000000002,0.9642857142857119,0.9428571428571405,0.971428571428569
0.5894230769230759,0.29638671875,0.37060546875,0.4250000000000001,0.2,0.0,0.35000000000000003,0.3428571428571426,0.28571428571428564,0.20000000000000004,0.8250000000000004,0.5,0.0,0.5500000000000002,0.9642857142857119,0.9499999999999976,0.971428571428569
0.5903846153846144,0.296875,0.370849609375,0.4250000000000001,0.2,0.0,0.35000000000000003,0.3428571428571426,0.28571428571428564,0.20000000000000004,0.8250000000000004,0.5,0.0,0.5500000000000002,0.9642857142857119,0.9571428571428547,0.971428571428569
0.5913461538461529,0.29736328125,0.371337890625,0.4250000000000001,0.2,0.0,0.35000000000000003,0.3428571428571426,0.29285714285714276,0.20000000000000004,0.8250000000000004,0.5,0.0,0.5500000000000002,0.9642857142857119,0.9571428571428547,0.971428571428569
0.5923076923076913,0.2978515625,0.371826171875,0.4250000000000001,0.2,0.0,0.35000000000000003,0.3428571428571426,0.2999999999999999,0.20000000000000004,0.8250000000000004,0.5,0.0,0.5500000000000002,0.9642857142857119,0.9571428571428547,0.971428571428569
0.5932692307692298,0.29833984375,0.372314453125,0.4250000000000001,0.2,0.0,0.35000000000000003,0.3428571428571426,0.2999999999999999,0.20000000000000004,0.8250000000000004,0.5,0.0,0.5500000000000002,0.9642857142857119,0.9571428571428547,0.9785714285714261
0.5942307692307682,0.298828125,0.37255859375,0.4250000000000001,0.2,0.0,0.35000000000000003,0.3499999999999997,0.2999999999999999,0.20000000000000004,0.8250000000000004,0.5,0.0,0.5500000000000002,0.9642857142857119,0.9571428571428547,0.9785714285714261
0.5951923076923067,0.29931640625,0.373046875,0.4250000000000001,0.2,0.0,0.35000000000000003,0.3499999999999997,0.2999999999999999,0.20000000000000004,0.8250000000000004,0.5,0.0,0.5500000000000002,0.9642857142857119,0.9642857142857119,0.9785714285714261
0.5961538461538451,0.300048828125,0.373291015625,0.4500000000000001,0.2,0.0,0.35000000000000003,0.3499999999999997,0.2999999999999999,0.20000000000000004,0.8250000000000004,0.5,0.0,0.5500000000000002,0.9642857142857119,0.9642857142857119,0.9785714285714261
0.5971153846153836,0.300537109375,0.373779296875,0.47500000000000014,0.2,0.0,0.35000000000000003,0.3499999999999997,0.2999999999999999,0.20000000000000004,0.8250000000000004,0.5,0.0,0.5500000000000002,0.9642857142857119,0.9642857142857119,0.9785714285714261
0.5980769230769221,0.301025390625,0.3740234375,0.47500000000000014,0.2,0.0,0.35000000000000003,0.3571428571428568,0.2999999999999999,0.20000000000000004,0.8250000000000004,0.5,0.0,0.5500000000000002,0.9642857142857119,0.9642857142857119,0.9785714285714261
0.5990384615384605,0.301513671875,0.37451171875,0.47500000000000014,0.2,0.0,0.35000000000000003,0.3571428571428568,0.2999999999999999,0.20000000000000004,0.8250000000000004,0.5,0.0,0.5500000000000002,0.9642857142857119,0.9642857142857119,0.9857142857142832
0.599999999999999,0.302001953125,0.375,0.47500000000000014,0.2,0.0,0.35000000000000003,0.36428571428571394,0.2999999999999999,0.20000000000000004,0.8250000000000004,0.5,0.0,0.5500000000000002,0.9642857142857119,0.9642857142857119,0.9857142857142832
0.6009615384615373,0.302490234375,0.375244140625,0.47500000000000014,0.2,0.0,0.35000000000000003,0.37142857142857105,0.2999999999999999,0.20000000000000004,0.8250000000000004,0.5,0.0,0.5500000000000002,0.9642857142857119,0.9642857142857119,0.9857142857142832
