Effective Sparsity,Activation Error,Baseline Error,q0,k0,v0,o0,gate0,up0,down0,q1,k1,v1,o1,gate1,up1,down1
0.0010330578512396697,0.00024962425231933594,0.049072265625,0.0,0.0,0.0,0.0,0.0,0.0,0.0,0.0,0.0,0.0,0.0,0.0,0.009259259259259259,0.0
0.0020661157024793393,0.0003075599670410156,0.049072265625,0.0,0.0,0.0,0.0,0.0,0.0,0.0,0.0,0.0,0.0,0.0,0.009259259259259259,0.009259259259259259,0.0
0.0030991735537190092,0.0003867149353027344,0.049072265625,0.0,0.0,0.0,0.0,0.009259259259259259,0.0,0.0,0.0,0.0,0.0,0.0,0.009259259259259259,0.009259259259259259,0.0
0.004132231404958679,0.00045371055603027344,0.049072265625,0.0,0.0,0.0,0.0,0.009259259259259259,0.009259259259259259,0.0,0.0,0.0,0.0,0.0,0.009259259259259259,0.009259259259259259,0.0
0.005165289256198348,0.0008707046508789062,0.049072265625,0.0,0.0,0.0,0.0,0.009259259259259259,0.009259259259259259,0.0,0.0,0.0,0.0,0.0,0.009259259259259259,0.009259259259259259,0.009259259259259259
0.006198347107438018,0.0009870529174804688,0.049072265625,0.0,0.0,0.0,0.0,0.009259259259259259,0.009259259259259259,0.009259259259259259,0.0,0.0,0.0,0.0,0.009259259259259259,0.009259259259259259,0.009259259259259259
0.007231404958677687,0.0018720626831054688,0.049072265625,0.0,0.0,0.0,0.0,0.009259259259259259,0.009259259259259259,0.009259259259259259,0.025,0.0,0.0,0.0,0.009259259259259259,0.009259259259259259,0.009259259259259259
0.008264462809917356,0.003143310546875,0.049072265625,0.0,0.0,0.0,0.0,0.009259259259259259,0.009259259259259259,0.009259259259259259,0.05,0.0,0.0,0.0,0.009259259259259259,0.009259259259259259,0.009259259259259259
0.009297520661157025,0.004421234130859375,0.049072265625,0.0,0.0,0.0,0.0,0.009259259259259259,0.009259259259259259,0.009259259259259259,0.05,0.0,0.0,0.0,0.018518518518518517,0.009259259259259259,0.009259259259259259
0.010330578512396695,0.00537872314453125,0.072998046875,0.0,0.0,0.0,0.0,0.009259259259259259,0.009259259259259259,0.009259259259259259,0.05,0.0,0.0,0.0,0.018518518518518517,0.018518518518518517,0.009259259259259259
0.011363636363636367,0.006397247314453125,0.07391357421875,0.0,0.0,0.0,0.0,0.009259259259259259,0.009259259259259259,0.009259259259259259,0.05,0.0,0.0,0.0,0.027777777777777776,0.018518518518518517,0.009259259259259259
0.012396694214876037,0.00738525390625,0.0751953125,0.0,0.0,0.0,0.0,0.009259259259259259,0.009259259259259259,0.009259259259259259,0.05,0.0,0.0,0.0,0.027777777777777776,0.027777777777777776,0.009259259259259259
0.013429752066115708,0.0083160400390625,0.07623291015625,0.025,0.0,0.0,0.0,0.009259259259259259,0.009259259259259259,0.009259259259259259,0.05,0.0,0.0,0.0,0.027777777777777776,0.027777777777777776,0.009259259259259259
0.014462809917355376,0.0093994140625,0.0775146484375,0.025,0.0,0.0,0.0,0.009259259259259259,0.009259259259259259,0.009259259259259259,0.05,0.0,0.0,0.0,0.037037037037037035,0.027777777777777776,0.009259259259259259
0.015495867768595047,0.01042938232421875,0.07806396484375,0.025,0.0,0.0,0.0,0.009259259259259259,0.009259259259259259,0.009259259259259259,0.07500000000000001,0.0,0.0,0.0,0.037037037037037035,0.027777777777777776,0.009259259259259259
0.016528925619834715,0.01143646240234375,0.0791015625,0.025,0.0,0.0,0.0,0.009259259259259259,0.009259259259259259,0.009259259259259259,0.07500000000000001,0.0,0.0,0.0,0.037037037037037035,0.037037037037037035,0.009259259259259259
0.017561983471074384,0.01251220703125,0.07989501953125,0.025,0.0,0.0,0.0,0.009259259259259259,0.009259259259259259,0.009259259259259259,0.07500000000000001,0.0,0.0,0.0,0.046296296296296294,0.037037037037037035,0.009259259259259259
0.018595041322314057,0.01363372802734375,0.080322265625,0.025,0.0,0.0,0.0,0.009259259259259259,0.009259259259259259,0.009259259259259259,0.07500000000000001,0.0,0.0,0.0,0.046296296296296294,0.046296296296296294,0.009259259259259259
0.019628099173553723,0.01467132568359375,0.0806884765625,0.025,0.0,0.0,0.0,0.009259259259259259,0.009259259259259259,0.009259259259259259,0.07500000000000001,0.0,0.0,0.025,0.046296296296296294,0.046296296296296294,0.009259259259259259
0.020661157024793392,0.0157012939453125,0.0811767578125,0.025,0.0,0.0,0.0,0.009259259259259259,0.009259259259259259,0.009259259259259259,0.1,0.0,0.0,0.025,0.046296296296296294,0.046296296296296294,0.009259259259259259
0.021694214876033062,0.016693115234375,0.08148193359375,0.025,0.0,0.0,0.0,0.009259259259259259,0.009259259259259259,0.009259259259259259,0.1,0.0,0.0,0.025,0.05555555555555555,0.046296296296296294,0.009259259259259259
0.022727272727272735,0.017730712890625,0.08184814453125,0.025,0.0,0.0,0.0,0.009259259259259259,0.009259259259259259,0.009259259259259259,0.1,0.0,0.0,0.025,0.06481481481481481,0.046296296296296294,0.009259259259259259
0.023760330578512404,0.01873779296875,0.0821533203125,0.025,0.0,0.0,0.0,0.009259259259259259,0.009259259259259259,0.009259259259259259,0.1,0.0,0.0,0.025,0.06481481481481481,0.05555555555555555,0.009259259259259259
0.024793388429752074,0.019683837890625,0.08258056640625,0.025,0.0,0.0,0.0,0.009259259259259259,0.009259259259259259,0.009259259259259259,0.1,0.0,0.0,0.025,0.06481481481481481,0.05555555555555555,0.018518518518518517
0.02582644628099174,0.020233154296875,0.0828857421875,0.025,0.0,0.0,0.0,0.009259259259259259,0.009259259259259259,0.018518518518518517,0.1,0.0,0.0,0.025,0.06481481481481481,0.05555555555555555,0.018518518518518517
0.026859504132231406,0.0210113525390625,0.083251953125,0.025,0.0,0.0,0.0,0.009259259259259259,0.009259259259259259,0.018518518518518517,0.1,0.0,0.0,0.025,0.06481481481481481,0.05555555555555555,0.027777777777777776
0.027892561983471075,0.02142333984375,0.08355712890625,0.025,0.0,0.0,0.0,0.009259259259259259,0.009259259259259259,0.027777777777777776,0.1,0.0,0.0,0.025,0.06481481481481481,0.05555555555555555,0.027777777777777776
0.028925619834710748,0.0223236083984375,0.083984375,0.025,0.0,0.0,0.0,0.009259259259259259,0.009259259259259259,0.027777777777777776,0.1,0.0,0.0,0.025,0.07407407407407407,0.05555555555555555,0.027777777777777776
0.029958677685950418,0.0232086181640625,0.0843505859375,0.025,0.0,0.0,0.0,0.009259259259259259,0.009259259259259259,0.027777777777777776,0.1,0.0,0.0,0.025,0.07407407407407407,0.05555555555555555,0.037037037037037035
0.030991735537190087,0.023681640625,0.08465576171875,0.025,0.0,0.0,0.0,0.009259259259259259,0.009259259259259259,0.037037037037037035,0.1,0.0,0.0,0.025,0.07407407407407407,0.05555555555555555,0.037037037037037035
0.032024793388429756,0.0245208740234375,0.085205078125,0.025,0.0,0.0,0.0,0.009259259259259259,0.009259259259259259,0.037037037037037035,0.1,0.0,0.0,0.05,0.07407407407407407,0.05555555555555555,0.037037037037037035
0.03305785123966943,0.0253753662109375,0.08551025390625,0.025,0.0,0.0,0.0,0.009259259259259259,0.009259259259259259,0.037037037037037035,0.1,0.0,0.0,0.05,0.08333333333333333,0.05555555555555555,0.037037037037037035
0.0340909090909091,0.026214599609375,0.08599853515625,0.025,0.0,0.0,0.0,0.009259259259259259,0.009259259259259259,0.037037037037037035,0.1,0.0,0.0,0.05,0.08333333333333333,0.06481481481481481,0.037037037037037035
0.03512396694214877,0.0270538330078125,0.08721923828125,0.025,0.0,0.0,0.0,0.009259259259259259,0.009259259259259259,0.037037037037037035,0.125,0.0,0.0,0.05,0.08333333333333333,0.06481481481481481,0.037037037037037035
0.03615702479338844,0.027923583984375,0.08770751953125,0.025,0.0,0.0,0.0,0.009259259259259259,0.009259259259259259,0.037037037037037035,0.125,0.0,0.0,0.07500000000000001,0.08333333333333333,0.06481481481481481,0.037037037037037035
0.03719008264462811,0.0287628173828125,0.08819580078125,0.025,0.0,0.0,0.0,0.009259259259259259,0.009259259259259259,0.037037037037037035,0.125,0.0,0.0,0.07500000000000001,0.09259259259259259,0.06481481481481481,0.037037037037037035
0.03822314049586778,0.0295867919921875,0.08880615234375,0.025,0.0,0.0,0.0,0.009259259259259259,0.009259259259259259,0.037037037037037035,0.125,0.0,0.0,0.07500000000000001,0.09259259259259259,0.06481481481481481,0.046296296296296294
0.039256198347107446,0.0300445556640625,0.089599609375,0.025,0.0,0.0,0.0,0.009259259259259259,0.009259259259259259,0.046296296296296294,0.125,0.0,0.0,0.07500000000000001,0.09259259259259259,0.06481481481481481,0.046296296296296294
0.04028925619834712,0.0308685302734375,0.09051513671875,0.025,0.0,0.0,0.0,0.009259259259259259,0.009259259259259259,0.046296296296296294,0.125,0.0,0.0,0.07500000000000001,0.09259259259259259,0.07407407407407407,0.046296296296296294
0.041322314049586785,0.03173828125,0.0911865234375,0.025,0.0,0.0,0.0,0.009259259259259259,0.009259259259259259,0.046296296296296294,0.125,0.0,0.0,0.1,0.09259259259259259,0.07407407407407407,0.046296296296296294
0.04235537190082646,0.0325927734375,0.091796875,0.025,0.0,0.0,0.0,0.009259259259259259,0.009259259259259259,0.046296296296296294,0.125,0.0,0.0,0.1,0.10185185185185185,0.07407407407407407,0.046296296296296294
0.043388429752066124,0.033447265625,0.092529296875,0.025,0.0,0.0,0.0,0.009259259259259259,0.009259259259259259,0.046296296296296294,0.125,0.0,0.0,0.1,0.10185185185185185,0.08333333333333333,0.046296296296296294
0.04442148760330579,0.034271240234375,0.09295654296875,0.025,0.0,0.0,0.0,0.009259259259259259,0.009259259259259259,0.046296296296296294,0.125,0.0,0.0,0.1,0.10185185185185185,0.08333333333333333,0.05555555555555555
0.045454545454545456,0.03472900390625,0.093505859375,0.025,0.0,0.0,0.0,0.009259259259259259,0.009259259259259259,0.05555555555555555,0.125,0.0,0.0,0.1,0.10185185185185185,0.08333333333333333,0.05555555555555555
0.04648760330578513,0.035552978515625,0.0943603515625,0.025,0.0,0.0,0.0,0.009259259259259259,0.009259259259259259,0.05555555555555555,0.15,0.0,0.0,0.1,0.10185185185185185,0.08333333333333333,0.05555555555555555
0.047520661157024795,0.036376953125,0.09527587890625,0.025,0.0,0.0,0.0,0.009259259259259259,0.009259259259259259,0.05555555555555555,0.15,0.0,0.0,0.1,0.1111111111111111,0.08333333333333333,0.05555555555555555
0.048553719008264475,0.0372314453125,0.095703125,0.025,0.0,0.0,0.0,0.009259259259259259,0.009259259259259259,0.05555555555555555,0.15,0.0,0.0,0.125,0.1111111111111111,0.08333333333333333,0.05555555555555555
0.04958677685950414,0.03802490234375,0.096435546875,0.025,0.0,0.0,0.0,0.009259259259259259,0.009259259259259259,0.05555555555555555,0.15,0.0,0.0,0.125,0.1111111111111111,0.09259259259259259,0.05555555555555555
0.05061983471074381,0.038848876953125,0.096923828125,0.025,0.0,0.0,0.0,0.009259259259259259,0.009259259259259259,0.05555555555555555,0.15,0.0,0.0,0.125,0.1111111111111111,0.09259259259259259,0.06481481481481481
0.05165289256198348,0.039306640625,0.09759521484375,0.025,0.0,0.0,0.0,0.009259259259259259,0.009259259259259259,0.06481481481481481,0.15,0.0,0.0,0.125,0.1111111111111111,0.09259259259259259,0.06481481481481481
0.05268595041322315,0.040130615234375,0.09832763671875,0.025,0.0,0.0,0.0,0.009259259259259259,0.009259259259259259,0.06481481481481481,0.15,0.0,0.0,0.125,0.12037037037037036,0.09259259259259259,0.06481481481481481
0.05371900826446282,0.040985107421875,0.09893798828125,0.025,0.0,0.0,0.0,0.009259259259259259,0.009259259259259259,0.06481481481481481,0.15,0.0,0.0,0.15,0.12037037037037036,0.09259259259259259,0.06481481481481481
0.054752066115702484,0.04180908203125,0.0997314453125,0.025,0.0,0.0,0.0,0.009259259259259259,0.009259259259259259,0.06481481481481481,0.15,0.0,0.0,0.15,0.12037037037037036,0.10185185185185185,0.06481481481481481
0.055785123966942164,0.042633056640625,0.10028076171875,0.025,0.0,0.0,0.0,0.009259259259259259,0.009259259259259259,0.06481481481481481,0.15,0.0,0.0,0.15,0.12037037037037036,0.1111111111111111,0.06481481481481481
0.05681818181818183,0.04345703125,0.10089111328125,0.025,0.0,0.0,0.0,0.009259259259259259,0.009259259259259259,0.06481481481481481,0.15,0.0,0.0,0.15,0.12037037037037036,0.1111111111111111,0.07407407407407407
0.0578512396694215,0.0439453125,0.10150146484375,0.025,0.0,0.0,0.0,0.009259259259259259,0.009259259259259259,0.07407407407407407,0.15,0.0,0.0,0.15,0.12037037037037036,0.1111111111111111,0.07407407407407407
0.05888429752066117,0.04473876953125,0.10205078125,0.025,0.0,0.0,0.0,0.009259259259259259,0.009259259259259259,0.07407407407407407,0.15,0.0,0.0,0.175,0.12037037037037036,0.1111111111111111,0.07407407407407407
0.059917355371900835,0.045562744140625,0.10272216796875,0.025,0.0,0.0,0.0,0.009259259259259259,0.009259259259259259,0.07407407407407407,0.175,0.0,0.0,0.175,0.12037037037037036,0.1111111111111111,0.07407407407407407
0.0609504132231405,0.04638671875,0.103271484375,0.025,0.0,0.0,0.0,0.009259259259259259,0.009259259259259259,0.07407407407407407,0.175,0.0,0.0,0.175,0.12962962962962962,0.1111111111111111,0.07407407407407407
0.061983471074380174,0.047210693359375,0.1038818359375,0.025,0.0,0.0,0.0,0.009259259259259259,0.009259259259259259,0.07407407407407407,0.175,0.0,0.0,0.175,0.12962962962962962,0.12037037037037036,0.07407407407407407
0.06301652892561985,0.04803466796875,0.10443115234375,0.025,0.0,0.0,0.0,0.009259259259259259,0.009259259259259259,0.07407407407407407,0.175,0.0,0.0,0.175,0.12962962962962962,0.12037037037037036,0.08333333333333333
0.06404958677685951,0.048492431640625,0.10491943359375,0.025,0.0,0.0,0.0,0.009259259259259259,0.009259259259259259,0.08333333333333333,0.175,0.0,0.0,0.175,0.12962962962962962,0.12037037037037036,0.08333333333333333
0.06508264462809918,0.04931640625,0.10546875,0.025,0.0,0.0,0.025,0.009259259259259259,0.009259259259259259,0.08333333333333333,0.175,0.0,0.0,0.175,0.12962962962962962,0.12037037037037036,0.08333333333333333
0.06611570247933884,0.05010986328125,0.1060791015625,0.025,0.0,0.0,0.025,0.009259259259259259,0.009259259259259259,0.08333333333333333,0.175,0.0,0.0,0.19999999999999998,0.12962962962962962,0.12037037037037036,0.08333333333333333
0.06714876033057851,0.050933837890625,0.106689453125,0.025,0.0,0.0,0.025,0.009259259259259259,0.018518518518518517,0.08333333333333333,0.175,0.0,0.0,0.19999999999999998,0.12962962962962962,0.12037037037037036,0.08333333333333333
0.0681818181818182,0.0517578125,0.107177734375,0.025,0.0,0.0,0.025,0.009259259259259259,0.027777777777777776,0.08333333333333333,0.175,0.0,0.0,0.19999999999999998,0.12962962962962962,0.12037037037037036,0.08333333333333333
0.06921487603305787,0.052581787109375,0.10797119140625,0.025,0.0,0.0,0.025,0.009259259259259259,0.027777777777777776,0.08333333333333333,0.19999999999999998,0.0,0.0,0.19999999999999998,0.12962962962962962,0.12037037037037036,0.08333333333333333
0.07024793388429754,0.053436279296875,0.1085205078125,0.025,0.0,0.0,0.025,0.009259259259259259,0.027777777777777776,0.08333333333333333,0.19999999999999998,0.0,0.0,0.22499999999999998,0.12962962962962962,0.12037037037037036,0.08333333333333333
0.0712809917355372,0.054229736328125,0.10919189453125,0.025,0.0,0.0,0.025,0.009259259259259259,0.027777777777777776,0.08333333333333333,0.19999999999999998,0.0,0.0,0.22499999999999998,0.1388888888888889,0.12037037037037036,0.08333333333333333
0.07231404958677687,0.0550537109375,0.10992431640625,0.025,0.0,0.0,0.025,0.009259259259259259,0.027777777777777776,0.08333333333333333,0.19999999999999998,0.0,0.0,0.22499999999999998,0.14814814814814814,0.12037037037037036,0.08333333333333333
0.07334710743801653,0.05584716796875,0.11053466796875,0.025,0.0,0.0,0.025,0.009259259259259259,0.027777777777777776,0.08333333333333333,0.19999999999999998,0.0,0.0,0.22499999999999998,0.14814814814814814,0.12037037037037036,0.09259259259259259
0.07438016528925621,0.056304931640625,0.1114501953125,0.025,0.0,0.0,0.025,0.009259259259259259,0.027777777777777776,0.09259259259259259,0.19999999999999998,0.0,0.0,0.22499999999999998,0.14814814814814814,0.12037037037037036,0.09259259259259259
0.0754132231404959,0.057098388671875,0.11199951171875,0.025,0.0,0.0,0.025,0.009259259259259259,0.027777777777777776,0.09259259259259259,0.19999999999999998,0.0,0.0,0.22499999999999998,0.14814814814814814,0.12962962962962962,0.09259259259259259
0.07644628099173556,0.057891845703125,0.11279296875,0.025,0.0,0.0,0.025,0.009259259259259259,0.027777777777777776,0.09259259259259259,0.19999999999999998,0.0,0.0,0.22499999999999998,0.14814814814814814,0.12962962962962962,0.10185185185185185
0.07747933884297523,0.058380126953125,0.1134033203125,0.025,0.0,0.0,0.025,0.009259259259259259,0.027777777777777776,0.10185185185185185,0.19999999999999998,0.0,0.0,0.22499999999999998,0.14814814814814814,0.12962962962962962,0.10185185185185185
0.07851239669421489,0.059173583984375,0.114013671875,0.025,0.0,0.0,0.025,0.009259259259259259,0.027777777777777776,0.10185185185185185,0.19999999999999998,0.025,0.0,0.22499999999999998,0.14814814814814814,0.12962962962962962,0.10185185185185185
0.07954545454545456,0.059478759765625,0.11468505859375,0.025,0.0,0.0,0.025,0.009259259259259259,0.027777777777777776,0.10185185185185185,0.19999999999999998,0.05,0.0,0.22499999999999998,0.14814814814814814,0.12962962962962962,0.10185185185185185
0.08057851239669422,0.059844970703125,0.115478515625,0.025,0.0,0.0,0.025,0.009259259259259259,0.027777777777777776,0.10185185185185185,0.19999999999999998,0.07500000000000001,0.0,0.22499999999999998,0.14814814814814814,0.12962962962962962,0.10185185185185185
0.0816115702479339,0.0601806640625,0.1160888671875,0.025,0.0,0.0,0.025,0.009259259259259259,0.027777777777777776,0.10185185185185185,0.19999999999999998,0.1,0.0,0.22499999999999998,0.14814814814814814,0.12962962962962962,0.10185185185185185
0.08264462809917357,0.0606689453125,0.116943359375,0.025,0.0,0.0,0.025,0.009259259259259259,0.027777777777777776,0.10185185185185185,0.19999999999999998,0.125,0.0,0.22499999999999998,0.14814814814814814,0.12962962962962962,0.10185185185185185
0.08367768595041324,0.061126708984375,0.11761474609375,0.025,0.0,0.0,0.025,0.009259259259259259,0.027777777777777776,0.10185185185185185,0.19999999999999998,0.15,0.0,0.22499999999999998,0.14814814814814814,0.12962962962962962,0.10185185185185185
0.0847107438016529,0.061737060546875,0.1182861328125,0.025,0.0,0.0,0.025,0.009259259259259259,0.027777777777777776,0.10185185185185185,0.19999999999999998,0.175,0.0,0.22499999999999998,0.14814814814814814,0.12962962962962962,0.10185185185185185
0.08574380165289257,0.06243896484375,0.118896484375,0.025,0.0,0.0,0.025,0.009259259259259259,0.027777777777777776,0.10185185185185185,0.19999999999999998,0.19999999999999998,0.0,0.22499999999999998,0.14814814814814814,0.12962962962962962,0.10185185185185185
0.08677685950413225,0.06317138671875,0.11956787109375,0.025,0.0,0.0,0.025,0.009259259259259259,0.027777777777777776,0.10185185185185185,0.19999999999999998,0.19999999999999998,0.0,0.24999999999999997,0.14814814814814814,0.12962962962962962,0.10185185185185185
0.08780991735537191,0.06390380859375,0.12030029296875,0.025,0.0,0.0,0.025,0.009259259259259259,0.027777777777777776,0.10185185185185185,0.19999999999999998,0.19999999999999998,0.0,0.24999999999999997,0.15740740740740738,0.12962962962962962,0.10185185185185185
0.08884297520661158,0.064697265625,0.12109375,0.025,0.0,0.0,0.025,0.009259259259259259,0.027777777777777776,0.10185185185185185,0.19999999999999998,0.19999999999999998,0.0,0.27499999999999997,0.15740740740740738,0.12962962962962962,0.10185185185185185
0.08987603305785125,0.0654296875,0.12176513671875,0.025,0.0,0.0,0.025,0.009259259259259259,0.027777777777777776,0.10185185185185185,0.19999999999999998,0.19999999999999998,0.0,0.27499999999999997,0.16666666666666663,0.12962962962962962,0.10185185185185185
0.09090909090909091,0.06622314453125,0.12249755859375,0.025,0.0,0.0,0.025,0.009259259259259259,0.027777777777777776,0.10185185185185185,0.19999999999999998,0.19999999999999998,0.0,0.27499999999999997,0.17592592592592587,0.12962962962962962,0.10185185185185185
0.09194214876033058,0.06695556640625,0.12322998046875,0.025,0.0,0.0,0.025,0.009259259259259259,0.027777777777777776,0.10185185185185185,0.19999999999999998,0.19999999999999998,0.0,0.27499999999999997,0.17592592592592587,0.1388888888888889,0.10185185185185185
0.09297520661157024,0.06768798828125,0.12396240234375,0.025,0.0,0.0,0.025,0.009259259259259259,0.027777777777777776,0.10185185185185185,0.19999999999999998,0.19999999999999998,0.0,0.27499999999999997,0.17592592592592587,0.1388888888888889,0.1111111111111111
0.09400826446280992,0.06817626953125,0.1246337890625,0.025,0.0,0.0,0.025,0.009259259259259259,0.027777777777777776,0.1111111111111111,0.19999999999999998,0.19999999999999998,0.0,0.27499999999999997,0.17592592592592587,0.1388888888888889,0.1111111111111111
0.09504132231404959,0.0689697265625,0.12548828125,0.025,0.0,0.0,0.05,0.009259259259259259,0.027777777777777776,0.1111111111111111,0.19999999999999998,0.19999999999999998,0.0,0.27499999999999997,0.17592592592592587,0.1388888888888889,0.1111111111111111
0.09607438016528926,0.06976318359375,0.1260986328125,0.025,0.0,0.0,0.05,0.009259259259259259,0.027777777777777776,0.1111111111111111,0.22499999999999998,0.19999999999999998,0.0,0.27499999999999997,0.17592592592592587,0.1388888888888889,0.1111111111111111
0.09710743801652892,0.070556640625,0.126953125,0.025,0.0,0.0,0.05,0.009259259259259259,0.027777777777777776,0.1111111111111111,0.22499999999999998,0.19999999999999998,0.0,0.3,0.17592592592592587,0.1388888888888889,0.1111111111111111
0.09814049586776859,0.0712890625,0.1279296875,0.025,0.0,0.0,0.05,0.009259259259259259,0.027777777777777776,0.1111111111111111,0.22499999999999998,0.19999999999999998,0.0,0.3,0.17592592592592587,0.14814814814814814,0.1111111111111111
0.09917355371900825,0.07208251953125,0.128662109375,0.025,0.0,0.0,0.05,0.009259259259259259,0.027777777777777776,0.1111111111111111,0.22499999999999998,0.19999999999999998,0.0,0.325,0.17592592592592587,0.14814814814814814,0.1111111111111111
0.10020661157024792,0.0728759765625,0.12939453125,0.025,0.0,0.0,0.05,0.009259259259259259,0.027777777777777776,0.1111111111111111,0.22499999999999998,0.19999999999999998,0.0,0.325,0.18518518518518512,0.14814814814814814,0.1111111111111111
0.10123966942148759,0.0736083984375,0.1302490234375,0.025,0.0,0.0,0.05,0.009259259259259259,0.027777777777777776,0.1111111111111111,0.22499999999999998,0.19999999999999998,0.0,0.325,0.18518518518518512,0.15740740740740738,0.1111111111111111
0.10227272727272728,0.0743408203125,0.1309814453125,0.025,0.0,0.0,0.05,0.009259259259259259,0.027777777777777776,0.1111111111111111,0.22499999999999998,0.19999999999999998,0.0,0.325,0.18518518518518512,0.15740740740740738,0.12037037037037036
0.10330578512396696,0.0748291015625,0.132080078125,0.025,0.0,0.0,0.05,0.009259259259259259,0.027777777777777776,0.12037037037037036,0.22499999999999998,0.19999999999999998,0.0,0.325,0.18518518518518512,0.15740740740740738,0.12037037037037036
0.10433884297520662,0.0755615234375,0.1329345703125,0.025,0.0,0.0,0.05,0.009259259259259259,0.027777777777777776,0.12037037037037036,0.22499999999999998,0.19999999999999998,0.0,0.325,0.18518518518518512,0.16666666666666663,0.12037037037037036
0.10537190082644629,0.0762939453125,0.133544921875,0.025,0.0,0.0,0.05,0.009259259259259259,0.027777777777777776,0.12037037037037036,0.22499999999999998,0.19999999999999998,0.0,0.325,0.18518518518518512,0.16666666666666663,0.12962962962962962
0.10640495867768596,0.0767822265625,0.134521484375,0.025,0.0,0.0,0.05,0.009259259259259259,0.027777777777777776,0.12962962962962962,0.22499999999999998,0.19999999999999998,0.0,0.325,0.18518518518518512,0.16666666666666663,0.12962962962962962
0.10743801652892564,0.07757568359375,0.1357421875,0.025,0.0,0.0,0.07500000000000001,0.009259259259259259,0.027777777777777776,0.12962962962962962,0.22499999999999998,0.19999999999999998,0.0,0.325,0.18518518518518512,0.16666666666666663,0.12962962962962962
0.10847107438016529,0.078369140625,0.1363525390625,0.025,0.0,0.0,0.07500000000000001,0.009259259259259259,0.027777777777777776,0.12962962962962962,0.24999999999999997,0.19999999999999998,0.0,0.325,0.18518518518518512,0.16666666666666663,0.12962962962962962
0.10950413223140497,0.07916259765625,0.137451171875,0.025,0.0,0.0,0.07500000000000001,0.009259259259259259,0.027777777777777776,0.12962962962962962,0.24999999999999997,0.19999999999999998,0.0,0.35000000000000003,0.18518518518518512,0.16666666666666663,0.12962962962962962
0.11053719008264466,0.07989501953125,0.138427734375,0.025,0.0,0.0,0.07500000000000001,0.009259259259259259,0.027777777777777776,0.12962962962962962,0.24999999999999997,0.19999999999999998,0.0,0.35000000000000003,0.19444444444444436,0.16666666666666663,0.12962962962962962
0.1115702479338843,0.0806884765625,0.1395263671875,0.025,0.0,0.0,0.07500000000000001,0.009259259259259259,0.027777777777777776,0.12962962962962962,0.24999999999999997,0.19999999999999998,0.0,0.35000000000000003,0.2037037037037036,0.16666666666666663,0.12962962962962962
0.112603305785124,0.0814208984375,0.1402587890625,0.025,0.0,0.0,0.07500000000000001,0.009259259259259259,0.027777777777777776,0.12962962962962962,0.24999999999999997,0.19999999999999998,0.0,0.35000000000000003,0.2037037037037036,0.17592592592592587,0.12962962962962962
0.11363636363636363,0.08221435546875,0.14111328125,0.025,0.0,0.0,0.07500000000000001,0.009259259259259259,0.027777777777777776,0.12962962962962962,0.24999999999999997,0.19999999999999998,0.0,0.37500000000000006,0.2037037037037036,0.17592592592592587,0.12962962962962962
0.11466942148760333,0.0830078125,0.1422119140625,0.025,0.0,0.0,0.07500000000000001,0.009259259259259259,0.027777777777777776,0.12962962962962962,0.24999999999999997,0.19999999999999998,0.0,0.37500000000000006,0.21296296296296285,0.17592592592592587,0.12962962962962962
0.11570247933884299,0.083740234375,0.14306640625,0.025,0.0,0.0,0.07500000000000001,0.009259259259259259,0.027777777777777776,0.12962962962962962,0.24999999999999997,0.19999999999999998,0.0,0.37500000000000006,0.21296296296296285,0.17592592592592587,0.1388888888888889
0.11673553719008266,0.084228515625,0.1439208984375,0.025,0.0,0.0,0.07500000000000001,0.009259259259259259,0.027777777777777776,0.1388888888888889,0.24999999999999997,0.19999999999999998,0.0,0.37500000000000006,0.21296296296296285,0.17592592592592587,0.1388888888888889
0.11776859504132232,0.08502197265625,0.145263671875,0.025,0.0,0.0,0.1,0.009259259259259259,0.027777777777777776,0.1388888888888889,0.24999999999999997,0.19999999999999998,0.0,0.37500000000000006,0.21296296296296285,0.17592592592592587,0.1388888888888889
0.118801652892562,0.0858154296875,0.14599609375,0.025,0.0,0.0,0.1,0.009259259259259259,0.027777777777777776,0.1388888888888889,0.24999999999999997,0.22499999999999998,0.0,0.37500000000000006,0.21296296296296285,0.17592592592592587,0.1388888888888889
0.11983471074380166,0.08660888671875,0.1468505859375,0.025,0.0,0.0,0.1,0.009259259259259259,0.027777777777777776,0.1388888888888889,0.24999999999999997,0.24999999999999997,0.0,0.37500000000000006,0.21296296296296285,0.17592592592592587,0.1388888888888889
0.12086776859504134,0.08734130859375,0.147705078125,0.025,0.0,0.0,0.1,0.009259259259259259,0.027777777777777776,0.1388888888888889,0.24999999999999997,0.24999999999999997,0.0,0.37500000000000006,0.21296296296296285,0.18518518518518512,0.1388888888888889
0.121900826446281,0.08807373046875,0.1485595703125,0.025,0.0,0.0,0.1,0.009259259259259259,0.027777777777777776,0.1388888888888889,0.24999999999999997,0.24999999999999997,0.0,0.37500000000000006,0.21296296296296285,0.18518518518518512,0.14814814814814814
0.12293388429752067,0.08856201171875,0.1495361328125,0.025,0.0,0.0,0.1,0.009259259259259259,0.027777777777777776,0.14814814814814814,0.24999999999999997,0.24999999999999997,0.0,0.37500000000000006,0.21296296296296285,0.18518518518518512,0.14814814814814814
0.12396694214876033,0.08929443359375,0.1505126953125,0.025,0.0,0.0,0.1,0.009259259259259259,0.027777777777777776,0.14814814814814814,0.24999999999999997,0.24999999999999997,0.0,0.4000000000000001,0.21296296296296285,0.18518518518518512,0.14814814814814814
0.12500000000000003,0.090087890625,0.1512451171875,0.025,0.0,0.0,0.1,0.009259259259259259,0.027777777777777776,0.14814814814814814,0.27499999999999997,0.24999999999999997,0.0,0.4000000000000001,0.21296296296296285,0.18518518518518512,0.14814814814814814
0.1260330578512397,0.09088134765625,0.152099609375,0.025,0.0,0.0,0.1,0.009259259259259259,0.027777777777777776,0.14814814814814814,0.27499999999999997,0.24999999999999997,0.0,0.4000000000000001,0.2222222222222221,0.18518518518518512,0.14814814814814814
0.12706611570247936,0.09161376953125,0.1529541015625,0.025,0.0,0.0,0.1,0.009259259259259259,0.027777777777777776,0.14814814814814814,0.27499999999999997,0.24999999999999997,0.0,0.4000000000000001,0.23148148148148134,0.18518518518518512,0.14814814814814814
0.12809917355371903,0.0924072265625,0.1539306640625,0.025,0.0,0.0,0.1,0.009259259259259259,0.027777777777777776,0.14814814814814814,0.27499999999999997,0.24999999999999997,0.0,0.4250000000000001,0.23148148148148134,0.18518518518518512,0.14814814814814814
0.1291322314049587,0.09320068359375,0.15478515625,0.025,0.0,0.0,0.1,0.009259259259259259,0.027777777777777776,0.14814814814814814,0.27499999999999997,0.24999999999999997,0.0,0.4250000000000001,0.2407407407407406,0.18518518518518512,0.14814814814814814
0.13016528925619836,0.093994140625,0.1556396484375,0.025,0.0,0.0,0.1,0.009259259259259259,0.027777777777777776,0.14814814814814814,0.27499999999999997,0.27499999999999997,0.0,0.4250000000000001,0.2407407407407406,0.18518518518518512,0.14814814814814814
0.13119834710743802,0.09478759765625,0.156494140625,0.025,0.0,0.0,0.1,0.009259259259259259,0.027777777777777776,0.14814814814814814,0.27499999999999997,0.27499999999999997,0.0,0.4250000000000001,0.2407407407407406,0.19444444444444436,0.14814814814814814
0.1322314049586777,0.09552001953125,0.1573486328125,0.025,0.0,0.0,0.1,0.009259259259259259,0.027777777777777776,0.14814814814814814,0.27499999999999997,0.27499999999999997,0.0,0.4250000000000001,0.2407407407407406,0.2037037037037036,0.14814814814814814
0.13326446280991736,0.0963134765625,0.1588134765625,0.025,0.0,0.0,0.1,0.009259259259259259,0.027777777777777776,0.14814814814814814,0.27499999999999997,0.27499999999999997,0.0,0.4250000000000001,0.2407407407407406,0.21296296296296285,0.14814814814814814
0.13429752066115702,0.0970458984375,0.1595458984375,0.025,0.0,0.0,0.1,0.009259259259259259,0.027777777777777776,0.14814814814814814,0.27499999999999997,0.27499999999999997,0.0,0.4250000000000001,0.2407407407407406,0.21296296296296285,0.15740740740740738
0.1353305785123967,0.0975341796875,0.160400390625,0.025,0.0,0.0,0.1,0.009259259259259259,0.027777777777777776,0.15740740740740738,0.27499999999999997,0.27499999999999997,0.0,0.4250000000000001,0.2407407407407406,0.21296296296296285,0.15740740740740738
0.13636363636363635,0.0982666015625,0.161376953125,0.025,0.0,0.0,0.1,0.009259259259259259,0.027777777777777776,0.15740740740740738,0.27499999999999997,0.27499999999999997,0.0,0.4250000000000001,0.2407407407407406,0.21296296296296285,0.16666666666666663
0.13739669421487602,0.0987548828125,0.1622314453125,0.025,0.0,0.0,0.1,0.009259259259259259,0.027777777777777776,0.16666666666666663,0.27499999999999997,0.27499999999999997,0.0,0.4250000000000001,0.2407407407407406,0.21296296296296285,0.16666666666666663
0.13842975206611569,0.09954833984375,0.1632080078125,0.025,0.0,0.0,0.125,0.009259259259259259,0.027777777777777776,0.16666666666666663,0.27499999999999997,0.27499999999999997,0.0,0.4250000000000001,0.2407407407407406,0.21296296296296285,0.16666666666666663
0.13946280991735535,0.100341796875,0.1639404296875,0.025,0.0,0.0,0.125,0.009259259259259259,0.027777777777777776,0.16666666666666663,0.27499999999999997,0.27499999999999997,0.0,0.4500000000000001,0.2407407407407406,0.21296296296296285,0.16666666666666663
0.14049586776859505,0.10107421875,0.1649169921875,0.025,0.0,0.0,0.125,0.009259259259259259,0.027777777777777776,0.16666666666666663,0.27499999999999997,0.27499999999999997,0.0,0.4500000000000001,0.24999999999999983,0.21296296296296285,0.16666666666666663
0.14152892561983468,0.10186767578125,0.166015625,0.025,0.0,0.0,0.125,0.009259259259259259,0.027777777777777776,0.16666666666666663,0.27499999999999997,0.27499999999999997,0.0,0.47500000000000014,0.24999999999999983,0.21296296296296285,0.16666666666666663
0.14256198347107438,0.1026611328125,0.166748046875,0.025,0.0,0.0,0.125,0.009259259259259259,0.027777777777777776,0.16666666666666663,0.27499999999999997,0.27499999999999997,0.0,0.47500000000000014,0.2592592592592591,0.21296296296296285,0.16666666666666663
0.14359504132231402,0.1033935546875,0.1676025390625,0.025,0.0,0.0,0.125,0.009259259259259259,0.027777777777777776,0.16666666666666663,0.27499999999999997,0.27499999999999997,0.0,0.47500000000000014,0.2685185185185183,0.21296296296296285,0.16666666666666663
0.1446280991735537,0.10418701171875,0.16845703125,0.025,0.0,0.0,0.125,0.009259259259259259,0.027777777777777776,0.16666666666666663,0.27499999999999997,0.27499999999999997,0.0,0.47500000000000014,0.2685185185185183,0.2222222222222221,0.16666666666666663
0.14566115702479335,0.10491943359375,0.1693115234375,0.025,0.0,0.0,0.125,0.009259259259259259,0.027777777777777776,0.16666666666666663,0.27499999999999997,0.27499999999999997,0.0,0.47500000000000014,0.2685185185185183,0.2222222222222221,0.17592592592592587
0.14669421487603304,0.10540771484375,0.1702880859375,0.025,0.0,0.0,0.125,0.009259259259259259,0.027777777777777776,0.17592592592592587,0.27499999999999997,0.27499999999999997,0.0,0.47500000000000014,0.2685185185185183,0.2222222222222221,0.17592592592592587
0.14772727272727268,0.106201171875,0.1712646484375,0.025,0.0,0.0,0.15,0.009259259259259259,0.027777777777777776,0.17592592592592587,0.27499999999999997,0.27499999999999997,0.0,0.47500000000000014,0.2685185185185183,0.2222222222222221,0.17592592592592587
0.14876033057851237,0.10699462890625,0.1719970703125,0.025,0.0,0.0,0.15,0.009259259259259259,0.027777777777777776,0.17592592592592587,0.27499999999999997,0.3,0.0,0.47500000000000014,0.2685185185185183,0.2222222222222221,0.17592592592592587
0.14979338842975207,0.1077880859375,0.173095703125,0.025,0.0,0.0,0.15,0.009259259259259259,0.027777777777777776,0.17592592592592587,0.27499999999999997,0.3,0.0,0.47500000000000014,0.2685185185185183,0.23148148148148134,0.17592592592592587
0.15082644628099173,0.1085205078125,0.1739501953125,0.025,0.0,0.0,0.15,0.009259259259259259,0.027777777777777776,0.17592592592592587,0.27499999999999997,0.3,0.0,0.47500000000000014,0.2685185185185183,0.23148148148148134,0.18518518518518512
0.1518595041322314,0.10906982421875,0.175048828125,0.025,0.0,0.0,0.15,0.009259259259259259,0.027777777777777776,0.18518518518518512,0.27499999999999997,0.3,0.0,0.47500000000000014,0.2685185185185183,0.23148148148148134,0.18518518518518512
0.15289256198347106,0.10986328125,0.1759033203125,0.025,0.0,0.0,0.15,0.009259259259259259,0.027777777777777776,0.18518518518518512,0.3,0.3,0.0,0.47500000000000014,0.2685185185185183,0.23148148148148134,0.18518518518518512
0.15392561983471073,0.11065673828125,0.1768798828125,0.025,0.0,0.0,0.15,0.009259259259259259,0.027777777777777776,0.18518518518518512,0.3,0.325,0.0,0.47500000000000014,0.2685185185185183,0.23148148148148134,0.18518518518518512
0.1549586776859504,0.1114501953125,0.177734375,0.025,0.0,0.0,0.15,0.009259259259259259,0.027777777777777776,0.18518518518518512,0.3,0.325,0.0,0.5000000000000001,0.2685185185185183,0.23148148148148134,0.18518518518518512
0.15599173553719006,0.11224365234375,0.1785888671875,0.025,0.0,0.0,0.15,0.009259259259259259,0.027777777777777776,0.18518518518518512,0.3,0.325,0.0,0.5000000000000001,0.27777777777777757,0.23148148148148134,0.18518518518518512
0.15702479338842973,0.113037109375,0.179443359375,0.025,0.0,0.0,0.15,0.009259259259259259,0.027777777777777776,0.18518518518518512,0.3,0.325,0.0,0.5000000000000001,0.2870370370370368,0.23148148148148134,0.18518518518518512
0.1580578512396694,0.11383056640625,0.180419921875,0.025,0.0,0.0,0.175,0.009259259259259259,0.027777777777777776,0.18518518518518512,0.3,0.325,0.0,0.5000000000000001,0.2870370370370368,0.23148148148148134,0.18518518518518512
0.15909090909090906,0.1146240234375,0.1812744140625,0.025,0.0,0.0,0.175,0.009259259259259259,0.027777777777777776,0.18518518518518512,0.3,0.325,0.0,0.5000000000000001,0.29629629629629606,0.23148148148148134,0.18518518518518512
0.16012396694214873,0.1153564453125,0.1822509765625,0.025,0.0,0.0,0.175,0.009259259259259259,0.027777777777777776,0.18518518518518512,0.3,0.325,0.0,0.5000000000000001,0.29629629629629606,0.2407407407407406,0.18518518518518512
0.1611570247933884,0.11614990234375,0.18310546875,0.025,0.0,0.0,0.175,0.009259259259259259,0.027777777777777776,0.18518518518518512,0.3,0.325,0.0,0.5000000000000001,0.3055555555555553,0.2407407407407406,0.18518518518518512
0.1621900826446281,0.116943359375,0.18408203125,0.025,0.0,0.0,0.175,0.009259259259259259,0.027777777777777776,0.18518518518518512,0.3,0.35000000000000003,0.0,0.5000000000000001,0.3055555555555553,0.2407407407407406,0.18518518518518512
0.16322314049586775,0.11773681640625,0.1849365234375,0.025,0.0,0.0,0.175,0.009259259259259259,0.027777777777777776,0.18518518518518512,0.3,0.37500000000000006,0.0,0.5000000000000001,0.3055555555555553,0.2407407407407406,0.18518518518518512
0.16425619834710742,0.11846923828125,0.18603515625,0.025,0.0,0.0,0.175,0.009259259259259259,0.027777777777777776,0.18518518518518512,0.3,0.37500000000000006,0.0,0.5000000000000001,0.3055555555555553,0.2407407407407406,0.19444444444444436
0.16528925619834708,0.1190185546875,0.186767578125,0.025,0.0,0.0,0.175,0.009259259259259259,0.027777777777777776,0.19444444444444436,0.3,0.37500000000000006,0.0,0.5000000000000001,0.3055555555555553,0.2407407407407406,0.19444444444444436
0.16632231404958675,0.1197509765625,0.1878662109375,0.025,0.0,0.0,0.175,0.009259259259259259,0.027777777777777776,0.19444444444444436,0.3,0.37500000000000006,0.0,0.5000000000000001,0.3055555555555553,0.2407407407407406,0.2037037037037036
0.16735537190082644,0.12030029296875,0.1888427734375,0.025,0.0,0.0,0.175,0.009259259259259259,0.027777777777777776,0.2037037037037036,0.3,0.37500000000000006,0.0,0.5000000000000001,0.3055555555555553,0.2407407407407406,0.2037037037037036
0.16838842975206608,0.12103271484375,0.1898193359375,0.025,0.0,0.0,0.175,0.009259259259259259,0.027777777777777776,0.2037037037037036,0.3,0.37500000000000006,0.0,0.5000000000000001,0.3055555555555553,0.24999999999999983,0.2037037037037036
0.16942148760330578,0.121826171875,0.19091796875,0.025,0.0,0.0,0.175,0.009259259259259259,0.027777777777777776,0.2037037037037036,0.3,0.37500000000000006,0.0,0.5250000000000001,0.3055555555555553,0.24999999999999983,0.2037037037037036
0.17045454545454541,0.12261962890625,0.1920166015625,0.025,0.0,0.0,0.175,0.009259259259259259,0.027777777777777776,0.2037037037037036,0.3,0.37500000000000006,0.0,0.5250000000000001,0.31481481481481455,0.24999999999999983,0.2037037037037036
0.1714876033057851,0.1234130859375,0.19287109375,0.025,0.0,0.0,0.175,0.009259259259259259,0.027777777777777776,0.2037037037037036,0.3,0.37500000000000006,0.0,0.5250000000000001,0.31481481481481455,0.2592592592592591,0.2037037037037036
0.17252066115702477,0.1241455078125,0.1942138671875,0.025,0.0,0.0,0.175,0.009259259259259259,0.027777777777777776,0.2037037037037036,0.3,0.37500000000000006,0.0,0.5250000000000001,0.31481481481481455,0.2685185185185183,0.2037037037037036
0.17355371900826447,0.12493896484375,0.1951904296875,0.025,0.0,0.0,0.175,0.009259259259259259,0.027777777777777776,0.2037037037037036,0.3,0.4000000000000001,0.0,0.5250000000000001,0.31481481481481455,0.2685185185185183,0.2037037037037036
0.1745867768595041,0.125732421875,0.196044921875,0.025,0.0,0.0,0.19999999999999998,0.009259259259259259,0.027777777777777776,0.2037037037037036,0.3,0.4000000000000001,0.0,0.5250000000000001,0.31481481481481455,0.2685185185185183,0.2037037037037036
0.17561983471074377,0.12646484375,0.1973876953125,0.025,0.0,0.0,0.19999999999999998,0.009259259259259259,0.027777777777777776,0.2037037037037036,0.3,0.4000000000000001,0.0,0.5250000000000001,0.31481481481481455,0.2685185185185183,0.21296296296296285
0.17665289256198344,0.1270751953125,0.1982421875,0.025,0.0,0.0,0.19999999999999998,0.009259259259259259,0.027777777777777776,0.21296296296296285,0.3,0.4000000000000001,0.0,0.5250000000000001,0.31481481481481455,0.2685185185185183,0.21296296296296285
0.17768595041322313,0.1278076171875,0.1995849609375,0.025,0.0,0.0,0.19999999999999998,0.018518518518518517,0.027777777777777776,0.21296296296296285,0.3,0.4000000000000001,0.0,0.5250000000000001,0.31481481481481455,0.2685185185185183,0.21296296296296285
0.17871900826446277,0.128662109375,0.200439453125,0.025,0.0,0.0,0.22499999999999998,0.018518518518518517,0.027777777777777776,0.21296296296296285,0.3,0.4000000000000001,0.0,0.5250000000000001,0.31481481481481455,0.2685185185185183,0.21296296296296285
0.17975206611570246,0.1295166015625,0.2015380859375,0.025,0.0,0.0,0.22499999999999998,0.027777777777777776,0.027777777777777776,0.21296296296296285,0.3,0.4000000000000001,0.0,0.5250000000000001,0.31481481481481455,0.2685185185185183,0.21296296296296285
0.1807851239669421,0.1302490234375,0.2025146484375,0.025,0.0,0.0,0.22499999999999998,0.027777777777777776,0.037037037037037035,0.21296296296296285,0.3,0.4000000000000001,0.0,0.5250000000000001,0.31481481481481455,0.2685185185185183,0.21296296296296285
0.1818181818181818,0.1309814453125,0.2034912109375,0.025,0.0,0.0,0.22499999999999998,0.027777777777777776,0.037037037037037035,0.21296296296296285,0.3,0.4000000000000001,0.0,0.5250000000000001,0.31481481481481455,0.2685185185185183,0.2222222222222221
0.1828512396694215,0.131591796875,0.20458984375,0.025,0.0,0.0,0.22499999999999998,0.027777777777777776,0.037037037037037035,0.2222222222222221,0.3,0.4000000000000001,0.0,0.5250000000000001,0.31481481481481455,0.2685185185185183,0.2222222222222221
0.18388429752066113,0.13232421875,0.2056884765625,0.025,0.0,0.0,0.22499999999999998,0.027777777777777776,0.037037037037037035,0.2222222222222221,0.325,0.4000000000000001,0.0,0.5250000000000001,0.31481481481481455,0.2685185185185183,0.2222222222222221
0.18491735537190082,0.1331787109375,0.2066650390625,0.025,0.0,0.0,0.22499999999999998,0.027777777777777776,0.037037037037037035,0.2222222222222221,0.325,0.4000000000000001,0.0,0.5500000000000002,0.31481481481481455,0.2685185185185183,0.2222222222222221
0.18595041322314046,0.1339111328125,0.2076416015625,0.025,0.0,0.0,0.22499999999999998,0.027777777777777776,0.037037037037037035,0.2222222222222221,0.325,0.4000000000000001,0.0,0.5500000000000002,0.3240740740740738,0.2685185185185183,0.2222222222222221
0.18698347107438015,0.134765625,0.20849609375,0.025,0.0,0.0,0.22499999999999998,0.027777777777777776,0.037037037037037035,0.2222222222222221,0.325,0.4000000000000001,0.0,0.5750000000000002,0.3240740740740738,0.2685185185185183,0.2222222222222221
0.18801652892561982,0.1356201171875,0.2095947265625,0.025,0.0,0.0,0.22499999999999998,0.027777777777777776,0.037037037037037035,0.2222222222222221,0.325,0.4000000000000001,0.0,0.5750000000000002,0.33333333333333304,0.2685185185185183,0.2222222222222221
0.1890495867768595,0.1363525390625,0.2105712890625,0.025,0.0,0.0,0.22499999999999998,0.027777777777777776,0.037037037037037035,0.2222222222222221,0.325,0.4000000000000001,0.0,0.5750000000000002,0.3425925925925923,0.2685185185185183,0.2222222222222221
0.19008264462809915,0.13720703125,0.211669921875,0.025,0.0,0.0,0.22499999999999998,0.027777777777777776,0.037037037037037035,0.2222222222222221,0.325,0.4000000000000001,0.0,0.5750000000000002,0.3518518518518515,0.2685185185185183,0.2222222222222221
0.19111570247933884,0.137939453125,0.212890625,0.025,0.0,0.0,0.22499999999999998,0.027777777777777776,0.037037037037037035,0.2222222222222221,0.325,0.4000000000000001,0.0,0.5750000000000002,0.3518518518518515,0.2685185185185183,0.23148148148148134
0.19214876033057848,0.1385498046875,0.2138671875,0.025,0.0,0.0,0.22499999999999998,0.027777777777777776,0.037037037037037035,0.23148148148148134,0.325,0.4000000000000001,0.0,0.5750000000000002,0.3518518518518515,0.2685185185185183,0.23148148148148134
0.19318181818181812,0.1392822265625,0.214599609375,0.025,0.0,0.0,0.22499999999999998,0.027777777777777776,0.037037037037037035,0.23148148148148134,0.325,0.4000000000000001,0.0,0.5750000000000002,0.36111111111111077,0.2685185185185183,0.23148148148148134
0.19421487603305781,0.14013671875,0.2156982421875,0.025,0.0,0.0,0.24999999999999997,0.027777777777777776,0.037037037037037035,0.23148148148148134,0.325,0.4000000000000001,0.0,0.5750000000000002,0.36111111111111077,0.2685185185185183,0.23148148148148134
0.1952479338842975,0.1409912109375,0.216552734375,0.025,0.0,0.0,0.24999999999999997,0.027777777777777776,0.037037037037037035,0.23148148148148134,0.35000000000000003,0.4000000000000001,0.0,0.5750000000000002,0.36111111111111077,0.2685185185185183,0.23148148148148134
0.19628099173553717,0.1417236328125,0.2178955078125,0.025,0.0,0.0,0.24999999999999997,0.027777777777777776,0.037037037037037035,0.23148148148148134,0.35000000000000003,0.4000000000000001,0.0,0.5750000000000002,0.37037037037037,0.2685185185185183,0.23148148148148134
0.19731404958677684,0.142578125,0.218994140625,0.025,0.0,0.0,0.24999999999999997,0.027777777777777776,0.037037037037037035,0.23148148148148134,0.35000000000000003,0.4000000000000001,0.0,0.5750000000000002,0.37962962962962926,0.2685185185185183,0.23148148148148134
0.19834710743801648,0.1434326171875,0.2200927734375,0.025,0.0,0.0,0.24999999999999997,0.027777777777777776,0.037037037037037035,0.23148148148148134,0.35000000000000003,0.4250000000000001,0.0,0.5750000000000002,0.37962962962962926,0.2685185185185183,0.23148148148148134
0.19938016528925617,0.144287109375,0.22119140625,0.025,0.0,0.0,0.24999999999999997,0.027777777777777776,0.037037037037037035,0.23148148148148134,0.35000000000000003,0.4250000000000001,0.0,0.6000000000000002,0.37962962962962926,0.2685185185185183,0.23148148148148134
0.20041322314049584,0.1451416015625,0.22216796875,0.025,0.0,0.0,0.24999999999999997,0.027777777777777776,0.037037037037037035,0.23148148148148134,0.35000000000000003,0.4250000000000001,0.0,0.6000000000000002,0.3888888888888885,0.2685185185185183,0.23148148148148134
0.2014462809917355,0.1458740234375,0.2232666015625,0.025,0.0,0.0,0.24999999999999997,0.027777777777777776,0.037037037037037035,0.23148148148148134,0.35000000000000003,0.4250000000000001,0.0,0.6000000000000002,0.3888888888888885,0.27777777777777757,0.23148148148148134
0.20247933884297517,0.1466064453125,0.2244873046875,0.025,0.0,0.0,0.24999999999999997,0.027777777777777776,0.037037037037037035,0.23148148148148134,0.35000000000000003,0.4250000000000001,0.0,0.6000000000000002,0.3888888888888885,0.2870370370370368,0.23148148148148134
0.20351239669421486,0.1473388671875,0.225341796875,0.025,0.0,0.0,0.24999999999999997,0.027777777777777776,0.037037037037037035,0.23148148148148134,0.35000000000000003,0.4250000000000001,0.0,0.6000000000000002,0.3888888888888885,0.29629629629629606,0.23148148148148134
0.2045454545454545,0.148193359375,0.2264404296875,0.025,0.0,0.0,0.27499999999999997,0.027777777777777776,0.037037037037037035,0.23148148148148134,0.35000000000000003,0.4250000000000001,0.0,0.6000000000000002,0.3888888888888885,0.29629629629629606,0.23148148148148134
0.20557851239669417,0.1490478515625,0.2279052734375,0.025,0.0,0.0,0.27499999999999997,0.037037037037037035,0.037037037037037035,0.23148148148148134,0.35000000000000003,0.4250000000000001,0.0,0.6000000000000002,0.3888888888888885,0.29629629629629606,0.23148148148148134
0.20661157024793383,0.14990234375,0.22900390625,0.025,0.0,0.0,0.27499999999999997,0.037037037037037035,0.037037037037037035,0.23148148148148134,0.35000000000000003,0.4250000000000001,0.0,0.6250000000000002,0.3888888888888885,0.29629629629629606,0.23148148148148134
0.20764462809917353,0.1507568359375,0.22998046875,0.025,0.0,0.0,0.27499999999999997,0.037037037037037035,0.037037037037037035,0.23148148148148134,0.35000000000000003,0.4250000000000001,0.0,0.6250000000000002,0.39814814814814775,0.29629629629629606,0.23148148148148134
0.20867768595041322,0.151611328125,0.2308349609375,0.025,0.0,0.0,0.27499999999999997,0.037037037037037035,0.037037037037037035,0.23148148148148134,0.35000000000000003,0.4250000000000001,0.0,0.6250000000000002,0.407407407407407,0.29629629629629606,0.23148148148148134
0.20971074380165283,0.1524658203125,0.231689453125,0.025,0.0,0.0,0.27499999999999997,0.037037037037037035,0.037037037037037035,0.23148148148148134,0.35000000000000003,0.4250000000000001,0.0,0.6250000000000002,0.41666666666666624,0.29629629629629606,0.23148148148148134
0.2107438016528925,0.1531982421875,0.2327880859375,0.025,0.0,0.0,0.27499999999999997,0.037037037037037035,0.037037037037037035,0.23148148148148134,0.35000000000000003,0.4250000000000001,0.0,0.6250000000000002,0.41666666666666624,0.3055555555555553,0.23148148148148134
0.21177685950413216,0.1539306640625,0.233642578125,0.025,0.0,0.0,0.27499999999999997,0.037037037037037035,0.037037037037037035,0.23148148148148134,0.35000000000000003,0.4250000000000001,0.0,0.6250000000000002,0.41666666666666624,0.3055555555555553,0.2407407407407406
0.21280991735537183,0.154541015625,0.234619140625,0.025,0.0,0.0,0.27499999999999997,0.037037037037037035,0.037037037037037035,0.2407407407407406,0.35000000000000003,0.4250000000000001,0.0,0.6250000000000002,0.41666666666666624,0.3055555555555553,0.2407407407407406
0.21384297520661152,0.1552734375,0.2359619140625,0.025,0.0,0.0,0.27499999999999997,0.037037037037037035,0.037037037037037035,0.2407407407407406,0.35000000000000003,0.4250000000000001,0.0,0.6250000000000002,0.41666666666666624,0.31481481481481455,0.2407407407407406
0.21487603305785122,0.156005859375,0.2373046875,0.025,0.0,0.0,0.27499999999999997,0.037037037037037035,0.037037037037037035,0.2407407407407406,0.35000000000000003,0.4250000000000001,0.0,0.6250000000000002,0.41666666666666624,0.31481481481481455,0.24999999999999983
0.21590909090909088,0.156494140625,0.23828125,0.025,0.0,0.0,0.27499999999999997,0.037037037037037035,0.037037037037037035,0.24999999999999983,0.35000000000000003,0.4250000000000001,0.0,0.6250000000000002,0.41666666666666624,0.31481481481481455,0.24999999999999983
0.21694214876033055,0.1573486328125,0.239501953125,0.025,0.0,0.0,0.27499999999999997,0.037037037037037035,0.037037037037037035,0.24999999999999983,0.37500000000000006,0.4250000000000001,0.0,0.6250000000000002,0.41666666666666624,0.31481481481481455,0.24999999999999983
0.2179752066115702,0.158203125,0.24072265625,0.025,0.0,0.0,0.27499999999999997,0.037037037037037035,0.037037037037037035,0.24999999999999983,0.37500000000000006,0.4250000000000001,0.0,0.6250000000000002,0.41666666666666624,0.3240740740740738,0.24999999999999983
0.21900826446280988,0.158935546875,0.2418212890625,0.025,0.0,0.0,0.27499999999999997,0.037037037037037035,0.037037037037037035,0.24999999999999983,0.37500000000000006,0.4250000000000001,0.0,0.6250000000000002,0.41666666666666624,0.33333333333333304,0.24999999999999983
0.22004132231404955,0.1597900390625,0.2432861328125,0.025,0.0,0.0,0.3,0.037037037037037035,0.037037037037037035,0.24999999999999983,0.37500000000000006,0.4250000000000001,0.0,0.6250000000000002,0.41666666666666624,0.33333333333333304,0.24999999999999983
0.2210743801652892,0.16064453125,0.2442626953125,0.025,0.0,0.0,0.3,0.037037037037037035,0.037037037037037035,0.24999999999999983,0.37500000000000006,0.4250000000000001,0.0,0.6250000000000002,0.41666666666666624,0.3425925925925923,0.24999999999999983
0.22210743801652885,0.161376953125,0.2452392578125,0.025,0.0,0.0,0.3,0.037037037037037035,0.037037037037037035,0.24999999999999983,0.37500000000000006,0.4250000000000001,0.0,0.6250000000000002,0.41666666666666624,0.3425925925925923,0.2592592592592591
0.22314049586776855,0.1619873046875,0.2464599609375,0.025,0.0,0.0,0.3,0.037037037037037035,0.037037037037037035,0.2592592592592591,0.37500000000000006,0.4250000000000001,0.0,0.6250000000000002,0.41666666666666624,0.3425925925925923,0.2592592592592591
0.2241735537190082,0.1627197265625,0.24755859375,0.025,0.0,0.0,0.3,0.037037037037037035,0.037037037037037035,0.2592592592592591,0.37500000000000006,0.4250000000000001,0.0,0.6250000000000002,0.41666666666666624,0.3425925925925923,0.2685185185185183
0.22520661157024788,0.163330078125,0.24853515625,0.025,0.0,0.0,0.3,0.037037037037037035,0.037037037037037035,0.2685185185185183,0.37500000000000006,0.4250000000000001,0.0,0.6250000000000002,0.41666666666666624,0.3425925925925923,0.2685185185185183
0.22623966942148754,0.1640625,0.2493896484375,0.025,0.0,0.0,0.3,0.037037037037037035,0.037037037037037035,0.2685185185185183,0.37500000000000006,0.4250000000000001,0.0,0.6250000000000002,0.41666666666666624,0.3518518518518515,0.2685185185185183
0.22727272727272724,0.1649169921875,0.250244140625,0.025,0.0,0.0,0.3,0.037037037037037035,0.037037037037037035,0.2685185185185183,0.37500000000000006,0.4250000000000001,0.0,0.6500000000000002,0.41666666666666624,0.3518518518518515,0.2685185185185183
0.22830578512396688,0.165771484375,0.251220703125,0.025,0.0,0.0,0.3,0.037037037037037035,0.037037037037037035,0.2685185185185183,0.37500000000000006,0.4250000000000001,0.0,0.6500000000000002,0.4259259259259255,0.3518518518518515,0.2685185185185183
0.22933884297520657,0.1666259765625,0.252197265625,0.025,0.0,0.0,0.3,0.037037037037037035,0.037037037037037035,0.2685185185185183,0.37500000000000006,0.4250000000000001,0.0,0.6500000000000002,0.43518518518518473,0.3518518518518515,0.2685185185185183
0.2303719008264462,0.16748046875,0.25341796875,0.025,0.0,0.0,0.325,0.037037037037037035,0.037037037037037035,0.2685185185185183,0.37500000000000006,0.4250000000000001,0.0,0.6500000000000002,0.43518518518518473,0.3518518518518515,0.2685185185185183
0.2314049586776859,0.1683349609375,0.25439453125,0.025,0.0,0.0,0.325,0.037037037037037035,0.046296296296296294,0.2685185185185183,0.37500000000000006,0.4250000000000001,0.0,0.6500000000000002,0.43518518518518473,0.3518518518518515,0.2685185185185183
0.2324380165289256,0.169189453125,0.255615234375,0.025,0.0,0.0,0.325,0.037037037037037035,0.046296296296296294,0.2685185185185183,0.4000000000000001,0.4250000000000001,0.0,0.6500000000000002,0.43518518518518473,0.3518518518518515,0.2685185185185183
0.23347107438016526,0.1700439453125,0.256591796875,0.025,0.0,0.0,0.325,0.037037037037037035,0.046296296296296294,0.2685185185185183,0.4000000000000001,0.4250000000000001,0.0,0.6500000000000002,0.43518518518518473,0.36111111111111077,0.2685185185185183
0.23450413223140493,0.1707763671875,0.2578125,0.025,0.0,0.0,0.325,0.037037037037037035,0.046296296296296294,0.2685185185185183,0.4000000000000001,0.4250000000000001,0.0,0.6500000000000002,0.43518518518518473,0.37037037037037,0.2685185185185183
0.23553719008264457,0.171630859375,0.2587890625,0.025,0.0,0.0,0.325,0.037037037037037035,0.046296296296296294,0.2685185185185183,0.4000000000000001,0.4250000000000001,0.0,0.6500000000000002,0.43518518518518473,0.37962962962962926,0.2685185185185183
0.2365702479338842,0.17236328125,0.259765625,0.025,0.0,0.0,0.325,0.037037037037037035,0.046296296296296294,0.2685185185185183,0.4000000000000001,0.4250000000000001,0.0,0.6500000000000002,0.43518518518518473,0.37962962962962926,0.27777777777777757
0.2376033057851239,0.1729736328125,0.2607421875,0.025,0.0,0.0,0.325,0.037037037037037035,0.046296296296296294,0.27777777777777757,0.4000000000000001,0.4250000000000001,0.0,0.6500000000000002,0.43518518518518473,0.37962962962962926,0.27777777777777757
0.2386363636363636,0.1737060546875,0.261474609375,0.025,0.0,0.0,0.325,0.037037037037037035,0.046296296296296294,0.27777777777777757,0.4000000000000001,0.4250000000000001,0.0,0.6500000000000002,0.43518518518518473,0.3888888888888885,0.27777777777777757
0.23966942148760323,0.174560546875,0.2626953125,0.025,0.0,0.0,0.325,0.037037037037037035,0.046296296296296294,0.27777777777777757,0.4000000000000001,0.4250000000000001,0.0,0.6500000000000002,0.444444444444444,0.3888888888888885,0.27777777777777757
0.24070247933884287,0.1754150390625,0.263671875,0.025,0.0,0.0,0.325,0.037037037037037035,0.046296296296296294,0.27777777777777757,0.4000000000000001,0.4250000000000001,0.0,0.6500000000000002,0.4537037037037032,0.3888888888888885,0.27777777777777757
0.24173553719008256,0.17626953125,0.264404296875,0.05,0.0,0.0,0.325,0.037037037037037035,0.046296296296296294,0.27777777777777757,0.4000000000000001,0.4250000000000001,0.0,0.6500000000000002,0.4537037037037032,0.3888888888888885,0.27777777777777757
0.24276859504132225,0.1771240234375,0.265625,0.05,0.0,0.0,0.325,0.037037037037037035,0.046296296296296294,0.27777777777777757,0.4000000000000001,0.4250000000000001,0.0,0.6500000000000002,0.4537037037037032,0.39814814814814775,0.27777777777777757
0.24380165289256192,0.177978515625,0.266357421875,0.05,0.0,0.0,0.325,0.037037037037037035,0.046296296296296294,0.27777777777777757,0.4000000000000001,0.4250000000000001,0.0,0.6500000000000002,0.4537037037037032,0.39814814814814775,0.2870370370370368
0.24483471074380161,0.178466796875,0.267578125,0.05,0.0,0.0,0.325,0.037037037037037035,0.046296296296296294,0.2870370370370368,0.4000000000000001,0.4250000000000001,0.0,0.6500000000000002,0.4537037037037032,0.39814814814814775,0.2870370370370368
0.24586776859504125,0.1793212890625,0.2685546875,0.05,0.0,0.0,0.325,0.037037037037037035,0.046296296296296294,0.2870370370370368,0.4000000000000001,0.4250000000000001,0.0,0.6500000000000002,0.4537037037037032,0.39814814814814775,0.29629629629629606
0.24690082644628095,0.1798095703125,0.269775390625,0.05,0.0,0.0,0.325,0.037037037037037035,0.046296296296296294,0.29629629629629606,0.4000000000000001,0.4250000000000001,0.0,0.6500000000000002,0.4537037037037032,0.39814814814814775,0.29629629629629606
0.24793388429752058,0.1806640625,0.2705078125,0.05,0.0,0.0,0.325,0.037037037037037035,0.046296296296296294,0.29629629629629606,0.4000000000000001,0.4250000000000001,0.0,0.6500000000000002,0.4537037037037032,0.39814814814814775,0.3055555555555553
0.24896694214876025,0.1812744140625,0.271728515625,0.05,0.0,0.0,0.325,0.037037037037037035,0.046296296296296294,0.3055555555555553,0.4000000000000001,0.4250000000000001,0.0,0.6500000000000002,0.4537037037037032,0.39814814814814775,0.3055555555555553
0.24999999999999992,0.18212890625,0.2724609375,0.05,0.0,0.0,0.35000000000000003,0.037037037037037035,0.046296296296296294,0.3055555555555553,0.4000000000000001,0.4250000000000001,0.0,0.6500000000000002,0.4537037037037032,0.39814814814814775,0.3055555555555553
0.25103305785123964,0.1829833984375,0.2734375,0.05,0.0,0.0,0.35000000000000003,0.037037037037037035,0.046296296296296294,0.3055555555555553,0.4250000000000001,0.4250000000000001,0.0,0.6500000000000002,0.4537037037037032,0.39814814814814775,0.3055555555555553
0.2520661157024793,0.183837890625,0.2744140625,0.05,0.0,0.0,0.35000000000000003,0.037037037037037035,0.046296296296296294,0.3055555555555553,0.4250000000000001,0.4250000000000001,0.0,0.6500000000000002,0.4537037037037032,0.407407407407407,0.3055555555555553
0.25309917355371897,0.1846923828125,0.275146484375,0.05,0.0,0.0,0.35000000000000003,0.037037037037037035,0.046296296296296294,0.3055555555555553,0.4250000000000001,0.4250000000000001,0.0,0.6500000000000002,0.4537037037037032,0.41666666666666624,0.3055555555555553
0.2541322314049586,0.185546875,0.276123046875,0.05,0.0,0.0,0.37500000000000006,0.037037037037037035,0.046296296296296294,0.3055555555555553,0.4250000000000001,0.4250000000000001,0.0,0.6500000000000002,0.4537037037037032,0.41666666666666624,0.3055555555555553
0.2551652892561983,0.1864013671875,0.27734375,0.05,0.0,0.0,0.37500000000000006,0.037037037037037035,0.046296296296296294,0.3055555555555553,0.4250000000000001,0.4250000000000001,0.0,0.6750000000000003,0.4537037037037032,0.41666666666666624,0.3055555555555553
0.25619834710743794,0.187255859375,0.2783203125,0.05,0.0,0.0,0.37500000000000006,0.037037037037037035,0.046296296296296294,0.3055555555555553,0.4250000000000001,0.4250000000000001,0.0,0.6750000000000003,0.46296296296296247,0.41666666666666624,0.3055555555555553
0.25723140495867763,0.1881103515625,0.279052734375,0.05,0.0,0.0,0.37500000000000006,0.037037037037037035,0.046296296296296294,0.3055555555555553,0.4250000000000001,0.4250000000000001,0.0,0.6750000000000003,0.46296296296296247,0.41666666666666624,0.31481481481481455
0.2582644628099173,0.188720703125,0.2802734375,0.05,0.0,0.0,0.37500000000000006,0.037037037037037035,0.046296296296296294,0.31481481481481455,0.4250000000000001,0.4250000000000001,0.0,0.6750000000000003,0.46296296296296247,0.41666666666666624,0.31481481481481455
0.25929752066115697,0.1895751953125,0.28125,0.05,0.0,0.0,0.37500000000000006,0.046296296296296294,0.046296296296296294,0.31481481481481455,0.4250000000000001,0.4250000000000001,0.0,0.6750000000000003,0.46296296296296247,0.41666666666666624,0.31481481481481455
0.2603305785123966,0.1904296875,0.2822265625,0.05,0.0,0.0,0.37500000000000006,0.046296296296296294,0.046296296296296294,0.31481481481481455,0.4250000000000001,0.4500000000000001,0.0,0.6750000000000003,0.46296296296296247,0.41666666666666624,0.31481481481481455
0.2613636363636363,0.1912841796875,0.282958984375,0.05,0.0,0.0,0.37500000000000006,0.046296296296296294,0.046296296296296294,0.31481481481481455,0.4250000000000001,0.47500000000000014,0.0,0.6750000000000003,0.46296296296296247,0.41666666666666624,0.31481481481481455
0.262396694214876,0.192138671875,0.2841796875,0.05,0.0,0.0,0.37500000000000006,0.046296296296296294,0.046296296296296294,0.31481481481481455,0.4250000000000001,0.47500000000000014,0.0,0.6750000000000003,0.4722222222222217,0.41666666666666624,0.31481481481481455
0.26342975206611563,0.1929931640625,0.284912109375,0.05,0.0,0.0,0.37500000000000006,0.046296296296296294,0.046296296296296294,0.31481481481481455,0.4250000000000001,0.47500000000000014,0.0,0.6750000000000003,0.48148148148148096,0.41666666666666624,0.31481481481481455
0.2644628099173553,0.19384765625,0.285888671875,0.05,0.0,0.0,0.37500000000000006,0.046296296296296294,0.046296296296296294,0.31481481481481455,0.4250000000000001,0.47500000000000014,0.0,0.6750000000000003,0.4907407407407402,0.41666666666666624,0.31481481481481455
0.26549586776859496,0.1947021484375,0.286865234375,0.05,0.0,0.0,0.37500000000000006,0.046296296296296294,0.046296296296296294,0.31481481481481455,0.4250000000000001,0.47500000000000014,0.0,0.6750000000000003,0.4907407407407402,0.4259259259259255,0.31481481481481455
0.26652892561983466,0.195556640625,0.2880859375,0.05,0.0,0.0,0.37500000000000006,0.046296296296296294,0.046296296296296294,0.31481481481481455,0.4250000000000001,0.47500000000000014,0.0,0.6750000000000003,0.4907407407407402,0.43518518518518473,0.31481481481481455
0.2675619834710743,0.1962890625,0.288818359375,0.05,0.0,0.0,0.37500000000000006,0.046296296296296294,0.046296296296296294,0.31481481481481455,0.4250000000000001,0.47500000000000014,0.0,0.6750000000000003,0.4907407407407402,0.43518518518518473,0.3240740740740738
0.26859504132231393,0.1968994140625,0.290283203125,0.05,0.0,0.0,0.37500000000000006,0.046296296296296294,0.046296296296296294,0.3240740740740738,0.4250000000000001,0.47500000000000014,0.0,0.6750000000000003,0.4907407407407402,0.43518518518518473,0.3240740740740738
0.2696280991735536,0.19775390625,0.29150390625,0.05,0.0,0.0,0.4000000000000001,0.046296296296296294,0.046296296296296294,0.3240740740740738,0.4250000000000001,0.47500000000000014,0.0,0.6750000000000003,0.4907407407407402,0.43518518518518473,0.3240740740740738
0.2706611570247933,0.1986083984375,0.29248046875,0.05,0.0,0.0,0.4000000000000001,0.046296296296296294,0.046296296296296294,0.3240740740740738,0.4250000000000001,0.47500000000000014,0.0,0.6750000000000003,0.4907407407407402,0.43518518518518473,0.33333333333333304
0.27169421487603296,0.1993408203125,0.29345703125,0.05,0.0,0.0,0.4000000000000001,0.046296296296296294,0.046296296296296294,0.33333333333333304,0.4250000000000001,0.47500000000000014,0.0,0.6750000000000003,0.4907407407407402,0.43518518518518473,0.33333333333333304
0.2727272727272726,0.2000732421875,0.294189453125,0.05,0.0,0.0,0.4000000000000001,0.046296296296296294,0.046296296296296294,0.33333333333333304,0.4250000000000001,0.47500000000000014,0.0,0.6750000000000003,0.4907407407407402,0.43518518518518473,0.3425925925925923
0.2737603305785123,0.20068359375,0.295166015625,0.05,0.0,0.0,0.4000000000000001,0.046296296296296294,0.046296296296296294,0.3425925925925923,0.4250000000000001,0.47500000000000014,0.0,0.6750000000000003,0.4907407407407402,0.43518518518518473,0.3425925925925923
0.27479338842975193,0.2015380859375,0.29638671875,0.05,0.0,0.0,0.4000000000000001,0.046296296296296294,0.046296296296296294,0.3425925925925923,0.4250000000000001,0.5000000000000001,0.0,0.6750000000000003,0.4907407407407402,0.43518518518518473,0.3425925925925923
0.27582644628099157,0.202392578125,0.297119140625,0.05,0.0,0.0,0.4000000000000001,0.046296296296296294,0.046296296296296294,0.3425925925925923,0.4250000000000001,0.5000000000000001,0.0,0.6750000000000003,0.4907407407407402,0.444444444444444,0.3425925925925923
0.27685950413223126,0.2032470703125,0.29833984375,0.05,0.0,0.0,0.4000000000000001,0.046296296296296294,0.046296296296296294,0.3425925925925923,0.4250000000000001,0.5000000000000001,0.0,0.6750000000000003,0.49999999999999944,0.444444444444444,0.3425925925925923
0.27789256198347095,0.2041015625,0.29931640625,0.05,0.0,0.0,0.4000000000000001,0.046296296296296294,0.046296296296296294,0.3425925925925923,0.4250000000000001,0.5000000000000001,0.0,0.6750000000000003,0.49999999999999944,0.4537037037037032,0.3425925925925923
0.2789256198347106,0.2049560546875,0.300048828125,0.05,0.0,0.0,0.4000000000000001,0.046296296296296294,0.046296296296296294,0.3425925925925923,0.4250000000000001,0.5250000000000001,0.0,0.6750000000000003,0.49999999999999944,0.4537037037037032,0.3425925925925923
0.27995867768595023,0.205810546875,0.30126953125,0.05,0.0,0.0,0.4000000000000001,0.046296296296296294,0.046296296296296294,0.3425925925925923,0.4250000000000001,0.5250000000000001,0.0,0.6750000000000003,0.49999999999999944,0.46296296296296247,0.3425925925925923
0.2809917355371899,0.2066650390625,0.30224609375,0.05,0.0,0.0,0.4000000000000001,0.046296296296296294,0.046296296296296294,0.3425925925925923,0.4250000000000001,0.5250000000000001,0.0,0.6750000000000003,0.49999999999999944,0.46296296296296247,0.3518518518518515
0.2820247933884296,0.207275390625,0.3037109375,0.05,0.0,0.0,0.4000000000000001,0.046296296296296294,0.046296296296296294,0.3518518518518515,0.4250000000000001,0.5250000000000001,0.0,0.6750000000000003,0.49999999999999944,0.46296296296296247,0.3518518518518515
0.2830578512396693,0.2081298828125,0.304443359375,0.05,0.0,0.0,0.4000000000000001,0.046296296296296294,0.046296296296296294,0.3518518518518515,0.4250000000000001,0.5250000000000001,0.0,0.6750000000000003,0.5092592592592587,0.46296296296296247,0.3518518518518515
0.284090909090909,0.208984375,0.30517578125,0.05,0.0,0.0,0.4000000000000001,0.046296296296296294,0.046296296296296294,0.3518518518518515,0.4250000000000001,0.5250000000000001,0.0,0.6750000000000003,0.5092592592592587,0.46296296296296247,0.36111111111111077
0.2851239669421487,0.209716796875,0.306640625,0.05,0.0,0.0,0.4000000000000001,0.046296296296296294,0.046296296296296294,0.36111111111111077,0.4250000000000001,0.5250000000000001,0.0,0.6750000000000003,0.5092592592592587,0.46296296296296247,0.36111111111111077
0.28615702479338834,0.21044921875,0.307373046875,0.05,0.0,0.0,0.4000000000000001,0.046296296296296294,0.046296296296296294,0.36111111111111077,0.4250000000000001,0.5250000000000001,0.0,0.6750000000000003,0.5092592592592587,0.46296296296296247,0.37037037037037
0.28719008264462803,0.211181640625,0.308349609375,0.05,0.0,0.0,0.4000000000000001,0.046296296296296294,0.046296296296296294,0.37037037037037,0.4250000000000001,0.5250000000000001,0.0,0.6750000000000003,0.5092592592592587,0.46296296296296247,0.37037037037037
0.28822314049586767,0.2120361328125,0.3095703125,0.05,0.0,0.0,0.4250000000000001,0.046296296296296294,0.046296296296296294,0.37037037037037,0.4250000000000001,0.5250000000000001,0.0,0.6750000000000003,0.5092592592592587,0.46296296296296247,0.37037037037037
0.2892561983471073,0.212890625,0.310302734375,0.05,0.0,0.0,0.4250000000000001,0.046296296296296294,0.05555555555555555,0.37037037037037,0.4250000000000001,0.5250000000000001,0.0,0.6750000000000003,0.5092592592592587,0.46296296296296247,0.37037037037037
0.290289256198347,0.2137451171875,0.311279296875,0.05,0.0,0.0,0.4250000000000001,0.046296296296296294,0.05555555555555555,0.37037037037037,0.4250000000000001,0.5250000000000001,0.0,0.7000000000000003,0.5092592592592587,0.46296296296296247,0.37037037037037
0.29132231404958664,0.214599609375,0.3125,0.05,0.0,0.0,0.4250000000000001,0.046296296296296294,0.05555555555555555,0.37037037037037,0.4250000000000001,0.5250000000000001,0.0,0.7000000000000003,0.5092592592592587,0.46296296296296247,0.37962962962962926
0.29235537190082633,0.21533203125,0.313232421875,0.05,0.0,0.0,0.4250000000000001,0.046296296296296294,0.05555555555555555,0.37962962962962926,0.4250000000000001,0.5250000000000001,0.0,0.7000000000000003,0.5092592592592587,0.46296296296296247,0.37962962962962926
0.2933884297520659,0.2161865234375,0.314697265625,0.05,0.0,0.0,0.4250000000000001,0.046296296296296294,0.05555555555555555,0.37962962962962926,0.4500000000000001,0.5250000000000001,0.0,0.7000000000000003,0.5092592592592587,0.46296296296296247,0.37962962962962926
0.2944214876033056,0.217041015625,0.315185546875,0.05,0.0,0.0,0.4250000000000001,0.046296296296296294,0.05555555555555555,0.37962962962962926,0.4500000000000001,0.5250000000000001,0.0,0.7000000000000003,0.518518518518518,0.46296296296296247,0.37962962962962926
0.2954545454545453,0.2178955078125,0.316162109375,0.05,0.0,0.0,0.4250000000000001,0.046296296296296294,0.05555555555555555,0.37962962962962926,0.4500000000000001,0.5250000000000001,0.0,0.7000000000000003,0.518518518518518,0.4722222222222217,0.37962962962962926
0.296487603305785,0.21875,0.3173828125,0.05,0.0,0.0,0.4250000000000001,0.046296296296296294,0.05555555555555555,0.37962962962962926,0.4500000000000001,0.5250000000000001,0.0,0.7000000000000003,0.518518518518518,0.48148148148148096,0.37962962962962926
0.2975206611570247,0.2196044921875,0.318115234375,0.05,0.0,0.0,0.4250000000000001,0.046296296296296294,0.05555555555555555,0.37962962962962926,0.47500000000000014,0.5250000000000001,0.0,0.7000000000000003,0.518518518518518,0.48148148148148096,0.37962962962962926
0.29855371900826433,0.2205810546875,0.319091796875,0.05,0.0,0.0,0.4500000000000001,0.046296296296296294,0.05555555555555555,0.37962962962962926,0.47500000000000014,0.5250000000000001,0.0,0.7000000000000003,0.518518518518518,0.48148148148148096,0.37962962962962926
0.299586776859504,0.221435546875,0.320068359375,0.05,0.0,0.0,0.4500000000000001,0.046296296296296294,0.05555555555555555,0.37962962962962926,0.47500000000000014,0.5250000000000001,0.0,0.7000000000000003,0.5277777777777773,0.48148148148148096,0.37962962962962926
0.3006198347107437,0.2222900390625,0.3212890625,0.05,0.0,0.0,0.4500000000000001,0.046296296296296294,0.05555555555555555,0.37962962962962926,0.47500000000000014,0.5250000000000001,0.0,0.7000000000000003,0.5370370370370366,0.48148148148148096,0.37962962962962926
0.3016528925619834,0.22314453125,0.322021484375,0.05,0.0,0.0,0.4500000000000001,0.046296296296296294,0.05555555555555555,0.37962962962962926,0.47500000000000014,0.5250000000000001,0.0,0.7000000000000003,0.546296296296296,0.48148148148148096,0.37962962962962926
0.3026859504132231,0.2239990234375,0.3232421875,0.05,0.0,0.0,0.4500000000000001,0.046296296296296294,0.05555555555555555,0.37962962962962926,0.47500000000000014,0.5250000000000001,0.0,0.7000000000000003,0.546296296296296,0.4907407407407402,0.37962962962962926
0.3037190082644627,0.2249755859375,0.323974609375,0.05,0.0,0.0,0.4500000000000001,0.046296296296296294,0.06481481481481481,0.37962962962962926,0.47500000000000014,0.5250000000000001,0.0,0.7000000000000003,0.546296296296296,0.4907407407407402,0.37962962962962926
0.3047520661157024,0.225830078125,0.324951171875,0.05,0.0,0.0,0.4500000000000001,0.046296296296296294,0.06481481481481481,0.37962962962962926,0.47500000000000014,0.5250000000000001,0.0,0.7000000000000003,0.546296296296296,0.49999999999999944,0.37962962962962926
0.3057851239669421,0.226806640625,0.326171875,0.05,0.0,0.0,0.4500000000000001,0.05555555555555555,0.06481481481481481,0.37962962962962926,0.47500000000000014,0.5250000000000001,0.0,0.7000000000000003,0.546296296296296,0.49999999999999944,0.37962962962962926
0.3068181818181817,0.2276611328125,0.3271484375,0.05,0.0,0.0,0.4500000000000001,0.05555555555555555,0.06481481481481481,0.37962962962962926,0.47500000000000014,0.5250000000000001,0.0,0.7000000000000003,0.546296296296296,0.49999999999999944,0.3888888888888885
0.3078512396694214,0.2283935546875,0.328125,0.05,0.0,0.0,0.4500000000000001,0.05555555555555555,0.06481481481481481,0.3888888888888885,0.47500000000000014,0.5250000000000001,0.0,0.7000000000000003,0.546296296296296,0.49999999999999944,0.3888888888888885
0.30888429752066104,0.229248046875,0.3291015625,0.05,0.0,0.0,0.4500000000000001,0.05555555555555555,0.06481481481481481,0.3888888888888885,0.47500000000000014,0.5250000000000001,0.0,0.7000000000000003,0.546296296296296,0.5092592592592587,0.3888888888888885
0.30991735537190074,0.2301025390625,0.330078125,0.05,0.0,0.0,0.4500000000000001,0.05555555555555555,0.06481481481481481,0.3888888888888885,0.47500000000000014,0.5250000000000001,0.0,0.7000000000000003,0.546296296296296,0.5092592592592587,0.39814814814814775
0.31095041322314043,0.2308349609375,0.330810546875,0.05,0.0,0.0,0.4500000000000001,0.05555555555555555,0.06481481481481481,0.39814814814814775,0.47500000000000014,0.5250000000000001,0.0,0.7000000000000003,0.546296296296296,0.5092592592592587,0.39814814814814775
0.3119834710743801,0.231689453125,0.33203125,0.05,0.0,0.0,0.4500000000000001,0.05555555555555555,0.06481481481481481,0.39814814814814775,0.5000000000000001,0.5250000000000001,0.0,0.7000000000000003,0.546296296296296,0.5092592592592587,0.39814814814814775
0.3130165289256197,0.232666015625,0.3330078125,0.05,0.0,0.0,0.47500000000000014,0.05555555555555555,0.06481481481481481,0.39814814814814775,0.5000000000000001,0.5250000000000001,0.0,0.7000000000000003,0.546296296296296,0.5092592592592587,0.39814814814814775
0.3140495867768594,0.2335205078125,0.333984375,0.05,0.0,0.0,0.47500000000000014,0.05555555555555555,0.06481481481481481,0.39814814814814775,0.5000000000000001,0.5250000000000001,0.0,0.7000000000000003,0.546296296296296,0.518518518518518,0.39814814814814775
0.31508264462809904,0.234375,0.3349609375,0.05,0.0,0.0,0.47500000000000014,0.05555555555555555,0.06481481481481481,0.39814814814814775,0.5000000000000001,0.5250000000000001,0.0,0.7000000000000003,0.546296296296296,0.518518518518518,0.407407407407407
0.31611570247933873,0.235107421875,0.335693359375,0.05,0.0,0.0,0.47500000000000014,0.05555555555555555,0.06481481481481481,0.407407407407407,0.5000000000000001,0.5250000000000001,0.0,0.7000000000000003,0.546296296296296,0.518518518518518,0.407407407407407
0.3171487603305784,0.2359619140625,0.3369140625,0.05,0.0,0.0,0.47500000000000014,0.05555555555555555,0.06481481481481481,0.407407407407407,0.5000000000000001,0.5500000000000002,0.0,0.7000000000000003,0.546296296296296,0.518518518518518,0.407407407407407
0.3181818181818181,0.23681640625,0.337890625,0.05,0.0,0.0,0.47500000000000014,0.05555555555555555,0.06481481481481481,0.407407407407407,0.5000000000000001,0.5500000000000002,0.0,0.7000000000000003,0.546296296296296,0.5277777777777773,0.407407407407407
0.31921487603305776,0.2376708984375,0.338623046875,0.05,0.0,0.0,0.47500000000000014,0.05555555555555555,0.06481481481481481,0.407407407407407,0.5000000000000001,0.5500000000000002,0.0,0.7000000000000003,0.546296296296296,0.5370370370370366,0.407407407407407
0.32024793388429745,0.238525390625,0.33984375,0.05,0.0,0.0,0.47500000000000014,0.05555555555555555,0.06481481481481481,0.407407407407407,0.5000000000000001,0.5500000000000002,0.0,0.7000000000000003,0.546296296296296,0.546296296296296,0.407407407407407
0.32128099173553715,0.239501953125,0.340576171875,0.05,0.0,0.0,0.47500000000000014,0.05555555555555555,0.06481481481481481,0.407407407407407,0.5000000000000001,0.5750000000000002,0.0,0.7000000000000003,0.546296296296296,0.546296296296296,0.407407407407407
0.32231404958677684,0.240478515625,0.341796875,0.05,0.0,0.0,0.47500000000000014,0.05555555555555555,0.06481481481481481,0.407407407407407,0.5000000000000001,0.5750000000000002,0.0,0.7250000000000003,0.546296296296296,0.546296296296296,0.407407407407407
0.32334710743801653,0.2413330078125,0.342529296875,0.05,0.0,0.0,0.47500000000000014,0.05555555555555555,0.06481481481481481,0.407407407407407,0.5000000000000001,0.5750000000000002,0.0,0.7250000000000003,0.546296296296296,0.546296296296296,0.41666666666666624
0.3243801652892561,0.2420654296875,0.34375,0.05,0.0,0.0,0.47500000000000014,0.05555555555555555,0.06481481481481481,0.41666666666666624,0.5000000000000001,0.5750000000000002,0.0,0.7250000000000003,0.546296296296296,0.546296296296296,0.41666666666666624
0.3254132231404958,0.2430419921875,0.344482421875,0.05,0.0,0.0,0.47500000000000014,0.06481481481481481,0.06481481481481481,0.41666666666666624,0.5000000000000001,0.5750000000000002,0.0,0.7250000000000003,0.546296296296296,0.546296296296296,0.41666666666666624
0.3264462809917355,0.2440185546875,0.345458984375,0.05,0.0,0.0,0.47500000000000014,0.06481481481481481,0.07407407407407407,0.41666666666666624,0.5000000000000001,0.5750000000000002,0.0,0.7250000000000003,0.546296296296296,0.546296296296296,0.41666666666666624
0.3274793388429751,0.2449951171875,0.3466796875,0.05,0.0,0.0,0.47500000000000014,0.06481481481481481,0.07407407407407407,0.41666666666666624,0.5000000000000001,0.5750000000000002,0.0,0.7250000000000003,0.5555555555555552,0.546296296296296,0.41666666666666624
0.3285123966942148,0.2459716796875,0.347412109375,0.05,0.0,0.0,0.47500000000000014,0.07407407407407407,0.07407407407407407,0.41666666666666624,0.5000000000000001,0.5750000000000002,0.0,0.7250000000000003,0.5555555555555552,0.546296296296296,0.41666666666666624
0.3295454545454545,0.2469482421875,0.348388671875,0.05,0.0,0.0,0.47500000000000014,0.07407407407407407,0.07407407407407407,0.41666666666666624,0.5000000000000001,0.5750000000000002,0.0,0.7250000000000003,0.5648148148148145,0.546296296296296,0.41666666666666624
0.33057851239669417,0.247802734375,0.349609375,0.05,0.0,0.0,0.47500000000000014,0.07407407407407407,0.07407407407407407,0.41666666666666624,0.5000000000000001,0.5750000000000002,0.0,0.7250000000000003,0.5740740740740738,0.546296296296296,0.41666666666666624
0.3316115702479338,0.248779296875,0.350341796875,0.05,0.0,0.0,0.5000000000000001,0.07407407407407407,0.07407407407407407,0.41666666666666624,0.5000000000000001,0.5750000000000002,0.0,0.7250000000000003,0.5740740740740738,0.546296296296296,0.41666666666666624
0.3326446280991735,0.249755859375,0.35107421875,0.05,0.0,0.0,0.5000000000000001,0.07407407407407407,0.07407407407407407,0.41666666666666624,0.5000000000000001,0.5750000000000002,0.0,0.7250000000000003,0.5740740740740738,0.5555555555555552,0.41666666666666624
0.3336776859504132,0.250732421875,0.352294921875,0.07500000000000001,0.0,0.0,0.5000000000000001,0.07407407407407407,0.07407407407407407,0.41666666666666624,0.5000000000000001,0.5750000000000002,0.0,0.7250000000000003,0.5740740740740738,0.5555555555555552,0.41666666666666624
0.3347107438016529,0.251708984375,0.353515625,0.07500000000000001,0.0,0.0,0.5000000000000001,0.07407407407407407,0.07407407407407407,0.41666666666666624,0.5000000000000001,0.5750000000000002,0.0,0.7250000000000003,0.5740740740740738,0.5648148148148145,0.41666666666666624
0.3357438016528925,0.252685546875,0.354248046875,0.07500000000000001,0.0,0.0,0.5000000000000001,0.08333333333333333,0.07407407407407407,0.41666666666666624,0.5000000000000001,0.5750000000000002,0.0,0.7250000000000003,0.5740740740740738,0.5648148148148145,0.41666666666666624
0.3367768595041322,0.253662109375,0.35546875,0.07500000000000001,0.0,0.0,0.5000000000000001,0.08333333333333333,0.07407407407407407,0.41666666666666624,0.5000000000000001,0.5750000000000002,0.0,0.7250000000000003,0.5740740740740738,0.5740740740740738,0.41666666666666624
0.33780991735537186,0.254638671875,0.3564453125,0.07500000000000001,0.0,0.0,0.5250000000000001,0.08333333333333333,0.07407407407407407,0.41666666666666624,0.5000000000000001,0.5750000000000002,0.0,0.7250000000000003,0.5740740740740738,0.5740740740740738,0.41666666666666624
0.33884297520661155,0.255615234375,0.357177734375,0.07500000000000001,0.0,0.0,0.5250000000000001,0.08333333333333333,0.07407407407407407,0.41666666666666624,0.5000000000000001,0.6000000000000002,0.0,0.7250000000000003,0.5740740740740738,0.5740740740740738,0.41666666666666624
0.3398760330578512,0.256591796875,0.3583984375,0.07500000000000001,0.0,0.0,0.5250000000000001,0.08333333333333333,0.07407407407407407,0.41666666666666624,0.5000000000000001,0.6000000000000002,0.0,0.7250000000000003,0.5740740740740738,0.5833333333333331,0.41666666666666624
0.34090909090909083,0.257568359375,0.359375,0.07500000000000001,0.0,0.0,0.5250000000000001,0.08333333333333333,0.07407407407407407,0.41666666666666624,0.5000000000000001,0.6000000000000002,0.0,0.7250000000000003,0.5833333333333331,0.5833333333333331,0.41666666666666624
0.3419421487603305,0.258544921875,0.360107421875,0.07500000000000001,0.0,0.0,0.5250000000000001,0.08333333333333333,0.07407407407407407,0.41666666666666624,0.5000000000000001,0.6000000000000002,0.0,0.7250000000000003,0.5925925925925924,0.5833333333333331,0.41666666666666624
0.3429752066115702,0.259521484375,0.36083984375,0.07500000000000001,0.0,0.0,0.5250000000000001,0.08333333333333333,0.08333333333333333,0.41666666666666624,0.5000000000000001,0.6000000000000002,0.0,0.7250000000000003,0.5925925925925924,0.5833333333333331,0.41666666666666624
0.34400826446280985,0.260498046875,0.362060546875,0.07500000000000001,0.0,0.0,0.5250000000000001,0.08333333333333333,0.08333333333333333,0.41666666666666624,0.5000000000000001,0.6000000000000002,0.0,0.7250000000000003,0.6018518518518517,0.5833333333333331,0.41666666666666624
0.3450413223140495,0.261474609375,0.36279296875,0.07500000000000001,0.0,0.0,0.5250000000000001,0.08333333333333333,0.08333333333333333,0.41666666666666624,0.5000000000000001,0.6000000000000002,0.0,0.7250000000000003,0.611111111111111,0.5833333333333331,0.41666666666666624
0.3460743801652892,0.262451171875,0.36376953125,0.07500000000000001,0.0,0.0,0.5250000000000001,0.08333333333333333,0.08333333333333333,0.41666666666666624,0.5250000000000001,0.6000000000000002,0.0,0.7250000000000003,0.611111111111111,0.5833333333333331,0.41666666666666624
0.3471074380165289,0.263427734375,0.364990234375,0.07500000000000001,0.0,0.0,0.5250000000000001,0.08333333333333333,0.08333333333333333,0.41666666666666624,0.5250000000000001,0.6250000000000002,0.0,0.7250000000000003,0.611111111111111,0.5833333333333331,0.41666666666666624
0.3481404958677685,0.264404296875,0.36572265625,0.07500000000000001,0.0,0.0,0.5250000000000001,0.08333333333333333,0.08333333333333333,0.41666666666666624,0.5250000000000001,0.6250000000000002,0.0,0.7250000000000003,0.6203703703703703,0.5833333333333331,0.41666666666666624
0.3491735537190082,0.265380859375,0.36669921875,0.07500000000000001,0.0,0.0,0.5250000000000001,0.08333333333333333,0.08333333333333333,0.41666666666666624,0.5250000000000001,0.6250000000000002,0.0,0.7250000000000003,0.6203703703703703,0.5925925925925924,0.41666666666666624
0.3502066115702479,0.266357421875,0.367919921875,0.07500000000000001,0.0,0.0,0.5250000000000001,0.08333333333333333,0.08333333333333333,0.41666666666666624,0.5250000000000001,0.6250000000000002,0.0,0.7250000000000003,0.6296296296296297,0.5925925925925924,0.41666666666666624
0.3512396694214876,0.267333984375,0.36865234375,0.07500000000000001,0.0,0.0,0.5250000000000001,0.08333333333333333,0.08333333333333333,0.41666666666666624,0.5250000000000001,0.6250000000000002,0.0,0.7250000000000003,0.6296296296296297,0.6018518518518517,0.41666666666666624
0.3522727272727273,0.268310546875,0.36962890625,0.07500000000000001,0.0,0.0,0.5250000000000001,0.08333333333333333,0.08333333333333333,0.41666666666666624,0.5250000000000001,0.6250000000000002,0.0,0.7250000000000003,0.6296296296296297,0.611111111111111,0.41666666666666624
0.353305785123967,0.26904296875,0.370849609375,0.07500000000000001,0.0,0.0,0.5250000000000001,0.08333333333333333,0.08333333333333333,0.41666666666666624,0.5250000000000001,0.6250000000000002,0.0,0.7250000000000003,0.6296296296296297,0.611111111111111,0.4259259259259255
0.35433884297520657,0.269775390625,0.37158203125,0.07500000000000001,0.0,0.0,0.5250000000000001,0.08333333333333333,0.08333333333333333,0.4259259259259255,0.5250000000000001,0.6250000000000002,0.0,0.7250000000000003,0.6296296296296297,0.611111111111111,0.4259259259259255
0.35537190082644626,0.270751953125,0.37255859375,0.07500000000000001,0.0,0.0,0.5250000000000001,0.08333333333333333,0.08333333333333333,0.4259259259259255,0.5250000000000001,0.6250000000000002,0.0,0.7250000000000003,0.6296296296296297,0.6203703703703703,0.4259259259259255
0.35640495867768596,0.271728515625,0.373779296875,0.07500000000000001,0.0,0.0,0.5250000000000001,0.08333333333333333,0.08333333333333333,0.4259259259259255,0.5250000000000001,0.6250000000000002,0.0,0.7250000000000003,0.6296296296296297,0.6203703703703703,0.43518518518518473
0.35743801652892565,0.2724609375,0.37451171875,0.07500000000000001,0.0,0.0,0.5250000000000001,0.08333333333333333,0.08333333333333333,0.43518518518518473,0.5250000000000001,0.6250000000000002,0.0,0.7250000000000003,0.6296296296296297,0.6203703703703703,0.43518518518518473
0.3584710743801653,0.273193359375,0.375732421875,0.07500000000000001,0.0,0.0,0.5250000000000001,0.08333333333333333,0.08333333333333333,0.43518518518518473,0.5250000000000001,0.6250000000000002,0.0,0.7250000000000003,0.6296296296296297,0.6203703703703703,0.444444444444444
0.359504132231405,0.27392578125,0.37646484375,0.07500000000000001,0.0,0.0,0.5250000000000001,0.08333333333333333,0.08333333333333333,0.444444444444444,0.5250000000000001,0.6250000000000002,0.0,0.7250000000000003,0.6296296296296297,0.6203703703703703,0.444444444444444
0.3605371900826446,0.27490234375,0.377685546875,0.07500000000000001,0.0,0.0,0.5500000000000002,0.08333333333333333,0.08333333333333333,0.444444444444444,0.5250000000000001,0.6250000000000002,0.0,0.7250000000000003,0.6296296296296297,0.6203703703703703,0.444444444444444
0.3615702479338843,0.27587890625,0.378662109375,0.07500000000000001,0.0,0.0,0.5500000000000002,0.08333333333333333,0.08333333333333333,0.444444444444444,0.5250000000000001,0.6250000000000002,0.0,0.7500000000000003,0.6296296296296297,0.6203703703703703,0.444444444444444
0.36260330578512395,0.27685546875,0.37939453125,0.07500000000000001,0.0,0.0,0.5500000000000002,0.08333333333333333,0.08333333333333333,0.444444444444444,0.5250000000000001,0.6250000000000002,0.0,0.7500000000000003,0.6296296296296297,0.6296296296296297,0.444444444444444
0.3636363636363636,0.27783203125,0.380615234375,0.07500000000000001,0.0,0.0,0.5500000000000002,0.08333333333333333,0.08333333333333333,0.444444444444444,0.5250000000000001,0.6250000000000002,0.0,0.7500000000000003,0.6296296296296297,0.6296296296296297,0.4537037037037032
0.36466942148760334,0.278564453125,0.381591796875,0.07500000000000001,0.0,0.0,0.5500000000000002,0.08333333333333333,0.08333333333333333,0.4537037037037032,0.5250000000000001,0.6250000000000002,0.0,0.7500000000000003,0.6296296296296297,0.6296296296296297,0.4537037037037032
0.365702479338843,0.279541015625,0.38232421875,0.1,0.0,0.0,0.5500000000000002,0.08333333333333333,0.08333333333333333,0.4537037037037032,0.5250000000000001,0.6250000000000002,0.0,0.7500000000000003,0.6296296296296297,0.6296296296296297,0.4537037037037032
0.3667355371900826,0.280517578125,0.3837890625,0.1,0.0,0.0,0.5500000000000002,0.08333333333333333,0.08333333333333333,0.4537037037037032,0.5250000000000001,0.6250000000000002,0.025,0.7500000000000003,0.6296296296296297,0.6296296296296297,0.4537037037037032
0.3677685950413223,0.281005859375,0.384521484375,0.1,0.0,0.0,0.5500000000000002,0.08333333333333333,0.08333333333333333,0.4537037037037032,0.5250000000000001,0.6250000000000002,0.05,0.7500000000000003,0.6296296296296297,0.6296296296296297,0.4537037037037032
0.36880165289256195,0.281494140625,0.385009765625,0.1,0.0,0.0,0.5500000000000002,0.08333333333333333,0.08333333333333333,0.4537037037037032,0.5250000000000001,0.6250000000000002,0.07500000000000001,0.7500000000000003,0.6296296296296297,0.6296296296296297,0.4537037037037032
0.3698347107438017,0.281982421875,0.385986328125,0.1,0.0,0.0,0.5500000000000002,0.08333333333333333,0.08333333333333333,0.4537037037037032,0.5250000000000001,0.6250000000000002,0.1,0.7500000000000003,0.6296296296296297,0.6296296296296297,0.4537037037037032
0.3708677685950413,0.282470703125,0.387451171875,0.1,0.0,0.0,0.5500000000000002,0.08333333333333333,0.08333333333333333,0.4537037037037032,0.5250000000000001,0.6250000000000002,0.125,0.7500000000000003,0.6296296296296297,0.6296296296296297,0.4537037037037032
0.371900826446281,0.282958984375,0.38818359375,0.1,0.0,0.0,0.5500000000000002,0.08333333333333333,0.08333333333333333,0.4537037037037032,0.5250000000000001,0.6250000000000002,0.15,0.7500000000000003,0.6296296296296297,0.6296296296296297,0.4537037037037032
0.37293388429752067,0.283447265625,0.38916015625,0.1,0.0,0.0,0.5500000000000002,0.08333333333333333,0.08333333333333333,0.4537037037037032,0.5250000000000001,0.6250000000000002,0.175,0.7500000000000003,0.6296296296296297,0.6296296296296297,0.4537037037037032
0.3739669421487603,0.2841796875,0.390380859375,0.1,0.0,0.0,0.5500000000000002,0.08333333333333333,0.08333333333333333,0.4537037037037032,0.5250000000000001,0.6250000000000002,0.19999999999999998,0.7500000000000003,0.6296296296296297,0.6296296296296297,0.4537037037037032
0.37500000000000006,0.284912109375,0.39111328125,0.1,0.0,0.0,0.5500000000000002,0.08333333333333333,0.08333333333333333,0.4537037037037032,0.5250000000000001,0.6250000000000002,0.22499999999999998,0.7500000000000003,0.6296296296296297,0.6296296296296297,0.4537037037037032
0.37603305785123964,0.28564453125,0.39208984375,0.1,0.0,0.0,0.5500000000000002,0.08333333333333333,0.08333333333333333,0.4537037037037032,0.5250000000000001,0.6250000000000002,0.24999999999999997,0.7500000000000003,0.6296296296296297,0.6296296296296297,0.4537037037037032
0.37706611570247933,0.28662109375,0.393310546875,0.1,0.0,0.0,0.5500000000000002,0.08333333333333333,0.08333333333333333,0.4537037037037032,0.5250000000000001,0.6250000000000002,0.27499999999999997,0.7500000000000003,0.6296296296296297,0.6296296296296297,0.4537037037037032
0.378099173553719,0.287353515625,0.39404296875,0.1,0.0,0.0,0.5500000000000002,0.08333333333333333,0.08333333333333333,0.4537037037037032,0.5250000000000001,0.6250000000000002,0.27499999999999997,0.7500000000000003,0.6296296296296297,0.6296296296296297,0.46296296296296247
0.3791322314049587,0.2880859375,0.39501953125,0.1,0.0,0.0,0.5500000000000002,0.08333333333333333,0.08333333333333333,0.46296296296296247,0.5250000000000001,0.6250000000000002,0.27499999999999997,0.7500000000000003,0.6296296296296297,0.6296296296296297,0.46296296296296247
0.38016528925619836,0.2890625,0.395751953125,0.1,0.0,0.0,0.5500000000000002,0.09259259259259259,0.08333333333333333,0.46296296296296247,0.5250000000000001,0.6250000000000002,0.27499999999999997,0.7500000000000003,0.6296296296296297,0.6296296296296297,0.46296296296296247
0.381198347107438,0.2900390625,0.396728515625,0.1,0.0,0.0,0.5500000000000002,0.09259259259259259,0.09259259259259259,0.46296296296296247,0.5250000000000001,0.6250000000000002,0.27499999999999997,0.7500000000000003,0.6296296296296297,0.6296296296296297,0.46296296296296247
0.3822314049586777,0.291015625,0.397705078125,0.1,0.0,0.0,0.5500000000000002,0.09259259259259259,0.09259259259259259,0.46296296296296247,0.5250000000000001,0.6250000000000002,0.27499999999999997,0.7500000000000003,0.6296296296296297,0.6296296296296297,0.4722222222222217
0.3832644628099174,0.291748046875,0.398681640625,0.1,0.0,0.0,0.5500000000000002,0.09259259259259259,0.09259259259259259,0.4722222222222217,0.5250000000000001,0.6250000000000002,0.27499999999999997,0.7500000000000003,0.6296296296296297,0.6296296296296297,0.4722222222222217
0.384297520661157,0.292724609375,0.39990234375,0.1,0.0,0.0,0.5500000000000002,0.09259259259259259,0.09259259259259259,0.4722222222222217,0.5500000000000002,0.6250000000000002,0.27499999999999997,0.7500000000000003,0.6296296296296297,0.6296296296296297,0.4722222222222217
0.3853305785123967,0.293701171875,0.401123046875,0.1,0.025,0.0,0.5500000000000002,0.09259259259259259,0.09259259259259259,0.4722222222222217,0.5500000000000002,0.6250000000000002,0.27499999999999997,0.7500000000000003,0.6296296296296297,0.6296296296296297,0.4722222222222217
0.38636363636363635,0.29443359375,0.40185546875,0.1,0.05,0.0,0.5500000000000002,0.09259259259259259,0.09259259259259259,0.4722222222222217,0.5500000000000002,0.6250000000000002,0.27499999999999997,0.7500000000000003,0.6296296296296297,0.6296296296296297,0.4722222222222217
0.3873966942148761,0.295166015625,0.403076171875,0.1,0.07500000000000001,0.0,0.5500000000000002,0.09259259259259259,0.09259259259259259,0.4722222222222217,0.5500000000000002,0.6250000000000002,0.27499999999999997,0.7500000000000003,0.6296296296296297,0.6296296296296297,0.4722222222222217
0.3884297520661157,0.2958984375,0.404052734375,0.1,0.1,0.0,0.5500000000000002,0.09259259259259259,0.09259259259259259,0.4722222222222217,0.5500000000000002,0.6250000000000002,0.27499999999999997,0.7500000000000003,0.6296296296296297,0.6296296296296297,0.4722222222222217
0.3894628099173554,0.296630859375,0.40478515625,0.1,0.1,0.0,0.5500000000000002,0.09259259259259259,0.09259259259259259,0.4722222222222217,0.5500000000000002,0.6250000000000002,0.27499999999999997,0.7750000000000004,0.6296296296296297,0.6296296296296297,0.4722222222222217
0.3904958677685951,0.297607421875,0.40576171875,0.1,0.1,0.0,0.5750000000000002,0.09259259259259259,0.09259259259259259,0.4722222222222217,0.5500000000000002,0.6250000000000002,0.27499999999999997,0.7750000000000004,0.6296296296296297,0.6296296296296297,0.4722222222222217
0.39152892561983477,0.29833984375,0.406982421875,0.1,0.1,0.0,0.5750000000000002,0.09259259259259259,0.09259259259259259,0.4722222222222217,0.5500000000000002,0.6250000000000002,0.27499999999999997,0.7750000000000004,0.6296296296296297,0.6296296296296297,0.48148148148148096
0.39256198347107435,0.299072265625,0.40771484375,0.1,0.1,0.0,0.5750000000000002,0.09259259259259259,0.09259259259259259,0.48148148148148096,0.5500000000000002,0.6250000000000002,0.27499999999999997,0.7750000000000004,0.6296296296296297,0.6296296296296297,0.48148148148148096
0.39359504132231415,0.300048828125,0.40869140625,0.1,0.1,0.0,0.5750000000000002,0.10185185185185185,0.09259259259259259,0.48148148148148096,0.5500000000000002,0.6250000000000002,0.27499999999999997,0.7750000000000004,0.6296296296296297,0.6296296296296297,0.48148148148148096
0.39462809917355374,0.301025390625,0.409912109375,0.1,0.1,0.0,0.5750000000000002,0.10185185185185185,0.10185185185185185,0.48148148148148096,0.5500000000000002,0.6250000000000002,0.27499999999999997,0.7750000000000004,0.6296296296296297,0.6296296296296297,0.48148148148148096
0.39566115702479343,0.302001953125,0.410888671875,0.1,0.1,0.0,0.5750000000000002,0.10185185185185185,0.10185185185185185,0.48148148148148096,0.5750000000000002,0.6250000000000002,0.27499999999999997,0.7750000000000004,0.6296296296296297,0.6296296296296297,0.48148148148148096
0.3966942148760331,0.302978515625,0.411865234375,0.1,0.1,0.0,0.5750000000000002,0.10185185185185185,0.10185185185185185,0.48148148148148096,0.5750000000000002,0.6250000000000002,0.27499999999999997,0.8000000000000004,0.6296296296296297,0.6296296296296297,0.48148148148148096
0.3977272727272727,0.303955078125,0.412841796875,0.1,0.125,0.0,0.5750000000000002,0.10185185185185185,0.10185185185185185,0.48148148148148096,0.5750000000000002,0.6250000000000002,0.27499999999999997,0.8000000000000004,0.6296296296296297,0.6296296296296297,0.48148148148148096
0.3987603305785124,0.304931640625,0.413818359375,0.1,0.125,0.0,0.5750000000000002,0.10185185185185185,0.10185185185185185,0.48148148148148096,0.5750000000000002,0.6250000000000002,0.27499999999999997,0.8000000000000004,0.6296296296296297,0.6296296296296297,0.4907407407407402
0.39979338842975215,0.3056640625,0.41455078125,0.1,0.125,0.0,0.5750000000000002,0.10185185185185185,0.10185185185185185,0.4907407407407402,0.5750000000000002,0.6250000000000002,0.27499999999999997,0.8000000000000004,0.6296296296296297,0.6296296296296297,0.4907407407407402
0.4008264462809918,0.306640625,0.41552734375,0.1,0.125,0.0,0.5750000000000002,0.1111111111111111,0.10185185185185185,0.4907407407407402,0.5750000000000002,0.6250000000000002,0.27499999999999997,0.8000000000000004,0.6296296296296297,0.6296296296296297,0.4907407407407402
0.40185950413223137,0.3076171875,0.4169921875,0.1,0.125,0.0,0.5750000000000002,0.1111111111111111,0.10185185185185185,0.4907407407407402,0.5750000000000002,0.6250000000000002,0.27499999999999997,0.8000000000000004,0.6296296296296297,0.6296296296296297,0.49999999999999944
0.40289256198347106,0.308349609375,0.41796875,0.1,0.125,0.0,0.5750000000000002,0.1111111111111111,0.10185185185185185,0.49999999999999944,0.5750000000000002,0.6250000000000002,0.27499999999999997,0.8000000000000004,0.6296296296296297,0.6296296296296297,0.49999999999999944
0.40392561983471076,0.309326171875,0.418701171875,0.1,0.125,0.0,0.5750000000000002,0.12037037037037036,0.10185185185185185,0.49999999999999944,0.5750000000000002,0.6250000000000002,0.27499999999999997,0.8000000000000004,0.6296296296296297,0.6296296296296297,0.49999999999999944
0.40495867768595034,0.310302734375,0.41943359375,0.1,0.125,0.0,0.5750000000000002,0.12037037037037036,0.1111111111111111,0.49999999999999944,0.5750000000000002,0.6250000000000002,0.27499999999999997,0.8000000000000004,0.6296296296296297,0.6296296296296297,0.49999999999999944
0.40599173553719003,0.311279296875,0.420654296875,0.1,0.125,0.0,0.5750000000000002,0.12037037037037036,0.1111111111111111,0.49999999999999944,0.5750000000000002,0.6250000000000002,0.27499999999999997,0.8000000000000004,0.6296296296296297,0.6296296296296297,0.5092592592592587
0.4070247933884298,0.31201171875,0.421630859375,0.1,0.125,0.0,0.5750000000000002,0.12037037037037036,0.1111111111111111,0.5092592592592587,0.5750000000000002,0.6250000000000002,0.27499999999999997,0.8000000000000004,0.6296296296296297,0.6296296296296297,0.5092592592592587
0.4080578512396694,0.31298828125,0.422607421875,0.1,0.125,0.0,0.5750000000000002,0.12037037037037036,0.12037037037037036,0.5092592592592587,0.5750000000000002,0.6250000000000002,0.27499999999999997,0.8000000000000004,0.6296296296296297,0.6296296296296297,0.5092592592592587
0.4090909090909091,0.31396484375,0.423828125,0.1,0.125,0.0,0.5750000000000002,0.12037037037037036,0.12037037037037036,0.5092592592592587,0.6000000000000002,0.6250000000000002,0.27499999999999997,0.8000000000000004,0.6296296296296297,0.6296296296296297,0.5092592592592587
0.4101239669421488,0.31494140625,0.4248046875,0.1,0.125,0.0,0.5750000000000002,0.12037037037037036,0.12037037037037036,0.5092592592592587,0.6000000000000002,0.6250000000000002,0.27499999999999997,0.8000000000000004,0.6296296296296297,0.6296296296296297,0.518518518518518
0.41115702479338845,0.31591796875,0.425537109375,0.1,0.125,0.0,0.5750000000000002,0.12037037037037036,0.12037037037037036,0.518518518518518,0.6000000000000002,0.6250000000000002,0.27499999999999997,0.8000000000000004,0.6296296296296297,0.6296296296296297,0.518518518518518
0.41219008264462814,0.316650390625,0.4267578125,0.1,0.125,0.0,0.5750000000000002,0.12037037037037036,0.12037037037037036,0.518518518518518,0.6000000000000002,0.6250000000000002,0.27499999999999997,0.8000000000000004,0.6296296296296297,0.6296296296296297,0.5277777777777773
0.41322314049586784,0.317626953125,0.427734375,0.1,0.125,0.0,0.5750000000000002,0.12037037037037036,0.12037037037037036,0.5277777777777773,0.6000000000000002,0.6250000000000002,0.27499999999999997,0.8000000000000004,0.6296296296296297,0.6296296296296297,0.5277777777777773
0.41425619834710753,0.318603515625,0.428466796875,0.125,0.125,0.0,0.5750000000000002,0.12037037037037036,0.12037037037037036,0.5277777777777773,0.6000000000000002,0.6250000000000002,0.27499999999999997,0.8000000000000004,0.6296296296296297,0.6296296296296297,0.5277777777777773
0.4152892561983471,0.319580078125,0.429443359375,0.125,0.125,0.0,0.6000000000000002,0.12037037037037036,0.12037037037037036,0.5277777777777773,0.6000000000000002,0.6250000000000002,0.27499999999999997,0.8000000000000004,0.6296296296296297,0.6296296296296297,0.5277777777777773
0.4163223140495869,0.320556640625,0.4306640625,0.125,0.125,0.0,0.6000000000000002,0.12037037037037036,0.12037037037037036,0.5277777777777773,0.6000000000000002,0.6250000000000002,0.27499999999999997,0.8000000000000004,0.638888888888889,0.6296296296296297,0.5277777777777773
0.4173553719008265,0.321533203125,0.431640625,0.125,0.125,0.0,0.6000000000000002,0.12037037037037036,0.12037037037037036,0.5277777777777773,0.6000000000000002,0.6250000000000002,0.27499999999999997,0.8000000000000004,0.6481481481481483,0.6296296296296297,0.5277777777777773
0.4183884297520662,0.322509765625,0.4326171875,0.125,0.125,0.0,0.6000000000000002,0.12037037037037036,0.12037037037037036,0.5277777777777773,0.6000000000000002,0.6250000000000002,0.27499999999999997,0.8000000000000004,0.6574074074074076,0.6296296296296297,0.5277777777777773
0.4194214876033059,0.323486328125,0.43359375,0.125,0.15,0.0,0.6000000000000002,0.12037037037037036,0.12037037037037036,0.5277777777777773,0.6000000000000002,0.6250000000000002,0.27499999999999997,0.8000000000000004,0.6574074074074076,0.6296296296296297,0.5277777777777773
0.4204545454545456,0.324462890625,0.434814453125,0.125,0.15,0.0,0.6000000000000002,0.12037037037037036,0.12037037037037036,0.5277777777777773,0.6000000000000002,0.6250000000000002,0.27499999999999997,0.8000000000000004,0.6666666666666669,0.6296296296296297,0.5277777777777773
0.4214876033057852,0.325439453125,0.435791015625,0.125,0.15,0.0,0.6000000000000002,0.12037037037037036,0.12037037037037036,0.5277777777777773,0.6000000000000002,0.6250000000000002,0.27499999999999997,0.8000000000000004,0.6666666666666669,0.638888888888889,0.5277777777777773
0.4225206611570249,0.326416015625,0.436279296875,0.125,0.15,0.0,0.6000000000000002,0.12037037037037036,0.12037037037037036,0.5277777777777773,0.6000000000000002,0.6250000000000002,0.27499999999999997,0.8000000000000004,0.6666666666666669,0.6481481481481483,0.5277777777777773
0.42355371900826455,0.327392578125,0.437744140625,0.125,0.15,0.0,0.6000000000000002,0.12037037037037036,0.12037037037037036,0.5277777777777773,0.6000000000000002,0.6250000000000002,0.27499999999999997,0.8250000000000004,0.6666666666666669,0.6481481481481483,0.5277777777777773
0.42458677685950424,0.328369140625,0.4384765625,0.125,0.15,0.0,0.6000000000000002,0.12037037037037036,0.12037037037037036,0.5277777777777773,0.6000000000000002,0.6250000000000002,0.27499999999999997,0.8250000000000004,0.6666666666666669,0.6574074074074076,0.5277777777777773
0.4256198347107439,0.329345703125,0.439453125,0.125,0.15,0.0,0.6000000000000002,0.12962962962962962,0.12037037037037036,0.5277777777777773,0.6000000000000002,0.6250000000000002,0.27499999999999997,0.8250000000000004,0.6666666666666669,0.6574074074074076,0.5277777777777773
0.4266528925619836,0.330322265625,0.44091796875,0.125,0.15,0.0,0.6000000000000002,0.12962962962962962,0.12037037037037036,0.5277777777777773,0.6000000000000002,0.6250000000000002,0.27499999999999997,0.8250000000000004,0.6666666666666669,0.6666666666666669,0.5277777777777773
0.4276859504132232,0.331298828125,0.441650390625,0.125,0.15,0.0,0.6000000000000002,0.12962962962962962,0.12037037037037036,0.5277777777777773,0.6000000000000002,0.6250000000000002,0.27499999999999997,0.8250000000000004,0.6666666666666669,0.6759259259259262,0.5277777777777773
0.4287190082644629,0.332275390625,0.442626953125,0.125,0.15,0.0,0.6000000000000002,0.12962962962962962,0.12037037037037036,0.5277777777777773,0.6000000000000002,0.6250000000000002,0.27499999999999997,0.8250000000000004,0.6666666666666669,0.6759259259259262,0.5370370370370366
0.42975206611570255,0.333251953125,0.443359375,0.125,0.15,0.0,0.6000000000000002,0.12962962962962962,0.12037037037037036,0.5370370370370366,0.6000000000000002,0.6250000000000002,0.27499999999999997,0.8250000000000004,0.6666666666666669,0.6759259259259262,0.5370370370370366
0.43078512396694224,0.334228515625,0.44482421875,0.15,0.15,0.0,0.6000000000000002,0.12962962962962962,0.12037037037037036,0.5370370370370366,0.6000000000000002,0.6250000000000002,0.27499999999999997,0.8250000000000004,0.6666666666666669,0.6759259259259262,0.5370370370370366
0.43181818181818193,0.335205078125,0.44580078125,0.15,0.15,0.0,0.6000000000000002,0.12962962962962962,0.12037037037037036,0.5370370370370366,0.6000000000000002,0.6250000000000002,0.27499999999999997,0.8250000000000004,0.6666666666666669,0.6759259259259262,0.546296296296296
0.43285123966942163,0.336181640625,0.446533203125,0.15,0.15,0.0,0.6000000000000002,0.12962962962962962,0.12037037037037036,0.546296296296296,0.6000000000000002,0.6250000000000002,0.27499999999999997,0.8250000000000004,0.6666666666666669,0.6759259259259262,0.546296296296296
0.4338842975206613,0.337158203125,0.44775390625,0.15,0.175,0.0,0.6000000000000002,0.12962962962962962,0.12037037037037036,0.546296296296296,0.6000000000000002,0.6250000000000002,0.27499999999999997,0.8250000000000004,0.6666666666666669,0.6759259259259262,0.546296296296296
0.434917355371901,0.338134765625,0.44873046875,0.15,0.175,0.0,0.6000000000000002,0.12962962962962962,0.12037037037037036,0.546296296296296,0.6000000000000002,0.6250000000000002,0.27499999999999997,0.8250000000000004,0.6666666666666669,0.6851851851851855,0.546296296296296
0.43595041322314065,0.339111328125,0.449462890625,0.15,0.175,0.0,0.6000000000000002,0.12962962962962962,0.12037037037037036,0.546296296296296,0.6000000000000002,0.6250000000000002,0.27499999999999997,0.8250000000000004,0.6666666666666669,0.6944444444444448,0.546296296296296
0.43698347107438035,0.340087890625,0.450927734375,0.15,0.175,0.0,0.6000000000000002,0.12962962962962962,0.12037037037037036,0.546296296296296,0.6000000000000002,0.6250000000000002,0.27499999999999997,0.8250000000000004,0.6666666666666669,0.6944444444444448,0.5555555555555552
0.43801652892562,0.341064453125,0.451904296875,0.15,0.175,0.0,0.6000000000000002,0.12962962962962962,0.12037037037037036,0.5555555555555552,0.6000000000000002,0.6250000000000002,0.27499999999999997,0.8250000000000004,0.6666666666666669,0.6944444444444448,0.5555555555555552
0.4390495867768597,0.342041015625,0.45263671875,0.15,0.175,0.0,0.6000000000000002,0.1388888888888889,0.12037037037037036,0.5555555555555552,0.6000000000000002,0.6250000000000002,0.27499999999999997,0.8250000000000004,0.6666666666666669,0.6944444444444448,0.5555555555555552
0.4400826446280993,0.343017578125,0.45361328125,0.15,0.175,0.0,0.6000000000000002,0.1388888888888889,0.12962962962962962,0.5555555555555552,0.6000000000000002,0.6250000000000002,0.27499999999999997,0.8250000000000004,0.6666666666666669,0.6944444444444448,0.5555555555555552
0.44111570247933896,0.343994140625,0.455078125,0.15,0.175,0.0,0.6000000000000002,0.1388888888888889,0.12962962962962962,0.5555555555555552,0.6000000000000002,0.6250000000000002,0.27499999999999997,0.8250000000000004,0.6759259259259262,0.6944444444444448,0.5555555555555552
0.44214876033057854,0.344970703125,0.455810546875,0.15,0.175,0.0,0.6000000000000002,0.1388888888888889,0.12962962962962962,0.5555555555555552,0.6000000000000002,0.6250000000000002,0.27499999999999997,0.8250000000000004,0.6759259259259262,0.6944444444444448,0.5648148148148145
0.44318181818181834,0.345947265625,0.456787109375,0.15,0.175,0.0,0.6000000000000002,0.1388888888888889,0.12962962962962962,0.5648148148148145,0.6000000000000002,0.6250000000000002,0.27499999999999997,0.8250000000000004,0.6759259259259262,0.6944444444444448,0.5648148148148145
0.4442148760330579,0.346923828125,0.458251953125,0.15,0.175,0.0,0.6250000000000002,0.1388888888888889,0.12962962962962962,0.5648148148148145,0.6000000000000002,0.6250000000000002,0.27499999999999997,0.8250000000000004,0.6759259259259262,0.6944444444444448,0.5648148148148145
0.44524793388429756,0.347900390625,0.458984375,0.15,0.175,0.0,0.6250000000000002,0.1388888888888889,0.12962962962962962,0.5648148148148145,0.6000000000000002,0.6250000000000002,0.3,0.8250000000000004,0.6759259259259262,0.6944444444444448,0.5648148148148145
0.4462809917355373,0.348876953125,0.4599609375,0.15,0.175,0.0,0.6250000000000002,0.1388888888888889,0.12962962962962962,0.5648148148148145,0.6000000000000002,0.6250000000000002,0.325,0.8250000000000004,0.6759259259259262,0.6944444444444448,0.5648148148148145
0.4473140495867769,0.349609375,0.4609375,0.15,0.175,0.0,0.6250000000000002,0.1388888888888889,0.12962962962962962,0.5648148148148145,0.6000000000000002,0.6250000000000002,0.35000000000000003,0.8250000000000004,0.6759259259259262,0.6944444444444448,0.5648148148148145
0.44834710743801665,0.3505859375,0.462158203125,0.15,0.175,0.0,0.6250000000000002,0.1388888888888889,0.12962962962962962,0.5648148148148145,0.6000000000000002,0.6250000000000002,0.37500000000000006,0.8250000000000004,0.6759259259259262,0.6944444444444448,0.5648148148148145
0.4493801652892563,0.3515625,0.462890625,0.15,0.175,0.0,0.6250000000000002,0.14814814814814814,0.12962962962962962,0.5648148148148145,0.6000000000000002,0.6250000000000002,0.37500000000000006,0.8250000000000004,0.6759259259259262,0.6944444444444448,0.5648148148148145
0.45041322314049603,0.3525390625,0.464111328125,0.15,0.175,0.0,0.6250000000000002,0.14814814814814814,0.12962962962962962,0.5648148148148145,0.6000000000000002,0.6250000000000002,0.4000000000000001,0.8250000000000004,0.6759259259259262,0.6944444444444448,0.5648148148148145
0.4514462809917357,0.353515625,0.465087890625,0.15,0.175,0.0,0.6250000000000002,0.14814814814814814,0.12962962962962962,0.5648148148148145,0.6000000000000002,0.6250000000000002,0.4000000000000001,0.8250000000000004,0.6759259259259262,0.6944444444444448,0.5740740740740738
0.4524793388429753,0.3544921875,0.466064453125,0.15,0.175,0.0,0.6250000000000002,0.14814814814814814,0.1388888888888889,0.5648148148148145,0.6000000000000002,0.6250000000000002,0.4000000000000001,0.8250000000000004,0.6759259259259262,0.6944444444444448,0.5740740740740738
0.45351239669421495,0.35546875,0.46728515625,0.15,0.175,0.0,0.6250000000000002,0.14814814814814814,0.1388888888888889,0.5740740740740738,0.6000000000000002,0.6250000000000002,0.4000000000000001,0.8250000000000004,0.6759259259259262,0.6944444444444448,0.5740740740740738
0.4545454545454547,0.3564453125,0.468505859375,0.15,0.175,0.0,0.6250000000000002,0.14814814814814814,0.14814814814814814,0.5740740740740738,0.6000000000000002,0.6250000000000002,0.4000000000000001,0.8250000000000004,0.6759259259259262,0.6944444444444448,0.5740740740740738
0.45557851239669434,0.357421875,0.469482421875,0.15,0.175,0.0,0.6250000000000002,0.14814814814814814,0.14814814814814814,0.5740740740740738,0.6000000000000002,0.6250000000000002,0.4000000000000001,0.8250000000000004,0.6851851851851855,0.6944444444444448,0.5740740740740738
0.456611570247934,0.3583984375,0.47021484375,0.15,0.175,0.0,0.6250000000000002,0.14814814814814814,0.14814814814814814,0.5740740740740738,0.6000000000000002,0.6250000000000002,0.4000000000000001,0.8250000000000004,0.6851851851851855,0.6944444444444448,0.5833333333333331
0.45764462809917367,0.359375,0.470947265625,0.15,0.175,0.0,0.6250000000000002,0.14814814814814814,0.14814814814814814,0.5833333333333331,0.6000000000000002,0.6250000000000002,0.4000000000000001,0.8250000000000004,0.6851851851851855,0.6944444444444448,0.5833333333333331
0.45867768595041336,0.3603515625,0.472412109375,0.15,0.175,0.0,0.6250000000000002,0.15740740740740738,0.14814814814814814,0.5833333333333331,0.6000000000000002,0.6250000000000002,0.4000000000000001,0.8250000000000004,0.6851851851851855,0.6944444444444448,0.5833333333333331
0.45971074380165305,0.361572265625,0.473388671875,0.175,0.175,0.0,0.6250000000000002,0.15740740740740738,0.14814814814814814,0.5833333333333331,0.6000000000000002,0.6250000000000002,0.4000000000000001,0.8250000000000004,0.6851851851851855,0.6944444444444448,0.5833333333333331
0.46074380165289275,0.362548828125,0.474365234375,0.175,0.175,0.0,0.6250000000000002,0.15740740740740738,0.14814814814814814,0.5833333333333331,0.6000000000000002,0.6250000000000002,0.4000000000000001,0.8250000000000004,0.6944444444444448,0.6944444444444448,0.5833333333333331
0.46177685950413244,0.363525390625,0.4755859375,0.175,0.175,0.0,0.6250000000000002,0.15740740740740738,0.14814814814814814,0.5833333333333331,0.6000000000000002,0.6250000000000002,0.4000000000000001,0.8250000000000004,0.6944444444444448,0.6944444444444448,0.5925925925925924
0.462809917355372,0.364501953125,0.4765625,0.175,0.175,0.0,0.6250000000000002,0.15740740740740738,0.14814814814814814,0.5925925925925924,0.6000000000000002,0.6250000000000002,0.4000000000000001,0.8250000000000004,0.6944444444444448,0.6944444444444448,0.5925925925925924
0.4638429752066118,0.365478515625,0.4775390625,0.175,0.175,0.0,0.6250000000000002,0.15740740740740738,0.15740740740740738,0.5925925925925924,0.6000000000000002,0.6250000000000002,0.4000000000000001,0.8250000000000004,0.6944444444444448,0.6944444444444448,0.5925925925925924
0.4648760330578514,0.36669921875,0.478271484375,0.19999999999999998,0.175,0.0,0.6250000000000002,0.15740740740740738,0.15740740740740738,0.5925925925925924,0.6000000000000002,0.6250000000000002,0.4000000000000001,0.8250000000000004,0.6944444444444448,0.6944444444444448,0.5925925925925924
0.4659090909090911,0.367919921875,0.479736328125,0.19999999999999998,0.175,0.0,0.6500000000000002,0.15740740740740738,0.15740740740740738,0.5925925925925924,0.6000000000000002,0.6250000000000002,0.4000000000000001,0.8250000000000004,0.6944444444444448,0.6944444444444448,0.5925925925925924
0.46694214876033074,0.369140625,0.480712890625,0.19999999999999998,0.175,0.0,0.6500000000000002,0.16666666666666663,0.15740740740740738,0.5925925925925924,0.6000000000000002,0.6250000000000002,0.4000000000000001,0.8250000000000004,0.6944444444444448,0.6944444444444448,0.5925925925925924
0.4679752066115704,0.3701171875,0.4814453125,0.19999999999999998,0.175,0.0,0.6500000000000002,0.17592592592592587,0.15740740740740738,0.5925925925925924,0.6000000000000002,0.6250000000000002,0.4000000000000001,0.8250000000000004,0.6944444444444448,0.6944444444444448,0.5925925925925924
0.46900826446281013,0.37109375,0.48291015625,0.19999999999999998,0.175,0.0,0.6500000000000002,0.17592592592592587,0.16666666666666663,0.5925925925925924,0.6000000000000002,0.6250000000000002,0.4000000000000001,0.8250000000000004,0.6944444444444448,0.6944444444444448,0.5925925925925924
0.4700413223140498,0.3720703125,0.48388671875,0.19999999999999998,0.175,0.0,0.6500000000000002,0.17592592592592587,0.16666666666666663,0.5925925925925924,0.6000000000000002,0.6250000000000002,0.4000000000000001,0.8250000000000004,0.6944444444444448,0.6944444444444448,0.6018518518518517
0.4710743801652894,0.373046875,0.48486328125,0.19999999999999998,0.175,0.0,0.6500000000000002,0.17592592592592587,0.16666666666666663,0.6018518518518517,0.6000000000000002,0.6250000000000002,0.4000000000000001,0.8250000000000004,0.6944444444444448,0.6944444444444448,0.6018518518518517
0.47210743801652916,0.3740234375,0.486328125,0.19999999999999998,0.175,0.0,0.6500000000000002,0.17592592592592587,0.16666666666666663,0.6018518518518517,0.6000000000000002,0.6500000000000002,0.4000000000000001,0.8250000000000004,0.6944444444444448,0.6944444444444448,0.6018518518518517
0.4731404958677688,0.375244140625,0.487060546875,0.19999999999999998,0.175,0.0,0.6500000000000002,0.18518518518518512,0.16666666666666663,0.6018518518518517,0.6000000000000002,0.6500000000000002,0.4000000000000001,0.8250000000000004,0.6944444444444448,0.6944444444444448,0.6018518518518517
0.4741735537190085,0.376220703125,0.488037109375,0.19999999999999998,0.175,0.0,0.6500000000000002,0.18518518518518512,0.17592592592592587,0.6018518518518517,0.6000000000000002,0.6500000000000002,0.4000000000000001,0.8250000000000004,0.6944444444444448,0.6944444444444448,0.6018518518518517
0.4752066115702482,0.37744140625,0.4892578125,0.19999999999999998,0.175,0.0,0.6500000000000002,0.19444444444444436,0.17592592592592587,0.6018518518518517,0.6000000000000002,0.6500000000000002,0.4000000000000001,0.8250000000000004,0.6944444444444448,0.6944444444444448,0.6018518518518517
0.47623966942148777,0.378662109375,0.490234375,0.19999999999999998,0.175,0.0,0.6500000000000002,0.2037037037037036,0.17592592592592587,0.6018518518518517,0.6000000000000002,0.6500000000000002,0.4000000000000001,0.8250000000000004,0.6944444444444448,0.6944444444444448,0.6018518518518517
0.4772727272727275,0.3798828125,0.4912109375,0.19999999999999998,0.175,0.0,0.6500000000000002,0.21296296296296285,0.17592592592592587,0.6018518518518517,0.6000000000000002,0.6500000000000002,0.4000000000000001,0.8250000000000004,0.6944444444444448,0.6944444444444448,0.6018518518518517
0.47830578512396715,0.381103515625,0.4921875,0.19999999999999998,0.175,0.0,0.6500000000000002,0.21296296296296285,0.18518518518518512,0.6018518518518517,0.6000000000000002,0.6500000000000002,0.4000000000000001,0.8250000000000004,0.6944444444444448,0.6944444444444448,0.6018518518518517
0.47933884297520674,0.382080078125,0.493408203125,0.19999999999999998,0.175,0.0,0.6500000000000002,0.21296296296296285,0.19444444444444436,0.6018518518518517,0.6000000000000002,0.6500000000000002,0.4000000000000001,0.8250000000000004,0.6944444444444448,0.6944444444444448,0.6018518518518517
0.4803719008264465,0.38330078125,0.494384765625,0.19999999999999998,0.175,0.0,0.6500000000000002,0.21296296296296285,0.2037037037037036,0.6018518518518517,0.6000000000000002,0.6500000000000002,0.4000000000000001,0.8250000000000004,0.6944444444444448,0.6944444444444448,0.6018518518518517
0.4814049586776861,0.38427734375,0.495361328125,0.19999999999999998,0.175,0.0,0.6500000000000002,0.21296296296296285,0.2037037037037036,0.6018518518518517,0.6250000000000002,0.6500000000000002,0.4000000000000001,0.8250000000000004,0.6944444444444448,0.6944444444444448,0.6018518518518517
0.4824380165289258,0.38525390625,0.496826171875,0.19999999999999998,0.175,0.0,0.6500000000000002,0.21296296296296285,0.2037037037037036,0.6018518518518517,0.6250000000000002,0.6500000000000002,0.4000000000000001,0.8250000000000004,0.6944444444444448,0.703703703703704,0.6018518518518517
0.4834710743801655,0.38623046875,0.497802734375,0.19999999999999998,0.175,0.0,0.6500000000000002,0.21296296296296285,0.2037037037037036,0.6018518518518517,0.6250000000000002,0.6500000000000002,0.4000000000000001,0.8250000000000004,0.6944444444444448,0.703703703703704,0.611111111111111
0.4845041322314051,0.38720703125,0.49853515625,0.19999999999999998,0.175,0.0,0.6500000000000002,0.21296296296296285,0.2037037037037036,0.611111111111111,0.6250000000000002,0.6500000000000002,0.4000000000000001,0.8250000000000004,0.6944444444444448,0.703703703703704,0.611111111111111
0.4855371900826448,0.38818359375,0.499755859375,0.19999999999999998,0.175,0.0,0.6500000000000002,0.21296296296296285,0.2037037037037036,0.611111111111111,0.6250000000000002,0.6500000000000002,0.4000000000000001,0.8250000000000004,0.6944444444444448,0.7129629629629634,0.611111111111111
0.48657024793388454,0.389404296875,0.5009765625,0.19999999999999998,0.175,0.0,0.6750000000000003,0.21296296296296285,0.2037037037037036,0.611111111111111,0.6250000000000002,0.6500000000000002,0.4000000000000001,0.8250000000000004,0.6944444444444448,0.7129629629629634,0.611111111111111
0.4876033057851242,0.390625,0.501953125,0.19999999999999998,0.175,0.0,0.6750000000000003,0.2222222222222221,0.2037037037037036,0.611111111111111,0.6250000000000002,0.6500000000000002,0.4000000000000001,0.8250000000000004,0.6944444444444448,0.7129629629629634,0.611111111111111
0.4886363636363638,0.391845703125,0.50341796875,0.19999999999999998,0.175,0.0,0.6750000000000003,0.2222222222222221,0.21296296296296285,0.611111111111111,0.6250000000000002,0.6500000000000002,0.4000000000000001,0.8250000000000004,0.6944444444444448,0.7129629629629634,0.611111111111111
0.4896694214876035,0.392822265625,0.50390625,0.19999999999999998,0.175,0.0,0.6750000000000003,0.2222222222222221,0.21296296296296285,0.611111111111111,0.6250000000000002,0.6750000000000003,0.4000000000000001,0.8250000000000004,0.6944444444444448,0.7129629629629634,0.611111111111111
0.49070247933884314,0.39404296875,0.5048828125,0.19999999999999998,0.175,0.0,0.6750000000000003,0.23148148148148134,0.21296296296296285,0.611111111111111,0.6250000000000002,0.6750000000000003,0.4000000000000001,0.8250000000000004,0.6944444444444448,0.7129629629629634,0.611111111111111
0.49173553719008284,0.395263671875,0.505859375,0.19999999999999998,0.175,0.0,0.6750000000000003,0.23148148148148134,0.2222222222222221,0.611111111111111,0.6250000000000002,0.6750000000000003,0.4000000000000001,0.8250000000000004,0.6944444444444448,0.7129629629629634,0.611111111111111
0.4927685950413225,0.396240234375,0.50732421875,0.19999999999999998,0.175,0.0,0.6750000000000003,0.23148148148148134,0.2222222222222221,0.611111111111111,0.6250000000000002,0.6750000000000003,0.4000000000000001,0.8250000000000004,0.703703703703704,0.7129629629629634,0.611111111111111
0.49380165289256217,0.397216796875,0.50830078125,0.19999999999999998,0.175,0.0,0.6750000000000003,0.23148148148148134,0.2222222222222221,0.611111111111111,0.6250000000000002,0.6750000000000003,0.4000000000000001,0.8250000000000004,0.703703703703704,0.7129629629629634,0.6203703703703703
0.49483471074380186,0.398193359375,0.50927734375,0.19999999999999998,0.175,0.0,0.6750000000000003,0.23148148148148134,0.2222222222222221,0.6203703703703703,0.6250000000000002,0.6750000000000003,0.4000000000000001,0.8250000000000004,0.703703703703704,0.7129629629629634,0.6203703703703703
0.49586776859504156,0.399169921875,0.51025390625,0.19999999999999998,0.175,0.0,0.6750000000000003,0.23148148148148134,0.2222222222222221,0.6203703703703703,0.6250000000000002,0.6750000000000003,0.4000000000000001,0.8250000000000004,0.7129629629629634,0.7129629629629634,0.6203703703703703
0.49690082644628125,0.400146484375,0.51123046875,0.19999999999999998,0.175,0.0,0.6750000000000003,0.23148148148148134,0.2222222222222221,0.6203703703703703,0.6250000000000002,0.6750000000000003,0.4000000000000001,0.8250000000000004,0.7129629629629634,0.7222222222222227,0.6203703703703703
0.49793388429752095,0.401123046875,0.51220703125,0.19999999999999998,0.175,0.0,0.6750000000000003,0.23148148148148134,0.2222222222222221,0.6203703703703703,0.6250000000000002,0.6750000000000003,0.4000000000000001,0.8250000000000004,0.7129629629629634,0.731481481481482,0.6203703703703703
0.4989669421487606,0.40234375,0.513671875,0.19999999999999998,0.175,0.0,0.6750000000000003,0.23148148148148134,0.23148148148148134,0.6203703703703703,0.6250000000000002,0.6750000000000003,0.4000000000000001,0.8250000000000004,0.7129629629629634,0.731481481481482,0.6203703703703703
0.5000000000000002,0.403564453125,0.5146484375,0.19999999999999998,0.175,0.0,0.6750000000000003,0.23148148148148134,0.2407407407407406,0.6203703703703703,0.6250000000000002,0.6750000000000003,0.4000000000000001,0.8250000000000004,0.7129629629629634,0.731481481481482,0.6203703703703703
0.5010330578512399,0.40478515625,0.515625,0.19999999999999998,0.175,0.0,0.6750000000000003,0.2407407407407406,0.2407407407407406,0.6203703703703703,0.6250000000000002,0.6750000000000003,0.4000000000000001,0.8250000000000004,0.7129629629629634,0.731481481481482,0.6203703703703703
0.5020661157024796,0.406005859375,0.5166015625,0.19999999999999998,0.175,0.0,0.6750000000000003,0.2407407407407406,0.2407407407407406,0.6203703703703703,0.6500000000000002,0.6750000000000003,0.4000000000000001,0.8250000000000004,0.7129629629629634,0.731481481481482,0.6203703703703703
0.5030991735537192,0.406982421875,0.517578125,0.19999999999999998,0.175,0.0,0.6750000000000003,0.2407407407407406,0.2407407407407406,0.6203703703703703,0.6500000000000002,0.6750000000000003,0.4250000000000001,0.8250000000000004,0.7129629629629634,0.731481481481482,0.6203703703703703
0.5041322314049589,0.407958984375,0.5185546875,0.19999999999999998,0.175,0.0,0.6750000000000003,0.2407407407407406,0.2407407407407406,0.6203703703703703,0.6500000000000002,0.6750000000000003,0.4250000000000001,0.8250000000000004,0.7222222222222227,0.731481481481482,0.6203703703703703
0.5051652892561985,0.4091796875,0.51953125,0.19999999999999998,0.19999999999999998,0.0,0.6750000000000003,0.2407407407407406,0.2407407407407406,0.6203703703703703,0.6500000000000002,0.6750000000000003,0.4250000000000001,0.8250000000000004,0.7222222222222227,0.731481481481482,0.6203703703703703
0.5061983471074383,0.410400390625,0.52099609375,0.19999999999999998,0.19999999999999998,0.0,0.6750000000000003,0.2407407407407406,0.2407407407407406,0.6203703703703703,0.6750000000000003,0.6750000000000003,0.4250000000000001,0.8250000000000004,0.7222222222222227,0.731481481481482,0.6203703703703703
0.5072314049586779,0.411376953125,0.52197265625,0.19999999999999998,0.19999999999999998,0.0,0.6750000000000003,0.2407407407407406,0.2407407407407406,0.6203703703703703,0.6750000000000003,0.6750000000000003,0.4250000000000001,0.8500000000000004,0.7222222222222227,0.731481481481482,0.6203703703703703
0.5082644628099177,0.41259765625,0.52294921875,0.19999999999999998,0.19999999999999998,0.0,0.6750000000000003,0.2407407407407406,0.2407407407407406,0.6203703703703703,0.6750000000000003,0.7000000000000003,0.4250000000000001,0.8500000000000004,0.7222222222222227,0.731481481481482,0.6203703703703703
0.5092975206611572,0.41357421875,0.5244140625,0.19999999999999998,0.19999999999999998,0.0,0.6750000000000003,0.2407407407407406,0.2407407407407406,0.6203703703703703,0.6750000000000003,0.7000000000000003,0.4250000000000001,0.8500000000000004,0.7222222222222227,0.731481481481482,0.6296296296296297
0.5103305785123969,0.41455078125,0.525390625,0.19999999999999998,0.19999999999999998,0.0,0.6750000000000003,0.2407407407407406,0.2407407407407406,0.6296296296296297,0.6750000000000003,0.7000000000000003,0.4250000000000001,0.8500000000000004,0.7222222222222227,0.731481481481482,0.6296296296296297
0.5113636363636366,0.415771484375,0.5263671875,0.19999999999999998,0.19999999999999998,0.0,0.6750000000000003,0.24999999999999983,0.2407407407407406,0.6296296296296297,0.6750000000000003,0.7000000000000003,0.4250000000000001,0.8500000000000004,0.7222222222222227,0.731481481481482,0.6296296296296297
0.5123966942148763,0.4169921875,0.52783203125,0.19999999999999998,0.19999999999999998,0.0,0.6750000000000003,0.2592592592592591,0.2407407407407406,0.6296296296296297,0.6750000000000003,0.7000000000000003,0.4250000000000001,0.8500000000000004,0.7222222222222227,0.731481481481482,0.6296296296296297
0.513429752066116,0.41796875,0.5283203125,0.19999999999999998,0.19999999999999998,0.0,0.6750000000000003,0.2592592592592591,0.2407407407407406,0.6296296296296297,0.6750000000000003,0.7000000000000003,0.4250000000000001,0.8500000000000004,0.7222222222222227,0.731481481481482,0.638888888888889
0.5144628099173556,0.4189453125,0.52978515625,0.19999999999999998,0.19999999999999998,0.0,0.6750000000000003,0.2592592592592591,0.2407407407407406,0.638888888888889,0.6750000000000003,0.7000000000000003,0.4250000000000001,0.8500000000000004,0.7222222222222227,0.731481481481482,0.638888888888889
0.5154958677685952,0.420166015625,0.53125,0.19999999999999998,0.19999999999999998,0.0,0.6750000000000003,0.2592592592592591,0.24999999999999983,0.638888888888889,0.6750000000000003,0.7000000000000003,0.4250000000000001,0.8500000000000004,0.7222222222222227,0.731481481481482,0.638888888888889
0.516528925619835,0.42138671875,0.53173828125,0.19999999999999998,0.19999999999999998,0.0,0.6750000000000003,0.2685185185185183,0.24999999999999983,0.638888888888889,0.6750000000000003,0.7000000000000003,0.4250000000000001,0.8500000000000004,0.7222222222222227,0.731481481481482,0.638888888888889
0.5175619834710746,0.422607421875,0.53271484375,0.19999999999999998,0.19999999999999998,0.0,0.6750000000000003,0.2685185185185183,0.2592592592592591,0.638888888888889,0.6750000000000003,0.7000000000000003,0.4250000000000001,0.8500000000000004,0.7222222222222227,0.731481481481482,0.638888888888889
0.5185950413223143,0.423583984375,0.5341796875,0.19999999999999998,0.19999999999999998,0.0,0.6750000000000003,0.2685185185185183,0.2592592592592591,0.638888888888889,0.6750000000000003,0.7000000000000003,0.4250000000000001,0.8500000000000004,0.7222222222222227,0.731481481481482,0.6481481481481483
0.519628099173554,0.424560546875,0.53515625,0.19999999999999998,0.19999999999999998,0.0,0.6750000000000003,0.2685185185185183,0.2592592592592591,0.6481481481481483,0.6750000000000003,0.7000000000000003,0.4250000000000001,0.8500000000000004,0.7222222222222227,0.731481481481482,0.6481481481481483
0.5206611570247937,0.42578125,0.5361328125,0.19999999999999998,0.19999999999999998,0.0,0.6750000000000003,0.2685185185185183,0.2685185185185183,0.6481481481481483,0.6750000000000003,0.7000000000000003,0.4250000000000001,0.8500000000000004,0.7222222222222227,0.731481481481482,0.6481481481481483
0.5216942148760334,0.4267578125,0.53759765625,0.19999999999999998,0.19999999999999998,0.0,0.6750000000000003,0.2685185185185183,0.2685185185185183,0.6481481481481483,0.6750000000000003,0.7000000000000003,0.4250000000000001,0.8500000000000004,0.7222222222222227,0.7407407407407413,0.6481481481481483
0.522727272727273,0.427978515625,0.5380859375,0.19999999999999998,0.19999999999999998,0.0,0.6750000000000003,0.2685185185185183,0.2685185185185183,0.6481481481481483,0.6750000000000003,0.7250000000000003,0.4250000000000001,0.8500000000000004,0.7222222222222227,0.7407407407407413,0.6481481481481483
0.5237603305785128,0.428955078125,0.53955078125,0.19999999999999998,0.19999999999999998,0.0,0.6750000000000003,0.2685185185185183,0.2685185185185183,0.6481481481481483,0.6750000000000003,0.7250000000000003,0.4250000000000001,0.8500000000000004,0.731481481481482,0.7407407407407413,0.6481481481481483
0.5247933884297523,0.43017578125,0.541015625,0.19999999999999998,0.19999999999999998,0.0,0.7000000000000003,0.2685185185185183,0.2685185185185183,0.6481481481481483,0.6750000000000003,0.7250000000000003,0.4250000000000001,0.8500000000000004,0.731481481481482,0.7407407407407413,0.6481481481481483
0.525826446280992,0.431396484375,0.54150390625,0.19999999999999998,0.19999999999999998,0.0,0.7000000000000003,0.2685185185185183,0.2685185185185183,0.6481481481481483,0.6750000000000003,0.7250000000000003,0.4500000000000001,0.8500000000000004,0.731481481481482,0.7407407407407413,0.6481481481481483
0.5268595041322316,0.432373046875,0.54248046875,0.19999999999999998,0.19999999999999998,0.0,0.7000000000000003,0.2685185185185183,0.2685185185185183,0.6481481481481483,0.6750000000000003,0.7250000000000003,0.4500000000000001,0.8500000000000004,0.731481481481482,0.7500000000000006,0.6481481481481483
0.5278925619834715,0.43359375,0.5439453125,0.22499999999999998,0.19999999999999998,0.0,0.7000000000000003,0.2685185185185183,0.2685185185185183,0.6481481481481483,0.6750000000000003,0.7250000000000003,0.4500000000000001,0.8500000000000004,0.731481481481482,0.7500000000000006,0.6481481481481483
0.528925619834711,0.434814453125,0.544921875,0.22499999999999998,0.19999999999999998,0.0,0.7000000000000003,0.2685185185185183,0.2685185185185183,0.6481481481481483,0.6750000000000003,0.7250000000000003,0.47500000000000014,0.8500000000000004,0.731481481481482,0.7500000000000006,0.6481481481481483
0.5299586776859506,0.435791015625,0.5458984375,0.22499999999999998,0.19999999999999998,0.0,0.7000000000000003,0.2685185185185183,0.2685185185185183,0.6481481481481483,0.6750000000000003,0.7250000000000003,0.47500000000000014,0.8500000000000004,0.731481481481482,0.7592592592592599,0.6481481481481483
0.5309917355371904,0.43701171875,0.546875,0.22499999999999998,0.19999999999999998,0.0,0.7000000000000003,0.2685185185185183,0.2685185185185183,0.6481481481481483,0.6750000000000003,0.7250000000000003,0.5000000000000001,0.8500000000000004,0.731481481481482,0.7592592592592599,0.6481481481481483
0.53202479338843,0.438232421875,0.5478515625,0.22499999999999998,0.19999999999999998,0.0,0.7000000000000003,0.2685185185185183,0.2685185185185183,0.6481481481481483,0.6750000000000003,0.7250000000000003,0.5000000000000001,0.8500000000000004,0.7407407407407413,0.7592592592592599,0.6481481481481483
0.5330578512396698,0.439208984375,0.548828125,0.22499999999999998,0.19999999999999998,0.0,0.7000000000000003,0.2685185185185183,0.2685185185185183,0.6481481481481483,0.6750000000000003,0.7250000000000003,0.5000000000000001,0.8500000000000004,0.7500000000000006,0.7592592592592599,0.6481481481481483
0.5340909090909094,0.4404296875,0.55029296875,0.24999999999999997,0.19999999999999998,0.0,0.7000000000000003,0.2685185185185183,0.2685185185185183,0.6481481481481483,0.6750000000000003,0.7250000000000003,0.5000000000000001,0.8500000000000004,0.7500000000000006,0.7592592592592599,0.6481481481481483
0.5351239669421489,0.441650390625,0.55126953125,0.24999999999999997,0.19999999999999998,0.0,0.7000000000000003,0.2685185185185183,0.2685185185185183,0.6481481481481483,0.6750000000000003,0.7250000000000003,0.5000000000000001,0.8500000000000004,0.7592592592592599,0.7592592592592599,0.6481481481481483
0.5361570247933888,0.442626953125,0.55224609375,0.24999999999999997,0.19999999999999998,0.0,0.7000000000000003,0.2685185185185183,0.2685185185185183,0.6481481481481483,0.6750000000000003,0.7250000000000003,0.5000000000000001,0.8500000000000004,0.7592592592592599,0.7685185185185192,0.6481481481481483
0.5371900826446285,0.44384765625,0.5537109375,0.24999999999999997,0.19999999999999998,0.0,0.7000000000000003,0.27777777777777757,0.2685185185185183,0.6481481481481483,0.6750000000000003,0.7250000000000003,0.5000000000000001,0.8500000000000004,0.7592592592592599,0.7685185185185192,0.6481481481481483
0.5382231404958681,0.445068359375,0.5546875,0.24999999999999997,0.19999999999999998,0.0,0.7000000000000003,0.27777777777777757,0.2685185185185183,0.6481481481481483,0.6750000000000003,0.7250000000000003,0.5000000000000001,0.8500000000000004,0.7685185185185192,0.7685185185185192,0.6481481481481483
0.5392561983471078,0.4462890625,0.5556640625,0.24999999999999997,0.19999999999999998,0.0,0.7000000000000003,0.2870370370370368,0.2685185185185183,0.6481481481481483,0.6750000000000003,0.7250000000000003,0.5000000000000001,0.8500000000000004,0.7685185185185192,0.7685185185185192,0.6481481481481483
0.5402892561983474,0.447509765625,0.55712890625,0.24999999999999997,0.19999999999999998,0.0,0.7000000000000003,0.2870370370370368,0.2685185185185183,0.6481481481481483,0.6750000000000003,0.7250000000000003,0.5250000000000001,0.8500000000000004,0.7685185185185192,0.7685185185185192,0.6481481481481483
0.5413223140495871,0.44873046875,0.5576171875,0.24999999999999997,0.19999999999999998,0.0,0.7000000000000003,0.2870370370370368,0.2685185185185183,0.6481481481481483,0.6750000000000003,0.7250000000000003,0.5250000000000001,0.8500000000000004,0.7777777777777785,0.7685185185185192,0.6481481481481483
0.5423553719008267,0.449951171875,0.55908203125,0.24999999999999997,0.19999999999999998,0.0,0.7000000000000003,0.2870370370370368,0.27777777777777757,0.6481481481481483,0.6750000000000003,0.7250000000000003,0.5250000000000001,0.8500000000000004,0.7777777777777785,0.7685185185185192,0.6481481481481483
0.5433884297520665,0.451171875,0.560546875,0.24999999999999997,0.19999999999999998,0.0,0.7000000000000003,0.2870370370370368,0.2870370370370368,0.6481481481481483,0.6750000000000003,0.7250000000000003,0.5250000000000001,0.8500000000000004,0.7777777777777785,0.7685185185185192,0.6481481481481483
0.5444214876033061,0.452392578125,0.5615234375,0.24999999999999997,0.19999999999999998,0.0,0.7000000000000003,0.2870370370370368,0.2870370370370368,0.6481481481481483,0.6750000000000003,0.7250000000000003,0.5250000000000001,0.8500000000000004,0.7870370370370378,0.7685185185185192,0.6481481481481483
0.5454545454545457,0.453369140625,0.5625,0.24999999999999997,0.19999999999999998,0.0,0.7000000000000003,0.2870370370370368,0.2870370370370368,0.6481481481481483,0.6750000000000003,0.7250000000000003,0.5250000000000001,0.8500000000000004,0.7870370370370378,0.7777777777777785,0.6481481481481483
0.5464876033057854,0.45458984375,0.56396484375,0.24999999999999997,0.19999999999999998,0.0,0.7000000000000003,0.2870370370370368,0.2870370370370368,0.6481481481481483,0.6750000000000003,0.7250000000000003,0.5250000000000001,0.8500000000000004,0.7870370370370378,0.7870370370370378,0.6481481481481483
0.5475206611570251,0.455810546875,0.56494140625,0.27499999999999997,0.19999999999999998,0.0,0.7000000000000003,0.2870370370370368,0.2870370370370368,0.6481481481481483,0.6750000000000003,0.7250000000000003,0.5250000000000001,0.8500000000000004,0.7870370370370378,0.7870370370370378,0.6481481481481483
0.5485537190082648,0.45703125,0.56591796875,0.27499999999999997,0.19999999999999998,0.0,0.7000000000000003,0.29629629629629606,0.2870370370370368,0.6481481481481483,0.6750000000000003,0.7250000000000003,0.5250000000000001,0.8500000000000004,0.7870370370370378,0.7870370370370378,0.6481481481481483
0.5495867768595044,0.458251953125,0.5673828125,0.27499999999999997,0.19999999999999998,0.0,0.7000000000000003,0.29629629629629606,0.29629629629629606,0.6481481481481483,0.6750000000000003,0.7250000000000003,0.5250000000000001,0.8500000000000004,0.7870370370370378,0.7870370370370378,0.6481481481481483
0.550619834710744,0.45947265625,0.568359375,0.27499999999999997,0.19999999999999998,0.0,0.7000000000000003,0.29629629629629606,0.29629629629629606,0.6481481481481483,0.6750000000000003,0.7250000000000003,0.5250000000000001,0.8500000000000004,0.7870370370370378,0.7962962962962971,0.6481481481481483
0.5516528925619838,0.460693359375,0.5693359375,0.27499999999999997,0.19999999999999998,0.0,0.7250000000000003,0.29629629629629606,0.29629629629629606,0.6481481481481483,0.6750000000000003,0.7250000000000003,0.5250000000000001,0.8500000000000004,0.7870370370370378,0.7962962962962971,0.6481481481481483
0.5526859504132234,0.4619140625,0.5703125,0.27499999999999997,0.19999999999999998,0.0,0.7250000000000003,0.29629629629629606,0.29629629629629606,0.6481481481481483,0.6750000000000003,0.7250000000000003,0.5250000000000001,0.8500000000000004,0.7962962962962971,0.7962962962962971,0.6481481481481483
0.5537190082644632,0.463134765625,0.57177734375,0.27499999999999997,0.19999999999999998,0.0,0.7250000000000003,0.29629629629629606,0.29629629629629606,0.6481481481481483,0.6750000000000003,0.7250000000000003,0.5250000000000001,0.8500000000000004,0.8055555555555564,0.7962962962962971,0.6481481481481483
0.5547520661157028,0.46435546875,0.57275390625,0.27499999999999997,0.22499999999999998,0.0,0.7250000000000003,0.29629629629629606,0.29629629629629606,0.6481481481481483,0.6750000000000003,0.7250000000000003,0.5250000000000001,0.8500000000000004,0.8055555555555564,0.7962962962962971,0.6481481481481483
0.5557851239669425,0.465576171875,0.57373046875,0.27499999999999997,0.22499999999999998,0.0,0.7250000000000003,0.29629629629629606,0.29629629629629606,0.6481481481481483,0.6750000000000003,0.7250000000000003,0.5250000000000001,0.8500000000000004,0.8055555555555564,0.8055555555555564,0.6481481481481483
0.5568181818181822,0.466796875,0.57470703125,0.27499999999999997,0.24999999999999997,0.0,0.7250000000000003,0.29629629629629606,0.29629629629629606,0.6481481481481483,0.6750000000000003,0.7250000000000003,0.5250000000000001,0.8500000000000004,0.8055555555555564,0.8055555555555564,0.6481481481481483
0.5578512396694219,0.468017578125,0.576171875,0.27499999999999997,0.24999999999999997,0.0,0.7250000000000003,0.29629629629629606,0.3055555555555553,0.6481481481481483,0.6750000000000003,0.7250000000000003,0.5250000000000001,0.8500000000000004,0.8055555555555564,0.8055555555555564,0.6481481481481483
0.5588842975206616,0.46923828125,0.5771484375,0.27499999999999997,0.24999999999999997,0.0,0.7250000000000003,0.29629629629629606,0.3055555555555553,0.6481481481481483,0.6750000000000003,0.7250000000000003,0.5500000000000002,0.8500000000000004,0.8055555555555564,0.8055555555555564,0.6481481481481483
0.5599173553719011,0.470458984375,0.578125,0.27499999999999997,0.24999999999999997,0.0,0.7250000000000003,0.29629629629629606,0.3055555555555553,0.6481481481481483,0.6750000000000003,0.7250000000000003,0.5750000000000002,0.8500000000000004,0.8055555555555564,0.8055555555555564,0.6481481481481483
0.560950413223141,0.4716796875,0.5791015625,0.27499999999999997,0.24999999999999997,0.0,0.7250000000000003,0.29629629629629606,0.3055555555555553,0.6481481481481483,0.6750000000000003,0.7250000000000003,0.6000000000000002,0.8500000000000004,0.8055555555555564,0.8055555555555564,0.6481481481481483
0.5619834710743805,0.472900390625,0.580078125,0.27499999999999997,0.24999999999999997,0.0,0.7250000000000003,0.29629629629629606,0.3055555555555553,0.6481481481481483,0.6750000000000003,0.7250000000000003,0.6000000000000002,0.8500000000000004,0.8148148148148157,0.8055555555555564,0.6481481481481483
0.5630165289256203,0.47412109375,0.5810546875,0.27499999999999997,0.24999999999999997,0.0,0.7250000000000003,0.29629629629629606,0.3055555555555553,0.6481481481481483,0.6750000000000003,0.7250000000000003,0.6000000000000002,0.8500000000000004,0.8148148148148157,0.8148148148148157,0.6481481481481483
0.5640495867768598,0.475341796875,0.58251953125,0.27499999999999997,0.24999999999999997,0.0,0.7500000000000003,0.29629629629629606,0.3055555555555553,0.6481481481481483,0.6750000000000003,0.7250000000000003,0.6000000000000002,0.8500000000000004,0.8148148148148157,0.8148148148148157,0.6481481481481483
0.5650826446280995,0.4765625,0.58349609375,0.27499999999999997,0.24999999999999997,0.0,0.7500000000000003,0.3055555555555553,0.3055555555555553,0.6481481481481483,0.6750000000000003,0.7250000000000003,0.6000000000000002,0.8500000000000004,0.8148148148148157,0.8148148148148157,0.6481481481481483
0.5661157024793392,0.477783203125,0.5849609375,0.27499999999999997,0.24999999999999997,0.0,0.7500000000000003,0.3055555555555553,0.3055555555555553,0.6481481481481483,0.6750000000000003,0.7250000000000003,0.6000000000000002,0.8500000000000004,0.824074074074075,0.8148148148148157,0.6481481481481483
0.5671487603305789,0.47900390625,0.58544921875,0.27499999999999997,0.24999999999999997,0.0,0.7500000000000003,0.3055555555555553,0.3055555555555553,0.6481481481481483,0.6750000000000003,0.7250000000000003,0.6000000000000002,0.8500000000000004,0.824074074074075,0.824074074074075,0.6481481481481483
0.5681818181818186,0.480224609375,0.58642578125,0.27499999999999997,0.24999999999999997,0.0,0.7500000000000003,0.31481481481481455,0.3055555555555553,0.6481481481481483,0.6750000000000003,0.7250000000000003,0.6000000000000002,0.8500000000000004,0.824074074074075,0.824074074074075,0.6481481481481483
0.5692148760330582,0.4814453125,0.587890625,0.27499999999999997,0.24999999999999997,0.0,0.7500000000000003,0.31481481481481455,0.3055555555555553,0.6481481481481483,0.6750000000000003,0.7250000000000003,0.6000000000000002,0.8500000000000004,0.824074074074075,0.8333333333333343,0.6481481481481483
0.570247933884298,0.482666015625,0.5888671875,0.27499999999999997,0.24999999999999997,0.0,0.7500000000000003,0.31481481481481455,0.31481481481481455,0.6481481481481483,0.6750000000000003,0.7250000000000003,0.6000000000000002,0.8500000000000004,0.824074074074075,0.8333333333333343,0.6481481481481483
0.5712809917355376,0.48388671875,0.58984375,0.27499999999999997,0.24999999999999997,0.0,0.7500000000000003,0.31481481481481455,0.31481481481481455,0.6481481481481483,0.6750000000000003,0.7250000000000003,0.6000000000000002,0.8500000000000004,0.824074074074075,0.8425925925925936,0.6481481481481483
0.5723140495867772,0.485107421875,0.59130859375,0.27499999999999997,0.24999999999999997,0.0,0.7500000000000003,0.31481481481481455,0.31481481481481455,0.6481481481481483,0.6750000000000003,0.7250000000000003,0.6000000000000002,0.8500000000000004,0.824074074074075,0.8518518518518529,0.6481481481481483
0.573347107438017,0.486328125,0.59228515625,0.27499999999999997,0.24999999999999997,0.0,0.7500000000000003,0.31481481481481455,0.31481481481481455,0.6481481481481483,0.6750000000000003,0.7250000000000003,0.6000000000000002,0.8500000000000004,0.824074074074075,0.8518518518518529,0.6574074074074076
0.5743801652892565,0.487060546875,0.59326171875,0.27499999999999997,0.24999999999999997,0.0,0.7500000000000003,0.31481481481481455,0.31481481481481455,0.6574074074074076,0.6750000000000003,0.7250000000000003,0.6000000000000002,0.8500000000000004,0.824074074074075,0.8518518518518529,0.6574074074074076
0.5754132231404963,0.488037109375,0.59423828125,0.27499999999999997,0.24999999999999997,0.0,0.7500000000000003,0.31481481481481455,0.31481481481481455,0.6574074074074076,0.6750000000000003,0.7250000000000003,0.6000000000000002,0.8500000000000004,0.824074074074075,0.8518518518518529,0.6666666666666669
0.5764462809917359,0.489013671875,0.59521484375,0.27499999999999997,0.24999999999999997,0.0,0.7500000000000003,0.31481481481481455,0.31481481481481455,0.6574074074074076,0.6750000000000003,0.7250000000000003,0.6000000000000002,0.8500000000000004,0.824074074074075,0.8518518518518529,0.6759259259259262
0.5774793388429756,0.489990234375,0.5966796875,0.27499999999999997,0.24999999999999997,0.0,0.7500000000000003,0.31481481481481455,0.31481481481481455,0.6574074074074076,0.6750000000000003,0.7250000000000003,0.6000000000000002,0.8500000000000004,0.824074074074075,0.8518518518518529,0.6851851851851855
0.5785123966942153,0.490966796875,0.59765625,0.27499999999999997,0.24999999999999997,0.0,0.7500000000000003,0.31481481481481455,0.31481481481481455,0.6666666666666669,0.6750000000000003,0.7250000000000003,0.6000000000000002,0.8500000000000004,0.824074074074075,0.8518518518518529,0.6851851851851855
0.5795454545454549,0.4921875,0.59814453125,0.27499999999999997,0.24999999999999997,0.0,0.7750000000000004,0.31481481481481455,0.31481481481481455,0.6666666666666669,0.6750000000000003,0.7250000000000003,0.6000000000000002,0.8500000000000004,0.824074074074075,0.8518518518518529,0.6851851851851855
0.5805785123966947,0.4931640625,0.599609375,0.27499999999999997,0.24999999999999997,0.0,0.7750000000000004,0.31481481481481455,0.31481481481481455,0.6666666666666669,0.6750000000000003,0.7250000000000003,0.6000000000000002,0.8500000000000004,0.824074074074075,0.8518518518518529,0.6944444444444448
0.5816115702479343,0.494140625,0.60107421875,0.27499999999999997,0.24999999999999997,0.0,0.7750000000000004,0.31481481481481455,0.31481481481481455,0.6666666666666669,0.6750000000000003,0.7250000000000003,0.6000000000000002,0.8500000000000004,0.824074074074075,0.8518518518518529,0.703703703703704
0.582644628099174,0.495361328125,0.60205078125,0.27499999999999997,0.24999999999999997,0.0,0.8000000000000004,0.31481481481481455,0.31481481481481455,0.6666666666666669,0.6750000000000003,0.7250000000000003,0.6000000000000002,0.8500000000000004,0.824074074074075,0.8518518518518529,0.703703703703704
0.5836776859504136,0.496337890625,0.60302734375,0.27499999999999997,0.24999999999999997,0.0,0.8000000000000004,0.31481481481481455,0.31481481481481455,0.6759259259259262,0.6750000000000003,0.7250000000000003,0.6000000000000002,0.8500000000000004,0.824074074074075,0.8518518518518529,0.703703703703704
0.5847107438016532,0.497314453125,0.60400390625,0.27499999999999997,0.24999999999999997,0.0,0.8000000000000004,0.31481481481481455,0.31481481481481455,0.6851851851851855,0.6750000000000003,0.7250000000000003,0.6000000000000002,0.8500000000000004,0.824074074074075,0.8518518518518529,0.703703703703704
0.5857438016528929,0.49853515625,0.60546875,0.27499999999999997,0.24999999999999997,0.0,0.8000000000000004,0.3240740740740738,0.31481481481481455,0.6851851851851855,0.6750000000000003,0.7250000000000003,0.6000000000000002,0.8500000000000004,0.824074074074075,0.8518518518518529,0.703703703703704
0.5867768595041326,0.499755859375,0.6064453125,0.27499999999999997,0.24999999999999997,0.0,0.8000000000000004,0.3240740740740738,0.3240740740740738,0.6851851851851855,0.6750000000000003,0.7250000000000003,0.6000000000000002,0.8500000000000004,0.824074074074075,0.8518518518518529,0.703703703703704
0.5878099173553722,0.5009765625,0.607421875,0.3,0.24999999999999997,0.0,0.8000000000000004,0.3240740740740738,0.3240740740740738,0.6851851851851855,0.6750000000000003,0.7250000000000003,0.6000000000000002,0.8500000000000004,0.824074074074075,0.8518518518518529,0.703703703703704
0.588842975206612,0.50244140625,0.6083984375,0.325,0.24999999999999997,0.0,0.8000000000000004,0.3240740740740738,0.3240740740740738,0.6851851851851855,0.6750000000000003,0.7250000000000003,0.6000000000000002,0.8500000000000004,0.824074074074075,0.8518518518518529,0.703703703703704
0.5898760330578516,0.50341796875,0.609375,0.325,0.24999999999999997,0.0,0.8000000000000004,0.3240740740740738,0.3240740740740738,0.6851851851851855,0.6750000000000003,0.7250000000000003,0.6000000000000002,0.8500000000000004,0.824074074074075,0.8518518518518529,0.7129629629629634
0.5909090909090914,0.50439453125,0.61083984375,0.325,0.24999999999999997,0.0,0.8000000000000004,0.3240740740740738,0.3240740740740738,0.6851851851851855,0.6750000000000003,0.7250000000000003,0.6000000000000002,0.8500000000000004,0.824074074074075,0.8518518518518529,0.7222222222222227
0.5919421487603309,0.505859375,0.61181640625,0.35000000000000003,0.24999999999999997,0.0,0.8000000000000004,0.3240740740740738,0.3240740740740738,0.6851851851851855,0.6750000000000003,0.7250000000000003,0.6000000000000002,0.8500000000000004,0.824074074074075,0.8518518518518529,0.7222222222222227
0.5929752066115707,0.50732421875,0.61328125,0.35000000000000003,0.27499999999999997,0.0,0.8000000000000004,0.3240740740740738,0.3240740740740738,0.6851851851851855,0.6750000000000003,0.7250000000000003,0.6000000000000002,0.8500000000000004,0.824074074074075,0.8518518518518529,0.7222222222222227
0.5940082644628103,0.50830078125,0.6142578125,0.35000000000000003,0.3,0.0,0.8000000000000004,0.3240740740740738,0.3240740740740738,0.6851851851851855,0.6750000000000003,0.7250000000000003,0.6000000000000002,0.8500000000000004,0.824074074074075,0.8518518518518529,0.7222222222222227
0.59504132231405,0.509765625,0.615234375,0.35000000000000003,0.3,0.0,0.8250000000000004,0.3240740740740738,0.3240740740740738,0.6851851851851855,0.6750000000000003,0.7250000000000003,0.6000000000000002,0.8500000000000004,0.824074074074075,0.8518518518518529,0.7222222222222227
0.5960743801652897,0.5107421875,0.6162109375,0.35000000000000003,0.3,0.0,0.8250000000000004,0.33333333333333304,0.3240740740740738,0.6851851851851855,0.6750000000000003,0.7250000000000003,0.6000000000000002,0.8500000000000004,0.824074074074075,0.8518518518518529,0.7222222222222227
0.5971074380165293,0.51171875,0.6171875,0.35000000000000003,0.3,0.0,0.8250000000000004,0.33333333333333304,0.3240740740740738,0.6851851851851855,0.6750000000000003,0.7250000000000003,0.6000000000000002,0.8500000000000004,0.824074074074075,0.8518518518518529,0.731481481481482
0.598140495867769,0.51318359375,0.6181640625,0.35000000000000003,0.325,0.0,0.8250000000000004,0.33333333333333304,0.3240740740740738,0.6851851851851855,0.6750000000000003,0.7250000000000003,0.6000000000000002,0.8500000000000004,0.824074074074075,0.8518518518518529,0.731481481481482
0.5991735537190087,0.5146484375,0.619140625,0.37500000000000006,0.325,0.0,0.8250000000000004,0.33333333333333304,0.3240740740740738,0.6851851851851855,0.6750000000000003,0.7250000000000003,0.6000000000000002,0.8500000000000004,0.824074074074075,0.8518518518518529,0.731481481481482
0.6002066115702483,0.51611328125,0.6201171875,0.37500000000000006,0.35000000000000003,0.0,0.8250000000000004,0.33333333333333304,0.3240740740740738,0.6851851851851855,0.6750000000000003,0.7250000000000003,0.6000000000000002,0.8500000000000004,0.824074074074075,0.8518518518518529,0.731481481481482
