Effective Sparsity,Activation Error,Baseline Error,q0,k0,v0,o0,gate0,up0,down0,q1,k1,v1,o1,gate1,up1,down1
0.0012121212121212121,0.0006585121154785156,0.206298828125,0.0,0.0,0.0,0.0,0.0,0.0,0.0,0.0,0.0,0.0,0.0,0.009302325581395349,0.0,0.0
0.0024242424242424242,0.001007080078125,0.206298828125,0.0,0.0,0.0,0.0,0.0,0.0,0.0,0.0,0.0,0.0,0.0,0.009302325581395349,0.009302325581395349,0.0
0.003636363636363637,0.0015354156494140625,0.206298828125,0.0,0.0,0.0,0.0,0.009302325581395349,0.0,0.0,0.0,0.0,0.0,0.0,0.009302325581395349,0.009302325581395349,0.0
0.0048484848484848485,0.00211334228515625,0.206298828125,0.0,0.0,0.0,0.0,0.009302325581395349,0.009302325581395349,0.0,0.0,0.0,0.0,0.0,0.009302325581395349,0.009302325581395349,0.0
0.006060606060606061,0.00298309326171875,0.206298828125,0.0,0.0,0.0,0.0,0.009302325581395349,0.009302325581395349,0.0,0.0,0.0,0.0,0.0,0.009302325581395349,0.009302325581395349,0.009302325581395349
0.007272727272727273,0.004634857177734375,0.206298828125,0.0,0.0,0.0,0.0,0.009302325581395349,0.009302325581395349,0.009302325581395349,0.0,0.0,0.0,0.0,0.009302325581395349,0.009302325581395349,0.009302325581395349
0.008484848484848484,0.016998291015625,0.206298828125,0.0,0.0,0.0,0.0,0.009302325581395349,0.009302325581395349,0.009302325581395349,0.0,0.0,0.0,0.0,0.018604651162790697,0.009302325581395349,0.009302325581395349
0.009696969696969697,0.0253448486328125,0.206298828125,0.0,0.0,0.0,0.0,0.009302325581395349,0.009302325581395349,0.009302325581395349,0.0,0.0,0.0,0.0,0.018604651162790697,0.018604651162790697,0.009302325581395349
0.01090909090909091,0.032257080078125,0.34375,0.0,0.0,0.0,0.0,0.009302325581395349,0.009302325581395349,0.009302325581395349,0.025,0.0,0.0,0.0,0.018604651162790697,0.018604651162790697,0.009302325581395349
0.012121212121212121,0.039886474609375,0.35546875,0.0,0.0,0.0,0.0,0.009302325581395349,0.009302325581395349,0.009302325581395349,0.025,0.0,0.0,0.0,0.018604651162790697,0.018604651162790697,0.018604651162790697
0.013333333333333332,0.050140380859375,0.367919921875,0.0,0.0,0.0,0.0,0.018604651162790697,0.009302325581395349,0.009302325581395349,0.025,0.0,0.0,0.0,0.018604651162790697,0.018604651162790697,0.018604651162790697
0.014545454545454545,0.0611572265625,0.37939453125,0.0,0.0,0.0,0.0,0.018604651162790697,0.018604651162790697,0.009302325581395349,0.025,0.0,0.0,0.0,0.018604651162790697,0.018604651162790697,0.018604651162790697
0.01575757575757576,0.07330322265625,0.393798828125,0.0,0.0,0.0,0.0,0.018604651162790697,0.018604651162790697,0.018604651162790697,0.025,0.0,0.0,0.0,0.018604651162790697,0.018604651162790697,0.018604651162790697
0.016969696969696968,0.0855712890625,0.408447265625,0.025,0.0,0.0,0.0,0.018604651162790697,0.018604651162790697,0.018604651162790697,0.025,0.0,0.0,0.0,0.018604651162790697,0.018604651162790697,0.018604651162790697
0.01818181818181818,0.0965576171875,0.43017578125,0.025,0.0,0.0,0.0,0.018604651162790697,0.018604651162790697,0.018604651162790697,0.025,0.0,0.0,0.0,0.018604651162790697,0.018604651162790697,0.027906976744186046
0.019393939393939394,0.11016845703125,0.450927734375,0.025,0.0,0.0,0.0,0.018604651162790697,0.018604651162790697,0.018604651162790697,0.025,0.0,0.0,0.0,0.027906976744186046,0.018604651162790697,0.027906976744186046
0.020606060606060607,0.12432861328125,0.47216796875,0.025,0.0,0.0,0.0,0.018604651162790697,0.018604651162790697,0.018604651162790697,0.025,0.0,0.0,0.025,0.027906976744186046,0.018604651162790697,0.027906976744186046
0.02181818181818182,0.1373291015625,0.495361328125,0.025,0.0,0.0,0.0,0.018604651162790697,0.018604651162790697,0.018604651162790697,0.025,0.0,0.0,0.025,0.027906976744186046,0.027906976744186046,0.027906976744186046
0.023030303030303033,0.153564453125,0.51611328125,0.025,0.0,0.0,0.0,0.018604651162790697,0.018604651162790697,0.018604651162790697,0.025,0.0,0.0,0.05,0.027906976744186046,0.027906976744186046,0.027906976744186046
0.024242424242424242,0.1690673828125,0.54052734375,0.025,0.0,0.0,0.0,0.018604651162790697,0.018604651162790697,0.018604651162790697,0.025,0.0,0.0,0.05,0.027906976744186046,0.027906976744186046,0.037209302325581395
0.025454545454545455,0.1845703125,0.56640625,0.025,0.0,0.0,0.0,0.018604651162790697,0.018604651162790697,0.018604651162790697,0.025,0.0,0.0,0.07500000000000001,0.027906976744186046,0.027906976744186046,0.037209302325581395
0.02666666666666667,0.1990966796875,0.59423828125,0.025,0.0,0.0,0.0,0.018604651162790697,0.018604651162790697,0.027906976744186046,0.025,0.0,0.0,0.07500000000000001,0.027906976744186046,0.027906976744186046,0.037209302325581395
0.02787878787878788,0.2144775390625,0.61962890625,0.025,0.0,0.0,0.0,0.018604651162790697,0.018604651162790697,0.027906976744186046,0.025,0.0,0.0,0.1,0.027906976744186046,0.027906976744186046,0.037209302325581395
0.02909090909090909,0.2293701171875,0.6455078125,0.025,0.0,0.0,0.0,0.018604651162790697,0.018604651162790697,0.027906976744186046,0.05,0.0,0.0,0.1,0.027906976744186046,0.027906976744186046,0.037209302325581395
0.030303030303030304,0.244384765625,0.66943359375,0.025,0.0,0.0,0.0,0.018604651162790697,0.018604651162790697,0.027906976744186046,0.05,0.0,0.0,0.125,0.027906976744186046,0.027906976744186046,0.037209302325581395
0.03151515151515152,0.259033203125,0.69287109375,0.025,0.0,0.0,0.0,0.018604651162790697,0.018604651162790697,0.027906976744186046,0.05,0.0,0.0,0.125,0.027906976744186046,0.027906976744186046,0.046511627906976744
0.03272727272727273,0.27294921875,0.71484375,0.025,0.0,0.0,0.0,0.027906976744186046,0.018604651162790697,0.027906976744186046,0.05,0.0,0.0,0.125,0.027906976744186046,0.027906976744186046,0.046511627906976744
0.033939393939393936,0.286865234375,0.73583984375,0.025,0.0,0.0,0.0,0.027906976744186046,0.018604651162790697,0.027906976744186046,0.05,0.0,0.0,0.15,0.027906976744186046,0.027906976744186046,0.046511627906976744
0.03515151515151515,0.30078125,0.7568359375,0.025,0.0,0.0,0.0,0.027906976744186046,0.018604651162790697,0.027906976744186046,0.05,0.0,0.0,0.15,0.037209302325581395,0.027906976744186046,0.046511627906976744
0.036363636363636355,0.314208984375,0.77587890625,0.025,0.0,0.0,0.025,0.027906976744186046,0.018604651162790697,0.027906976744186046,0.05,0.0,0.0,0.15,0.037209302325581395,0.027906976744186046,0.046511627906976744
0.037575757575757575,0.3271484375,0.79541015625,0.025,0.0,0.0,0.025,0.027906976744186046,0.018604651162790697,0.027906976744186046,0.05,0.0,0.0,0.175,0.037209302325581395,0.027906976744186046,0.046511627906976744
0.03878787878787879,0.34033203125,0.814453125,0.025,0.0,0.0,0.025,0.027906976744186046,0.018604651162790697,0.027906976744186046,0.07500000000000001,0.0,0.0,0.175,0.037209302325581395,0.027906976744186046,0.046511627906976744
0.04,0.35302734375,0.8330078125,0.025,0.0,0.0,0.025,0.027906976744186046,0.018604651162790697,0.027906976744186046,0.07500000000000001,0.0,0.0,0.175,0.037209302325581395,0.027906976744186046,0.05581395348837209
0.041212121212121214,0.36572265625,0.8515625,0.025,0.0,0.0,0.025,0.027906976744186046,0.018604651162790697,0.027906976744186046,0.07500000000000001,0.0,0.0,0.19999999999999998,0.037209302325581395,0.027906976744186046,0.05581395348837209
0.04242424242424243,0.379150390625,0.86962890625,0.025,0.0,0.0,0.025,0.027906976744186046,0.027906976744186046,0.027906976744186046,0.07500000000000001,0.0,0.0,0.19999999999999998,0.037209302325581395,0.027906976744186046,0.05581395348837209
0.04363636363636364,0.392333984375,0.88623046875,0.025,0.0,0.0,0.025,0.027906976744186046,0.027906976744186046,0.027906976744186046,0.07500000000000001,0.0,0.0,0.19999999999999998,0.037209302325581395,0.037209302325581395,0.05581395348837209
0.04484848484848485,0.405029296875,0.90380859375,0.025,0.0,0.0,0.025,0.027906976744186046,0.027906976744186046,0.027906976744186046,0.07500000000000001,0.0,0.0,0.19999999999999998,0.037209302325581395,0.037209302325581395,0.06511627906976744
0.04606060606060606,0.41748046875,0.9208984375,0.025,0.0,0.0,0.025,0.027906976744186046,0.027906976744186046,0.027906976744186046,0.07500000000000001,0.0,0.0,0.22499999999999998,0.037209302325581395,0.037209302325581395,0.06511627906976744
0.047272727272727265,0.4296875,0.9365234375,0.025,0.0,0.0,0.025,0.027906976744186046,0.027906976744186046,0.027906976744186046,0.1,0.0,0.0,0.22499999999999998,0.037209302325581395,0.037209302325581395,0.06511627906976744
0.048484848484848485,0.442138671875,0.95263671875,0.025,0.0,0.0,0.025,0.027906976744186046,0.027906976744186046,0.027906976744186046,0.1,0.0,0.0,0.24999999999999997,0.037209302325581395,0.037209302325581395,0.06511627906976744
0.04969696969696969,0.45458984375,0.9697265625,0.025,0.0,0.0,0.025,0.027906976744186046,0.027906976744186046,0.027906976744186046,0.1,0.0,0.0,0.24999999999999997,0.037209302325581395,0.037209302325581395,0.07441860465116279
0.050909090909090904,0.467041015625,0.98583984375,0.025,0.0,0.0,0.025,0.027906976744186046,0.027906976744186046,0.027906976744186046,0.1,0.0,0.0,0.27499999999999997,0.037209302325581395,0.037209302325581395,0.07441860465116279
0.05212121212121212,0.47900390625,1.0029296875,0.025,0.0,0.0,0.025,0.027906976744186046,0.027906976744186046,0.027906976744186046,0.1,0.0,0.0,0.27499999999999997,0.046511627906976744,0.037209302325581395,0.07441860465116279
0.05333333333333334,0.490966796875,1.01953125,0.025,0.0,0.0,0.025,0.027906976744186046,0.027906976744186046,0.027906976744186046,0.125,0.0,0.0,0.27499999999999997,0.046511627906976744,0.037209302325581395,0.07441860465116279
0.05454545454545454,0.50341796875,1.03515625,0.025,0.0,0.0,0.025,0.027906976744186046,0.027906976744186046,0.027906976744186046,0.125,0.0,0.0,0.3,0.046511627906976744,0.037209302325581395,0.07441860465116279
0.055757575757575756,0.515625,1.0498046875,0.025,0.0,0.0,0.025,0.027906976744186046,0.027906976744186046,0.027906976744186046,0.125,0.0,0.0,0.3,0.046511627906976744,0.037209302325581395,0.08372093023255814
0.05696969696969697,0.52783203125,1.06640625,0.025,0.0,0.0,0.05,0.027906976744186046,0.027906976744186046,0.027906976744186046,0.125,0.0,0.0,0.3,0.046511627906976744,0.037209302325581395,0.08372093023255814
0.05818181818181818,0.54052734375,1.0830078125,0.025,0.0,0.0,0.05,0.027906976744186046,0.027906976744186046,0.027906976744186046,0.15,0.0,0.0,0.3,0.046511627906976744,0.037209302325581395,0.08372093023255814
0.05939393939393941,0.552734375,1.09765625,0.025,0.0,0.0,0.05,0.027906976744186046,0.027906976744186046,0.027906976744186046,0.15,0.0,0.0,0.325,0.046511627906976744,0.037209302325581395,0.08372093023255814
0.060606060606060615,0.564453125,1.1142578125,0.025,0.0,0.0,0.05,0.027906976744186046,0.027906976744186046,0.027906976744186046,0.15,0.0,0.0,0.325,0.046511627906976744,0.037209302325581395,0.09302325581395349
0.06181818181818183,0.57666015625,1.130859375,0.025,0.0,0.0,0.05,0.027906976744186046,0.027906976744186046,0.037209302325581395,0.15,0.0,0.0,0.325,0.046511627906976744,0.037209302325581395,0.09302325581395349
0.06303030303030303,0.58837890625,1.1455078125,0.025,0.0,0.0,0.05,0.027906976744186046,0.027906976744186046,0.037209302325581395,0.15,0.0,0.0,0.325,0.05581395348837209,0.037209302325581395,0.09302325581395349
0.06424242424242424,0.60009765625,1.1611328125,0.025,0.0,0.0,0.05,0.027906976744186046,0.027906976744186046,0.037209302325581395,0.175,0.0,0.0,0.325,0.05581395348837209,0.037209302325581395,0.09302325581395349
0.06545454545454546,0.61181640625,1.177734375,0.025,0.0,0.0,0.05,0.027906976744186046,0.027906976744186046,0.037209302325581395,0.175,0.0,0.0,0.325,0.05581395348837209,0.037209302325581395,0.10232558139534884
0.06666666666666667,0.62353515625,1.193359375,0.025,0.0,0.0,0.05,0.027906976744186046,0.027906976744186046,0.037209302325581395,0.175,0.0,0.0,0.35000000000000003,0.05581395348837209,0.037209302325581395,0.10232558139534884
0.06787878787878787,0.634765625,1.208984375,0.025,0.0,0.0,0.05,0.027906976744186046,0.027906976744186046,0.037209302325581395,0.175,0.0,0.0,0.35000000000000003,0.05581395348837209,0.046511627906976744,0.10232558139534884
0.06909090909090909,0.646484375,1.2236328125,0.025,0.0,0.0,0.05,0.027906976744186046,0.027906976744186046,0.037209302325581395,0.175,0.0,0.0,0.35000000000000003,0.05581395348837209,0.046511627906976744,0.11162790697674418
0.0703030303030303,0.658203125,1.23828125,0.025,0.0,0.0,0.05,0.027906976744186046,0.027906976744186046,0.037209302325581395,0.19999999999999998,0.0,0.0,0.35000000000000003,0.05581395348837209,0.046511627906976744,0.11162790697674418
0.07151515151515152,0.669921875,1.25390625,0.025,0.0,0.0,0.05,0.027906976744186046,0.027906976744186046,0.037209302325581395,0.19999999999999998,0.0,0.0,0.35000000000000003,0.06511627906976744,0.046511627906976744,0.11162790697674418
0.07272727272727272,0.681640625,1.2685546875,0.025,0.0,0.0,0.07500000000000001,0.027906976744186046,0.027906976744186046,0.037209302325581395,0.19999999999999998,0.0,0.0,0.35000000000000003,0.06511627906976744,0.046511627906976744,0.11162790697674418
0.07393939393939394,0.693359375,1.283203125,0.025,0.0,0.0,0.07500000000000001,0.027906976744186046,0.027906976744186046,0.037209302325581395,0.19999999999999998,0.0,0.0,0.37500000000000006,0.06511627906976744,0.046511627906976744,0.11162790697674418
0.07515151515151515,0.70458984375,1.2998046875,0.025,0.0,0.0,0.07500000000000001,0.027906976744186046,0.027906976744186046,0.037209302325581395,0.19999999999999998,0.0,0.0,0.37500000000000006,0.06511627906976744,0.046511627906976744,0.12093023255813953
0.07636363636363636,0.71630859375,1.314453125,0.025,0.0,0.0,0.07500000000000001,0.027906976744186046,0.027906976744186046,0.037209302325581395,0.22499999999999998,0.0,0.0,0.37500000000000006,0.06511627906976744,0.046511627906976744,0.12093023255813953
0.07757575757575758,0.7275390625,1.3291015625,0.025,0.0,0.0,0.07500000000000001,0.027906976744186046,0.027906976744186046,0.037209302325581395,0.22499999999999998,0.0,0.0,0.37500000000000006,0.07441860465116279,0.046511627906976744,0.12093023255813953
0.07878787878787878,0.73876953125,1.34375,0.025,0.0,0.0,0.07500000000000001,0.027906976744186046,0.027906976744186046,0.037209302325581395,0.22499999999999998,0.0,0.0,0.37500000000000006,0.07441860465116279,0.046511627906976744,0.13023255813953488
0.08,0.75048828125,1.3583984375,0.025,0.0,0.0,0.07500000000000001,0.027906976744186046,0.027906976744186046,0.037209302325581395,0.22499999999999998,0.0,0.0,0.4000000000000001,0.07441860465116279,0.046511627906976744,0.13023255813953488
0.08121212121212122,0.76220703125,1.3740234375,0.025,0.0,0.0,0.07500000000000001,0.027906976744186046,0.027906976744186046,0.037209302325581395,0.22499999999999998,0.0,0.0,0.4000000000000001,0.08372093023255814,0.046511627906976744,0.13023255813953488
0.08242424242424243,0.7734375,1.38671875,0.025,0.0,0.0,0.07500000000000001,0.027906976744186046,0.027906976744186046,0.037209302325581395,0.22499999999999998,0.0,0.0,0.4000000000000001,0.08372093023255814,0.05581395348837209,0.13023255813953488
0.08363636363636365,0.78466796875,1.40234375,0.025,0.0,0.0,0.07500000000000001,0.027906976744186046,0.027906976744186046,0.037209302325581395,0.22499999999999998,0.0,0.0,0.4000000000000001,0.08372093023255814,0.05581395348837209,0.13953488372093023
0.08484848484848485,0.79638671875,1.41796875,0.025,0.0,0.0,0.1,0.027906976744186046,0.027906976744186046,0.037209302325581395,0.22499999999999998,0.0,0.0,0.4000000000000001,0.08372093023255814,0.05581395348837209,0.13953488372093023
0.08606060606060607,0.8076171875,1.431640625,0.025,0.0,0.0,0.1,0.027906976744186046,0.027906976744186046,0.037209302325581395,0.24999999999999997,0.0,0.0,0.4000000000000001,0.08372093023255814,0.05581395348837209,0.13953488372093023
0.08727272727272728,0.8193359375,1.4462890625,0.025,0.0,0.0,0.1,0.027906976744186046,0.027906976744186046,0.037209302325581395,0.24999999999999997,0.0,0.0,0.4250000000000001,0.08372093023255814,0.05581395348837209,0.13953488372093023
0.0884848484848485,0.830078125,1.4609375,0.025,0.0,0.0,0.1,0.027906976744186046,0.027906976744186046,0.037209302325581395,0.24999999999999997,0.0,0.0,0.4250000000000001,0.08372093023255814,0.05581395348837209,0.14883720930232558
0.0896969696969697,0.841796875,1.4775390625,0.025,0.0,0.0,0.1,0.027906976744186046,0.027906976744186046,0.037209302325581395,0.24999999999999997,0.0,0.0,0.4250000000000001,0.09302325581395349,0.05581395348837209,0.14883720930232558
0.09090909090909091,0.85302734375,1.4912109375,0.025,0.0,0.0,0.1,0.027906976744186046,0.027906976744186046,0.037209302325581395,0.24999999999999997,0.0,0.0,0.4250000000000001,0.09302325581395349,0.06511627906976744,0.14883720930232558
0.09212121212121213,0.8642578125,1.5048828125,0.025,0.0,0.0,0.1,0.027906976744186046,0.027906976744186046,0.037209302325581395,0.24999999999999997,0.0,0.0,0.4250000000000001,0.09302325581395349,0.06511627906976744,0.15813953488372093
0.09333333333333334,0.875,1.5185546875,0.025,0.0,0.0,0.1,0.027906976744186046,0.027906976744186046,0.037209302325581395,0.24999999999999997,0.0,0.0,0.4250000000000001,0.09302325581395349,0.06511627906976744,0.16744186046511628
0.09454545454545454,0.88623046875,1.533203125,0.025,0.0,0.0,0.1,0.027906976744186046,0.027906976744186046,0.037209302325581395,0.27499999999999997,0.0,0.0,0.4250000000000001,0.09302325581395349,0.06511627906976744,0.16744186046511628
0.09575757575757576,0.8974609375,1.548828125,0.025,0.0,0.0,0.1,0.027906976744186046,0.027906976744186046,0.037209302325581395,0.27499999999999997,0.0,0.0,0.4500000000000001,0.09302325581395349,0.06511627906976744,0.16744186046511628
0.096969696969697,0.90869140625,1.5634765625,0.025,0.0,0.0,0.1,0.027906976744186046,0.027906976744186046,0.046511627906976744,0.27499999999999997,0.0,0.0,0.4500000000000001,0.09302325581395349,0.06511627906976744,0.16744186046511628
0.0981818181818182,0.919921875,1.5791015625,0.025,0.0,0.0,0.1,0.027906976744186046,0.027906976744186046,0.046511627906976744,0.3,0.0,0.0,0.4500000000000001,0.09302325581395349,0.06511627906976744,0.16744186046511628
0.09939393939393941,0.9306640625,1.5927734375,0.025,0.0,0.0,0.1,0.027906976744186046,0.027906976744186046,0.046511627906976744,0.3,0.0,0.0,0.4500000000000001,0.10232558139534884,0.06511627906976744,0.16744186046511628
0.10060606060606062,0.94189453125,1.6064453125,0.025,0.0,0.0,0.1,0.027906976744186046,0.027906976744186046,0.046511627906976744,0.3,0.0,0.0,0.4500000000000001,0.11162790697674418,0.06511627906976744,0.16744186046511628
0.10181818181818182,0.953125,1.62109375,0.025,0.0,0.0,0.125,0.027906976744186046,0.027906976744186046,0.046511627906976744,0.3,0.0,0.0,0.4500000000000001,0.11162790697674418,0.06511627906976744,0.16744186046511628
0.10303030303030303,0.9638671875,1.6357421875,0.025,0.0,0.0,0.125,0.027906976744186046,0.027906976744186046,0.046511627906976744,0.3,0.0,0.0,0.4500000000000001,0.11162790697674418,0.06511627906976744,0.17674418604651163
0.10424242424242423,0.97509765625,1.650390625,0.025,0.0,0.0,0.125,0.027906976744186046,0.027906976744186046,0.046511627906976744,0.3,0.0,0.0,0.4500000000000001,0.11162790697674418,0.07441860465116279,0.17674418604651163
0.10545454545454544,0.986328125,1.666015625,0.025,0.0,0.0,0.125,0.027906976744186046,0.027906976744186046,0.046511627906976744,0.3,0.0,0.0,0.4500000000000001,0.11162790697674418,0.07441860465116279,0.18604651162790697
0.10666666666666667,0.9970703125,1.6806640625,0.025,0.0,0.0,0.125,0.027906976744186046,0.027906976744186046,0.046511627906976744,0.3,0.0,0.0,0.4500000000000001,0.11162790697674418,0.07441860465116279,0.19534883720930232
0.10787878787878788,1.0078125,1.693359375,0.025,0.0,0.0,0.125,0.027906976744186046,0.027906976744186046,0.046511627906976744,0.3,0.0,0.0,0.47500000000000014,0.11162790697674418,0.07441860465116279,0.19534883720930232
0.10909090909090909,1.01953125,1.708984375,0.025,0.0,0.0,0.15,0.027906976744186046,0.027906976744186046,0.046511627906976744,0.3,0.0,0.0,0.47500000000000014,0.11162790697674418,0.07441860465116279,0.19534883720930232
0.11030303030303032,1.03125,1.7216796875,0.025,0.0,0.0,0.15,0.027906976744186046,0.027906976744186046,0.046511627906976744,0.325,0.0,0.0,0.47500000000000014,0.11162790697674418,0.07441860465116279,0.19534883720930232
0.11151515151515153,1.0419921875,1.7373046875,0.025,0.0,0.0,0.15,0.027906976744186046,0.027906976744186046,0.046511627906976744,0.325,0.0,0.0,0.47500000000000014,0.12093023255813953,0.07441860465116279,0.19534883720930232
0.11272727272727273,1.052734375,1.7529296875,0.025,0.0,0.0,0.15,0.027906976744186046,0.027906976744186046,0.046511627906976744,0.325,0.0,0.0,0.47500000000000014,0.13023255813953488,0.07441860465116279,0.19534883720930232
0.11393939393939394,1.0625,1.765625,0.025,0.0,0.0,0.15,0.027906976744186046,0.027906976744186046,0.046511627906976744,0.325,0.0,0.0,0.47500000000000014,0.13023255813953488,0.08372093023255814,0.19534883720930232
0.11515151515151516,1.0732421875,1.78125,0.025,0.0,0.0,0.15,0.027906976744186046,0.027906976744186046,0.046511627906976744,0.325,0.0,0.0,0.47500000000000014,0.13023255813953488,0.08372093023255814,0.20465116279069767
0.11636363636363638,1.083984375,1.794921875,0.025,0.0,0.0,0.15,0.027906976744186046,0.027906976744186046,0.046511627906976744,0.325,0.0,0.0,0.47500000000000014,0.13023255813953488,0.08372093023255814,0.21395348837209302
0.11757575757575757,1.095703125,1.8076171875,0.025,0.0,0.0,0.15,0.037209302325581395,0.027906976744186046,0.046511627906976744,0.325,0.0,0.0,0.47500000000000014,0.13023255813953488,0.08372093023255814,0.21395348837209302
0.1187878787878788,1.1064453125,1.82421875,0.025,0.0,0.0,0.15,0.037209302325581395,0.027906976744186046,0.046511627906976744,0.35000000000000003,0.0,0.0,0.47500000000000014,0.13023255813953488,0.08372093023255814,0.21395348837209302
0.12000000000000002,1.1171875,1.837890625,0.025,0.0,0.0,0.15,0.037209302325581395,0.027906976744186046,0.046511627906976744,0.35000000000000003,0.0,0.0,0.47500000000000014,0.13023255813953488,0.09302325581395349,0.21395348837209302
0.12121212121212122,1.12890625,1.8505859375,0.025,0.0,0.0,0.175,0.037209302325581395,0.027906976744186046,0.046511627906976744,0.35000000000000003,0.0,0.0,0.47500000000000014,0.13023255813953488,0.09302325581395349,0.21395348837209302
0.12242424242424244,1.1396484375,1.8662109375,0.025,0.0,0.0,0.175,0.037209302325581395,0.027906976744186046,0.046511627906976744,0.35000000000000003,0.0,0.0,0.47500000000000014,0.13953488372093023,0.09302325581395349,0.21395348837209302
0.12363636363636363,1.150390625,1.8798828125,0.025,0.0,0.0,0.175,0.037209302325581395,0.027906976744186046,0.046511627906976744,0.35000000000000003,0.0,0.0,0.47500000000000014,0.14883720930232558,0.09302325581395349,0.21395348837209302
0.12484848484848486,1.1611328125,1.8935546875,0.025,0.0,0.0,0.175,0.037209302325581395,0.027906976744186046,0.05581395348837209,0.35000000000000003,0.0,0.0,0.47500000000000014,0.14883720930232558,0.09302325581395349,0.21395348837209302
0.1260606060606061,1.171875,1.9072265625,0.025,0.0,0.0,0.175,0.037209302325581395,0.027906976744186046,0.05581395348837209,0.37500000000000006,0.0,0.0,0.47500000000000014,0.14883720930232558,0.09302325581395349,0.21395348837209302
0.12727272727272726,1.1826171875,1.923828125,0.025,0.0,0.0,0.175,0.037209302325581395,0.027906976744186046,0.05581395348837209,0.37500000000000006,0.0,0.0,0.5000000000000001,0.14883720930232558,0.09302325581395349,0.21395348837209302
0.1284848484848485,1.193359375,1.9375,0.025,0.0,0.0,0.175,0.037209302325581395,0.027906976744186046,0.05581395348837209,0.37500000000000006,0.0,0.0,0.5000000000000001,0.15813953488372093,0.09302325581395349,0.21395348837209302
0.1296969696969697,1.203125,1.951171875,0.025,0.0,0.0,0.175,0.037209302325581395,0.027906976744186046,0.05581395348837209,0.37500000000000006,0.0,0.0,0.5000000000000001,0.15813953488372093,0.09302325581395349,0.22325581395348837
0.13090909090909095,1.2138671875,1.9638671875,0.025,0.0,0.0,0.175,0.037209302325581395,0.027906976744186046,0.05581395348837209,0.37500000000000006,0.0,0.0,0.5000000000000001,0.15813953488372093,0.10232558139534884,0.22325581395348837
0.13212121212121214,1.224609375,1.978515625,0.025,0.0,0.0,0.175,0.037209302325581395,0.027906976744186046,0.05581395348837209,0.37500000000000006,0.0,0.0,0.5000000000000001,0.15813953488372093,0.10232558139534884,0.23255813953488372
0.13333333333333336,1.234375,1.9931640625,0.025,0.0,0.0,0.175,0.037209302325581395,0.027906976744186046,0.05581395348837209,0.37500000000000006,0.0,0.0,0.5000000000000001,0.15813953488372093,0.10232558139534884,0.24186046511627907
0.13454545454545455,1.2451171875,2.0078125,0.025,0.0,0.0,0.175,0.037209302325581395,0.027906976744186046,0.05581395348837209,0.4000000000000001,0.0,0.0,0.5000000000000001,0.15813953488372093,0.10232558139534884,0.24186046511627907
0.13575757575757577,1.255859375,2.0234375,0.025,0.0,0.0,0.175,0.037209302325581395,0.027906976744186046,0.05581395348837209,0.4000000000000001,0.0,0.0,0.5000000000000001,0.16744186046511628,0.10232558139534884,0.24186046511627907
0.136969696969697,1.2666015625,2.03515625,0.025,0.0,0.0,0.175,0.037209302325581395,0.027906976744186046,0.05581395348837209,0.4000000000000001,0.0,0.0,0.5000000000000001,0.17674418604651163,0.10232558139534884,0.24186046511627907
0.13818181818181818,1.27734375,2.052734375,0.025,0.0,0.0,0.175,0.037209302325581395,0.027906976744186046,0.05581395348837209,0.4000000000000001,0.0,0.0,0.5250000000000001,0.17674418604651163,0.10232558139534884,0.24186046511627907
0.1393939393939394,1.2880859375,2.064453125,0.025,0.0,0.0,0.175,0.037209302325581395,0.027906976744186046,0.05581395348837209,0.4000000000000001,0.0,0.0,0.5250000000000001,0.17674418604651163,0.11162790697674418,0.24186046511627907
0.1406060606060606,1.298828125,2.078125,0.025,0.0,0.0,0.19999999999999998,0.037209302325581395,0.027906976744186046,0.05581395348837209,0.4000000000000001,0.0,0.0,0.5250000000000001,0.17674418604651163,0.11162790697674418,0.24186046511627907
0.14181818181818182,1.3095703125,2.091796875,0.025,0.0,0.0,0.19999999999999998,0.037209302325581395,0.027906976744186046,0.05581395348837209,0.4000000000000001,0.0,0.0,0.5250000000000001,0.18604651162790697,0.11162790697674418,0.24186046511627907
0.143030303030303,1.3203125,2.107421875,0.025,0.0,0.0,0.19999999999999998,0.037209302325581395,0.027906976744186046,0.05581395348837209,0.4000000000000001,0.0,0.0,0.5250000000000001,0.19534883720930232,0.11162790697674418,0.24186046511627907
0.14424242424242423,1.3310546875,2.12109375,0.025,0.0,0.0,0.19999999999999998,0.037209302325581395,0.027906976744186046,0.05581395348837209,0.4000000000000001,0.0,0.0,0.5250000000000001,0.19534883720930232,0.11162790697674418,0.25116279069767444
0.14545454545454545,1.3408203125,2.134765625,0.025,0.0,0.0,0.19999999999999998,0.037209302325581395,0.027906976744186046,0.05581395348837209,0.4000000000000001,0.0,0.0,0.5250000000000001,0.19534883720930232,0.11162790697674418,0.26046511627906976
0.1466666666666667,1.3515625,2.150390625,0.025,0.0,0.0,0.19999999999999998,0.037209302325581395,0.027906976744186046,0.06511627906976744,0.4000000000000001,0.0,0.0,0.5250000000000001,0.19534883720930232,0.11162790697674418,0.26046511627906976
0.14787878787878786,1.361328125,2.1640625,0.025,0.0,0.0,0.19999999999999998,0.037209302325581395,0.027906976744186046,0.06511627906976744,0.4000000000000001,0.0,0.0,0.5250000000000001,0.19534883720930232,0.11162790697674418,0.2697674418604651
0.1490909090909091,1.3720703125,2.1796875,0.025,0.0,0.0,0.19999999999999998,0.037209302325581395,0.027906976744186046,0.06511627906976744,0.4250000000000001,0.0,0.0,0.5250000000000001,0.19534883720930232,0.11162790697674418,0.2697674418604651
0.15030303030303033,1.3828125,2.19140625,0.025,0.0,0.0,0.19999999999999998,0.037209302325581395,0.027906976744186046,0.06511627906976744,0.4250000000000001,0.0,0.0,0.5250000000000001,0.19534883720930232,0.12093023255813953,0.2697674418604651
0.15151515151515152,1.3935546875,2.205078125,0.025,0.0,0.0,0.19999999999999998,0.037209302325581395,0.027906976744186046,0.06511627906976744,0.4250000000000001,0.0,0.0,0.5250000000000001,0.20465116279069767,0.12093023255813953,0.2697674418604651
0.15272727272727274,1.404296875,2.220703125,0.025,0.0,0.0,0.19999999999999998,0.037209302325581395,0.027906976744186046,0.06511627906976744,0.4250000000000001,0.0,0.0,0.5250000000000001,0.21395348837209302,0.12093023255813953,0.2697674418604651
0.15393939393939393,1.4150390625,2.234375,0.025,0.0,0.0,0.19999999999999998,0.037209302325581395,0.027906976744186046,0.06511627906976744,0.4250000000000001,0.0,0.0,0.5250000000000001,0.21395348837209302,0.13023255813953488,0.2697674418604651
0.15515151515151515,1.4248046875,2.25,0.025,0.0,0.0,0.19999999999999998,0.037209302325581395,0.027906976744186046,0.06511627906976744,0.4250000000000001,0.0,0.0,0.5250000000000001,0.21395348837209302,0.13023255813953488,0.2790697674418604
0.15636363636363637,1.4345703125,2.26171875,0.025,0.0,0.0,0.19999999999999998,0.037209302325581395,0.027906976744186046,0.06511627906976744,0.4250000000000001,0.0,0.0,0.5250000000000001,0.21395348837209302,0.13023255813953488,0.2883720930232557
0.15757575757575756,1.4462890625,2.27734375,0.025,0.0,0.0,0.22499999999999998,0.037209302325581395,0.027906976744186046,0.06511627906976744,0.4250000000000001,0.0,0.0,0.5250000000000001,0.21395348837209302,0.13023255813953488,0.2883720930232557
0.1587878787878788,1.45703125,2.29296875,0.025,0.0,0.0,0.22499999999999998,0.037209302325581395,0.027906976744186046,0.07441860465116279,0.4250000000000001,0.0,0.0,0.5250000000000001,0.21395348837209302,0.13023255813953488,0.2883720930232557
0.16,1.4677734375,2.3046875,0.025,0.0,0.0,0.22499999999999998,0.037209302325581395,0.027906976744186046,0.07441860465116279,0.4500000000000001,0.0,0.0,0.5250000000000001,0.21395348837209302,0.13023255813953488,0.2883720930232557
0.16121212121212122,1.478515625,2.3203125,0.025,0.0,0.0,0.22499999999999998,0.037209302325581395,0.027906976744186046,0.07441860465116279,0.47500000000000014,0.0,0.0,0.5250000000000001,0.21395348837209302,0.13023255813953488,0.2883720930232557
0.16242424242424244,1.4892578125,2.333984375,0.025,0.0,0.0,0.22499999999999998,0.037209302325581395,0.027906976744186046,0.07441860465116279,0.47500000000000014,0.0,0.0,0.5500000000000002,0.21395348837209302,0.13023255813953488,0.2883720930232557
0.16363636363636364,1.5,2.34765625,0.025,0.0,0.0,0.24999999999999997,0.037209302325581395,0.027906976744186046,0.07441860465116279,0.47500000000000014,0.0,0.0,0.5500000000000002,0.21395348837209302,0.13023255813953488,0.2883720930232557
0.16484848484848486,1.5107421875,2.361328125,0.025,0.0,0.0,0.24999999999999997,0.037209302325581395,0.027906976744186046,0.07441860465116279,0.47500000000000014,0.0,0.0,0.5500000000000002,0.22325581395348837,0.13023255813953488,0.2883720930232557
0.16606060606060608,1.521484375,2.376953125,0.025,0.0,0.0,0.24999999999999997,0.037209302325581395,0.027906976744186046,0.07441860465116279,0.47500000000000014,0.0,0.0,0.5500000000000002,0.23255813953488372,0.13023255813953488,0.2883720930232557
0.1672727272727273,1.5322265625,2.388671875,0.025,0.0,0.0,0.24999999999999997,0.037209302325581395,0.027906976744186046,0.07441860465116279,0.47500000000000014,0.0,0.0,0.5500000000000002,0.24186046511627907,0.13023255813953488,0.2883720930232557
0.1684848484848485,1.54296875,2.404296875,0.025,0.0,0.0,0.24999999999999997,0.037209302325581395,0.027906976744186046,0.07441860465116279,0.47500000000000014,0.0,0.0,0.5500000000000002,0.24186046511627907,0.13953488372093023,0.2883720930232557
0.1696969696969697,1.552734375,2.416015625,0.025,0.0,0.0,0.24999999999999997,0.037209302325581395,0.027906976744186046,0.07441860465116279,0.47500000000000014,0.0,0.0,0.5500000000000002,0.24186046511627907,0.14883720930232558,0.2883720930232557
0.1709090909090909,1.5634765625,2.431640625,0.025,0.0,0.0,0.24999999999999997,0.037209302325581395,0.027906976744186046,0.07441860465116279,0.47500000000000014,0.0,0.0,0.5500000000000002,0.24186046511627907,0.15813953488372093,0.2883720930232557
0.17212121212121212,1.5732421875,2.443359375,0.025,0.0,0.0,0.24999999999999997,0.037209302325581395,0.027906976744186046,0.07441860465116279,0.47500000000000014,0.0,0.0,0.5500000000000002,0.24186046511627907,0.15813953488372093,0.29767441860465105
0.1733333333333333,1.5830078125,2.458984375,0.025,0.0,0.0,0.24999999999999997,0.037209302325581395,0.027906976744186046,0.07441860465116279,0.47500000000000014,0.0,0.0,0.5500000000000002,0.24186046511627907,0.15813953488372093,0.30697674418604637
0.17454545454545453,1.59375,2.474609375,0.025,0.0,0.0,0.27499999999999997,0.037209302325581395,0.027906976744186046,0.07441860465116279,0.47500000000000014,0.0,0.0,0.5500000000000002,0.24186046511627907,0.15813953488372093,0.30697674418604637
0.17575757575757572,1.6044921875,2.48828125,0.025,0.0,0.0,0.27499999999999997,0.037209302325581395,0.037209302325581395,0.07441860465116279,0.47500000000000014,0.0,0.0,0.5500000000000002,0.24186046511627907,0.15813953488372093,0.30697674418604637
0.17696969696969694,1.615234375,2.50390625,0.025,0.0,0.0,0.27499999999999997,0.037209302325581395,0.037209302325581395,0.07441860465116279,0.47500000000000014,0.0,0.0,0.5500000000000002,0.24186046511627907,0.15813953488372093,0.3162790697674417
0.17818181818181816,1.625,2.515625,0.025,0.0,0.0,0.27499999999999997,0.037209302325581395,0.037209302325581395,0.07441860465116279,0.47500000000000014,0.0,0.0,0.5500000000000002,0.24186046511627907,0.15813953488372093,0.325581395348837
0.17939393939393938,1.6357421875,2.533203125,0.025,0.0,0.0,0.27499999999999997,0.037209302325581395,0.037209302325581395,0.07441860465116279,0.47500000000000014,0.0,0.0,0.5500000000000002,0.25116279069767444,0.15813953488372093,0.325581395348837
0.18060606060606058,1.6455078125,2.544921875,0.025,0.0,0.0,0.27499999999999997,0.037209302325581395,0.037209302325581395,0.07441860465116279,0.47500000000000014,0.0,0.0,0.5500000000000002,0.25116279069767444,0.15813953488372093,0.33488372093023233
0.1818181818181818,1.65625,2.55859375,0.025,0.0,0.0,0.27499999999999997,0.037209302325581395,0.037209302325581395,0.07441860465116279,0.47500000000000014,0.0,0.0,0.5750000000000002,0.25116279069767444,0.15813953488372093,0.33488372093023233
0.18303030303030302,1.6669921875,2.57421875,0.025,0.0,0.0,0.27499999999999997,0.037209302325581395,0.037209302325581395,0.07441860465116279,0.5000000000000001,0.0,0.0,0.5750000000000002,0.25116279069767444,0.15813953488372093,0.33488372093023233
0.18424242424242424,1.677734375,2.5859375,0.025,0.0,0.0,0.27499999999999997,0.037209302325581395,0.037209302325581395,0.07441860465116279,0.5000000000000001,0.0,0.0,0.5750000000000002,0.26046511627906976,0.15813953488372093,0.33488372093023233
0.18545454545454543,1.6884765625,2.6015625,0.025,0.0,0.0,0.27499999999999997,0.037209302325581395,0.037209302325581395,0.08372093023255814,0.5000000000000001,0.0,0.0,0.5750000000000002,0.26046511627906976,0.15813953488372093,0.33488372093023233
0.18666666666666665,1.69921875,2.615234375,0.025,0.0,0.0,0.27499999999999997,0.037209302325581395,0.037209302325581395,0.08372093023255814,0.5000000000000001,0.0,0.0,0.5750000000000002,0.2697674418604651,0.15813953488372093,0.33488372093023233
0.18787878787878787,1.708984375,2.630859375,0.025,0.0,0.0,0.27499999999999997,0.037209302325581395,0.037209302325581395,0.08372093023255814,0.5000000000000001,0.0,0.0,0.5750000000000002,0.2697674418604651,0.15813953488372093,0.34418604651162765
0.18909090909090903,1.7197265625,2.64453125,0.025,0.0,0.0,0.3,0.037209302325581395,0.037209302325581395,0.08372093023255814,0.5000000000000001,0.0,0.0,0.5750000000000002,0.2697674418604651,0.15813953488372093,0.34418604651162765
0.19030303030303028,1.73046875,2.66015625,0.025,0.0,0.0,0.3,0.037209302325581395,0.037209302325581395,0.08372093023255814,0.5250000000000001,0.0,0.0,0.5750000000000002,0.2697674418604651,0.15813953488372093,0.34418604651162765
0.19151515151515147,1.7412109375,2.673828125,0.025,0.0,0.0,0.3,0.037209302325581395,0.037209302325581395,0.08372093023255814,0.5250000000000001,0.0,0.0,0.5750000000000002,0.2790697674418604,0.15813953488372093,0.34418604651162765
0.19272727272727272,1.7509765625,2.685546875,0.025,0.0,0.0,0.3,0.037209302325581395,0.037209302325581395,0.08372093023255814,0.5250000000000001,0.0,0.0,0.5750000000000002,0.2790697674418604,0.16744186046511628,0.34418604651162765
0.1939393939393939,1.7607421875,2.701171875,0.025,0.0,0.0,0.3,0.037209302325581395,0.037209302325581395,0.08372093023255814,0.5250000000000001,0.0,0.0,0.5750000000000002,0.2790697674418604,0.17674418604651163,0.34418604651162765
0.19515151515151513,1.771484375,2.71484375,0.025,0.0,0.0,0.3,0.037209302325581395,0.037209302325581395,0.08372093023255814,0.5250000000000001,0.0,0.0,0.5750000000000002,0.2883720930232557,0.17674418604651163,0.34418604651162765
0.19636363636363632,1.7822265625,2.7265625,0.025,0.0,0.0,0.3,0.037209302325581395,0.037209302325581395,0.08372093023255814,0.5250000000000001,0.0,0.0,0.5750000000000002,0.29767441860465105,0.17674418604651163,0.34418604651162765
0.19757575757575754,1.7919921875,2.744140625,0.025,0.0,0.0,0.3,0.037209302325581395,0.037209302325581395,0.08372093023255814,0.5250000000000001,0.0,0.0,0.5750000000000002,0.29767441860465105,0.18604651162790697,0.34418604651162765
0.19878787878787874,1.802734375,2.755859375,0.025,0.0,0.0,0.3,0.037209302325581395,0.037209302325581395,0.08372093023255814,0.5250000000000001,0.0,0.0,0.5750000000000002,0.29767441860465105,0.19534883720930232,0.34418604651162765
0.19999999999999996,1.8125,2.76953125,0.025,0.0,0.0,0.3,0.037209302325581395,0.037209302325581395,0.08372093023255814,0.5250000000000001,0.0,0.0,0.5750000000000002,0.29767441860465105,0.20465116279069767,0.34418604651162765
0.20121212121212115,1.8232421875,2.78515625,0.025,0.0,0.0,0.3,0.037209302325581395,0.037209302325581395,0.08372093023255814,0.5250000000000001,0.0,0.0,0.5750000000000002,0.29767441860465105,0.21395348837209302,0.34418604651162765
0.20242424242424237,1.8330078125,2.798828125,0.025,0.0,0.0,0.3,0.037209302325581395,0.037209302325581395,0.08372093023255814,0.5250000000000001,0.0,0.0,0.5750000000000002,0.29767441860465105,0.21395348837209302,0.353488372093023
0.20363636363636362,1.8427734375,2.8125,0.025,0.0,0.0,0.3,0.037209302325581395,0.037209302325581395,0.08372093023255814,0.5250000000000001,0.0,0.0,0.5750000000000002,0.29767441860465105,0.21395348837209302,0.3627906976744183
0.20484848484848478,1.8525390625,2.828125,0.025,0.0,0.0,0.3,0.037209302325581395,0.037209302325581395,0.08372093023255814,0.5250000000000001,0.0,0.0,0.5750000000000002,0.29767441860465105,0.21395348837209302,0.3720930232558136
0.20606060606060603,1.86328125,2.841796875,0.025,0.0,0.0,0.325,0.037209302325581395,0.037209302325581395,0.08372093023255814,0.5250000000000001,0.0,0.0,0.5750000000000002,0.29767441860465105,0.21395348837209302,0.3720930232558136
0.20727272727272725,1.8740234375,2.85546875,0.025,0.0,0.0,0.325,0.037209302325581395,0.037209302325581395,0.09302325581395349,0.5250000000000001,0.0,0.0,0.5750000000000002,0.29767441860465105,0.21395348837209302,0.3720930232558136
0.20848484848484844,1.884765625,2.869140625,0.025,0.0,0.0,0.325,0.037209302325581395,0.037209302325581395,0.09302325581395349,0.5500000000000002,0.0,0.0,0.5750000000000002,0.29767441860465105,0.21395348837209302,0.3720930232558136
0.20969696969696966,1.89453125,2.88671875,0.025,0.0,0.0,0.325,0.037209302325581395,0.037209302325581395,0.09302325581395349,0.5500000000000002,0.0,0.0,0.5750000000000002,0.29767441860465105,0.21395348837209302,0.38139534883720894
0.21090909090909088,1.9052734375,2.8984375,0.025,0.0,0.0,0.325,0.037209302325581395,0.037209302325581395,0.09302325581395349,0.5500000000000002,0.0,0.0,0.6000000000000002,0.29767441860465105,0.21395348837209302,0.38139534883720894
0.21212121212121213,1.916015625,2.912109375,0.025,0.0,0.0,0.325,0.046511627906976744,0.037209302325581395,0.09302325581395349,0.5500000000000002,0.0,0.0,0.6000000000000002,0.29767441860465105,0.21395348837209302,0.38139534883720894
0.21333333333333326,1.9267578125,2.92578125,0.025,0.0,0.0,0.325,0.046511627906976744,0.037209302325581395,0.10232558139534884,0.5500000000000002,0.0,0.0,0.6000000000000002,0.29767441860465105,0.21395348837209302,0.38139534883720894
0.21454545454545448,1.9375,2.943359375,0.025,0.0,0.0,0.325,0.046511627906976744,0.037209302325581395,0.10232558139534884,0.5750000000000002,0.0,0.0,0.6000000000000002,0.29767441860465105,0.21395348837209302,0.38139534883720894
0.21575757575757573,1.9482421875,2.955078125,0.025,0.0,0.0,0.325,0.046511627906976744,0.037209302325581395,0.10232558139534884,0.5750000000000002,0.0,0.0,0.6000000000000002,0.30697674418604637,0.21395348837209302,0.38139534883720894
0.21696969696969695,1.958984375,2.96875,0.025,0.0,0.0,0.325,0.046511627906976744,0.037209302325581395,0.10232558139534884,0.5750000000000002,0.0,0.0,0.6000000000000002,0.3162790697674417,0.21395348837209302,0.38139534883720894
0.21818181818181814,1.96875,2.982421875,0.025,0.0,0.0,0.325,0.046511627906976744,0.037209302325581395,0.10232558139534884,0.5750000000000002,0.0,0.0,0.6000000000000002,0.3162790697674417,0.22325581395348837,0.38139534883720894
0.21939393939393934,1.9794921875,2.99609375,0.025,0.0,0.0,0.35000000000000003,0.046511627906976744,0.037209302325581395,0.10232558139534884,0.5750000000000002,0.0,0.0,0.6000000000000002,0.3162790697674417,0.22325581395348837,0.38139534883720894
0.22060606060606056,1.990234375,3.013671875,0.025,0.0,0.0,0.35000000000000003,0.046511627906976744,0.037209302325581395,0.10232558139534884,0.5750000000000002,0.0,0.0,0.6000000000000002,0.325581395348837,0.22325581395348837,0.38139534883720894
0.22181818181818178,2.0,3.025390625,0.025,0.0,0.0,0.35000000000000003,0.046511627906976744,0.037209302325581395,0.10232558139534884,0.5750000000000002,0.0,0.0,0.6000000000000002,0.33488372093023233,0.22325581395348837,0.38139534883720894
0.22303030303030297,2.009765625,3.0390625,0.025,0.0,0.0,0.35000000000000003,0.046511627906976744,0.037209302325581395,0.10232558139534884,0.5750000000000002,0.0,0.0,0.6000000000000002,0.33488372093023233,0.22325581395348837,0.39069767441860426
0.22424242424242416,2.01953125,3.052734375,0.025,0.0,0.0,0.35000000000000003,0.046511627906976744,0.037209302325581395,0.10232558139534884,0.5750000000000002,0.0,0.0,0.6000000000000002,0.33488372093023233,0.22325581395348837,0.3999999999999996
0.22545454545454538,2.029296875,3.06640625,0.025,0.0,0.0,0.35000000000000003,0.046511627906976744,0.037209302325581395,0.10232558139534884,0.5750000000000002,0.0,0.0,0.6000000000000002,0.33488372093023233,0.22325581395348837,0.4093023255813949
0.22666666666666663,2.041015625,3.08203125,0.025,0.0,0.0,0.37500000000000006,0.046511627906976744,0.037209302325581395,0.10232558139534884,0.5750000000000002,0.0,0.0,0.6000000000000002,0.33488372093023233,0.22325581395348837,0.4093023255813949
0.22787878787878785,2.05078125,3.09765625,0.025,0.0,0.0,0.37500000000000006,0.046511627906976744,0.037209302325581395,0.10232558139534884,0.5750000000000002,0.0,0.0,0.6000000000000002,0.33488372093023233,0.22325581395348837,0.4186046511627902
0.22909090909090904,2.0625,3.111328125,0.025,0.0,0.0,0.37500000000000006,0.046511627906976744,0.037209302325581395,0.11162790697674418,0.5750000000000002,0.0,0.0,0.6000000000000002,0.33488372093023233,0.22325581395348837,0.4186046511627902
0.2303030303030302,2.072265625,3.126953125,0.025,0.0,0.0,0.37500000000000006,0.046511627906976744,0.037209302325581395,0.11162790697674418,0.6000000000000002,0.0,0.0,0.6000000000000002,0.33488372093023233,0.22325581395348837,0.4186046511627902
0.23151515151515145,2.08203125,3.140625,0.025,0.0,0.0,0.37500000000000006,0.046511627906976744,0.037209302325581395,0.11162790697674418,0.6000000000000002,0.0,0.0,0.6000000000000002,0.33488372093023233,0.23255813953488372,0.4186046511627902
0.23272727272727267,2.09375,3.154296875,0.025,0.0,0.0,0.4000000000000001,0.046511627906976744,0.037209302325581395,0.11162790697674418,0.6000000000000002,0.0,0.0,0.6000000000000002,0.33488372093023233,0.23255813953488372,0.4186046511627902
0.23393939393939386,2.10546875,3.16796875,0.025,0.0,0.0,0.4000000000000001,0.046511627906976744,0.037209302325581395,0.12093023255813953,0.6000000000000002,0.0,0.0,0.6000000000000002,0.33488372093023233,0.23255813953488372,0.4186046511627902
0.23515151515151508,2.1171875,3.1796875,0.025,0.0,0.0,0.4000000000000001,0.046511627906976744,0.037209302325581395,0.12093023255813953,0.6250000000000002,0.0,0.0,0.6000000000000002,0.33488372093023233,0.23255813953488372,0.4186046511627902
0.23636363636363628,2.126953125,3.197265625,0.025,0.0,0.0,0.4000000000000001,0.046511627906976744,0.037209302325581395,0.12093023255813953,0.6250000000000002,0.0,0.0,0.6000000000000002,0.33488372093023233,0.24186046511627907,0.4186046511627902
0.2375757575757575,2.138671875,3.2109375,0.025,0.0,0.0,0.4000000000000001,0.046511627906976744,0.037209302325581395,0.13023255813953488,0.6250000000000002,0.0,0.0,0.6000000000000002,0.33488372093023233,0.24186046511627907,0.4186046511627902
0.23878787878787874,2.150390625,3.2265625,0.025,0.0,0.0,0.4000000000000001,0.046511627906976744,0.037209302325581395,0.13023255813953488,0.6250000000000002,0.0,0.0,0.6250000000000002,0.33488372093023233,0.24186046511627907,0.4186046511627902
0.23999999999999994,2.16015625,3.2421875,0.025,0.0,0.0,0.4000000000000001,0.046511627906976744,0.037209302325581395,0.13023255813953488,0.6250000000000002,0.0,0.0,0.6250000000000002,0.34418604651162765,0.24186046511627907,0.4186046511627902
0.2412121212121211,2.169921875,3.25390625,0.025,0.0,0.0,0.4000000000000001,0.046511627906976744,0.037209302325581395,0.13023255813953488,0.6250000000000002,0.0,0.0,0.6250000000000002,0.353488372093023,0.24186046511627907,0.4186046511627902
0.24242424242424235,2.1796875,3.26953125,0.025,0.0,0.0,0.4000000000000001,0.046511627906976744,0.037209302325581395,0.13023255813953488,0.6250000000000002,0.0,0.0,0.6250000000000002,0.3627906976744183,0.24186046511627907,0.4186046511627902
0.24363636363636357,2.189453125,3.283203125,0.025,0.0,0.0,0.4000000000000001,0.046511627906976744,0.037209302325581395,0.13023255813953488,0.6250000000000002,0.0,0.0,0.6250000000000002,0.3627906976744183,0.25116279069767444,0.4186046511627902
0.24484848484848476,2.19921875,3.296875,0.025,0.0,0.0,0.4000000000000001,0.046511627906976744,0.037209302325581395,0.13023255813953488,0.6250000000000002,0.0,0.0,0.6250000000000002,0.3627906976744183,0.25116279069767444,0.42790697674418554
0.24606060606060598,2.2109375,3.310546875,0.025,0.0,0.0,0.4250000000000001,0.046511627906976744,0.037209302325581395,0.13023255813953488,0.6250000000000002,0.0,0.0,0.6250000000000002,0.3627906976744183,0.25116279069767444,0.42790697674418554
0.2472727272727272,2.22265625,3.32421875,0.025,0.0,0.0,0.4250000000000001,0.046511627906976744,0.037209302325581395,0.13023255813953488,0.6500000000000002,0.0,0.0,0.6250000000000002,0.3627906976744183,0.25116279069767444,0.42790697674418554
0.2484848484848484,2.234375,3.337890625,0.025,0.0,0.0,0.4250000000000001,0.046511627906976744,0.037209302325581395,0.13023255813953488,0.6500000000000002,0.0,0.0,0.6500000000000002,0.3627906976744183,0.25116279069767444,0.42790697674418554
0.24969696969696964,2.244140625,3.353515625,0.025,0.0,0.0,0.4250000000000001,0.046511627906976744,0.037209302325581395,0.13023255813953488,0.6500000000000002,0.0,0.0,0.6500000000000002,0.3627906976744183,0.26046511627906976,0.42790697674418554
0.2509090909090908,2.25390625,3.37109375,0.025,0.0,0.0,0.4250000000000001,0.046511627906976744,0.037209302325581395,0.13023255813953488,0.6500000000000002,0.0,0.0,0.6500000000000002,0.3627906976744183,0.2697674418604651,0.42790697674418554
0.252121212121212,2.263671875,3.38671875,0.025,0.0,0.0,0.4250000000000001,0.046511627906976744,0.037209302325581395,0.13023255813953488,0.6500000000000002,0.0,0.0,0.6500000000000002,0.3627906976744183,0.2697674418604651,0.43720930232558086
0.25333333333333324,2.2734375,3.3984375,0.025,0.0,0.0,0.4250000000000001,0.046511627906976744,0.037209302325581395,0.13023255813953488,0.6500000000000002,0.0,0.0,0.6500000000000002,0.3627906976744183,0.2697674418604651,0.4465116279069762
0.25454545454545446,2.283203125,3.412109375,0.025,0.0,0.0,0.4250000000000001,0.046511627906976744,0.037209302325581395,0.13023255813953488,0.6500000000000002,0.0,0.0,0.6500000000000002,0.3627906976744183,0.2790697674418604,0.4465116279069762
0.2557575757575757,2.29296875,3.427734375,0.025,0.0,0.0,0.4250000000000001,0.046511627906976744,0.037209302325581395,0.13023255813953488,0.6500000000000002,0.0,0.0,0.6500000000000002,0.3627906976744183,0.2790697674418604,0.4558139534883715
0.25696969696969685,2.3046875,3.44140625,0.025,0.0,0.0,0.4250000000000001,0.05581395348837209,0.037209302325581395,0.13023255813953488,0.6500000000000002,0.0,0.0,0.6500000000000002,0.3627906976744183,0.2790697674418604,0.4558139534883715
0.25818181818181807,2.314453125,3.455078125,0.025,0.0,0.0,0.4250000000000001,0.05581395348837209,0.037209302325581395,0.13023255813953488,0.6500000000000002,0.0,0.0,0.6500000000000002,0.3627906976744183,0.2883720930232557,0.4558139534883715
0.2593939393939393,2.326171875,3.470703125,0.025,0.0,0.0,0.4250000000000001,0.05581395348837209,0.046511627906976744,0.13023255813953488,0.6500000000000002,0.0,0.0,0.6500000000000002,0.3627906976744183,0.2883720930232557,0.4558139534883715
0.2606060606060605,2.3359375,3.484375,0.025,0.0,0.0,0.4250000000000001,0.05581395348837209,0.046511627906976744,0.13023255813953488,0.6500000000000002,0.0,0.0,0.6500000000000002,0.3627906976744183,0.29767441860465105,0.4558139534883715
0.2618181818181817,2.34765625,3.498046875,0.025,0.0,0.0,0.4250000000000001,0.05581395348837209,0.046511627906976744,0.13953488372093023,0.6500000000000002,0.0,0.0,0.6500000000000002,0.3627906976744183,0.29767441860465105,0.4558139534883715
0.26303030303030295,2.357421875,3.513671875,0.025,0.0,0.0,0.4250000000000001,0.05581395348837209,0.046511627906976744,0.13953488372093023,0.6500000000000002,0.0,0.0,0.6500000000000002,0.3627906976744183,0.29767441860465105,0.4651162790697668
0.26424242424242417,2.3671875,3.52734375,0.025,0.0,0.0,0.4250000000000001,0.05581395348837209,0.046511627906976744,0.13953488372093023,0.6500000000000002,0.0,0.0,0.6500000000000002,0.3627906976744183,0.29767441860465105,0.47441860465116215
0.26545454545454533,2.37890625,3.5390625,0.025,0.0,0.0,0.4500000000000001,0.05581395348837209,0.046511627906976744,0.13953488372093023,0.6500000000000002,0.0,0.0,0.6500000000000002,0.3627906976744183,0.29767441860465105,0.47441860465116215
0.2666666666666666,2.388671875,3.556640625,0.025,0.0,0.0,0.4500000000000001,0.05581395348837209,0.046511627906976744,0.13953488372093023,0.6500000000000002,0.0,0.0,0.6500000000000002,0.3720930232558136,0.29767441860465105,0.47441860465116215
0.26787878787878777,2.3984375,3.5703125,0.025,0.0,0.0,0.4500000000000001,0.05581395348837209,0.046511627906976744,0.13953488372093023,0.6500000000000002,0.0,0.0,0.6500000000000002,0.38139534883720894,0.29767441860465105,0.47441860465116215
0.269090909090909,2.41015625,3.58203125,0.025,0.0,0.0,0.4500000000000001,0.05581395348837209,0.046511627906976744,0.14883720930232558,0.6500000000000002,0.0,0.0,0.6500000000000002,0.38139534883720894,0.29767441860465105,0.47441860465116215
0.27030303030303016,2.421875,3.599609375,0.025,0.0,0.0,0.4500000000000001,0.05581395348837209,0.046511627906976744,0.14883720930232558,0.6750000000000003,0.0,0.0,0.6500000000000002,0.38139534883720894,0.29767441860465105,0.47441860465116215
0.27151515151515143,2.431640625,3.61328125,0.025,0.0,0.0,0.4500000000000001,0.05581395348837209,0.046511627906976744,0.14883720930232558,0.6750000000000003,0.0,0.0,0.6500000000000002,0.39069767441860426,0.29767441860465105,0.47441860465116215
0.2727272727272726,2.44140625,3.626953125,0.025,0.0,0.0,0.4500000000000001,0.05581395348837209,0.046511627906976744,0.14883720930232558,0.6750000000000003,0.0,0.0,0.6500000000000002,0.3999999999999996,0.29767441860465105,0.47441860465116215
0.2739393939393938,2.453125,3.640625,0.025,0.0,0.0,0.4500000000000001,0.05581395348837209,0.046511627906976744,0.14883720930232558,0.6750000000000003,0.0,0.0,0.6750000000000003,0.3999999999999996,0.29767441860465105,0.47441860465116215
0.27515151515151504,2.46484375,3.65625,0.025,0.0,0.0,0.4500000000000001,0.05581395348837209,0.046511627906976744,0.14883720930232558,0.7000000000000003,0.0,0.0,0.6750000000000003,0.3999999999999996,0.29767441860465105,0.47441860465116215
0.27636363636363626,2.4765625,3.669921875,0.025,0.0,0.0,0.4500000000000001,0.05581395348837209,0.046511627906976744,0.14883720930232558,0.7000000000000003,0.0,0.0,0.6750000000000003,0.4093023255813949,0.29767441860465105,0.47441860465116215
0.2775757575757575,2.486328125,3.6796875,0.025,0.0,0.0,0.4500000000000001,0.05581395348837209,0.046511627906976744,0.14883720930232558,0.7000000000000003,0.0,0.0,0.6750000000000003,0.4186046511627902,0.29767441860465105,0.47441860465116215
0.27878787878787864,2.49609375,3.6953125,0.025,0.0,0.0,0.4500000000000001,0.05581395348837209,0.046511627906976744,0.14883720930232558,0.7000000000000003,0.0,0.0,0.6750000000000003,0.42790697674418554,0.29767441860465105,0.47441860465116215
0.2799999999999999,2.5078125,3.7109375,0.025,0.0,0.0,0.47500000000000014,0.05581395348837209,0.046511627906976744,0.14883720930232558,0.7000000000000003,0.0,0.0,0.6750000000000003,0.42790697674418554,0.29767441860465105,0.47441860465116215
0.2812121212121211,2.51953125,3.724609375,0.025,0.0,0.0,0.47500000000000014,0.05581395348837209,0.046511627906976744,0.15813953488372093,0.7000000000000003,0.0,0.0,0.6750000000000003,0.42790697674418554,0.29767441860465105,0.47441860465116215
0.2824242424242423,2.53125,3.740234375,0.025,0.0,0.0,0.47500000000000014,0.05581395348837209,0.046511627906976744,0.16744186046511628,0.7000000000000003,0.0,0.0,0.6750000000000003,0.42790697674418554,0.29767441860465105,0.47441860465116215
0.28363636363636346,2.54296875,3.75390625,0.025,0.0,0.0,0.47500000000000014,0.05581395348837209,0.046511627906976744,0.16744186046511628,0.7000000000000003,0.0,0.0,0.6750000000000003,0.43720930232558086,0.29767441860465105,0.47441860465116215
0.28484848484848474,2.552734375,3.767578125,0.025,0.0,0.0,0.47500000000000014,0.05581395348837209,0.046511627906976744,0.16744186046511628,0.7000000000000003,0.0,0.0,0.6750000000000003,0.4465116279069762,0.29767441860465105,0.47441860465116215
0.2860606060606059,2.5625,3.78125,0.025,0.0,0.0,0.47500000000000014,0.05581395348837209,0.046511627906976744,0.16744186046511628,0.7000000000000003,0.0,0.0,0.6750000000000003,0.4465116279069762,0.30697674418604637,0.47441860465116215
0.2872727272727271,2.572265625,3.798828125,0.025,0.0,0.0,0.47500000000000014,0.05581395348837209,0.046511627906976744,0.16744186046511628,0.7000000000000003,0.0,0.0,0.6750000000000003,0.4465116279069762,0.3162790697674417,0.47441860465116215
0.28848484848484834,2.58203125,3.8125,0.025,0.0,0.0,0.47500000000000014,0.05581395348837209,0.046511627906976744,0.16744186046511628,0.7000000000000003,0.0,0.0,0.6750000000000003,0.4465116279069762,0.325581395348837,0.47441860465116215
0.2896969696969695,2.591796875,3.826171875,0.025,0.0,0.0,0.47500000000000014,0.05581395348837209,0.046511627906976744,0.16744186046511628,0.7000000000000003,0.0,0.0,0.6750000000000003,0.4465116279069762,0.325581395348837,0.48372093023255747
0.29090909090909073,2.6015625,3.841796875,0.025,0.0,0.0,0.47500000000000014,0.05581395348837209,0.046511627906976744,0.16744186046511628,0.7000000000000003,0.0,0.0,0.6750000000000003,0.4465116279069762,0.325581395348837,0.4930232558139528
0.29212121212121195,2.611328125,3.857421875,0.025,0.0,0.0,0.47500000000000014,0.05581395348837209,0.046511627906976744,0.16744186046511628,0.7000000000000003,0.0,0.0,0.6750000000000003,0.4465116279069762,0.33488372093023233,0.4930232558139528
0.29333333333333317,2.62109375,3.8671875,0.025,0.0,0.0,0.47500000000000014,0.05581395348837209,0.046511627906976744,0.16744186046511628,0.7000000000000003,0.0,0.0,0.6750000000000003,0.4465116279069762,0.33488372093023233,0.5023255813953481
0.2945454545454544,2.630859375,3.880859375,0.025,0.0,0.0,0.47500000000000014,0.05581395348837209,0.046511627906976744,0.16744186046511628,0.7000000000000003,0.0,0.0,0.6750000000000003,0.4465116279069762,0.33488372093023233,0.5116279069767434
0.29575757575757555,2.642578125,3.896484375,0.025,0.0,0.0,0.47500000000000014,0.06511627906976744,0.046511627906976744,0.16744186046511628,0.7000000000000003,0.0,0.0,0.6750000000000003,0.4465116279069762,0.33488372093023233,0.5116279069767434
0.2969696969696968,2.654296875,3.91015625,0.025,0.0,0.0,0.47500000000000014,0.06511627906976744,0.046511627906976744,0.16744186046511628,0.7000000000000003,0.0,0.0,0.6750000000000003,0.4558139534883715,0.33488372093023233,0.5116279069767434
0.29818181818181805,2.6640625,3.923828125,0.025,0.0,0.0,0.47500000000000014,0.06511627906976744,0.046511627906976744,0.16744186046511628,0.7000000000000003,0.0,0.0,0.6750000000000003,0.4651162790697668,0.33488372093023233,0.5116279069767434
0.29939393939393927,2.67578125,3.939453125,0.025,0.0,0.0,0.5000000000000001,0.06511627906976744,0.046511627906976744,0.16744186046511628,0.7000000000000003,0.0,0.0,0.6750000000000003,0.4651162790697668,0.33488372093023233,0.5116279069767434
0.30060606060606043,2.6875,3.95703125,0.025,0.0,0.0,0.5000000000000001,0.06511627906976744,0.046511627906976744,0.16744186046511628,0.7000000000000003,0.0,0.0,0.6750000000000003,0.47441860465116215,0.33488372093023233,0.5116279069767434
0.30181818181818165,2.697265625,3.970703125,0.025,0.0,0.0,0.5000000000000001,0.06511627906976744,0.046511627906976744,0.16744186046511628,0.7000000000000003,0.0,0.0,0.6750000000000003,0.47441860465116215,0.34418604651162765,0.5116279069767434
0.30303030303030287,2.708984375,3.984375,0.025,0.0,0.0,0.5000000000000001,0.06511627906976744,0.046511627906976744,0.16744186046511628,0.7000000000000003,0.0,0.0,0.6750000000000003,0.48372093023255747,0.34418604651162765,0.5116279069767434
0.3042424242424241,2.71875,3.994140625,0.025,0.0,0.0,0.5000000000000001,0.06511627906976744,0.046511627906976744,0.16744186046511628,0.7000000000000003,0.0,0.0,0.6750000000000003,0.48372093023255747,0.353488372093023,0.5116279069767434
0.3054545454545453,2.728515625,4.01171875,0.025,0.0,0.0,0.5000000000000001,0.06511627906976744,0.046511627906976744,0.16744186046511628,0.7000000000000003,0.0,0.0,0.6750000000000003,0.48372093023255747,0.3627906976744183,0.5116279069767434
0.3066666666666665,2.73828125,4.0234375,0.025,0.0,0.0,0.5000000000000001,0.06511627906976744,0.046511627906976744,0.16744186046511628,0.7000000000000003,0.0,0.0,0.6750000000000003,0.48372093023255747,0.3627906976744183,0.5209302325581388
0.30787878787878764,2.75,4.0390625,0.025,0.0,0.0,0.5000000000000001,0.06511627906976744,0.046511627906976744,0.16744186046511628,0.7250000000000003,0.0,0.0,0.6750000000000003,0.48372093023255747,0.3627906976744183,0.5209302325581388
0.30909090909090886,2.759765625,4.0546875,0.025,0.0,0.0,0.5000000000000001,0.06511627906976744,0.046511627906976744,0.16744186046511628,0.7250000000000003,0.0,0.0,0.6750000000000003,0.48372093023255747,0.3627906976744183,0.5302325581395341
0.3103030303030301,2.76953125,4.0703125,0.025,0.0,0.0,0.5000000000000001,0.06511627906976744,0.046511627906976744,0.16744186046511628,0.7250000000000003,0.0,0.0,0.6750000000000003,0.48372093023255747,0.3627906976744183,0.5395348837209294
0.3115151515151513,2.78125,4.0859375,0.025,0.0,0.0,0.5000000000000001,0.06511627906976744,0.046511627906976744,0.16744186046511628,0.7250000000000003,0.0,0.0,0.6750000000000003,0.4930232558139528,0.3627906976744183,0.5395348837209294
0.3127272727272725,2.791015625,4.09765625,0.025,0.0,0.0,0.5000000000000001,0.06511627906976744,0.046511627906976744,0.16744186046511628,0.7250000000000003,0.0,0.0,0.6750000000000003,0.4930232558139528,0.3720930232558136,0.5395348837209294
0.31393939393939374,2.80078125,4.109375,0.025,0.0,0.0,0.5000000000000001,0.06511627906976744,0.046511627906976744,0.16744186046511628,0.7250000000000003,0.0,0.0,0.6750000000000003,0.4930232558139528,0.38139534883720894,0.5395348837209294
0.3151515151515149,2.8125,4.125,0.025,0.0,0.0,0.5000000000000001,0.06511627906976744,0.046511627906976744,0.16744186046511628,0.7250000000000003,0.0,0.0,0.6750000000000003,0.5023255813953481,0.38139534883720894,0.5395348837209294
0.3163636363636361,2.822265625,4.140625,0.025,0.0,0.0,0.5000000000000001,0.06511627906976744,0.046511627906976744,0.16744186046511628,0.7250000000000003,0.0,0.0,0.6750000000000003,0.5023255813953481,0.38139534883720894,0.5488372093023247
0.3175757575757573,2.83203125,4.15625,0.025,0.0,0.0,0.5000000000000001,0.06511627906976744,0.046511627906976744,0.16744186046511628,0.7250000000000003,0.0,0.0,0.6750000000000003,0.5023255813953481,0.38139534883720894,0.55813953488372
0.31878787878787856,2.84375,4.16796875,0.025,0.0,0.0,0.5000000000000001,0.06511627906976744,0.05581395348837209,0.16744186046511628,0.7250000000000003,0.0,0.0,0.6750000000000003,0.5023255813953481,0.38139534883720894,0.55813953488372
0.3199999999999998,2.85546875,4.1875,0.025,0.0,0.0,0.5000000000000001,0.06511627906976744,0.05581395348837209,0.16744186046511628,0.7250000000000003,0.0,0.0,0.7000000000000003,0.5023255813953481,0.38139534883720894,0.55813953488372
0.321212121212121,2.8671875,4.203125,0.025,0.0,0.0,0.5000000000000001,0.06511627906976744,0.05581395348837209,0.17674418604651163,0.7250000000000003,0.0,0.0,0.7000000000000003,0.5023255813953481,0.38139534883720894,0.55813953488372
0.3224242424242422,2.87890625,4.2109375,0.025,0.0,0.0,0.5000000000000001,0.06511627906976744,0.05581395348837209,0.17674418604651163,0.7250000000000003,0.0,0.0,0.7000000000000003,0.5116279069767434,0.38139534883720894,0.55813953488372
0.3236363636363634,2.888671875,4.2265625,0.025,0.0,0.0,0.5000000000000001,0.06511627906976744,0.05581395348837209,0.17674418604651163,0.7250000000000003,0.0,0.0,0.7000000000000003,0.5116279069767434,0.39069767441860426,0.55813953488372
0.3248484848484846,2.900390625,4.2421875,0.025,0.0,0.0,0.5000000000000001,0.06511627906976744,0.05581395348837209,0.17674418604651163,0.7250000000000003,0.0,0.0,0.7000000000000003,0.5209302325581388,0.39069767441860426,0.55813953488372
0.32606060606060583,2.912109375,4.2578125,0.025,0.0,0.0,0.5000000000000001,0.06511627906976744,0.05581395348837209,0.17674418604651163,0.7250000000000003,0.0,0.0,0.7000000000000003,0.5302325581395341,0.39069767441860426,0.55813953488372
0.32727272727272705,2.921875,4.2734375,0.025,0.0,0.0,0.5000000000000001,0.06511627906976744,0.05581395348837209,0.17674418604651163,0.7250000000000003,0.0,0.0,0.7000000000000003,0.5302325581395341,0.3999999999999996,0.55813953488372
0.32848484848484827,2.931640625,4.28515625,0.025,0.0,0.0,0.5000000000000001,0.06511627906976744,0.05581395348837209,0.17674418604651163,0.7250000000000003,0.0,0.0,0.7000000000000003,0.5302325581395341,0.3999999999999996,0.5674418604651154
0.32969696969696943,2.943359375,4.296875,0.025,0.0,0.0,0.5000000000000001,0.06511627906976744,0.05581395348837209,0.17674418604651163,0.7250000000000003,0.0,0.0,0.7000000000000003,0.5395348837209294,0.3999999999999996,0.5674418604651154
0.33090909090909065,2.953125,4.31640625,0.025,0.0,0.0,0.5000000000000001,0.06511627906976744,0.05581395348837209,0.17674418604651163,0.7250000000000003,0.0,0.0,0.7000000000000003,0.5395348837209294,0.4093023255813949,0.5674418604651154
0.3321212121212119,2.96484375,4.328125,0.025,0.0,0.0,0.5000000000000001,0.06511627906976744,0.05581395348837209,0.17674418604651163,0.7500000000000003,0.0,0.0,0.7000000000000003,0.5395348837209294,0.4093023255813949,0.5674418604651154
0.3333333333333331,2.9765625,4.34375,0.025,0.0,0.0,0.5250000000000001,0.06511627906976744,0.05581395348837209,0.17674418604651163,0.7500000000000003,0.0,0.0,0.7000000000000003,0.5395348837209294,0.4093023255813949,0.5674418604651154
0.3345454545454543,2.98828125,4.359375,0.025,0.0,0.0,0.5250000000000001,0.06511627906976744,0.05581395348837209,0.18604651162790697,0.7500000000000003,0.0,0.0,0.7000000000000003,0.5395348837209294,0.4093023255813949,0.5674418604651154
0.3357575757575755,3.0,4.37109375,0.025,0.0,0.0,0.5250000000000001,0.06511627906976744,0.05581395348837209,0.18604651162790697,0.7500000000000003,0.0,0.0,0.7000000000000003,0.5395348837209294,0.4186046511627902,0.5674418604651154
0.3369696969696967,3.009765625,4.38671875,0.025,0.0,0.0,0.5250000000000001,0.06511627906976744,0.05581395348837209,0.18604651162790697,0.7500000000000003,0.0,0.0,0.7000000000000003,0.5395348837209294,0.42790697674418554,0.5674418604651154
0.3381818181818179,3.01953125,4.40234375,0.025,0.0,0.0,0.5250000000000001,0.06511627906976744,0.05581395348837209,0.18604651162790697,0.7500000000000003,0.0,0.0,0.7000000000000003,0.5395348837209294,0.42790697674418554,0.5767441860465107
0.3393939393939391,3.03125,4.41796875,0.025,0.0,0.0,0.5250000000000001,0.06511627906976744,0.05581395348837209,0.18604651162790697,0.7500000000000003,0.0,0.0,0.7000000000000003,0.5488372093023247,0.42790697674418554,0.5767441860465107
0.3406060606060603,3.04296875,4.4296875,0.025,0.0,0.0,0.5250000000000001,0.06511627906976744,0.05581395348837209,0.18604651162790697,0.7500000000000003,0.0,0.0,0.7000000000000003,0.55813953488372,0.42790697674418554,0.5767441860465107
0.3418181818181815,3.052734375,4.44140625,0.025,0.0,0.0,0.5250000000000001,0.06511627906976744,0.05581395348837209,0.18604651162790697,0.7500000000000003,0.0,0.0,0.7000000000000003,0.55813953488372,0.43720930232558086,0.5767441860465107
0.34303030303030274,3.064453125,4.45703125,0.025,0.0,0.0,0.5250000000000001,0.06511627906976744,0.05581395348837209,0.18604651162790697,0.7500000000000003,0.0,0.0,0.7000000000000003,0.55813953488372,0.4465116279069762,0.5767441860465107
0.34424242424242396,3.07421875,4.47265625,0.025,0.0,0.0,0.5250000000000001,0.06511627906976744,0.05581395348837209,0.18604651162790697,0.7500000000000003,0.0,0.0,0.7000000000000003,0.55813953488372,0.4558139534883715,0.5767441860465107
0.3454545454545451,3.0859375,4.48828125,0.025,0.0,0.0,0.5250000000000001,0.06511627906976744,0.05581395348837209,0.19534883720930232,0.7500000000000003,0.0,0.0,0.7000000000000003,0.55813953488372,0.4558139534883715,0.5767441860465107
0.34666666666666635,3.09765625,4.50390625,0.025,0.0,0.0,0.5250000000000001,0.06511627906976744,0.05581395348837209,0.19534883720930232,0.7500000000000003,0.0,0.0,0.7000000000000003,0.55813953488372,0.4651162790697668,0.5767441860465107
0.34787878787878757,3.107421875,4.515625,0.025,0.0,0.0,0.5250000000000001,0.06511627906976744,0.05581395348837209,0.19534883720930232,0.7500000000000003,0.0,0.0,0.7000000000000003,0.55813953488372,0.4651162790697668,0.586046511627906
0.34909090909090873,3.1171875,4.53125,0.025,0.0,0.0,0.5250000000000001,0.06511627906976744,0.05581395348837209,0.19534883720930232,0.7500000000000003,0.0,0.0,0.7000000000000003,0.55813953488372,0.4651162790697668,0.5953488372093013
0.35030303030303,3.12890625,4.546875,0.025,0.0,0.0,0.5250000000000001,0.06511627906976744,0.05581395348837209,0.19534883720930232,0.7500000000000003,0.0,0.0,0.7000000000000003,0.5674418604651154,0.4651162790697668,0.5953488372093013
0.3515151515151512,3.140625,4.55859375,0.025,0.0,0.0,0.5250000000000001,0.06511627906976744,0.05581395348837209,0.19534883720930232,0.7500000000000003,0.0,0.0,0.7000000000000003,0.5674418604651154,0.47441860465116215,0.5953488372093013
0.3527272727272724,3.15234375,4.57421875,0.025,0.0,0.0,0.5250000000000001,0.06511627906976744,0.05581395348837209,0.19534883720930232,0.7500000000000003,0.0,0.0,0.7000000000000003,0.5674418604651154,0.48372093023255747,0.5953488372093013
0.3539393939393936,3.162109375,4.5859375,0.025,0.0,0.0,0.5250000000000001,0.06511627906976744,0.05581395348837209,0.19534883720930232,0.7500000000000003,0.0,0.0,0.7000000000000003,0.5674418604651154,0.48372093023255747,0.6046511627906966
0.3551515151515149,3.173828125,4.6015625,0.025,0.0,0.0,0.5250000000000001,0.07441860465116279,0.05581395348837209,0.19534883720930232,0.7500000000000003,0.0,0.0,0.7000000000000003,0.5674418604651154,0.48372093023255747,0.6046511627906966
0.3563636363636361,3.185546875,4.6171875,0.025,0.0,0.0,0.5250000000000001,0.07441860465116279,0.05581395348837209,0.19534883720930232,0.7500000000000003,0.0,0.0,0.7000000000000003,0.5674418604651154,0.4930232558139528,0.6046511627906966
0.3575757575757573,3.1953125,4.6328125,0.025,0.0,0.0,0.5250000000000001,0.07441860465116279,0.05581395348837209,0.19534883720930232,0.7500000000000003,0.0,0.0,0.7000000000000003,0.5674418604651154,0.4930232558139528,0.613953488372092
0.35878787878787843,3.20703125,4.6484375,0.025,0.0,0.0,0.5500000000000002,0.07441860465116279,0.05581395348837209,0.19534883720930232,0.7500000000000003,0.0,0.0,0.7000000000000003,0.5674418604651154,0.4930232558139528,0.613953488372092
0.3599999999999997,3.21875,4.66015625,0.025,0.0,0.0,0.5500000000000002,0.07441860465116279,0.05581395348837209,0.19534883720930232,0.7750000000000004,0.0,0.0,0.7000000000000003,0.5674418604651154,0.4930232558139528,0.613953488372092
0.36121212121212093,3.23046875,4.67578125,0.025,0.0,0.0,0.5500000000000002,0.07441860465116279,0.05581395348837209,0.19534883720930232,0.7750000000000004,0.0,0.0,0.7250000000000003,0.5674418604651154,0.4930232558139528,0.613953488372092
0.36242424242424215,3.2421875,4.69140625,0.025,0.0,0.0,0.5500000000000002,0.07441860465116279,0.05581395348837209,0.19534883720930232,0.7750000000000004,0.0,0.0,0.7250000000000003,0.5674418604651154,0.5023255813953481,0.613953488372092
0.3636363636363633,3.251953125,4.70703125,0.025,0.0,0.0,0.5500000000000002,0.07441860465116279,0.05581395348837209,0.19534883720930232,0.7750000000000004,0.0,0.0,0.7250000000000003,0.5674418604651154,0.5023255813953481,0.6232558139534873
0.36484848484848453,3.263671875,4.71875,0.025,0.0,0.0,0.5500000000000002,0.07441860465116279,0.05581395348837209,0.20465116279069767,0.7750000000000004,0.0,0.0,0.7250000000000003,0.5674418604651154,0.5023255813953481,0.6232558139534873
0.36606060606060575,3.275390625,4.73046875,0.025,0.0,0.0,0.5500000000000002,0.07441860465116279,0.05581395348837209,0.20465116279069767,0.7750000000000004,0.0,0.0,0.7250000000000003,0.5674418604651154,0.5116279069767434,0.6232558139534873
0.367272727272727,3.287109375,4.74609375,0.025,0.0,0.0,0.5500000000000002,0.08372093023255814,0.05581395348837209,0.20465116279069767,0.7750000000000004,0.0,0.0,0.7250000000000003,0.5674418604651154,0.5116279069767434,0.6232558139534873
0.3684848484848482,3.298828125,4.765625,0.025,0.0,0.0,0.5500000000000002,0.08372093023255814,0.05581395348837209,0.21395348837209302,0.7750000000000004,0.0,0.0,0.7250000000000003,0.5674418604651154,0.5116279069767434,0.6232558139534873
0.3696969696969694,3.310546875,4.7734375,0.025,0.0,0.0,0.5500000000000002,0.08372093023255814,0.05581395348837209,0.21395348837209302,0.7750000000000004,0.0,0.0,0.7250000000000003,0.5674418604651154,0.5116279069767434,0.6325581395348826
0.37090909090909063,3.3203125,4.7890625,0.025,0.0,0.0,0.5500000000000002,0.08372093023255814,0.05581395348837209,0.21395348837209302,0.7750000000000004,0.0,0.0,0.7250000000000003,0.5674418604651154,0.5116279069767434,0.6418604651162779
0.3721212121212118,3.33203125,4.8046875,0.025,0.0,0.0,0.5500000000000002,0.08372093023255814,0.06511627906976744,0.21395348837209302,0.7750000000000004,0.0,0.0,0.7250000000000003,0.5674418604651154,0.5116279069767434,0.6418604651162779
0.373333333333333,3.34375,4.8203125,0.025,0.0,0.0,0.5500000000000002,0.08372093023255814,0.06511627906976744,0.21395348837209302,0.7750000000000004,0.0,0.0,0.7250000000000003,0.5767441860465107,0.5116279069767434,0.6418604651162779
0.37454545454545424,3.35546875,4.83203125,0.025,0.0,0.0,0.5500000000000002,0.08372093023255814,0.06511627906976744,0.21395348837209302,0.7750000000000004,0.0,0.0,0.7250000000000003,0.586046511627906,0.5116279069767434,0.6418604651162779
0.37575757575757546,3.3671875,4.84765625,0.025,0.0,0.0,0.5500000000000002,0.08372093023255814,0.06511627906976744,0.21395348837209302,0.8000000000000004,0.0,0.0,0.7250000000000003,0.586046511627906,0.5116279069767434,0.6418604651162779
0.3769696969696966,3.37890625,4.86328125,0.025,0.0,0.0,0.5500000000000002,0.08372093023255814,0.06511627906976744,0.21395348837209302,0.8000000000000004,0.0,0.0,0.7250000000000003,0.5953488372093013,0.5116279069767434,0.6418604651162779
0.3781818181818179,3.390625,4.87890625,0.025,0.0,0.0,0.5500000000000002,0.08372093023255814,0.06511627906976744,0.21395348837209302,0.8000000000000004,0.0,0.0,0.7250000000000003,0.6046511627906966,0.5116279069767434,0.6418604651162779
0.37939393939393906,3.40234375,4.890625,0.025,0.0,0.0,0.5500000000000002,0.08372093023255814,0.06511627906976744,0.21395348837209302,0.8000000000000004,0.0,0.0,0.7250000000000003,0.613953488372092,0.5116279069767434,0.6418604651162779
0.3806060606060602,3.412109375,4.90625,0.025,0.0,0.0,0.5500000000000002,0.08372093023255814,0.06511627906976744,0.21395348837209302,0.8000000000000004,0.0,0.0,0.7250000000000003,0.613953488372092,0.5116279069767434,0.6511627906976732
0.3818181818181815,3.423828125,4.921875,0.025,0.0,0.0,0.5500000000000002,0.08372093023255814,0.06511627906976744,0.21395348837209302,0.8000000000000004,0.0,0.0,0.7250000000000003,0.6232558139534873,0.5116279069767434,0.6511627906976732
0.3830303030303027,3.435546875,4.9375,0.025,0.0,0.0,0.5500000000000002,0.08372093023255814,0.06511627906976744,0.21395348837209302,0.8000000000000004,0.0,0.0,0.7250000000000003,0.6232558139534873,0.5209302325581388,0.6511627906976732
0.38424242424242394,3.447265625,4.94921875,0.025,0.0,0.0,0.5500000000000002,0.08372093023255814,0.06511627906976744,0.21395348837209302,0.8000000000000004,0.0,0.0,0.7250000000000003,0.6325581395348826,0.5209302325581388,0.6511627906976732
0.38545454545454505,3.458984375,4.9609375,0.025,0.0,0.0,0.5500000000000002,0.08372093023255814,0.06511627906976744,0.21395348837209302,0.8000000000000004,0.0,0.0,0.7250000000000003,0.6418604651162779,0.5209302325581388,0.6511627906976732
0.3866666666666663,3.470703125,4.98046875,0.025,0.0,0.0,0.5500000000000002,0.08372093023255814,0.06511627906976744,0.21395348837209302,0.8000000000000004,0.0,0.0,0.7250000000000003,0.6418604651162779,0.5302325581395341,0.6511627906976732
0.38787878787878755,3.48046875,4.9921875,0.025,0.0,0.0,0.5500000000000002,0.08372093023255814,0.06511627906976744,0.21395348837209302,0.8000000000000004,0.0,0.0,0.7250000000000003,0.6418604651162779,0.5395348837209294,0.6511627906976732
0.38909090909090865,3.4921875,5.0078125,0.025,0.0,0.0,0.5750000000000002,0.08372093023255814,0.06511627906976744,0.21395348837209302,0.8000000000000004,0.0,0.0,0.7250000000000003,0.6418604651162779,0.5395348837209294,0.6511627906976732
0.39030303030302993,3.50390625,5.0234375,0.025,0.0,0.0,0.5750000000000002,0.08372093023255814,0.06511627906976744,0.21395348837209302,0.8000000000000004,0.0,0.0,0.7250000000000003,0.6418604651162779,0.5488372093023247,0.6511627906976732
0.39151515151515115,3.515625,5.03515625,0.025,0.0,0.0,0.5750000000000002,0.08372093023255814,0.06511627906976744,0.21395348837209302,0.8000000000000004,0.0,0.0,0.7250000000000003,0.6418604651162779,0.55813953488372,0.6511627906976732
0.39272727272727226,3.525390625,5.05078125,0.025,0.0,0.0,0.5750000000000002,0.08372093023255814,0.06511627906976744,0.21395348837209302,0.8000000000000004,0.0,0.0,0.7250000000000003,0.6418604651162779,0.55813953488372,0.6604651162790686
0.3939393939393936,3.537109375,5.0625,0.025,0.0,0.0,0.5750000000000002,0.08372093023255814,0.06511627906976744,0.21395348837209302,0.8000000000000004,0.0,0.0,0.7250000000000003,0.6418604651162779,0.5674418604651154,0.6604651162790686
0.39515151515151475,3.548828125,5.078125,0.025,0.0,0.0,0.5750000000000002,0.08372093023255814,0.06511627906976744,0.21395348837209302,0.8000000000000004,0.0,0.0,0.7250000000000003,0.6418604651162779,0.5674418604651154,0.6697674418604639
0.396363636363636,3.55859375,5.09765625,0.025,0.0,0.0,0.5750000000000002,0.08372093023255814,0.06511627906976744,0.21395348837209302,0.8000000000000004,0.0,0.0,0.7250000000000003,0.6418604651162779,0.5674418604651154,0.6790697674418592
0.3975757575757572,3.5703125,5.109375,0.025,0.0,0.0,0.5750000000000002,0.08372093023255814,0.06511627906976744,0.21395348837209302,0.8000000000000004,0.0,0.0,0.7250000000000003,0.6418604651162779,0.5674418604651154,0.6883720930232545
0.3987878787878784,3.58203125,5.12109375,0.05,0.0,0.0,0.5750000000000002,0.08372093023255814,0.06511627906976744,0.21395348837209302,0.8000000000000004,0.0,0.0,0.7250000000000003,0.6418604651162779,0.5674418604651154,0.6883720930232545
0.3999999999999996,3.591796875,5.13671875,0.07500000000000001,0.0,0.0,0.5750000000000002,0.08372093023255814,0.06511627906976744,0.21395348837209302,0.8000000000000004,0.0,0.0,0.7250000000000003,0.6418604651162779,0.5674418604651154,0.6883720930232545
0.4012121212121208,3.603515625,5.15234375,0.07500000000000001,0.0,0.0,0.5750000000000002,0.08372093023255814,0.06511627906976744,0.22325581395348837,0.8000000000000004,0.0,0.0,0.7250000000000003,0.6418604651162779,0.5674418604651154,0.6883720930232545
0.402424242424242,3.615234375,5.1640625,0.07500000000000001,0.0,0.0,0.5750000000000002,0.08372093023255814,0.06511627906976744,0.22325581395348837,0.8000000000000004,0.0,0.0,0.7250000000000003,0.6418604651162779,0.5674418604651154,0.6976744186046498
0.40363636363636324,3.626953125,5.1796875,0.07500000000000001,0.0,0.0,0.5750000000000002,0.08372093023255814,0.06511627906976744,0.23255813953488372,0.8000000000000004,0.0,0.0,0.7250000000000003,0.6418604651162779,0.5674418604651154,0.6976744186046498
0.4048484848484845,3.638671875,5.19921875,0.07500000000000001,0.0,0.0,0.5750000000000002,0.08372093023255814,0.06511627906976744,0.23255813953488372,0.8000000000000004,0.0,0.0,0.7250000000000003,0.6418604651162779,0.5674418604651154,0.7069767441860452
0.4060606060606056,3.650390625,5.2109375,0.1,0.0,0.0,0.5750000000000002,0.08372093023255814,0.06511627906976744,0.23255813953488372,0.8000000000000004,0.0,0.0,0.7250000000000003,0.6418604651162779,0.5674418604651154,0.7069767441860452
0.40727272727272684,3.662109375,5.22265625,0.1,0.0,0.0,0.5750000000000002,0.09302325581395349,0.06511627906976744,0.23255813953488372,0.8000000000000004,0.0,0.0,0.7250000000000003,0.6418604651162779,0.5674418604651154,0.7069767441860452
0.40848484848484806,3.673828125,5.23828125,0.1,0.0,0.0,0.5750000000000002,0.09302325581395349,0.06511627906976744,0.23255813953488372,0.8000000000000004,0.0,0.0,0.7250000000000003,0.6418604651162779,0.5767441860465107,0.7069767441860452
0.40969696969696934,3.685546875,5.25390625,0.1,0.0,0.0,0.5750000000000002,0.09302325581395349,0.06511627906976744,0.23255813953488372,0.8000000000000004,0.0,0.0,0.7250000000000003,0.6418604651162779,0.586046511627906,0.7069767441860452
0.41090909090909045,3.697265625,5.26953125,0.1,0.0,0.0,0.5750000000000002,0.09302325581395349,0.06511627906976744,0.23255813953488372,0.8000000000000004,0.0,0.0,0.7250000000000003,0.6418604651162779,0.5953488372093013,0.7069767441860452
0.41212121212121167,3.708984375,5.28125,0.1,0.0,0.0,0.5750000000000002,0.09302325581395349,0.06511627906976744,0.23255813953488372,0.8000000000000004,0.0,0.0,0.7250000000000003,0.6418604651162779,0.5953488372093013,0.7162790697674405
0.41333333333333294,3.720703125,5.296875,0.1,0.0,0.0,0.5750000000000002,0.09302325581395349,0.07441860465116279,0.23255813953488372,0.8000000000000004,0.0,0.0,0.7250000000000003,0.6418604651162779,0.5953488372093013,0.7162790697674405
0.41454545454545416,3.732421875,5.3125,0.1,0.0,0.0,0.5750000000000002,0.09302325581395349,0.07441860465116279,0.23255813953488372,0.8000000000000004,0.0,0.0,0.7250000000000003,0.6418604651162779,0.6046511627906966,0.7162790697674405
0.4157575757575754,3.744140625,5.32421875,0.1,0.0,0.0,0.5750000000000002,0.09302325581395349,0.07441860465116279,0.23255813953488372,0.8000000000000004,0.0,0.0,0.7250000000000003,0.6418604651162779,0.613953488372092,0.7162790697674405
0.41696969696969655,3.755859375,5.3359375,0.1,0.0,0.0,0.5750000000000002,0.09302325581395349,0.07441860465116279,0.23255813953488372,0.8000000000000004,0.0,0.0,0.7250000000000003,0.6418604651162779,0.6232558139534873,0.7162790697674405
0.41818181818181777,3.767578125,5.3515625,0.1,0.0,0.0,0.5750000000000002,0.09302325581395349,0.07441860465116279,0.24186046511627907,0.8000000000000004,0.0,0.0,0.7250000000000003,0.6418604651162779,0.6232558139534873,0.7162790697674405
0.419393939393939,3.779296875,5.37109375,0.1,0.0,0.0,0.5750000000000002,0.09302325581395349,0.07441860465116279,0.24186046511627907,0.8000000000000004,0.0,0.0,0.7250000000000003,0.6418604651162779,0.6232558139534873,0.7255813953488358
0.42060606060606015,3.791015625,5.3828125,0.1,0.0,0.0,0.5750000000000002,0.09302325581395349,0.07441860465116279,0.24186046511627907,0.8000000000000004,0.0,0.0,0.7250000000000003,0.6418604651162779,0.6325581395348826,0.7255813953488358
0.42181818181818137,3.802734375,5.39453125,0.1,0.0,0.0,0.5750000000000002,0.09302325581395349,0.07441860465116279,0.24186046511627907,0.8000000000000004,0.0,0.0,0.7250000000000003,0.6418604651162779,0.6418604651162779,0.7255813953488358
0.4230303030303026,3.814453125,5.41015625,0.1,0.0,0.0,0.5750000000000002,0.09302325581395349,0.07441860465116279,0.24186046511627907,0.8000000000000004,0.0,0.0,0.7250000000000003,0.6418604651162779,0.6418604651162779,0.7348837209302311
0.4242424242424238,3.826171875,5.42578125,0.1,0.0,0.0,0.6000000000000002,0.09302325581395349,0.07441860465116279,0.24186046511627907,0.8000000000000004,0.0,0.0,0.7250000000000003,0.6418604651162779,0.6418604651162779,0.7348837209302311
0.42545454545454503,3.837890625,5.4375,0.1,0.0,0.0,0.6000000000000002,0.09302325581395349,0.07441860465116279,0.24186046511627907,0.8000000000000004,0.0,0.0,0.7250000000000003,0.6418604651162779,0.6418604651162779,0.7441860465116265
0.4266666666666662,3.849609375,5.45703125,0.1,0.0,0.0,0.6000000000000002,0.09302325581395349,0.07441860465116279,0.24186046511627907,0.8000000000000004,0.0,0.0,0.7500000000000003,0.6418604651162779,0.6418604651162779,0.7441860465116265
0.4278787878787874,3.861328125,5.46875,0.1,0.0,0.0,0.6000000000000002,0.09302325581395349,0.07441860465116279,0.24186046511627907,0.8000000000000004,0.2,0.0,0.7500000000000003,0.6418604651162779,0.6418604651162779,0.7441860465116265
0.42909090909090863,3.873046875,5.48046875,0.1,0.0,0.0,0.6000000000000002,0.09302325581395349,0.07441860465116279,0.24186046511627907,0.8000000000000004,0.2,0.0,0.7500000000000003,0.6418604651162779,0.6418604651162779,0.7534883720930218
0.43030303030302985,3.884765625,5.49609375,0.1,0.0,0.0,0.6000000000000002,0.09302325581395349,0.07441860465116279,0.24186046511627907,0.8000000000000004,0.2,0.0,0.7500000000000003,0.6418604651162779,0.6418604651162779,0.7627906976744171
0.4315151515151511,3.8984375,5.51171875,0.125,0.0,0.0,0.6000000000000002,0.09302325581395349,0.07441860465116279,0.24186046511627907,0.8000000000000004,0.2,0.0,0.7500000000000003,0.6418604651162779,0.6418604651162779,0.7627906976744171
0.43272727272727224,3.91015625,5.52734375,0.125,0.0,0.0,0.6250000000000002,0.09302325581395349,0.07441860465116279,0.24186046511627907,0.8000000000000004,0.2,0.0,0.7500000000000003,0.6418604651162779,0.6418604651162779,0.7627906976744171
0.43393939393939346,3.923828125,5.53515625,0.125,0.0,0.0,0.6250000000000002,0.10232558139534884,0.07441860465116279,0.24186046511627907,0.8000000000000004,0.2,0.0,0.7500000000000003,0.6418604651162779,0.6418604651162779,0.7627906976744171
0.4351515151515147,3.935546875,5.5546875,0.125,0.0,0.0,0.6250000000000002,0.11162790697674418,0.07441860465116279,0.24186046511627907,0.8000000000000004,0.2,0.0,0.7500000000000003,0.6418604651162779,0.6418604651162779,0.7627906976744171
0.43636363636363595,3.947265625,5.5703125,0.125,0.0,0.0,0.6250000000000002,0.11162790697674418,0.08372093023255814,0.24186046511627907,0.8000000000000004,0.2,0.0,0.7500000000000003,0.6418604651162779,0.6418604651162779,0.7627906976744171
0.4375757575757572,3.958984375,5.58203125,0.125,0.0,0.0,0.6250000000000002,0.11162790697674418,0.08372093023255814,0.24186046511627907,0.8000000000000004,0.2,0.0,0.7500000000000003,0.6511627906976732,0.6418604651162779,0.7627906976744171
0.4387878787878783,3.970703125,5.59765625,0.125,0.0,0.0,0.6250000000000002,0.11162790697674418,0.08372093023255814,0.24186046511627907,0.8000000000000004,0.2,0.0,0.7500000000000003,0.6604651162790686,0.6418604651162779,0.7627906976744171
0.43999999999999956,3.982421875,5.609375,0.125,0.0,0.0,0.6250000000000002,0.11162790697674418,0.09302325581395349,0.24186046511627907,0.8000000000000004,0.2,0.0,0.7500000000000003,0.6604651162790686,0.6418604651162779,0.7627906976744171
0.4412121212121208,3.994140625,5.625,0.125,0.0,0.0,0.6250000000000002,0.11162790697674418,0.09302325581395349,0.24186046511627907,0.8000000000000004,0.2,0.0,0.7500000000000003,0.6697674418604639,0.6418604651162779,0.7627906976744171
0.442424242424242,4.0078125,5.640625,0.15,0.0,0.0,0.6250000000000002,0.11162790697674418,0.09302325581395349,0.24186046511627907,0.8000000000000004,0.2,0.0,0.7500000000000003,0.6697674418604639,0.6418604651162779,0.7627906976744171
0.44363636363636316,4.01953125,5.65625,0.15,0.0,0.0,0.6250000000000002,0.11162790697674418,0.09302325581395349,0.25116279069767444,0.8000000000000004,0.2,0.0,0.7500000000000003,0.6697674418604639,0.6418604651162779,0.7627906976744171
0.4448484848484844,4.03125,5.671875,0.15,0.0,0.0,0.6250000000000002,0.11162790697674418,0.09302325581395349,0.26046511627906976,0.8000000000000004,0.2,0.0,0.7500000000000003,0.6697674418604639,0.6418604651162779,0.7627906976744171
0.4460606060606056,4.046875,5.6796875,0.175,0.0,0.0,0.6250000000000002,0.11162790697674418,0.09302325581395349,0.26046511627906976,0.8000000000000004,0.2,0.0,0.7500000000000003,0.6697674418604639,0.6418604651162779,0.7627906976744171
0.4472727272727268,4.05859375,5.6953125,0.175,0.0,0.0,0.6250000000000002,0.11162790697674418,0.09302325581395349,0.2697674418604651,0.8000000000000004,0.2,0.0,0.7500000000000003,0.6697674418604639,0.6418604651162779,0.7627906976744171
0.44848484848484804,4.0703125,5.7109375,0.175,0.0,0.0,0.6250000000000002,0.11162790697674418,0.09302325581395349,0.2697674418604651,0.8000000000000004,0.2,0.0,0.7500000000000003,0.6790697674418592,0.6418604651162779,0.7627906976744171
0.4496969696969692,4.08203125,5.7265625,0.175,0.0,0.0,0.6250000000000002,0.11162790697674418,0.09302325581395349,0.2697674418604651,0.8000000000000004,0.2,0.0,0.7500000000000003,0.6883720930232545,0.6418604651162779,0.7627906976744171
0.4509090909090904,4.09375,5.73828125,0.175,0.0,0.0,0.6250000000000002,0.11162790697674418,0.09302325581395349,0.2790697674418604,0.8000000000000004,0.2,0.0,0.7500000000000003,0.6883720930232545,0.6418604651162779,0.7627906976744171
0.45212121212121165,4.109375,5.75390625,0.175,0.0,0.0,0.6500000000000002,0.11162790697674418,0.09302325581395349,0.2790697674418604,0.8000000000000004,0.2,0.0,0.7500000000000003,0.6883720930232545,0.6418604651162779,0.7627906976744171
0.45333333333333287,4.12109375,5.76953125,0.175,0.0,0.0,0.6500000000000002,0.11162790697674418,0.10232558139534884,0.2790697674418604,0.8000000000000004,0.2,0.0,0.7500000000000003,0.6883720930232545,0.6418604651162779,0.7627906976744171
0.45454545454545414,4.1328125,5.78125,0.175,0.0,0.0,0.6500000000000002,0.11162790697674418,0.10232558139534884,0.2790697674418604,0.8000000000000004,0.2,0.0,0.7500000000000003,0.6976744186046498,0.6418604651162779,0.7627906976744171
0.45575757575757525,4.14453125,5.79296875,0.175,0.0,0.0,0.6500000000000002,0.11162790697674418,0.10232558139534884,0.2790697674418604,0.8000000000000004,0.2,0.0,0.7500000000000003,0.7069767441860452,0.6418604651162779,0.7627906976744171
0.45696969696969647,4.15625,5.80859375,0.175,0.0,0.0,0.6500000000000002,0.11162790697674418,0.10232558139534884,0.2790697674418604,0.8000000000000004,0.2,0.0,0.7500000000000003,0.7069767441860452,0.6418604651162779,0.7720930232558124
0.4581818181818177,4.16796875,5.82421875,0.175,0.0,0.0,0.6500000000000002,0.11162790697674418,0.10232558139534884,0.2790697674418604,0.8000000000000004,0.2,0.0,0.7500000000000003,0.7069767441860452,0.6418604651162779,0.7813953488372077
0.45939393939393885,4.1796875,5.83984375,0.175,0.0,0.0,0.6500000000000002,0.11162790697674418,0.10232558139534884,0.2883720930232557,0.8000000000000004,0.2,0.0,0.7500000000000003,0.7069767441860452,0.6418604651162779,0.7813953488372077
0.4606060606060601,4.1953125,5.85546875,0.175,0.0,0.0,0.6500000000000002,0.12093023255813953,0.10232558139534884,0.2883720930232557,0.8000000000000004,0.2,0.0,0.7500000000000003,0.7069767441860452,0.6418604651162779,0.7813953488372077
0.4618181818181813,4.20703125,5.8671875,0.175,0.0,0.0,0.6500000000000002,0.13023255813953488,0.10232558139534884,0.2883720930232557,0.8000000000000004,0.2,0.0,0.7500000000000003,0.7069767441860452,0.6418604651162779,0.7813953488372077
0.46303030303030257,4.21875,5.87890625,0.175,0.0,0.0,0.6500000000000002,0.13023255813953488,0.10232558139534884,0.2883720930232557,0.8000000000000004,0.2,0.0,0.7500000000000003,0.7069767441860452,0.6511627906976732,0.7813953488372077
0.4642424242424238,4.23046875,5.89453125,0.175,0.0,0.0,0.6500000000000002,0.13023255813953488,0.10232558139534884,0.2883720930232557,0.8000000000000004,0.2,0.0,0.7500000000000003,0.7069767441860452,0.6604651162790686,0.7813953488372077
0.465454545454545,4.2421875,5.91015625,0.175,0.0,0.0,0.6500000000000002,0.13023255813953488,0.10232558139534884,0.2883720930232557,0.8000000000000004,0.2,0.0,0.7500000000000003,0.7069767441860452,0.6697674418604639,0.7813953488372077
0.4666666666666662,4.25390625,5.92578125,0.175,0.0,0.0,0.6500000000000002,0.13023255813953488,0.10232558139534884,0.2883720930232557,0.8000000000000004,0.2,0.0,0.7500000000000003,0.7069767441860452,0.6790697674418592,0.7813953488372077
0.4678787878787874,4.265625,5.94140625,0.175,0.0,0.0,0.6500000000000002,0.13023255813953488,0.10232558139534884,0.2883720930232557,0.8000000000000004,0.2,0.0,0.7500000000000003,0.7069767441860452,0.6883720930232545,0.7813953488372077
0.4690909090909086,4.27734375,5.95703125,0.175,0.0,0.0,0.6500000000000002,0.13023255813953488,0.10232558139534884,0.2883720930232557,0.8000000000000004,0.2,0.0,0.7750000000000004,0.7069767441860452,0.6883720930232545,0.7813953488372077
0.4703030303030298,4.2890625,5.96875,0.175,0.0,0.0,0.6500000000000002,0.13023255813953488,0.10232558139534884,0.2883720930232557,0.8000000000000004,0.2,0.0,0.7750000000000004,0.7069767441860452,0.6883720930232545,0.7906976744186031
0.471515151515151,4.30078125,5.98046875,0.175,0.0,0.0,0.6500000000000002,0.13023255813953488,0.10232558139534884,0.2883720930232557,0.8000000000000004,0.2,0.0,0.7750000000000004,0.7069767441860452,0.6883720930232545,0.7999999999999984
0.4727272727272722,4.3125,5.99609375,0.175,0.0,0.0,0.6500000000000002,0.13023255813953488,0.10232558139534884,0.2883720930232557,0.8000000000000004,0.2,0.0,0.7750000000000004,0.7069767441860452,0.6976744186046498,0.7999999999999984
0.4739393939393933,4.328125,6.01171875,0.175,0.0,0.0,0.6500000000000002,0.13953488372093023,0.10232558139534884,0.2883720930232557,0.8000000000000004,0.2,0.0,0.7750000000000004,0.7069767441860452,0.6976744186046498,0.7999999999999984
0.4751515151515146,4.33984375,6.03125,0.175,0.0,0.0,0.6500000000000002,0.13953488372093023,0.11162790697674418,0.2883720930232557,0.8000000000000004,0.2,0.0,0.7750000000000004,0.7069767441860452,0.6976744186046498,0.7999999999999984
0.4763636363636358,4.3515625,6.0390625,0.175,0.0,0.0,0.6500000000000002,0.13953488372093023,0.11162790697674418,0.2883720930232557,0.8000000000000004,0.2,0.0,0.7750000000000004,0.7069767441860452,0.6976744186046498,0.8093023255813937
0.47757575757575704,4.3671875,6.0546875,0.175,0.0,0.0,0.6500000000000002,0.14883720930232558,0.11162790697674418,0.2883720930232557,0.8000000000000004,0.2,0.0,0.7750000000000004,0.7069767441860452,0.6976744186046498,0.8093023255813937
0.47878787878787826,4.37890625,6.06640625,0.175,0.0,0.0,0.6500000000000002,0.14883720930232558,0.11162790697674418,0.2883720930232557,0.8250000000000004,0.2,0.0,0.7750000000000004,0.7069767441860452,0.6976744186046498,0.8093023255813937
0.4799999999999994,4.39453125,6.078125,0.175,0.0,0.0,0.6750000000000003,0.14883720930232558,0.11162790697674418,0.2883720930232557,0.8250000000000004,0.2,0.0,0.7750000000000004,0.7069767441860452,0.6976744186046498,0.8093023255813937
0.48121212121212065,4.40625,6.09375,0.175,0.0,0.0,0.6750000000000003,0.14883720930232558,0.11162790697674418,0.2883720930232557,0.8250000000000004,0.2,0.0,0.7750000000000004,0.7069767441860452,0.7069767441860452,0.8093023255813937
0.48242424242424187,4.421875,6.109375,0.175,0.0,0.0,0.6750000000000003,0.15813953488372093,0.11162790697674418,0.2883720930232557,0.8250000000000004,0.2,0.0,0.7750000000000004,0.7069767441860452,0.7069767441860452,0.8093023255813937
0.4836363636363631,4.43359375,6.12890625,0.175,0.0,0.0,0.6750000000000003,0.15813953488372093,0.11162790697674418,0.2883720930232557,0.8250000000000004,0.2,0.0,0.7750000000000004,0.7162790697674405,0.7069767441860452,0.8093023255813937
0.4848484848484843,4.4453125,6.13671875,0.175,0.0,0.0,0.6750000000000003,0.15813953488372093,0.11162790697674418,0.2883720930232557,0.8250000000000004,0.2,0.0,0.7750000000000004,0.7255813953488358,0.7069767441860452,0.8093023255813937
0.4860606060606056,4.45703125,6.15234375,0.175,0.0,0.0,0.6750000000000003,0.15813953488372093,0.11162790697674418,0.2883720930232557,0.8250000000000004,0.2,0.0,0.7750000000000004,0.7348837209302311,0.7069767441860452,0.8093023255813937
0.4872727272727267,4.46875,6.16796875,0.175,0.0,0.0,0.6750000000000003,0.15813953488372093,0.11162790697674418,0.2883720930232557,0.8250000000000004,0.2,0.0,0.7750000000000004,0.7441860465116265,0.7069767441860452,0.8093023255813937
0.4884848484848479,4.48046875,6.17578125,0.175,0.0,0.0,0.6750000000000003,0.15813953488372093,0.11162790697674418,0.2883720930232557,0.8250000000000004,0.2,0.0,0.7750000000000004,0.7534883720930218,0.7069767441860452,0.8093023255813937
0.4896969696969691,4.49609375,6.19140625,0.175,0.0,0.0,0.6750000000000003,0.15813953488372093,0.12093023255813953,0.2883720930232557,0.8250000000000004,0.2,0.0,0.7750000000000004,0.7534883720930218,0.7069767441860452,0.8093023255813937
0.4909090909090903,4.5078125,6.2109375,0.175,0.0,0.0,0.6750000000000003,0.15813953488372093,0.12093023255813953,0.29767441860465105,0.8250000000000004,0.2,0.0,0.7750000000000004,0.7534883720930218,0.7069767441860452,0.8093023255813937
0.4921212121212115,4.51953125,6.2265625,0.175,0.0,0.0,0.6750000000000003,0.15813953488372093,0.12093023255813953,0.29767441860465105,0.8250000000000004,0.2,0.0,0.7750000000000004,0.7534883720930218,0.7069767441860452,0.818604651162789
0.4933333333333327,4.53125,6.234375,0.175,0.0,0.0,0.6750000000000003,0.15813953488372093,0.12093023255813953,0.29767441860465105,0.8250000000000004,0.2,0.0,0.7750000000000004,0.7534883720930218,0.7069767441860452,0.8279069767441843
0.494545454545454,4.546875,6.25,0.19999999999999998,0.0,0.0,0.6750000000000003,0.15813953488372093,0.12093023255813953,0.29767441860465105,0.8250000000000004,0.2,0.0,0.7750000000000004,0.7534883720930218,0.7069767441860452,0.8279069767441843
0.4957575757575751,4.5625,6.265625,0.19999999999999998,0.0,0.0,0.6750000000000003,0.16744186046511628,0.12093023255813953,0.29767441860465105,0.8250000000000004,0.2,0.0,0.7750000000000004,0.7534883720930218,0.7069767441860452,0.8279069767441843
0.4969696969696963,4.578125,6.28125,0.19999999999999998,0.0,0.0,0.6750000000000003,0.17674418604651163,0.12093023255813953,0.29767441860465105,0.8250000000000004,0.2,0.0,0.7750000000000004,0.7534883720930218,0.7069767441860452,0.8279069767441843
0.4981818181818176,4.58984375,6.29296875,0.19999999999999998,0.0,0.0,0.6750000000000003,0.17674418604651163,0.12093023255813953,0.30697674418604637,0.8250000000000004,0.2,0.0,0.7750000000000004,0.7534883720930218,0.7069767441860452,0.8279069767441843
0.4993939393939387,4.60546875,6.30859375,0.19999999999999998,0.0,0.0,0.6750000000000003,0.17674418604651163,0.13023255813953488,0.30697674418604637,0.8250000000000004,0.2,0.0,0.7750000000000004,0.7534883720930218,0.7069767441860452,0.8279069767441843
0.50060606060606,4.6171875,6.32421875,0.19999999999999998,0.0,0.0,0.6750000000000003,0.17674418604651163,0.13023255813953488,0.3162790697674417,0.8250000000000004,0.2,0.0,0.7750000000000004,0.7534883720930218,0.7069767441860452,0.8279069767441843
0.5018181818181812,4.62890625,6.33203125,0.19999999999999998,0.0,0.0,0.6750000000000003,0.17674418604651163,0.13023255813953488,0.3162790697674417,0.8250000000000004,0.2,0.0,0.7750000000000004,0.7627906976744171,0.7069767441860452,0.8279069767441843
0.5030303030303025,4.640625,6.34765625,0.19999999999999998,0.0,0.0,0.6750000000000003,0.17674418604651163,0.13023255813953488,0.3162790697674417,0.8250000000000004,0.2,0.0,0.7750000000000004,0.7627906976744171,0.7069767441860452,0.8372093023255797
0.5042424242424236,4.65625,6.36328125,0.19999999999999998,0.0,0.0,0.6750000000000003,0.17674418604651163,0.13953488372093023,0.3162790697674417,0.8250000000000004,0.2,0.0,0.7750000000000004,0.7627906976744171,0.7069767441860452,0.8372093023255797
0.5054545454545449,4.66796875,6.37890625,0.19999999999999998,0.0,0.0,0.6750000000000003,0.17674418604651163,0.13953488372093023,0.3162790697674417,0.8250000000000004,0.2,0.0,0.7750000000000004,0.7720930232558124,0.7069767441860452,0.8372093023255797
0.5066666666666662,4.68359375,6.390625,0.19999999999999998,0.0,0.0,0.6750000000000003,0.17674418604651163,0.14883720930232558,0.3162790697674417,0.8250000000000004,0.2,0.0,0.7750000000000004,0.7720930232558124,0.7069767441860452,0.8372093023255797
0.5078787878787873,4.6953125,6.40625,0.19999999999999998,0.0,0.0,0.6750000000000003,0.17674418604651163,0.14883720930232558,0.3162790697674417,0.8250000000000004,0.2,0.0,0.7750000000000004,0.7813953488372077,0.7069767441860452,0.8372093023255797
0.5090909090909086,4.70703125,6.41796875,0.19999999999999998,0.0,0.0,0.6750000000000003,0.17674418604651163,0.14883720930232558,0.3162790697674417,0.8250000000000004,0.2,0.0,0.7750000000000004,0.7813953488372077,0.7162790697674405,0.8372093023255797
0.5103030303030297,4.71875,6.43359375,0.19999999999999998,0.0,0.0,0.6750000000000003,0.17674418604651163,0.14883720930232558,0.3162790697674417,0.8250000000000004,0.2,0.0,0.7750000000000004,0.7813953488372077,0.7255813953488358,0.8372093023255797
0.5115151515151508,4.73046875,6.4453125,0.19999999999999998,0.0,0.0,0.6750000000000003,0.17674418604651163,0.14883720930232558,0.3162790697674417,0.8250000000000004,0.2,0.0,0.7750000000000004,0.7906976744186031,0.7255813953488358,0.8372093023255797
0.5127272727272721,4.7421875,6.4609375,0.19999999999999998,0.0,0.0,0.6750000000000003,0.17674418604651163,0.14883720930232558,0.3162790697674417,0.8250000000000004,0.2,0.0,0.7750000000000004,0.7906976744186031,0.7255813953488358,0.846511627906975
0.5139393939393934,4.7578125,6.4765625,0.19999999999999998,0.0,0.0,0.6750000000000003,0.17674418604651163,0.15813953488372093,0.3162790697674417,0.8250000000000004,0.2,0.0,0.7750000000000004,0.7906976744186031,0.7255813953488358,0.846511627906975
0.5151515151515145,4.76953125,6.48828125,0.19999999999999998,0.0,0.0,0.6750000000000003,0.17674418604651163,0.15813953488372093,0.3162790697674417,0.8250000000000004,0.2,0.0,0.7750000000000004,0.7999999999999984,0.7255813953488358,0.846511627906975
0.5163636363636357,4.78515625,6.5,0.22499999999999998,0.0,0.0,0.6750000000000003,0.17674418604651163,0.15813953488372093,0.3162790697674417,0.8250000000000004,0.2,0.0,0.7750000000000004,0.7999999999999984,0.7255813953488358,0.846511627906975
0.5175757575757569,4.80078125,6.515625,0.22499999999999998,0.0,0.0,0.6750000000000003,0.18604651162790697,0.15813953488372093,0.3162790697674417,0.8250000000000004,0.2,0.0,0.7750000000000004,0.7999999999999984,0.7255813953488358,0.846511627906975
0.5187878787878781,4.8125,6.53125,0.22499999999999998,0.0,0.0,0.6750000000000003,0.18604651162790697,0.15813953488372093,0.3162790697674417,0.8250000000000004,0.2,0.0,0.7750000000000004,0.7999999999999984,0.7255813953488358,0.8558139534883703
0.5199999999999994,4.828125,6.54296875,0.22499999999999998,0.0,0.0,0.6750000000000003,0.19534883720930232,0.15813953488372093,0.3162790697674417,0.8250000000000004,0.2,0.0,0.7750000000000004,0.7999999999999984,0.7255813953488358,0.8558139534883703
0.5212121212121206,4.83984375,6.55859375,0.22499999999999998,0.0,0.0,0.6750000000000003,0.19534883720930232,0.15813953488372093,0.3162790697674417,0.8250000000000004,0.2,0.0,0.7750000000000004,0.7999999999999984,0.7348837209302311,0.8558139534883703
0.5224242424242418,4.8515625,6.57421875,0.22499999999999998,0.0,0.0,0.6750000000000003,0.19534883720930232,0.15813953488372093,0.3162790697674417,0.8250000000000004,0.2,0.0,0.7750000000000004,0.7999999999999984,0.7441860465116265,0.8558139534883703
0.523636363636363,4.86328125,6.5859375,0.22499999999999998,0.0,0.0,0.6750000000000003,0.19534883720930232,0.15813953488372093,0.325581395348837,0.8250000000000004,0.2,0.0,0.7750000000000004,0.7999999999999984,0.7441860465116265,0.8558139534883703
0.5248484848484842,4.875,6.59765625,0.22499999999999998,0.0,0.0,0.6750000000000003,0.19534883720930232,0.15813953488372093,0.325581395348837,0.8250000000000004,0.2,0.0,0.7750000000000004,0.7999999999999984,0.7534883720930218,0.8558139534883703
0.5260606060606053,4.88671875,6.61328125,0.22499999999999998,0.0,0.0,0.6750000000000003,0.19534883720930232,0.15813953488372093,0.325581395348837,0.8250000000000004,0.2,0.0,0.7750000000000004,0.7999999999999984,0.7627906976744171,0.8558139534883703
0.5272727272727266,4.90234375,6.62890625,0.22499999999999998,0.0,0.0,0.6750000000000003,0.19534883720930232,0.16744186046511628,0.325581395348837,0.8250000000000004,0.2,0.0,0.7750000000000004,0.7999999999999984,0.7627906976744171,0.8558139534883703
0.5284848484848478,4.9140625,6.64453125,0.22499999999999998,0.0,0.0,0.6750000000000003,0.19534883720930232,0.16744186046511628,0.325581395348837,0.8250000000000004,0.2,0.0,0.7750000000000004,0.7999999999999984,0.7627906976744171,0.8651162790697656
0.529696969696969,4.9296875,6.65234375,0.22499999999999998,0.0,0.0,0.6750000000000003,0.19534883720930232,0.17674418604651163,0.325581395348837,0.8250000000000004,0.2,0.0,0.7750000000000004,0.7999999999999984,0.7627906976744171,0.8651162790697656
0.5309090909090902,4.94140625,6.66796875,0.22499999999999998,0.0,0.0,0.6750000000000003,0.19534883720930232,0.17674418604651163,0.33488372093023233,0.8250000000000004,0.2,0.0,0.7750000000000004,0.7999999999999984,0.7627906976744171,0.8651162790697656
0.5321212121212116,4.95703125,6.68359375,0.22499999999999998,0.0,0.0,0.6750000000000003,0.19534883720930232,0.18604651162790697,0.33488372093023233,0.8250000000000004,0.2,0.0,0.7750000000000004,0.7999999999999984,0.7627906976744171,0.8651162790697656
0.5333333333333327,4.97265625,6.69140625,0.22499999999999998,0.0,0.0,0.6750000000000003,0.19534883720930232,0.19534883720930232,0.33488372093023233,0.8250000000000004,0.2,0.0,0.7750000000000004,0.7999999999999984,0.7627906976744171,0.8651162790697656
0.5345454545454538,4.984375,6.7109375,0.22499999999999998,0.0,0.0,0.6750000000000003,0.19534883720930232,0.19534883720930232,0.33488372093023233,0.8250000000000004,0.2,0.0,0.7750000000000004,0.7999999999999984,0.7627906976744171,0.874418604651161
0.5357575757575751,5.0,6.72265625,0.22499999999999998,0.0,0.0,0.6750000000000003,0.19534883720930232,0.19534883720930232,0.34418604651162765,0.8250000000000004,0.2,0.0,0.7750000000000004,0.7999999999999984,0.7627906976744171,0.874418604651161
0.5369696969696962,5.01171875,6.73828125,0.22499999999999998,0.0,0.0,0.6750000000000003,0.19534883720930232,0.19534883720930232,0.353488372093023,0.8250000000000004,0.2,0.0,0.7750000000000004,0.7999999999999984,0.7627906976744171,0.874418604651161
0.5381818181818175,5.02734375,6.74609375,0.22499999999999998,0.0,0.0,0.7000000000000003,0.19534883720930232,0.19534883720930232,0.353488372093023,0.8250000000000004,0.2,0.0,0.7750000000000004,0.7999999999999984,0.7627906976744171,0.874418604651161
0.5393939393939388,5.04296875,6.76171875,0.22499999999999998,0.0,0.0,0.7000000000000003,0.20465116279069767,0.19534883720930232,0.353488372093023,0.8250000000000004,0.2,0.0,0.7750000000000004,0.7999999999999984,0.7627906976744171,0.874418604651161
0.5406060606060599,5.05859375,6.77734375,0.22499999999999998,0.0,0.0,0.7000000000000003,0.21395348837209302,0.19534883720930232,0.353488372093023,0.8250000000000004,0.2,0.0,0.7750000000000004,0.7999999999999984,0.7627906976744171,0.874418604651161
0.5418181818181811,5.0703125,6.79296875,0.22499999999999998,0.0,0.0,0.7000000000000003,0.21395348837209302,0.19534883720930232,0.353488372093023,0.8250000000000004,0.2,0.0,0.7750000000000004,0.7999999999999984,0.7627906976744171,0.8837209302325563
0.5430303030303023,5.0859375,6.8046875,0.22499999999999998,0.0,0.0,0.7000000000000003,0.21395348837209302,0.19534883720930232,0.3627906976744183,0.8250000000000004,0.2,0.0,0.7750000000000004,0.7999999999999984,0.7627906976744171,0.8837209302325563
0.5442424242424235,5.09765625,6.81640625,0.22499999999999998,0.0,0.0,0.7000000000000003,0.21395348837209302,0.19534883720930232,0.3720930232558136,0.8250000000000004,0.2,0.0,0.7750000000000004,0.7999999999999984,0.7627906976744171,0.8837209302325563
0.5454545454545447,5.109375,6.83203125,0.22499999999999998,0.0,0.0,0.7000000000000003,0.21395348837209302,0.19534883720930232,0.3720930232558136,0.8250000000000004,0.2,0.0,0.7750000000000004,0.7999999999999984,0.7720930232558124,0.8837209302325563
0.546666666666666,5.12109375,6.84375,0.22499999999999998,0.0,0.0,0.7000000000000003,0.21395348837209302,0.19534883720930232,0.3720930232558136,0.8250000000000004,0.2,0.0,0.7750000000000004,0.7999999999999984,0.7813953488372077,0.8837209302325563
0.5478787878787872,5.1328125,6.859375,0.22499999999999998,0.0,0.0,0.7000000000000003,0.21395348837209302,0.19534883720930232,0.3720930232558136,0.8250000000000004,0.2,0.0,0.7750000000000004,0.7999999999999984,0.7906976744186031,0.8837209302325563
0.5490909090909084,5.14453125,6.87109375,0.22499999999999998,0.0,0.0,0.7000000000000003,0.21395348837209302,0.19534883720930232,0.3720930232558136,0.8250000000000004,0.2,0.0,0.7750000000000004,0.7999999999999984,0.7999999999999984,0.8837209302325563
0.5503030303030296,5.16015625,6.88671875,0.22499999999999998,0.0,0.0,0.7000000000000003,0.21395348837209302,0.19534883720930232,0.38139534883720894,0.8250000000000004,0.2,0.0,0.7750000000000004,0.7999999999999984,0.7999999999999984,0.8837209302325563
0.5515151515151508,5.171875,6.8984375,0.22499999999999998,0.0,0.0,0.7000000000000003,0.21395348837209302,0.19534883720930232,0.38139534883720894,0.8500000000000004,0.2,0.0,0.7750000000000004,0.7999999999999984,0.7999999999999984,0.8837209302325563
0.5527272727272721,5.18359375,6.91015625,0.22499999999999998,0.0,0.0,0.7000000000000003,0.21395348837209302,0.19534883720930232,0.38139534883720894,0.8500000000000004,0.2,0.0,0.8000000000000004,0.7999999999999984,0.7999999999999984,0.8837209302325563
0.5539393939393932,5.19921875,6.92578125,0.22499999999999998,0.0,0.0,0.7000000000000003,0.21395348837209302,0.19534883720930232,0.39069767441860426,0.8500000000000004,0.2,0.0,0.8000000000000004,0.7999999999999984,0.7999999999999984,0.8837209302325563
0.5551515151515144,5.2109375,6.94140625,0.22499999999999998,0.0,0.0,0.7000000000000003,0.21395348837209302,0.19534883720930232,0.39069767441860426,0.8500000000000004,0.2,0.0,0.8000000000000004,0.8093023255813937,0.7999999999999984,0.8837209302325563
0.5563636363636356,5.22265625,6.953125,0.22499999999999998,0.0,0.0,0.7000000000000003,0.21395348837209302,0.19534883720930232,0.39069767441860426,0.8500000000000004,0.2,0.0,0.8000000000000004,0.8093023255813937,0.7999999999999984,0.8930232558139516
0.5575757575757568,5.23828125,6.96484375,0.22499999999999998,0.0,0.0,0.7000000000000003,0.21395348837209302,0.19534883720930232,0.3999999999999996,0.8500000000000004,0.2,0.0,0.8000000000000004,0.8093023255813937,0.7999999999999984,0.8930232558139516
0.5587878787878782,5.25,6.9765625,0.22499999999999998,0.0,0.0,0.7000000000000003,0.21395348837209302,0.19534883720930232,0.4093023255813949,0.8500000000000004,0.2,0.0,0.8000000000000004,0.8093023255813937,0.7999999999999984,0.8930232558139516
0.5599999999999994,5.265625,6.99609375,0.22499999999999998,0.0,0.0,0.7000000000000003,0.21395348837209302,0.19534883720930232,0.4186046511627902,0.8500000000000004,0.2,0.0,0.8000000000000004,0.8093023255813937,0.7999999999999984,0.8930232558139516
0.5612121212121205,5.27734375,7.0078125,0.22499999999999998,0.0,0.0,0.7000000000000003,0.21395348837209302,0.19534883720930232,0.4186046511627902,0.8500000000000004,0.2,0.0,0.8000000000000004,0.818604651162789,0.7999999999999984,0.8930232558139516
0.5624242424242417,5.2890625,7.0234375,0.22499999999999998,0.0,0.0,0.7000000000000003,0.21395348837209302,0.19534883720930232,0.4186046511627902,0.8500000000000004,0.2,0.0,0.8000000000000004,0.8279069767441843,0.7999999999999984,0.8930232558139516
0.5636363636363629,5.3046875,7.03125,0.22499999999999998,0.0,0.0,0.7000000000000003,0.22325581395348837,0.19534883720930232,0.4186046511627902,0.8500000000000004,0.2,0.0,0.8000000000000004,0.8279069767441843,0.7999999999999984,0.8930232558139516
0.5648484848484842,5.3203125,7.046875,0.22499999999999998,0.0,0.0,0.7000000000000003,0.22325581395348837,0.20465116279069767,0.4186046511627902,0.8500000000000004,0.2,0.0,0.8000000000000004,0.8279069767441843,0.7999999999999984,0.8930232558139516
0.5660606060606054,5.3359375,7.0625,0.22499999999999998,0.0,0.0,0.7000000000000003,0.22325581395348837,0.21395348837209302,0.4186046511627902,0.8500000000000004,0.2,0.0,0.8000000000000004,0.8279069767441843,0.7999999999999984,0.8930232558139516
0.5672727272727266,5.3515625,7.078125,0.22499999999999998,0.0,0.0,0.7000000000000003,0.22325581395348837,0.21395348837209302,0.42790697674418554,0.8500000000000004,0.2,0.0,0.8000000000000004,0.8279069767441843,0.7999999999999984,0.8930232558139516
0.5684848484848478,5.36328125,7.0859375,0.22499999999999998,0.0,0.0,0.7000000000000003,0.22325581395348837,0.21395348837209302,0.42790697674418554,0.8500000000000004,0.2,0.0,0.8000000000000004,0.8279069767441843,0.8093023255813937,0.8930232558139516
0.569696969696969,5.375,7.1015625,0.22499999999999998,0.0,0.0,0.7000000000000003,0.22325581395348837,0.21395348837209302,0.42790697674418554,0.8500000000000004,0.2,0.0,0.8000000000000004,0.8279069767441843,0.818604651162789,0.8930232558139516
0.5709090909090903,5.390625,7.11328125,0.22499999999999998,0.0,0.0,0.7000000000000003,0.22325581395348837,0.21395348837209302,0.43720930232558086,0.8500000000000004,0.2,0.0,0.8000000000000004,0.8279069767441843,0.818604651162789,0.8930232558139516
0.5721212121212115,5.40234375,7.12890625,0.22499999999999998,0.0,0.0,0.7000000000000003,0.22325581395348837,0.21395348837209302,0.43720930232558086,0.8500000000000004,0.2,0.0,0.8000000000000004,0.8279069767441843,0.8279069767441843,0.8930232558139516
0.5733333333333327,5.4140625,7.140625,0.22499999999999998,0.0,0.0,0.7000000000000003,0.22325581395348837,0.21395348837209302,0.43720930232558086,0.8500000000000004,0.2,0.0,0.8000000000000004,0.8279069767441843,0.8279069767441843,0.9023255813953469
0.5745454545454538,5.4296875,7.15625,0.22499999999999998,0.0,0.0,0.7000000000000003,0.22325581395348837,0.22325581395348837,0.43720930232558086,0.8500000000000004,0.2,0.0,0.8000000000000004,0.8279069767441843,0.8279069767441843,0.9023255813953469
0.575757575757575,5.4453125,7.16796875,0.22499999999999998,0.0,0.0,0.7000000000000003,0.22325581395348837,0.22325581395348837,0.4465116279069762,0.8500000000000004,0.2,0.0,0.8000000000000004,0.8279069767441843,0.8279069767441843,0.9023255813953469
0.5769696969696962,5.45703125,7.1875,0.22499999999999998,0.0,0.0,0.7000000000000003,0.22325581395348837,0.22325581395348837,0.4465116279069762,0.8500000000000004,0.2,0.0,0.8000000000000004,0.8372093023255797,0.8279069767441843,0.9023255813953469
0.5781818181818175,5.46875,7.19921875,0.22499999999999998,0.0,0.0,0.7000000000000003,0.22325581395348837,0.22325581395348837,0.4465116279069762,0.8500000000000004,0.2,0.0,0.8000000000000004,0.846511627906975,0.8279069767441843,0.9023255813953469
0.5793939393939388,5.484375,7.2109375,0.22499999999999998,0.0,0.0,0.7000000000000003,0.22325581395348837,0.22325581395348837,0.4558139534883715,0.8500000000000004,0.2,0.0,0.8000000000000004,0.846511627906975,0.8279069767441843,0.9023255813953469
0.5806060606060599,5.49609375,7.2265625,0.22499999999999998,0.0,0.0,0.7000000000000003,0.22325581395348837,0.22325581395348837,0.4558139534883715,0.8500000000000004,0.2,0.0,0.8000000000000004,0.8558139534883703,0.8279069767441843,0.9023255813953469
0.5818181818181812,5.51171875,7.23828125,0.22499999999999998,0.0,0.0,0.7000000000000003,0.22325581395348837,0.22325581395348837,0.4651162790697668,0.8500000000000004,0.2,0.0,0.8000000000000004,0.8558139534883703,0.8279069767441843,0.9023255813953469
0.5830303030303023,5.5234375,7.25390625,0.22499999999999998,0.0,0.0,0.7000000000000003,0.22325581395348837,0.22325581395348837,0.4651162790697668,0.8500000000000004,0.2,0.0,0.8000000000000004,0.8651162790697656,0.8279069767441843,0.9023255813953469
0.5842424242424236,5.53515625,7.2578125,0.22499999999999998,0.0,0.0,0.7000000000000003,0.22325581395348837,0.22325581395348837,0.4651162790697668,0.8500000000000004,0.2,0.0,0.8000000000000004,0.8651162790697656,0.8279069767441843,0.9116279069767422
0.5854545454545448,5.55078125,7.2734375,0.22499999999999998,0.0,0.0,0.7000000000000003,0.22325581395348837,0.22325581395348837,0.47441860465116215,0.8500000000000004,0.2,0.0,0.8000000000000004,0.8651162790697656,0.8279069767441843,0.9116279069767422
0.586666666666666,5.5625,7.28515625,0.22499999999999998,0.0,0.0,0.7000000000000003,0.22325581395348837,0.22325581395348837,0.47441860465116215,0.8500000000000004,0.2,0.0,0.8000000000000004,0.8651162790697656,0.8372093023255797,0.9116279069767422
0.5878787878787872,5.57421875,7.30078125,0.22499999999999998,0.0,0.0,0.7000000000000003,0.22325581395348837,0.22325581395348837,0.47441860465116215,0.8500000000000004,0.2,0.0,0.8000000000000004,0.8651162790697656,0.846511627906975,0.9116279069767422
0.5890909090909083,5.5859375,7.31640625,0.22499999999999998,0.0,0.0,0.7000000000000003,0.22325581395348837,0.22325581395348837,0.47441860465116215,0.8500000000000004,0.2,0.0,0.8000000000000004,0.8651162790697656,0.8558139534883703,0.9116279069767422
0.5903030303030297,5.6015625,7.328125,0.24999999999999997,0.0,0.0,0.7000000000000003,0.22325581395348837,0.22325581395348837,0.47441860465116215,0.8500000000000004,0.2,0.0,0.8000000000000004,0.8651162790697656,0.8558139534883703,0.9116279069767422
0.5915151515151508,5.6171875,7.34375,0.24999999999999997,0.0,0.0,0.7000000000000003,0.22325581395348837,0.22325581395348837,0.48372093023255747,0.8500000000000004,0.2,0.0,0.8000000000000004,0.8651162790697656,0.8558139534883703,0.9116279069767422
0.5927272727272721,5.6328125,7.35546875,0.24999999999999997,0.0,0.0,0.7000000000000003,0.23255813953488372,0.22325581395348837,0.48372093023255747,0.8500000000000004,0.2,0.0,0.8000000000000004,0.8651162790697656,0.8558139534883703,0.9116279069767422
0.5939393939393932,5.6484375,7.37109375,0.24999999999999997,0.0,0.0,0.7000000000000003,0.24186046511627907,0.22325581395348837,0.48372093023255747,0.8500000000000004,0.2,0.0,0.8000000000000004,0.8651162790697656,0.8558139534883703,0.9116279069767422
0.5951515151515144,5.66015625,7.3828125,0.24999999999999997,0.0,0.0,0.7000000000000003,0.24186046511627907,0.22325581395348837,0.48372093023255747,0.8500000000000004,0.2,0.0,0.8000000000000004,0.8651162790697656,0.8651162790697656,0.9116279069767422
0.5963636363636358,5.67578125,7.38671875,0.24999999999999997,0.0,0.0,0.7000000000000003,0.24186046511627907,0.22325581395348837,0.4930232558139528,0.8500000000000004,0.2,0.0,0.8000000000000004,0.8651162790697656,0.8651162790697656,0.9116279069767422
0.5975757575757569,5.6875,7.40234375,0.24999999999999997,0.0,0.0,0.7000000000000003,0.24186046511627907,0.22325581395348837,0.4930232558139528,0.8500000000000004,0.2,0.0,0.8000000000000004,0.8651162790697656,0.8651162790697656,0.9209302325581376
0.5987878787878781,5.703125,7.41796875,0.24999999999999997,0.0,0.0,0.7250000000000003,0.24186046511627907,0.22325581395348837,0.4930232558139528,0.8500000000000004,0.2,0.0,0.8000000000000004,0.8651162790697656,0.8651162790697656,0.9209302325581376
0.5999999999999993,5.71875,7.4296875,0.24999999999999997,0.0,0.0,0.7250000000000003,0.25116279069767444,0.22325581395348837,0.4930232558139528,0.8500000000000004,0.2,0.0,0.8000000000000004,0.8651162790697656,0.8651162790697656,0.9209302325581376
0.6012121212121205,5.734375,7.44140625,0.24999999999999997,0.0,0.0,0.7250000000000003,0.25116279069767444,0.23255813953488372,0.4930232558139528,0.8500000000000004,0.2,0.0,0.8000000000000004,0.8651162790697656,0.8651162790697656,0.9209302325581376
