Effective Sparsity,Activation Error,Baseline Error,q0,k0,v0,o0,gate0,up0,down0,q1,k1,v1,o1,gate1,up1,down1
0.0010330578512396697,0.0005841255187988281,0.005847930908203125,0.0,0.0,0.0,0.0,0.0,0.0,0.0,0.0,0.0,0.0,0.0,0.009259259259259259,0.0,0.0
0.0020661157024793393,0.0007519721984863281,0.005847930908203125,0.0,0.0,0.0,0.0,0.0,0.0,0.0,0.0,0.0,0.0,0.0,0.009259259259259259,0.009259259259259259,0.0
0.0030991735537190092,0.001087188720703125,0.005847930908203125,0.0,0.0,0.0,0.0,0.009259259259259259,0.0,0.0,0.0,0.0,0.0,0.0,0.009259259259259259,0.009259259259259259,0.0
0.004132231404958679,0.0013580322265625,0.005847930908203125,0.0,0.0,0.0,0.0,0.009259259259259259,0.009259259259259259,0.0,0.0,0.0,0.0,0.0,0.009259259259259259,0.009259259259259259,0.0
0.005165289256198348,0.002803802490234375,0.005847930908203125,0.0,0.0,0.0,0.0,0.009259259259259259,0.009259259259259259,0.0,0.0,0.0,0.0,0.0,0.009259259259259259,0.009259259259259259,0.009259259259259259
0.006198347107438018,0.0044708251953125,0.005847930908203125,0.0,0.0,0.0,0.0,0.009259259259259259,0.009259259259259259,0.009259259259259259,0.0,0.0,0.0,0.0,0.009259259259259259,0.009259259259259259,0.009259259259259259
0.007231404958677687,0.007175445556640625,0.005847930908203125,0.0,0.0,0.0,0.0,0.009259259259259259,0.009259259259259259,0.009259259259259259,0.0,0.025,0.0,0.0,0.009259259259259259,0.009259259259259259,0.009259259259259259
0.008264462809917356,0.01085662841796875,0.005847930908203125,0.0,0.025,0.0,0.0,0.009259259259259259,0.009259259259259259,0.009259259259259259,0.0,0.025,0.0,0.0,0.009259259259259259,0.009259259259259259,0.009259259259259259
0.009297520661157025,0.01479339599609375,0.005847930908203125,0.0,0.025,0.0,0.0,0.009259259259259259,0.009259259259259259,0.009259259259259259,0.025,0.025,0.0,0.0,0.009259259259259259,0.009259259259259259,0.009259259259259259
0.010330578512396696,0.018463134765625,0.045654296875,0.0,0.025,0.0,0.0,0.009259259259259259,0.009259259259259259,0.009259259259259259,0.025,0.025,0.0,0.0,0.018518518518518517,0.009259259259259259,0.009259259259259259
0.011363636363636367,0.02203369140625,0.049530029296875,0.0,0.025,0.0,0.0,0.009259259259259259,0.009259259259259259,0.009259259259259259,0.025,0.025,0.0,0.0,0.018518518518518517,0.018518518518518517,0.009259259259259259
0.012396694214876035,0.02667236328125,0.0531005859375,0.0,0.025,0.0,0.0,0.009259259259259259,0.009259259259259259,0.009259259259259259,0.025,0.05,0.0,0.0,0.018518518518518517,0.018518518518518517,0.009259259259259259
0.013429752066115705,0.031402587890625,0.05670166015625,0.0,0.025,0.0,0.0,0.009259259259259259,0.009259259259259259,0.009259259259259259,0.025,0.05,0.0,0.025,0.018518518518518517,0.018518518518518517,0.009259259259259259
0.014462809917355376,0.03631591796875,0.060394287109375,0.0,0.025,0.0,0.0,0.009259259259259259,0.009259259259259259,0.009259259259259259,0.025,0.07500000000000001,0.0,0.025,0.018518518518518517,0.018518518518518517,0.009259259259259259
0.015495867768595043,0.040618896484375,0.0640869140625,0.0,0.025,0.0,0.0,0.009259259259259259,0.009259259259259259,0.009259259259259259,0.025,0.07500000000000001,0.0,0.025,0.027777777777777776,0.018518518518518517,0.009259259259259259
0.016528925619834715,0.045013427734375,0.0679931640625,0.0,0.025,0.0,0.0,0.009259259259259259,0.009259259259259259,0.009259259259259259,0.025,0.07500000000000001,0.0,0.05,0.027777777777777776,0.018518518518518517,0.009259259259259259
0.017561983471074384,0.04949951171875,0.07177734375,0.0,0.025,0.0,0.0,0.009259259259259259,0.009259259259259259,0.009259259259259259,0.025,0.1,0.0,0.05,0.027777777777777776,0.018518518518518517,0.009259259259259259
0.018595041322314057,0.05364990234375,0.0758056640625,0.0,0.025,0.0,0.0,0.009259259259259259,0.009259259259259259,0.009259259259259259,0.025,0.1,0.0,0.07500000000000001,0.027777777777777776,0.018518518518518517,0.009259259259259259
0.019628099173553726,0.0576171875,0.07989501953125,0.0,0.025,0.0,0.0,0.009259259259259259,0.009259259259259259,0.009259259259259259,0.025,0.1,0.0,0.07500000000000001,0.027777777777777776,0.027777777777777776,0.009259259259259259
0.020661157024793392,0.061492919921875,0.08428955078125,0.0,0.025,0.0,0.0,0.009259259259259259,0.009259259259259259,0.009259259259259259,0.05,0.1,0.0,0.07500000000000001,0.027777777777777776,0.027777777777777776,0.009259259259259259
0.021694214876033062,0.06524658203125,0.08868408203125,0.0,0.025,0.0,0.0,0.009259259259259259,0.009259259259259259,0.009259259259259259,0.05,0.1,0.0,0.1,0.027777777777777776,0.027777777777777776,0.009259259259259259
0.022727272727272735,0.0689697265625,0.09326171875,0.0,0.025,0.0,0.0,0.009259259259259259,0.009259259259259259,0.009259259259259259,0.05,0.125,0.0,0.1,0.027777777777777776,0.027777777777777776,0.009259259259259259
0.023760330578512404,0.07257080078125,0.09796142578125,0.0,0.025,0.0,0.0,0.009259259259259259,0.009259259259259259,0.009259259259259259,0.05,0.125,0.0,0.125,0.027777777777777776,0.027777777777777776,0.009259259259259259
0.024793388429752074,0.076171875,0.10296630859375,0.0,0.025,0.0,0.0,0.009259259259259259,0.009259259259259259,0.009259259259259259,0.05,0.125,0.0,0.125,0.027777777777777776,0.027777777777777776,0.018518518518518517
0.02582644628099174,0.07928466796875,0.10797119140625,0.0,0.025,0.0,0.0,0.009259259259259259,0.009259259259259259,0.009259259259259259,0.05,0.125,0.0,0.125,0.027777777777777776,0.027777777777777776,0.027777777777777776
0.026859504132231406,0.08282470703125,0.11297607421875,0.0,0.025,0.0,0.0,0.009259259259259259,0.009259259259259259,0.009259259259259259,0.05,0.125,0.0,0.15,0.027777777777777776,0.027777777777777776,0.027777777777777776
0.027892561983471075,0.0863037109375,0.1181640625,0.0,0.025,0.0,0.0,0.009259259259259259,0.009259259259259259,0.009259259259259259,0.07500000000000001,0.125,0.0,0.15,0.027777777777777776,0.027777777777777776,0.027777777777777776
0.028925619834710748,0.08966064453125,0.12347412109375,0.0,0.025,0.0,0.0,0.009259259259259259,0.009259259259259259,0.009259259259259259,0.07500000000000001,0.125,0.0,0.15,0.027777777777777776,0.027777777777777776,0.037037037037037035
0.029958677685950414,0.09295654296875,0.12890625,0.0,0.025,0.0,0.025,0.009259259259259259,0.009259259259259259,0.009259259259259259,0.07500000000000001,0.125,0.0,0.15,0.027777777777777776,0.027777777777777776,0.037037037037037035
0.030991735537190084,0.09625244140625,0.13427734375,0.0,0.025,0.0,0.025,0.009259259259259259,0.009259259259259259,0.009259259259259259,0.07500000000000001,0.15,0.0,0.15,0.027777777777777776,0.027777777777777776,0.037037037037037035
0.03202479338842975,0.09942626953125,0.139892578125,0.0,0.025,0.0,0.025,0.009259259259259259,0.009259259259259259,0.009259259259259259,0.07500000000000001,0.15,0.0,0.175,0.027777777777777776,0.027777777777777776,0.037037037037037035
0.03305785123966942,0.10260009765625,0.1451416015625,0.0,0.025,0.0,0.025,0.009259259259259259,0.009259259259259259,0.009259259259259259,0.07500000000000001,0.15,0.0,0.175,0.037037037037037035,0.027777777777777776,0.037037037037037035
0.03409090909090909,0.1058349609375,0.1502685546875,0.0,0.025,0.0,0.025,0.009259259259259259,0.009259259259259259,0.009259259259259259,0.07500000000000001,0.15,0.0,0.19999999999999998,0.037037037037037035,0.027777777777777776,0.037037037037037035
0.03512396694214876,0.1090087890625,0.155029296875,0.0,0.025,0.0,0.025,0.009259259259259259,0.009259259259259259,0.009259259259259259,0.07500000000000001,0.15,0.0,0.19999999999999998,0.037037037037037035,0.027777777777777776,0.046296296296296294
0.036157024793388434,0.11224365234375,0.1597900390625,0.0,0.025,0.0,0.025,0.009259259259259259,0.009259259259259259,0.009259259259259259,0.07500000000000001,0.175,0.0,0.19999999999999998,0.037037037037037035,0.027777777777777776,0.046296296296296294
0.0371900826446281,0.11541748046875,0.1650390625,0.0,0.025,0.0,0.025,0.009259259259259259,0.009259259259259259,0.009259259259259259,0.07500000000000001,0.175,0.0,0.22499999999999998,0.037037037037037035,0.027777777777777776,0.046296296296296294
0.03822314049586777,0.11865234375,0.1697998046875,0.0,0.025,0.0,0.025,0.018518518518518517,0.009259259259259259,0.009259259259259259,0.07500000000000001,0.175,0.0,0.22499999999999998,0.037037037037037035,0.027777777777777776,0.046296296296296294
0.03925619834710744,0.1214599609375,0.1748046875,0.0,0.025,0.0,0.025,0.018518518518518517,0.018518518518518517,0.009259259259259259,0.07500000000000001,0.175,0.0,0.22499999999999998,0.037037037037037035,0.027777777777777776,0.046296296296296294
0.04028925619834711,0.12457275390625,0.1795654296875,0.0,0.025,0.0,0.025,0.018518518518518517,0.018518518518518517,0.009259259259259259,0.07500000000000001,0.175,0.0,0.22499999999999998,0.037037037037037035,0.027777777777777776,0.05555555555555555
0.041322314049586785,0.1278076171875,0.1844482421875,0.0,0.025,0.0,0.025,0.018518518518518517,0.018518518518518517,0.009259259259259259,0.1,0.175,0.0,0.22499999999999998,0.037037037037037035,0.027777777777777776,0.05555555555555555
0.04235537190082645,0.1309814453125,0.189208984375,0.0,0.025,0.0,0.025,0.018518518518518517,0.018518518518518517,0.009259259259259259,0.1,0.175,0.0,0.24999999999999997,0.037037037037037035,0.027777777777777776,0.05555555555555555
0.04338842975206612,0.1341552734375,0.194580078125,0.0,0.025,0.0,0.025,0.018518518518518517,0.018518518518518517,0.009259259259259259,0.1,0.19999999999999998,0.0,0.24999999999999997,0.037037037037037035,0.027777777777777776,0.05555555555555555
0.04442148760330579,0.13720703125,0.19921875,0.0,0.025,0.0,0.025,0.018518518518518517,0.018518518518518517,0.009259259259259259,0.1,0.19999999999999998,0.0,0.24999999999999997,0.037037037037037035,0.027777777777777776,0.06481481481481481
0.045454545454545456,0.140380859375,0.203857421875,0.0,0.025,0.0,0.025,0.018518518518518517,0.018518518518518517,0.009259259259259259,0.1,0.19999999999999998,0.0,0.24999999999999997,0.046296296296296294,0.027777777777777776,0.06481481481481481
0.04648760330578513,0.1435546875,0.20849609375,0.0,0.025,0.0,0.025,0.018518518518518517,0.018518518518518517,0.009259259259259259,0.1,0.19999999999999998,0.0,0.27499999999999997,0.046296296296296294,0.027777777777777776,0.06481481481481481
0.047520661157024795,0.146728515625,0.213134765625,0.0,0.025,0.0,0.025,0.018518518518518517,0.018518518518518517,0.009259259259259259,0.1,0.19999999999999998,0.0,0.27499999999999997,0.046296296296296294,0.037037037037037035,0.06481481481481481
0.048553719008264475,0.1497802734375,0.2178955078125,0.0,0.025,0.0,0.025,0.018518518518518517,0.018518518518518517,0.009259259259259259,0.1,0.19999999999999998,0.0,0.27499999999999997,0.046296296296296294,0.037037037037037035,0.07407407407407407
0.04958677685950414,0.15283203125,0.222412109375,0.0,0.025,0.0,0.05,0.018518518518518517,0.018518518518518517,0.009259259259259259,0.1,0.19999999999999998,0.0,0.27499999999999997,0.046296296296296294,0.037037037037037035,0.07407407407407407
0.05061983471074381,0.156005859375,0.2269287109375,0.0,0.025,0.0,0.05,0.018518518518518517,0.018518518518518517,0.009259259259259259,0.1,0.19999999999999998,0.0,0.3,0.046296296296296294,0.037037037037037035,0.07407407407407407
0.05165289256198348,0.1591796875,0.231689453125,0.0,0.025,0.0,0.05,0.018518518518518517,0.018518518518518517,0.009259259259259259,0.1,0.22499999999999998,0.0,0.3,0.046296296296296294,0.037037037037037035,0.07407407407407407
0.052685950413223145,0.162353515625,0.236083984375,0.0,0.025,0.0,0.05,0.018518518518518517,0.018518518518518517,0.009259259259259259,0.1,0.22499999999999998,0.0,0.3,0.05555555555555555,0.037037037037037035,0.07407407407407407
0.05371900826446282,0.1654052734375,0.240234375,0.0,0.025,0.0,0.05,0.018518518518518517,0.018518518518518517,0.009259259259259259,0.1,0.22499999999999998,0.0,0.3,0.05555555555555555,0.037037037037037035,0.08333333333333333
0.054752066115702484,0.1685791015625,0.244873046875,0.0,0.025,0.0,0.05,0.018518518518518517,0.018518518518518517,0.009259259259259259,0.125,0.22499999999999998,0.0,0.3,0.05555555555555555,0.037037037037037035,0.08333333333333333
0.055785123966942164,0.1717529296875,0.2493896484375,0.0,0.025,0.0,0.05,0.018518518518518517,0.018518518518518517,0.009259259259259259,0.125,0.22499999999999998,0.025,0.3,0.05555555555555555,0.037037037037037035,0.08333333333333333
0.05681818181818183,0.17431640625,0.25390625,0.0,0.025,0.0,0.05,0.018518518518518517,0.018518518518518517,0.009259259259259259,0.125,0.22499999999999998,0.05,0.3,0.05555555555555555,0.037037037037037035,0.08333333333333333
0.0578512396694215,0.1766357421875,0.258056640625,0.0,0.025,0.0,0.05,0.018518518518518517,0.018518518518518517,0.009259259259259259,0.125,0.22499999999999998,0.07500000000000001,0.3,0.05555555555555555,0.037037037037037035,0.08333333333333333
0.05888429752066117,0.1793212890625,0.262939453125,0.0,0.025,0.0,0.05,0.018518518518518517,0.018518518518518517,0.009259259259259259,0.125,0.22499999999999998,0.1,0.3,0.05555555555555555,0.037037037037037035,0.08333333333333333
0.059917355371900835,0.18212890625,0.26708984375,0.025,0.025,0.0,0.05,0.018518518518518517,0.018518518518518517,0.009259259259259259,0.125,0.22499999999999998,0.1,0.3,0.05555555555555555,0.037037037037037035,0.08333333333333333
0.06095041322314051,0.18505859375,0.271240234375,0.025,0.025,0.0,0.05,0.018518518518518517,0.018518518518518517,0.009259259259259259,0.125,0.22499999999999998,0.125,0.3,0.05555555555555555,0.037037037037037035,0.08333333333333333
0.061983471074380174,0.18798828125,0.275390625,0.025,0.025,0.0,0.05,0.018518518518518517,0.018518518518518517,0.009259259259259259,0.125,0.22499999999999998,0.125,0.3,0.05555555555555555,0.037037037037037035,0.09259259259259259
0.06301652892561985,0.1910400390625,0.27978515625,0.025,0.025,0.0,0.07500000000000001,0.018518518518518517,0.018518518518518517,0.009259259259259259,0.125,0.22499999999999998,0.125,0.3,0.05555555555555555,0.037037037037037035,0.09259259259259259
0.06404958677685951,0.1939697265625,0.283935546875,0.025,0.025,0.0,0.07500000000000001,0.027777777777777776,0.018518518518518517,0.009259259259259259,0.125,0.22499999999999998,0.125,0.3,0.05555555555555555,0.037037037037037035,0.09259259259259259
0.06508264462809919,0.1968994140625,0.2880859375,0.025,0.025,0.0,0.07500000000000001,0.027777777777777776,0.018518518518518517,0.009259259259259259,0.125,0.22499999999999998,0.125,0.3,0.05555555555555555,0.037037037037037035,0.10185185185185185
0.06611570247933886,0.1998291015625,0.2919921875,0.025,0.025,0.0,0.07500000000000001,0.027777777777777776,0.018518518518518517,0.009259259259259259,0.125,0.22499999999999998,0.125,0.325,0.05555555555555555,0.037037037037037035,0.10185185185185185
0.06714876033057852,0.2027587890625,0.29638671875,0.025,0.025,0.0,0.07500000000000001,0.027777777777777776,0.018518518518518517,0.009259259259259259,0.125,0.22499999999999998,0.125,0.325,0.06481481481481481,0.037037037037037035,0.10185185185185185
0.0681818181818182,0.2056884765625,0.30078125,0.025,0.025,0.0,0.07500000000000001,0.027777777777777776,0.018518518518518517,0.009259259259259259,0.125,0.24999999999999997,0.125,0.325,0.06481481481481481,0.037037037037037035,0.10185185185185185
0.06921487603305787,0.2086181640625,0.3046875,0.025,0.025,0.0,0.07500000000000001,0.027777777777777776,0.018518518518518517,0.009259259259259259,0.125,0.24999999999999997,0.125,0.35000000000000003,0.06481481481481481,0.037037037037037035,0.10185185185185185
0.07024793388429754,0.2115478515625,0.30859375,0.025,0.025,0.0,0.07500000000000001,0.027777777777777776,0.018518518518518517,0.009259259259259259,0.125,0.24999999999999997,0.125,0.35000000000000003,0.06481481481481481,0.046296296296296294,0.10185185185185185
0.0712809917355372,0.2144775390625,0.31298828125,0.025,0.025,0.0,0.07500000000000001,0.027777777777777776,0.018518518518518517,0.009259259259259259,0.125,0.24999999999999997,0.15,0.35000000000000003,0.06481481481481481,0.046296296296296294,0.10185185185185185
0.07231404958677688,0.2174072265625,0.317138671875,0.025,0.025,0.0,0.07500000000000001,0.027777777777777776,0.018518518518518517,0.009259259259259259,0.125,0.24999999999999997,0.15,0.35000000000000003,0.06481481481481481,0.046296296296296294,0.1111111111111111
0.07334710743801655,0.2203369140625,0.321044921875,0.025,0.025,0.0,0.07500000000000001,0.027777777777777776,0.018518518518518517,0.009259259259259259,0.15,0.24999999999999997,0.15,0.35000000000000003,0.06481481481481481,0.046296296296296294,0.1111111111111111
0.07438016528925621,0.22314453125,0.324951171875,0.025,0.025,0.0,0.07500000000000001,0.027777777777777776,0.018518518518518517,0.009259259259259259,0.15,0.24999999999999997,0.15,0.35000000000000003,0.06481481481481481,0.046296296296296294,0.12037037037037036
0.0754132231404959,0.22607421875,0.32958984375,0.025,0.025,0.0,0.1,0.027777777777777776,0.018518518518518517,0.009259259259259259,0.15,0.24999999999999997,0.15,0.35000000000000003,0.06481481481481481,0.046296296296296294,0.12037037037037036
0.07644628099173556,0.2288818359375,0.33349609375,0.025,0.025,0.0,0.1,0.027777777777777776,0.018518518518518517,0.009259259259259259,0.15,0.24999999999999997,0.15,0.35000000000000003,0.07407407407407407,0.046296296296296294,0.12037037037037036
0.07747933884297523,0.231689453125,0.337646484375,0.025,0.025,0.0,0.1,0.027777777777777776,0.018518518518518517,0.009259259259259259,0.15,0.27499999999999997,0.15,0.35000000000000003,0.07407407407407407,0.046296296296296294,0.12037037037037036
0.07851239669421489,0.234619140625,0.341064453125,0.025,0.025,0.0,0.1,0.027777777777777776,0.018518518518518517,0.009259259259259259,0.15,0.27499999999999997,0.15,0.37500000000000006,0.07407407407407407,0.046296296296296294,0.12037037037037036
0.07954545454545457,0.237548828125,0.34521484375,0.025,0.025,0.0,0.1,0.027777777777777776,0.018518518518518517,0.009259259259259259,0.15,0.27499999999999997,0.15,0.37500000000000006,0.08333333333333333,0.046296296296296294,0.12037037037037036
0.08057851239669424,0.240478515625,0.349365234375,0.025,0.025,0.0,0.1,0.027777777777777776,0.018518518518518517,0.009259259259259259,0.15,0.27499999999999997,0.175,0.37500000000000006,0.08333333333333333,0.046296296296296294,0.12037037037037036
0.0816115702479339,0.2432861328125,0.353515625,0.025,0.025,0.0,0.1,0.027777777777777776,0.018518518518518517,0.009259259259259259,0.15,0.27499999999999997,0.175,0.37500000000000006,0.08333333333333333,0.046296296296296294,0.12962962962962962
0.08264462809917358,0.2462158203125,0.357666015625,0.025,0.025,0.0,0.1,0.027777777777777776,0.018518518518518517,0.009259259259259259,0.15,0.27499999999999997,0.175,0.37500000000000006,0.08333333333333333,0.046296296296296294,0.1388888888888889
0.08367768595041325,0.2491455078125,0.361328125,0.025,0.025,0.0,0.1,0.027777777777777776,0.018518518518518517,0.009259259259259259,0.15,0.27499999999999997,0.175,0.37500000000000006,0.08333333333333333,0.05555555555555555,0.1388888888888889
0.08471074380165292,0.251953125,0.365478515625,0.025,0.025,0.0,0.1,0.027777777777777776,0.018518518518518517,0.009259259259259259,0.15,0.27499999999999997,0.175,0.37500000000000006,0.08333333333333333,0.05555555555555555,0.14814814814814814
0.08574380165289258,0.2548828125,0.36962890625,0.025,0.05,0.0,0.1,0.027777777777777776,0.018518518518518517,0.009259259259259259,0.15,0.27499999999999997,0.175,0.37500000000000006,0.08333333333333333,0.05555555555555555,0.14814814814814814
0.08677685950413225,0.2578125,0.373291015625,0.025,0.05,0.0,0.125,0.027777777777777776,0.018518518518518517,0.009259259259259259,0.15,0.27499999999999997,0.175,0.37500000000000006,0.08333333333333333,0.05555555555555555,0.14814814814814814
0.08780991735537191,0.2607421875,0.377685546875,0.025,0.05,0.0,0.125,0.027777777777777776,0.027777777777777776,0.009259259259259259,0.15,0.27499999999999997,0.175,0.37500000000000006,0.08333333333333333,0.05555555555555555,0.14814814814814814
0.08884297520661158,0.263671875,0.381103515625,0.025,0.05,0.0,0.125,0.027777777777777776,0.027777777777777776,0.009259259259259259,0.175,0.27499999999999997,0.175,0.37500000000000006,0.08333333333333333,0.05555555555555555,0.14814814814814814
0.08987603305785125,0.266357421875,0.38525390625,0.025,0.05,0.0,0.125,0.027777777777777776,0.027777777777777776,0.009259259259259259,0.175,0.27499999999999997,0.175,0.37500000000000006,0.09259259259259259,0.05555555555555555,0.14814814814814814
0.09090909090909091,0.269287109375,0.388916015625,0.025,0.05,0.0,0.125,0.027777777777777776,0.027777777777777776,0.009259259259259259,0.175,0.27499999999999997,0.19999999999999998,0.37500000000000006,0.09259259259259259,0.05555555555555555,0.14814814814814814
0.09194214876033059,0.272216796875,0.393310546875,0.025,0.05,0.0,0.125,0.027777777777777776,0.027777777777777776,0.009259259259259259,0.175,0.3,0.19999999999999998,0.37500000000000006,0.09259259259259259,0.05555555555555555,0.14814814814814814
0.09297520661157026,0.275146484375,0.396728515625,0.025,0.05,0.0,0.125,0.027777777777777776,0.027777777777777776,0.009259259259259259,0.175,0.3,0.19999999999999998,0.4000000000000001,0.09259259259259259,0.05555555555555555,0.14814814814814814
0.09400826446280992,0.27783203125,0.400634765625,0.025,0.05,0.0,0.125,0.027777777777777776,0.027777777777777776,0.009259259259259259,0.175,0.3,0.19999999999999998,0.4000000000000001,0.10185185185185185,0.05555555555555555,0.14814814814814814
0.09504132231404962,0.28076171875,0.405029296875,0.025,0.05,0.0,0.125,0.027777777777777776,0.027777777777777776,0.009259259259259259,0.175,0.3,0.19999999999999998,0.4000000000000001,0.1111111111111111,0.05555555555555555,0.14814814814814814
0.09607438016528928,0.28369140625,0.40869140625,0.025,0.05,0.0,0.125,0.027777777777777776,0.027777777777777776,0.009259259259259259,0.175,0.325,0.19999999999999998,0.4000000000000001,0.1111111111111111,0.05555555555555555,0.14814814814814814
0.09710743801652895,0.28662109375,0.41259765625,0.025,0.05,0.0,0.125,0.027777777777777776,0.027777777777777776,0.009259259259259259,0.175,0.325,0.19999999999999998,0.4250000000000001,0.1111111111111111,0.05555555555555555,0.14814814814814814
0.09814049586776862,0.28955078125,0.416259765625,0.025,0.05,0.0,0.125,0.027777777777777776,0.027777777777777776,0.009259259259259259,0.175,0.325,0.19999999999999998,0.4250000000000001,0.1111111111111111,0.06481481481481481,0.14814814814814814
0.09917355371900828,0.292236328125,0.420166015625,0.025,0.05,0.0,0.125,0.027777777777777776,0.027777777777777776,0.009259259259259259,0.175,0.325,0.19999999999999998,0.4250000000000001,0.1111111111111111,0.06481481481481481,0.15740740740740738
0.10020661157024795,0.294921875,0.4248046875,0.025,0.05,0.0,0.125,0.027777777777777776,0.027777777777777776,0.009259259259259259,0.175,0.325,0.19999999999999998,0.4250000000000001,0.1111111111111111,0.06481481481481481,0.16666666666666663
0.10123966942148763,0.2978515625,0.4287109375,0.025,0.05,0.0,0.15,0.027777777777777776,0.027777777777777776,0.009259259259259259,0.175,0.325,0.19999999999999998,0.4250000000000001,0.1111111111111111,0.06481481481481481,0.16666666666666663
0.10227272727272728,0.30078125,0.432373046875,0.025,0.05,0.0,0.15,0.027777777777777776,0.027777777777777776,0.009259259259259259,0.19999999999999998,0.325,0.19999999999999998,0.4250000000000001,0.1111111111111111,0.06481481481481481,0.16666666666666663
0.10330578512396696,0.3037109375,0.43603515625,0.025,0.05,0.0,0.15,0.027777777777777776,0.027777777777777776,0.009259259259259259,0.19999999999999998,0.325,0.19999999999999998,0.4250000000000001,0.12037037037037036,0.06481481481481481,0.16666666666666663
0.10433884297520661,0.306396484375,0.43994140625,0.025,0.05,0.0,0.15,0.027777777777777776,0.027777777777777776,0.009259259259259259,0.19999999999999998,0.325,0.19999999999999998,0.4250000000000001,0.12037037037037036,0.06481481481481481,0.17592592592592587
0.10537190082644629,0.30908203125,0.44384765625,0.025,0.05,0.0,0.15,0.027777777777777776,0.027777777777777776,0.009259259259259259,0.19999999999999998,0.325,0.19999999999999998,0.4250000000000001,0.12037037037037036,0.06481481481481481,0.18518518518518512
0.10640495867768596,0.31201171875,0.44775390625,0.025,0.05,0.0,0.15,0.027777777777777776,0.027777777777777776,0.009259259259259259,0.19999999999999998,0.325,0.19999999999999998,0.4250000000000001,0.12962962962962962,0.06481481481481481,0.18518518518518512
0.10743801652892562,0.31494140625,0.45166015625,0.025,0.05,0.0,0.15,0.027777777777777776,0.027777777777777776,0.009259259259259259,0.19999999999999998,0.35000000000000003,0.19999999999999998,0.4250000000000001,0.12962962962962962,0.06481481481481481,0.18518518518518512
0.1084710743801653,0.31787109375,0.45556640625,0.025,0.05,0.0,0.15,0.027777777777777776,0.027777777777777776,0.009259259259259259,0.19999999999999998,0.35000000000000003,0.19999999999999998,0.4500000000000001,0.12962962962962962,0.06481481481481481,0.18518518518518512
0.109504132231405,0.320556640625,0.45947265625,0.025,0.05,0.0,0.15,0.027777777777777776,0.027777777777777776,0.009259259259259259,0.19999999999999998,0.35000000000000003,0.19999999999999998,0.4500000000000001,0.12962962962962962,0.07407407407407407,0.18518518518518512
0.11053719008264466,0.323486328125,0.46337890625,0.025,0.05,0.0,0.15,0.027777777777777776,0.027777777777777776,0.009259259259259259,0.19999999999999998,0.35000000000000003,0.19999999999999998,0.4500000000000001,0.12962962962962962,0.07407407407407407,0.19444444444444436
0.11157024793388433,0.326171875,0.46630859375,0.025,0.05,0.0,0.15,0.027777777777777776,0.027777777777777776,0.009259259259259259,0.19999999999999998,0.35000000000000003,0.19999999999999998,0.4500000000000001,0.12962962962962962,0.07407407407407407,0.2037037037037036
0.112603305785124,0.3291015625,0.470458984375,0.025,0.05,0.0,0.15,0.027777777777777776,0.027777777777777776,0.009259259259259259,0.19999999999999998,0.35000000000000003,0.22499999999999998,0.4500000000000001,0.12962962962962962,0.07407407407407407,0.2037037037037036
0.11363636363636366,0.33203125,0.474365234375,0.025,0.05,0.0,0.15,0.027777777777777776,0.027777777777777776,0.009259259259259259,0.19999999999999998,0.35000000000000003,0.22499999999999998,0.4500000000000001,0.1388888888888889,0.07407407407407407,0.2037037037037036
0.11466942148760334,0.3349609375,0.478271484375,0.025,0.05,0.0,0.175,0.027777777777777776,0.027777777777777776,0.009259259259259259,0.19999999999999998,0.35000000000000003,0.22499999999999998,0.4500000000000001,0.1388888888888889,0.07407407407407407,0.2037037037037036
0.115702479338843,0.337890625,0.482421875,0.025,0.05,0.0,0.175,0.027777777777777776,0.027777777777777776,0.009259259259259259,0.19999999999999998,0.35000000000000003,0.22499999999999998,0.4500000000000001,0.14814814814814814,0.07407407407407407,0.2037037037037036
0.11673553719008267,0.340576171875,0.485595703125,0.025,0.05,0.0,0.175,0.027777777777777776,0.027777777777777776,0.009259259259259259,0.19999999999999998,0.35000000000000003,0.22499999999999998,0.4500000000000001,0.14814814814814814,0.08333333333333333,0.2037037037037036
0.11776859504132234,0.343505859375,0.489501953125,0.025,0.05,0.0,0.175,0.027777777777777776,0.027777777777777776,0.009259259259259259,0.22499999999999998,0.35000000000000003,0.22499999999999998,0.4500000000000001,0.14814814814814814,0.08333333333333333,0.2037037037037036
0.118801652892562,0.346435546875,0.4931640625,0.025,0.05,0.0,0.175,0.027777777777777776,0.027777777777777776,0.009259259259259259,0.22499999999999998,0.35000000000000003,0.22499999999999998,0.4500000000000001,0.15740740740740738,0.08333333333333333,0.2037037037037036
0.11983471074380167,0.349365234375,0.49755859375,0.025,0.05,0.0,0.175,0.027777777777777776,0.027777777777777776,0.018518518518518517,0.22499999999999998,0.35000000000000003,0.22499999999999998,0.4500000000000001,0.15740740740740738,0.08333333333333333,0.2037037037037036
0.12086776859504134,0.3515625,0.5009765625,0.025,0.05,0.0,0.175,0.027777777777777776,0.027777777777777776,0.027777777777777776,0.22499999999999998,0.35000000000000003,0.22499999999999998,0.4500000000000001,0.15740740740740738,0.08333333333333333,0.2037037037037036
0.121900826446281,0.354248046875,0.5048828125,0.025,0.05,0.0,0.175,0.027777777777777776,0.027777777777777776,0.037037037037037035,0.22499999999999998,0.35000000000000003,0.22499999999999998,0.4500000000000001,0.15740740740740738,0.08333333333333333,0.2037037037037036
0.12293388429752068,0.357177734375,0.5087890625,0.025,0.05,0.0,0.175,0.027777777777777776,0.027777777777777776,0.037037037037037035,0.22499999999999998,0.35000000000000003,0.24999999999999997,0.4500000000000001,0.15740740740740738,0.08333333333333333,0.2037037037037036
0.12396694214876035,0.360107421875,0.51171875,0.025,0.05,0.0,0.175,0.027777777777777776,0.027777777777777776,0.037037037037037035,0.22499999999999998,0.35000000000000003,0.24999999999999997,0.47500000000000014,0.15740740740740738,0.08333333333333333,0.2037037037037036
0.12500000000000003,0.36279296875,0.51611328125,0.025,0.05,0.0,0.175,0.027777777777777776,0.027777777777777776,0.037037037037037035,0.22499999999999998,0.35000000000000003,0.24999999999999997,0.47500000000000014,0.15740740740740738,0.08333333333333333,0.21296296296296285
0.1260330578512397,0.365478515625,0.51904296875,0.025,0.05,0.0,0.175,0.027777777777777776,0.027777777777777776,0.037037037037037035,0.22499999999999998,0.35000000000000003,0.24999999999999997,0.47500000000000014,0.15740740740740738,0.08333333333333333,0.2222222222222221
0.12706611570247936,0.368408203125,0.5234375,0.025,0.05,0.0,0.175,0.027777777777777776,0.027777777777777776,0.046296296296296294,0.22499999999999998,0.35000000000000003,0.24999999999999997,0.47500000000000014,0.15740740740740738,0.08333333333333333,0.2222222222222221
0.12809917355371903,0.371337890625,0.52734375,0.025,0.05,0.0,0.19999999999999998,0.027777777777777776,0.027777777777777776,0.046296296296296294,0.22499999999999998,0.35000000000000003,0.24999999999999997,0.47500000000000014,0.15740740740740738,0.08333333333333333,0.2222222222222221
0.1291322314049587,0.374267578125,0.5302734375,0.025,0.05,0.0,0.19999999999999998,0.027777777777777776,0.027777777777777776,0.046296296296296294,0.24999999999999997,0.35000000000000003,0.24999999999999997,0.47500000000000014,0.15740740740740738,0.08333333333333333,0.2222222222222221
0.13016528925619836,0.377197265625,0.53466796875,0.025,0.05,0.0,0.19999999999999998,0.027777777777777776,0.027777777777777776,0.046296296296296294,0.24999999999999997,0.37500000000000006,0.24999999999999997,0.47500000000000014,0.15740740740740738,0.08333333333333333,0.2222222222222221
0.13119834710743802,0.3798828125,0.5380859375,0.025,0.05,0.0,0.19999999999999998,0.027777777777777776,0.027777777777777776,0.046296296296296294,0.24999999999999997,0.37500000000000006,0.24999999999999997,0.47500000000000014,0.16666666666666663,0.08333333333333333,0.2222222222222221
0.1322314049586777,0.3828125,0.5419921875,0.025,0.05,0.0,0.19999999999999998,0.027777777777777776,0.027777777777777776,0.046296296296296294,0.24999999999999997,0.37500000000000006,0.24999999999999997,0.47500000000000014,0.17592592592592587,0.08333333333333333,0.2222222222222221
0.13326446280991736,0.385498046875,0.54541015625,0.025,0.05,0.0,0.19999999999999998,0.027777777777777776,0.027777777777777776,0.046296296296296294,0.24999999999999997,0.37500000000000006,0.24999999999999997,0.47500000000000014,0.17592592592592587,0.09259259259259259,0.2222222222222221
0.13429752066115702,0.388427734375,0.5498046875,0.025,0.05,0.0,0.19999999999999998,0.027777777777777776,0.027777777777777776,0.046296296296296294,0.24999999999999997,0.37500000000000006,0.24999999999999997,0.47500000000000014,0.18518518518518512,0.09259259259259259,0.2222222222222221
0.1353305785123967,0.39111328125,0.552734375,0.025,0.05,0.0,0.19999999999999998,0.027777777777777776,0.027777777777777776,0.046296296296296294,0.24999999999999997,0.37500000000000006,0.24999999999999997,0.47500000000000014,0.18518518518518512,0.09259259259259259,0.23148148148148134
0.13636363636363635,0.393798828125,0.55712890625,0.025,0.05,0.0,0.19999999999999998,0.027777777777777776,0.027777777777777776,0.046296296296296294,0.24999999999999997,0.37500000000000006,0.24999999999999997,0.47500000000000014,0.18518518518518512,0.09259259259259259,0.2407407407407406
0.13739669421487602,0.396484375,0.560546875,0.025,0.05,0.0,0.19999999999999998,0.027777777777777776,0.027777777777777776,0.046296296296296294,0.24999999999999997,0.37500000000000006,0.24999999999999997,0.47500000000000014,0.18518518518518512,0.10185185185185185,0.2407407407407406
0.1384297520661157,0.3994140625,0.56396484375,0.025,0.05,0.0,0.19999999999999998,0.027777777777777776,0.027777777777777776,0.046296296296296294,0.24999999999999997,0.4000000000000001,0.24999999999999997,0.47500000000000014,0.18518518518518512,0.10185185185185185,0.2407407407407406
0.1394628099173554,0.402099609375,0.568359375,0.025,0.05,0.0,0.19999999999999998,0.027777777777777776,0.027777777777777776,0.046296296296296294,0.24999999999999997,0.4000000000000001,0.24999999999999997,0.47500000000000014,0.18518518518518512,0.10185185185185185,0.24999999999999983
0.14049586776859505,0.405029296875,0.57177734375,0.025,0.05,0.0,0.19999999999999998,0.037037037037037035,0.027777777777777776,0.046296296296296294,0.24999999999999997,0.4000000000000001,0.24999999999999997,0.47500000000000014,0.18518518518518512,0.10185185185185185,0.24999999999999983
0.14152892561983474,0.407958984375,0.57568359375,0.025,0.05,0.0,0.19999999999999998,0.037037037037037035,0.027777777777777776,0.046296296296296294,0.24999999999999997,0.4000000000000001,0.27499999999999997,0.47500000000000014,0.18518518518518512,0.10185185185185185,0.24999999999999983
0.14256198347107438,0.41064453125,0.5791015625,0.025,0.05,0.0,0.19999999999999998,0.037037037037037035,0.027777777777777776,0.046296296296296294,0.24999999999999997,0.4000000000000001,0.27499999999999997,0.47500000000000014,0.18518518518518512,0.1111111111111111,0.24999999999999983
0.14359504132231407,0.41357421875,0.5830078125,0.025,0.05,0.0,0.19999999999999998,0.037037037037037035,0.027777777777777776,0.05555555555555555,0.24999999999999997,0.4000000000000001,0.27499999999999997,0.47500000000000014,0.18518518518518512,0.1111111111111111,0.24999999999999983
0.14462809917355374,0.41650390625,0.58740234375,0.025,0.05,0.0,0.19999999999999998,0.037037037037037035,0.027777777777777776,0.05555555555555555,0.27499999999999997,0.4000000000000001,0.27499999999999997,0.47500000000000014,0.18518518518518512,0.1111111111111111,0.24999999999999983
0.1456611570247934,0.419189453125,0.59033203125,0.025,0.05,0.0,0.19999999999999998,0.037037037037037035,0.027777777777777776,0.05555555555555555,0.27499999999999997,0.4000000000000001,0.27499999999999997,0.47500000000000014,0.18518518518518512,0.1111111111111111,0.2592592592592591
0.14669421487603307,0.421875,0.59375,0.025,0.05,0.0,0.19999999999999998,0.037037037037037035,0.027777777777777776,0.05555555555555555,0.27499999999999997,0.4000000000000001,0.27499999999999997,0.47500000000000014,0.18518518518518512,0.1111111111111111,0.2685185185185183
0.14772727272727273,0.4248046875,0.59814453125,0.025,0.05,0.0,0.22499999999999998,0.037037037037037035,0.027777777777777776,0.05555555555555555,0.27499999999999997,0.4000000000000001,0.27499999999999997,0.47500000000000014,0.18518518518518512,0.1111111111111111,0.2685185185185183
0.1487603305785124,0.427490234375,0.6015625,0.025,0.05,0.0,0.22499999999999998,0.037037037037037035,0.027777777777777776,0.05555555555555555,0.27499999999999997,0.4000000000000001,0.27499999999999997,0.47500000000000014,0.18518518518518512,0.1111111111111111,0.27777777777777757
0.14979338842975207,0.430419921875,0.60498046875,0.025,0.05,0.0,0.22499999999999998,0.037037037037037035,0.027777777777777776,0.05555555555555555,0.27499999999999997,0.4000000000000001,0.27499999999999997,0.5000000000000001,0.18518518518518512,0.1111111111111111,0.27777777777777757
0.15082644628099173,0.43310546875,0.609375,0.025,0.05,0.0,0.22499999999999998,0.037037037037037035,0.027777777777777776,0.05555555555555555,0.27499999999999997,0.4000000000000001,0.27499999999999997,0.5000000000000001,0.19444444444444436,0.1111111111111111,0.27777777777777757
0.1518595041322314,0.43603515625,0.61279296875,0.025,0.05,0.0,0.22499999999999998,0.037037037037037035,0.027777777777777776,0.06481481481481481,0.27499999999999997,0.4000000000000001,0.27499999999999997,0.5000000000000001,0.19444444444444436,0.1111111111111111,0.27777777777777757
0.1528925619834711,0.438720703125,0.6162109375,0.025,0.05,0.0,0.22499999999999998,0.037037037037037035,0.027777777777777776,0.06481481481481481,0.27499999999999997,0.4000000000000001,0.27499999999999997,0.5000000000000001,0.19444444444444436,0.12037037037037036,0.27777777777777757
0.15392561983471076,0.441650390625,0.61962890625,0.025,0.05,0.0,0.22499999999999998,0.037037037037037035,0.027777777777777776,0.06481481481481481,0.27499999999999997,0.4000000000000001,0.27499999999999997,0.5000000000000001,0.2037037037037036,0.12037037037037036,0.27777777777777757
0.15495867768595042,0.4443359375,0.6240234375,0.025,0.05,0.0,0.22499999999999998,0.037037037037037035,0.027777777777777776,0.06481481481481481,0.27499999999999997,0.4000000000000001,0.27499999999999997,0.5000000000000001,0.21296296296296285,0.12037037037037036,0.27777777777777757
0.1559917355371901,0.447265625,0.6279296875,0.025,0.05,0.0,0.22499999999999998,0.037037037037037035,0.027777777777777776,0.06481481481481481,0.3,0.4000000000000001,0.27499999999999997,0.5000000000000001,0.21296296296296285,0.12037037037037036,0.27777777777777757
0.15702479338842976,0.449951171875,0.63134765625,0.025,0.05,0.0,0.22499999999999998,0.037037037037037035,0.027777777777777776,0.06481481481481481,0.3,0.4000000000000001,0.27499999999999997,0.5000000000000001,0.21296296296296285,0.12962962962962962,0.27777777777777757
0.15805785123966942,0.452880859375,0.63427734375,0.025,0.05,0.0,0.22499999999999998,0.037037037037037035,0.027777777777777776,0.06481481481481481,0.3,0.4000000000000001,0.27499999999999997,0.5000000000000001,0.2222222222222221,0.12962962962962962,0.27777777777777757
0.1590909090909091,0.45556640625,0.63818359375,0.025,0.05,0.0,0.22499999999999998,0.037037037037037035,0.027777777777777776,0.06481481481481481,0.3,0.4000000000000001,0.27499999999999997,0.5000000000000001,0.2222222222222221,0.12962962962962962,0.2870370370370368
0.16012396694214875,0.458251953125,0.64208984375,0.025,0.05,0.0,0.22499999999999998,0.037037037037037035,0.027777777777777776,0.06481481481481481,0.3,0.4000000000000001,0.27499999999999997,0.5000000000000001,0.2222222222222221,0.12962962962962962,0.29629629629629606
0.16115702479338842,0.4609375,0.64599609375,0.025,0.05,0.0,0.22499999999999998,0.037037037037037035,0.027777777777777776,0.06481481481481481,0.3,0.4000000000000001,0.27499999999999997,0.5000000000000001,0.2222222222222221,0.12962962962962962,0.3055555555555553
0.16219008264462811,0.4638671875,0.6494140625,0.025,0.05,0.0,0.22499999999999998,0.037037037037037035,0.027777777777777776,0.06481481481481481,0.3,0.4000000000000001,0.3,0.5000000000000001,0.2222222222222221,0.12962962962962962,0.3055555555555553
0.16322314049586778,0.466796875,0.65283203125,0.025,0.05,0.0,0.22499999999999998,0.037037037037037035,0.027777777777777776,0.06481481481481481,0.3,0.4000000000000001,0.3,0.5000000000000001,0.23148148148148134,0.12962962962962962,0.3055555555555553
0.16425619834710745,0.469482421875,0.65673828125,0.025,0.05,0.0,0.22499999999999998,0.037037037037037035,0.027777777777777776,0.06481481481481481,0.3,0.4000000000000001,0.3,0.5000000000000001,0.2407407407407406,0.12962962962962962,0.3055555555555553
0.1652892561983471,0.472412109375,0.65966796875,0.025,0.05,0.0,0.24999999999999997,0.037037037037037035,0.027777777777777776,0.06481481481481481,0.3,0.4000000000000001,0.3,0.5000000000000001,0.2407407407407406,0.12962962962962962,0.3055555555555553
0.16632231404958678,0.475341796875,0.66455078125,0.025,0.05,0.0,0.24999999999999997,0.037037037037037035,0.027777777777777776,0.06481481481481481,0.325,0.4000000000000001,0.3,0.5000000000000001,0.2407407407407406,0.12962962962962962,0.3055555555555553
0.16735537190082644,0.478271484375,0.66796875,0.025,0.05,0.0,0.24999999999999997,0.037037037037037035,0.027777777777777776,0.06481481481481481,0.325,0.4250000000000001,0.3,0.5000000000000001,0.2407407407407406,0.12962962962962962,0.3055555555555553
0.1683884297520661,0.481201171875,0.67138671875,0.025,0.05,0.0,0.24999999999999997,0.037037037037037035,0.027777777777777776,0.06481481481481481,0.325,0.4250000000000001,0.3,0.5250000000000001,0.2407407407407406,0.12962962962962962,0.3055555555555553
0.1694214876033058,0.484130859375,0.67529296875,0.025,0.05,0.0,0.24999999999999997,0.037037037037037035,0.027777777777777776,0.07407407407407407,0.325,0.4250000000000001,0.3,0.5250000000000001,0.2407407407407406,0.12962962962962962,0.3055555555555553
0.17045454545454544,0.487060546875,0.6787109375,0.025,0.05,0.0,0.24999999999999997,0.037037037037037035,0.027777777777777776,0.07407407407407407,0.325,0.4250000000000001,0.3,0.5250000000000001,0.2407407407407406,0.1388888888888889,0.3055555555555553
0.17148760330578514,0.48974609375,0.6826171875,0.025,0.05,0.0,0.24999999999999997,0.037037037037037035,0.027777777777777776,0.07407407407407407,0.325,0.4250000000000001,0.3,0.5250000000000001,0.2407407407407406,0.14814814814814814,0.3055555555555553
0.17252066115702477,0.492431640625,0.685546875,0.025,0.05,0.0,0.24999999999999997,0.037037037037037035,0.027777777777777776,0.07407407407407407,0.325,0.4250000000000001,0.3,0.5250000000000001,0.2407407407407406,0.15740740740740738,0.3055555555555553
0.17355371900826447,0.4951171875,0.68994140625,0.025,0.05,0.0,0.24999999999999997,0.037037037037037035,0.027777777777777776,0.07407407407407407,0.325,0.4250000000000001,0.3,0.5250000000000001,0.2407407407407406,0.15740740740740738,0.31481481481481455
0.1745867768595041,0.497802734375,0.69287109375,0.025,0.05,0.0,0.24999999999999997,0.037037037037037035,0.027777777777777776,0.07407407407407407,0.325,0.4250000000000001,0.3,0.5250000000000001,0.2407407407407406,0.15740740740740738,0.3240740740740738
0.1756198347107438,0.50048828125,0.69677734375,0.025,0.05,0.0,0.24999999999999997,0.037037037037037035,0.027777777777777776,0.07407407407407407,0.325,0.4250000000000001,0.3,0.5250000000000001,0.2407407407407406,0.16666666666666663,0.3240740740740738
0.17665289256198344,0.50341796875,0.7001953125,0.025,0.05,0.0,0.24999999999999997,0.037037037037037035,0.027777777777777776,0.07407407407407407,0.325,0.4500000000000001,0.3,0.5250000000000001,0.2407407407407406,0.16666666666666663,0.3240740740740738
0.17768595041322313,0.50634765625,0.705078125,0.025,0.05,0.0,0.24999999999999997,0.037037037037037035,0.027777777777777776,0.07407407407407407,0.325,0.4500000000000001,0.325,0.5250000000000001,0.2407407407407406,0.16666666666666663,0.3240740740740738
0.17871900826446283,0.50927734375,0.70849609375,0.025,0.05,0.0,0.24999999999999997,0.037037037037037035,0.027777777777777776,0.07407407407407407,0.325,0.4500000000000001,0.325,0.5250000000000001,0.24999999999999983,0.16666666666666663,0.3240740740740738
0.17975206611570246,0.51220703125,0.7119140625,0.025,0.05,0.0,0.24999999999999997,0.037037037037037035,0.027777777777777776,0.07407407407407407,0.325,0.47500000000000014,0.325,0.5250000000000001,0.24999999999999983,0.16666666666666663,0.3240740740740738
0.18078512396694216,0.51513671875,0.71630859375,0.025,0.05,0.0,0.24999999999999997,0.037037037037037035,0.027777777777777776,0.07407407407407407,0.325,0.47500000000000014,0.325,0.5250000000000001,0.2592592592592591,0.16666666666666663,0.3240740740740738
0.1818181818181818,0.51806640625,0.71923828125,0.025,0.05,0.0,0.27499999999999997,0.037037037037037035,0.027777777777777776,0.07407407407407407,0.325,0.47500000000000014,0.325,0.5250000000000001,0.2592592592592591,0.16666666666666663,0.3240740740740738
0.1828512396694215,0.52099609375,0.7236328125,0.025,0.05,0.0,0.27499999999999997,0.037037037037037035,0.027777777777777776,0.07407407407407407,0.325,0.47500000000000014,0.325,0.5250000000000001,0.2685185185185183,0.16666666666666663,0.3240740740740738
0.18388429752066113,0.52392578125,0.72705078125,0.025,0.05,0.0,0.27499999999999997,0.037037037037037035,0.027777777777777776,0.07407407407407407,0.325,0.47500000000000014,0.325,0.5250000000000001,0.27777777777777757,0.16666666666666663,0.3240740740740738
0.18491735537190082,0.5263671875,0.73046875,0.025,0.05,0.0,0.27499999999999997,0.037037037037037035,0.027777777777777776,0.07407407407407407,0.325,0.47500000000000014,0.325,0.5250000000000001,0.27777777777777757,0.16666666666666663,0.33333333333333304
0.1859504132231405,0.529296875,0.734375,0.025,0.05,0.0,0.27499999999999997,0.037037037037037035,0.027777777777777776,0.07407407407407407,0.325,0.47500000000000014,0.325,0.5250000000000001,0.27777777777777757,0.17592592592592587,0.33333333333333304
0.18698347107438015,0.53173828125,0.73779296875,0.025,0.05,0.0,0.27499999999999997,0.037037037037037035,0.027777777777777776,0.07407407407407407,0.325,0.47500000000000014,0.325,0.5250000000000001,0.27777777777777757,0.17592592592592587,0.3425925925925923
0.18801652892561982,0.53466796875,0.7412109375,0.025,0.05,0.0,0.27499999999999997,0.037037037037037035,0.027777777777777776,0.07407407407407407,0.325,0.47500000000000014,0.325,0.5250000000000001,0.27777777777777757,0.18518518518518512,0.3425925925925923
0.1890495867768595,0.53759765625,0.74560546875,0.025,0.05,0.0,0.27499999999999997,0.037037037037037035,0.027777777777777776,0.08333333333333333,0.325,0.47500000000000014,0.325,0.5250000000000001,0.27777777777777757,0.18518518518518512,0.3425925925925923
0.19008264462809915,0.54052734375,0.7490234375,0.025,0.05,0.0,0.27499999999999997,0.037037037037037035,0.027777777777777776,0.08333333333333333,0.325,0.47500000000000014,0.35000000000000003,0.5250000000000001,0.27777777777777757,0.18518518518518512,0.3425925925925923
0.19111570247933884,0.54345703125,0.75244140625,0.025,0.05,0.0,0.27499999999999997,0.037037037037037035,0.027777777777777776,0.08333333333333333,0.325,0.47500000000000014,0.35000000000000003,0.5250000000000001,0.27777777777777757,0.19444444444444436,0.3425925925925923
0.19214876033057848,0.54638671875,0.75537109375,0.025,0.05,0.0,0.27499999999999997,0.037037037037037035,0.027777777777777776,0.08333333333333333,0.325,0.47500000000000014,0.35000000000000003,0.5250000000000001,0.27777777777777757,0.2037037037037036,0.3425925925925923
0.19318181818181818,0.54931640625,0.7587890625,0.025,0.05,0.0,0.27499999999999997,0.037037037037037035,0.027777777777777776,0.08333333333333333,0.325,0.5000000000000001,0.35000000000000003,0.5250000000000001,0.27777777777777757,0.2037037037037036,0.3425925925925923
0.19421487603305781,0.55224609375,0.76220703125,0.025,0.05,0.0,0.27499999999999997,0.037037037037037035,0.027777777777777776,0.08333333333333333,0.325,0.5000000000000001,0.35000000000000003,0.5250000000000001,0.2870370370370368,0.2037037037037036,0.3425925925925923
0.1952479338842975,0.55517578125,0.76611328125,0.025,0.05,0.0,0.27499999999999997,0.037037037037037035,0.027777777777777776,0.08333333333333333,0.325,0.5000000000000001,0.35000000000000003,0.5250000000000001,0.29629629629629606,0.2037037037037036,0.3425925925925923
0.19628099173553717,0.55810546875,0.77001953125,0.025,0.05,0.0,0.27499999999999997,0.037037037037037035,0.027777777777777776,0.08333333333333333,0.325,0.5000000000000001,0.35000000000000003,0.5500000000000002,0.29629629629629606,0.2037037037037036,0.3425925925925923
0.19731404958677684,0.56103515625,0.7734375,0.025,0.05,0.0,0.27499999999999997,0.037037037037037035,0.027777777777777776,0.08333333333333333,0.325,0.5000000000000001,0.35000000000000003,0.5500000000000002,0.3055555555555553,0.2037037037037036,0.3425925925925923
0.1983471074380165,0.56396484375,0.77783203125,0.025,0.05,0.0,0.27499999999999997,0.037037037037037035,0.027777777777777776,0.08333333333333333,0.325,0.5000000000000001,0.35000000000000003,0.5500000000000002,0.31481481481481455,0.2037037037037036,0.3425925925925923
0.19938016528925617,0.56689453125,0.78125,0.025,0.05,0.0,0.27499999999999997,0.037037037037037035,0.027777777777777776,0.08333333333333333,0.325,0.5000000000000001,0.35000000000000003,0.5500000000000002,0.3240740740740738,0.2037037037037036,0.3425925925925923
0.20041322314049584,0.56982421875,0.78466796875,0.025,0.05,0.0,0.3,0.037037037037037035,0.027777777777777776,0.08333333333333333,0.325,0.5000000000000001,0.35000000000000003,0.5500000000000002,0.3240740740740738,0.2037037037037036,0.3425925925925923
0.20144628099173553,0.57275390625,0.78857421875,0.025,0.05,0.0,0.3,0.037037037037037035,0.027777777777777776,0.08333333333333333,0.325,0.5000000000000001,0.35000000000000003,0.5500000000000002,0.3240740740740738,0.21296296296296285,0.3425925925925923
0.20247933884297517,0.57568359375,0.79248046875,0.025,0.05,0.0,0.3,0.037037037037037035,0.027777777777777776,0.08333333333333333,0.325,0.5000000000000001,0.35000000000000003,0.5500000000000002,0.3240740740740738,0.2222222222222221,0.3425925925925923
0.20351239669421484,0.57861328125,0.7958984375,0.025,0.05,0.0,0.3,0.037037037037037035,0.037037037037037035,0.08333333333333333,0.325,0.5000000000000001,0.35000000000000003,0.5500000000000002,0.3240740740740738,0.2222222222222221,0.3425925925925923
0.2045454545454545,0.58154296875,0.798828125,0.025,0.05,0.0,0.3,0.037037037037037035,0.037037037037037035,0.08333333333333333,0.35000000000000003,0.5000000000000001,0.35000000000000003,0.5500000000000002,0.3240740740740738,0.2222222222222221,0.3425925925925923
0.2055785123966942,0.58447265625,0.80224609375,0.025,0.05,0.0,0.3,0.037037037037037035,0.037037037037037035,0.08333333333333333,0.35000000000000003,0.5000000000000001,0.35000000000000003,0.5500000000000002,0.3240740740740738,0.23148148148148134,0.3425925925925923
0.20661157024793383,0.58740234375,0.806640625,0.025,0.05,0.0,0.3,0.037037037037037035,0.037037037037037035,0.08333333333333333,0.35000000000000003,0.5000000000000001,0.35000000000000003,0.5500000000000002,0.3240740740740738,0.2407407407407406,0.3425925925925923
0.20764462809917353,0.59033203125,0.81005859375,0.025,0.05,0.0,0.3,0.037037037037037035,0.037037037037037035,0.09259259259259259,0.35000000000000003,0.5000000000000001,0.35000000000000003,0.5500000000000002,0.3240740740740738,0.2407407407407406,0.3425925925925923
0.20867768595041322,0.59326171875,0.81396484375,0.025,0.05,0.0,0.3,0.037037037037037035,0.037037037037037035,0.09259259259259259,0.35000000000000003,0.5000000000000001,0.35000000000000003,0.5500000000000002,0.3240740740740738,0.2407407407407406,0.3518518518518515
0.2097107438016529,0.595703125,0.8173828125,0.025,0.05,0.0,0.3,0.037037037037037035,0.037037037037037035,0.09259259259259259,0.35000000000000003,0.5000000000000001,0.35000000000000003,0.5500000000000002,0.3240740740740738,0.2407407407407406,0.36111111111111077
0.21074380165289255,0.59814453125,0.8212890625,0.025,0.05,0.0,0.3,0.037037037037037035,0.037037037037037035,0.09259259259259259,0.35000000000000003,0.5000000000000001,0.35000000000000003,0.5500000000000002,0.3240740740740738,0.2407407407407406,0.37037037037037
0.2117768595041322,0.60107421875,0.82568359375,0.025,0.07500000000000001,0.0,0.3,0.037037037037037035,0.037037037037037035,0.09259259259259259,0.35000000000000003,0.5000000000000001,0.35000000000000003,0.5500000000000002,0.3240740740740738,0.2407407407407406,0.37037037037037
0.21280991735537189,0.60400390625,0.828125,0.025,0.07500000000000001,0.0,0.3,0.046296296296296294,0.037037037037037035,0.09259259259259259,0.35000000000000003,0.5000000000000001,0.35000000000000003,0.5500000000000002,0.3240740740740738,0.2407407407407406,0.37037037037037
0.21384297520661152,0.60693359375,0.83154296875,0.025,0.07500000000000001,0.0,0.3,0.046296296296296294,0.037037037037037035,0.09259259259259259,0.35000000000000003,0.5000000000000001,0.35000000000000003,0.5500000000000002,0.33333333333333304,0.2407407407407406,0.37037037037037
0.21487603305785122,0.60986328125,0.8359375,0.025,0.07500000000000001,0.0,0.3,0.046296296296296294,0.037037037037037035,0.09259259259259259,0.35000000000000003,0.5000000000000001,0.35000000000000003,0.5500000000000002,0.3425925925925923,0.2407407407407406,0.37037037037037
0.21590909090909088,0.61279296875,0.83935546875,0.025,0.07500000000000001,0.0,0.3,0.046296296296296294,0.037037037037037035,0.10185185185185185,0.35000000000000003,0.5000000000000001,0.35000000000000003,0.5500000000000002,0.3425925925925923,0.2407407407407406,0.37037037037037
0.21694214876033055,0.61572265625,0.84375,0.025,0.07500000000000001,0.0,0.3,0.046296296296296294,0.037037037037037035,0.10185185185185185,0.35000000000000003,0.5000000000000001,0.35000000000000003,0.5500000000000002,0.3425925925925923,0.2407407407407406,0.37962962962962926
0.21797520661157022,0.6181640625,0.84619140625,0.025,0.07500000000000001,0.0,0.3,0.046296296296296294,0.037037037037037035,0.10185185185185185,0.35000000000000003,0.5000000000000001,0.35000000000000003,0.5500000000000002,0.3425925925925923,0.2407407407407406,0.3888888888888885
0.21900826446280988,0.62109375,0.85009765625,0.025,0.07500000000000001,0.0,0.3,0.046296296296296294,0.037037037037037035,0.10185185185185185,0.35000000000000003,0.5250000000000001,0.35000000000000003,0.5500000000000002,0.3425925925925923,0.2407407407407406,0.3888888888888885
0.22004132231404955,0.6240234375,0.853515625,0.025,0.07500000000000001,0.0,0.3,0.046296296296296294,0.037037037037037035,0.10185185185185185,0.35000000000000003,0.5250000000000001,0.35000000000000003,0.5500000000000002,0.3425925925925923,0.2407407407407406,0.39814814814814775
0.2210743801652892,0.62646484375,0.85791015625,0.025,0.07500000000000001,0.0,0.3,0.046296296296296294,0.037037037037037035,0.10185185185185185,0.35000000000000003,0.5250000000000001,0.35000000000000003,0.5500000000000002,0.3425925925925923,0.2407407407407406,0.407407407407407
0.22210743801652888,0.62939453125,0.861328125,0.025,0.07500000000000001,0.0,0.325,0.046296296296296294,0.037037037037037035,0.10185185185185185,0.35000000000000003,0.5250000000000001,0.35000000000000003,0.5500000000000002,0.3425925925925923,0.2407407407407406,0.407407407407407
0.22314049586776857,0.63232421875,0.865234375,0.025,0.07500000000000001,0.0,0.325,0.046296296296296294,0.037037037037037035,0.10185185185185185,0.35000000000000003,0.5250000000000001,0.37500000000000006,0.5500000000000002,0.3425925925925923,0.2407407407407406,0.407407407407407
0.2241735537190082,0.63525390625,0.86767578125,0.025,0.07500000000000001,0.0,0.325,0.046296296296296294,0.037037037037037035,0.10185185185185185,0.35000000000000003,0.5250000000000001,0.37500000000000006,0.5750000000000002,0.3425925925925923,0.2407407407407406,0.407407407407407
0.2252066115702479,0.63818359375,0.87158203125,0.025,0.07500000000000001,0.0,0.325,0.046296296296296294,0.037037037037037035,0.10185185185185185,0.37500000000000006,0.5250000000000001,0.37500000000000006,0.5750000000000002,0.3425925925925923,0.2407407407407406,0.407407407407407
0.2262396694214876,0.64111328125,0.875,0.025,0.07500000000000001,0.0,0.325,0.046296296296296294,0.037037037037037035,0.10185185185185185,0.37500000000000006,0.5250000000000001,0.37500000000000006,0.5750000000000002,0.3425925925925923,0.2407407407407406,0.41666666666666624
0.22727272727272727,0.64404296875,0.87939453125,0.025,0.07500000000000001,0.0,0.325,0.046296296296296294,0.037037037037037035,0.10185185185185185,0.4000000000000001,0.5250000000000001,0.37500000000000006,0.5750000000000002,0.3425925925925923,0.2407407407407406,0.41666666666666624
0.22830578512396693,0.64697265625,0.8818359375,0.025,0.07500000000000001,0.0,0.325,0.046296296296296294,0.037037037037037035,0.10185185185185185,0.4000000000000001,0.5250000000000001,0.4000000000000001,0.5750000000000002,0.3425925925925923,0.2407407407407406,0.41666666666666624
0.2293388429752066,0.64990234375,0.8857421875,0.025,0.07500000000000001,0.0,0.325,0.046296296296296294,0.037037037037037035,0.10185185185185185,0.4000000000000001,0.5250000000000001,0.4000000000000001,0.5750000000000002,0.3425925925925923,0.24999999999999983,0.41666666666666624
0.23037190082644626,0.65283203125,0.89013671875,0.025,0.07500000000000001,0.0,0.325,0.046296296296296294,0.037037037037037035,0.10185185185185185,0.4000000000000001,0.5250000000000001,0.4000000000000001,0.5750000000000002,0.3518518518518515,0.24999999999999983,0.41666666666666624
0.23140495867768593,0.65576171875,0.8935546875,0.025,0.07500000000000001,0.0,0.325,0.046296296296296294,0.037037037037037035,0.10185185185185185,0.4000000000000001,0.5250000000000001,0.4000000000000001,0.5750000000000002,0.36111111111111077,0.24999999999999983,0.41666666666666624
0.2324380165289256,0.65869140625,0.89599609375,0.025,0.07500000000000001,0.0,0.325,0.046296296296296294,0.037037037037037035,0.10185185185185185,0.4000000000000001,0.5250000000000001,0.4000000000000001,0.5750000000000002,0.37037037037037,0.24999999999999983,0.41666666666666624
0.23347107438016526,0.66162109375,0.89990234375,0.025,0.07500000000000001,0.0,0.325,0.046296296296296294,0.037037037037037035,0.1111111111111111,0.4000000000000001,0.5250000000000001,0.4000000000000001,0.5750000000000002,0.37037037037037,0.24999999999999983,0.41666666666666624
0.23450413223140493,0.66455078125,0.904296875,0.025,0.07500000000000001,0.0,0.325,0.046296296296296294,0.037037037037037035,0.1111111111111111,0.4000000000000001,0.5250000000000001,0.4000000000000001,0.5750000000000002,0.37962962962962926,0.24999999999999983,0.41666666666666624
0.2355371900826446,0.66748046875,0.908203125,0.025,0.07500000000000001,0.0,0.325,0.046296296296296294,0.037037037037037035,0.1111111111111111,0.4000000000000001,0.5250000000000001,0.4000000000000001,0.5750000000000002,0.37962962962962926,0.2592592592592591,0.41666666666666624
0.23657024793388426,0.67041015625,0.91064453125,0.025,0.07500000000000001,0.0,0.35000000000000003,0.046296296296296294,0.037037037037037035,0.1111111111111111,0.4000000000000001,0.5250000000000001,0.4000000000000001,0.5750000000000002,0.37962962962962926,0.2592592592592591,0.41666666666666624
0.23760330578512392,0.67333984375,0.9150390625,0.025,0.07500000000000001,0.0,0.35000000000000003,0.046296296296296294,0.037037037037037035,0.1111111111111111,0.4000000000000001,0.5250000000000001,0.4000000000000001,0.5750000000000002,0.37962962962962926,0.2685185185185183,0.41666666666666624
0.2386363636363636,0.67626953125,0.91845703125,0.025,0.07500000000000001,0.0,0.35000000000000003,0.046296296296296294,0.037037037037037035,0.12037037037037036,0.4000000000000001,0.5250000000000001,0.4000000000000001,0.5750000000000002,0.37962962962962926,0.2685185185185183,0.41666666666666624
0.23966942148760326,0.67919921875,0.92236328125,0.025,0.07500000000000001,0.0,0.35000000000000003,0.046296296296296294,0.037037037037037035,0.12037037037037036,0.4000000000000001,0.5250000000000001,0.4000000000000001,0.5750000000000002,0.3888888888888885,0.2685185185185183,0.41666666666666624
0.24070247933884292,0.68212890625,0.9248046875,0.025,0.07500000000000001,0.0,0.35000000000000003,0.046296296296296294,0.037037037037037035,0.12037037037037036,0.4000000000000001,0.5250000000000001,0.4000000000000001,0.5750000000000002,0.3888888888888885,0.27777777777777757,0.41666666666666624
0.24173553719008256,0.6845703125,0.92822265625,0.025,0.07500000000000001,0.0,0.35000000000000003,0.046296296296296294,0.037037037037037035,0.12037037037037036,0.4000000000000001,0.5250000000000001,0.4000000000000001,0.5750000000000002,0.3888888888888885,0.27777777777777757,0.4259259259259255
0.24276859504132225,0.6875,0.9326171875,0.025,0.07500000000000001,0.0,0.35000000000000003,0.046296296296296294,0.037037037037037035,0.12037037037037036,0.4000000000000001,0.5500000000000002,0.4000000000000001,0.5750000000000002,0.3888888888888885,0.27777777777777757,0.4259259259259255
0.2438016528925619,0.6904296875,0.9365234375,0.025,0.07500000000000001,0.0,0.35000000000000003,0.046296296296296294,0.037037037037037035,0.12037037037037036,0.4000000000000001,0.5500000000000002,0.4000000000000001,0.5750000000000002,0.3888888888888885,0.2870370370370368,0.4259259259259255
0.2448347107438016,0.693359375,0.93896484375,0.025,0.07500000000000001,0.0,0.35000000000000003,0.046296296296296294,0.037037037037037035,0.12037037037037036,0.4000000000000001,0.5500000000000002,0.4000000000000001,0.5750000000000002,0.3888888888888885,0.29629629629629606,0.4259259259259255
0.24586776859504125,0.6962890625,0.94384765625,0.025,0.07500000000000001,0.0,0.35000000000000003,0.046296296296296294,0.037037037037037035,0.12037037037037036,0.4000000000000001,0.5500000000000002,0.4000000000000001,0.5750000000000002,0.3888888888888885,0.3055555555555553,0.4259259259259255
0.24690082644628095,0.69921875,0.94775390625,0.025,0.07500000000000001,0.0,0.35000000000000003,0.046296296296296294,0.037037037037037035,0.12037037037037036,0.4000000000000001,0.5500000000000002,0.4000000000000001,0.5750000000000002,0.3888888888888885,0.3055555555555553,0.43518518518518473
0.24793388429752064,0.70166015625,0.9501953125,0.025,0.07500000000000001,0.0,0.35000000000000003,0.046296296296296294,0.037037037037037035,0.12037037037037036,0.4000000000000001,0.5500000000000002,0.4000000000000001,0.5750000000000002,0.3888888888888885,0.3055555555555553,0.444444444444444
0.24896694214876025,0.70458984375,0.9541015625,0.025,0.07500000000000001,0.0,0.35000000000000003,0.046296296296296294,0.037037037037037035,0.12037037037037036,0.4000000000000001,0.5500000000000002,0.4000000000000001,0.6000000000000002,0.3888888888888885,0.3055555555555553,0.444444444444444
0.24999999999999992,0.70751953125,0.95849609375,0.025,0.07500000000000001,0.0,0.35000000000000003,0.046296296296296294,0.037037037037037035,0.12037037037037036,0.4000000000000001,0.5500000000000002,0.4000000000000001,0.6000000000000002,0.3888888888888885,0.3055555555555553,0.4537037037037032
0.2510330578512396,0.71044921875,0.9609375,0.025,0.07500000000000001,0.0,0.35000000000000003,0.046296296296296294,0.037037037037037035,0.12962962962962962,0.4000000000000001,0.5500000000000002,0.4000000000000001,0.6000000000000002,0.3888888888888885,0.3055555555555553,0.4537037037037032
0.2520661157024793,0.71337890625,0.96484375,0.025,0.07500000000000001,0.0,0.35000000000000003,0.046296296296296294,0.037037037037037035,0.12962962962962962,0.4000000000000001,0.5500000000000002,0.4000000000000001,0.6000000000000002,0.3888888888888885,0.31481481481481455,0.4537037037037032
0.2530991735537189,0.71630859375,0.96875,0.025,0.07500000000000001,0.0,0.35000000000000003,0.046296296296296294,0.037037037037037035,0.12962962962962962,0.4000000000000001,0.5500000000000002,0.4000000000000001,0.6000000000000002,0.3888888888888885,0.3240740740740738,0.4537037037037032
0.2541322314049586,0.71923828125,0.97216796875,0.025,0.07500000000000001,0.0,0.35000000000000003,0.046296296296296294,0.037037037037037035,0.12962962962962962,0.4250000000000001,0.5500000000000002,0.4000000000000001,0.6000000000000002,0.3888888888888885,0.3240740740740738,0.4537037037037032
0.2551652892561983,0.72216796875,0.9755859375,0.025,0.07500000000000001,0.0,0.35000000000000003,0.046296296296296294,0.037037037037037035,0.12962962962962962,0.4250000000000001,0.5500000000000002,0.4000000000000001,0.6000000000000002,0.3888888888888885,0.3240740740740738,0.46296296296296247
0.25619834710743794,0.72509765625,0.9794921875,0.025,0.07500000000000001,0.0,0.35000000000000003,0.046296296296296294,0.037037037037037035,0.12962962962962962,0.4500000000000001,0.5500000000000002,0.4000000000000001,0.6000000000000002,0.3888888888888885,0.3240740740740738,0.46296296296296247
0.25723140495867763,0.72802734375,0.98193359375,0.025,0.07500000000000001,0.0,0.35000000000000003,0.046296296296296294,0.037037037037037035,0.12962962962962962,0.4500000000000001,0.5500000000000002,0.4000000000000001,0.6000000000000002,0.3888888888888885,0.3240740740740738,0.4722222222222217
0.2582644628099173,0.73046875,0.986328125,0.025,0.07500000000000001,0.0,0.35000000000000003,0.046296296296296294,0.037037037037037035,0.12962962962962962,0.4500000000000001,0.5500000000000002,0.4000000000000001,0.6000000000000002,0.3888888888888885,0.3240740740740738,0.48148148148148096
0.25929752066115697,0.7333984375,0.990234375,0.025,0.07500000000000001,0.0,0.35000000000000003,0.046296296296296294,0.037037037037037035,0.12962962962962962,0.4500000000000001,0.5500000000000002,0.4000000000000001,0.6000000000000002,0.3888888888888885,0.3240740740740738,0.4907407407407402
0.2603305785123966,0.736328125,0.994140625,0.025,0.07500000000000001,0.0,0.35000000000000003,0.046296296296296294,0.037037037037037035,0.12962962962962962,0.4500000000000001,0.5500000000000002,0.4250000000000001,0.6000000000000002,0.3888888888888885,0.3240740740740738,0.4907407407407402
0.2613636363636363,0.7392578125,0.99658203125,0.025,0.07500000000000001,0.0,0.35000000000000003,0.046296296296296294,0.037037037037037035,0.12962962962962962,0.4500000000000001,0.5500000000000002,0.4250000000000001,0.6000000000000002,0.3888888888888885,0.3240740740740738,0.49999999999999944
0.262396694214876,0.7421875,1.0009765625,0.025,0.07500000000000001,0.0,0.35000000000000003,0.046296296296296294,0.037037037037037035,0.12962962962962962,0.4500000000000001,0.5500000000000002,0.4250000000000001,0.6000000000000002,0.3888888888888885,0.3240740740740738,0.5092592592592587
0.26342975206611563,0.7451171875,1.00390625,0.025,0.07500000000000001,0.0,0.35000000000000003,0.046296296296296294,0.037037037037037035,0.12962962962962962,0.4500000000000001,0.5500000000000002,0.4250000000000001,0.6000000000000002,0.3888888888888885,0.3240740740740738,0.518518518518518
0.2644628099173553,0.74853515625,1.0078125,0.025,0.1,0.0,0.35000000000000003,0.046296296296296294,0.037037037037037035,0.12962962962962962,0.4500000000000001,0.5500000000000002,0.4250000000000001,0.6000000000000002,0.3888888888888885,0.3240740740740738,0.518518518518518
0.26549586776859496,0.75146484375,1.01171875,0.025,0.1,0.0,0.35000000000000003,0.046296296296296294,0.037037037037037035,0.12962962962962962,0.4500000000000001,0.5500000000000002,0.4250000000000001,0.6250000000000002,0.3888888888888885,0.3240740740740738,0.518518518518518
0.26652892561983466,0.75439453125,1.0146484375,0.025,0.1,0.0,0.35000000000000003,0.046296296296296294,0.037037037037037035,0.12962962962962962,0.4500000000000001,0.5500000000000002,0.4250000000000001,0.6250000000000002,0.39814814814814775,0.3240740740740738,0.518518518518518
0.2675619834710743,0.75732421875,1.0185546875,0.025,0.1,0.0,0.35000000000000003,0.046296296296296294,0.037037037037037035,0.12962962962962962,0.4500000000000001,0.5500000000000002,0.4250000000000001,0.6250000000000002,0.407407407407407,0.3240740740740738,0.518518518518518
0.268595041322314,0.76025390625,1.0224609375,0.025,0.1,0.0,0.37500000000000006,0.046296296296296294,0.037037037037037035,0.12962962962962962,0.4500000000000001,0.5500000000000002,0.4250000000000001,0.6250000000000002,0.407407407407407,0.3240740740740738,0.518518518518518
0.2696280991735537,0.76318359375,1.025390625,0.025,0.1,0.0,0.37500000000000006,0.05555555555555555,0.037037037037037035,0.12962962962962962,0.4500000000000001,0.5500000000000002,0.4250000000000001,0.6250000000000002,0.407407407407407,0.3240740740740738,0.518518518518518
0.2706611570247934,0.76611328125,1.029296875,0.025,0.1,0.0,0.37500000000000006,0.05555555555555555,0.037037037037037035,0.12962962962962962,0.4500000000000001,0.5500000000000002,0.4250000000000001,0.6250000000000002,0.41666666666666624,0.3240740740740738,0.518518518518518
0.271694214876033,0.76904296875,1.033203125,0.025,0.1,0.0,0.37500000000000006,0.05555555555555555,0.037037037037037035,0.12962962962962962,0.4500000000000001,0.5500000000000002,0.4500000000000001,0.6250000000000002,0.41666666666666624,0.3240740740740738,0.518518518518518
0.27272727272727265,0.77197265625,1.0361328125,0.025,0.1,0.0,0.37500000000000006,0.05555555555555555,0.037037037037037035,0.12962962962962962,0.4500000000000001,0.5500000000000002,0.4500000000000001,0.6250000000000002,0.4259259259259255,0.3240740740740738,0.518518518518518
0.27376033057851235,0.77490234375,1.0400390625,0.025,0.1,0.0,0.37500000000000006,0.05555555555555555,0.037037037037037035,0.12962962962962962,0.4500000000000001,0.5500000000000002,0.4500000000000001,0.6250000000000002,0.43518518518518473,0.3240740740740738,0.518518518518518
0.27479338842975204,0.77783203125,1.0439453125,0.025,0.1,0.0,0.37500000000000006,0.05555555555555555,0.037037037037037035,0.12962962962962962,0.4500000000000001,0.5500000000000002,0.4500000000000001,0.6250000000000002,0.43518518518518473,0.33333333333333304,0.518518518518518
0.2758264462809917,0.78076171875,1.046875,0.025,0.1,0.0,0.37500000000000006,0.05555555555555555,0.037037037037037035,0.12962962962962962,0.4500000000000001,0.5750000000000002,0.4500000000000001,0.6250000000000002,0.43518518518518473,0.33333333333333304,0.518518518518518
0.27685950413223137,0.78369140625,1.05078125,0.025,0.1,0.0,0.37500000000000006,0.05555555555555555,0.037037037037037035,0.12962962962962962,0.4500000000000001,0.6000000000000002,0.4500000000000001,0.6250000000000002,0.43518518518518473,0.33333333333333304,0.518518518518518
0.277892561983471,0.78662109375,1.0537109375,0.025,0.1,0.0,0.37500000000000006,0.05555555555555555,0.037037037037037035,0.12962962962962962,0.4500000000000001,0.6000000000000002,0.4500000000000001,0.6250000000000002,0.444444444444444,0.33333333333333304,0.518518518518518
0.27892561983471065,0.78955078125,1.0576171875,0.025,0.1,0.0,0.37500000000000006,0.05555555555555555,0.037037037037037035,0.12962962962962962,0.4500000000000001,0.6000000000000002,0.4500000000000001,0.6250000000000002,0.444444444444444,0.3425925925925923,0.518518518518518
0.27995867768595034,0.79248046875,1.0615234375,0.025,0.1,0.0,0.37500000000000006,0.05555555555555555,0.046296296296296294,0.12962962962962962,0.4500000000000001,0.6000000000000002,0.4500000000000001,0.6250000000000002,0.444444444444444,0.3425925925925923,0.518518518518518
0.28099173553719003,0.79541015625,1.064453125,0.025,0.1,0.0,0.37500000000000006,0.05555555555555555,0.046296296296296294,0.12962962962962962,0.4500000000000001,0.6000000000000002,0.4500000000000001,0.6250000000000002,0.4537037037037032,0.3425925925925923,0.518518518518518
0.2820247933884297,0.79833984375,1.068359375,0.025,0.1,0.0,0.37500000000000006,0.05555555555555555,0.046296296296296294,0.12962962962962962,0.4500000000000001,0.6000000000000002,0.4500000000000001,0.6250000000000002,0.4537037037037032,0.3425925925925923,0.5277777777777773
0.28305785123966937,0.80126953125,1.072265625,0.025,0.1,0.0,0.37500000000000006,0.05555555555555555,0.046296296296296294,0.1388888888888889,0.4500000000000001,0.6000000000000002,0.4500000000000001,0.6250000000000002,0.4537037037037032,0.3425925925925923,0.5277777777777773
0.284090909090909,0.80419921875,1.0751953125,0.025,0.1,0.0,0.37500000000000006,0.05555555555555555,0.046296296296296294,0.14814814814814814,0.4500000000000001,0.6000000000000002,0.4500000000000001,0.6250000000000002,0.4537037037037032,0.3425925925925923,0.5277777777777773
0.2851239669421487,0.80712890625,1.0791015625,0.025,0.1,0.0,0.37500000000000006,0.05555555555555555,0.046296296296296294,0.14814814814814814,0.4500000000000001,0.6000000000000002,0.4500000000000001,0.6500000000000002,0.4537037037037032,0.3425925925925923,0.5277777777777773
0.2861570247933884,0.81005859375,1.08203125,0.025,0.1,0.0,0.37500000000000006,0.05555555555555555,0.046296296296296294,0.14814814814814814,0.4500000000000001,0.6000000000000002,0.4500000000000001,0.6500000000000002,0.4537037037037032,0.3425925925925923,0.5370370370370366
0.28719008264462803,0.81298828125,1.0859375,0.025,0.1,0.0,0.37500000000000006,0.05555555555555555,0.046296296296296294,0.14814814814814814,0.4500000000000001,0.6250000000000002,0.4500000000000001,0.6500000000000002,0.4537037037037032,0.3425925925925923,0.5370370370370366
0.2882231404958677,0.81591796875,1.087890625,0.025,0.1,0.0,0.37500000000000006,0.05555555555555555,0.046296296296296294,0.14814814814814814,0.4500000000000001,0.6250000000000002,0.4500000000000001,0.6500000000000002,0.46296296296296247,0.3425925925925923,0.5370370370370366
0.2892561983471074,0.81884765625,1.0927734375,0.025,0.1,0.0,0.37500000000000006,0.05555555555555555,0.046296296296296294,0.14814814814814814,0.4500000000000001,0.6250000000000002,0.4500000000000001,0.6500000000000002,0.46296296296296247,0.3518518518518515,0.5370370370370366
0.2902892561983471,0.82177734375,1.0966796875,0.025,0.1,0.0,0.37500000000000006,0.05555555555555555,0.046296296296296294,0.14814814814814814,0.4500000000000001,0.6250000000000002,0.4500000000000001,0.6500000000000002,0.46296296296296247,0.36111111111111077,0.5370370370370366
0.2913223140495868,0.82470703125,1.099609375,0.025,0.1,0.0,0.37500000000000006,0.05555555555555555,0.046296296296296294,0.14814814814814814,0.47500000000000014,0.6250000000000002,0.4500000000000001,0.6500000000000002,0.46296296296296247,0.36111111111111077,0.5370370370370366
0.2923553719008264,0.82763671875,1.103515625,0.025,0.1,0.0,0.37500000000000006,0.05555555555555555,0.046296296296296294,0.14814814814814814,0.47500000000000014,0.6250000000000002,0.4500000000000001,0.6500000000000002,0.4722222222222217,0.36111111111111077,0.5370370370370366
0.2933884297520661,0.83056640625,1.1064453125,0.025,0.1,0.0,0.37500000000000006,0.05555555555555555,0.046296296296296294,0.14814814814814814,0.47500000000000014,0.6250000000000002,0.4500000000000001,0.6500000000000002,0.4722222222222217,0.37037037037037,0.5370370370370366
0.2944214876033058,0.83349609375,1.1103515625,0.025,0.1,0.0,0.37500000000000006,0.05555555555555555,0.046296296296296294,0.14814814814814814,0.47500000000000014,0.6250000000000002,0.47500000000000014,0.6500000000000002,0.4722222222222217,0.37037037037037,0.5370370370370366
0.29545454545454547,0.83642578125,1.115234375,0.025,0.1,0.0,0.37500000000000006,0.05555555555555555,0.046296296296296294,0.14814814814814814,0.47500000000000014,0.6250000000000002,0.47500000000000014,0.6500000000000002,0.4722222222222217,0.37962962962962926,0.5370370370370366
0.29648760330578505,0.83935546875,1.1171875,0.025,0.1,0.0,0.37500000000000006,0.05555555555555555,0.046296296296296294,0.14814814814814814,0.47500000000000014,0.6250000000000002,0.47500000000000014,0.6500000000000002,0.48148148148148096,0.37962962962962926,0.5370370370370366
0.29752066115702475,0.84228515625,1.12109375,0.025,0.1,0.0,0.37500000000000006,0.05555555555555555,0.046296296296296294,0.14814814814814814,0.47500000000000014,0.6250000000000002,0.47500000000000014,0.6500000000000002,0.4907407407407402,0.37962962962962926,0.5370370370370366
0.29855371900826444,0.84521484375,1.1240234375,0.025,0.1,0.0,0.37500000000000006,0.05555555555555555,0.046296296296296294,0.14814814814814814,0.5000000000000001,0.6250000000000002,0.47500000000000014,0.6500000000000002,0.4907407407407402,0.37962962962962926,0.5370370370370366
0.29958677685950413,0.84814453125,1.1279296875,0.025,0.1,0.0,0.37500000000000006,0.05555555555555555,0.046296296296296294,0.14814814814814814,0.5000000000000001,0.6250000000000002,0.47500000000000014,0.6750000000000003,0.4907407407407402,0.37962962962962926,0.5370370370370366
0.30061983471074377,0.85107421875,1.130859375,0.025,0.1,0.0,0.37500000000000006,0.05555555555555555,0.046296296296296294,0.14814814814814814,0.5000000000000001,0.6250000000000002,0.47500000000000014,0.6750000000000003,0.4907407407407402,0.3888888888888885,0.5370370370370366
0.30165289256198347,0.85400390625,1.1337890625,0.025,0.1,0.0,0.37500000000000006,0.05555555555555555,0.046296296296296294,0.14814814814814814,0.5000000000000001,0.6250000000000002,0.47500000000000014,0.6750000000000003,0.49999999999999944,0.3888888888888885,0.5370370370370366
0.3026859504132231,0.85693359375,1.1396484375,0.025,0.1,0.0,0.37500000000000006,0.05555555555555555,0.046296296296296294,0.14814814814814814,0.5000000000000001,0.6250000000000002,0.47500000000000014,0.6750000000000003,0.49999999999999944,0.3888888888888885,0.546296296296296
0.3037190082644628,0.85986328125,1.1416015625,0.025,0.1,0.0,0.37500000000000006,0.05555555555555555,0.046296296296296294,0.14814814814814814,0.5000000000000001,0.6250000000000002,0.47500000000000014,0.6750000000000003,0.5092592592592587,0.3888888888888885,0.546296296296296
0.30475206611570244,0.86279296875,1.1455078125,0.025,0.1,0.0,0.37500000000000006,0.05555555555555555,0.046296296296296294,0.14814814814814814,0.5000000000000001,0.6250000000000002,0.47500000000000014,0.6750000000000003,0.5092592592592587,0.3888888888888885,0.5555555555555552
0.30578512396694213,0.86572265625,1.1484375,0.025,0.1,0.0,0.4000000000000001,0.05555555555555555,0.046296296296296294,0.14814814814814814,0.5000000000000001,0.6250000000000002,0.47500000000000014,0.6750000000000003,0.5092592592592587,0.3888888888888885,0.5555555555555552
0.30681818181818177,0.86865234375,1.15234375,0.025,0.1,0.0,0.4000000000000001,0.05555555555555555,0.046296296296296294,0.14814814814814814,0.5000000000000001,0.6250000000000002,0.47500000000000014,0.6750000000000003,0.5092592592592587,0.3888888888888885,0.5648148148148145
0.30785123966942146,0.87158203125,1.1552734375,0.025,0.1,0.0,0.4000000000000001,0.05555555555555555,0.046296296296296294,0.14814814814814814,0.5000000000000001,0.6500000000000002,0.47500000000000014,0.6750000000000003,0.5092592592592587,0.3888888888888885,0.5648148148148145
0.30888429752066116,0.87451171875,1.1591796875,0.025,0.1,0.0,0.4000000000000001,0.05555555555555555,0.046296296296296294,0.14814814814814814,0.5000000000000001,0.6500000000000002,0.47500000000000014,0.6750000000000003,0.5092592592592587,0.3888888888888885,0.5740740740740738
0.3099173553719008,0.87744140625,1.162109375,0.025,0.1,0.0,0.4000000000000001,0.05555555555555555,0.046296296296296294,0.14814814814814814,0.5000000000000001,0.6500000000000002,0.47500000000000014,0.6750000000000003,0.518518518518518,0.3888888888888885,0.5740740740740738
0.31095041322314043,0.88037109375,1.166015625,0.025,0.1,0.0,0.4000000000000001,0.05555555555555555,0.046296296296296294,0.14814814814814814,0.5000000000000001,0.6500000000000002,0.47500000000000014,0.6750000000000003,0.518518518518518,0.3888888888888885,0.5833333333333331
0.3119834710743801,0.88330078125,1.169921875,0.025,0.1,0.0,0.4000000000000001,0.05555555555555555,0.046296296296296294,0.14814814814814814,0.5000000000000001,0.6500000000000002,0.47500000000000014,0.6750000000000003,0.518518518518518,0.39814814814814775,0.5833333333333331
0.31301652892561976,0.88623046875,1.1728515625,0.025,0.1,0.0,0.4000000000000001,0.05555555555555555,0.046296296296296294,0.14814814814814814,0.5000000000000001,0.6500000000000002,0.47500000000000014,0.6750000000000003,0.518518518518518,0.407407407407407,0.5833333333333331
0.31404958677685946,0.88916015625,1.1767578125,0.025,0.1,0.0,0.4000000000000001,0.06481481481481481,0.046296296296296294,0.14814814814814814,0.5000000000000001,0.6500000000000002,0.47500000000000014,0.6750000000000003,0.518518518518518,0.407407407407407,0.5833333333333331
0.31508264462809915,0.89208984375,1.1796875,0.025,0.1,0.0,0.4000000000000001,0.06481481481481481,0.046296296296296294,0.14814814814814814,0.5000000000000001,0.6500000000000002,0.47500000000000014,0.6750000000000003,0.518518518518518,0.41666666666666624,0.5833333333333331
0.31611570247933884,0.89501953125,1.1845703125,0.025,0.1,0.0,0.4000000000000001,0.06481481481481481,0.046296296296296294,0.15740740740740738,0.5000000000000001,0.6500000000000002,0.47500000000000014,0.6750000000000003,0.518518518518518,0.41666666666666624,0.5833333333333331
0.3171487603305785,0.89794921875,1.1875,0.025,0.1,0.0,0.4000000000000001,0.06481481481481481,0.046296296296296294,0.16666666666666663,0.5000000000000001,0.6500000000000002,0.47500000000000014,0.6750000000000003,0.518518518518518,0.41666666666666624,0.5833333333333331
0.3181818181818181,0.90087890625,1.1904296875,0.025,0.1,0.0,0.4000000000000001,0.06481481481481481,0.046296296296296294,0.16666666666666663,0.5000000000000001,0.6500000000000002,0.47500000000000014,0.6750000000000003,0.518518518518518,0.4259259259259255,0.5833333333333331
0.3192148760330578,0.90380859375,1.193359375,0.025,0.1,0.0,0.4000000000000001,0.06481481481481481,0.046296296296296294,0.16666666666666663,0.5000000000000001,0.6500000000000002,0.47500000000000014,0.6750000000000003,0.518518518518518,0.43518518518518473,0.5833333333333331
0.3202479338842975,0.90673828125,1.197265625,0.025,0.1,0.0,0.4000000000000001,0.06481481481481481,0.046296296296296294,0.16666666666666663,0.5000000000000001,0.6500000000000002,0.47500000000000014,0.6750000000000003,0.518518518518518,0.43518518518518473,0.5925925925925924
0.3212809917355372,0.90966796875,1.2001953125,0.025,0.1,0.0,0.4000000000000001,0.06481481481481481,0.046296296296296294,0.16666666666666663,0.5250000000000001,0.6500000000000002,0.47500000000000014,0.6750000000000003,0.518518518518518,0.43518518518518473,0.5925925925925924
0.3223140495867769,0.91259765625,1.2041015625,0.025,0.1,0.0,0.4000000000000001,0.06481481481481481,0.046296296296296294,0.16666666666666663,0.5250000000000001,0.6500000000000002,0.47500000000000014,0.6750000000000003,0.518518518518518,0.43518518518518473,0.6018518518518517
0.32334710743801653,0.91552734375,1.20703125,0.025,0.1,0.0,0.4000000000000001,0.06481481481481481,0.046296296296296294,0.16666666666666663,0.5250000000000001,0.6500000000000002,0.5000000000000001,0.6750000000000003,0.518518518518518,0.43518518518518473,0.6018518518518517
0.3243801652892562,0.91845703125,1.2119140625,0.025,0.1,0.0,0.4000000000000001,0.06481481481481481,0.046296296296296294,0.16666666666666663,0.5250000000000001,0.6500000000000002,0.5000000000000001,0.6750000000000003,0.518518518518518,0.444444444444444,0.6018518518518517
0.32541322314049587,0.921875,1.2138671875,0.025,0.125,0.0,0.4000000000000001,0.06481481481481481,0.046296296296296294,0.16666666666666663,0.5250000000000001,0.6500000000000002,0.5000000000000001,0.6750000000000003,0.518518518518518,0.444444444444444,0.6018518518518517
0.32644628099173556,0.9248046875,1.2177734375,0.025,0.125,0.0,0.4000000000000001,0.06481481481481481,0.046296296296296294,0.16666666666666663,0.5250000000000001,0.6500000000000002,0.5000000000000001,0.7000000000000003,0.518518518518518,0.444444444444444,0.6018518518518517
0.3274793388429752,0.92822265625,1.220703125,0.025,0.125,0.0,0.4250000000000001,0.06481481481481481,0.046296296296296294,0.16666666666666663,0.5250000000000001,0.6500000000000002,0.5000000000000001,0.7000000000000003,0.518518518518518,0.444444444444444,0.6018518518518517
0.32851239669421484,0.93115234375,1.224609375,0.025,0.125,0.0,0.4250000000000001,0.06481481481481481,0.046296296296296294,0.16666666666666663,0.5500000000000002,0.6500000000000002,0.5000000000000001,0.7000000000000003,0.518518518518518,0.444444444444444,0.6018518518518517
0.32954545454545453,0.93408203125,1.228515625,0.025,0.125,0.0,0.4250000000000001,0.06481481481481481,0.046296296296296294,0.16666666666666663,0.5500000000000002,0.6500000000000002,0.5000000000000001,0.7000000000000003,0.518518518518518,0.4537037037037032,0.6018518518518517
0.3305785123966942,0.9375,1.2314453125,0.025,0.125,0.0,0.4250000000000001,0.07407407407407407,0.046296296296296294,0.16666666666666663,0.5500000000000002,0.6500000000000002,0.5000000000000001,0.7000000000000003,0.518518518518518,0.4537037037037032,0.6018518518518517
0.33161157024793386,0.9404296875,1.2353515625,0.025,0.125,0.0,0.4250000000000001,0.07407407407407407,0.046296296296296294,0.16666666666666663,0.5500000000000002,0.6500000000000002,0.5000000000000001,0.7000000000000003,0.518518518518518,0.46296296296296247,0.6018518518518517
0.33264462809917356,0.943359375,1.23828125,0.025,0.125,0.0,0.4250000000000001,0.07407407407407407,0.046296296296296294,0.16666666666666663,0.5500000000000002,0.6500000000000002,0.5000000000000001,0.7000000000000003,0.518518518518518,0.46296296296296247,0.611111111111111
0.33367768595041325,0.9462890625,1.2421875,0.025,0.125,0.0,0.4250000000000001,0.07407407407407407,0.046296296296296294,0.16666666666666663,0.5500000000000002,0.6500000000000002,0.5000000000000001,0.7000000000000003,0.518518518518518,0.46296296296296247,0.6203703703703703
0.33471074380165294,0.94921875,1.2451171875,0.025,0.125,0.0,0.4250000000000001,0.07407407407407407,0.046296296296296294,0.17592592592592587,0.5500000000000002,0.6500000000000002,0.5000000000000001,0.7000000000000003,0.518518518518518,0.46296296296296247,0.6203703703703703
0.3357438016528925,0.9521484375,1.2490234375,0.025,0.125,0.0,0.4250000000000001,0.07407407407407407,0.046296296296296294,0.17592592592592587,0.5500000000000002,0.6500000000000002,0.5000000000000001,0.7000000000000003,0.518518518518518,0.4722222222222217,0.6203703703703703
0.3367768595041322,0.95556640625,1.251953125,0.025,0.125,0.0,0.4250000000000001,0.07407407407407407,0.05555555555555555,0.17592592592592587,0.5500000000000002,0.6500000000000002,0.5000000000000001,0.7000000000000003,0.518518518518518,0.4722222222222217,0.6203703703703703
0.3378099173553719,0.95849609375,1.255859375,0.025,0.125,0.0,0.4250000000000001,0.07407407407407407,0.05555555555555555,0.18518518518518512,0.5500000000000002,0.6500000000000002,0.5000000000000001,0.7000000000000003,0.518518518518518,0.4722222222222217,0.6203703703703703
0.33884297520661155,0.96142578125,1.2587890625,0.025,0.125,0.0,0.4250000000000001,0.07407407407407407,0.05555555555555555,0.18518518518518512,0.5500000000000002,0.6750000000000003,0.5000000000000001,0.7000000000000003,0.518518518518518,0.4722222222222217,0.6203703703703703
0.3398760330578512,0.96435546875,1.263671875,0.025,0.125,0.0,0.4250000000000001,0.07407407407407407,0.05555555555555555,0.18518518518518512,0.5500000000000002,0.6750000000000003,0.5000000000000001,0.7000000000000003,0.518518518518518,0.4722222222222217,0.6296296296296297
0.3409090909090909,0.9677734375,1.265625,0.025,0.125,0.0,0.4250000000000001,0.07407407407407407,0.06481481481481481,0.18518518518518512,0.5500000000000002,0.6750000000000003,0.5000000000000001,0.7000000000000003,0.518518518518518,0.4722222222222217,0.6296296296296297
0.3419421487603306,0.970703125,1.2705078125,0.025,0.125,0.0,0.4250000000000001,0.07407407407407407,0.06481481481481481,0.18518518518518512,0.5500000000000002,0.6750000000000003,0.5000000000000001,0.7000000000000003,0.5277777777777773,0.4722222222222217,0.6296296296296297
0.3429752066115702,0.9736328125,1.2724609375,0.025,0.125,0.0,0.4250000000000001,0.07407407407407407,0.06481481481481481,0.18518518518518512,0.5500000000000002,0.6750000000000003,0.5000000000000001,0.7000000000000003,0.5370370370370366,0.4722222222222217,0.6296296296296297
0.34400826446280997,0.9765625,1.27734375,0.025,0.125,0.0,0.4250000000000001,0.07407407407407407,0.06481481481481481,0.18518518518518512,0.5500000000000002,0.6750000000000003,0.5000000000000001,0.7000000000000003,0.546296296296296,0.4722222222222217,0.6296296296296297
0.34504132231404955,0.9794921875,1.279296875,0.025,0.125,0.0,0.4250000000000001,0.07407407407407407,0.06481481481481481,0.18518518518518512,0.5500000000000002,0.6750000000000003,0.5000000000000001,0.7000000000000003,0.5555555555555552,0.4722222222222217,0.6296296296296297
0.34607438016528924,0.982421875,1.283203125,0.025,0.125,0.0,0.4250000000000001,0.07407407407407407,0.06481481481481481,0.18518518518518512,0.5500000000000002,0.6750000000000003,0.5250000000000001,0.7000000000000003,0.5555555555555552,0.4722222222222217,0.6296296296296297
0.34710743801652894,0.9853515625,1.2861328125,0.025,0.125,0.0,0.4250000000000001,0.07407407407407407,0.06481481481481481,0.18518518518518512,0.5500000000000002,0.6750000000000003,0.5250000000000001,0.7000000000000003,0.5555555555555552,0.48148148148148096,0.6296296296296297
0.3481404958677685,0.98828125,1.2900390625,0.025,0.125,0.0,0.4250000000000001,0.07407407407407407,0.06481481481481481,0.18518518518518512,0.5500000000000002,0.6750000000000003,0.5250000000000001,0.7000000000000003,0.5555555555555552,0.4907407407407402,0.6296296296296297
0.3491735537190083,0.9912109375,1.29296875,0.025,0.125,0.0,0.4250000000000001,0.07407407407407407,0.06481481481481481,0.18518518518518512,0.5500000000000002,0.6750000000000003,0.5250000000000001,0.7000000000000003,0.5648148148148145,0.4907407407407402,0.6296296296296297
0.3502066115702479,0.994140625,1.2978515625,0.025,0.125,0.0,0.4250000000000001,0.07407407407407407,0.06481481481481481,0.18518518518518512,0.5500000000000002,0.6750000000000003,0.5250000000000001,0.7000000000000003,0.5740740740740738,0.4907407407407402,0.6296296296296297
0.35123966942148765,0.9970703125,1.30078125,0.025,0.125,0.0,0.4250000000000001,0.07407407407407407,0.06481481481481481,0.18518518518518512,0.5500000000000002,0.6750000000000003,0.5250000000000001,0.7000000000000003,0.5740740740740738,0.49999999999999944,0.6296296296296297
0.3522727272727273,1.0,1.302734375,0.025,0.125,0.0,0.4250000000000001,0.07407407407407407,0.06481481481481481,0.19444444444444436,0.5500000000000002,0.6750000000000003,0.5250000000000001,0.7000000000000003,0.5740740740740738,0.49999999999999944,0.6296296296296297
0.35330578512396704,1.0029296875,1.306640625,0.025,0.125,0.0,0.4250000000000001,0.07407407407407407,0.06481481481481481,0.19444444444444436,0.5500000000000002,0.6750000000000003,0.5250000000000001,0.7000000000000003,0.5740740740740738,0.5092592592592587,0.6296296296296297
0.3543388429752066,1.005859375,1.3095703125,0.025,0.125,0.0,0.4250000000000001,0.07407407407407407,0.06481481481481481,0.19444444444444436,0.5500000000000002,0.6750000000000003,0.5250000000000001,0.7000000000000003,0.5740740740740738,0.518518518518518,0.6296296296296297
0.3553719008264463,1.0087890625,1.3134765625,0.025,0.125,0.0,0.4250000000000001,0.07407407407407407,0.06481481481481481,0.19444444444444436,0.5500000000000002,0.6750000000000003,0.5250000000000001,0.7000000000000003,0.5740740740740738,0.518518518518518,0.638888888888889
0.356404958677686,1.01171875,1.31640625,0.025,0.125,0.0,0.4250000000000001,0.07407407407407407,0.06481481481481481,0.19444444444444436,0.5500000000000002,0.6750000000000003,0.5250000000000001,0.7000000000000003,0.5740740740740738,0.518518518518518,0.6481481481481483
0.3574380165289257,1.0146484375,1.3203125,0.025,0.125,0.0,0.4250000000000001,0.07407407407407407,0.06481481481481481,0.19444444444444436,0.5500000000000002,0.6750000000000003,0.5250000000000001,0.7000000000000003,0.5740740740740738,0.518518518518518,0.6574074074074076
0.3584710743801654,1.017578125,1.32421875,0.025,0.125,0.0,0.4250000000000001,0.07407407407407407,0.06481481481481481,0.19444444444444436,0.5500000000000002,0.6750000000000003,0.5250000000000001,0.7250000000000003,0.5740740740740738,0.518518518518518,0.6574074074074076
0.3595041322314051,1.021484375,1.3271484375,0.05,0.125,0.0,0.4250000000000001,0.07407407407407407,0.06481481481481481,0.19444444444444436,0.5500000000000002,0.6750000000000003,0.5250000000000001,0.7250000000000003,0.5740740740740738,0.518518518518518,0.6574074074074076
0.3605371900826447,1.0244140625,1.330078125,0.05,0.125,0.0,0.4250000000000001,0.07407407407407407,0.06481481481481481,0.2037037037037036,0.5500000000000002,0.6750000000000003,0.5250000000000001,0.7250000000000003,0.5740740740740738,0.518518518518518,0.6574074074074076
0.36157024793388437,1.0283203125,1.333984375,0.07500000000000001,0.125,0.0,0.4250000000000001,0.07407407407407407,0.06481481481481481,0.2037037037037036,0.5500000000000002,0.6750000000000003,0.5250000000000001,0.7250000000000003,0.5740740740740738,0.518518518518518,0.6574074074074076
0.36260330578512406,1.03125,1.3369140625,0.07500000000000001,0.15,0.0,0.4250000000000001,0.07407407407407407,0.06481481481481481,0.2037037037037036,0.5500000000000002,0.6750000000000003,0.5250000000000001,0.7250000000000003,0.5740740740740738,0.518518518518518,0.6574074074074076
0.36363636363636376,1.0341796875,1.3408203125,0.07500000000000001,0.15,0.0,0.4250000000000001,0.07407407407407407,0.06481481481481481,0.2037037037037036,0.5500000000000002,0.6750000000000003,0.5500000000000002,0.7250000000000003,0.5740740740740738,0.518518518518518,0.6574074074074076
0.36466942148760334,1.0380859375,1.34375,0.1,0.15,0.0,0.4250000000000001,0.07407407407407407,0.06481481481481481,0.2037037037037036,0.5500000000000002,0.6750000000000003,0.5500000000000002,0.7250000000000003,0.5740740740740738,0.518518518518518,0.6574074074074076
0.36570247933884303,1.041015625,1.34765625,0.1,0.15,0.0,0.4250000000000001,0.07407407407407407,0.06481481481481481,0.2037037037037036,0.5500000000000002,0.6750000000000003,0.5500000000000002,0.7250000000000003,0.5740740740740738,0.518518518518518,0.6666666666666669
0.3667355371900827,1.0439453125,1.3505859375,0.1,0.15,0.0,0.4250000000000001,0.07407407407407407,0.06481481481481481,0.2037037037037036,0.5500000000000002,0.6750000000000003,0.5500000000000002,0.7250000000000003,0.5740740740740738,0.518518518518518,0.6759259259259262
0.36776859504132237,1.0478515625,1.3544921875,0.1,0.175,0.0,0.4250000000000001,0.07407407407407407,0.06481481481481481,0.2037037037037036,0.5500000000000002,0.6750000000000003,0.5500000000000002,0.7250000000000003,0.5740740740740738,0.518518518518518,0.6759259259259262
0.368801652892562,1.05078125,1.3583984375,0.1,0.175,0.0,0.4250000000000001,0.07407407407407407,0.06481481481481481,0.2037037037037036,0.5500000000000002,0.6750000000000003,0.5500000000000002,0.7250000000000003,0.5833333333333331,0.518518518518518,0.6759259259259262
0.3698347107438017,1.0537109375,1.3623046875,0.1,0.175,0.0,0.4250000000000001,0.07407407407407407,0.06481481481481481,0.2037037037037036,0.5500000000000002,0.6750000000000003,0.5500000000000002,0.7250000000000003,0.5925925925925924,0.518518518518518,0.6759259259259262
0.3708677685950414,1.056640625,1.365234375,0.1,0.175,0.0,0.4500000000000001,0.07407407407407407,0.06481481481481481,0.2037037037037036,0.5500000000000002,0.6750000000000003,0.5500000000000002,0.7250000000000003,0.5925925925925924,0.518518518518518,0.6759259259259262
0.37190082644628103,1.060546875,1.3671875,0.1,0.175,0.0,0.47500000000000014,0.07407407407407407,0.06481481481481481,0.2037037037037036,0.5500000000000002,0.6750000000000003,0.5500000000000002,0.7250000000000003,0.5925925925925924,0.518518518518518,0.6759259259259262
0.3729338842975207,1.0634765625,1.37109375,0.1,0.175,0.0,0.47500000000000014,0.08333333333333333,0.06481481481481481,0.2037037037037036,0.5500000000000002,0.6750000000000003,0.5500000000000002,0.7250000000000003,0.5925925925925924,0.518518518518518,0.6759259259259262
0.3739669421487604,1.0673828125,1.3740234375,0.1,0.175,0.0,0.47500000000000014,0.09259259259259259,0.06481481481481481,0.2037037037037036,0.5500000000000002,0.6750000000000003,0.5500000000000002,0.7250000000000003,0.5925925925925924,0.518518518518518,0.6759259259259262
0.37500000000000006,1.0703125,1.3779296875,0.1,0.175,0.0,0.47500000000000014,0.09259259259259259,0.07407407407407407,0.2037037037037036,0.5500000000000002,0.6750000000000003,0.5500000000000002,0.7250000000000003,0.5925925925925924,0.518518518518518,0.6759259259259262
0.3760330578512397,1.0732421875,1.380859375,0.1,0.175,0.0,0.47500000000000014,0.09259259259259259,0.07407407407407407,0.2037037037037036,0.5500000000000002,0.6750000000000003,0.5500000000000002,0.7250000000000003,0.6018518518518517,0.518518518518518,0.6759259259259262
0.3770661157024794,1.076171875,1.384765625,0.1,0.175,0.0,0.47500000000000014,0.09259259259259259,0.07407407407407407,0.2037037037037036,0.5500000000000002,0.6750000000000003,0.5500000000000002,0.7250000000000003,0.611111111111111,0.518518518518518,0.6759259259259262
0.3780991735537191,1.080078125,1.3876953125,0.1,0.175,0.0,0.47500000000000014,0.10185185185185185,0.07407407407407407,0.2037037037037036,0.5500000000000002,0.6750000000000003,0.5500000000000002,0.7250000000000003,0.611111111111111,0.518518518518518,0.6759259259259262
0.3791322314049588,1.0830078125,1.390625,0.1,0.175,0.0,0.47500000000000014,0.10185185185185185,0.07407407407407407,0.2037037037037036,0.5750000000000002,0.6750000000000003,0.5500000000000002,0.7250000000000003,0.611111111111111,0.518518518518518,0.6759259259259262
0.38016528925619847,1.0859375,1.39453125,0.1,0.175,0.0,0.47500000000000014,0.10185185185185185,0.07407407407407407,0.2037037037037036,0.6000000000000002,0.6750000000000003,0.5500000000000002,0.7250000000000003,0.611111111111111,0.518518518518518,0.6759259259259262
0.38119834710743816,1.0888671875,1.3984375,0.1,0.175,0.0,0.47500000000000014,0.10185185185185185,0.07407407407407407,0.2037037037037036,0.6000000000000002,0.6750000000000003,0.5500000000000002,0.7250000000000003,0.611111111111111,0.5277777777777773,0.6759259259259262
0.3822314049586778,1.091796875,1.4013671875,0.1,0.175,0.0,0.47500000000000014,0.10185185185185185,0.07407407407407407,0.2037037037037036,0.6000000000000002,0.6750000000000003,0.5500000000000002,0.7250000000000003,0.611111111111111,0.5370370370370366,0.6759259259259262
0.38326446280991744,1.0947265625,1.4052734375,0.1,0.175,0.0,0.47500000000000014,0.10185185185185185,0.07407407407407407,0.2037037037037036,0.6000000000000002,0.6750000000000003,0.5500000000000002,0.7250000000000003,0.6203703703703703,0.5370370370370366,0.6759259259259262
0.38429752066115713,1.09765625,1.4072265625,0.1,0.175,0.0,0.47500000000000014,0.10185185185185185,0.07407407407407407,0.2037037037037036,0.6000000000000002,0.6750000000000003,0.5500000000000002,0.7250000000000003,0.6296296296296297,0.5370370370370366,0.6759259259259262
0.3853305785123968,1.1005859375,1.412109375,0.1,0.175,0.0,0.47500000000000014,0.10185185185185185,0.07407407407407407,0.2037037037037036,0.6000000000000002,0.6750000000000003,0.5500000000000002,0.7250000000000003,0.638888888888889,0.5370370370370366,0.6759259259259262
0.38636363636363646,1.103515625,1.4140625,0.1,0.175,0.0,0.47500000000000014,0.10185185185185185,0.07407407407407407,0.2037037037037036,0.6000000000000002,0.6750000000000003,0.5500000000000002,0.7250000000000003,0.638888888888889,0.546296296296296,0.6759259259259262
0.38739669421487616,1.1064453125,1.4169921875,0.1,0.175,0.0,0.47500000000000014,0.10185185185185185,0.07407407407407407,0.2037037037037036,0.6000000000000002,0.6750000000000003,0.5500000000000002,0.7250000000000003,0.638888888888889,0.5555555555555552,0.6759259259259262
0.38842975206611585,1.109375,1.4208984375,0.1,0.175,0.0,0.47500000000000014,0.10185185185185185,0.07407407407407407,0.2037037037037036,0.6000000000000002,0.7000000000000003,0.5500000000000002,0.7250000000000003,0.638888888888889,0.5555555555555552,0.6759259259259262
0.38946280991735555,1.1123046875,1.4228515625,0.1,0.175,0.0,0.47500000000000014,0.10185185185185185,0.07407407407407407,0.2037037037037036,0.6000000000000002,0.7000000000000003,0.5500000000000002,0.7250000000000003,0.638888888888889,0.5555555555555552,0.6851851851851855
0.39049586776859513,1.115234375,1.427734375,0.1,0.175,0.0,0.47500000000000014,0.10185185185185185,0.07407407407407407,0.2037037037037036,0.6000000000000002,0.7000000000000003,0.5750000000000002,0.7250000000000003,0.638888888888889,0.5555555555555552,0.6851851851851855
0.3915289256198348,1.1181640625,1.4306640625,0.1,0.175,0.0,0.47500000000000014,0.10185185185185185,0.07407407407407407,0.2037037037037036,0.6000000000000002,0.7000000000000003,0.5750000000000002,0.7250000000000003,0.638888888888889,0.5555555555555552,0.6944444444444448
0.3925619834710745,1.12109375,1.43359375,0.1,0.175,0.0,0.47500000000000014,0.10185185185185185,0.07407407407407407,0.2037037037037036,0.6000000000000002,0.7000000000000003,0.5750000000000002,0.7250000000000003,0.638888888888889,0.5648148148148145,0.6944444444444448
0.3935950413223142,1.1240234375,1.4375,0.1,0.175,0.0,0.47500000000000014,0.10185185185185185,0.07407407407407407,0.2037037037037036,0.6000000000000002,0.7000000000000003,0.5750000000000002,0.7250000000000003,0.638888888888889,0.5740740740740738,0.6944444444444448
0.3946280991735539,1.126953125,1.44140625,0.1,0.175,0.0,0.47500000000000014,0.10185185185185185,0.07407407407407407,0.2037037037037036,0.6000000000000002,0.7000000000000003,0.6000000000000002,0.7250000000000003,0.638888888888889,0.5740740740740738,0.6944444444444448
0.3956611570247936,1.1298828125,1.4443359375,0.1,0.175,0.0,0.47500000000000014,0.10185185185185185,0.07407407407407407,0.2037037037037036,0.6000000000000002,0.7000000000000003,0.6000000000000002,0.7250000000000003,0.638888888888889,0.5740740740740738,0.703703703703704
0.3966942148760332,1.1328125,1.4462890625,0.1,0.175,0.0,0.47500000000000014,0.10185185185185185,0.07407407407407407,0.2037037037037036,0.6000000000000002,0.7250000000000003,0.6000000000000002,0.7250000000000003,0.638888888888889,0.5740740740740738,0.703703703703704
0.3977272727272729,1.1357421875,1.4501953125,0.1,0.175,0.0,0.47500000000000014,0.10185185185185185,0.07407407407407407,0.2037037037037036,0.6000000000000002,0.7250000000000003,0.6000000000000002,0.7250000000000003,0.638888888888889,0.5740740740740738,0.7129629629629634
0.39876033057851257,1.138671875,1.453125,0.1,0.175,0.0,0.47500000000000014,0.10185185185185185,0.07407407407407407,0.2037037037037036,0.6000000000000002,0.7250000000000003,0.6000000000000002,0.7500000000000003,0.638888888888889,0.5740740740740738,0.7129629629629634
0.39979338842975226,1.1416015625,1.45703125,0.1,0.175,0.0,0.47500000000000014,0.10185185185185185,0.07407407407407407,0.2037037037037036,0.6000000000000002,0.7250000000000003,0.6000000000000002,0.7500000000000003,0.638888888888889,0.5833333333333331,0.7129629629629634
0.4008264462809919,1.14453125,1.4599609375,0.1,0.175,0.0,0.47500000000000014,0.10185185185185185,0.07407407407407407,0.2037037037037036,0.6000000000000002,0.7250000000000003,0.6000000000000002,0.7500000000000003,0.638888888888889,0.5925925925925924,0.7129629629629634
0.4018595041322316,1.1474609375,1.4638671875,0.1,0.175,0.0,0.47500000000000014,0.10185185185185185,0.07407407407407407,0.2037037037037036,0.6000000000000002,0.7250000000000003,0.6000000000000002,0.7500000000000003,0.638888888888889,0.6018518518518517,0.7129629629629634
0.40289256198347123,1.150390625,1.466796875,0.1,0.175,0.0,0.47500000000000014,0.10185185185185185,0.07407407407407407,0.2037037037037036,0.6000000000000002,0.7250000000000003,0.6000000000000002,0.7500000000000003,0.638888888888889,0.611111111111111,0.7129629629629634
0.4039256198347109,1.1533203125,1.470703125,0.1,0.175,0.0,0.47500000000000014,0.10185185185185185,0.07407407407407407,0.2037037037037036,0.6000000000000002,0.7250000000000003,0.6000000000000002,0.7500000000000003,0.638888888888889,0.611111111111111,0.7222222222222227
0.40495867768595056,1.1572265625,1.4736328125,0.1,0.19999999999999998,0.0,0.47500000000000014,0.10185185185185185,0.07407407407407407,0.2037037037037036,0.6000000000000002,0.7250000000000003,0.6000000000000002,0.7500000000000003,0.638888888888889,0.611111111111111,0.7222222222222227
0.40599173553719026,1.16015625,1.4755859375,0.1,0.19999999999999998,0.0,0.47500000000000014,0.10185185185185185,0.07407407407407407,0.2037037037037036,0.6250000000000002,0.7250000000000003,0.6000000000000002,0.7500000000000003,0.638888888888889,0.611111111111111,0.7222222222222227
0.40702479338842995,1.1630859375,1.4794921875,0.1,0.19999999999999998,0.0,0.47500000000000014,0.10185185185185185,0.07407407407407407,0.2037037037037036,0.6250000000000002,0.7250000000000003,0.6000000000000002,0.7500000000000003,0.638888888888889,0.611111111111111,0.731481481481482
0.40805785123966964,1.1669921875,1.482421875,0.1,0.19999999999999998,0.0,0.5000000000000001,0.10185185185185185,0.07407407407407407,0.2037037037037036,0.6250000000000002,0.7250000000000003,0.6000000000000002,0.7500000000000003,0.638888888888889,0.611111111111111,0.731481481481482
0.4090909090909092,1.169921875,1.486328125,0.1,0.19999999999999998,0.0,0.5000000000000001,0.10185185185185185,0.07407407407407407,0.21296296296296285,0.6250000000000002,0.7250000000000003,0.6000000000000002,0.7500000000000003,0.638888888888889,0.611111111111111,0.731481481481482
0.4101239669421489,1.1728515625,1.4892578125,0.1,0.19999999999999998,0.0,0.5000000000000001,0.10185185185185185,0.07407407407407407,0.21296296296296285,0.6250000000000002,0.7250000000000003,0.6000000000000002,0.7500000000000003,0.638888888888889,0.611111111111111,0.7407407407407413
0.4111570247933886,1.17578125,1.4931640625,0.1,0.19999999999999998,0.0,0.5000000000000001,0.10185185185185185,0.07407407407407407,0.21296296296296285,0.6250000000000002,0.7250000000000003,0.6000000000000002,0.7500000000000003,0.638888888888889,0.611111111111111,0.7500000000000006
0.4121900826446283,1.1796875,1.4951171875,0.1,0.19999999999999998,0.0,0.5250000000000001,0.10185185185185185,0.07407407407407407,0.21296296296296285,0.6250000000000002,0.7250000000000003,0.6000000000000002,0.7500000000000003,0.638888888888889,0.611111111111111,0.7500000000000006
0.413223140495868,1.18359375,1.5,0.1,0.19999999999999998,0.0,0.5250000000000001,0.1111111111111111,0.07407407407407407,0.21296296296296285,0.6250000000000002,0.7250000000000003,0.6000000000000002,0.7500000000000003,0.638888888888889,0.611111111111111,0.7500000000000006
0.4142561983471077,1.1865234375,1.5029296875,0.1,0.19999999999999998,0.0,0.5250000000000001,0.1111111111111111,0.08333333333333333,0.21296296296296285,0.6250000000000002,0.7250000000000003,0.6000000000000002,0.7500000000000003,0.638888888888889,0.611111111111111,0.7500000000000006
0.41528925619834733,1.189453125,1.5068359375,0.1,0.19999999999999998,0.0,0.5250000000000001,0.1111111111111111,0.08333333333333333,0.2222222222222221,0.6250000000000002,0.7250000000000003,0.6000000000000002,0.7500000000000003,0.638888888888889,0.611111111111111,0.7500000000000006
0.41632231404958703,1.1923828125,1.5087890625,0.1,0.19999999999999998,0.0,0.5250000000000001,0.1111111111111111,0.08333333333333333,0.23148148148148134,0.6250000000000002,0.7250000000000003,0.6000000000000002,0.7500000000000003,0.638888888888889,0.611111111111111,0.7500000000000006
0.41735537190082667,1.1962890625,1.51171875,0.1,0.19999999999999998,0.0,0.5250000000000001,0.12037037037037036,0.08333333333333333,0.23148148148148134,0.6250000000000002,0.7250000000000003,0.6000000000000002,0.7500000000000003,0.638888888888889,0.611111111111111,0.7500000000000006
0.41838842975206636,1.19921875,1.515625,0.1,0.19999999999999998,0.0,0.5250000000000001,0.12037037037037036,0.08333333333333333,0.2407407407407406,0.6250000000000002,0.7250000000000003,0.6000000000000002,0.7500000000000003,0.638888888888889,0.611111111111111,0.7500000000000006
0.419421487603306,1.2021484375,1.5185546875,0.1,0.19999999999999998,0.0,0.5250000000000001,0.12037037037037036,0.08333333333333333,0.2407407407407406,0.6250000000000002,0.7250000000000003,0.6000000000000002,0.7500000000000003,0.638888888888889,0.6203703703703703,0.7500000000000006
0.4204545454545457,1.205078125,1.5224609375,0.1,0.19999999999999998,0.0,0.5250000000000001,0.12037037037037036,0.08333333333333333,0.2407407407407406,0.6250000000000002,0.7250000000000003,0.6000000000000002,0.7500000000000003,0.638888888888889,0.6296296296296297,0.7500000000000006
0.42148760330578533,1.2080078125,1.5244140625,0.1,0.19999999999999998,0.0,0.5250000000000001,0.12037037037037036,0.08333333333333333,0.2407407407407406,0.6250000000000002,0.7500000000000003,0.6000000000000002,0.7500000000000003,0.638888888888889,0.6296296296296297,0.7500000000000006
0.422520661157025,1.2109375,1.5283203125,0.1,0.19999999999999998,0.0,0.5250000000000001,0.12037037037037036,0.08333333333333333,0.2407407407407406,0.6250000000000002,0.7500000000000003,0.6000000000000002,0.7500000000000003,0.638888888888889,0.638888888888889,0.7500000000000006
0.42355371900826466,1.2138671875,1.53125,0.1,0.19999999999999998,0.0,0.5250000000000001,0.12037037037037036,0.08333333333333333,0.2407407407407406,0.6250000000000002,0.7500000000000003,0.6000000000000002,0.7500000000000003,0.6481481481481483,0.638888888888889,0.7500000000000006
0.42458677685950436,1.216796875,1.53515625,0.1,0.19999999999999998,0.0,0.5250000000000001,0.12037037037037036,0.08333333333333333,0.2407407407407406,0.6250000000000002,0.7500000000000003,0.6000000000000002,0.7500000000000003,0.6574074074074076,0.638888888888889,0.7500000000000006
0.42561983471074405,1.2197265625,1.537109375,0.1,0.19999999999999998,0.0,0.5250000000000001,0.12037037037037036,0.08333333333333333,0.2407407407407406,0.6250000000000002,0.7500000000000003,0.6000000000000002,0.7500000000000003,0.6666666666666669,0.638888888888889,0.7500000000000006
0.4266528925619837,1.22265625,1.541015625,0.1,0.19999999999999998,0.0,0.5250000000000001,0.12037037037037036,0.09259259259259259,0.2407407407407406,0.6250000000000002,0.7500000000000003,0.6000000000000002,0.7500000000000003,0.6666666666666669,0.638888888888889,0.7500000000000006
0.42768595041322327,1.2255859375,1.544921875,0.1,0.19999999999999998,0.0,0.5250000000000001,0.12037037037037036,0.09259259259259259,0.2407407407407406,0.6250000000000002,0.7500000000000003,0.6000000000000002,0.7500000000000003,0.6666666666666669,0.638888888888889,0.7592592592592599
0.428719008264463,1.228515625,1.546875,0.1,0.19999999999999998,0.0,0.5250000000000001,0.12037037037037036,0.09259259259259259,0.2407407407407406,0.6250000000000002,0.7500000000000003,0.6000000000000002,0.7500000000000003,0.6666666666666669,0.638888888888889,0.7685185185185192
0.42975206611570266,1.2314453125,1.55078125,0.1,0.19999999999999998,0.0,0.5250000000000001,0.12037037037037036,0.09259259259259259,0.2407407407407406,0.6250000000000002,0.7500000000000003,0.6250000000000002,0.7500000000000003,0.6666666666666669,0.638888888888889,0.7685185185185192
0.4307851239669424,1.2353515625,1.5537109375,0.1,0.22499999999999998,0.0,0.5250000000000001,0.12037037037037036,0.09259259259259259,0.2407407407407406,0.6250000000000002,0.7500000000000003,0.6250000000000002,0.7500000000000003,0.6666666666666669,0.638888888888889,0.7685185185185192
0.431818181818182,1.23828125,1.5576171875,0.1,0.22499999999999998,0.0,0.5250000000000001,0.12037037037037036,0.09259259259259259,0.2407407407407406,0.6250000000000002,0.7500000000000003,0.6250000000000002,0.7500000000000003,0.6759259259259262,0.638888888888889,0.7685185185185192
0.43285123966942163,1.2421875,1.5595703125,0.1,0.22499999999999998,0.0,0.5250000000000001,0.12962962962962962,0.09259259259259259,0.2407407407407406,0.6250000000000002,0.7500000000000003,0.6250000000000002,0.7500000000000003,0.6759259259259262,0.638888888888889,0.7685185185185192
0.4338842975206614,1.2451171875,1.5625,0.1,0.22499999999999998,0.0,0.5250000000000001,0.12962962962962962,0.09259259259259259,0.2407407407407406,0.6500000000000002,0.7500000000000003,0.6250000000000002,0.7500000000000003,0.6759259259259262,0.638888888888889,0.7685185185185192
0.434917355371901,1.248046875,1.56640625,0.1,0.22499999999999998,0.0,0.5250000000000001,0.12962962962962962,0.09259259259259259,0.2407407407407406,0.6500000000000002,0.7500000000000003,0.6250000000000002,0.7500000000000003,0.6851851851851855,0.638888888888889,0.7685185185185192
0.43595041322314076,1.2509765625,1.568359375,0.1,0.22499999999999998,0.0,0.5250000000000001,0.12962962962962962,0.09259259259259259,0.2407407407407406,0.6500000000000002,0.7500000000000003,0.6250000000000002,0.7500000000000003,0.6944444444444448,0.638888888888889,0.7685185185185192
0.43698347107438035,1.25390625,1.5732421875,0.1,0.22499999999999998,0.0,0.5250000000000001,0.12962962962962962,0.09259259259259259,0.24999999999999983,0.6500000000000002,0.7500000000000003,0.6250000000000002,0.7500000000000003,0.6944444444444448,0.638888888888889,0.7685185185185192
0.4380165289256201,1.2578125,1.5751953125,0.1,0.22499999999999998,0.025,0.5250000000000001,0.12962962962962962,0.09259259259259259,0.24999999999999983,0.6500000000000002,0.7500000000000003,0.6250000000000002,0.7500000000000003,0.6944444444444448,0.638888888888889,0.7685185185185192
0.43904958677685973,1.2607421875,1.5791015625,0.1,0.22499999999999998,0.05,0.5250000000000001,0.12962962962962962,0.09259259259259259,0.24999999999999983,0.6500000000000002,0.7500000000000003,0.6250000000000002,0.7500000000000003,0.6944444444444448,0.638888888888889,0.7685185185185192
0.4400826446280993,1.263671875,1.58203125,0.1,0.22499999999999998,0.07500000000000001,0.5250000000000001,0.12962962962962962,0.09259259259259259,0.24999999999999983,0.6500000000000002,0.7500000000000003,0.6250000000000002,0.7500000000000003,0.6944444444444448,0.638888888888889,0.7685185185185192
0.4411157024793391,1.265625,1.5849609375,0.1,0.22499999999999998,0.1,0.5250000000000001,0.12962962962962962,0.09259259259259259,0.24999999999999983,0.6500000000000002,0.7500000000000003,0.6250000000000002,0.7500000000000003,0.6944444444444448,0.638888888888889,0.7685185185185192
0.4421487603305787,1.2685546875,1.587890625,0.1,0.22499999999999998,0.125,0.5250000000000001,0.12962962962962962,0.09259259259259259,0.24999999999999983,0.6500000000000002,0.7500000000000003,0.6250000000000002,0.7500000000000003,0.6944444444444448,0.638888888888889,0.7685185185185192
0.44318181818181845,1.271484375,1.5908203125,0.1,0.22499999999999998,0.15,0.5250000000000001,0.12962962962962962,0.09259259259259259,0.24999999999999983,0.6500000000000002,0.7500000000000003,0.6250000000000002,0.7500000000000003,0.6944444444444448,0.638888888888889,0.7685185185185192
0.4442148760330581,1.2744140625,1.5947265625,0.1,0.22499999999999998,0.15,0.5250000000000001,0.12962962962962962,0.09259259259259259,0.24999999999999983,0.6750000000000003,0.7500000000000003,0.6250000000000002,0.7500000000000003,0.6944444444444448,0.638888888888889,0.7685185185185192
0.4452479338842977,1.27734375,1.5966796875,0.1,0.22499999999999998,0.15,0.5250000000000001,0.12962962962962962,0.09259259259259259,0.24999999999999983,0.6750000000000003,0.7500000000000003,0.6250000000000002,0.7500000000000003,0.703703703703704,0.638888888888889,0.7685185185185192
0.44628099173553737,1.2802734375,1.6005859375,0.1,0.22499999999999998,0.15,0.5250000000000001,0.12962962962962962,0.09259259259259259,0.24999999999999983,0.6750000000000003,0.7500000000000003,0.6250000000000002,0.7500000000000003,0.703703703703704,0.638888888888889,0.7777777777777785
0.44731404958677706,1.283203125,1.603515625,0.1,0.22499999999999998,0.15,0.5250000000000001,0.12962962962962962,0.09259259259259259,0.24999999999999983,0.6750000000000003,0.7500000000000003,0.6250000000000002,0.7500000000000003,0.703703703703704,0.638888888888889,0.7870370370370378
0.44834710743801676,1.2861328125,1.6064453125,0.1,0.22499999999999998,0.15,0.5250000000000001,0.12962962962962962,0.09259259259259259,0.24999999999999983,0.6750000000000003,0.7500000000000003,0.6250000000000002,0.7500000000000003,0.703703703703704,0.638888888888889,0.7962962962962971
0.44938016528925645,1.2890625,1.6103515625,0.1,0.22499999999999998,0.15,0.5250000000000001,0.12962962962962962,0.09259259259259259,0.24999999999999983,0.6750000000000003,0.7500000000000003,0.6250000000000002,0.7500000000000003,0.703703703703704,0.638888888888889,0.8055555555555564
0.4504132231404961,1.29296875,1.6123046875,0.1,0.22499999999999998,0.175,0.5250000000000001,0.12962962962962962,0.09259259259259259,0.24999999999999983,0.6750000000000003,0.7500000000000003,0.6250000000000002,0.7500000000000003,0.703703703703704,0.638888888888889,0.8055555555555564
0.4514462809917358,1.2958984375,1.6162109375,0.1,0.22499999999999998,0.175,0.5250000000000001,0.12962962962962962,0.10185185185185185,0.24999999999999983,0.6750000000000003,0.7500000000000003,0.6250000000000002,0.7500000000000003,0.703703703703704,0.638888888888889,0.8055555555555564
0.4524793388429755,1.298828125,1.619140625,0.1,0.22499999999999998,0.175,0.5250000000000001,0.12962962962962962,0.10185185185185185,0.24999999999999983,0.7000000000000003,0.7500000000000003,0.6250000000000002,0.7500000000000003,0.703703703703704,0.638888888888889,0.8055555555555564
0.45351239669421517,1.3017578125,1.6220703125,0.1,0.22499999999999998,0.175,0.5250000000000001,0.12962962962962962,0.10185185185185185,0.24999999999999983,0.7000000000000003,0.7500000000000003,0.6250000000000002,0.7500000000000003,0.703703703703704,0.6481481481481483,0.8055555555555564
0.45454545454545486,1.3046875,1.625,0.1,0.22499999999999998,0.175,0.5250000000000001,0.12962962962962962,0.10185185185185185,0.24999999999999983,0.7000000000000003,0.7500000000000003,0.6250000000000002,0.7500000000000003,0.703703703703704,0.6574074074074076,0.8055555555555564
0.45557851239669456,1.3076171875,1.62890625,0.1,0.22499999999999998,0.175,0.5250000000000001,0.12962962962962962,0.1111111111111111,0.24999999999999983,0.7000000000000003,0.7500000000000003,0.6250000000000002,0.7500000000000003,0.703703703703704,0.6574074074074076,0.8055555555555564
0.4566115702479342,1.310546875,1.630859375,0.1,0.22499999999999998,0.175,0.5250000000000001,0.12962962962962962,0.1111111111111111,0.24999999999999983,0.7000000000000003,0.7500000000000003,0.6250000000000002,0.7500000000000003,0.703703703703704,0.6666666666666669,0.8055555555555564
0.45764462809917383,1.3134765625,1.6337890625,0.1,0.22499999999999998,0.175,0.5250000000000001,0.12962962962962962,0.1111111111111111,0.2592592592592591,0.7000000000000003,0.7500000000000003,0.6250000000000002,0.7500000000000003,0.703703703703704,0.6666666666666669,0.8055555555555564
0.4586776859504135,1.31640625,1.6376953125,0.1,0.22499999999999998,0.175,0.5250000000000001,0.12962962962962962,0.1111111111111111,0.2592592592592591,0.7000000000000003,0.7750000000000004,0.6250000000000002,0.7500000000000003,0.703703703703704,0.6666666666666669,0.8055555555555564
0.4597107438016532,1.3203125,1.6396484375,0.1,0.22499999999999998,0.19999999999999998,0.5250000000000001,0.12962962962962962,0.1111111111111111,0.2592592592592591,0.7000000000000003,0.7750000000000004,0.6250000000000002,0.7500000000000003,0.703703703703704,0.6666666666666669,0.8055555555555564
0.4607438016528928,1.3232421875,1.6435546875,0.1,0.22499999999999998,0.19999999999999998,0.5250000000000001,0.12962962962962962,0.1111111111111111,0.2685185185185183,0.7000000000000003,0.7750000000000004,0.6250000000000002,0.7500000000000003,0.703703703703704,0.6666666666666669,0.8055555555555564
0.4617768595041325,1.326171875,1.646484375,0.1,0.22499999999999998,0.19999999999999998,0.5250000000000001,0.12962962962962962,0.1111111111111111,0.2685185185185183,0.7000000000000003,0.7750000000000004,0.6250000000000002,0.7500000000000003,0.703703703703704,0.6759259259259262,0.8055555555555564
0.4628099173553722,1.3291015625,1.650390625,0.1,0.22499999999999998,0.19999999999999998,0.5250000000000001,0.12962962962962962,0.1111111111111111,0.2685185185185183,0.7000000000000003,0.7750000000000004,0.6250000000000002,0.7500000000000003,0.703703703703704,0.6851851851851855,0.8055555555555564
0.4638429752066119,1.33203125,1.65234375,0.1,0.22499999999999998,0.19999999999999998,0.5250000000000001,0.12962962962962962,0.1111111111111111,0.2685185185185183,0.7000000000000003,0.7750000000000004,0.6250000000000002,0.7500000000000003,0.703703703703704,0.6944444444444448,0.8055555555555564
0.4648760330578515,1.3349609375,1.6552734375,0.1,0.22499999999999998,0.19999999999999998,0.5250000000000001,0.12962962962962962,0.12037037037037036,0.2685185185185183,0.7000000000000003,0.7750000000000004,0.6250000000000002,0.7500000000000003,0.703703703703704,0.6944444444444448,0.8055555555555564
0.46590909090909116,1.337890625,1.6591796875,0.1,0.22499999999999998,0.19999999999999998,0.5250000000000001,0.12962962962962962,0.12037037037037036,0.2685185185185183,0.7000000000000003,0.7750000000000004,0.6250000000000002,0.7500000000000003,0.703703703703704,0.703703703703704,0.8055555555555564
0.46694214876033086,1.3408203125,1.6611328125,0.1,0.22499999999999998,0.19999999999999998,0.5250000000000001,0.12962962962962962,0.12037037037037036,0.2685185185185183,0.7000000000000003,0.7750000000000004,0.6250000000000002,0.7500000000000003,0.703703703703704,0.703703703703704,0.8148148148148157
0.46797520661157055,1.34375,1.6650390625,0.1,0.22499999999999998,0.19999999999999998,0.5250000000000001,0.12962962962962962,0.12037037037037036,0.2685185185185183,0.7000000000000003,0.7750000000000004,0.6500000000000002,0.7500000000000003,0.703703703703704,0.703703703703704,0.8148148148148157
0.4690082644628102,1.3466796875,1.6669921875,0.1,0.22499999999999998,0.19999999999999998,0.5250000000000001,0.12962962962962962,0.12037037037037036,0.2685185185185183,0.7000000000000003,0.7750000000000004,0.6500000000000002,0.7500000000000003,0.703703703703704,0.703703703703704,0.824074074074075
0.4700413223140499,1.3505859375,1.6708984375,0.125,0.22499999999999998,0.19999999999999998,0.5250000000000001,0.12962962962962962,0.12037037037037036,0.2685185185185183,0.7000000000000003,0.7750000000000004,0.6500000000000002,0.7500000000000003,0.703703703703704,0.703703703703704,0.824074074074075
0.4710743801652896,1.353515625,1.6728515625,0.125,0.22499999999999998,0.19999999999999998,0.5250000000000001,0.12962962962962962,0.12037037037037036,0.2685185185185183,0.7000000000000003,0.7750000000000004,0.6500000000000002,0.7500000000000003,0.703703703703704,0.703703703703704,0.8333333333333343
0.47210743801652916,1.357421875,1.6767578125,0.125,0.24999999999999997,0.19999999999999998,0.5250000000000001,0.12962962962962962,0.12037037037037036,0.2685185185185183,0.7000000000000003,0.7750000000000004,0.6500000000000002,0.7500000000000003,0.703703703703704,0.703703703703704,0.8333333333333343
0.47314049586776885,1.3603515625,1.6796875,0.125,0.24999999999999997,0.19999999999999998,0.5250000000000001,0.12962962962962962,0.12037037037037036,0.2685185185185183,0.7000000000000003,0.7750000000000004,0.6500000000000002,0.7500000000000003,0.703703703703704,0.703703703703704,0.8425925925925936
0.47417355371900854,1.3642578125,1.6826171875,0.125,0.24999999999999997,0.19999999999999998,0.5500000000000002,0.12962962962962962,0.12037037037037036,0.2685185185185183,0.7000000000000003,0.7750000000000004,0.6500000000000002,0.7500000000000003,0.703703703703704,0.703703703703704,0.8425925925925936
0.47520661157024824,1.3671875,1.685546875,0.125,0.24999999999999997,0.19999999999999998,0.5500000000000002,0.12962962962962962,0.12037037037037036,0.27777777777777757,0.7000000000000003,0.7750000000000004,0.6500000000000002,0.7500000000000003,0.703703703703704,0.703703703703704,0.8425925925925936
0.4762396694214878,1.3701171875,1.6884765625,0.125,0.24999999999999997,0.19999999999999998,0.5500000000000002,0.12962962962962962,0.12037037037037036,0.27777777777777757,0.7000000000000003,0.7750000000000004,0.6500000000000002,0.7500000000000003,0.7129629629629634,0.703703703703704,0.8425925925925936
0.4772727272727275,1.373046875,1.6923828125,0.125,0.24999999999999997,0.19999999999999998,0.5500000000000002,0.12962962962962962,0.12037037037037036,0.27777777777777757,0.7000000000000003,0.7750000000000004,0.6500000000000002,0.7500000000000003,0.7222222222222227,0.703703703703704,0.8425925925925936
0.4783057851239672,1.3759765625,1.6943359375,0.125,0.24999999999999997,0.19999999999999998,0.5500000000000002,0.12962962962962962,0.12037037037037036,0.27777777777777757,0.7000000000000003,0.8000000000000004,0.6500000000000002,0.7500000000000003,0.7222222222222227,0.703703703703704,0.8425925925925936
0.4793388429752069,1.37890625,1.697265625,0.125,0.24999999999999997,0.19999999999999998,0.5500000000000002,0.12962962962962962,0.12037037037037036,0.27777777777777757,0.7000000000000003,0.8000000000000004,0.6500000000000002,0.7500000000000003,0.731481481481482,0.703703703703704,0.8425925925925936
0.4803719008264466,1.3818359375,1.7001953125,0.125,0.24999999999999997,0.19999999999999998,0.5500000000000002,0.12962962962962962,0.12962962962962962,0.27777777777777757,0.7000000000000003,0.8000000000000004,0.6500000000000002,0.7500000000000003,0.731481481481482,0.703703703703704,0.8425925925925936
0.4814049586776862,1.384765625,1.7041015625,0.125,0.24999999999999997,0.19999999999999998,0.5500000000000002,0.12962962962962962,0.12962962962962962,0.27777777777777757,0.7000000000000003,0.8000000000000004,0.6500000000000002,0.7500000000000003,0.7407407407407413,0.703703703703704,0.8425925925925936
0.4824380165289259,1.3876953125,1.7060546875,0.125,0.24999999999999997,0.19999999999999998,0.5500000000000002,0.12962962962962962,0.12962962962962962,0.27777777777777757,0.7000000000000003,0.8000000000000004,0.6500000000000002,0.7500000000000003,0.7500000000000006,0.703703703703704,0.8425925925925936
0.48347107438016557,1.390625,1.708984375,0.125,0.24999999999999997,0.19999999999999998,0.5500000000000002,0.12962962962962962,0.12962962962962962,0.27777777777777757,0.7000000000000003,0.8000000000000004,0.6500000000000002,0.7750000000000004,0.7500000000000006,0.703703703703704,0.8425925925925936
0.48450413223140526,1.3935546875,1.7119140625,0.125,0.24999999999999997,0.19999999999999998,0.5500000000000002,0.12962962962962962,0.12962962962962962,0.27777777777777757,0.7000000000000003,0.8000000000000004,0.6500000000000002,0.7750000000000004,0.7592592592592599,0.703703703703704,0.8425925925925936
0.48553719008264495,1.396484375,1.71484375,0.125,0.24999999999999997,0.19999999999999998,0.5500000000000002,0.12962962962962962,0.12962962962962962,0.27777777777777757,0.7000000000000003,0.8000000000000004,0.6500000000000002,0.7750000000000004,0.7685185185185192,0.703703703703704,0.8425925925925936
0.4865702479338846,1.3994140625,1.71875,0.125,0.24999999999999997,0.19999999999999998,0.5500000000000002,0.12962962962962962,0.12962962962962962,0.27777777777777757,0.7000000000000003,0.8000000000000004,0.6750000000000003,0.7750000000000004,0.7685185185185192,0.703703703703704,0.8425925925925936
0.48760330578512423,1.40234375,1.720703125,0.125,0.24999999999999997,0.19999999999999998,0.5500000000000002,0.12962962962962962,0.12962962962962962,0.27777777777777757,0.7000000000000003,0.8000000000000004,0.6750000000000003,0.7750000000000004,0.7777777777777785,0.703703703703704,0.8425925925925936
0.4886363636363639,1.4052734375,1.724609375,0.125,0.24999999999999997,0.19999999999999998,0.5500000000000002,0.12962962962962962,0.12962962962962962,0.27777777777777757,0.7000000000000003,0.8000000000000004,0.6750000000000003,0.7750000000000004,0.7870370370370378,0.703703703703704,0.8425925925925936
0.4896694214876036,1.408203125,1.7265625,0.125,0.24999999999999997,0.19999999999999998,0.5500000000000002,0.12962962962962962,0.12962962962962962,0.27777777777777757,0.7000000000000003,0.8000000000000004,0.6750000000000003,0.7750000000000004,0.7962962962962971,0.703703703703704,0.8425925925925936
0.49070247933884326,1.4111328125,1.7294921875,0.125,0.24999999999999997,0.19999999999999998,0.5500000000000002,0.12962962962962962,0.12962962962962962,0.27777777777777757,0.7000000000000003,0.8000000000000004,0.6750000000000003,0.7750000000000004,0.7962962962962971,0.703703703703704,0.8518518518518529
0.49173553719008295,1.4140625,1.732421875,0.125,0.24999999999999997,0.19999999999999998,0.5500000000000002,0.12962962962962962,0.12962962962962962,0.27777777777777757,0.7000000000000003,0.8000000000000004,0.6750000000000003,0.7750000000000004,0.7962962962962971,0.7129629629629634,0.8518518518518529
0.49276859504132264,1.4169921875,1.7353515625,0.125,0.24999999999999997,0.19999999999999998,0.5500000000000002,0.12962962962962962,0.12962962962962962,0.27777777777777757,0.7000000000000003,0.8000000000000004,0.6750000000000003,0.7750000000000004,0.7962962962962971,0.7222222222222227,0.8518518518518529
0.49380165289256234,1.419921875,1.73828125,0.125,0.24999999999999997,0.19999999999999998,0.5500000000000002,0.12962962962962962,0.12962962962962962,0.27777777777777757,0.7250000000000003,0.8000000000000004,0.6750000000000003,0.7750000000000004,0.7962962962962971,0.7222222222222227,0.8518518518518529
0.49483471074380203,1.4228515625,1.740234375,0.125,0.24999999999999997,0.19999999999999998,0.5500000000000002,0.12962962962962962,0.12962962962962962,0.27777777777777757,0.7250000000000003,0.8000000000000004,0.6750000000000003,0.7750000000000004,0.7962962962962971,0.731481481481482,0.8518518518518529
0.4958677685950417,1.42578125,1.7451171875,0.125,0.24999999999999997,0.19999999999999998,0.5500000000000002,0.1388888888888889,0.12962962962962962,0.27777777777777757,0.7250000000000003,0.8000000000000004,0.6750000000000003,0.7750000000000004,0.7962962962962971,0.731481481481482,0.8518518518518529
0.49690082644628136,1.4287109375,1.7470703125,0.125,0.24999999999999997,0.19999999999999998,0.5500000000000002,0.1388888888888889,0.12962962962962962,0.27777777777777757,0.7250000000000003,0.8000000000000004,0.6750000000000003,0.7750000000000004,0.7962962962962971,0.7407407407407413,0.8518518518518529
0.49793388429752106,1.431640625,1.7509765625,0.125,0.24999999999999997,0.19999999999999998,0.5500000000000002,0.1388888888888889,0.12962962962962962,0.27777777777777757,0.7250000000000003,0.8000000000000004,0.6750000000000003,0.7750000000000004,0.7962962962962971,0.7500000000000006,0.8518518518518529
0.49896694214876075,1.4345703125,1.7529296875,0.125,0.24999999999999997,0.19999999999999998,0.5500000000000002,0.1388888888888889,0.12962962962962962,0.27777777777777757,0.7250000000000003,0.8000000000000004,0.6750000000000003,0.7750000000000004,0.7962962962962971,0.7592592592592599,0.8518518518518529
0.5000000000000003,1.4375,1.7548828125,0.125,0.24999999999999997,0.19999999999999998,0.5500000000000002,0.14814814814814814,0.12962962962962962,0.27777777777777757,0.7250000000000003,0.8000000000000004,0.6750000000000003,0.7750000000000004,0.7962962962962971,0.7592592592592599,0.8518518518518529
0.5010330578512401,1.4404296875,1.7587890625,0.125,0.24999999999999997,0.19999999999999998,0.5500000000000002,0.14814814814814814,0.12962962962962962,0.27777777777777757,0.7250000000000003,0.8000000000000004,0.6750000000000003,0.7750000000000004,0.7962962962962971,0.7685185185185192,0.8518518518518529
0.5020661157024797,1.443359375,1.7607421875,0.125,0.24999999999999997,0.19999999999999998,0.5500000000000002,0.14814814814814814,0.12962962962962962,0.27777777777777757,0.7250000000000003,0.8000000000000004,0.7000000000000003,0.7750000000000004,0.7962962962962971,0.7685185185185192,0.8518518518518529
0.5030991735537195,1.4462890625,1.7646484375,0.125,0.24999999999999997,0.19999999999999998,0.5500000000000002,0.14814814814814814,0.12962962962962962,0.27777777777777757,0.7250000000000003,0.8000000000000004,0.7000000000000003,0.7750000000000004,0.7962962962962971,0.7777777777777785,0.8518518518518529
0.5041322314049591,1.44921875,1.7666015625,0.125,0.24999999999999997,0.19999999999999998,0.5500000000000002,0.14814814814814814,0.12962962962962962,0.27777777777777757,0.7250000000000003,0.8000000000000004,0.7000000000000003,0.7750000000000004,0.8055555555555564,0.7777777777777785,0.8518518518518529
0.5051652892561987,1.4521484375,1.76953125,0.125,0.24999999999999997,0.19999999999999998,0.5500000000000002,0.14814814814814814,0.12962962962962962,0.27777777777777757,0.7250000000000003,0.8000000000000004,0.7000000000000003,0.7750000000000004,0.8148148148148157,0.7777777777777785,0.8518518518518529
0.5061983471074384,1.455078125,1.7724609375,0.125,0.24999999999999997,0.19999999999999998,0.5500000000000002,0.14814814814814814,0.12962962962962962,0.27777777777777757,0.7250000000000003,0.8000000000000004,0.7000000000000003,0.7750000000000004,0.8148148148148157,0.7870370370370378,0.8518518518518529
0.5072314049586781,1.4580078125,1.775390625,0.125,0.24999999999999997,0.19999999999999998,0.5500000000000002,0.14814814814814814,0.12962962962962962,0.27777777777777757,0.7250000000000003,0.8000000000000004,0.7000000000000003,0.7750000000000004,0.8148148148148157,0.7962962962962971,0.8518518518518529
0.5082644628099178,1.4609375,1.7783203125,0.125,0.24999999999999997,0.19999999999999998,0.5500000000000002,0.14814814814814814,0.12962962962962962,0.27777777777777757,0.7250000000000003,0.8000000000000004,0.7000000000000003,0.7750000000000004,0.8148148148148157,0.7962962962962971,0.8611111111111122
0.5092975206611574,1.4638671875,1.7802734375,0.125,0.24999999999999997,0.19999999999999998,0.5750000000000002,0.14814814814814814,0.12962962962962962,0.27777777777777757,0.7250000000000003,0.8000000000000004,0.7000000000000003,0.7750000000000004,0.8148148148148157,0.7962962962962971,0.8611111111111122
0.5103305785123972,1.466796875,1.7841796875,0.125,0.24999999999999997,0.19999999999999998,0.5750000000000002,0.14814814814814814,0.12962962962962962,0.27777777777777757,0.7250000000000003,0.8000000000000004,0.7000000000000003,0.7750000000000004,0.8148148148148157,0.7962962962962971,0.8703703703703715
0.5113636363636368,1.4697265625,1.7861328125,0.125,0.24999999999999997,0.19999999999999998,0.5750000000000002,0.14814814814814814,0.12962962962962962,0.27777777777777757,0.7500000000000003,0.8000000000000004,0.7000000000000003,0.7750000000000004,0.8148148148148157,0.7962962962962971,0.8703703703703715
0.5123966942148765,1.47265625,1.7900390625,0.125,0.24999999999999997,0.19999999999999998,0.5750000000000002,0.14814814814814814,0.12962962962962962,0.27777777777777757,0.7500000000000003,0.8000000000000004,0.7000000000000003,0.7750000000000004,0.8148148148148157,0.7962962962962971,0.8796296296296308
0.5134297520661162,1.4755859375,1.7919921875,0.125,0.24999999999999997,0.19999999999999998,0.5750000000000002,0.14814814814814814,0.12962962962962962,0.27777777777777757,0.7500000000000003,0.8000000000000004,0.7000000000000003,0.7750000000000004,0.8148148148148157,0.8055555555555564,0.8796296296296308
0.5144628099173558,1.478515625,1.7958984375,0.125,0.24999999999999997,0.19999999999999998,0.5750000000000002,0.14814814814814814,0.12962962962962962,0.27777777777777757,0.7500000000000003,0.8000000000000004,0.7000000000000003,0.7750000000000004,0.8148148148148157,0.8148148148148157,0.8796296296296308
0.5154958677685956,1.4814453125,1.796875,0.125,0.24999999999999997,0.19999999999999998,0.5750000000000002,0.15740740740740738,0.12962962962962962,0.27777777777777757,0.7500000000000003,0.8000000000000004,0.7000000000000003,0.7750000000000004,0.8148148148148157,0.8148148148148157,0.8796296296296308
0.5165289256198352,1.484375,1.8017578125,0.125,0.24999999999999997,0.19999999999999998,0.5750000000000002,0.15740740740740738,0.12962962962962962,0.27777777777777757,0.7500000000000003,0.8000000000000004,0.7000000000000003,0.7750000000000004,0.8148148148148157,0.8148148148148157,0.8888888888888901
0.5175619834710748,1.4873046875,1.8037109375,0.125,0.24999999999999997,0.19999999999999998,0.5750000000000002,0.15740740740740738,0.12962962962962962,0.27777777777777757,0.7500000000000003,0.8000000000000004,0.7000000000000003,0.7750000000000004,0.8148148148148157,0.8148148148148157,0.8981481481481494
0.5185950413223146,1.490234375,1.806640625,0.125,0.24999999999999997,0.19999999999999998,0.5750000000000002,0.15740740740740738,0.12962962962962962,0.27777777777777757,0.7500000000000003,0.8000000000000004,0.7000000000000003,0.7750000000000004,0.824074074074075,0.8148148148148157,0.8981481481481494
0.5196280991735542,1.4931640625,1.80859375,0.125,0.24999999999999997,0.19999999999999998,0.5750000000000002,0.15740740740740738,0.12962962962962962,0.27777777777777757,0.7500000000000003,0.8000000000000004,0.7000000000000003,0.7750000000000004,0.8333333333333343,0.8148148148148157,0.8981481481481494
0.5206611570247939,1.49609375,1.8115234375,0.125,0.24999999999999997,0.19999999999999998,0.5750000000000002,0.15740740740740738,0.1388888888888889,0.27777777777777757,0.7500000000000003,0.8000000000000004,0.7000000000000003,0.7750000000000004,0.8333333333333343,0.8148148148148157,0.8981481481481494
0.5216942148760336,1.4990234375,1.814453125,0.125,0.24999999999999997,0.19999999999999998,0.5750000000000002,0.15740740740740738,0.1388888888888889,0.27777777777777757,0.7500000000000003,0.8000000000000004,0.7000000000000003,0.7750000000000004,0.8425925925925936,0.8148148148148157,0.8981481481481494
0.5227272727272732,1.501953125,1.81640625,0.125,0.24999999999999997,0.19999999999999998,0.5750000000000002,0.15740740740740738,0.1388888888888889,0.27777777777777757,0.7500000000000003,0.8000000000000004,0.7000000000000003,0.7750000000000004,0.8425925925925936,0.8148148148148157,0.9074074074074087
0.523760330578513,1.505859375,1.8203125,0.15,0.24999999999999997,0.19999999999999998,0.5750000000000002,0.15740740740740738,0.1388888888888889,0.27777777777777757,0.7500000000000003,0.8000000000000004,0.7000000000000003,0.7750000000000004,0.8425925925925936,0.8148148148148157,0.9074074074074087
0.5247933884297525,1.5087890625,1.822265625,0.15,0.24999999999999997,0.22499999999999998,0.5750000000000002,0.15740740740740738,0.1388888888888889,0.27777777777777757,0.7500000000000003,0.8000000000000004,0.7000000000000003,0.7750000000000004,0.8425925925925936,0.8148148148148157,0.9074074074074087
0.5258264462809923,1.5126953125,1.826171875,0.175,0.24999999999999997,0.22499999999999998,0.5750000000000002,0.15740740740740738,0.1388888888888889,0.27777777777777757,0.7500000000000003,0.8000000000000004,0.7000000000000003,0.7750000000000004,0.8425925925925936,0.8148148148148157,0.9074074074074087
0.5268595041322319,1.515625,1.828125,0.175,0.24999999999999997,0.22499999999999998,0.5750000000000002,0.15740740740740738,0.14814814814814814,0.27777777777777757,0.7500000000000003,0.8000000000000004,0.7000000000000003,0.7750000000000004,0.8425925925925936,0.8148148148148157,0.9074074074074087
0.5278925619834716,1.5185546875,1.8310546875,0.175,0.24999999999999997,0.22499999999999998,0.5750000000000002,0.15740740740740738,0.14814814814814814,0.27777777777777757,0.7500000000000003,0.8000000000000004,0.7000000000000003,0.7750000000000004,0.8518518518518529,0.8148148148148157,0.9074074074074087
0.5289256198347113,1.521484375,1.8330078125,0.175,0.24999999999999997,0.22499999999999998,0.5750000000000002,0.15740740740740738,0.14814814814814814,0.27777777777777757,0.7500000000000003,0.8000000000000004,0.7000000000000003,0.7750000000000004,0.8611111111111122,0.8148148148148157,0.9074074074074087
0.529958677685951,1.5244140625,1.8369140625,0.175,0.24999999999999997,0.22499999999999998,0.5750000000000002,0.15740740740740738,0.14814814814814814,0.27777777777777757,0.7500000000000003,0.8000000000000004,0.7000000000000003,0.7750000000000004,0.8611111111111122,0.824074074074075,0.9074074074074087
0.5309917355371905,1.52734375,1.8388671875,0.175,0.24999999999999997,0.22499999999999998,0.5750000000000002,0.15740740740740738,0.14814814814814814,0.27777777777777757,0.7500000000000003,0.8000000000000004,0.7000000000000003,0.7750000000000004,0.8611111111111122,0.8333333333333343,0.9074074074074087
0.5320247933884303,1.5302734375,1.841796875,0.175,0.24999999999999997,0.22499999999999998,0.5750000000000002,0.16666666666666663,0.14814814814814814,0.27777777777777757,0.7500000000000003,0.8000000000000004,0.7000000000000003,0.7750000000000004,0.8611111111111122,0.8333333333333343,0.9074074074074087
0.5330578512396699,1.533203125,1.8447265625,0.175,0.24999999999999997,0.22499999999999998,0.5750000000000002,0.16666666666666663,0.14814814814814814,0.27777777777777757,0.7500000000000003,0.8000000000000004,0.7250000000000003,0.7750000000000004,0.8611111111111122,0.8333333333333343,0.9074074074074087
0.5340909090909096,1.5361328125,1.8466796875,0.175,0.24999999999999997,0.22499999999999998,0.5750000000000002,0.16666666666666663,0.14814814814814814,0.27777777777777757,0.7500000000000003,0.8000000000000004,0.7250000000000003,0.7750000000000004,0.8611111111111122,0.8425925925925936,0.9074074074074087
0.5351239669421493,1.5390625,1.849609375,0.175,0.24999999999999997,0.22499999999999998,0.5750000000000002,0.16666666666666663,0.14814814814814814,0.27777777777777757,0.7500000000000003,0.8000000000000004,0.7250000000000003,0.7750000000000004,0.8611111111111122,0.8518518518518529,0.9074074074074087
0.536157024793389,1.5419921875,1.8515625,0.175,0.24999999999999997,0.22499999999999998,0.5750000000000002,0.16666666666666663,0.14814814814814814,0.27777777777777757,0.7500000000000003,0.8000000000000004,0.7250000000000003,0.7750000000000004,0.8611111111111122,0.8611111111111122,0.9074074074074087
0.5371900826446286,1.544921875,1.8544921875,0.175,0.24999999999999997,0.22499999999999998,0.5750000000000002,0.16666666666666663,0.14814814814814814,0.27777777777777757,0.7500000000000003,0.8000000000000004,0.7250000000000003,0.7750000000000004,0.8611111111111122,0.8611111111111122,0.916666666666668
0.5382231404958683,1.5478515625,1.8564453125,0.175,0.24999999999999997,0.22499999999999998,0.5750000000000002,0.16666666666666663,0.15740740740740738,0.27777777777777757,0.7500000000000003,0.8000000000000004,0.7250000000000003,0.7750000000000004,0.8611111111111122,0.8611111111111122,0.916666666666668
0.5392561983471079,1.55078125,1.8603515625,0.175,0.24999999999999997,0.22499999999999998,0.5750000000000002,0.16666666666666663,0.15740740740740738,0.27777777777777757,0.7500000000000003,0.8000000000000004,0.7250000000000003,0.7750000000000004,0.8703703703703715,0.8611111111111122,0.916666666666668
0.5402892561983477,1.5537109375,1.8623046875,0.175,0.24999999999999997,0.22499999999999998,0.5750000000000002,0.16666666666666663,0.16666666666666663,0.27777777777777757,0.7500000000000003,0.8000000000000004,0.7250000000000003,0.7750000000000004,0.8703703703703715,0.8611111111111122,0.916666666666668
0.5413223140495874,1.556640625,1.865234375,0.175,0.24999999999999997,0.22499999999999998,0.5750000000000002,0.16666666666666663,0.16666666666666663,0.27777777777777757,0.7500000000000003,0.8000000000000004,0.7250000000000003,0.7750000000000004,0.8703703703703715,0.8611111111111122,0.9259259259259273
0.5423553719008269,1.5595703125,1.8671875,0.175,0.24999999999999997,0.22499999999999998,0.5750000000000002,0.16666666666666663,0.16666666666666663,0.27777777777777757,0.7500000000000003,0.8000000000000004,0.7250000000000003,0.7750000000000004,0.8796296296296308,0.8611111111111122,0.9259259259259273
0.5433884297520667,1.5625,1.8701171875,0.175,0.24999999999999997,0.22499999999999998,0.5750000000000002,0.16666666666666663,0.16666666666666663,0.27777777777777757,0.7500000000000003,0.8000000000000004,0.7250000000000003,0.7750000000000004,0.8888888888888901,0.8611111111111122,0.9259259259259273
0.5444214876033063,1.5654296875,1.873046875,0.175,0.24999999999999997,0.22499999999999998,0.5750000000000002,0.16666666666666663,0.16666666666666663,0.27777777777777757,0.7500000000000003,0.8250000000000004,0.7250000000000003,0.7750000000000004,0.8888888888888901,0.8611111111111122,0.9259259259259273
0.5454545454545461,1.568359375,1.8759765625,0.175,0.24999999999999997,0.22499999999999998,0.5750000000000002,0.16666666666666663,0.16666666666666663,0.27777777777777757,0.7500000000000003,0.8250000000000004,0.7250000000000003,0.8000000000000004,0.8888888888888901,0.8611111111111122,0.9259259259259273
0.5464876033057857,1.5712890625,1.8779296875,0.175,0.24999999999999997,0.22499999999999998,0.5750000000000002,0.16666666666666663,0.16666666666666663,0.27777777777777757,0.7500000000000003,0.8250000000000004,0.7250000000000003,0.8000000000000004,0.8981481481481494,0.8611111111111122,0.9259259259259273
0.5475206611570254,1.57421875,1.880859375,0.175,0.24999999999999997,0.22499999999999998,0.5750000000000002,0.16666666666666663,0.16666666666666663,0.27777777777777757,0.7500000000000003,0.8250000000000004,0.7250000000000003,0.8000000000000004,0.8981481481481494,0.8703703703703715,0.9259259259259273
0.5485537190082651,1.5771484375,1.8837890625,0.175,0.24999999999999997,0.22499999999999998,0.5750000000000002,0.16666666666666663,0.16666666666666663,0.27777777777777757,0.7500000000000003,0.8250000000000004,0.7250000000000003,0.8000000000000004,0.8981481481481494,0.8703703703703715,0.9351851851851866
0.5495867768595047,1.5810546875,1.8857421875,0.19999999999999998,0.24999999999999997,0.22499999999999998,0.5750000000000002,0.16666666666666663,0.16666666666666663,0.27777777777777757,0.7500000000000003,0.8250000000000004,0.7250000000000003,0.8000000000000004,0.8981481481481494,0.8703703703703715,0.9351851851851866
0.5506198347107444,1.583984375,1.8876953125,0.19999999999999998,0.24999999999999997,0.22499999999999998,0.6000000000000002,0.16666666666666663,0.16666666666666663,0.27777777777777757,0.7500000000000003,0.8250000000000004,0.7250000000000003,0.8000000000000004,0.8981481481481494,0.8703703703703715,0.9351851851851866
0.551652892561984,1.587890625,1.890625,0.19999999999999998,0.27499999999999997,0.22499999999999998,0.6000000000000002,0.16666666666666663,0.16666666666666663,0.27777777777777757,0.7500000000000003,0.8250000000000004,0.7250000000000003,0.8000000000000004,0.8981481481481494,0.8703703703703715,0.9351851851851866
0.5526859504132238,1.5908203125,1.8935546875,0.19999999999999998,0.3,0.22499999999999998,0.6000000000000002,0.16666666666666663,0.16666666666666663,0.27777777777777757,0.7500000000000003,0.8250000000000004,0.7250000000000003,0.8000000000000004,0.8981481481481494,0.8703703703703715,0.9351851851851866
0.5537190082644634,1.59375,1.8955078125,0.19999999999999998,0.3,0.24999999999999997,0.6000000000000002,0.16666666666666663,0.16666666666666663,0.27777777777777757,0.7500000000000003,0.8250000000000004,0.7250000000000003,0.8000000000000004,0.8981481481481494,0.8703703703703715,0.9351851851851866
0.554752066115703,1.5966796875,1.8984375,0.19999999999999998,0.3,0.24999999999999997,0.6000000000000002,0.16666666666666663,0.16666666666666663,0.27777777777777757,0.7500000000000003,0.8250000000000004,0.7250000000000003,0.8000000000000004,0.9074074074074087,0.8703703703703715,0.9351851851851866
0.5557851239669427,1.599609375,1.900390625,0.19999999999999998,0.3,0.24999999999999997,0.6000000000000002,0.16666666666666663,0.16666666666666663,0.27777777777777757,0.7500000000000003,0.8250000000000004,0.7250000000000003,0.8000000000000004,0.9074074074074087,0.8796296296296308,0.9351851851851866
0.5568181818181824,1.6025390625,1.9033203125,0.19999999999999998,0.3,0.24999999999999997,0.6250000000000002,0.16666666666666663,0.16666666666666663,0.27777777777777757,0.7500000000000003,0.8250000000000004,0.7250000000000003,0.8000000000000004,0.9074074074074087,0.8796296296296308,0.9351851851851866
0.5578512396694222,1.60546875,1.9052734375,0.19999999999999998,0.3,0.24999999999999997,0.6250000000000002,0.16666666666666663,0.16666666666666663,0.27777777777777757,0.7500000000000003,0.8250000000000004,0.7250000000000003,0.8000000000000004,0.9074074074074087,0.8888888888888901,0.9351851851851866
0.5588842975206618,1.6083984375,1.908203125,0.19999999999999998,0.3,0.24999999999999997,0.6250000000000002,0.17592592592592587,0.16666666666666663,0.27777777777777757,0.7500000000000003,0.8250000000000004,0.7250000000000003,0.8000000000000004,0.9074074074074087,0.8888888888888901,0.9351851851851866
0.5599173553719015,1.611328125,1.9111328125,0.19999999999999998,0.3,0.24999999999999997,0.6250000000000002,0.18518518518518512,0.16666666666666663,0.27777777777777757,0.7500000000000003,0.8250000000000004,0.7250000000000003,0.8000000000000004,0.9074074074074087,0.8888888888888901,0.9351851851851866
0.5609504132231411,1.6142578125,1.9140625,0.19999999999999998,0.3,0.24999999999999997,0.6250000000000002,0.18518518518518512,0.17592592592592587,0.27777777777777757,0.7500000000000003,0.8250000000000004,0.7250000000000003,0.8000000000000004,0.9074074074074087,0.8888888888888901,0.9351851851851866
0.5619834710743808,1.6171875,1.9150390625,0.19999999999999998,0.3,0.24999999999999997,0.6250000000000002,0.18518518518518512,0.17592592592592587,0.27777777777777757,0.7500000000000003,0.8250000000000004,0.7250000000000003,0.8000000000000004,0.9074074074074087,0.8888888888888901,0.9444444444444459
0.5630165289256205,1.6201171875,1.9189453125,0.19999999999999998,0.3,0.24999999999999997,0.6250000000000002,0.18518518518518512,0.18518518518518512,0.27777777777777757,0.7500000000000003,0.8250000000000004,0.7250000000000003,0.8000000000000004,0.9074074074074087,0.8888888888888901,0.9444444444444459
0.5640495867768601,1.623046875,1.9208984375,0.19999999999999998,0.3,0.24999999999999997,0.6250000000000002,0.18518518518518512,0.18518518518518512,0.27777777777777757,0.7500000000000003,0.8250000000000004,0.7250000000000003,0.8000000000000004,0.9074074074074087,0.8981481481481494,0.9444444444444459
0.5650826446280999,1.626953125,1.9228515625,0.19999999999999998,0.325,0.24999999999999997,0.6250000000000002,0.18518518518518512,0.18518518518518512,0.27777777777777757,0.7500000000000003,0.8250000000000004,0.7250000000000003,0.8000000000000004,0.9074074074074087,0.8981481481481494,0.9444444444444459
0.5661157024793395,1.6298828125,1.9248046875,0.19999999999999998,0.35000000000000003,0.24999999999999997,0.6250000000000002,0.18518518518518512,0.18518518518518512,0.27777777777777757,0.7500000000000003,0.8250000000000004,0.7250000000000003,0.8000000000000004,0.9074074074074087,0.8981481481481494,0.9444444444444459
0.5671487603305791,1.6328125,1.927734375,0.19999999999999998,0.35000000000000003,0.24999999999999997,0.6250000000000002,0.18518518518518512,0.18518518518518512,0.27777777777777757,0.7500000000000003,0.8250000000000004,0.7250000000000003,0.8000000000000004,0.916666666666668,0.8981481481481494,0.9444444444444459
0.5681818181818187,1.6357421875,1.9306640625,0.19999999999999998,0.35000000000000003,0.24999999999999997,0.6250000000000002,0.18518518518518512,0.18518518518518512,0.27777777777777757,0.7500000000000003,0.8250000000000004,0.7500000000000003,0.8000000000000004,0.916666666666668,0.8981481481481494,0.9444444444444459
0.5692148760330584,1.638671875,1.93359375,0.19999999999999998,0.35000000000000003,0.24999999999999997,0.6250000000000002,0.18518518518518512,0.18518518518518512,0.27777777777777757,0.7500000000000003,0.8250000000000004,0.7500000000000003,0.8000000000000004,0.9259259259259273,0.8981481481481494,0.9444444444444459
0.5702479338842982,1.6416015625,1.935546875,0.19999999999999998,0.35000000000000003,0.24999999999999997,0.6250000000000002,0.18518518518518512,0.18518518518518512,0.27777777777777757,0.7500000000000003,0.8250000000000004,0.7500000000000003,0.8000000000000004,0.9259259259259273,0.8981481481481494,0.9537037037037052
0.5712809917355378,1.64453125,1.9375,0.19999999999999998,0.35000000000000003,0.24999999999999997,0.6250000000000002,0.18518518518518512,0.18518518518518512,0.27777777777777757,0.7500000000000003,0.8500000000000004,0.7500000000000003,0.8000000000000004,0.9259259259259273,0.8981481481481494,0.9537037037037052
0.5723140495867776,1.6484375,1.9404296875,0.19999999999999998,0.35000000000000003,0.27499999999999997,0.6250000000000002,0.18518518518518512,0.18518518518518512,0.27777777777777757,0.7500000000000003,0.8500000000000004,0.7500000000000003,0.8000000000000004,0.9259259259259273,0.8981481481481494,0.9537037037037052
0.5733471074380171,1.6513671875,1.943359375,0.19999999999999998,0.35000000000000003,0.27499999999999997,0.6500000000000002,0.18518518518518512,0.18518518518518512,0.27777777777777757,0.7500000000000003,0.8500000000000004,0.7500000000000003,0.8000000000000004,0.9259259259259273,0.8981481481481494,0.9537037037037052
0.574380165289257,1.654296875,1.9453125,0.19999999999999998,0.35000000000000003,0.27499999999999997,0.6750000000000003,0.18518518518518512,0.18518518518518512,0.27777777777777757,0.7500000000000003,0.8500000000000004,0.7500000000000003,0.8000000000000004,0.9259259259259273,0.8981481481481494,0.9537037037037052
0.5754132231404965,1.6572265625,1.9482421875,0.19999999999999998,0.35000000000000003,0.27499999999999997,0.6750000000000003,0.18518518518518512,0.19444444444444436,0.27777777777777757,0.7500000000000003,0.8500000000000004,0.7500000000000003,0.8000000000000004,0.9259259259259273,0.8981481481481494,0.9537037037037052
0.5764462809917361,1.66015625,1.94921875,0.19999999999999998,0.35000000000000003,0.27499999999999997,0.6750000000000003,0.18518518518518512,0.2037037037037036,0.27777777777777757,0.7500000000000003,0.8500000000000004,0.7500000000000003,0.8000000000000004,0.9259259259259273,0.8981481481481494,0.9537037037037052
0.5774793388429759,1.6630859375,1.9521484375,0.19999999999999998,0.35000000000000003,0.27499999999999997,0.6750000000000003,0.18518518518518512,0.2037037037037036,0.27777777777777757,0.7750000000000004,0.8500000000000004,0.7500000000000003,0.8000000000000004,0.9259259259259273,0.8981481481481494,0.9537037037037052
0.5785123966942155,1.666015625,1.9541015625,0.19999999999999998,0.35000000000000003,0.27499999999999997,0.6750000000000003,0.19444444444444436,0.2037037037037036,0.27777777777777757,0.7750000000000004,0.8500000000000004,0.7500000000000003,0.8000000000000004,0.9259259259259273,0.8981481481481494,0.9537037037037052
0.5795454545454553,1.6689453125,1.95703125,0.19999999999999998,0.35000000000000003,0.27499999999999997,0.6750000000000003,0.2037037037037036,0.2037037037037036,0.27777777777777757,0.7750000000000004,0.8500000000000004,0.7500000000000003,0.8000000000000004,0.9259259259259273,0.8981481481481494,0.9537037037037052
0.5805785123966949,1.671875,1.958984375,0.19999999999999998,0.35000000000000003,0.27499999999999997,0.6750000000000003,0.21296296296296285,0.2037037037037036,0.27777777777777757,0.7750000000000004,0.8500000000000004,0.7500000000000003,0.8000000000000004,0.9259259259259273,0.8981481481481494,0.9537037037037052
0.5816115702479344,1.6748046875,1.9619140625,0.19999999999999998,0.35000000000000003,0.27499999999999997,0.6750000000000003,0.2222222222222221,0.2037037037037036,0.27777777777777757,0.7750000000000004,0.8500000000000004,0.7500000000000003,0.8000000000000004,0.9259259259259273,0.8981481481481494,0.9537037037037052
0.5826446280991743,1.677734375,1.96484375,0.19999999999999998,0.35000000000000003,0.27499999999999997,0.6750000000000003,0.2222222222222221,0.2037037037037036,0.27777777777777757,0.7750000000000004,0.8500000000000004,0.7500000000000003,0.8000000000000004,0.9351851851851866,0.8981481481481494,0.9537037037037052
0.5836776859504138,1.6806640625,1.9658203125,0.19999999999999998,0.35000000000000003,0.27499999999999997,0.6750000000000003,0.2222222222222221,0.2037037037037036,0.27777777777777757,0.7750000000000004,0.8500000000000004,0.7500000000000003,0.8000000000000004,0.9351851851851866,0.9074074074074087,0.9537037037037052
0.5847107438016534,1.68359375,1.9697265625,0.19999999999999998,0.35000000000000003,0.27499999999999997,0.6750000000000003,0.2222222222222221,0.21296296296296285,0.27777777777777757,0.7750000000000004,0.8500000000000004,0.7500000000000003,0.8000000000000004,0.9351851851851866,0.9074074074074087,0.9537037037037052
0.5857438016528932,1.6865234375,1.9716796875,0.19999999999999998,0.35000000000000003,0.27499999999999997,0.6750000000000003,0.2222222222222221,0.2222222222222221,0.27777777777777757,0.7750000000000004,0.8500000000000004,0.7500000000000003,0.8000000000000004,0.9351851851851866,0.9074074074074087,0.9537037037037052
0.5867768595041329,1.689453125,1.9736328125,0.19999999999999998,0.35000000000000003,0.27499999999999997,0.6750000000000003,0.2222222222222221,0.2222222222222221,0.27777777777777757,0.7750000000000004,0.8500000000000004,0.7500000000000003,0.8000000000000004,0.9351851851851866,0.916666666666668,0.9537037037037052
0.5878099173553725,1.6923828125,1.9755859375,0.19999999999999998,0.35000000000000003,0.27499999999999997,0.6750000000000003,0.2222222222222221,0.2222222222222221,0.27777777777777757,0.8000000000000004,0.8500000000000004,0.7500000000000003,0.8000000000000004,0.9351851851851866,0.916666666666668,0.9537037037037052
0.5888429752066122,1.6953125,1.978515625,0.19999999999999998,0.35000000000000003,0.27499999999999997,0.6750000000000003,0.2222222222222221,0.2222222222222221,0.27777777777777757,0.8000000000000004,0.8500000000000004,0.7500000000000003,0.8000000000000004,0.9444444444444459,0.916666666666668,0.9537037037037052
0.5898760330578519,1.6982421875,1.98046875,0.19999999999999998,0.35000000000000003,0.27499999999999997,0.6750000000000003,0.2222222222222221,0.2222222222222221,0.27777777777777757,0.8000000000000004,0.8500000000000004,0.7500000000000003,0.8000000000000004,0.9444444444444459,0.9259259259259273,0.9537037037037052
0.5909090909090916,1.701171875,1.9833984375,0.19999999999999998,0.35000000000000003,0.27499999999999997,0.6750000000000003,0.23148148148148134,0.2222222222222221,0.27777777777777757,0.8000000000000004,0.8500000000000004,0.7500000000000003,0.8000000000000004,0.9444444444444459,0.9259259259259273,0.9537037037037052
0.5919421487603312,1.7041015625,1.9853515625,0.19999999999999998,0.35000000000000003,0.27499999999999997,0.6750000000000003,0.23148148148148134,0.2222222222222221,0.27777777777777757,0.8000000000000004,0.8500000000000004,0.7500000000000003,0.8000000000000004,0.9444444444444459,0.9351851851851866,0.9537037037037052
0.5929752066115709,1.70703125,1.9873046875,0.19999999999999998,0.35000000000000003,0.27499999999999997,0.6750000000000003,0.23148148148148134,0.2222222222222221,0.27777777777777757,0.8000000000000004,0.8500000000000004,0.7500000000000003,0.8000000000000004,0.9444444444444459,0.9351851851851866,0.9629629629629645
0.5940082644628106,1.7099609375,1.9892578125,0.19999999999999998,0.35000000000000003,0.27499999999999997,0.6750000000000003,0.2407407407407406,0.2222222222222221,0.27777777777777757,0.8000000000000004,0.8500000000000004,0.7500000000000003,0.8000000000000004,0.9444444444444459,0.9351851851851866,0.9629629629629645
0.5950413223140503,1.712890625,1.9921875,0.19999999999999998,0.35000000000000003,0.27499999999999997,0.6750000000000003,0.2407407407407406,0.23148148148148134,0.27777777777777757,0.8000000000000004,0.8500000000000004,0.7500000000000003,0.8000000000000004,0.9444444444444459,0.9351851851851866,0.9629629629629645
0.5960743801652898,1.7158203125,1.994140625,0.19999999999999998,0.35000000000000003,0.27499999999999997,0.6750000000000003,0.2407407407407406,0.2407407407407406,0.27777777777777757,0.8000000000000004,0.8500000000000004,0.7500000000000003,0.8000000000000004,0.9444444444444459,0.9351851851851866,0.9629629629629645
0.5971074380165295,1.71875,1.9970703125,0.19999999999999998,0.35000000000000003,0.27499999999999997,0.6750000000000003,0.2407407407407406,0.2407407407407406,0.2870370370370368,0.8000000000000004,0.8500000000000004,0.7500000000000003,0.8000000000000004,0.9444444444444459,0.9351851851851866,0.9629629629629645
0.5981404958677692,1.7216796875,1.998046875,0.19999999999999998,0.35000000000000003,0.27499999999999997,0.6750000000000003,0.2407407407407406,0.2407407407407406,0.29629629629629606,0.8000000000000004,0.8500000000000004,0.7500000000000003,0.8000000000000004,0.9444444444444459,0.9351851851851866,0.9629629629629645
0.5991735537190089,1.724609375,2.0,0.19999999999999998,0.35000000000000003,0.27499999999999997,0.6750000000000003,0.2407407407407406,0.2407407407407406,0.29629629629629606,0.8000000000000004,0.8500000000000004,0.7750000000000004,0.8000000000000004,0.9444444444444459,0.9351851851851866,0.9629629629629645
0.6002066115702486,1.7275390625,2.00390625,0.19999999999999998,0.35000000000000003,0.27499999999999997,0.6750000000000003,0.2407407407407406,0.2407407407407406,0.3055555555555553,0.8000000000000004,0.8500000000000004,0.7750000000000004,0.8000000000000004,0.9444444444444459,0.9351851851851866,0.9629629629629645
