Effective Sparsity,Activation Error,Baseline Error,q0,k0,v0,o0,gate0,up0,down0,q1,k1,v1,o1,gate1,up1,down1
0.0012121212121212121,0.007617950439453125,0.3076171875,0.0,0.0,0.0,0.0,0.0,0.0,0.0,0.0,0.0,0.0,0.0,0.009302325581395349,0.0,0.0
0.0024242424242424242,0.0106658935546875,0.3076171875,0.0,0.0,0.0,0.0,0.0,0.0,0.0,0.0,0.0,0.0,0.0,0.009302325581395349,0.009302325581395349,0.0
0.003636363636363637,0.0168609619140625,0.3076171875,0.0,0.0,0.0,0.0,0.009302325581395349,0.0,0.0,0.0,0.0,0.0,0.0,0.009302325581395349,0.009302325581395349,0.0
0.0048484848484848485,0.02154541015625,0.3076171875,0.0,0.0,0.0,0.0,0.009302325581395349,0.009302325581395349,0.0,0.0,0.0,0.0,0.0,0.009302325581395349,0.009302325581395349,0.0
0.006060606060606061,0.025665283203125,0.3076171875,0.0,0.0,0.0,0.0,0.009302325581395349,0.009302325581395349,0.0,0.0,0.0,0.0,0.0,0.009302325581395349,0.009302325581395349,0.009302325581395349
0.007272727272727273,0.0345458984375,0.3076171875,0.0,0.0,0.0,0.0,0.009302325581395349,0.009302325581395349,0.009302325581395349,0.0,0.0,0.0,0.0,0.009302325581395349,0.009302325581395349,0.009302325581395349
0.008484848484848484,0.10467529296875,0.3076171875,0.0,0.0,0.0,0.0,0.009302325581395349,0.009302325581395349,0.009302325581395349,0.0,0.0,0.0,0.025,0.009302325581395349,0.009302325581395349,0.009302325581395349
0.009696969696969697,0.1534423828125,0.3076171875,0.0,0.0,0.0,0.0,0.009302325581395349,0.009302325581395349,0.009302325581395349,0.0,0.0,0.0,0.05,0.009302325581395349,0.009302325581395349,0.009302325581395349
0.01090909090909091,0.1962890625,1.025390625,0.0,0.0,0.0,0.0,0.009302325581395349,0.009302325581395349,0.009302325581395349,0.0,0.0,0.0,0.07500000000000001,0.009302325581395349,0.009302325581395349,0.009302325581395349
0.012121212121212121,0.2340087890625,1.0927734375,0.0,0.0,0.0,0.0,0.009302325581395349,0.009302325581395349,0.009302325581395349,0.025,0.0,0.0,0.07500000000000001,0.009302325581395349,0.009302325581395349,0.009302325581395349
0.013333333333333334,0.267578125,1.154296875,0.0,0.0,0.0,0.0,0.009302325581395349,0.009302325581395349,0.009302325581395349,0.025,0.0,0.0,0.07500000000000001,0.009302325581395349,0.009302325581395349,0.018604651162790697
0.014545454545454545,0.301025390625,1.2109375,0.0,0.0,0.0,0.0,0.009302325581395349,0.009302325581395349,0.009302325581395349,0.025,0.0,0.0,0.1,0.009302325581395349,0.009302325581395349,0.018604651162790697
0.01575757575757576,0.332763671875,1.263671875,0.0,0.0,0.0,0.0,0.009302325581395349,0.009302325581395349,0.009302325581395349,0.025,0.0,0.0,0.1,0.009302325581395349,0.009302325581395349,0.027906976744186046
0.01696969696969697,0.3623046875,1.31640625,0.0,0.0,0.0,0.0,0.009302325581395349,0.009302325581395349,0.009302325581395349,0.025,0.0,0.0,0.125,0.009302325581395349,0.009302325581395349,0.027906976744186046
0.018181818181818184,0.391845703125,1.36328125,0.0,0.0,0.0,0.0,0.009302325581395349,0.009302325581395349,0.009302325581395349,0.025,0.0,0.0,0.15,0.009302325581395349,0.009302325581395349,0.027906976744186046
0.019393939393939397,0.4208984375,1.4130859375,0.0,0.0,0.0,0.0,0.009302325581395349,0.009302325581395349,0.009302325581395349,0.025,0.0,0.0,0.175,0.009302325581395349,0.009302325581395349,0.027906976744186046
0.020606060606060607,0.450927734375,1.4599609375,0.0,0.0,0.0,0.025,0.009302325581395349,0.009302325581395349,0.009302325581395349,0.025,0.0,0.0,0.175,0.009302325581395349,0.009302325581395349,0.027906976744186046
0.02181818181818182,0.47900390625,1.501953125,0.0,0.0,0.0,0.025,0.009302325581395349,0.009302325581395349,0.009302325581395349,0.025,0.0,0.0,0.19999999999999998,0.009302325581395349,0.009302325581395349,0.027906976744186046
0.02303030303030303,0.50634765625,1.55078125,0.0,0.0,0.0,0.025,0.009302325581395349,0.009302325581395349,0.009302325581395349,0.025,0.0,0.0,0.19999999999999998,0.009302325581395349,0.009302325581395349,0.037209302325581395
0.024242424242424242,0.53369140625,1.591796875,0.0,0.0,0.0,0.025,0.009302325581395349,0.009302325581395349,0.009302325581395349,0.025,0.0,0.0,0.22499999999999998,0.009302325581395349,0.009302325581395349,0.037209302325581395
0.025454545454545455,0.56103515625,1.6318359375,0.0,0.0,0.0,0.025,0.009302325581395349,0.009302325581395349,0.009302325581395349,0.025,0.0,0.0,0.24999999999999997,0.009302325581395349,0.009302325581395349,0.037209302325581395
0.02666666666666667,0.5888671875,1.6708984375,0.0,0.0,0.0,0.025,0.009302325581395349,0.009302325581395349,0.009302325581395349,0.025,0.0,0.0,0.27499999999999997,0.009302325581395349,0.009302325581395349,0.037209302325581395
0.02787878787878788,0.6162109375,1.712890625,0.0,0.0,0.0,0.025,0.009302325581395349,0.009302325581395349,0.009302325581395349,0.05,0.0,0.0,0.27499999999999997,0.009302325581395349,0.009302325581395349,0.037209302325581395
0.029090909090909094,0.64208984375,1.7509765625,0.0,0.0,0.0,0.025,0.009302325581395349,0.009302325581395349,0.009302325581395349,0.05,0.0,0.0,0.27499999999999997,0.009302325581395349,0.009302325581395349,0.046511627906976744
0.030303030303030304,0.66943359375,1.794921875,0.0,0.0,0.0,0.025,0.009302325581395349,0.009302325581395349,0.009302325581395349,0.05,0.0,0.0,0.3,0.009302325581395349,0.009302325581395349,0.046511627906976744
0.03151515151515152,0.69580078125,1.8310546875,0.0,0.0,0.0,0.025,0.009302325581395349,0.009302325581395349,0.009302325581395349,0.05,0.0,0.0,0.3,0.009302325581395349,0.018604651162790697,0.046511627906976744
0.03272727272727273,0.7216796875,1.8671875,0.0,0.0,0.0,0.025,0.009302325581395349,0.009302325581395349,0.009302325581395349,0.05,0.0,0.0,0.3,0.018604651162790697,0.018604651162790697,0.046511627906976744
0.03393939393939394,0.74658203125,1.900390625,0.0,0.0,0.0,0.025,0.009302325581395349,0.009302325581395349,0.009302325581395349,0.05,0.0,0.0,0.3,0.018604651162790697,0.018604651162790697,0.05581395348837209
0.035151515151515156,0.77099609375,1.939453125,0.0,0.0,0.0,0.025,0.009302325581395349,0.009302325581395349,0.009302325581395349,0.07500000000000001,0.0,0.0,0.3,0.018604651162790697,0.018604651162790697,0.05581395348837209
0.03636363636363637,0.79443359375,1.9736328125,0.0,0.0,0.0,0.025,0.009302325581395349,0.009302325581395349,0.009302325581395349,0.1,0.0,0.0,0.3,0.018604651162790697,0.018604651162790697,0.05581395348837209
0.037575757575757575,0.818359375,2.0078125,0.0,0.0,0.0,0.025,0.009302325581395349,0.009302325581395349,0.009302325581395349,0.1,0.0,0.0,0.3,0.018604651162790697,0.027906976744186046,0.05581395348837209
0.03878787878787879,0.841796875,2.046875,0.0,0.0,0.0,0.025,0.009302325581395349,0.009302325581395349,0.009302325581395349,0.1,0.0,0.0,0.325,0.018604651162790697,0.027906976744186046,0.05581395348837209
0.04,0.86474609375,2.078125,0.0,0.0,0.0,0.025,0.009302325581395349,0.009302325581395349,0.009302325581395349,0.1,0.0,0.0,0.325,0.027906976744186046,0.027906976744186046,0.05581395348837209
0.041212121212121214,0.8876953125,2.115234375,0.0,0.0,0.0,0.025,0.009302325581395349,0.009302325581395349,0.009302325581395349,0.1,0.0,0.0,0.35000000000000003,0.027906976744186046,0.027906976744186046,0.05581395348837209
0.04242424242424243,0.91064453125,2.15234375,0.0,0.0,0.0,0.05,0.009302325581395349,0.009302325581395349,0.009302325581395349,0.1,0.0,0.0,0.35000000000000003,0.027906976744186046,0.027906976744186046,0.05581395348837209
0.04363636363636363,0.93359375,2.18359375,0.0,0.0,0.0,0.05,0.009302325581395349,0.009302325581395349,0.009302325581395349,0.1,0.0,0.0,0.35000000000000003,0.027906976744186046,0.027906976744186046,0.06511627906976744
0.04484848484848485,0.9560546875,2.220703125,0.0,0.0,0.0,0.05,0.009302325581395349,0.009302325581395349,0.009302325581395349,0.125,0.0,0.0,0.35000000000000003,0.027906976744186046,0.027906976744186046,0.06511627906976744
0.04606060606060606,0.978515625,2.25390625,0.0,0.0,0.0,0.05,0.009302325581395349,0.009302325581395349,0.009302325581395349,0.125,0.0,0.0,0.37500000000000006,0.027906976744186046,0.027906976744186046,0.06511627906976744
0.04727272727272728,1.0009765625,2.28125,0.0,0.0,0.0,0.05,0.009302325581395349,0.009302325581395349,0.009302325581395349,0.125,0.0,0.0,0.4000000000000001,0.027906976744186046,0.027906976744186046,0.06511627906976744
0.048484848484848485,1.0244140625,2.314453125,0.0,0.0,0.0,0.05,0.009302325581395349,0.009302325581395349,0.009302325581395349,0.15,0.0,0.0,0.4000000000000001,0.027906976744186046,0.027906976744186046,0.06511627906976744
0.04969696969696969,1.046875,2.349609375,0.0,0.0,0.0,0.05,0.009302325581395349,0.009302325581395349,0.009302325581395349,0.15,0.0,0.0,0.4000000000000001,0.027906976744186046,0.027906976744186046,0.07441860465116279
0.05090909090909091,1.0693359375,2.3828125,0.0,0.0,0.0,0.05,0.009302325581395349,0.009302325581395349,0.009302325581395349,0.15,0.0,0.0,0.4250000000000001,0.027906976744186046,0.027906976744186046,0.07441860465116279
0.05212121212121213,1.091796875,2.4140625,0.0,0.0,0.0,0.05,0.009302325581395349,0.009302325581395349,0.009302325581395349,0.15,0.0,0.0,0.4250000000000001,0.027906976744186046,0.037209302325581395,0.07441860465116279
0.05333333333333334,1.1142578125,2.4453125,0.0,0.0,0.0,0.05,0.009302325581395349,0.009302325581395349,0.009302325581395349,0.175,0.0,0.0,0.4250000000000001,0.027906976744186046,0.037209302325581395,0.07441860465116279
0.05454545454545454,1.13671875,2.4765625,0.0,0.0,0.0,0.07500000000000001,0.009302325581395349,0.009302325581395349,0.009302325581395349,0.175,0.0,0.0,0.4250000000000001,0.027906976744186046,0.037209302325581395,0.07441860465116279
0.055757575757575756,1.158203125,2.5078125,0.0,0.0,0.0,0.07500000000000001,0.009302325581395349,0.009302325581395349,0.009302325581395349,0.175,0.0,0.0,0.4250000000000001,0.037209302325581395,0.037209302325581395,0.07441860465116279
0.05696969696969697,1.1796875,2.541015625,0.0,0.0,0.0,0.07500000000000001,0.009302325581395349,0.009302325581395349,0.009302325581395349,0.175,0.0,0.0,0.4250000000000001,0.037209302325581395,0.037209302325581395,0.08372093023255814
0.05818181818181819,1.201171875,2.576171875,0.0,0.0,0.0,0.07500000000000001,0.009302325581395349,0.009302325581395349,0.009302325581395349,0.175,0.0,0.0,0.4500000000000001,0.037209302325581395,0.037209302325581395,0.08372093023255814
0.0593939393939394,1.2236328125,2.609375,0.0,0.0,0.0,0.07500000000000001,0.009302325581395349,0.009302325581395349,0.018604651162790697,0.175,0.0,0.0,0.4500000000000001,0.037209302325581395,0.037209302325581395,0.08372093023255814
0.060606060606060615,1.24609375,2.640625,0.0,0.0,0.0,0.07500000000000001,0.009302325581395349,0.009302325581395349,0.018604651162790697,0.19999999999999998,0.0,0.0,0.4500000000000001,0.037209302325581395,0.037209302325581395,0.08372093023255814
0.06181818181818183,1.2685546875,2.671875,0.0,0.0,0.0,0.07500000000000001,0.009302325581395349,0.009302325581395349,0.018604651162790697,0.19999999999999998,0.0,0.0,0.47500000000000014,0.037209302325581395,0.037209302325581395,0.08372093023255814
0.06303030303030303,1.2900390625,2.70703125,0.0,0.0,0.0,0.07500000000000001,0.009302325581395349,0.009302325581395349,0.018604651162790697,0.19999999999999998,0.0,0.0,0.47500000000000014,0.037209302325581395,0.037209302325581395,0.09302325581395349
0.06424242424242425,1.3125,2.734375,0.0,0.0,0.0,0.07500000000000001,0.009302325581395349,0.009302325581395349,0.018604651162790697,0.19999999999999998,0.0,0.0,0.47500000000000014,0.037209302325581395,0.037209302325581395,0.10232558139534884
0.06545454545454546,1.3349609375,2.76171875,0.0,0.0,0.0,0.07500000000000001,0.009302325581395349,0.009302325581395349,0.018604651162790697,0.22499999999999998,0.0,0.0,0.47500000000000014,0.037209302325581395,0.037209302325581395,0.10232558139534884
0.0666666666666667,1.357421875,2.79296875,0.0,0.0,0.0,0.1,0.009302325581395349,0.009302325581395349,0.018604651162790697,0.22499999999999998,0.0,0.0,0.47500000000000014,0.037209302325581395,0.037209302325581395,0.10232558139534884
0.0678787878787879,1.37890625,2.822265625,0.0,0.0,0.0,0.1,0.009302325581395349,0.009302325581395349,0.027906976744186046,0.22499999999999998,0.0,0.0,0.47500000000000014,0.037209302325581395,0.037209302325581395,0.10232558139534884
0.0690909090909091,1.400390625,2.85546875,0.0,0.0,0.0,0.1,0.009302325581395349,0.009302325581395349,0.027906976744186046,0.22499999999999998,0.0,0.0,0.47500000000000014,0.046511627906976744,0.037209302325581395,0.10232558139534884
0.07030303030303031,1.421875,2.88671875,0.0,0.0,0.0,0.1,0.009302325581395349,0.009302325581395349,0.027906976744186046,0.22499999999999998,0.0,0.0,0.5000000000000001,0.046511627906976744,0.037209302325581395,0.10232558139534884
0.07151515151515152,1.443359375,2.91796875,0.0,0.0,0.0,0.1,0.009302325581395349,0.009302325581395349,0.027906976744186046,0.22499999999999998,0.0,0.0,0.5000000000000001,0.046511627906976744,0.046511627906976744,0.10232558139534884
0.07272727272727272,1.46484375,2.947265625,0.0,0.0,0.0,0.125,0.009302325581395349,0.009302325581395349,0.027906976744186046,0.22499999999999998,0.0,0.0,0.5000000000000001,0.046511627906976744,0.046511627906976744,0.10232558139534884
0.07393939393939394,1.486328125,2.9765625,0.0,0.0,0.0,0.125,0.009302325581395349,0.009302325581395349,0.027906976744186046,0.22499999999999998,0.0,0.0,0.5000000000000001,0.046511627906976744,0.046511627906976744,0.11162790697674418
0.07515151515151515,1.5078125,3.005859375,0.0,0.0,0.0,0.125,0.009302325581395349,0.009302325581395349,0.027906976744186046,0.24999999999999997,0.0,0.0,0.5000000000000001,0.046511627906976744,0.046511627906976744,0.11162790697674418
0.07636363636363637,1.529296875,3.037109375,0.0,0.0,0.0,0.125,0.009302325581395349,0.009302325581395349,0.027906976744186046,0.24999999999999997,0.0,0.0,0.5250000000000001,0.046511627906976744,0.046511627906976744,0.11162790697674418
0.07757575757575758,1.55078125,3.068359375,0.0,0.0,0.0,0.125,0.009302325581395349,0.009302325581395349,0.027906976744186046,0.24999999999999997,0.0,0.0,0.5250000000000001,0.046511627906976744,0.05581395348837209,0.11162790697674418
0.07878787878787878,1.572265625,3.1015625,0.0,0.0,0.0,0.125,0.009302325581395349,0.009302325581395349,0.027906976744186046,0.24999999999999997,0.0,0.0,0.5250000000000001,0.046511627906976744,0.05581395348837209,0.12093023255813953
0.08,1.59375,3.130859375,0.0,0.0,0.0,0.15,0.009302325581395349,0.009302325581395349,0.027906976744186046,0.24999999999999997,0.0,0.0,0.5250000000000001,0.046511627906976744,0.05581395348837209,0.12093023255813953
0.08121212121212121,1.615234375,3.1640625,0.0,0.0,0.0,0.15,0.009302325581395349,0.009302325581395349,0.027906976744186046,0.24999999999999997,0.0,0.0,0.5250000000000001,0.05581395348837209,0.05581395348837209,0.12093023255813953
0.08242424242424243,1.63671875,3.1953125,0.0,0.0,0.0,0.15,0.009302325581395349,0.009302325581395349,0.027906976744186046,0.27499999999999997,0.0,0.0,0.5250000000000001,0.05581395348837209,0.05581395348837209,0.12093023255813953
0.08363636363636365,1.658203125,3.22265625,0.0,0.0,0.0,0.15,0.009302325581395349,0.009302325581395349,0.027906976744186046,0.27499999999999997,0.0,0.0,0.5250000000000001,0.05581395348837209,0.05581395348837209,0.13023255813953488
0.08484848484848485,1.6806640625,3.251953125,0.0,0.0,0.0,0.175,0.009302325581395349,0.009302325581395349,0.027906976744186046,0.27499999999999997,0.0,0.0,0.5250000000000001,0.05581395348837209,0.05581395348837209,0.13023255813953488
0.08606060606060606,1.7021484375,3.283203125,0.0,0.0,0.0,0.175,0.009302325581395349,0.009302325581395349,0.027906976744186046,0.27499999999999997,0.0,0.0,0.5500000000000002,0.05581395348837209,0.05581395348837209,0.13023255813953488
0.08727272727272727,1.7236328125,3.310546875,0.0,0.0,0.0,0.175,0.009302325581395349,0.009302325581395349,0.027906976744186046,0.27499999999999997,0.0,0.0,0.5500000000000002,0.06511627906976744,0.05581395348837209,0.13023255813953488
0.08848484848484849,1.7451171875,3.341796875,0.0,0.0,0.0,0.175,0.009302325581395349,0.009302325581395349,0.027906976744186046,0.27499999999999997,0.0,0.0,0.5500000000000002,0.06511627906976744,0.05581395348837209,0.13953488372093023
0.0896969696969697,1.7666015625,3.37109375,0.0,0.0,0.0,0.175,0.009302325581395349,0.009302325581395349,0.027906976744186046,0.27499999999999997,0.0,0.0,0.5500000000000002,0.06511627906976744,0.06511627906976744,0.13953488372093023
0.09090909090909091,1.7880859375,3.404296875,0.0,0.0,0.0,0.175,0.009302325581395349,0.009302325581395349,0.027906976744186046,0.27499999999999997,0.0,0.0,0.5500000000000002,0.06511627906976744,0.06511627906976744,0.14883720930232558
0.09212121212121213,1.8095703125,3.43359375,0.0,0.0,0.0,0.175,0.009302325581395349,0.009302325581395349,0.027906976744186046,0.3,0.0,0.0,0.5500000000000002,0.06511627906976744,0.06511627906976744,0.14883720930232558
0.09333333333333335,1.83203125,3.458984375,0.0,0.0,0.0,0.19999999999999998,0.009302325581395349,0.009302325581395349,0.027906976744186046,0.3,0.0,0.0,0.5500000000000002,0.06511627906976744,0.06511627906976744,0.14883720930232558
0.09454545454545456,1.853515625,3.490234375,0.0,0.0,0.0,0.19999999999999998,0.009302325581395349,0.009302325581395349,0.037209302325581395,0.3,0.0,0.0,0.5500000000000002,0.06511627906976744,0.06511627906976744,0.14883720930232558
0.09575757575757576,1.875,3.51953125,0.0,0.0,0.0,0.19999999999999998,0.009302325581395349,0.009302325581395349,0.037209302325581395,0.325,0.0,0.0,0.5500000000000002,0.06511627906976744,0.06511627906976744,0.14883720930232558
0.096969696969697,1.896484375,3.546875,0.0,0.0,0.0,0.19999999999999998,0.009302325581395349,0.009302325581395349,0.037209302325581395,0.325,0.0,0.0,0.5750000000000002,0.06511627906976744,0.06511627906976744,0.14883720930232558
0.0981818181818182,1.91796875,3.578125,0.0,0.0,0.0,0.19999999999999998,0.009302325581395349,0.009302325581395349,0.037209302325581395,0.325,0.0,0.0,0.5750000000000002,0.07441860465116279,0.06511627906976744,0.14883720930232558
0.09939393939393941,1.9384765625,3.609375,0.0,0.0,0.0,0.19999999999999998,0.009302325581395349,0.009302325581395349,0.037209302325581395,0.325,0.0,0.0,0.5750000000000002,0.07441860465116279,0.07441860465116279,0.14883720930232558
0.10060606060606062,1.958984375,3.640625,0.0,0.0,0.0,0.19999999999999998,0.009302325581395349,0.009302325581395349,0.037209302325581395,0.325,0.0,0.0,0.5750000000000002,0.07441860465116279,0.07441860465116279,0.15813953488372093
0.10181818181818182,1.98046875,3.669921875,0.0,0.0,0.0,0.22499999999999998,0.009302325581395349,0.009302325581395349,0.037209302325581395,0.325,0.0,0.0,0.5750000000000002,0.07441860465116279,0.07441860465116279,0.15813953488372093
0.10303030303030303,2.001953125,3.69921875,0.0,0.0,0.0,0.22499999999999998,0.009302325581395349,0.009302325581395349,0.037209302325581395,0.35000000000000003,0.0,0.0,0.5750000000000002,0.07441860465116279,0.07441860465116279,0.15813953488372093
0.10424242424242423,2.0234375,3.724609375,0.0,0.0,0.0,0.24999999999999997,0.009302325581395349,0.009302325581395349,0.037209302325581395,0.35000000000000003,0.0,0.0,0.5750000000000002,0.07441860465116279,0.07441860465116279,0.15813953488372093
0.10545454545454547,2.044921875,3.75390625,0.0,0.0,0.0,0.24999999999999997,0.009302325581395349,0.009302325581395349,0.037209302325581395,0.35000000000000003,0.0,0.0,0.5750000000000002,0.07441860465116279,0.07441860465116279,0.16744186046511628
0.10666666666666667,2.06640625,3.78515625,0.0,0.0,0.0,0.24999999999999997,0.009302325581395349,0.009302325581395349,0.037209302325581395,0.35000000000000003,0.0,0.0,0.6000000000000002,0.07441860465116279,0.07441860465116279,0.16744186046511628
0.10787878787878791,2.087890625,3.814453125,0.0,0.0,0.0,0.24999999999999997,0.009302325581395349,0.009302325581395349,0.037209302325581395,0.37500000000000006,0.0,0.0,0.6000000000000002,0.07441860465116279,0.07441860465116279,0.16744186046511628
0.10909090909090911,2.109375,3.83984375,0.0,0.0,0.0,0.24999999999999997,0.009302325581395349,0.009302325581395349,0.037209302325581395,0.37500000000000006,0.0,0.0,0.6000000000000002,0.08372093023255814,0.07441860465116279,0.16744186046511628
0.11030303030303032,2.130859375,3.87109375,0.0,0.0,0.0,0.27499999999999997,0.009302325581395349,0.009302325581395349,0.037209302325581395,0.37500000000000006,0.0,0.0,0.6000000000000002,0.08372093023255814,0.07441860465116279,0.16744186046511628
0.11151515151515153,2.15234375,3.900390625,0.0,0.0,0.0,0.27499999999999997,0.009302325581395349,0.009302325581395349,0.037209302325581395,0.37500000000000006,0.0,0.0,0.6000000000000002,0.09302325581395349,0.07441860465116279,0.16744186046511628
0.11272727272727276,2.173828125,3.92578125,0.0,0.0,0.0,0.27499999999999997,0.009302325581395349,0.009302325581395349,0.037209302325581395,0.37500000000000006,0.0,0.0,0.6000000000000002,0.09302325581395349,0.08372093023255814,0.16744186046511628
0.11393939393939397,2.193359375,3.95703125,0.0,0.0,0.0,0.27499999999999997,0.009302325581395349,0.009302325581395349,0.037209302325581395,0.37500000000000006,0.0,0.0,0.6000000000000002,0.09302325581395349,0.08372093023255814,0.17674418604651163
0.11515151515151517,2.21484375,3.990234375,0.0,0.0,0.0,0.27499999999999997,0.009302325581395349,0.009302325581395349,0.046511627906976744,0.37500000000000006,0.0,0.0,0.6000000000000002,0.09302325581395349,0.08372093023255814,0.17674418604651163
0.11636363636363638,2.236328125,4.015625,0.0,0.0,0.0,0.27499999999999997,0.009302325581395349,0.009302325581395349,0.046511627906976744,0.37500000000000006,0.0,0.0,0.6000000000000002,0.09302325581395349,0.09302325581395349,0.17674418604651163
0.11757575757575758,2.2578125,4.046875,0.0,0.0,0.0,0.27499999999999997,0.009302325581395349,0.009302325581395349,0.046511627906976744,0.37500000000000006,0.0,0.0,0.6250000000000002,0.09302325581395349,0.09302325581395349,0.17674418604651163
0.1187878787878788,2.279296875,4.07421875,0.0,0.0,0.0,0.27499999999999997,0.009302325581395349,0.009302325581395349,0.046511627906976744,0.37500000000000006,0.0,0.0,0.6250000000000002,0.09302325581395349,0.09302325581395349,0.18604651162790697
0.12000000000000002,2.30078125,4.10546875,0.0,0.0,0.0,0.3,0.009302325581395349,0.009302325581395349,0.046511627906976744,0.37500000000000006,0.0,0.0,0.6250000000000002,0.09302325581395349,0.09302325581395349,0.18604651162790697
0.12121212121212123,2.322265625,4.13671875,0.0,0.0,0.0,0.3,0.009302325581395349,0.009302325581395349,0.046511627906976744,0.37500000000000006,0.0,0.0,0.6250000000000002,0.10232558139534884,0.09302325581395349,0.18604651162790697
0.12242424242424244,2.34375,4.1640625,0.0,0.0,0.0,0.3,0.009302325581395349,0.009302325581395349,0.046511627906976744,0.37500000000000006,0.0,0.0,0.6250000000000002,0.11162790697674418,0.09302325581395349,0.18604651162790697
0.12363636363636366,2.365234375,4.19140625,0.0,0.0,0.0,0.3,0.009302325581395349,0.009302325581395349,0.046511627906976744,0.37500000000000006,0.0,0.0,0.6250000000000002,0.11162790697674418,0.10232558139534884,0.18604651162790697
0.12484848484848486,2.384765625,4.21875,0.0,0.0,0.0,0.3,0.009302325581395349,0.009302325581395349,0.046511627906976744,0.37500000000000006,0.0,0.0,0.6250000000000002,0.11162790697674418,0.10232558139534884,0.19534883720930232
0.1260606060606061,2.40625,4.24609375,0.0,0.0,0.0,0.3,0.009302325581395349,0.009302325581395349,0.046511627906976744,0.4000000000000001,0.0,0.0,0.6250000000000002,0.11162790697674418,0.10232558139534884,0.19534883720930232
0.1272727272727273,2.427734375,4.2734375,0.0,0.0,0.0,0.3,0.009302325581395349,0.009302325581395349,0.046511627906976744,0.4000000000000001,0.0,0.0,0.6250000000000002,0.11162790697674418,0.11162790697674418,0.19534883720930232
0.1284848484848485,2.44921875,4.3046875,0.0,0.0,0.0,0.325,0.009302325581395349,0.009302325581395349,0.046511627906976744,0.4000000000000001,0.0,0.0,0.6250000000000002,0.11162790697674418,0.11162790697674418,0.19534883720930232
0.1296969696969697,2.470703125,4.33203125,0.0,0.0,0.0,0.325,0.009302325581395349,0.009302325581395349,0.05581395348837209,0.4000000000000001,0.0,0.0,0.6250000000000002,0.11162790697674418,0.11162790697674418,0.19534883720930232
0.13090909090909092,2.4921875,4.359375,0.0,0.0,0.0,0.325,0.009302325581395349,0.009302325581395349,0.05581395348837209,0.4250000000000001,0.0,0.0,0.6250000000000002,0.11162790697674418,0.11162790697674418,0.19534883720930232
0.13212121212121214,2.513671875,4.390625,0.0,0.0,0.0,0.325,0.009302325581395349,0.009302325581395349,0.05581395348837209,0.4250000000000001,0.0,0.0,0.6250000000000002,0.11162790697674418,0.11162790697674418,0.20465116279069767
0.13333333333333333,2.533203125,4.4140625,0.0,0.0,0.0,0.325,0.009302325581395349,0.009302325581395349,0.05581395348837209,0.4250000000000001,0.0,0.0,0.6250000000000002,0.11162790697674418,0.11162790697674418,0.21395348837209302
0.13454545454545455,2.5546875,4.4453125,0.0,0.0,0.0,0.35000000000000003,0.009302325581395349,0.009302325581395349,0.05581395348837209,0.4250000000000001,0.0,0.0,0.6250000000000002,0.11162790697674418,0.11162790697674418,0.21395348837209302
0.13575757575757574,2.576171875,4.46875,0.0,0.0,0.0,0.35000000000000003,0.009302325581395349,0.009302325581395349,0.05581395348837209,0.4250000000000001,0.0,0.0,0.6250000000000002,0.12093023255813953,0.11162790697674418,0.21395348837209302
0.136969696969697,2.595703125,4.49609375,0.0,0.0,0.0,0.35000000000000003,0.009302325581395349,0.009302325581395349,0.05581395348837209,0.4250000000000001,0.0,0.0,0.6250000000000002,0.12093023255813953,0.11162790697674418,0.22325581395348837
0.13818181818181818,2.6171875,4.52734375,0.0,0.0,0.0,0.35000000000000003,0.009302325581395349,0.009302325581395349,0.05581395348837209,0.4250000000000001,0.0,0.0,0.6250000000000002,0.13023255813953488,0.11162790697674418,0.22325581395348837
0.1393939393939394,2.638671875,4.5546875,0.0,0.0,0.0,0.35000000000000003,0.009302325581395349,0.009302325581395349,0.05581395348837209,0.4250000000000001,0.0,0.0,0.6500000000000002,0.13023255813953488,0.11162790697674418,0.22325581395348837
0.14060606060606065,2.66015625,4.58203125,0.0,0.0,0.0,0.35000000000000003,0.009302325581395349,0.009302325581395349,0.05581395348837209,0.4250000000000001,0.0,0.0,0.6500000000000002,0.13023255813953488,0.12093023255813953,0.22325581395348837
0.14181818181818184,2.6796875,4.61328125,0.0,0.0,0.0,0.35000000000000003,0.009302325581395349,0.009302325581395349,0.05581395348837209,0.4250000000000001,0.0,0.0,0.6500000000000002,0.13023255813953488,0.13023255813953488,0.22325581395348837
0.14303030303030306,2.701171875,4.640625,0.0,0.0,0.0,0.37500000000000006,0.009302325581395349,0.009302325581395349,0.05581395348837209,0.4250000000000001,0.0,0.0,0.6500000000000002,0.13023255813953488,0.13023255813953488,0.22325581395348837
0.14424242424242426,2.72265625,4.66796875,0.0,0.0,0.0,0.37500000000000006,0.009302325581395349,0.009302325581395349,0.05581395348837209,0.4500000000000001,0.0,0.0,0.6500000000000002,0.13023255813953488,0.13023255813953488,0.22325581395348837
0.14545454545454548,2.744140625,4.6953125,0.0,0.0,0.0,0.37500000000000006,0.009302325581395349,0.009302325581395349,0.05581395348837209,0.4500000000000001,0.0,0.0,0.6500000000000002,0.13953488372093023,0.13023255813953488,0.22325581395348837
0.1466666666666667,2.765625,4.7265625,0.0,0.0,0.0,0.37500000000000006,0.009302325581395349,0.009302325581395349,0.05581395348837209,0.4500000000000001,0.0,0.0,0.6500000000000002,0.13953488372093023,0.13953488372093023,0.22325581395348837
0.1478787878787879,2.787109375,4.75390625,0.0,0.0,0.0,0.37500000000000006,0.009302325581395349,0.009302325581395349,0.05581395348837209,0.4500000000000001,0.0,0.0,0.6500000000000002,0.13953488372093023,0.13953488372093023,0.23255813953488372
0.1490909090909091,2.806640625,4.78125,0.0,0.0,0.0,0.37500000000000006,0.009302325581395349,0.009302325581395349,0.05581395348837209,0.4500000000000001,0.0,0.0,0.6500000000000002,0.13953488372093023,0.13953488372093023,0.24186046511627907
0.15030303030303033,2.826171875,4.8125,0.0,0.0,0.0,0.37500000000000006,0.009302325581395349,0.009302325581395349,0.05581395348837209,0.4500000000000001,0.0,0.0,0.6500000000000002,0.13953488372093023,0.13953488372093023,0.25116279069767444
0.15151515151515155,2.84765625,4.83984375,0.0,0.0,0.0,0.4000000000000001,0.009302325581395349,0.009302325581395349,0.05581395348837209,0.4500000000000001,0.0,0.0,0.6500000000000002,0.13953488372093023,0.13953488372093023,0.25116279069767444
0.15272727272727274,2.869140625,4.87109375,0.0,0.0,0.0,0.4000000000000001,0.009302325581395349,0.009302325581395349,0.06511627906976744,0.4500000000000001,0.0,0.0,0.6500000000000002,0.13953488372093023,0.13953488372093023,0.25116279069767444
0.153939393939394,2.890625,4.89453125,0.0,0.0,0.0,0.4000000000000001,0.009302325581395349,0.009302325581395349,0.06511627906976744,0.47500000000000014,0.0,0.0,0.6500000000000002,0.13953488372093023,0.13953488372093023,0.25116279069767444
0.15515151515151515,2.912109375,4.921875,0.0,0.0,0.0,0.4000000000000001,0.009302325581395349,0.009302325581395349,0.06511627906976744,0.47500000000000014,0.0,0.0,0.6500000000000002,0.14883720930232558,0.13953488372093023,0.25116279069767444
0.1563636363636364,2.93359375,4.94921875,0.0,0.0,0.0,0.4250000000000001,0.009302325581395349,0.009302325581395349,0.06511627906976744,0.47500000000000014,0.0,0.0,0.6500000000000002,0.14883720930232558,0.13953488372093023,0.25116279069767444
0.15757575757575756,2.955078125,4.97265625,0.0,0.0,0.0,0.4250000000000001,0.009302325581395349,0.009302325581395349,0.06511627906976744,0.47500000000000014,0.0,0.0,0.6500000000000002,0.15813953488372093,0.13953488372093023,0.25116279069767444
0.1587878787878788,2.974609375,5.0078125,0.0,0.0,0.0,0.4250000000000001,0.009302325581395349,0.009302325581395349,0.06511627906976744,0.47500000000000014,0.0,0.0,0.6500000000000002,0.15813953488372093,0.14883720930232558,0.25116279069767444
0.16000000000000003,2.99609375,5.03515625,0.0,0.0,0.0,0.4250000000000001,0.009302325581395349,0.009302325581395349,0.06511627906976744,0.5000000000000001,0.0,0.0,0.6500000000000002,0.15813953488372093,0.14883720930232558,0.25116279069767444
0.16121212121212125,3.017578125,5.05859375,0.0,0.0,0.0,0.4250000000000001,0.009302325581395349,0.009302325581395349,0.06511627906976744,0.5000000000000001,0.0,0.0,0.6500000000000002,0.16744186046511628,0.14883720930232558,0.25116279069767444
0.16242424242424244,3.0390625,5.0859375,0.0,0.0,0.0,0.4250000000000001,0.009302325581395349,0.009302325581395349,0.06511627906976744,0.5000000000000001,0.0,0.0,0.6500000000000002,0.17674418604651163,0.14883720930232558,0.25116279069767444
0.1636363636363637,3.060546875,5.1171875,0.0,0.0,0.0,0.4250000000000001,0.009302325581395349,0.009302325581395349,0.06511627906976744,0.5000000000000001,0.0,0.0,0.6500000000000002,0.17674418604651163,0.15813953488372093,0.25116279069767444
0.1648484848484849,3.080078125,5.140625,0.0,0.0,0.0,0.4250000000000001,0.009302325581395349,0.009302325581395349,0.06511627906976744,0.5000000000000001,0.0,0.0,0.6500000000000002,0.17674418604651163,0.16744186046511628,0.25116279069767444
0.1660606060606061,3.099609375,5.171875,0.0,0.0,0.0,0.4250000000000001,0.009302325581395349,0.009302325581395349,0.06511627906976744,0.5000000000000001,0.0,0.0,0.6500000000000002,0.17674418604651163,0.16744186046511628,0.26046511627906976
0.16727272727272732,3.12109375,5.1953125,0.0,0.0,0.0,0.4250000000000001,0.009302325581395349,0.009302325581395349,0.06511627906976744,0.5000000000000001,0.0,0.0,0.6500000000000002,0.17674418604651163,0.17674418604651163,0.26046511627906976
0.16848484848484852,3.142578125,5.2265625,0.0,0.0,0.0,0.4500000000000001,0.009302325581395349,0.009302325581395349,0.06511627906976744,0.5000000000000001,0.0,0.0,0.6500000000000002,0.17674418604651163,0.17674418604651163,0.26046511627906976
0.16969696969696973,3.162109375,5.25390625,0.0,0.0,0.0,0.4500000000000001,0.009302325581395349,0.009302325581395349,0.06511627906976744,0.5000000000000001,0.0,0.0,0.6500000000000002,0.17674418604651163,0.17674418604651163,0.2697674418604651
0.17090909090909093,3.18359375,5.28515625,0.0,0.0,0.0,0.4500000000000001,0.009302325581395349,0.009302325581395349,0.07441860465116279,0.5000000000000001,0.0,0.0,0.6500000000000002,0.17674418604651163,0.17674418604651163,0.2697674418604651
0.17212121212121215,3.203125,5.3125,0.0,0.0,0.0,0.4500000000000001,0.009302325581395349,0.009302325581395349,0.07441860465116279,0.5000000000000001,0.0,0.0,0.6500000000000002,0.17674418604651163,0.17674418604651163,0.2790697674418604
0.17333333333333337,3.224609375,5.34375,0.0,0.0,0.0,0.4500000000000001,0.009302325581395349,0.009302325581395349,0.07441860465116279,0.5000000000000001,0.0,0.0,0.6750000000000003,0.17674418604651163,0.17674418604651163,0.2790697674418604
0.17454545454545456,3.24609375,5.3671875,0.0,0.0,0.0,0.4500000000000001,0.009302325581395349,0.009302325581395349,0.07441860465116279,0.5000000000000001,0.0,0.0,0.6750000000000003,0.18604651162790697,0.17674418604651163,0.2790697674418604
0.17575757575757578,3.267578125,5.3984375,0.0,0.0,0.0,0.4500000000000001,0.009302325581395349,0.009302325581395349,0.07441860465116279,0.5000000000000001,0.0,0.0,0.6750000000000003,0.19534883720930232,0.17674418604651163,0.2790697674418604
0.176969696969697,3.2890625,5.42578125,0.0,0.0,0.0,0.47500000000000014,0.009302325581395349,0.009302325581395349,0.07441860465116279,0.5000000000000001,0.0,0.0,0.6750000000000003,0.19534883720930232,0.17674418604651163,0.2790697674418604
0.17818181818181822,3.310546875,5.44921875,0.0,0.0,0.0,0.47500000000000014,0.009302325581395349,0.009302325581395349,0.07441860465116279,0.5250000000000001,0.0,0.0,0.6750000000000003,0.19534883720930232,0.17674418604651163,0.2790697674418604
0.1793939393939394,3.33203125,5.4765625,0.0,0.0,0.0,0.47500000000000014,0.009302325581395349,0.009302325581395349,0.07441860465116279,0.5250000000000001,0.0,0.0,0.6750000000000003,0.19534883720930232,0.18604651162790697,0.2790697674418604
0.18060606060606063,3.3515625,5.5078125,0.0,0.0,0.0,0.47500000000000014,0.009302325581395349,0.009302325581395349,0.07441860465116279,0.5250000000000001,0.0,0.0,0.6750000000000003,0.19534883720930232,0.19534883720930232,0.2790697674418604
0.18181818181818185,3.373046875,5.52734375,0.0,0.0,0.0,0.47500000000000014,0.009302325581395349,0.009302325581395349,0.07441860465116279,0.5250000000000001,0.0,0.0,0.6750000000000003,0.19534883720930232,0.19534883720930232,0.2883720930232557
0.18303030303030304,3.392578125,5.55859375,0.0,0.0,0.0,0.47500000000000014,0.009302325581395349,0.009302325581395349,0.07441860465116279,0.5250000000000001,0.0,0.0,0.6750000000000003,0.19534883720930232,0.19534883720930232,0.29767441860465105
0.18424242424242426,3.4140625,5.58203125,0.0,0.0,0.0,0.5000000000000001,0.009302325581395349,0.009302325581395349,0.07441860465116279,0.5250000000000001,0.0,0.0,0.6750000000000003,0.19534883720930232,0.19534883720930232,0.29767441860465105
0.18545454545454546,3.435546875,5.609375,0.0,0.0,0.0,0.5000000000000001,0.018604651162790697,0.009302325581395349,0.07441860465116279,0.5250000000000001,0.0,0.0,0.6750000000000003,0.19534883720930232,0.19534883720930232,0.29767441860465105
0.18666666666666668,3.45703125,5.640625,0.0,0.0,0.0,0.5000000000000001,0.027906976744186046,0.009302325581395349,0.07441860465116279,0.5250000000000001,0.0,0.0,0.6750000000000003,0.19534883720930232,0.19534883720930232,0.29767441860465105
0.18787878787878787,3.478515625,5.6640625,0.0,0.0,0.0,0.5000000000000001,0.027906976744186046,0.018604651162790697,0.07441860465116279,0.5250000000000001,0.0,0.0,0.6750000000000003,0.19534883720930232,0.19534883720930232,0.29767441860465105
0.18909090909090912,3.498046875,5.69140625,0.0,0.0,0.0,0.5000000000000001,0.027906976744186046,0.027906976744186046,0.07441860465116279,0.5250000000000001,0.0,0.0,0.6750000000000003,0.19534883720930232,0.19534883720930232,0.29767441860465105
0.1903030303030303,3.517578125,5.72265625,0.0,0.0,0.0,0.5000000000000001,0.027906976744186046,0.027906976744186046,0.07441860465116279,0.5250000000000001,0.0,0.0,0.6750000000000003,0.19534883720930232,0.19534883720930232,0.30697674418604637
0.1915151515151515,3.5390625,5.75,0.0,0.0,0.0,0.5000000000000001,0.027906976744186046,0.027906976744186046,0.08372093023255814,0.5250000000000001,0.0,0.0,0.6750000000000003,0.19534883720930232,0.19534883720930232,0.30697674418604637
0.19272727272727272,3.55859375,5.77734375,0.0,0.0,0.0,0.5000000000000001,0.027906976744186046,0.027906976744186046,0.08372093023255814,0.5250000000000001,0.0,0.0,0.6750000000000003,0.19534883720930232,0.19534883720930232,0.3162790697674417
0.19393939393939394,3.580078125,5.8046875,0.0,0.0,0.0,0.5000000000000001,0.027906976744186046,0.027906976744186046,0.08372093023255814,0.5500000000000002,0.0,0.0,0.6750000000000003,0.19534883720930232,0.19534883720930232,0.3162790697674417
0.19515151515151513,3.6015625,5.8359375,0.0,0.0,0.0,0.5000000000000001,0.027906976744186046,0.027906976744186046,0.08372093023255814,0.5500000000000002,0.0,0.0,0.6750000000000003,0.20465116279069767,0.19534883720930232,0.3162790697674417
0.19636363636363635,3.623046875,5.859375,0.0,0.0,0.0,0.5000000000000001,0.027906976744186046,0.027906976744186046,0.08372093023255814,0.5500000000000002,0.0,0.0,0.7000000000000003,0.20465116279069767,0.19534883720930232,0.3162790697674417
0.19757575757575754,3.64453125,5.88671875,0.0,0.0,0.0,0.5000000000000001,0.027906976744186046,0.027906976744186046,0.08372093023255814,0.5500000000000002,0.0,0.0,0.7000000000000003,0.21395348837209302,0.19534883720930232,0.3162790697674417
0.19878787878787876,3.6640625,5.9140625,0.0,0.0,0.0,0.5000000000000001,0.027906976744186046,0.027906976744186046,0.08372093023255814,0.5500000000000002,0.0,0.0,0.7000000000000003,0.22325581395348837,0.19534883720930232,0.3162790697674417
0.2,3.68359375,5.94140625,0.0,0.0,0.0,0.5000000000000001,0.027906976744186046,0.027906976744186046,0.08372093023255814,0.5500000000000002,0.0,0.0,0.7000000000000003,0.22325581395348837,0.19534883720930232,0.325581395348837
0.20121212121212118,3.705078125,5.97265625,0.0,0.0,0.0,0.5250000000000001,0.027906976744186046,0.027906976744186046,0.08372093023255814,0.5500000000000002,0.0,0.0,0.7000000000000003,0.22325581395348837,0.19534883720930232,0.325581395348837
0.20242424242424242,3.7265625,6.0,0.0,0.0,0.0,0.5250000000000001,0.027906976744186046,0.027906976744186046,0.08372093023255814,0.5500000000000002,0.0,0.0,0.7000000000000003,0.22325581395348837,0.20465116279069767,0.325581395348837
0.20363636363636362,3.74609375,6.02734375,0.0,0.0,0.0,0.5250000000000001,0.027906976744186046,0.027906976744186046,0.08372093023255814,0.5500000000000002,0.0,0.0,0.7000000000000003,0.22325581395348837,0.21395348837209302,0.325581395348837
0.20484848484848484,3.765625,6.0546875,0.0,0.0,0.0,0.5250000000000001,0.027906976744186046,0.027906976744186046,0.08372093023255814,0.5500000000000002,0.0,0.0,0.7000000000000003,0.22325581395348837,0.22325581395348837,0.325581395348837
0.20606060606060606,3.78515625,6.0859375,0.0,0.0,0.0,0.5250000000000001,0.027906976744186046,0.027906976744186046,0.08372093023255814,0.5500000000000002,0.0,0.0,0.7000000000000003,0.22325581395348837,0.22325581395348837,0.33488372093023233
0.20727272727272725,3.806640625,6.11328125,0.0,0.0,0.0,0.5250000000000001,0.027906976744186046,0.037209302325581395,0.08372093023255814,0.5500000000000002,0.0,0.0,0.7000000000000003,0.22325581395348837,0.22325581395348837,0.33488372093023233
0.20848484848484847,3.828125,6.14453125,0.0,0.0,0.0,0.5250000000000001,0.027906976744186046,0.037209302325581395,0.09302325581395349,0.5500000000000002,0.0,0.0,0.7000000000000003,0.22325581395348837,0.22325581395348837,0.33488372093023233
0.20969696969696972,3.849609375,6.16796875,0.0,0.0,0.0,0.5250000000000001,0.037209302325581395,0.037209302325581395,0.09302325581395349,0.5500000000000002,0.0,0.0,0.7000000000000003,0.22325581395348837,0.22325581395348837,0.33488372093023233
0.21090909090909088,3.87109375,6.1953125,0.0,0.0,0.0,0.5250000000000001,0.037209302325581395,0.037209302325581395,0.09302325581395349,0.5750000000000002,0.0,0.0,0.7000000000000003,0.22325581395348837,0.22325581395348837,0.33488372093023233
0.21212121212121213,3.892578125,6.21875,0.0,0.0,0.0,0.5500000000000002,0.037209302325581395,0.037209302325581395,0.09302325581395349,0.5750000000000002,0.0,0.0,0.7000000000000003,0.22325581395348837,0.22325581395348837,0.33488372093023233
0.21333333333333332,3.9140625,6.25390625,0.0,0.0,0.0,0.5500000000000002,0.037209302325581395,0.037209302325581395,0.09302325581395349,0.5750000000000002,0.0,0.0,0.7000000000000003,0.23255813953488372,0.22325581395348837,0.33488372093023233
0.21454545454545454,3.93359375,6.2734375,0.0,0.0,0.0,0.5500000000000002,0.037209302325581395,0.037209302325581395,0.09302325581395349,0.5750000000000002,0.0,0.0,0.7000000000000003,0.24186046511627907,0.22325581395348837,0.33488372093023233
0.21575757575757573,3.953125,6.30859375,0.0,0.0,0.0,0.5500000000000002,0.037209302325581395,0.037209302325581395,0.09302325581395349,0.5750000000000002,0.0,0.0,0.7000000000000003,0.24186046511627907,0.22325581395348837,0.34418604651162765
0.21696969696969695,3.974609375,6.328125,0.0,0.0,0.0,0.5500000000000002,0.037209302325581395,0.037209302325581395,0.09302325581395349,0.5750000000000002,0.0,0.0,0.7000000000000003,0.25116279069767444,0.22325581395348837,0.34418604651162765
0.21818181818181817,3.994140625,6.359375,0.0,0.0,0.0,0.5500000000000002,0.037209302325581395,0.037209302325581395,0.09302325581395349,0.5750000000000002,0.0,0.0,0.7000000000000003,0.26046511627906976,0.22325581395348837,0.34418604651162765
0.21939393939393942,4.015625,6.39453125,0.0,0.0,0.0,0.5750000000000002,0.037209302325581395,0.037209302325581395,0.09302325581395349,0.5750000000000002,0.0,0.0,0.7000000000000003,0.26046511627906976,0.22325581395348837,0.34418604651162765
0.2206060606060606,4.03515625,6.41796875,0.0,0.0,0.0,0.5750000000000002,0.037209302325581395,0.037209302325581395,0.09302325581395349,0.5750000000000002,0.0,0.0,0.7000000000000003,0.26046511627906976,0.23255813953488372,0.34418604651162765
0.22181818181818183,4.0546875,6.453125,0.0,0.0,0.0,0.5750000000000002,0.037209302325581395,0.037209302325581395,0.09302325581395349,0.5750000000000002,0.0,0.0,0.7000000000000003,0.26046511627906976,0.24186046511627907,0.34418604651162765
0.22303030303030302,4.07421875,6.47265625,0.0,0.0,0.0,0.5750000000000002,0.037209302325581395,0.037209302325581395,0.09302325581395349,0.5750000000000002,0.0,0.0,0.7000000000000003,0.26046511627906976,0.25116279069767444,0.34418604651162765
0.22424242424242424,4.09375,6.5078125,0.0,0.0,0.0,0.5750000000000002,0.037209302325581395,0.037209302325581395,0.09302325581395349,0.5750000000000002,0.0,0.0,0.7000000000000003,0.26046511627906976,0.26046511627906976,0.34418604651162765
0.22545454545454544,4.1171875,6.53125,0.0,0.0,0.0,0.6000000000000002,0.037209302325581395,0.037209302325581395,0.09302325581395349,0.5750000000000002,0.0,0.0,0.7000000000000003,0.26046511627906976,0.26046511627906976,0.34418604651162765
0.22666666666666666,4.13671875,6.5546875,0.0,0.0,0.0,0.6000000000000002,0.037209302325581395,0.037209302325581395,0.10232558139534884,0.5750000000000002,0.0,0.0,0.7000000000000003,0.26046511627906976,0.26046511627906976,0.34418604651162765
0.22787878787878785,4.15625,6.5859375,0.0,0.0,0.0,0.6000000000000002,0.037209302325581395,0.037209302325581395,0.10232558139534884,0.6000000000000002,0.0,0.0,0.7000000000000003,0.26046511627906976,0.26046511627906976,0.34418604651162765
0.22909090909090907,4.17578125,6.609375,0.0,0.0,0.0,0.6000000000000002,0.037209302325581395,0.037209302325581395,0.10232558139534884,0.6000000000000002,0.0,0.0,0.7000000000000003,0.26046511627906976,0.26046511627906976,0.353488372093023
0.23030303030303031,4.1953125,6.640625,0.0,0.0,0.0,0.6000000000000002,0.037209302325581395,0.037209302325581395,0.10232558139534884,0.6000000000000002,0.0,0.0,0.7000000000000003,0.26046511627906976,0.26046511627906976,0.3627906976744183
0.23151515151515153,4.21875,6.66015625,0.0,0.0,0.0,0.6250000000000002,0.037209302325581395,0.037209302325581395,0.10232558139534884,0.6000000000000002,0.0,0.0,0.7000000000000003,0.26046511627906976,0.26046511627906976,0.3627906976744183
0.23272727272727275,4.2421875,6.69140625,0.0,0.0,0.0,0.6250000000000002,0.046511627906976744,0.037209302325581395,0.10232558139534884,0.6000000000000002,0.0,0.0,0.7000000000000003,0.26046511627906976,0.26046511627906976,0.3627906976744183
0.23393939393939395,4.26171875,6.71875,0.0,0.0,0.0,0.6250000000000002,0.046511627906976744,0.037209302325581395,0.10232558139534884,0.6000000000000002,0.0,0.0,0.7000000000000003,0.26046511627906976,0.26046511627906976,0.3720930232558136
0.23515151515151514,4.28515625,6.75,0.0,0.0,0.0,0.6250000000000002,0.046511627906976744,0.046511627906976744,0.10232558139534884,0.6000000000000002,0.0,0.0,0.7000000000000003,0.26046511627906976,0.26046511627906976,0.3720930232558136
0.23636363636363636,4.3046875,6.7734375,0.0,0.0,0.0,0.6250000000000002,0.046511627906976744,0.046511627906976744,0.10232558139534884,0.6250000000000002,0.0,0.0,0.7000000000000003,0.26046511627906976,0.26046511627906976,0.3720930232558136
0.2375757575757576,4.328125,6.80859375,0.0,0.0,0.0,0.6250000000000002,0.046511627906976744,0.046511627906976744,0.11162790697674418,0.6250000000000002,0.0,0.0,0.7000000000000003,0.26046511627906976,0.26046511627906976,0.3720930232558136
0.23878787878787877,4.34765625,6.83203125,0.0,0.0,0.0,0.6250000000000002,0.046511627906976744,0.046511627906976744,0.12093023255813953,0.6250000000000002,0.0,0.0,0.7000000000000003,0.26046511627906976,0.26046511627906976,0.3720930232558136
0.24000000000000002,4.37109375,6.86328125,0.0,0.0,0.0,0.6250000000000002,0.046511627906976744,0.046511627906976744,0.13023255813953488,0.6250000000000002,0.0,0.0,0.7000000000000003,0.26046511627906976,0.26046511627906976,0.3720930232558136
0.24121212121212118,4.39453125,6.88671875,0.0,0.0,0.0,0.6250000000000002,0.046511627906976744,0.046511627906976744,0.13023255813953488,0.6500000000000002,0.0,0.0,0.7000000000000003,0.26046511627906976,0.26046511627906976,0.3720930232558136
0.24242424242424243,4.4140625,6.921875,0.0,0.0,0.0,0.6250000000000002,0.046511627906976744,0.046511627906976744,0.13023255813953488,0.6500000000000002,0.0,0.0,0.7000000000000003,0.2697674418604651,0.26046511627906976,0.3720930232558136
0.24363636363636362,4.43359375,6.94140625,0.0,0.0,0.0,0.6250000000000002,0.046511627906976744,0.046511627906976744,0.13023255813953488,0.6500000000000002,0.0,0.0,0.7000000000000003,0.2790697674418604,0.26046511627906976,0.3720930232558136
0.24484848484848484,4.453125,6.96484375,0.0,0.0,0.0,0.6250000000000002,0.046511627906976744,0.046511627906976744,0.13023255813953488,0.6500000000000002,0.0,0.0,0.7000000000000003,0.2790697674418604,0.2697674418604651,0.3720930232558136
0.24606060606060604,4.47265625,7.0,0.0,0.0,0.0,0.6250000000000002,0.046511627906976744,0.046511627906976744,0.13023255813953488,0.6500000000000002,0.0,0.0,0.7000000000000003,0.2790697674418604,0.2790697674418604,0.3720930232558136
0.24727272727272726,4.4921875,7.0234375,0.0,0.0,0.0,0.6250000000000002,0.046511627906976744,0.046511627906976744,0.13023255813953488,0.6500000000000002,0.0,0.0,0.7000000000000003,0.2790697674418604,0.2790697674418604,0.38139534883720894
0.24848484848484845,4.51171875,7.05859375,0.0,0.0,0.0,0.6250000000000002,0.046511627906976744,0.046511627906976744,0.13023255813953488,0.6500000000000002,0.0,0.0,0.7000000000000003,0.2790697674418604,0.2790697674418604,0.39069767441860426
0.24969696969696967,4.53515625,7.08203125,0.0,0.0,0.0,0.6500000000000002,0.046511627906976744,0.046511627906976744,0.13023255813953488,0.6500000000000002,0.0,0.0,0.7000000000000003,0.2790697674418604,0.2790697674418604,0.39069767441860426
0.2509090909090909,4.55859375,7.1015625,0.0,0.0,0.0,0.6500000000000002,0.05581395348837209,0.046511627906976744,0.13023255813953488,0.6500000000000002,0.0,0.0,0.7000000000000003,0.2790697674418604,0.2790697674418604,0.39069767441860426
0.2521212121212121,4.58203125,7.13671875,0.0,0.0,0.0,0.6500000000000002,0.05581395348837209,0.05581395348837209,0.13023255813953488,0.6500000000000002,0.0,0.0,0.7000000000000003,0.2790697674418604,0.2790697674418604,0.39069767441860426
0.2533333333333333,4.60546875,7.1640625,0.0,0.0,0.0,0.6500000000000002,0.05581395348837209,0.05581395348837209,0.13953488372093023,0.6500000000000002,0.0,0.0,0.7000000000000003,0.2790697674418604,0.2790697674418604,0.39069767441860426
0.2545454545454545,4.62890625,7.1953125,0.0,0.0,0.0,0.6500000000000002,0.05581395348837209,0.05581395348837209,0.14883720930232558,0.6500000000000002,0.0,0.0,0.7000000000000003,0.2790697674418604,0.2790697674418604,0.39069767441860426
0.25575757575757574,4.65234375,7.21875,0.0,0.0,0.0,0.6500000000000002,0.05581395348837209,0.05581395348837209,0.14883720930232558,0.6750000000000003,0.0,0.0,0.7000000000000003,0.2790697674418604,0.2790697674418604,0.39069767441860426
0.2569696969696969,4.671875,7.2421875,0.0,0.0,0.0,0.6500000000000002,0.05581395348837209,0.05581395348837209,0.14883720930232558,0.6750000000000003,0.0,0.0,0.7000000000000003,0.2883720930232557,0.2790697674418604,0.39069767441860426
0.2581818181818181,4.69140625,7.27734375,0.0,0.0,0.0,0.6500000000000002,0.05581395348837209,0.05581395348837209,0.14883720930232558,0.6750000000000003,0.0,0.0,0.7000000000000003,0.29767441860465105,0.2790697674418604,0.39069767441860426
0.2593939393939394,4.71484375,7.30078125,0.0,0.0,0.0,0.6500000000000002,0.05581395348837209,0.05581395348837209,0.14883720930232558,0.6750000000000003,0.0,0.0,0.7250000000000003,0.29767441860465105,0.2790697674418604,0.39069767441860426
0.26060606060606056,4.734375,7.3359375,0.0,0.0,0.0,0.6500000000000002,0.05581395348837209,0.05581395348837209,0.14883720930232558,0.6750000000000003,0.0,0.0,0.7250000000000003,0.30697674418604637,0.2790697674418604,0.39069767441860426
0.2618181818181818,4.75390625,7.36328125,0.0,0.0,0.0,0.6500000000000002,0.05581395348837209,0.05581395348837209,0.14883720930232558,0.6750000000000003,0.0,0.0,0.7250000000000003,0.3162790697674417,0.2790697674418604,0.39069767441860426
0.263030303030303,4.7734375,7.38671875,0.0,0.0,0.0,0.6500000000000002,0.05581395348837209,0.05581395348837209,0.14883720930232558,0.6750000000000003,0.0,0.0,0.7250000000000003,0.3162790697674417,0.2883720930232557,0.39069767441860426
0.2642424242424242,4.79296875,7.41796875,0.0,0.0,0.0,0.6500000000000002,0.05581395348837209,0.05581395348837209,0.14883720930232558,0.6750000000000003,0.0,0.0,0.7250000000000003,0.3162790697674417,0.29767441860465105,0.39069767441860426
0.2654545454545454,4.8125,7.4453125,0.0,0.0,0.0,0.6500000000000002,0.05581395348837209,0.05581395348837209,0.14883720930232558,0.6750000000000003,0.0,0.0,0.7250000000000003,0.3162790697674417,0.30697674418604637,0.39069767441860426
0.2666666666666666,4.83203125,7.48046875,0.0,0.0,0.0,0.6500000000000002,0.05581395348837209,0.05581395348837209,0.14883720930232558,0.6750000000000003,0.0,0.0,0.7250000000000003,0.3162790697674417,0.3162790697674417,0.39069767441860426
0.2678787878787878,4.8515625,7.5,0.0,0.0,0.0,0.6500000000000002,0.05581395348837209,0.05581395348837209,0.14883720930232558,0.6750000000000003,0.0,0.0,0.7250000000000003,0.3162790697674417,0.3162790697674417,0.3999999999999996
0.26909090909090905,4.87109375,7.52734375,0.0,0.0,0.0,0.6500000000000002,0.05581395348837209,0.05581395348837209,0.14883720930232558,0.6750000000000003,0.0,0.0,0.7250000000000003,0.3162790697674417,0.3162790697674417,0.4093023255813949
0.27030303030303027,4.89453125,7.55859375,0.0,0.0,0.0,0.6750000000000003,0.05581395348837209,0.05581395348837209,0.14883720930232558,0.6750000000000003,0.0,0.0,0.7250000000000003,0.3162790697674417,0.3162790697674417,0.4093023255813949
0.27151515151515143,4.91796875,7.5859375,0.0,0.0,0.0,0.6750000000000003,0.05581395348837209,0.05581395348837209,0.15813953488372093,0.6750000000000003,0.0,0.0,0.7250000000000003,0.3162790697674417,0.3162790697674417,0.4093023255813949
0.2727272727272727,4.94140625,7.61328125,0.0,0.0,0.0,0.6750000000000003,0.05581395348837209,0.05581395348837209,0.15813953488372093,0.7000000000000003,0.0,0.0,0.7250000000000003,0.3162790697674417,0.3162790697674417,0.4093023255813949
0.27393939393939387,4.9609375,7.64453125,0.0,0.0,0.0,0.6750000000000003,0.05581395348837209,0.05581395348837209,0.15813953488372093,0.7000000000000003,0.0,0.0,0.7250000000000003,0.325581395348837,0.3162790697674417,0.4093023255813949
0.2751515151515151,4.98046875,7.671875,0.0,0.0,0.0,0.6750000000000003,0.05581395348837209,0.05581395348837209,0.15813953488372093,0.7000000000000003,0.0,0.0,0.7250000000000003,0.33488372093023233,0.3162790697674417,0.4093023255813949
0.2763636363636363,5.0,7.69140625,0.0,0.0,0.0,0.6750000000000003,0.05581395348837209,0.05581395348837209,0.15813953488372093,0.7000000000000003,0.0,0.0,0.7250000000000003,0.34418604651162765,0.3162790697674417,0.4093023255813949
0.27757575757575753,5.01953125,7.7265625,0.0,0.0,0.0,0.6750000000000003,0.05581395348837209,0.05581395348837209,0.15813953488372093,0.7000000000000003,0.0,0.0,0.7250000000000003,0.34418604651162765,0.325581395348837,0.4093023255813949
0.2787878787878787,5.04296875,7.75,0.0,0.0,0.0,0.6750000000000003,0.05581395348837209,0.05581395348837209,0.15813953488372093,0.7000000000000003,0.0,0.0,0.7250000000000003,0.353488372093023,0.325581395348837,0.4093023255813949
0.2799999999999999,5.0625,7.77734375,0.0,0.0,0.0,0.6750000000000003,0.05581395348837209,0.05581395348837209,0.15813953488372093,0.7000000000000003,0.0,0.0,0.7250000000000003,0.3627906976744183,0.325581395348837,0.4093023255813949
0.28121212121212114,5.08203125,7.8125,0.0,0.0,0.0,0.6750000000000003,0.05581395348837209,0.05581395348837209,0.15813953488372093,0.7000000000000003,0.0,0.0,0.7250000000000003,0.3627906976744183,0.33488372093023233,0.4093023255813949
0.28242424242424236,5.1015625,7.8359375,0.0,0.0,0.0,0.6750000000000003,0.05581395348837209,0.05581395348837209,0.15813953488372093,0.7000000000000003,0.0,0.0,0.7250000000000003,0.3627906976744183,0.34418604651162765,0.4093023255813949
0.2836363636363636,5.12109375,7.875,0.0,0.0,0.0,0.6750000000000003,0.05581395348837209,0.05581395348837209,0.15813953488372093,0.7000000000000003,0.0,0.0,0.7250000000000003,0.3627906976744183,0.353488372093023,0.4093023255813949
0.28484848484848474,5.14453125,7.89453125,0.0,0.0,0.0,0.6750000000000003,0.05581395348837209,0.05581395348837209,0.16744186046511628,0.7000000000000003,0.0,0.0,0.7250000000000003,0.3627906976744183,0.353488372093023,0.4093023255813949
0.28606060606060596,5.16796875,7.921875,0.0,0.0,0.0,0.6750000000000003,0.05581395348837209,0.05581395348837209,0.16744186046511628,0.7250000000000003,0.0,0.0,0.7250000000000003,0.3627906976744183,0.353488372093023,0.4093023255813949
0.2872727272727272,5.1875,7.953125,0.0,0.0,0.0,0.6750000000000003,0.05581395348837209,0.05581395348837209,0.16744186046511628,0.7250000000000003,0.0,0.0,0.7250000000000003,0.3627906976744183,0.3627906976744183,0.4093023255813949
0.28848484848484834,5.20703125,7.98046875,0.0,0.0,0.0,0.6750000000000003,0.05581395348837209,0.05581395348837209,0.16744186046511628,0.7250000000000003,0.0,0.0,0.7250000000000003,0.3627906976744183,0.3627906976744183,0.4186046511627902
0.2896969696969696,5.23046875,8.0078125,0.0,0.0,0.0,0.6750000000000003,0.05581395348837209,0.05581395348837209,0.16744186046511628,0.7250000000000003,0.0,0.0,0.7250000000000003,0.3720930232558136,0.3627906976744183,0.4186046511627902
0.29090909090909084,5.25,8.0390625,0.0,0.0,0.0,0.6750000000000003,0.05581395348837209,0.05581395348837209,0.16744186046511628,0.7250000000000003,0.0,0.0,0.7250000000000003,0.38139534883720894,0.3627906976744183,0.4186046511627902
0.292121212121212,5.26953125,8.0625,0.0,0.0,0.0,0.6750000000000003,0.05581395348837209,0.05581395348837209,0.16744186046511628,0.7250000000000003,0.0,0.0,0.7250000000000003,0.38139534883720894,0.3627906976744183,0.42790697674418554
0.29333333333333317,5.2890625,8.0859375,0.0,0.0,0.0,0.6750000000000003,0.05581395348837209,0.05581395348837209,0.16744186046511628,0.7250000000000003,0.0,0.0,0.7250000000000003,0.38139534883720894,0.3627906976744183,0.43720930232558086
0.29454545454545444,5.30859375,8.125,0.0,0.0,0.0,0.6750000000000003,0.05581395348837209,0.05581395348837209,0.16744186046511628,0.7250000000000003,0.0,0.0,0.7250000000000003,0.38139534883720894,0.3627906976744183,0.4465116279069762
0.29575757575757566,5.33203125,8.1484375,0.0,0.0,0.0,0.6750000000000003,0.06511627906976744,0.05581395348837209,0.16744186046511628,0.7250000000000003,0.0,0.0,0.7250000000000003,0.38139534883720894,0.3627906976744183,0.4465116279069762
0.29696969696969683,5.35546875,8.171875,0.0,0.0,0.0,0.6750000000000003,0.06511627906976744,0.06511627906976744,0.16744186046511628,0.7250000000000003,0.0,0.0,0.7250000000000003,0.38139534883720894,0.3627906976744183,0.4465116279069762
0.29818181818181805,5.37890625,8.1953125,0.0,0.0,0.0,0.6750000000000003,0.06511627906976744,0.06511627906976744,0.16744186046511628,0.7250000000000003,0.0,0.0,0.7250000000000003,0.39069767441860426,0.3627906976744183,0.4465116279069762
0.2993939393939393,5.40234375,8.234375,0.0,0.0,0.0,0.7000000000000003,0.06511627906976744,0.06511627906976744,0.16744186046511628,0.7250000000000003,0.0,0.0,0.7250000000000003,0.39069767441860426,0.3627906976744183,0.4465116279069762
0.30060606060606054,5.42578125,8.25,0.0,0.0,0.0,0.7000000000000003,0.06511627906976744,0.06511627906976744,0.17674418604651163,0.7250000000000003,0.0,0.0,0.7250000000000003,0.39069767441860426,0.3627906976744183,0.4465116279069762
0.30181818181818165,5.44921875,8.28125,0.0,0.0,0.0,0.7000000000000003,0.06511627906976744,0.06511627906976744,0.17674418604651163,0.7500000000000003,0.0,0.0,0.7250000000000003,0.39069767441860426,0.3627906976744183,0.4465116279069762
0.3030303030303029,5.47265625,8.3125,0.0,0.0,0.0,0.7000000000000003,0.06511627906976744,0.06511627906976744,0.17674418604651163,0.7500000000000003,0.0,0.0,0.7500000000000003,0.39069767441860426,0.3627906976744183,0.4465116279069762
0.30424242424242415,5.49609375,8.3359375,0.0,0.0,0.0,0.7000000000000003,0.07441860465116279,0.06511627906976744,0.17674418604651163,0.7500000000000003,0.0,0.0,0.7500000000000003,0.39069767441860426,0.3627906976744183,0.4465116279069762
0.30545454545454537,5.51953125,8.359375,0.0,0.0,0.0,0.7000000000000003,0.07441860465116279,0.06511627906976744,0.17674418604651163,0.7500000000000003,0.0,0.0,0.7500000000000003,0.3999999999999996,0.3627906976744183,0.4465116279069762
0.3066666666666666,5.5390625,8.3984375,0.0,0.0,0.0,0.7000000000000003,0.07441860465116279,0.06511627906976744,0.17674418604651163,0.7500000000000003,0.0,0.0,0.7500000000000003,0.4093023255813949,0.3627906976744183,0.4465116279069762
0.30787878787878775,5.55859375,8.421875,0.0,0.0,0.0,0.7000000000000003,0.07441860465116279,0.06511627906976744,0.17674418604651163,0.7500000000000003,0.0,0.0,0.7500000000000003,0.4093023255813949,0.3720930232558136,0.4465116279069762
0.30909090909090897,5.578125,8.4453125,0.0,0.0,0.0,0.7000000000000003,0.07441860465116279,0.06511627906976744,0.17674418604651163,0.7500000000000003,0.0,0.0,0.7500000000000003,0.4093023255813949,0.38139534883720894,0.4465116279069762
0.3103030303030302,5.6015625,8.4921875,0.0,0.0,0.0,0.7000000000000003,0.07441860465116279,0.07441860465116279,0.17674418604651163,0.7500000000000003,0.0,0.0,0.7500000000000003,0.4093023255813949,0.38139534883720894,0.4465116279069762
0.31151515151515136,5.625,8.5078125,0.0,0.0,0.0,0.7000000000000003,0.07441860465116279,0.07441860465116279,0.18604651162790697,0.7500000000000003,0.0,0.0,0.7500000000000003,0.4093023255813949,0.38139534883720894,0.4465116279069762
0.3127272727272726,5.6484375,8.5390625,0.0,0.0,0.0,0.7000000000000003,0.07441860465116279,0.07441860465116279,0.18604651162790697,0.7500000000000003,0.0,0.0,0.7500000000000003,0.4186046511627902,0.38139534883720894,0.4465116279069762
0.3139393939393938,5.671875,8.5546875,0.0,0.0,0.0,0.7000000000000003,0.07441860465116279,0.07441860465116279,0.18604651162790697,0.7500000000000003,0.0,0.0,0.7500000000000003,0.42790697674418554,0.38139534883720894,0.4465116279069762
0.315151515151515,5.69140625,8.6015625,0.0,0.0,0.0,0.7000000000000003,0.07441860465116279,0.07441860465116279,0.18604651162790697,0.7500000000000003,0.0,0.0,0.7500000000000003,0.43720930232558086,0.38139534883720894,0.4465116279069762
0.31636363636363624,5.71484375,8.6171875,0.0,0.0,0.0,0.7000000000000003,0.07441860465116279,0.07441860465116279,0.18604651162790697,0.7500000000000003,0.0,0.0,0.7500000000000003,0.43720930232558086,0.39069767441860426,0.4465116279069762
0.3175757575757574,5.734375,8.6484375,0.0,0.0,0.0,0.7000000000000003,0.07441860465116279,0.07441860465116279,0.18604651162790697,0.7500000000000003,0.0,0.0,0.7500000000000003,0.43720930232558086,0.3999999999999996,0.4465116279069762
0.3187878787878786,5.75390625,8.6796875,0.0,0.0,0.0,0.7000000000000003,0.07441860465116279,0.07441860465116279,0.18604651162790697,0.7500000000000003,0.0,0.0,0.7500000000000003,0.43720930232558086,0.4093023255813949,0.4465116279069762
0.3199999999999998,5.7734375,8.7109375,0.0,0.0,0.0,0.7000000000000003,0.07441860465116279,0.07441860465116279,0.18604651162790697,0.7500000000000003,0.0,0.0,0.7500000000000003,0.43720930232558086,0.4093023255813949,0.4558139534883715
0.32121212121212106,5.79296875,8.7265625,0.0,0.0,0.0,0.7000000000000003,0.07441860465116279,0.07441860465116279,0.18604651162790697,0.7500000000000003,0.0,0.0,0.7500000000000003,0.43720930232558086,0.4093023255813949,0.4651162790697668
0.3224242424242423,5.8125,8.7578125,0.0,0.0,0.0,0.7000000000000003,0.07441860465116279,0.07441860465116279,0.18604651162790697,0.7500000000000003,0.0,0.0,0.7500000000000003,0.43720930232558086,0.4093023255813949,0.47441860465116215
0.3236363636363635,5.8359375,8.7890625,0.0,0.0,0.0,0.7000000000000003,0.07441860465116279,0.07441860465116279,0.19534883720930232,0.7500000000000003,0.0,0.0,0.7500000000000003,0.43720930232558086,0.4093023255813949,0.47441860465116215
0.32484848484848466,5.859375,8.8203125,0.0,0.0,0.0,0.7000000000000003,0.07441860465116279,0.07441860465116279,0.19534883720930232,0.7500000000000003,0.0,0.0,0.7500000000000003,0.4465116279069762,0.4093023255813949,0.47441860465116215
0.32606060606060594,5.8828125,8.84375,0.0,0.0,0.0,0.7000000000000003,0.07441860465116279,0.07441860465116279,0.19534883720930232,0.7500000000000003,0.0,0.0,0.7500000000000003,0.4558139534883715,0.4093023255813949,0.47441860465116215
0.3272727272727271,5.90234375,8.8828125,0.0,0.0,0.0,0.7000000000000003,0.07441860465116279,0.07441860465116279,0.19534883720930232,0.7500000000000003,0.0,0.0,0.7500000000000003,0.4558139534883715,0.4093023255813949,0.48372093023255747
0.3284848484848483,5.92578125,8.8984375,0.0,0.0,0.0,0.7000000000000003,0.07441860465116279,0.07441860465116279,0.19534883720930232,0.7500000000000003,0.0,0.0,0.7500000000000003,0.4651162790697668,0.4093023255813949,0.48372093023255747
0.32969696969696954,5.9453125,8.9296875,0.0,0.0,0.0,0.7000000000000003,0.07441860465116279,0.07441860465116279,0.19534883720930232,0.7500000000000003,0.0,0.0,0.7500000000000003,0.4651162790697668,0.4093023255813949,0.4930232558139528
0.33090909090909076,5.96875,8.953125,0.0,0.0,0.0,0.7000000000000003,0.07441860465116279,0.07441860465116279,0.20465116279069767,0.7500000000000003,0.0,0.0,0.7500000000000003,0.4651162790697668,0.4093023255813949,0.4930232558139528
0.332121212121212,5.9921875,8.984375,0.0,0.0,0.0,0.7000000000000003,0.07441860465116279,0.07441860465116279,0.20465116279069767,0.7500000000000003,0.0,0.0,0.7500000000000003,0.47441860465116215,0.4093023255813949,0.4930232558139528
0.33333333333333315,6.015625,9.015625,0.0,0.0,0.0,0.7000000000000003,0.08372093023255814,0.07441860465116279,0.20465116279069767,0.7500000000000003,0.0,0.0,0.7500000000000003,0.47441860465116215,0.4093023255813949,0.4930232558139528
0.33454545454545437,6.0390625,9.0390625,0.0,0.0,0.0,0.7000000000000003,0.08372093023255814,0.07441860465116279,0.20465116279069767,0.7500000000000003,0.0,0.0,0.7500000000000003,0.47441860465116215,0.4186046511627902,0.4930232558139528
0.3357575757575756,6.05859375,9.0625,0.0,0.0,0.0,0.7000000000000003,0.08372093023255814,0.07441860465116279,0.20465116279069767,0.7500000000000003,0.0,0.0,0.7500000000000003,0.47441860465116215,0.42790697674418554,0.4930232558139528
0.3369696969696968,6.078125,9.1015625,0.0,0.0,0.0,0.7000000000000003,0.08372093023255814,0.07441860465116279,0.20465116279069767,0.7500000000000003,0.0,0.0,0.7500000000000003,0.47441860465116215,0.43720930232558086,0.4930232558139528
0.33818181818181803,6.1015625,9.125,0.0,0.0,0.0,0.7000000000000003,0.08372093023255814,0.07441860465116279,0.20465116279069767,0.7750000000000004,0.0,0.0,0.7500000000000003,0.47441860465116215,0.43720930232558086,0.4930232558139528
0.3393939393939392,6.125,9.1484375,0.0,0.0,0.0,0.7250000000000003,0.08372093023255814,0.07441860465116279,0.20465116279069767,0.7750000000000004,0.0,0.0,0.7500000000000003,0.47441860465116215,0.43720930232558086,0.4930232558139528
0.3406060606060604,6.1484375,9.1875,0.0,0.0,0.0,0.7250000000000003,0.08372093023255814,0.07441860465116279,0.20465116279069767,0.7750000000000004,0.0,0.0,0.7500000000000003,0.47441860465116215,0.4465116279069762,0.4930232558139528
0.34181818181818163,6.16796875,9.2109375,0.0,0.0,0.0,0.7250000000000003,0.08372093023255814,0.07441860465116279,0.20465116279069767,0.7750000000000004,0.0,0.0,0.7500000000000003,0.47441860465116215,0.4558139534883715,0.4930232558139528
0.3430303030303028,6.19140625,9.234375,0.0,0.0,0.0,0.7250000000000003,0.08372093023255814,0.07441860465116279,0.20465116279069767,0.7750000000000004,0.0,0.0,0.7500000000000003,0.47441860465116215,0.4651162790697668,0.4930232558139528
0.34424242424242407,6.2109375,9.2578125,0.0,0.0,0.0,0.7250000000000003,0.08372093023255814,0.07441860465116279,0.20465116279069767,0.7750000000000004,0.0,0.0,0.7500000000000003,0.47441860465116215,0.47441860465116215,0.4930232558139528
0.3454545454545453,6.234375,9.296875,0.0,0.0,0.0,0.7250000000000003,0.08372093023255814,0.08372093023255814,0.20465116279069767,0.7750000000000004,0.0,0.0,0.7500000000000003,0.47441860465116215,0.47441860465116215,0.4930232558139528
0.34666666666666646,6.2578125,9.3203125,0.0,0.0,0.0,0.7250000000000003,0.08372093023255814,0.08372093023255814,0.20465116279069767,0.7750000000000004,0.0,0.0,0.7500000000000003,0.47441860465116215,0.48372093023255747,0.4930232558139528
0.3478787878787877,6.28125,9.3515625,0.0,0.0,0.0,0.7250000000000003,0.08372093023255814,0.08372093023255814,0.20465116279069767,0.7750000000000004,0.0,0.0,0.7500000000000003,0.47441860465116215,0.4930232558139528,0.4930232558139528
0.3490909090909089,6.3046875,9.375,0.0,0.0,0.0,0.7250000000000003,0.08372093023255814,0.08372093023255814,0.21395348837209302,0.7750000000000004,0.0,0.0,0.7500000000000003,0.47441860465116215,0.4930232558139528,0.4930232558139528
0.3503030303030301,6.328125,9.4140625,0.0,0.0,0.0,0.7250000000000003,0.08372093023255814,0.08372093023255814,0.22325581395348837,0.7750000000000004,0.0,0.0,0.7500000000000003,0.47441860465116215,0.4930232558139528,0.4930232558139528
0.35151515151515134,6.3515625,9.4375,0.0,0.0,0.0,0.7250000000000003,0.08372093023255814,0.08372093023255814,0.22325581395348837,0.7750000000000004,0.0,0.0,0.7500000000000003,0.48372093023255747,0.4930232558139528,0.4930232558139528
0.35272727272727256,6.375,9.46875,0.0,0.0,0.0,0.7250000000000003,0.08372093023255814,0.08372093023255814,0.22325581395348837,0.7750000000000004,0.0,0.0,0.7500000000000003,0.4930232558139528,0.4930232558139528,0.4930232558139528
0.3539393939393937,6.39453125,9.484375,0.0,0.0,0.0,0.7250000000000003,0.08372093023255814,0.08372093023255814,0.22325581395348837,0.7750000000000004,0.0,0.0,0.7500000000000003,0.4930232558139528,0.4930232558139528,0.5023255813953481
0.35515151515151494,6.41796875,9.5234375,0.0,0.0,0.0,0.7250000000000003,0.08372093023255814,0.08372093023255814,0.22325581395348837,0.8000000000000004,0.0,0.0,0.7500000000000003,0.4930232558139528,0.4930232558139528,0.5023255813953481
0.35636363636363616,6.44140625,9.546875,0.0,0.0,0.0,0.7250000000000003,0.08372093023255814,0.08372093023255814,0.22325581395348837,0.8000000000000004,0.0,0.0,0.7500000000000003,0.4930232558139528,0.4930232558139528,0.5116279069767434
0.3575757575757574,6.4609375,9.5703125,0.0,0.0,0.0,0.7250000000000003,0.08372093023255814,0.08372093023255814,0.22325581395348837,0.8000000000000004,0.0,0.0,0.7500000000000003,0.4930232558139528,0.4930232558139528,0.5209302325581388
0.35878787878787854,6.484375,9.6015625,0.0,0.0,0.0,0.7250000000000003,0.09302325581395349,0.08372093023255814,0.22325581395348837,0.8000000000000004,0.0,0.0,0.7500000000000003,0.4930232558139528,0.4930232558139528,0.5209302325581388
0.3599999999999997,6.5078125,9.6328125,0.0,0.0,0.0,0.7250000000000003,0.09302325581395349,0.08372093023255814,0.22325581395348837,0.8000000000000004,0.0,0.0,0.7500000000000003,0.4930232558139528,0.5023255813953481,0.5209302325581388
0.361212121212121,6.53125,9.6640625,0.0,0.0,0.0,0.7250000000000003,0.09302325581395349,0.08372093023255814,0.22325581395348837,0.8000000000000004,0.0,0.0,0.7500000000000003,0.4930232558139528,0.5116279069767434,0.5209302325581388
0.3624242424242422,6.5546875,9.6875,0.0,0.0,0.0,0.7250000000000003,0.09302325581395349,0.08372093023255814,0.23255813953488372,0.8000000000000004,0.0,0.0,0.7500000000000003,0.4930232558139528,0.5116279069767434,0.5209302325581388
0.3636363636363634,6.578125,9.7109375,0.0,0.0,0.0,0.7250000000000003,0.09302325581395349,0.08372093023255814,0.23255813953488372,0.8000000000000004,0.0,0.0,0.7500000000000003,0.5023255813953481,0.5116279069767434,0.5209302325581388
0.3648484848484846,6.6015625,9.75,0.0,0.0,0.0,0.7250000000000003,0.09302325581395349,0.08372093023255814,0.23255813953488372,0.8000000000000004,0.0,0.0,0.7500000000000003,0.5116279069767434,0.5116279069767434,0.5209302325581388
0.36606060606060586,6.62109375,9.7734375,0.0,0.0,0.0,0.7250000000000003,0.09302325581395349,0.08372093023255814,0.23255813953488372,0.8000000000000004,0.0,0.0,0.7500000000000003,0.5209302325581388,0.5116279069767434,0.5209302325581388
0.36727272727272703,6.64453125,9.796875,0.0,0.0,0.0,0.7250000000000003,0.09302325581395349,0.08372093023255814,0.23255813953488372,0.8000000000000004,0.0,0.0,0.7500000000000003,0.5209302325581388,0.5209302325581388,0.5209302325581388
0.36848484848484825,6.6640625,9.8203125,0.0,0.0,0.0,0.7250000000000003,0.09302325581395349,0.08372093023255814,0.23255813953488372,0.8000000000000004,0.0,0.0,0.7500000000000003,0.5209302325581388,0.5209302325581388,0.5302325581395341
0.3696969696969694,6.6875,9.8515625,0.0,0.0,0.0,0.7250000000000003,0.09302325581395349,0.08372093023255814,0.23255813953488372,0.8000000000000004,0.0,0.0,0.7500000000000003,0.5209302325581388,0.5209302325581388,0.5395348837209294
0.37090909090909063,6.7109375,9.8828125,0.0,0.0,0.0,0.7250000000000003,0.09302325581395349,0.09302325581395349,0.23255813953488372,0.8000000000000004,0.0,0.0,0.7500000000000003,0.5209302325581388,0.5209302325581388,0.5395348837209294
0.37212121212121185,6.734375,9.9140625,0.0,0.0,0.0,0.7250000000000003,0.09302325581395349,0.09302325581395349,0.23255813953488372,0.8000000000000004,0.0,0.0,0.7750000000000004,0.5209302325581388,0.5209302325581388,0.5395348837209294
0.3733333333333331,6.7578125,9.9375,0.0,0.0,0.0,0.7250000000000003,0.09302325581395349,0.09302325581395349,0.23255813953488372,0.8000000000000004,0.0,0.0,0.7750000000000004,0.5209302325581388,0.5209302325581388,0.5488372093023247
0.3745454545454543,6.78125,9.96875,0.0,0.0,0.0,0.7250000000000003,0.09302325581395349,0.09302325581395349,0.24186046511627907,0.8000000000000004,0.0,0.0,0.7750000000000004,0.5209302325581388,0.5209302325581388,0.5488372093023247
0.37575757575757546,6.8046875,10.0,0.0,0.0,0.0,0.7250000000000003,0.09302325581395349,0.09302325581395349,0.24186046511627907,0.8000000000000004,0.0,0.0,0.7750000000000004,0.5209302325581388,0.5209302325581388,0.55813953488372
0.3769696969696967,6.828125,10.0234375,0.0,0.0,0.0,0.7250000000000003,0.09302325581395349,0.09302325581395349,0.25116279069767444,0.8000000000000004,0.0,0.0,0.7750000000000004,0.5209302325581388,0.5209302325581388,0.55813953488372
0.3781818181818179,6.8515625,10.0546875,0.0,0.0,0.0,0.7250000000000003,0.09302325581395349,0.09302325581395349,0.25116279069767444,0.8000000000000004,0.0,0.0,0.7750000000000004,0.5302325581395341,0.5209302325581388,0.55813953488372
0.3793939393939391,6.875,10.078125,0.0,0.0,0.0,0.7250000000000003,0.09302325581395349,0.09302325581395349,0.25116279069767444,0.8000000000000004,0.0,0.0,0.7750000000000004,0.5395348837209294,0.5209302325581388,0.55813953488372
0.3806060606060603,6.8984375,10.1015625,0.0,0.0,0.0,0.7250000000000003,0.09302325581395349,0.09302325581395349,0.25116279069767444,0.8250000000000004,0.0,0.0,0.7750000000000004,0.5395348837209294,0.5209302325581388,0.55813953488372
0.3818181818181815,6.921875,10.140625,0.0,0.0,0.0,0.7250000000000003,0.09302325581395349,0.09302325581395349,0.25116279069767444,0.8250000000000004,0.0,0.0,0.7750000000000004,0.5395348837209294,0.5302325581395341,0.55813953488372
0.3830303030303027,6.9453125,10.1640625,0.0,0.0,0.0,0.7250000000000003,0.09302325581395349,0.09302325581395349,0.25116279069767444,0.8250000000000004,0.0,0.0,0.7750000000000004,0.5395348837209294,0.5395348837209294,0.55813953488372
0.38424242424242394,6.96875,10.1875,0.0,0.0,0.0,0.7250000000000003,0.10232558139534884,0.09302325581395349,0.25116279069767444,0.8250000000000004,0.0,0.0,0.7750000000000004,0.5395348837209294,0.5395348837209294,0.55813953488372
0.38545454545454516,6.9921875,10.2109375,0.0,0.0,0.0,0.7250000000000003,0.10232558139534884,0.09302325581395349,0.25116279069767444,0.8250000000000004,0.0,0.0,0.7750000000000004,0.5395348837209294,0.5395348837209294,0.5674418604651154
0.3866666666666664,7.015625,10.25,0.0,0.0,0.0,0.7250000000000003,0.10232558139534884,0.09302325581395349,0.25116279069767444,0.8250000000000004,0.0,0.0,0.7750000000000004,0.5488372093023247,0.5395348837209294,0.5674418604651154
0.3878787878787876,7.0390625,10.2734375,0.0,0.0,0.0,0.7250000000000003,0.10232558139534884,0.09302325581395349,0.25116279069767444,0.8250000000000004,0.0,0.0,0.7750000000000004,0.55813953488372,0.5395348837209294,0.5674418604651154
0.38909090909090877,7.0625,10.3046875,0.0,0.0,0.0,0.7500000000000003,0.10232558139534884,0.09302325581395349,0.25116279069767444,0.8250000000000004,0.0,0.0,0.7750000000000004,0.55813953488372,0.5395348837209294,0.5674418604651154
0.39030303030303,7.0859375,10.328125,0.0,0.0,0.0,0.7500000000000003,0.10232558139534884,0.09302325581395349,0.25116279069767444,0.8250000000000004,0.0,0.0,0.7750000000000004,0.55813953488372,0.5395348837209294,0.5767441860465107
0.3915151515151512,7.109375,10.3671875,0.0,0.0,0.0,0.7500000000000003,0.10232558139534884,0.09302325581395349,0.25116279069767444,0.8250000000000004,0.0,0.0,0.7750000000000004,0.55813953488372,0.5395348837209294,0.586046511627906
0.3927272727272724,7.1328125,10.390625,0.0,0.0,0.0,0.7500000000000003,0.10232558139534884,0.09302325581395349,0.25116279069767444,0.8250000000000004,0.0,0.0,0.7750000000000004,0.55813953488372,0.5488372093023247,0.586046511627906
0.3939393939393936,7.15625,10.4140625,0.0,0.0,0.0,0.7500000000000003,0.10232558139534884,0.09302325581395349,0.25116279069767444,0.8250000000000004,0.0,0.0,0.7750000000000004,0.5674418604651154,0.5488372093023247,0.586046511627906
0.3951515151515148,7.1796875,10.4453125,0.0,0.0,0.0,0.7500000000000003,0.10232558139534884,0.09302325581395349,0.25116279069767444,0.8250000000000004,0.0,0.0,0.7750000000000004,0.5674418604651154,0.55813953488372,0.586046511627906
0.39636363636363603,7.203125,10.46875,0.0,0.0,0.0,0.7500000000000003,0.10232558139534884,0.10232558139534884,0.25116279069767444,0.8250000000000004,0.0,0.0,0.7750000000000004,0.5674418604651154,0.55813953488372,0.586046511627906
0.3975757575757572,7.2265625,10.5078125,0.0,0.0,0.0,0.7500000000000003,0.10232558139534884,0.10232558139534884,0.25116279069767444,0.8250000000000004,0.0,0.0,0.7750000000000004,0.5767441860465107,0.55813953488372,0.586046511627906
0.3987878787878784,7.25,10.53125,0.0,0.0,0.0,0.7500000000000003,0.10232558139534884,0.10232558139534884,0.25116279069767444,0.8250000000000004,0.0,0.0,0.7750000000000004,0.586046511627906,0.55813953488372,0.586046511627906
0.39999999999999963,7.2734375,10.5625,0.0,0.0,0.0,0.7500000000000003,0.10232558139534884,0.10232558139534884,0.26046511627906976,0.8250000000000004,0.0,0.0,0.7750000000000004,0.586046511627906,0.55813953488372,0.586046511627906
0.4012121212121209,7.296875,10.5859375,0.0,0.0,0.0,0.7500000000000003,0.10232558139534884,0.10232558139534884,0.26046511627906976,0.8250000000000004,0.0,0.0,0.7750000000000004,0.586046511627906,0.55813953488372,0.5953488372093013
0.40242424242424213,7.32421875,10.6171875,0.0,0.0,0.0,0.7500000000000003,0.11162790697674418,0.10232558139534884,0.26046511627906976,0.8250000000000004,0.0,0.0,0.7750000000000004,0.586046511627906,0.55813953488372,0.5953488372093013
0.40363636363636335,7.34765625,10.6484375,0.0,0.0,0.0,0.7500000000000003,0.11162790697674418,0.10232558139534884,0.26046511627906976,0.8500000000000004,0.0,0.0,0.7750000000000004,0.586046511627906,0.55813953488372,0.5953488372093013
0.40484848484848457,7.37109375,10.671875,0.0,0.0,0.0,0.7500000000000003,0.11162790697674418,0.10232558139534884,0.26046511627906976,0.8500000000000004,0.0,0.0,0.7750000000000004,0.586046511627906,0.5674418604651154,0.5953488372093013
0.40606060606060573,7.39453125,10.703125,0.0,0.0,0.0,0.7500000000000003,0.11162790697674418,0.10232558139534884,0.26046511627906976,0.8500000000000004,0.0,0.0,0.7750000000000004,0.5953488372093013,0.5674418604651154,0.5953488372093013
0.40727272727272695,7.41796875,10.7265625,0.0,0.0,0.0,0.7500000000000003,0.11162790697674418,0.10232558139534884,0.26046511627906976,0.8500000000000004,0.0,0.0,0.7750000000000004,0.5953488372093013,0.5767441860465107,0.5953488372093013
0.4084848484848482,7.44140625,10.7578125,0.0,0.0,0.0,0.7500000000000003,0.11162790697674418,0.10232558139534884,0.26046511627906976,0.8500000000000004,0.0,0.0,0.7750000000000004,0.6046511627906966,0.5767441860465107,0.5953488372093013
0.4096969696969694,7.46484375,10.7890625,0.0,0.0,0.0,0.7500000000000003,0.11162790697674418,0.10232558139534884,0.26046511627906976,0.8500000000000004,0.0,0.0,0.7750000000000004,0.6046511627906966,0.586046511627906,0.5953488372093013
0.41090909090909056,7.48828125,10.8125,0.0,0.0,0.0,0.7500000000000003,0.11162790697674418,0.11162790697674418,0.26046511627906976,0.8500000000000004,0.0,0.0,0.7750000000000004,0.6046511627906966,0.586046511627906,0.5953488372093013
0.4121212121212118,7.51171875,10.84375,0.0,0.0,0.0,0.7500000000000003,0.11162790697674418,0.11162790697674418,0.26046511627906976,0.8500000000000004,0.0,0.0,0.7750000000000004,0.613953488372092,0.586046511627906,0.5953488372093013
0.413333333333333,7.53515625,10.875,0.0,0.0,0.0,0.7500000000000003,0.11162790697674418,0.11162790697674418,0.26046511627906976,0.8500000000000004,0.0,0.0,0.7750000000000004,0.613953488372092,0.5953488372093013,0.5953488372093013
0.4145454545454542,7.55859375,10.90625,0.0,0.0,0.0,0.7500000000000003,0.11162790697674418,0.11162790697674418,0.26046511627906976,0.8500000000000004,0.0,0.0,0.7750000000000004,0.613953488372092,0.6046511627906966,0.5953488372093013
0.41575757575757544,7.58203125,10.9296875,0.0,0.0,0.0,0.7500000000000003,0.11162790697674418,0.11162790697674418,0.26046511627906976,0.8500000000000004,0.0,0.0,0.7750000000000004,0.613953488372092,0.613953488372092,0.5953488372093013
0.4169696969696966,7.609375,10.953125,0.0,0.0,0.0,0.7500000000000003,0.12093023255813953,0.11162790697674418,0.26046511627906976,0.8500000000000004,0.0,0.0,0.7750000000000004,0.613953488372092,0.613953488372092,0.5953488372093013
0.4181818181818178,7.63671875,10.984375,0.0,0.0,0.0,0.7500000000000003,0.13023255813953488,0.11162790697674418,0.26046511627906976,0.8500000000000004,0.0,0.0,0.7750000000000004,0.613953488372092,0.613953488372092,0.5953488372093013
0.419393939393939,7.66015625,11.015625,0.0,0.0,0.0,0.7500000000000003,0.13023255813953488,0.11162790697674418,0.26046511627906976,0.8500000000000004,0.0,0.0,0.7750000000000004,0.613953488372092,0.613953488372092,0.6046511627906966
0.4206060606060602,7.68359375,11.046875,0.0,0.0,0.0,0.7500000000000003,0.13023255813953488,0.11162790697674418,0.26046511627906976,0.8500000000000004,0.0,0.0,0.7750000000000004,0.613953488372092,0.613953488372092,0.613953488372092
0.4218181818181814,7.70703125,11.0703125,0.0,0.0,0.0,0.7500000000000003,0.13023255813953488,0.11162790697674418,0.26046511627906976,0.8500000000000004,0.0,0.0,0.7750000000000004,0.613953488372092,0.613953488372092,0.6232558139534873
0.42303030303030265,7.734375,11.09375,0.0,0.0,0.0,0.7500000000000003,0.13023255813953488,0.12093023255813953,0.26046511627906976,0.8500000000000004,0.0,0.0,0.7750000000000004,0.613953488372092,0.613953488372092,0.6232558139534873
0.4242424242424239,7.76171875,11.125,0.0,0.0,0.0,0.7500000000000003,0.13023255813953488,0.13023255813953488,0.26046511627906976,0.8500000000000004,0.0,0.0,0.7750000000000004,0.613953488372092,0.613953488372092,0.6232558139534873
0.42545454545454503,7.7890625,11.15625,0.0,0.0,0.0,0.7500000000000003,0.13023255813953488,0.13023255813953488,0.2697674418604651,0.8500000000000004,0.0,0.0,0.7750000000000004,0.613953488372092,0.613953488372092,0.6232558139534873
0.42666666666666625,7.8125,11.1875,0.0,0.0,0.0,0.7500000000000003,0.13023255813953488,0.13023255813953488,0.2790697674418604,0.8500000000000004,0.0,0.0,0.7750000000000004,0.613953488372092,0.613953488372092,0.6232558139534873
0.4278787878787875,7.83984375,11.2109375,0.0,0.0,0.0,0.7500000000000003,0.13023255813953488,0.13023255813953488,0.2883720930232557,0.8500000000000004,0.0,0.0,0.7750000000000004,0.613953488372092,0.613953488372092,0.6232558139534873
0.42909090909090875,7.86328125,11.234375,0.0,0.0,0.0,0.7500000000000003,0.13023255813953488,0.13023255813953488,0.2883720930232557,0.8500000000000004,0.0,0.0,0.7750000000000004,0.613953488372092,0.613953488372092,0.6325581395348826
0.43030303030302997,7.890625,11.2578125,0.0,0.0,0.0,0.7500000000000003,0.13023255813953488,0.13023255813953488,0.29767441860465105,0.8500000000000004,0.0,0.0,0.7750000000000004,0.613953488372092,0.613953488372092,0.6325581395348826
0.4315151515151512,7.9140625,11.296875,0.0,0.0,0.0,0.7500000000000003,0.13023255813953488,0.13023255813953488,0.29767441860465105,0.8500000000000004,0.0,0.0,0.7750000000000004,0.6232558139534873,0.613953488372092,0.6325581395348826
0.43272727272727235,7.9375,11.3203125,0.0,0.0,0.0,0.7500000000000003,0.13023255813953488,0.13023255813953488,0.29767441860465105,0.8500000000000004,0.0,0.0,0.7750000000000004,0.6325581395348826,0.613953488372092,0.6325581395348826
0.43393939393939357,7.9609375,11.34375,0.0,0.0,0.0,0.7500000000000003,0.13023255813953488,0.13023255813953488,0.29767441860465105,0.8500000000000004,0.0,0.0,0.7750000000000004,0.6418604651162779,0.613953488372092,0.6325581395348826
0.4351515151515147,7.984375,11.375,0.0,0.0,0.0,0.7500000000000003,0.13023255813953488,0.13023255813953488,0.29767441860465105,0.8500000000000004,0.0,0.0,0.7750000000000004,0.6418604651162779,0.613953488372092,0.6418604651162779
0.436363636363636,8.0078125,11.3984375,0.0,0.0,0.0,0.7500000000000003,0.13023255813953488,0.13023255813953488,0.29767441860465105,0.8500000000000004,0.0,0.0,0.7750000000000004,0.6511627906976732,0.613953488372092,0.6418604651162779
0.4375757575757572,8.0390625,11.4375,0.0,0.0,0.0,0.7500000000000003,0.13953488372093023,0.13023255813953488,0.29767441860465105,0.8500000000000004,0.0,0.0,0.7750000000000004,0.6511627906976732,0.613953488372092,0.6418604651162779
0.4387878787878785,8.0625,11.4609375,0.0,0.0,0.0,0.7500000000000003,0.13953488372093023,0.13023255813953488,0.29767441860465105,0.8500000000000004,0.0,0.0,0.7750000000000004,0.6511627906976732,0.6232558139534873,0.6418604651162779
0.4399999999999996,8.0859375,11.484375,0.0,0.0,0.0,0.7500000000000003,0.13953488372093023,0.13023255813953488,0.29767441860465105,0.8500000000000004,0.0,0.0,0.7750000000000004,0.6511627906976732,0.6325581395348826,0.6418604651162779
0.44121212121212083,8.109375,11.515625,0.0,0.0,0.0,0.7500000000000003,0.13953488372093023,0.13023255813953488,0.29767441860465105,0.8500000000000004,0.0,0.0,0.7750000000000004,0.6511627906976732,0.6418604651162779,0.6418604651162779
0.44242424242424205,8.1328125,11.546875,0.0,0.0,0.0,0.7500000000000003,0.13953488372093023,0.13023255813953488,0.29767441860465105,0.8500000000000004,0.0,0.0,0.7750000000000004,0.6511627906976732,0.6511627906976732,0.6418604651162779
0.4436363636363632,8.1640625,11.578125,0.025,0.0,0.0,0.7500000000000003,0.13953488372093023,0.13023255813953488,0.29767441860465105,0.8500000000000004,0.0,0.0,0.7750000000000004,0.6511627906976732,0.6511627906976732,0.6418604651162779
0.4448484848484844,8.1953125,11.6015625,0.025,0.0,0.0,0.7750000000000004,0.13953488372093023,0.13023255813953488,0.29767441860465105,0.8500000000000004,0.0,0.0,0.7750000000000004,0.6511627906976732,0.6511627906976732,0.6418604651162779
0.44606060606060566,8.21875,11.625,0.025,0.0,0.0,0.7750000000000004,0.13953488372093023,0.13023255813953488,0.29767441860465105,0.8750000000000004,0.0,0.0,0.7750000000000004,0.6511627906976732,0.6511627906976732,0.6418604651162779
0.4472727272727268,8.25,11.65625,0.025,0.0,0.0,0.7750000000000004,0.14883720930232558,0.13023255813953488,0.29767441860465105,0.8750000000000004,0.0,0.0,0.7750000000000004,0.6511627906976732,0.6511627906976732,0.6418604651162779
0.44848484848484815,8.2734375,11.6875,0.025,0.0,0.0,0.7750000000000004,0.14883720930232558,0.13023255813953488,0.29767441860465105,0.8750000000000004,0.0,0.0,0.7750000000000004,0.6604651162790686,0.6511627906976732,0.6418604651162779
0.44969696969696926,8.296875,11.71875,0.025,0.0,0.0,0.7750000000000004,0.14883720930232558,0.13023255813953488,0.29767441860465105,0.8750000000000004,0.0,0.0,0.7750000000000004,0.6697674418604639,0.6511627906976732,0.6418604651162779
0.4509090909090904,8.3203125,11.7421875,0.025,0.0,0.0,0.7750000000000004,0.14883720930232558,0.13023255813953488,0.29767441860465105,0.8750000000000004,0.0,0.0,0.7750000000000004,0.6697674418604639,0.6604651162790686,0.6418604651162779
0.45212121212121176,8.34375,11.765625,0.025,0.0,0.0,0.7750000000000004,0.14883720930232558,0.13023255813953488,0.29767441860465105,0.8750000000000004,0.0,0.0,0.7750000000000004,0.6697674418604639,0.6697674418604639,0.6418604651162779
0.45333333333333287,8.3671875,11.796875,0.025,0.0,0.0,0.7750000000000004,0.14883720930232558,0.13023255813953488,0.29767441860465105,0.8750000000000004,0.0,0.0,0.7750000000000004,0.6697674418604639,0.6790697674418592,0.6418604651162779
0.45454545454545414,8.390625,11.828125,0.025,0.0,0.0,0.7750000000000004,0.14883720930232558,0.13023255813953488,0.29767441860465105,0.8750000000000004,0.0,0.0,0.7750000000000004,0.6697674418604639,0.6790697674418592,0.6511627906976732
0.45575757575757536,8.4140625,11.859375,0.025,0.0,0.0,0.7750000000000004,0.14883720930232558,0.13023255813953488,0.29767441860465105,0.8750000000000004,0.0,0.0,0.7750000000000004,0.6697674418604639,0.6790697674418592,0.6604651162790686
0.45696969696969647,8.4453125,11.8828125,0.025,0.0,0.0,0.7750000000000004,0.15813953488372093,0.13023255813953488,0.29767441860465105,0.8750000000000004,0.0,0.0,0.7750000000000004,0.6697674418604639,0.6790697674418592,0.6604651162790686
0.4581818181818178,8.46875,11.90625,0.025,0.0,0.0,0.7750000000000004,0.15813953488372093,0.13023255813953488,0.29767441860465105,0.8750000000000004,0.0,0.0,0.8000000000000004,0.6697674418604639,0.6790697674418592,0.6604651162790686
0.45939393939393897,8.5,11.9296875,0.025,0.0,0.0,0.7750000000000004,0.16744186046511628,0.13023255813953488,0.29767441860465105,0.8750000000000004,0.0,0.0,0.8000000000000004,0.6697674418604639,0.6790697674418592,0.6604651162790686
0.4606060606060602,8.5234375,11.96875,0.025,0.0,0.0,0.7750000000000004,0.16744186046511628,0.13023255813953488,0.29767441860465105,0.8750000000000004,0.0,0.0,0.8000000000000004,0.6790697674418592,0.6790697674418592,0.6604651162790686
0.4618181818181814,8.5546875,12.0,0.025,0.0,0.0,0.7750000000000004,0.17674418604651163,0.13023255813953488,0.29767441860465105,0.8750000000000004,0.0,0.0,0.8000000000000004,0.6790697674418592,0.6790697674418592,0.6604651162790686
0.4630303030303026,8.578125,12.0234375,0.025,0.0,0.0,0.7750000000000004,0.17674418604651163,0.13023255813953488,0.29767441860465105,0.8750000000000004,0.0,0.0,0.8000000000000004,0.6790697674418592,0.6790697674418592,0.6697674418604639
0.4642424242424238,8.609375,12.0546875,0.025,0.0,0.0,0.7750000000000004,0.17674418604651163,0.13953488372093023,0.29767441860465105,0.8750000000000004,0.0,0.0,0.8000000000000004,0.6790697674418592,0.6790697674418592,0.6697674418604639
0.465454545454545,8.6328125,12.0859375,0.025,0.0,0.0,0.7750000000000004,0.17674418604651163,0.13953488372093023,0.30697674418604637,0.8750000000000004,0.0,0.0,0.8000000000000004,0.6790697674418592,0.6790697674418592,0.6697674418604639
0.46666666666666623,8.65625,12.109375,0.025,0.0,0.0,0.7750000000000004,0.17674418604651163,0.13953488372093023,0.30697674418604637,0.8750000000000004,0.0,0.0,0.8000000000000004,0.6790697674418592,0.6790697674418592,0.6790697674418592
0.46787878787878745,8.6875,12.1328125,0.025,0.0,0.0,0.7750000000000004,0.17674418604651163,0.14883720930232558,0.30697674418604637,0.8750000000000004,0.0,0.0,0.8000000000000004,0.6790697674418592,0.6790697674418592,0.6790697674418592
0.4690909090909086,8.7109375,12.15625,0.025,0.0,0.0,0.7750000000000004,0.17674418604651163,0.14883720930232558,0.3162790697674417,0.8750000000000004,0.0,0.0,0.8000000000000004,0.6790697674418592,0.6790697674418592,0.6790697674418592
0.47030303030302983,8.734375,12.1875,0.025,0.0,0.0,0.7750000000000004,0.17674418604651163,0.14883720930232558,0.3162790697674417,0.8750000000000004,0.0,0.0,0.8000000000000004,0.6790697674418592,0.6790697674418592,0.6883720930232545
0.47151515151515105,8.765625,12.2265625,0.025,0.0,0.0,0.7750000000000004,0.18604651162790697,0.14883720930232558,0.3162790697674417,0.8750000000000004,0.0,0.0,0.8000000000000004,0.6790697674418592,0.6790697674418592,0.6883720930232545
0.4727272727272723,8.796875,12.25,0.025,0.0,0.0,0.7750000000000004,0.18604651162790697,0.15813953488372093,0.3162790697674417,0.8750000000000004,0.0,0.0,0.8000000000000004,0.6790697674418592,0.6790697674418592,0.6883720930232545
0.47393939393939344,8.8203125,12.2734375,0.025,0.0,0.0,0.7750000000000004,0.18604651162790697,0.15813953488372093,0.325581395348837,0.8750000000000004,0.0,0.0,0.8000000000000004,0.6790697674418592,0.6790697674418592,0.6883720930232545
0.47515151515151466,8.8515625,12.296875,0.025,0.0,0.0,0.7750000000000004,0.19534883720930232,0.15813953488372093,0.325581395348837,0.8750000000000004,0.0,0.0,0.8000000000000004,0.6790697674418592,0.6790697674418592,0.6883720930232545
0.4763636363636359,8.8828125,12.328125,0.025,0.0,0.0,0.7750000000000004,0.19534883720930232,0.16744186046511628,0.325581395348837,0.8750000000000004,0.0,0.0,0.8000000000000004,0.6790697674418592,0.6790697674418592,0.6883720930232545
0.47757575757575715,8.90625,12.359375,0.025,0.0,0.0,0.7750000000000004,0.19534883720930232,0.16744186046511628,0.325581395348837,0.8750000000000004,0.0,0.0,0.8000000000000004,0.6790697674418592,0.6883720930232545,0.6883720930232545
0.4787878787878784,8.9296875,12.390625,0.025,0.0,0.0,0.7750000000000004,0.19534883720930232,0.16744186046511628,0.325581395348837,0.8750000000000004,0.0,0.0,0.8000000000000004,0.6790697674418592,0.6976744186046498,0.6883720930232545
0.4799999999999995,8.9609375,12.4140625,0.025,0.0,0.0,0.7750000000000004,0.19534883720930232,0.17674418604651163,0.325581395348837,0.8750000000000004,0.0,0.0,0.8000000000000004,0.6790697674418592,0.6976744186046498,0.6883720930232545
0.4812121212121207,8.984375,12.4375,0.025,0.0,0.0,0.7750000000000004,0.19534883720930232,0.17674418604651163,0.325581395348837,0.8750000000000004,0.0,0.0,0.8000000000000004,0.6883720930232545,0.6976744186046498,0.6883720930232545
0.482424242424242,9.015625,12.4765625,0.025,0.0,0.0,0.7750000000000004,0.19534883720930232,0.17674418604651163,0.33488372093023233,0.8750000000000004,0.0,0.0,0.8000000000000004,0.6883720930232545,0.6976744186046498,0.6883720930232545
0.4836363636363631,9.0390625,12.5,0.025,0.0,0.0,0.7750000000000004,0.19534883720930232,0.17674418604651163,0.34418604651162765,0.8750000000000004,0.0,0.0,0.8000000000000004,0.6883720930232545,0.6976744186046498,0.6883720930232545
0.4848484848484843,9.0625,12.5234375,0.025,0.0,0.0,0.7750000000000004,0.19534883720930232,0.17674418604651163,0.34418604651162765,0.8750000000000004,0.0,0.0,0.8000000000000004,0.6976744186046498,0.6976744186046498,0.6883720930232545
0.4860606060606056,9.09375,12.546875,0.025,0.0,0.0,0.7750000000000004,0.19534883720930232,0.18604651162790697,0.34418604651162765,0.8750000000000004,0.0,0.0,0.8000000000000004,0.6976744186046498,0.6976744186046498,0.6883720930232545
0.4872727272727267,9.125,12.578125,0.025,0.0,0.0,0.7750000000000004,0.19534883720930232,0.18604651162790697,0.353488372093023,0.8750000000000004,0.0,0.0,0.8000000000000004,0.6976744186046498,0.6976744186046498,0.6883720930232545
0.4884848484848479,9.1484375,12.609375,0.025,0.0,0.0,0.7750000000000004,0.19534883720930232,0.18604651162790697,0.353488372093023,0.8750000000000004,0.0,0.0,0.8000000000000004,0.7069767441860452,0.6976744186046498,0.6883720930232545
0.4896969696969692,9.171875,12.6328125,0.025,0.0,0.0,0.7750000000000004,0.19534883720930232,0.18604651162790697,0.353488372093023,0.8750000000000004,0.0,0.0,0.8000000000000004,0.7162790697674405,0.6976744186046498,0.6883720930232545
0.4909090909090904,9.203125,12.6640625,0.025,0.0,0.0,0.7750000000000004,0.19534883720930232,0.18604651162790697,0.3627906976744183,0.8750000000000004,0.0,0.0,0.8000000000000004,0.7162790697674405,0.6976744186046498,0.6883720930232545
0.4921212121212116,9.2265625,12.6875,0.025,0.0,0.0,0.7750000000000004,0.19534883720930232,0.18604651162790697,0.3627906976744183,0.9000000000000005,0.0,0.0,0.8000000000000004,0.7162790697674405,0.6976744186046498,0.6883720930232545
0.49333333333333285,9.25,12.7109375,0.025,0.0,0.0,0.7750000000000004,0.19534883720930232,0.18604651162790697,0.3627906976744183,0.9000000000000005,0.0,0.0,0.8000000000000004,0.7162790697674405,0.6976744186046498,0.6976744186046498
0.49454545454545407,9.2734375,12.75,0.025,0.0,0.0,0.7750000000000004,0.19534883720930232,0.18604651162790697,0.3627906976744183,0.9000000000000005,0.0,0.0,0.8000000000000004,0.7162790697674405,0.6976744186046498,0.7069767441860452
0.49575757575757523,9.3046875,12.7734375,0.025,0.0,0.0,0.7750000000000004,0.19534883720930232,0.19534883720930232,0.3627906976744183,0.9000000000000005,0.0,0.0,0.8000000000000004,0.7162790697674405,0.6976744186046498,0.7069767441860452
0.49696969696969656,9.3359375,12.796875,0.025,0.0,0.0,0.7750000000000004,0.19534883720930232,0.19534883720930232,0.3720930232558136,0.9000000000000005,0.0,0.0,0.8000000000000004,0.7162790697674405,0.6976744186046498,0.7069767441860452
0.49818181818181767,9.359375,12.8203125,0.025,0.0,0.0,0.7750000000000004,0.19534883720930232,0.19534883720930232,0.3720930232558136,0.9000000000000005,0.0,0.0,0.8000000000000004,0.7255813953488358,0.6976744186046498,0.7069767441860452
0.4993939393939389,9.3828125,12.859375,0.025,0.0,0.0,0.7750000000000004,0.19534883720930232,0.19534883720930232,0.3720930232558136,0.9000000000000005,0.0,0.0,0.8000000000000004,0.7255813953488358,0.7069767441860452,0.7069767441860452
0.5006060606060602,9.40625,12.8828125,0.025,0.0,0.0,0.7750000000000004,0.19534883720930232,0.19534883720930232,0.3720930232558136,0.9000000000000005,0.0,0.0,0.8000000000000004,0.7255813953488358,0.7162790697674405,0.7069767441860452
0.5018181818181813,9.4296875,12.9140625,0.025,0.0,0.0,0.7750000000000004,0.19534883720930232,0.19534883720930232,0.3720930232558136,0.9000000000000005,0.0,0.0,0.8000000000000004,0.7255813953488358,0.7255813953488358,0.7069767441860452
0.5030303030303025,9.4609375,12.9296875,0.025,0.0,0.0,0.7750000000000004,0.19534883720930232,0.19534883720930232,0.38139534883720894,0.9000000000000005,0.0,0.0,0.8000000000000004,0.7255813953488358,0.7255813953488358,0.7069767441860452
0.5042424242424236,9.484375,12.9609375,0.025,0.0,0.0,0.7750000000000004,0.19534883720930232,0.19534883720930232,0.38139534883720894,0.9000000000000005,0.0,0.0,0.8000000000000004,0.7255813953488358,0.7255813953488358,0.7162790697674405
0.5054545454545449,9.5078125,12.9921875,0.025,0.0,0.0,0.7750000000000004,0.19534883720930232,0.19534883720930232,0.38139534883720894,0.9000000000000005,0.0,0.0,0.8000000000000004,0.7255813953488358,0.7255813953488358,0.7255813953488358
0.5066666666666662,9.5390625,13.015625,0.025,0.0,0.0,0.7750000000000004,0.20465116279069767,0.19534883720930232,0.38139534883720894,0.9000000000000005,0.0,0.0,0.8000000000000004,0.7255813953488358,0.7255813953488358,0.7255813953488358
0.5078787878787873,9.5703125,13.046875,0.025,0.0,0.0,0.7750000000000004,0.20465116279069767,0.19534883720930232,0.39069767441860426,0.9000000000000005,0.0,0.0,0.8000000000000004,0.7255813953488358,0.7255813953488358,0.7255813953488358
0.5090909090909085,9.59375,13.0703125,0.025,0.0,0.0,0.7750000000000004,0.20465116279069767,0.19534883720930232,0.39069767441860426,0.9000000000000005,0.0,0.0,0.8000000000000004,0.7255813953488358,0.7255813953488358,0.7348837209302311
0.5103030303030297,9.625,13.109375,0.025,0.0,0.0,0.7750000000000004,0.20465116279069767,0.19534883720930232,0.3999999999999996,0.9000000000000005,0.0,0.0,0.8000000000000004,0.7255813953488358,0.7255813953488358,0.7348837209302311
0.5115151515151509,9.65625,13.1328125,0.025,0.0,0.0,0.7750000000000004,0.20465116279069767,0.19534883720930232,0.4093023255813949,0.9000000000000005,0.0,0.0,0.8000000000000004,0.7255813953488358,0.7255813953488358,0.7348837209302311
0.5127272727272721,9.6796875,13.15625,0.025,0.0,0.0,0.7750000000000004,0.20465116279069767,0.19534883720930232,0.4093023255813949,0.9000000000000005,0.0,0.0,0.8000000000000004,0.7255813953488358,0.7255813953488358,0.7441860465116265
0.5139393939393934,9.7109375,13.1796875,0.025,0.0,0.0,0.7750000000000004,0.20465116279069767,0.19534883720930232,0.4093023255813949,0.9000000000000005,0.0,0.0,0.8250000000000004,0.7255813953488358,0.7255813953488358,0.7441860465116265
0.5151515151515146,9.734375,13.203125,0.025,0.0,0.0,0.7750000000000004,0.20465116279069767,0.19534883720930232,0.4093023255813949,0.9000000000000005,0.0,0.0,0.8250000000000004,0.7255813953488358,0.7255813953488358,0.7534883720930218
0.5163636363636358,9.765625,13.2421875,0.025,0.0,0.0,0.7750000000000004,0.20465116279069767,0.19534883720930232,0.4093023255813949,0.9000000000000005,0.0,0.0,0.8250000000000004,0.7348837209302311,0.7255813953488358,0.7534883720930218
0.5175757575757569,9.7890625,13.2578125,0.025,0.0,0.0,0.7750000000000004,0.20465116279069767,0.19534883720930232,0.4093023255813949,0.9000000000000005,0.0,0.0,0.8250000000000004,0.7441860465116265,0.7255813953488358,0.7534883720930218
0.5187878787878782,9.8125,13.2890625,0.025,0.0,0.0,0.7750000000000004,0.20465116279069767,0.19534883720930232,0.4093023255813949,0.9000000000000005,0.0,0.0,0.8250000000000004,0.7534883720930218,0.7255813953488358,0.7534883720930218
0.5199999999999994,9.8359375,13.3125,0.025,0.0,0.0,0.7750000000000004,0.20465116279069767,0.19534883720930232,0.4093023255813949,0.9000000000000005,0.0,0.0,0.8250000000000004,0.7627906976744171,0.7255813953488358,0.7534883720930218
0.5212121212121206,9.8671875,13.3515625,0.025,0.0,0.0,0.7750000000000004,0.21395348837209302,0.19534883720930232,0.4093023255813949,0.9000000000000005,0.0,0.0,0.8250000000000004,0.7627906976744171,0.7255813953488358,0.7534883720930218
0.5224242424242418,9.8984375,13.3671875,0.025,0.0,0.0,0.7750000000000004,0.22325581395348837,0.19534883720930232,0.4093023255813949,0.9000000000000005,0.0,0.0,0.8250000000000004,0.7627906976744171,0.7255813953488358,0.7534883720930218
0.523636363636363,9.9296875,13.390625,0.025,0.0,0.0,0.7750000000000004,0.22325581395348837,0.20465116279069767,0.4093023255813949,0.9000000000000005,0.0,0.0,0.8250000000000004,0.7627906976744171,0.7255813953488358,0.7534883720930218
0.5248484848484843,9.9609375,13.421875,0.025,0.0,0.0,0.7750000000000004,0.22325581395348837,0.21395348837209302,0.4093023255813949,0.9000000000000005,0.0,0.0,0.8250000000000004,0.7627906976744171,0.7255813953488358,0.7534883720930218
0.5260606060606055,9.9921875,13.4453125,0.025,0.0,0.0,0.8000000000000004,0.22325581395348837,0.21395348837209302,0.4093023255813949,0.9000000000000005,0.0,0.0,0.8250000000000004,0.7627906976744171,0.7255813953488358,0.7534883720930218
0.5272727272727266,10.0234375,13.4765625,0.025,0.0,0.0,0.8000000000000004,0.22325581395348837,0.22325581395348837,0.4093023255813949,0.9000000000000005,0.0,0.0,0.8250000000000004,0.7627906976744171,0.7255813953488358,0.7534883720930218
0.5284848484848479,10.046875,13.5,0.025,0.0,0.0,0.8000000000000004,0.22325581395348837,0.22325581395348837,0.4093023255813949,0.9000000000000005,0.0,0.0,0.8250000000000004,0.7720930232558124,0.7255813953488358,0.7534883720930218
0.529696969696969,10.078125,13.5234375,0.025,0.0,0.0,0.8000000000000004,0.22325581395348837,0.22325581395348837,0.4186046511627902,0.9000000000000005,0.0,0.0,0.8250000000000004,0.7720930232558124,0.7255813953488358,0.7534883720930218
0.5309090909090903,10.109375,13.546875,0.025,0.0,0.0,0.8000000000000004,0.22325581395348837,0.22325581395348837,0.42790697674418554,0.9000000000000005,0.0,0.0,0.8250000000000004,0.7720930232558124,0.7255813953488358,0.7534883720930218
0.5321212121212116,10.140625,13.5859375,0.025,0.0,0.0,0.8000000000000004,0.22325581395348837,0.22325581395348837,0.42790697674418554,0.9250000000000005,0.0,0.0,0.8250000000000004,0.7720930232558124,0.7255813953488358,0.7534883720930218
0.5333333333333327,10.1640625,13.609375,0.025,0.0,0.0,0.8000000000000004,0.22325581395348837,0.22325581395348837,0.42790697674418554,0.9250000000000005,0.0,0.0,0.8250000000000004,0.7813953488372077,0.7255813953488358,0.7534883720930218
0.534545454545454,10.1953125,13.6328125,0.025,0.0,0.0,0.8000000000000004,0.22325581395348837,0.22325581395348837,0.43720930232558086,0.9250000000000005,0.0,0.0,0.8250000000000004,0.7813953488372077,0.7255813953488358,0.7534883720930218
0.5357575757575751,10.2265625,13.65625,0.025,0.0,0.0,0.8000000000000004,0.22325581395348837,0.22325581395348837,0.4465116279069762,0.9250000000000005,0.0,0.0,0.8250000000000004,0.7813953488372077,0.7255813953488358,0.7534883720930218
0.5369696969696964,10.25,13.6875,0.025,0.0,0.0,0.8000000000000004,0.22325581395348837,0.22325581395348837,0.4465116279069762,0.9250000000000005,0.0,0.0,0.8250000000000004,0.7813953488372077,0.7348837209302311,0.7534883720930218
0.5381818181818175,10.2734375,13.71875,0.025,0.0,0.0,0.8000000000000004,0.22325581395348837,0.22325581395348837,0.4465116279069762,0.9250000000000005,0.0,0.0,0.8250000000000004,0.7813953488372077,0.7441860465116265,0.7534883720930218
0.5393939393939388,10.296875,13.7421875,0.025,0.0,0.0,0.8000000000000004,0.22325581395348837,0.22325581395348837,0.4465116279069762,0.9250000000000005,0.0,0.0,0.8250000000000004,0.7813953488372077,0.7534883720930218,0.7534883720930218
0.54060606060606,10.328125,13.765625,0.025,0.0,0.0,0.8000000000000004,0.22325581395348837,0.22325581395348837,0.4465116279069762,0.9250000000000005,0.0,0.0,0.8250000000000004,0.7906976744186031,0.7534883720930218,0.7534883720930218
0.5418181818181812,10.3515625,13.796875,0.025,0.0,0.0,0.8000000000000004,0.22325581395348837,0.22325581395348837,0.4465116279069762,0.9250000000000005,0.0,0.0,0.8250000000000004,0.7999999999999984,0.7534883720930218,0.7534883720930218
0.5430303030303023,10.375,13.828125,0.025,0.0,0.0,0.8000000000000004,0.22325581395348837,0.22325581395348837,0.4465116279069762,0.9250000000000005,0.0,0.0,0.8250000000000004,0.7999999999999984,0.7627906976744171,0.7534883720930218
0.5442424242424236,10.3984375,13.84375,0.025,0.0,0.0,0.8000000000000004,0.22325581395348837,0.22325581395348837,0.4465116279069762,0.9250000000000005,0.0,0.0,0.8250000000000004,0.7999999999999984,0.7720930232558124,0.7534883720930218
0.5454545454545447,10.421875,13.875,0.025,0.0,0.0,0.8000000000000004,0.22325581395348837,0.22325581395348837,0.4465116279069762,0.9250000000000005,0.0,0.0,0.8250000000000004,0.7999999999999984,0.7720930232558124,0.7627906976744171
0.546666666666666,10.4453125,13.90625,0.025,0.0,0.0,0.8000000000000004,0.22325581395348837,0.22325581395348837,0.4465116279069762,0.9250000000000005,0.0,0.0,0.8250000000000004,0.7999999999999984,0.7720930232558124,0.7720930232558124
0.5478787878787872,10.46875,13.9296875,0.025,0.0,0.0,0.8000000000000004,0.22325581395348837,0.22325581395348837,0.4465116279069762,0.9250000000000005,0.0,0.0,0.8250000000000004,0.7999999999999984,0.7720930232558124,0.7813953488372077
0.5490909090909084,10.5,13.953125,0.025,0.0,0.0,0.8000000000000004,0.22325581395348837,0.22325581395348837,0.4465116279069762,0.9250000000000005,0.0,0.0,0.8250000000000004,0.8093023255813937,0.7720930232558124,0.7813953488372077
0.5503030303030296,10.5234375,13.96875,0.025,0.0,0.0,0.8000000000000004,0.22325581395348837,0.22325581395348837,0.4465116279069762,0.9250000000000005,0.0,0.0,0.8250000000000004,0.818604651162789,0.7720930232558124,0.7813953488372077
0.551515151515151,10.5546875,14.0,0.025,0.0,0.0,0.8000000000000004,0.22325581395348837,0.22325581395348837,0.4465116279069762,0.9250000000000005,0.0,0.0,0.8250000000000004,0.8279069767441843,0.7720930232558124,0.7813953488372077
0.5527272727272721,10.578125,14.03125,0.025,0.0,0.0,0.8000000000000004,0.22325581395348837,0.22325581395348837,0.4465116279069762,0.9250000000000005,0.0,0.0,0.8250000000000004,0.8372093023255797,0.7720930232558124,0.7813953488372077
0.5539393939393933,10.609375,14.0546875,0.025,0.0,0.0,0.8000000000000004,0.22325581395348837,0.22325581395348837,0.4465116279069762,0.9250000000000005,0.0,0.0,0.8250000000000004,0.846511627906975,0.7720930232558124,0.7813953488372077
0.5551515151515145,10.6328125,14.078125,0.025,0.0,0.0,0.8000000000000004,0.22325581395348837,0.22325581395348837,0.4465116279069762,0.9250000000000005,0.0,0.0,0.8250000000000004,0.846511627906975,0.7813953488372077,0.7813953488372077
0.5563636363636356,10.65625,14.1015625,0.025,0.0,0.0,0.8000000000000004,0.22325581395348837,0.22325581395348837,0.4465116279069762,0.9250000000000005,0.0,0.0,0.8250000000000004,0.846511627906975,0.7906976744186031,0.7813953488372077
0.557575757575757,10.6875,14.1328125,0.025,0.0,0.0,0.8000000000000004,0.22325581395348837,0.22325581395348837,0.4465116279069762,0.9250000000000005,0.0,0.0,0.8250000000000004,0.8558139534883703,0.7906976744186031,0.7813953488372077
0.5587878787878782,10.7109375,14.15625,0.025,0.0,0.0,0.8000000000000004,0.22325581395348837,0.22325581395348837,0.4465116279069762,0.9250000000000005,0.0,0.0,0.8250000000000004,0.8558139534883703,0.7999999999999984,0.7813953488372077
0.5599999999999994,10.734375,14.1796875,0.025,0.0,0.0,0.8000000000000004,0.22325581395348837,0.22325581395348837,0.4465116279069762,0.9250000000000005,0.0,0.0,0.8250000000000004,0.8558139534883703,0.7999999999999984,0.7906976744186031
0.5612121212121205,10.7578125,14.203125,0.025,0.0,0.0,0.8000000000000004,0.22325581395348837,0.22325581395348837,0.4465116279069762,0.9250000000000005,0.0,0.0,0.8250000000000004,0.8558139534883703,0.7999999999999984,0.7999999999999984
0.5624242424242417,10.7890625,14.2421875,0.025,0.0,0.0,0.8000000000000004,0.22325581395348837,0.22325581395348837,0.4465116279069762,0.9500000000000005,0.0,0.0,0.8250000000000004,0.8558139534883703,0.7999999999999984,0.7999999999999984
0.5636363636363628,10.8203125,14.2578125,0.025,0.0,0.0,0.8000000000000004,0.22325581395348837,0.22325581395348837,0.4465116279069762,0.9500000000000005,0.0,0.0,0.8250000000000004,0.8651162790697656,0.7999999999999984,0.7999999999999984
0.564848484848484,10.8515625,14.28125,0.025,0.0,0.0,0.8000000000000004,0.22325581395348837,0.23255813953488372,0.4465116279069762,0.9500000000000005,0.0,0.0,0.8250000000000004,0.8651162790697656,0.7999999999999984,0.7999999999999984
0.5660606060606053,10.8828125,14.3203125,0.025,0.0,0.0,0.8000000000000004,0.22325581395348837,0.24186046511627907,0.4465116279069762,0.9500000000000005,0.0,0.0,0.8250000000000004,0.8651162790697656,0.7999999999999984,0.7999999999999984
0.5672727272727266,10.9140625,14.3359375,0.025,0.0,0.0,0.8000000000000004,0.23255813953488372,0.24186046511627907,0.4465116279069762,0.9500000000000005,0.0,0.0,0.8250000000000004,0.8651162790697656,0.7999999999999984,0.7999999999999984
0.5684848484848478,10.9453125,14.3671875,0.025,0.0,0.0,0.8000000000000004,0.24186046511627907,0.24186046511627907,0.4465116279069762,0.9500000000000005,0.0,0.0,0.8250000000000004,0.8651162790697656,0.7999999999999984,0.7999999999999984
0.569696969696969,10.96875,14.3828125,0.025,0.0,0.0,0.8000000000000004,0.24186046511627907,0.24186046511627907,0.4465116279069762,0.9500000000000005,0.0,0.0,0.8250000000000004,0.8651162790697656,0.8093023255813937,0.7999999999999984
0.5709090909090903,10.9921875,14.421875,0.025,0.0,0.0,0.8000000000000004,0.24186046511627907,0.24186046511627907,0.4465116279069762,0.9500000000000005,0.0,0.0,0.8250000000000004,0.8651162790697656,0.8093023255813937,0.8093023255813937
0.5721212121212114,11.0234375,14.4375,0.025,0.0,0.0,0.8000000000000004,0.24186046511627907,0.25116279069767444,0.4465116279069762,0.9500000000000005,0.0,0.0,0.8250000000000004,0.8651162790697656,0.8093023255813937,0.8093023255813937
0.5733333333333326,11.0546875,14.46875,0.025,0.0,0.0,0.8000000000000004,0.25116279069767444,0.25116279069767444,0.4465116279069762,0.9500000000000005,0.0,0.0,0.8250000000000004,0.8651162790697656,0.8093023255813937,0.8093023255813937
0.5745454545454538,11.078125,14.484375,0.025,0.0,0.0,0.8000000000000004,0.25116279069767444,0.25116279069767444,0.4465116279069762,0.9500000000000005,0.0,0.0,0.8250000000000004,0.8651162790697656,0.8093023255813937,0.818604651162789
0.575757575757575,11.109375,14.5234375,0.025,0.0,0.0,0.8000000000000004,0.26046511627906976,0.25116279069767444,0.4465116279069762,0.9500000000000005,0.0,0.0,0.8250000000000004,0.8651162790697656,0.8093023255813937,0.818604651162789
0.5769696969696962,11.1328125,14.5390625,0.025,0.0,0.0,0.8000000000000004,0.26046511627906976,0.25116279069767444,0.4465116279069762,0.9500000000000005,0.0,0.0,0.8250000000000004,0.8651162790697656,0.818604651162789,0.818604651162789
0.5781818181818176,11.1640625,14.5625,0.025,0.0,0.0,0.8000000000000004,0.26046511627906976,0.26046511627906976,0.4465116279069762,0.9500000000000005,0.0,0.0,0.8250000000000004,0.8651162790697656,0.818604651162789,0.818604651162789
0.5793939393939387,11.1875,14.5859375,0.025,0.0,0.0,0.8000000000000004,0.26046511627906976,0.26046511627906976,0.4465116279069762,0.9500000000000005,0.0,0.0,0.8250000000000004,0.8651162790697656,0.8279069767441843,0.818604651162789
0.58060606060606,11.2109375,14.625,0.025,0.0,0.0,0.8000000000000004,0.26046511627906976,0.26046511627906976,0.4465116279069762,0.9500000000000005,0.0,0.0,0.8250000000000004,0.8651162790697656,0.8372093023255797,0.818604651162789
0.5818181818181811,11.2421875,14.640625,0.025,0.0,0.0,0.8000000000000004,0.26046511627906976,0.26046511627906976,0.4558139534883715,0.9500000000000005,0.0,0.0,0.8250000000000004,0.8651162790697656,0.8372093023255797,0.818604651162789
0.5830303030303022,11.265625,14.6640625,0.025,0.0,0.0,0.8000000000000004,0.26046511627906976,0.26046511627906976,0.4558139534883715,0.9500000000000005,0.0,0.0,0.8250000000000004,0.8651162790697656,0.8372093023255797,0.8279069767441843
0.5842424242424235,11.296875,14.6953125,0.025,0.0,0.0,0.8000000000000004,0.26046511627906976,0.26046511627906976,0.4651162790697668,0.9500000000000005,0.0,0.0,0.8250000000000004,0.8651162790697656,0.8372093023255797,0.8279069767441843
0.5854545454545448,11.3203125,14.71875,0.025,0.0,0.0,0.8000000000000004,0.26046511627906976,0.26046511627906976,0.4651162790697668,0.9500000000000005,0.0,0.0,0.8250000000000004,0.8651162790697656,0.8372093023255797,0.8372093023255797
0.586666666666666,11.3515625,14.734375,0.025,0.0,0.0,0.8000000000000004,0.26046511627906976,0.2697674418604651,0.4651162790697668,0.9500000000000005,0.0,0.0,0.8250000000000004,0.8651162790697656,0.8372093023255797,0.8372093023255797
0.5878787878787872,11.3828125,14.7578125,0.025,0.0,0.0,0.8000000000000004,0.26046511627906976,0.2790697674418604,0.4651162790697668,0.9500000000000005,0.0,0.0,0.8250000000000004,0.8651162790697656,0.8372093023255797,0.8372093023255797
0.5890909090909086,11.4140625,14.7890625,0.025,0.0,0.0,0.8000000000000004,0.2697674418604651,0.2790697674418604,0.4651162790697668,0.9500000000000005,0.0,0.0,0.8250000000000004,0.8651162790697656,0.8372093023255797,0.8372093023255797
0.5903030303030297,11.4453125,14.8125,0.025,0.0,0.0,0.8000000000000004,0.2790697674418604,0.2790697674418604,0.4651162790697668,0.9500000000000005,0.0,0.0,0.8250000000000004,0.8651162790697656,0.8372093023255797,0.8372093023255797
0.5915151515151508,11.46875,14.8359375,0.025,0.0,0.0,0.8000000000000004,0.2790697674418604,0.2790697674418604,0.4651162790697668,0.9500000000000005,0.0,0.0,0.8250000000000004,0.8651162790697656,0.8372093023255797,0.846511627906975
0.5927272727272719,11.5,14.8671875,0.025,0.0,0.0,0.8000000000000004,0.2790697674418604,0.2790697674418604,0.47441860465116215,0.9500000000000005,0.0,0.0,0.8250000000000004,0.8651162790697656,0.8372093023255797,0.846511627906975
0.5939393939393932,11.53125,14.890625,0.025,0.0,0.0,0.8000000000000004,0.2790697674418604,0.2790697674418604,0.48372093023255747,0.9500000000000005,0.0,0.0,0.8250000000000004,0.8651162790697656,0.8372093023255797,0.846511627906975
0.5951515151515144,11.5625,14.90625,0.025,0.0,0.0,0.8000000000000004,0.2790697674418604,0.2790697674418604,0.4930232558139528,0.9500000000000005,0.0,0.0,0.8250000000000004,0.8651162790697656,0.8372093023255797,0.846511627906975
0.5963636363636357,11.5859375,14.921875,0.025,0.0,0.0,0.8000000000000004,0.2790697674418604,0.2790697674418604,0.4930232558139528,0.9500000000000005,0.0,0.0,0.8250000000000004,0.8651162790697656,0.8372093023255797,0.8558139534883703
0.597575757575757,11.6171875,14.9609375,0.025,0.0,0.0,0.8000000000000004,0.2790697674418604,0.2790697674418604,0.4930232558139528,0.9500000000000005,0.0,0.0,0.8500000000000004,0.8651162790697656,0.8372093023255797,0.8558139534883703
0.5987878787878781,11.6484375,14.9765625,0.025,0.0,0.0,0.8000000000000004,0.2790697674418604,0.2790697674418604,0.4930232558139528,0.9500000000000005,0.0,0.0,0.8500000000000004,0.874418604651161,0.8372093023255797,0.8558139534883703
0.5999999999999993,11.671875,15.0,0.025,0.0,0.0,0.8000000000000004,0.2790697674418604,0.2790697674418604,0.4930232558139528,0.9500000000000005,0.0,0.0,0.8500000000000004,0.874418604651161,0.846511627906975,0.8558139534883703
0.6012121212121205,11.6953125,15.03125,0.025,0.0,0.0,0.8000000000000004,0.2790697674418604,0.2790697674418604,0.4930232558139528,0.9500000000000005,0.0,0.0,0.8500000000000004,0.874418604651161,0.8558139534883703,0.8558139534883703
