Effective Sparsity,Activation Error,Baseline Error,q0,k0,v0,o0,gate0,up0,down0,q1,k1,v1,o1,gate1,up1,down1
0.0010330578512396697,0.0020694732666015625,0.0174102783203125,0.0,0.0,0.0,0.0,0.0,0.0,0.0,0.0,0.0,0.0,0.0,0.009259259259259259,0.0,0.0
0.0020661157024793393,0.0029888153076171875,0.0174102783203125,0.0,0.0,0.0,0.0,0.0,0.0,0.0,0.0,0.0,0.0,0.0,0.009259259259259259,0.009259259259259259,0.0
0.0030991735537190092,0.004550933837890625,0.0174102783203125,0.0,0.0,0.0,0.0,0.009259259259259259,0.0,0.0,0.0,0.0,0.0,0.0,0.009259259259259259,0.009259259259259259,0.0
0.004132231404958679,0.00601959228515625,0.0174102783203125,0.0,0.0,0.0,0.0,0.009259259259259259,0.009259259259259259,0.0,0.0,0.0,0.0,0.0,0.009259259259259259,0.009259259259259259,0.0
0.005165289256198348,0.00867462158203125,0.0174102783203125,0.0,0.0,0.0,0.0,0.009259259259259259,0.009259259259259259,0.0,0.0,0.0,0.0,0.0,0.009259259259259259,0.009259259259259259,0.009259259259259259
0.006198347107438018,0.01239776611328125,0.0174102783203125,0.0,0.0,0.0,0.0,0.009259259259259259,0.009259259259259259,0.009259259259259259,0.0,0.0,0.0,0.0,0.009259259259259259,0.009259259259259259,0.009259259259259259
0.007231404958677687,0.040496826171875,0.0174102783203125,0.0,0.0,0.0,0.0,0.009259259259259259,0.009259259259259259,0.009259259259259259,0.0,0.025,0.0,0.0,0.009259259259259259,0.009259259259259259,0.009259259259259259
0.008264462809917356,0.06195068359375,0.0174102783203125,0.0,0.0,0.0,0.0,0.009259259259259259,0.009259259259259259,0.009259259259259259,0.0,0.025,0.0,0.025,0.009259259259259259,0.009259259259259259,0.009259259259259259
0.009297520661157025,0.07965087890625,0.0174102783203125,0.0,0.0,0.0,0.0,0.009259259259259259,0.009259259259259259,0.009259259259259259,0.0,0.025,0.0,0.025,0.018518518518518517,0.009259259259259259,0.009259259259259259
0.010330578512396696,0.09283447265625,0.1448974609375,0.0,0.0,0.0,0.0,0.009259259259259259,0.009259259259259259,0.009259259259259259,0.025,0.025,0.0,0.025,0.018518518518518517,0.009259259259259259,0.009259259259259259
0.011363636363636367,0.106689453125,0.1591796875,0.0,0.0,0.0,0.0,0.009259259259259259,0.009259259259259259,0.009259259259259259,0.025,0.025,0.0,0.025,0.018518518518518517,0.018518518518518517,0.009259259259259259
0.012396694214876035,0.1224365234375,0.1732177734375,0.0,0.0,0.0,0.0,0.009259259259259259,0.009259259259259259,0.009259259259259259,0.025,0.025,0.0,0.025,0.027777777777777776,0.018518518518518517,0.009259259259259259
0.013429752066115705,0.1375732421875,0.1873779296875,0.0,0.0,0.0,0.0,0.009259259259259259,0.009259259259259259,0.009259259259259259,0.025,0.025,0.0,0.05,0.027777777777777776,0.018518518518518517,0.009259259259259259
0.014462809917355374,0.1517333984375,0.201904296875,0.0,0.0,0.0,0.0,0.009259259259259259,0.009259259259259259,0.009259259259259259,0.025,0.025,0.0,0.05,0.027777777777777776,0.018518518518518517,0.018518518518518517
0.015495867768595043,0.16455078125,0.21728515625,0.0,0.0,0.0,0.0,0.009259259259259259,0.009259259259259259,0.009259259259259259,0.025,0.025,0.0,0.05,0.027777777777777776,0.018518518518518517,0.027777777777777776
0.016528925619834715,0.1767578125,0.23291015625,0.0,0.0,0.0,0.0,0.009259259259259259,0.009259259259259259,0.009259259259259259,0.025,0.05,0.0,0.05,0.027777777777777776,0.018518518518518517,0.027777777777777776
0.017561983471074384,0.189208984375,0.24853515625,0.0,0.0,0.0,0.0,0.009259259259259259,0.009259259259259259,0.009259259259259259,0.025,0.05,0.0,0.07500000000000001,0.027777777777777776,0.018518518518518517,0.027777777777777776
0.018595041322314054,0.2012939453125,0.264404296875,0.0,0.0,0.0,0.0,0.009259259259259259,0.009259259259259259,0.009259259259259259,0.025,0.05,0.025,0.07500000000000001,0.027777777777777776,0.018518518518518517,0.027777777777777776
0.019628099173553723,0.213134765625,0.2802734375,0.0,0.0,0.0,0.0,0.009259259259259259,0.009259259259259259,0.009259259259259259,0.025,0.05,0.025,0.07500000000000001,0.027777777777777776,0.027777777777777776,0.027777777777777776
0.020661157024793392,0.224365234375,0.29541015625,0.0,0.0,0.0,0.0,0.009259259259259259,0.009259259259259259,0.009259259259259259,0.025,0.05,0.025,0.07500000000000001,0.027777777777777776,0.027777777777777776,0.037037037037037035
0.021694214876033062,0.2357177734375,0.31103515625,0.0,0.0,0.0,0.0,0.009259259259259259,0.009259259259259259,0.009259259259259259,0.025,0.07500000000000001,0.025,0.07500000000000001,0.027777777777777776,0.027777777777777776,0.037037037037037035
0.022727272727272735,0.2464599609375,0.32666015625,0.0,0.0,0.0,0.0,0.009259259259259259,0.009259259259259259,0.009259259259259259,0.025,0.07500000000000001,0.025,0.1,0.027777777777777776,0.027777777777777776,0.037037037037037035
0.023760330578512404,0.257080078125,0.342529296875,0.0,0.0,0.0,0.0,0.009259259259259259,0.009259259259259259,0.009259259259259259,0.025,0.07500000000000001,0.025,0.1,0.037037037037037035,0.027777777777777776,0.037037037037037035
0.02479338842975207,0.267822265625,0.358154296875,0.0,0.0,0.0,0.0,0.009259259259259259,0.009259259259259259,0.009259259259259259,0.025,0.1,0.025,0.1,0.037037037037037035,0.027777777777777776,0.037037037037037035
0.02582644628099174,0.278564453125,0.3740234375,0.0,0.0,0.0,0.0,0.009259259259259259,0.009259259259259259,0.009259259259259259,0.025,0.1,0.025,0.1,0.037037037037037035,0.027777777777777776,0.046296296296296294
0.026859504132231406,0.288818359375,0.389892578125,0.0,0.0,0.0,0.0,0.009259259259259259,0.009259259259259259,0.009259259259259259,0.025,0.1,0.025,0.125,0.037037037037037035,0.027777777777777776,0.046296296296296294
0.027892561983471075,0.299560546875,0.40576171875,0.0,0.0,0.0,0.0,0.009259259259259259,0.009259259259259259,0.009259259259259259,0.025,0.125,0.025,0.125,0.037037037037037035,0.027777777777777776,0.046296296296296294
0.028925619834710748,0.31005859375,0.420654296875,0.0,0.0,0.0,0.0,0.009259259259259259,0.009259259259259259,0.009259259259259259,0.025,0.125,0.025,0.15,0.037037037037037035,0.027777777777777776,0.046296296296296294
0.029958677685950418,0.3203125,0.435791015625,0.0,0.0,0.0,0.0,0.009259259259259259,0.009259259259259259,0.009259259259259259,0.025,0.125,0.025,0.15,0.037037037037037035,0.027777777777777776,0.05555555555555555
0.030991735537190087,0.33056640625,0.451171875,0.0,0.0,0.0,0.0,0.009259259259259259,0.009259259259259259,0.009259259259259259,0.025,0.125,0.025,0.15,0.046296296296296294,0.027777777777777776,0.05555555555555555
0.032024793388429756,0.3408203125,0.46630859375,0.0,0.0,0.0,0.0,0.009259259259259259,0.009259259259259259,0.009259259259259259,0.025,0.125,0.025,0.175,0.046296296296296294,0.027777777777777776,0.05555555555555555
0.03305785123966942,0.35107421875,0.48095703125,0.0,0.0,0.0,0.025,0.009259259259259259,0.009259259259259259,0.009259259259259259,0.025,0.125,0.025,0.175,0.046296296296296294,0.027777777777777776,0.05555555555555555
0.0340909090909091,0.360595703125,0.49560546875,0.0,0.0,0.0,0.025,0.009259259259259259,0.009259259259259259,0.009259259259259259,0.025,0.15,0.025,0.175,0.046296296296296294,0.027777777777777776,0.05555555555555555
0.03512396694214877,0.370361328125,0.51025390625,0.0,0.0,0.0,0.025,0.009259259259259259,0.009259259259259259,0.009259259259259259,0.025,0.15,0.025,0.175,0.046296296296296294,0.027777777777777776,0.06481481481481481
0.036157024793388434,0.380126953125,0.525390625,0.0,0.025,0.0,0.025,0.009259259259259259,0.009259259259259259,0.009259259259259259,0.025,0.15,0.025,0.175,0.046296296296296294,0.027777777777777776,0.06481481481481481
0.0371900826446281,0.389892578125,0.5390625,0.0,0.025,0.0,0.025,0.009259259259259259,0.009259259259259259,0.009259259259259259,0.025,0.15,0.025,0.175,0.046296296296296294,0.037037037037037035,0.06481481481481481
0.03822314049586778,0.3994140625,0.55322265625,0.0,0.025,0.0,0.025,0.009259259259259259,0.009259259259259259,0.009259259259259259,0.025,0.15,0.025,0.19999999999999998,0.046296296296296294,0.037037037037037035,0.06481481481481481
0.039256198347107446,0.408935546875,0.5673828125,0.0,0.025,0.0,0.025,0.009259259259259259,0.009259259259259259,0.009259259259259259,0.025,0.175,0.025,0.19999999999999998,0.046296296296296294,0.037037037037037035,0.06481481481481481
0.04028925619834711,0.41845703125,0.5810546875,0.0,0.025,0.0,0.025,0.009259259259259259,0.009259259259259259,0.009259259259259259,0.025,0.175,0.025,0.19999999999999998,0.05555555555555555,0.037037037037037035,0.06481481481481481
0.041322314049586785,0.427734375,0.59423828125,0.0,0.025,0.0,0.025,0.009259259259259259,0.009259259259259259,0.009259259259259259,0.025,0.175,0.025,0.19999999999999998,0.05555555555555555,0.037037037037037035,0.07407407407407407
0.04235537190082645,0.43701171875,0.607421875,0.0,0.025,0.0,0.025,0.009259259259259259,0.009259259259259259,0.009259259259259259,0.025,0.19999999999999998,0.025,0.19999999999999998,0.05555555555555555,0.037037037037037035,0.07407407407407407
0.043388429752066124,0.446533203125,0.62060546875,0.0,0.025,0.0,0.025,0.009259259259259259,0.009259259259259259,0.009259259259259259,0.025,0.19999999999999998,0.025,0.22499999999999998,0.05555555555555555,0.037037037037037035,0.07407407407407407
0.04442148760330579,0.45556640625,0.63427734375,0.0,0.025,0.0,0.025,0.009259259259259259,0.009259259259259259,0.009259259259259259,0.025,0.19999999999999998,0.025,0.22499999999999998,0.05555555555555555,0.037037037037037035,0.08333333333333333
0.04545454545454547,0.465087890625,0.64794921875,0.0,0.025,0.0,0.025,0.009259259259259259,0.009259259259259259,0.009259259259259259,0.05,0.19999999999999998,0.025,0.22499999999999998,0.05555555555555555,0.037037037037037035,0.08333333333333333
0.04648760330578513,0.47314453125,0.66015625,0.0,0.025,0.0,0.025,0.009259259259259259,0.009259259259259259,0.009259259259259259,0.07500000000000001,0.19999999999999998,0.025,0.22499999999999998,0.05555555555555555,0.037037037037037035,0.08333333333333333
0.04752066115702481,0.482177734375,0.67333984375,0.0,0.025,0.0,0.025,0.009259259259259259,0.009259259259259259,0.009259259259259259,0.07500000000000001,0.19999999999999998,0.05,0.22499999999999998,0.05555555555555555,0.037037037037037035,0.08333333333333333
0.048553719008264475,0.4912109375,0.68505859375,0.0,0.025,0.0,0.025,0.009259259259259259,0.009259259259259259,0.009259259259259259,0.07500000000000001,0.19999999999999998,0.05,0.22499999999999998,0.06481481481481481,0.037037037037037035,0.08333333333333333
0.04958677685950414,0.50048828125,0.69775390625,0.0,0.025,0.0,0.025,0.009259259259259259,0.009259259259259259,0.009259259259259259,0.1,0.19999999999999998,0.05,0.22499999999999998,0.06481481481481481,0.037037037037037035,0.08333333333333333
0.05061983471074381,0.50927734375,0.7109375,0.0,0.025,0.0,0.025,0.009259259259259259,0.009259259259259259,0.009259259259259259,0.1,0.19999999999999998,0.05,0.22499999999999998,0.06481481481481481,0.037037037037037035,0.09259259259259259
0.05165289256198348,0.5185546875,0.7236328125,0.0,0.025,0.0,0.025,0.009259259259259259,0.009259259259259259,0.009259259259259259,0.1,0.22499999999999998,0.05,0.22499999999999998,0.06481481481481481,0.037037037037037035,0.09259259259259259
0.052685950413223145,0.52734375,0.73583984375,0.0,0.025,0.0,0.025,0.009259259259259259,0.009259259259259259,0.009259259259259259,0.1,0.22499999999999998,0.07500000000000001,0.22499999999999998,0.06481481481481481,0.037037037037037035,0.09259259259259259
0.05371900826446282,0.5361328125,0.748046875,0.0,0.025,0.0,0.025,0.009259259259259259,0.009259259259259259,0.009259259259259259,0.1,0.22499999999999998,0.07500000000000001,0.22499999999999998,0.07407407407407407,0.037037037037037035,0.09259259259259259
0.054752066115702484,0.544921875,0.76123046875,0.0,0.025,0.0,0.025,0.009259259259259259,0.009259259259259259,0.009259259259259259,0.1,0.22499999999999998,0.07500000000000001,0.24999999999999997,0.07407407407407407,0.037037037037037035,0.09259259259259259
0.05578512396694215,0.55322265625,0.77294921875,0.0,0.025,0.0,0.025,0.009259259259259259,0.009259259259259259,0.009259259259259259,0.1,0.22499999999999998,0.07500000000000001,0.24999999999999997,0.07407407407407407,0.046296296296296294,0.09259259259259259
0.05681818181818183,0.5615234375,0.78466796875,0.0,0.025,0.0,0.025,0.009259259259259259,0.009259259259259259,0.009259259259259259,0.1,0.22499999999999998,0.07500000000000001,0.24999999999999997,0.07407407407407407,0.046296296296296294,0.10185185185185185
0.057851239669421496,0.5703125,0.796875,0.0,0.025,0.0,0.025,0.009259259259259259,0.009259259259259259,0.009259259259259259,0.1,0.24999999999999997,0.07500000000000001,0.24999999999999997,0.07407407407407407,0.046296296296296294,0.10185185185185185
0.05888429752066116,0.5791015625,0.80908203125,0.0,0.025,0.0,0.025,0.009259259259259259,0.009259259259259259,0.009259259259259259,0.1,0.24999999999999997,0.07500000000000001,0.27499999999999997,0.07407407407407407,0.046296296296296294,0.10185185185185185
0.05991735537190084,0.587890625,0.8203125,0.0,0.025,0.0,0.025,0.009259259259259259,0.009259259259259259,0.009259259259259259,0.1,0.24999999999999997,0.07500000000000001,0.27499999999999997,0.08333333333333333,0.046296296296296294,0.10185185185185185
0.06095041322314051,0.59619140625,0.83251953125,0.0,0.025,0.0,0.025,0.009259259259259259,0.009259259259259259,0.009259259259259259,0.1,0.24999999999999997,0.07500000000000001,0.27499999999999997,0.08333333333333333,0.046296296296296294,0.1111111111111111
0.061983471074380174,0.60498046875,0.8447265625,0.0,0.025,0.0,0.025,0.009259259259259259,0.009259259259259259,0.009259259259259259,0.1,0.27499999999999997,0.07500000000000001,0.27499999999999997,0.08333333333333333,0.046296296296296294,0.1111111111111111
0.06301652892561985,0.61376953125,0.85693359375,0.0,0.025,0.0,0.025,0.009259259259259259,0.009259259259259259,0.009259259259259259,0.1,0.27499999999999997,0.1,0.27499999999999997,0.08333333333333333,0.046296296296296294,0.1111111111111111
0.06404958677685951,0.6220703125,0.86865234375,0.0,0.025,0.0,0.025,0.009259259259259259,0.009259259259259259,0.009259259259259259,0.1,0.27499999999999997,0.1,0.27499999999999997,0.08333333333333333,0.046296296296296294,0.12037037037037036
0.06508264462809918,0.630859375,0.87939453125,0.0,0.025,0.0,0.025,0.009259259259259259,0.009259259259259259,0.009259259259259259,0.1,0.27499999999999997,0.1,0.27499999999999997,0.09259259259259259,0.046296296296296294,0.12037037037037036
0.06611570247933884,0.63916015625,0.89208984375,0.0,0.025,0.0,0.025,0.009259259259259259,0.009259259259259259,0.009259259259259259,0.1,0.27499999999999997,0.1,0.27499999999999997,0.09259259259259259,0.05555555555555555,0.12037037037037036
0.06714876033057851,0.64794921875,0.9033203125,0.0,0.025,0.0,0.05,0.009259259259259259,0.009259259259259259,0.009259259259259259,0.1,0.27499999999999997,0.1,0.27499999999999997,0.09259259259259259,0.05555555555555555,0.12037037037037036
0.06818181818181819,0.65673828125,0.91455078125,0.0,0.025,0.0,0.05,0.009259259259259259,0.009259259259259259,0.009259259259259259,0.125,0.27499999999999997,0.1,0.27499999999999997,0.09259259259259259,0.05555555555555555,0.12037037037037036
0.06921487603305786,0.6650390625,0.92529296875,0.0,0.025,0.0,0.05,0.009259259259259259,0.009259259259259259,0.009259259259259259,0.125,0.27499999999999997,0.1,0.27499999999999997,0.09259259259259259,0.05555555555555555,0.12962962962962962
0.07024793388429754,0.67333984375,0.9365234375,0.0,0.025,0.0,0.05,0.009259259259259259,0.009259259259259259,0.009259259259259259,0.125,0.27499999999999997,0.1,0.27499999999999997,0.10185185185185185,0.05555555555555555,0.12962962962962962
0.0712809917355372,0.681640625,0.9482421875,0.0,0.025,0.0,0.05,0.009259259259259259,0.009259259259259259,0.009259259259259259,0.125,0.27499999999999997,0.1,0.27499999999999997,0.10185185185185185,0.05555555555555555,0.1388888888888889
0.07231404958677687,0.6904296875,0.95947265625,0.0,0.025,0.0,0.05,0.009259259259259259,0.009259259259259259,0.009259259259259259,0.125,0.27499999999999997,0.125,0.27499999999999997,0.10185185185185185,0.05555555555555555,0.1388888888888889
0.07334710743801653,0.69873046875,0.97021484375,0.0,0.025,0.0,0.05,0.009259259259259259,0.009259259259259259,0.009259259259259259,0.125,0.27499999999999997,0.125,0.3,0.10185185185185185,0.05555555555555555,0.1388888888888889
0.07438016528925621,0.70703125,0.98095703125,0.0,0.025,0.0,0.05,0.009259259259259259,0.009259259259259259,0.009259259259259259,0.125,0.27499999999999997,0.125,0.3,0.1111111111111111,0.05555555555555555,0.1388888888888889
0.07541322314049588,0.7158203125,0.99267578125,0.0,0.025,0.0,0.05,0.009259259259259259,0.009259259259259259,0.009259259259259259,0.15,0.27499999999999997,0.125,0.3,0.1111111111111111,0.05555555555555555,0.1388888888888889
0.07644628099173556,0.72412109375,1.0029296875,0.0,0.025,0.0,0.05,0.009259259259259259,0.009259259259259259,0.009259259259259259,0.15,0.27499999999999997,0.125,0.3,0.1111111111111111,0.05555555555555555,0.14814814814814814
0.07747933884297523,0.732421875,1.013671875,0.0,0.025,0.0,0.05,0.009259259259259259,0.009259259259259259,0.009259259259259259,0.15,0.27499999999999997,0.125,0.3,0.12037037037037036,0.05555555555555555,0.14814814814814814
0.07851239669421489,0.7412109375,1.025390625,0.0,0.025,0.0,0.05,0.009259259259259259,0.009259259259259259,0.009259259259259259,0.15,0.3,0.125,0.3,0.12037037037037036,0.05555555555555555,0.14814814814814814
0.07954545454545456,0.74951171875,1.0361328125,0.0,0.025,0.0,0.05,0.009259259259259259,0.009259259259259259,0.009259259259259259,0.15,0.325,0.125,0.3,0.12037037037037036,0.05555555555555555,0.14814814814814814
0.08057851239669422,0.7578125,1.0478515625,0.0,0.025,0.0,0.05,0.009259259259259259,0.009259259259259259,0.009259259259259259,0.15,0.325,0.125,0.325,0.12037037037037036,0.05555555555555555,0.14814814814814814
0.08161157024793389,0.76611328125,1.05859375,0.0,0.025,0.0,0.05,0.009259259259259259,0.009259259259259259,0.009259259259259259,0.15,0.325,0.125,0.325,0.12962962962962962,0.05555555555555555,0.14814814814814814
0.08264462809917357,0.7744140625,1.0693359375,0.0,0.025,0.0,0.05,0.009259259259259259,0.009259259259259259,0.009259259259259259,0.15,0.325,0.125,0.325,0.12962962962962962,0.06481481481481481,0.14814814814814814
0.08367768595041324,0.7822265625,1.0791015625,0.0,0.025,0.0,0.05,0.009259259259259259,0.009259259259259259,0.009259259259259259,0.15,0.325,0.125,0.325,0.12962962962962962,0.06481481481481481,0.15740740740740738
0.08471074380165292,0.79052734375,1.0888671875,0.0,0.025,0.0,0.05,0.009259259259259259,0.009259259259259259,0.009259259259259259,0.15,0.325,0.125,0.35000000000000003,0.12962962962962962,0.06481481481481481,0.15740740740740738
0.08574380165289258,0.798828125,1.1005859375,0.0,0.025,0.0,0.05,0.009259259259259259,0.009259259259259259,0.009259259259259259,0.15,0.325,0.125,0.35000000000000003,0.12962962962962962,0.07407407407407407,0.15740740740740738
0.08677685950413225,0.80712890625,1.1103515625,0.0,0.025,0.0,0.05,0.009259259259259259,0.009259259259259259,0.009259259259259259,0.15,0.325,0.125,0.35000000000000003,0.12962962962962962,0.07407407407407407,0.16666666666666663
0.08780991735537191,0.8154296875,1.12109375,0.0,0.025,0.0,0.05,0.009259259259259259,0.009259259259259259,0.009259259259259259,0.15,0.35000000000000003,0.125,0.35000000000000003,0.12962962962962962,0.07407407407407407,0.16666666666666663
0.08884297520661158,0.82373046875,1.1318359375,0.0,0.025,0.0,0.05,0.009259259259259259,0.009259259259259259,0.009259259259259259,0.15,0.35000000000000003,0.125,0.35000000000000003,0.1388888888888889,0.07407407407407407,0.16666666666666663
0.08987603305785125,0.83203125,1.142578125,0.0,0.025,0.0,0.05,0.009259259259259259,0.009259259259259259,0.009259259259259259,0.15,0.35000000000000003,0.15,0.35000000000000003,0.1388888888888889,0.07407407407407407,0.16666666666666663
0.09090909090909094,0.84033203125,1.15234375,0.0,0.025,0.0,0.05,0.009259259259259259,0.009259259259259259,0.009259259259259259,0.175,0.35000000000000003,0.15,0.35000000000000003,0.1388888888888889,0.07407407407407407,0.16666666666666663
0.09194214876033059,0.84814453125,1.1640625,0.0,0.025,0.0,0.05,0.009259259259259259,0.009259259259259259,0.009259259259259259,0.175,0.35000000000000003,0.15,0.35000000000000003,0.14814814814814814,0.07407407407407407,0.16666666666666663
0.09297520661157026,0.85595703125,1.17578125,0.0,0.025,0.0,0.05,0.009259259259259259,0.009259259259259259,0.009259259259259259,0.175,0.35000000000000003,0.15,0.35000000000000003,0.14814814814814814,0.07407407407407407,0.17592592592592587
0.09400826446280992,0.8642578125,1.185546875,0.0,0.025,0.0,0.07500000000000001,0.009259259259259259,0.009259259259259259,0.009259259259259259,0.175,0.35000000000000003,0.15,0.35000000000000003,0.14814814814814814,0.07407407407407407,0.17592592592592587
0.09504132231404959,0.87255859375,1.1953125,0.0,0.025,0.0,0.07500000000000001,0.009259259259259259,0.009259259259259259,0.009259259259259259,0.175,0.35000000000000003,0.15,0.35000000000000003,0.15740740740740738,0.07407407407407407,0.17592592592592587
0.09607438016528926,0.88037109375,1.2060546875,0.0,0.025,0.0,0.07500000000000001,0.009259259259259259,0.009259259259259259,0.009259259259259259,0.175,0.35000000000000003,0.15,0.35000000000000003,0.15740740740740738,0.07407407407407407,0.18518518518518512
0.09710743801652892,0.888671875,1.216796875,0.0,0.025,0.0,0.07500000000000001,0.009259259259259259,0.009259259259259259,0.009259259259259259,0.175,0.35000000000000003,0.15,0.35000000000000003,0.16666666666666663,0.07407407407407407,0.18518518518518512
0.09814049586776862,0.896484375,1.2275390625,0.0,0.025,0.0,0.07500000000000001,0.009259259259259259,0.009259259259259259,0.009259259259259259,0.175,0.35000000000000003,0.15,0.35000000000000003,0.16666666666666663,0.08333333333333333,0.18518518518518512
0.09917355371900828,0.904296875,1.2373046875,0.0,0.025,0.0,0.07500000000000001,0.009259259259259259,0.009259259259259259,0.009259259259259259,0.175,0.35000000000000003,0.15,0.35000000000000003,0.16666666666666663,0.08333333333333333,0.19444444444444436
0.10020661157024795,0.91259765625,1.2470703125,0.0,0.025,0.0,0.07500000000000001,0.009259259259259259,0.009259259259259259,0.009259259259259259,0.175,0.35000000000000003,0.15,0.37500000000000006,0.16666666666666663,0.08333333333333333,0.19444444444444436
0.10123966942148763,0.9208984375,1.2578125,0.0,0.025,0.0,0.07500000000000001,0.009259259259259259,0.009259259259259259,0.009259259259259259,0.19999999999999998,0.35000000000000003,0.15,0.37500000000000006,0.16666666666666663,0.08333333333333333,0.19444444444444436
0.10227272727272729,0.92919921875,1.2685546875,0.0,0.025,0.0,0.07500000000000001,0.009259259259259259,0.009259259259259259,0.009259259259259259,0.19999999999999998,0.35000000000000003,0.175,0.37500000000000006,0.16666666666666663,0.08333333333333333,0.19444444444444436
0.10330578512396696,0.9375,1.279296875,0.0,0.025,0.0,0.07500000000000001,0.009259259259259259,0.009259259259259259,0.009259259259259259,0.19999999999999998,0.35000000000000003,0.175,0.37500000000000006,0.17592592592592587,0.08333333333333333,0.19444444444444436
0.10433884297520662,0.9453125,1.2880859375,0.0,0.025,0.0,0.07500000000000001,0.009259259259259259,0.009259259259259259,0.009259259259259259,0.19999999999999998,0.35000000000000003,0.175,0.37500000000000006,0.17592592592592587,0.08333333333333333,0.2037037037037036
0.10537190082644629,0.95361328125,1.2998046875,0.0,0.025,0.0,0.07500000000000001,0.009259259259259259,0.009259259259259259,0.009259259259259259,0.19999999999999998,0.37500000000000006,0.175,0.37500000000000006,0.17592592592592587,0.08333333333333333,0.2037037037037036
0.10640495867768596,0.96142578125,1.3115234375,0.0,0.025,0.0,0.07500000000000001,0.009259259259259259,0.009259259259259259,0.009259259259259259,0.19999999999999998,0.37500000000000006,0.175,0.37500000000000006,0.18518518518518512,0.08333333333333333,0.2037037037037036
0.10743801652892562,0.96923828125,1.3203125,0.0,0.025,0.0,0.07500000000000001,0.009259259259259259,0.009259259259259259,0.009259259259259259,0.19999999999999998,0.37500000000000006,0.175,0.37500000000000006,0.19444444444444436,0.08333333333333333,0.2037037037037036
0.10847107438016529,0.9775390625,1.33203125,0.0,0.025,0.0,0.07500000000000001,0.009259259259259259,0.009259259259259259,0.009259259259259259,0.19999999999999998,0.37500000000000006,0.175,0.37500000000000006,0.2037037037037036,0.08333333333333333,0.2037037037037036
0.10950413223140495,0.9853515625,1.3408203125,0.0,0.025,0.0,0.07500000000000001,0.009259259259259259,0.009259259259259259,0.009259259259259259,0.19999999999999998,0.37500000000000006,0.175,0.37500000000000006,0.2037037037037036,0.09259259259259259,0.2037037037037036
0.11053719008264463,0.99365234375,1.353515625,0.0,0.025,0.0,0.1,0.009259259259259259,0.009259259259259259,0.009259259259259259,0.19999999999999998,0.37500000000000006,0.175,0.37500000000000006,0.2037037037037036,0.09259259259259259,0.2037037037037036
0.1115702479338843,1.001953125,1.3623046875,0.0,0.025,0.0,0.1,0.009259259259259259,0.018518518518518517,0.009259259259259259,0.19999999999999998,0.37500000000000006,0.175,0.37500000000000006,0.2037037037037036,0.09259259259259259,0.2037037037037036
0.11260330578512397,1.009765625,1.37109375,0.0,0.025,0.0,0.1,0.009259259259259259,0.018518518518518517,0.009259259259259259,0.19999999999999998,0.37500000000000006,0.175,0.37500000000000006,0.2037037037037036,0.10185185185185185,0.2037037037037036
0.11363636363636363,1.017578125,1.3837890625,0.0,0.025,0.0,0.1,0.009259259259259259,0.018518518518518517,0.009259259259259259,0.19999999999999998,0.37500000000000006,0.175,0.37500000000000006,0.2037037037037036,0.10185185185185185,0.21296296296296285
0.1146694214876033,1.025390625,1.392578125,0.0,0.025,0.0,0.1,0.009259259259259259,0.018518518518518517,0.009259259259259259,0.19999999999999998,0.37500000000000006,0.175,0.37500000000000006,0.2037037037037036,0.10185185185185185,0.2222222222222221
0.11570247933884296,1.0341796875,1.4013671875,0.0,0.025,0.0,0.1,0.009259259259259259,0.018518518518518517,0.018518518518518517,0.19999999999999998,0.37500000000000006,0.175,0.37500000000000006,0.2037037037037036,0.10185185185185185,0.2222222222222221
0.11673553719008266,1.041015625,1.4130859375,0.0,0.025,0.0,0.1,0.009259259259259259,0.018518518518518517,0.027777777777777776,0.19999999999999998,0.37500000000000006,0.175,0.37500000000000006,0.2037037037037036,0.10185185185185185,0.2222222222222221
0.11776859504132232,1.048828125,1.4228515625,0.0,0.025,0.0,0.1,0.009259259259259259,0.018518518518518517,0.037037037037037035,0.19999999999999998,0.37500000000000006,0.175,0.37500000000000006,0.2037037037037036,0.10185185185185185,0.2222222222222221
0.11880165289256199,1.056640625,1.4326171875,0.0,0.025,0.0,0.1,0.018518518518518517,0.018518518518518517,0.037037037037037035,0.19999999999999998,0.37500000000000006,0.175,0.37500000000000006,0.2037037037037036,0.10185185185185185,0.2222222222222221
0.11983471074380166,1.064453125,1.4443359375,0.0,0.025,0.0,0.1,0.027777777777777776,0.018518518518518517,0.037037037037037035,0.19999999999999998,0.37500000000000006,0.175,0.37500000000000006,0.2037037037037036,0.10185185185185185,0.2222222222222221
0.12086776859504132,1.072265625,1.4541015625,0.0,0.025,0.0,0.1,0.027777777777777776,0.027777777777777776,0.037037037037037035,0.19999999999999998,0.37500000000000006,0.175,0.37500000000000006,0.2037037037037036,0.10185185185185185,0.2222222222222221
0.121900826446281,1.080078125,1.4638671875,0.0,0.025,0.0,0.1,0.027777777777777776,0.027777777777777776,0.046296296296296294,0.19999999999999998,0.37500000000000006,0.175,0.37500000000000006,0.2037037037037036,0.10185185185185185,0.2222222222222221
0.12293388429752065,1.087890625,1.47265625,0.0,0.025,0.0,0.1,0.027777777777777776,0.027777777777777776,0.046296296296296294,0.22499999999999998,0.37500000000000006,0.175,0.37500000000000006,0.2037037037037036,0.10185185185185185,0.2222222222222221
0.12396694214876033,1.095703125,1.482421875,0.0,0.025,0.0,0.1,0.027777777777777776,0.027777777777777776,0.046296296296296294,0.22499999999999998,0.4000000000000001,0.175,0.37500000000000006,0.2037037037037036,0.10185185185185185,0.2222222222222221
0.12500000000000003,1.103515625,1.494140625,0.0,0.025,0.0,0.1,0.027777777777777776,0.027777777777777776,0.046296296296296294,0.22499999999999998,0.4000000000000001,0.175,0.4000000000000001,0.2037037037037036,0.10185185185185185,0.2222222222222221
0.12603305785123967,1.111328125,1.50390625,0.0,0.025,0.0,0.1,0.027777777777777776,0.027777777777777776,0.046296296296296294,0.22499999999999998,0.4000000000000001,0.19999999999999998,0.4000000000000001,0.2037037037037036,0.10185185185185185,0.2222222222222221
0.12706611570247936,1.119140625,1.513671875,0.0,0.025,0.0,0.1,0.027777777777777776,0.027777777777777776,0.046296296296296294,0.22499999999999998,0.4000000000000001,0.19999999999999998,0.4000000000000001,0.21296296296296285,0.10185185185185185,0.2222222222222221
0.12809917355371903,1.126953125,1.5234375,0.0,0.025,0.0,0.1,0.027777777777777776,0.027777777777777776,0.046296296296296294,0.22499999999999998,0.4000000000000001,0.19999999999999998,0.4000000000000001,0.21296296296296285,0.1111111111111111,0.2222222222222221
0.1291322314049587,1.134765625,1.533203125,0.0,0.025,0.0,0.1,0.027777777777777776,0.027777777777777776,0.046296296296296294,0.22499999999999998,0.4000000000000001,0.19999999999999998,0.4000000000000001,0.21296296296296285,0.12037037037037036,0.2222222222222221
0.13016528925619836,1.142578125,1.54296875,0.0,0.025,0.0,0.1,0.027777777777777776,0.027777777777777776,0.046296296296296294,0.22499999999999998,0.4000000000000001,0.19999999999999998,0.4000000000000001,0.21296296296296285,0.12037037037037036,0.23148148148148134
0.13119834710743802,1.150390625,1.552734375,0.0,0.025,0.0,0.1,0.027777777777777776,0.027777777777777776,0.05555555555555555,0.22499999999999998,0.4000000000000001,0.19999999999999998,0.4000000000000001,0.21296296296296285,0.12037037037037036,0.23148148148148134
0.1322314049586777,1.158203125,1.5625,0.0,0.025,0.0,0.1,0.027777777777777776,0.027777777777777776,0.05555555555555555,0.22499999999999998,0.4000000000000001,0.19999999999999998,0.4000000000000001,0.21296296296296285,0.12962962962962962,0.23148148148148134
0.13326446280991736,1.166015625,1.5751953125,0.0,0.025,0.0,0.1,0.027777777777777776,0.027777777777777776,0.05555555555555555,0.22499999999999998,0.4000000000000001,0.19999999999999998,0.4000000000000001,0.2222222222222221,0.12962962962962962,0.23148148148148134
0.13429752066115702,1.173828125,1.5849609375,0.0,0.025,0.0,0.1,0.027777777777777776,0.027777777777777776,0.05555555555555555,0.22499999999999998,0.4000000000000001,0.19999999999999998,0.4000000000000001,0.23148148148148134,0.12962962962962962,0.23148148148148134
0.1353305785123967,1.181640625,1.5947265625,0.0,0.025,0.0,0.1,0.027777777777777776,0.027777777777777776,0.05555555555555555,0.24999999999999997,0.4000000000000001,0.19999999999999998,0.4000000000000001,0.23148148148148134,0.12962962962962962,0.23148148148148134
0.13636363636363635,1.189453125,1.6044921875,0.0,0.025,0.0,0.1,0.027777777777777776,0.027777777777777776,0.05555555555555555,0.24999999999999997,0.4000000000000001,0.19999999999999998,0.4000000000000001,0.23148148148148134,0.12962962962962962,0.2407407407407406
0.13739669421487602,1.1962890625,1.6142578125,0.0,0.025,0.0,0.1,0.027777777777777776,0.027777777777777776,0.05555555555555555,0.24999999999999997,0.4000000000000001,0.19999999999999998,0.4000000000000001,0.23148148148148134,0.12962962962962962,0.24999999999999983
0.1384297520661157,1.2041015625,1.6240234375,0.0,0.025,0.0,0.1,0.027777777777777776,0.027777777777777776,0.05555555555555555,0.27499999999999997,0.4000000000000001,0.19999999999999998,0.4000000000000001,0.23148148148148134,0.12962962962962962,0.24999999999999983
0.13946280991735535,1.2119140625,1.6337890625,0.0,0.025,0.0,0.1,0.027777777777777776,0.027777777777777776,0.05555555555555555,0.27499999999999997,0.4000000000000001,0.19999999999999998,0.4000000000000001,0.2407407407407406,0.12962962962962962,0.24999999999999983
0.14049586776859505,1.2197265625,1.6435546875,0.0,0.025,0.0,0.125,0.027777777777777776,0.027777777777777776,0.05555555555555555,0.27499999999999997,0.4000000000000001,0.19999999999999998,0.4000000000000001,0.2407407407407406,0.12962962962962962,0.24999999999999983
0.14152892561983468,1.2275390625,1.6533203125,0.0,0.025,0.0,0.125,0.027777777777777776,0.027777777777777776,0.05555555555555555,0.27499999999999997,0.4000000000000001,0.19999999999999998,0.4000000000000001,0.24999999999999983,0.12962962962962962,0.24999999999999983
0.14256198347107438,1.234375,1.6630859375,0.0,0.025,0.0,0.125,0.027777777777777776,0.027777777777777776,0.05555555555555555,0.27499999999999997,0.4000000000000001,0.19999999999999998,0.4000000000000001,0.24999999999999983,0.12962962962962962,0.2592592592592591
0.14359504132231407,1.2421875,1.6728515625,0.0,0.025,0.025,0.125,0.027777777777777776,0.027777777777777776,0.05555555555555555,0.27499999999999997,0.4000000000000001,0.19999999999999998,0.4000000000000001,0.24999999999999983,0.12962962962962962,0.2592592592592591
0.1446280991735537,1.25,1.68359375,0.0,0.025,0.025,0.125,0.027777777777777776,0.027777777777777776,0.05555555555555555,0.27499999999999997,0.4250000000000001,0.19999999999999998,0.4000000000000001,0.24999999999999983,0.12962962962962962,0.2592592592592591
0.1456611570247934,1.2578125,1.693359375,0.0,0.025,0.025,0.125,0.027777777777777776,0.027777777777777776,0.05555555555555555,0.27499999999999997,0.4250000000000001,0.22499999999999998,0.4000000000000001,0.24999999999999983,0.12962962962962962,0.2592592592592591
0.14669421487603304,1.265625,1.7001953125,0.0,0.025,0.025,0.125,0.027777777777777776,0.027777777777777776,0.05555555555555555,0.27499999999999997,0.4250000000000001,0.22499999999999998,0.4250000000000001,0.24999999999999983,0.12962962962962962,0.2592592592592591
0.14772727272727273,1.2734375,1.7099609375,0.0,0.025,0.025,0.125,0.027777777777777776,0.027777777777777776,0.06481481481481481,0.27499999999999997,0.4250000000000001,0.22499999999999998,0.4250000000000001,0.24999999999999983,0.12962962962962962,0.2592592592592591
0.1487603305785124,1.28125,1.720703125,0.0,0.025,0.025,0.125,0.037037037037037035,0.027777777777777776,0.06481481481481481,0.27499999999999997,0.4250000000000001,0.22499999999999998,0.4250000000000001,0.24999999999999983,0.12962962962962962,0.2592592592592591
0.14979338842975207,1.2890625,1.7314453125,0.0,0.025,0.025,0.125,0.037037037037037035,0.027777777777777776,0.06481481481481481,0.27499999999999997,0.4250000000000001,0.22499999999999998,0.4250000000000001,0.24999999999999983,0.1388888888888889,0.2592592592592591
0.15082644628099173,1.296875,1.740234375,0.0,0.025,0.025,0.125,0.037037037037037035,0.027777777777777776,0.06481481481481481,0.27499999999999997,0.4250000000000001,0.22499999999999998,0.4250000000000001,0.2592592592592591,0.1388888888888889,0.2592592592592591
0.1518595041322314,1.3046875,1.7509765625,0.0,0.025,0.025,0.125,0.037037037037037035,0.027777777777777776,0.06481481481481481,0.27499999999999997,0.4250000000000001,0.22499999999999998,0.4250000000000001,0.2685185185185183,0.1388888888888889,0.2592592592592591
0.15289256198347106,1.3125,1.7607421875,0.0,0.025,0.025,0.125,0.037037037037037035,0.027777777777777776,0.06481481481481481,0.3,0.4250000000000001,0.22499999999999998,0.4250000000000001,0.2685185185185183,0.1388888888888889,0.2592592592592591
0.15392561983471073,1.3203125,1.7705078125,0.0,0.025,0.025,0.125,0.037037037037037035,0.027777777777777776,0.06481481481481481,0.3,0.4250000000000001,0.22499999999999998,0.4250000000000001,0.27777777777777757,0.1388888888888889,0.2592592592592591
0.1549586776859504,1.328125,1.78125,0.0,0.025,0.025,0.125,0.037037037037037035,0.027777777777777776,0.06481481481481481,0.3,0.4250000000000001,0.22499999999999998,0.4250000000000001,0.2870370370370368,0.1388888888888889,0.2592592592592591
0.15599173553719006,1.3359375,1.7880859375,0.0,0.025,0.025,0.125,0.037037037037037035,0.027777777777777776,0.06481481481481481,0.3,0.4250000000000001,0.22499999999999998,0.4250000000000001,0.29629629629629606,0.1388888888888889,0.2592592592592591
0.15702479338842973,1.3427734375,1.7978515625,0.0,0.025,0.025,0.125,0.037037037037037035,0.027777777777777776,0.06481481481481481,0.3,0.4250000000000001,0.22499999999999998,0.4250000000000001,0.29629629629629606,0.1388888888888889,0.2685185185185183
0.1580578512396694,1.3505859375,1.80859375,0.0,0.025,0.025,0.125,0.037037037037037035,0.027777777777777776,0.06481481481481481,0.3,0.4250000000000001,0.22499999999999998,0.4250000000000001,0.29629629629629606,0.14814814814814814,0.2685185185185183
0.15909090909090906,1.357421875,1.8193359375,0.0,0.025,0.025,0.125,0.037037037037037035,0.027777777777777776,0.06481481481481481,0.3,0.4250000000000001,0.22499999999999998,0.4250000000000001,0.29629629629629606,0.14814814814814814,0.27777777777777757
0.16012396694214873,1.3642578125,1.830078125,0.0,0.025,0.025,0.125,0.037037037037037035,0.027777777777777776,0.06481481481481481,0.3,0.4250000000000001,0.22499999999999998,0.4250000000000001,0.29629629629629606,0.14814814814814814,0.2870370370370368
0.16115702479338842,1.3720703125,1.83984375,0.0,0.05,0.025,0.125,0.037037037037037035,0.027777777777777776,0.06481481481481481,0.3,0.4250000000000001,0.22499999999999998,0.4250000000000001,0.29629629629629606,0.14814814814814814,0.2870370370370368
0.16219008264462806,1.3798828125,1.84765625,0.0,0.05,0.025,0.15,0.037037037037037035,0.027777777777777776,0.06481481481481481,0.3,0.4250000000000001,0.22499999999999998,0.4250000000000001,0.29629629629629606,0.14814814814814814,0.2870370370370368
0.16322314049586775,1.3876953125,1.857421875,0.0,0.05,0.025,0.15,0.037037037037037035,0.027777777777777776,0.07407407407407407,0.3,0.4250000000000001,0.22499999999999998,0.4250000000000001,0.29629629629629606,0.14814814814814814,0.2870370370370368
0.16425619834710745,1.3955078125,1.8681640625,0.0,0.05,0.025,0.15,0.037037037037037035,0.027777777777777776,0.07407407407407407,0.325,0.4250000000000001,0.22499999999999998,0.4250000000000001,0.29629629629629606,0.14814814814814814,0.2870370370370368
0.1652892561983471,1.4033203125,1.8779296875,0.0,0.05,0.025,0.15,0.037037037037037035,0.027777777777777776,0.07407407407407407,0.325,0.4500000000000001,0.22499999999999998,0.4250000000000001,0.29629629629629606,0.14814814814814814,0.2870370370370368
0.16632231404958675,1.41015625,1.8857421875,0.0,0.05,0.025,0.15,0.037037037037037035,0.027777777777777776,0.07407407407407407,0.325,0.4500000000000001,0.22499999999999998,0.4250000000000001,0.29629629629629606,0.14814814814814814,0.29629629629629606
0.16735537190082644,1.41796875,1.8955078125,0.0,0.05,0.025,0.15,0.037037037037037035,0.027777777777777776,0.07407407407407407,0.325,0.4500000000000001,0.22499999999999998,0.4500000000000001,0.29629629629629606,0.14814814814814814,0.29629629629629606
0.1683884297520661,1.42578125,1.90625,0.0,0.05,0.025,0.175,0.037037037037037035,0.027777777777777776,0.07407407407407407,0.325,0.4500000000000001,0.22499999999999998,0.4500000000000001,0.29629629629629606,0.14814814814814814,0.29629629629629606
0.16942148760330578,1.43359375,1.916015625,0.0,0.05,0.025,0.175,0.037037037037037035,0.027777777777777776,0.07407407407407407,0.325,0.47500000000000014,0.22499999999999998,0.4500000000000001,0.29629629629629606,0.14814814814814814,0.29629629629629606
0.17045454545454544,1.44140625,1.927734375,0.0,0.05,0.025,0.175,0.037037037037037035,0.027777777777777776,0.08333333333333333,0.325,0.47500000000000014,0.22499999999999998,0.4500000000000001,0.29629629629629606,0.14814814814814814,0.29629629629629606
0.1714876033057851,1.44921875,1.9345703125,0.0,0.05,0.025,0.175,0.037037037037037035,0.027777777777777776,0.08333333333333333,0.325,0.47500000000000014,0.24999999999999997,0.4500000000000001,0.29629629629629606,0.14814814814814814,0.29629629629629606
0.17252066115702477,1.45703125,1.9443359375,0.0,0.05,0.025,0.175,0.037037037037037035,0.027777777777777776,0.08333333333333333,0.325,0.47500000000000014,0.24999999999999997,0.4500000000000001,0.3055555555555553,0.14814814814814814,0.29629629629629606
0.17355371900826447,1.46484375,1.955078125,0.0,0.05,0.025,0.175,0.037037037037037035,0.027777777777777776,0.08333333333333333,0.325,0.47500000000000014,0.24999999999999997,0.4500000000000001,0.31481481481481455,0.14814814814814814,0.29629629629629606
0.1745867768595041,1.4716796875,1.9619140625,0.0,0.05,0.025,0.175,0.037037037037037035,0.027777777777777776,0.08333333333333333,0.325,0.47500000000000014,0.24999999999999997,0.4500000000000001,0.31481481481481455,0.15740740740740738,0.29629629629629606
0.1756198347107438,1.478515625,1.9736328125,0.0,0.05,0.025,0.175,0.037037037037037035,0.027777777777777776,0.08333333333333333,0.325,0.47500000000000014,0.24999999999999997,0.4500000000000001,0.31481481481481455,0.15740740740740738,0.3055555555555553
0.17665289256198344,1.486328125,1.9833984375,0.0,0.05,0.025,0.175,0.037037037037037035,0.027777777777777776,0.08333333333333333,0.35000000000000003,0.47500000000000014,0.24999999999999997,0.4500000000000001,0.31481481481481455,0.15740740740740738,0.3055555555555553
0.17768595041322313,1.494140625,1.9931640625,0.0,0.05,0.025,0.175,0.037037037037037035,0.027777777777777776,0.08333333333333333,0.35000000000000003,0.47500000000000014,0.24999999999999997,0.4500000000000001,0.31481481481481455,0.16666666666666663,0.3055555555555553
0.17871900826446277,1.5009765625,2.001953125,0.0,0.05,0.025,0.175,0.037037037037037035,0.027777777777777776,0.08333333333333333,0.35000000000000003,0.47500000000000014,0.24999999999999997,0.4500000000000001,0.31481481481481455,0.17592592592592587,0.3055555555555553
0.17975206611570246,1.5078125,2.01171875,0.0,0.05,0.025,0.175,0.037037037037037035,0.027777777777777776,0.08333333333333333,0.35000000000000003,0.47500000000000014,0.24999999999999997,0.4500000000000001,0.31481481481481455,0.17592592592592587,0.31481481481481455
0.18078512396694216,1.515625,2.0234375,0.0,0.05,0.025,0.175,0.037037037037037035,0.027777777777777776,0.08333333333333333,0.35000000000000003,0.47500000000000014,0.27499999999999997,0.4500000000000001,0.31481481481481455,0.17592592592592587,0.31481481481481455
0.1818181818181818,1.5234375,2.03125,0.0,0.05,0.025,0.175,0.037037037037037035,0.027777777777777776,0.08333333333333333,0.35000000000000003,0.47500000000000014,0.27499999999999997,0.4500000000000001,0.31481481481481455,0.18518518518518512,0.31481481481481455
0.1828512396694215,1.5302734375,2.041015625,0.0,0.05,0.025,0.175,0.037037037037037035,0.027777777777777776,0.08333333333333333,0.35000000000000003,0.47500000000000014,0.27499999999999997,0.4500000000000001,0.31481481481481455,0.19444444444444436,0.31481481481481455
0.18388429752066113,1.5380859375,2.052734375,0.0,0.05,0.025,0.175,0.037037037037037035,0.027777777777777776,0.08333333333333333,0.35000000000000003,0.5000000000000001,0.27499999999999997,0.4500000000000001,0.31481481481481455,0.19444444444444436,0.31481481481481455
0.18491735537190082,1.5458984375,2.05859375,0.0,0.05,0.025,0.175,0.037037037037037035,0.027777777777777776,0.08333333333333333,0.35000000000000003,0.5000000000000001,0.27499999999999997,0.4500000000000001,0.3240740740740738,0.19444444444444436,0.31481481481481455
0.18595041322314046,1.5537109375,2.0703125,0.0,0.05,0.025,0.175,0.037037037037037035,0.027777777777777776,0.08333333333333333,0.35000000000000003,0.5000000000000001,0.27499999999999997,0.4500000000000001,0.33333333333333304,0.19444444444444436,0.31481481481481455
0.18698347107438015,1.560546875,2.080078125,0.0,0.05,0.025,0.175,0.037037037037037035,0.027777777777777776,0.08333333333333333,0.35000000000000003,0.5000000000000001,0.27499999999999997,0.4500000000000001,0.33333333333333304,0.19444444444444436,0.3240740740740738
0.18801652892561982,1.568359375,2.087890625,0.0,0.05,0.025,0.19999999999999998,0.037037037037037035,0.027777777777777776,0.08333333333333333,0.35000000000000003,0.5000000000000001,0.27499999999999997,0.4500000000000001,0.33333333333333304,0.19444444444444436,0.3240740740740738
0.1890495867768595,1.576171875,2.09765625,0.0,0.05,0.025,0.19999999999999998,0.037037037037037035,0.027777777777777776,0.08333333333333333,0.35000000000000003,0.5000000000000001,0.27499999999999997,0.4500000000000001,0.3425925925925923,0.19444444444444436,0.3240740740740738
0.19008264462809915,1.5830078125,2.107421875,0.0,0.05,0.025,0.19999999999999998,0.037037037037037035,0.027777777777777776,0.08333333333333333,0.35000000000000003,0.5000000000000001,0.27499999999999997,0.4500000000000001,0.3425925925925923,0.2037037037037036,0.3240740740740738
0.19111570247933884,1.5908203125,2.1171875,0.0,0.05,0.025,0.19999999999999998,0.037037037037037035,0.027777777777777776,0.08333333333333333,0.35000000000000003,0.5000000000000001,0.27499999999999997,0.4500000000000001,0.3518518518518515,0.2037037037037036,0.3240740740740738
0.19214876033057848,1.59765625,2.126953125,0.0,0.05,0.025,0.19999999999999998,0.037037037037037035,0.027777777777777776,0.08333333333333333,0.35000000000000003,0.5000000000000001,0.27499999999999997,0.4500000000000001,0.3518518518518515,0.2037037037037036,0.33333333333333304
0.19318181818181818,1.60546875,2.134765625,0.0,0.05,0.025,0.19999999999999998,0.046296296296296294,0.027777777777777776,0.08333333333333333,0.35000000000000003,0.5000000000000001,0.27499999999999997,0.4500000000000001,0.3518518518518515,0.2037037037037036,0.33333333333333304
0.19421487603305781,1.61328125,2.146484375,0.0,0.05,0.025,0.19999999999999998,0.046296296296296294,0.027777777777777776,0.08333333333333333,0.35000000000000003,0.5000000000000001,0.27499999999999997,0.47500000000000014,0.3518518518518515,0.2037037037037036,0.33333333333333304
0.1952479338842975,1.62109375,2.158203125,0.0,0.05,0.025,0.19999999999999998,0.046296296296296294,0.027777777777777776,0.09259259259259259,0.35000000000000003,0.5000000000000001,0.27499999999999997,0.47500000000000014,0.3518518518518515,0.2037037037037036,0.33333333333333304
0.19628099173553715,1.62890625,2.166015625,0.0,0.05,0.025,0.19999999999999998,0.046296296296296294,0.027777777777777776,0.09259259259259259,0.35000000000000003,0.5000000000000001,0.27499999999999997,0.47500000000000014,0.36111111111111077,0.2037037037037036,0.33333333333333304
0.19731404958677684,1.63671875,2.17578125,0.0,0.05,0.025,0.19999999999999998,0.046296296296296294,0.037037037037037035,0.09259259259259259,0.35000000000000003,0.5000000000000001,0.27499999999999997,0.47500000000000014,0.36111111111111077,0.2037037037037036,0.33333333333333304
0.19834710743801648,1.64453125,2.18359375,0.0,0.05,0.025,0.19999999999999998,0.046296296296296294,0.037037037037037035,0.09259259259259259,0.35000000000000003,0.5000000000000001,0.27499999999999997,0.47500000000000014,0.37037037037037,0.2037037037037036,0.33333333333333304
0.19938016528925617,1.6513671875,2.1953125,0.0,0.05,0.025,0.19999999999999998,0.046296296296296294,0.037037037037037035,0.09259259259259259,0.35000000000000003,0.5000000000000001,0.27499999999999997,0.47500000000000014,0.37037037037037,0.21296296296296285,0.33333333333333304
0.2004132231404958,1.658203125,2.201171875,0.0,0.05,0.025,0.19999999999999998,0.046296296296296294,0.037037037037037035,0.09259259259259259,0.35000000000000003,0.5000000000000001,0.27499999999999997,0.47500000000000014,0.37037037037037,0.21296296296296285,0.3425925925925923
0.2014462809917355,1.6650390625,2.212890625,0.0,0.05,0.025,0.19999999999999998,0.046296296296296294,0.037037037037037035,0.09259259259259259,0.35000000000000003,0.5000000000000001,0.27499999999999997,0.47500000000000014,0.37037037037037,0.21296296296296285,0.3518518518518515
0.20247933884297514,1.6728515625,2.224609375,0.0,0.05,0.025,0.22499999999999998,0.046296296296296294,0.037037037037037035,0.09259259259259259,0.35000000000000003,0.5000000000000001,0.27499999999999997,0.47500000000000014,0.37037037037037,0.21296296296296285,0.3518518518518515
0.20351239669421484,1.6806640625,2.232421875,0.0,0.05,0.025,0.22499999999999998,0.046296296296296294,0.037037037037037035,0.10185185185185185,0.35000000000000003,0.5000000000000001,0.27499999999999997,0.47500000000000014,0.37037037037037,0.21296296296296285,0.3518518518518515
0.2045454545454545,1.6884765625,2.2421875,0.0,0.05,0.025,0.22499999999999998,0.046296296296296294,0.037037037037037035,0.10185185185185185,0.35000000000000003,0.5250000000000001,0.27499999999999997,0.47500000000000014,0.37037037037037,0.21296296296296285,0.3518518518518515
0.20557851239669417,1.6962890625,2.25,0.0,0.05,0.025,0.22499999999999998,0.046296296296296294,0.037037037037037035,0.10185185185185185,0.35000000000000003,0.5500000000000002,0.27499999999999997,0.47500000000000014,0.37037037037037,0.21296296296296285,0.3518518518518515
0.20661157024793383,1.7041015625,2.26171875,0.0,0.05,0.025,0.22499999999999998,0.046296296296296294,0.037037037037037035,0.10185185185185185,0.35000000000000003,0.5500000000000002,0.27499999999999997,0.47500000000000014,0.37962962962962926,0.21296296296296285,0.3518518518518515
0.20764462809917353,1.7109375,2.26953125,0.0,0.05,0.025,0.22499999999999998,0.046296296296296294,0.037037037037037035,0.10185185185185185,0.35000000000000003,0.5500000000000002,0.27499999999999997,0.47500000000000014,0.37962962962962926,0.21296296296296285,0.36111111111111077
0.20867768595041322,1.71875,2.28125,0.0,0.05,0.025,0.22499999999999998,0.046296296296296294,0.037037037037037035,0.10185185185185185,0.35000000000000003,0.5500000000000002,0.27499999999999997,0.47500000000000014,0.37962962962962926,0.2222222222222221,0.36111111111111077
0.20971074380165283,1.7265625,2.2890625,0.0,0.05,0.025,0.22499999999999998,0.046296296296296294,0.037037037037037035,0.1111111111111111,0.35000000000000003,0.5500000000000002,0.27499999999999997,0.47500000000000014,0.37962962962962926,0.2222222222222221,0.36111111111111077
0.2107438016528925,1.734375,2.30078125,0.0,0.05,0.025,0.22499999999999998,0.046296296296296294,0.037037037037037035,0.1111111111111111,0.35000000000000003,0.5500000000000002,0.27499999999999997,0.47500000000000014,0.3888888888888885,0.2222222222222221,0.36111111111111077
0.2117768595041322,1.7421875,2.306640625,0.0,0.05,0.025,0.22499999999999998,0.046296296296296294,0.037037037037037035,0.1111111111111111,0.35000000000000003,0.5750000000000002,0.27499999999999997,0.47500000000000014,0.3888888888888885,0.2222222222222221,0.36111111111111077
0.21280991735537189,1.75,2.318359375,0.0,0.05,0.025,0.22499999999999998,0.046296296296296294,0.037037037037037035,0.1111111111111111,0.35000000000000003,0.5750000000000002,0.27499999999999997,0.47500000000000014,0.3888888888888885,0.23148148148148134,0.36111111111111077
0.21384297520661152,1.7568359375,2.328125,0.0,0.05,0.025,0.22499999999999998,0.046296296296296294,0.037037037037037035,0.1111111111111111,0.35000000000000003,0.5750000000000002,0.27499999999999997,0.47500000000000014,0.3888888888888885,0.23148148148148134,0.37037037037037
0.21487603305785116,1.763671875,2.337890625,0.0,0.05,0.025,0.22499999999999998,0.046296296296296294,0.037037037037037035,0.1111111111111111,0.35000000000000003,0.5750000000000002,0.27499999999999997,0.47500000000000014,0.3888888888888885,0.23148148148148134,0.37962962962962926
0.21590909090909086,1.771484375,2.34765625,0.0,0.05,0.025,0.24999999999999997,0.046296296296296294,0.037037037037037035,0.1111111111111111,0.35000000000000003,0.5750000000000002,0.27499999999999997,0.47500000000000014,0.3888888888888885,0.23148148148148134,0.37962962962962926
0.21694214876033055,1.779296875,2.35546875,0.0,0.05,0.025,0.24999999999999997,0.046296296296296294,0.037037037037037035,0.1111111111111111,0.37500000000000006,0.5750000000000002,0.27499999999999997,0.47500000000000014,0.3888888888888885,0.23148148148148134,0.37962962962962926
0.21797520661157022,1.787109375,2.3671875,0.0,0.05,0.025,0.24999999999999997,0.046296296296296294,0.037037037037037035,0.1111111111111111,0.37500000000000006,0.5750000000000002,0.27499999999999997,0.47500000000000014,0.39814814814814775,0.23148148148148134,0.37962962962962926
0.2190082644628099,1.794921875,2.375,0.0,0.05,0.025,0.24999999999999997,0.046296296296296294,0.037037037037037035,0.1111111111111111,0.37500000000000006,0.5750000000000002,0.3,0.47500000000000014,0.39814814814814775,0.23148148148148134,0.37962962962962926
0.22004132231404952,1.802734375,2.38671875,0.0,0.05,0.025,0.24999999999999997,0.046296296296296294,0.037037037037037035,0.1111111111111111,0.37500000000000006,0.5750000000000002,0.3,0.47500000000000014,0.407407407407407,0.23148148148148134,0.37962962962962926
0.2210743801652892,1.8095703125,2.39453125,0.0,0.05,0.025,0.24999999999999997,0.046296296296296294,0.037037037037037035,0.1111111111111111,0.37500000000000006,0.5750000000000002,0.3,0.47500000000000014,0.407407407407407,0.2407407407407406,0.37962962962962926
0.22210743801652888,1.81640625,2.40234375,0.0,0.05,0.025,0.24999999999999997,0.046296296296296294,0.037037037037037035,0.1111111111111111,0.37500000000000006,0.5750000000000002,0.3,0.47500000000000014,0.407407407407407,0.24999999999999983,0.37962962962962926
0.22314049586776857,1.82421875,2.4140625,0.0,0.05,0.025,0.24999999999999997,0.046296296296296294,0.037037037037037035,0.1111111111111111,0.4000000000000001,0.5750000000000002,0.3,0.47500000000000014,0.407407407407407,0.24999999999999983,0.37962962962962926
0.22417355371900818,1.83203125,2.421875,0.0,0.05,0.025,0.24999999999999997,0.046296296296296294,0.037037037037037035,0.1111111111111111,0.4250000000000001,0.5750000000000002,0.3,0.47500000000000014,0.407407407407407,0.24999999999999983,0.37962962962962926
0.22520661157024788,1.83984375,2.43359375,0.0,0.05,0.025,0.24999999999999997,0.046296296296296294,0.037037037037037035,0.1111111111111111,0.4250000000000001,0.5750000000000002,0.325,0.47500000000000014,0.407407407407407,0.24999999999999983,0.37962962962962926
0.22623966942148754,1.84765625,2.439453125,0.0,0.05,0.025,0.24999999999999997,0.046296296296296294,0.037037037037037035,0.1111111111111111,0.4250000000000001,0.5750000000000002,0.325,0.5000000000000001,0.407407407407407,0.24999999999999983,0.37962962962962926
0.22727272727272724,1.85546875,2.453125,0.0,0.05,0.025,0.24999999999999997,0.046296296296296294,0.037037037037037035,0.1111111111111111,0.4250000000000001,0.5750000000000002,0.325,0.5000000000000001,0.41666666666666624,0.24999999999999983,0.37962962962962926
0.22830578512396688,1.8623046875,2.4609375,0.0,0.05,0.025,0.24999999999999997,0.046296296296296294,0.037037037037037035,0.1111111111111111,0.4250000000000001,0.5750000000000002,0.325,0.5000000000000001,0.41666666666666624,0.24999999999999983,0.3888888888888885
0.22933884297520657,1.8701171875,2.470703125,0.0,0.05,0.025,0.24999999999999997,0.046296296296296294,0.037037037037037035,0.1111111111111111,0.4250000000000001,0.5750000000000002,0.325,0.5000000000000001,0.4259259259259255,0.24999999999999983,0.3888888888888885
0.2303719008264462,1.876953125,2.478515625,0.0,0.05,0.025,0.24999999999999997,0.046296296296296294,0.037037037037037035,0.1111111111111111,0.4250000000000001,0.5750000000000002,0.325,0.5000000000000001,0.4259259259259255,0.2592592592592591,0.3888888888888885
0.2314049586776859,1.884765625,2.490234375,0.0,0.05,0.025,0.24999999999999997,0.046296296296296294,0.037037037037037035,0.1111111111111111,0.4250000000000001,0.5750000000000002,0.325,0.5000000000000001,0.4259259259259255,0.2685185185185183,0.3888888888888885
0.2324380165289256,1.8916015625,2.498046875,0.0,0.05,0.025,0.24999999999999997,0.046296296296296294,0.037037037037037035,0.1111111111111111,0.4250000000000001,0.5750000000000002,0.325,0.5000000000000001,0.4259259259259255,0.2685185185185183,0.39814814814814775
0.23347107438016523,1.8984375,2.509765625,0.0,0.05,0.025,0.24999999999999997,0.046296296296296294,0.037037037037037035,0.1111111111111111,0.4250000000000001,0.5750000000000002,0.325,0.5000000000000001,0.4259259259259255,0.2685185185185183,0.407407407407407
0.23450413223140493,1.9052734375,2.517578125,0.0,0.05,0.025,0.24999999999999997,0.046296296296296294,0.037037037037037035,0.1111111111111111,0.4250000000000001,0.5750000000000002,0.325,0.5000000000000001,0.4259259259259255,0.2685185185185183,0.41666666666666624
0.23553719008264457,1.9130859375,2.525390625,0.0,0.05,0.025,0.24999999999999997,0.046296296296296294,0.037037037037037035,0.12037037037037036,0.4250000000000001,0.5750000000000002,0.325,0.5000000000000001,0.4259259259259255,0.2685185185185183,0.41666666666666624
0.23657024793388426,1.9208984375,2.537109375,0.0,0.05,0.025,0.24999999999999997,0.046296296296296294,0.037037037037037035,0.12037037037037036,0.4250000000000001,0.5750000000000002,0.325,0.5000000000000001,0.43518518518518473,0.2685185185185183,0.41666666666666624
0.2376033057851239,1.9287109375,2.544921875,0.0,0.05,0.025,0.24999999999999997,0.046296296296296294,0.037037037037037035,0.12037037037037036,0.4250000000000001,0.5750000000000002,0.325,0.5000000000000001,0.444444444444444,0.2685185185185183,0.41666666666666624
0.2386363636363636,1.935546875,2.556640625,0.0,0.05,0.025,0.24999999999999997,0.046296296296296294,0.037037037037037035,0.12037037037037036,0.4250000000000001,0.5750000000000002,0.325,0.5000000000000001,0.444444444444444,0.27777777777777757,0.41666666666666624
0.23966942148760323,1.943359375,2.564453125,0.0,0.05,0.025,0.27499999999999997,0.046296296296296294,0.037037037037037035,0.12037037037037036,0.4250000000000001,0.5750000000000002,0.325,0.5000000000000001,0.444444444444444,0.27777777777777757,0.41666666666666624
0.24070247933884292,1.951171875,2.576171875,0.0,0.05,0.025,0.27499999999999997,0.05555555555555555,0.037037037037037035,0.12037037037037036,0.4250000000000001,0.5750000000000002,0.325,0.5000000000000001,0.444444444444444,0.27777777777777757,0.41666666666666624
0.2417355371900826,1.958984375,2.583984375,0.0,0.05,0.025,0.27499999999999997,0.05555555555555555,0.037037037037037035,0.12037037037037036,0.4250000000000001,0.5750000000000002,0.325,0.5000000000000001,0.444444444444444,0.2870370370370368,0.41666666666666624
0.24276859504132225,1.9658203125,2.591796875,0.0,0.05,0.025,0.27499999999999997,0.05555555555555555,0.037037037037037035,0.12037037037037036,0.4250000000000001,0.5750000000000002,0.325,0.5000000000000001,0.444444444444444,0.29629629629629606,0.41666666666666624
0.24380165289256192,1.9736328125,2.603515625,0.0,0.05,0.025,0.27499999999999997,0.05555555555555555,0.037037037037037035,0.12037037037037036,0.4250000000000001,0.5750000000000002,0.325,0.5000000000000001,0.4537037037037032,0.29629629629629606,0.41666666666666624
0.24483471074380161,1.9814453125,2.611328125,0.0,0.05,0.025,0.27499999999999997,0.05555555555555555,0.037037037037037035,0.12037037037037036,0.4250000000000001,0.5750000000000002,0.325,0.5000000000000001,0.46296296296296247,0.29629629629629606,0.41666666666666624
0.24586776859504125,1.98828125,2.623046875,0.0,0.05,0.025,0.27499999999999997,0.05555555555555555,0.037037037037037035,0.12037037037037036,0.4250000000000001,0.5750000000000002,0.325,0.5000000000000001,0.46296296296296247,0.29629629629629606,0.4259259259259255
0.24690082644628095,1.9951171875,2.630859375,0.0,0.05,0.025,0.27499999999999997,0.05555555555555555,0.037037037037037035,0.12037037037037036,0.4250000000000001,0.5750000000000002,0.325,0.5000000000000001,0.46296296296296247,0.29629629629629606,0.43518518518518473
0.24793388429752064,2.001953125,2.642578125,0.0,0.05,0.025,0.27499999999999997,0.05555555555555555,0.037037037037037035,0.12037037037037036,0.4250000000000001,0.5750000000000002,0.325,0.5000000000000001,0.46296296296296247,0.29629629629629606,0.444444444444444
0.24896694214876025,2.009765625,2.650390625,0.0,0.05,0.025,0.27499999999999997,0.05555555555555555,0.037037037037037035,0.12962962962962962,0.4250000000000001,0.5750000000000002,0.325,0.5000000000000001,0.46296296296296247,0.29629629629629606,0.444444444444444
0.24999999999999992,2.017578125,2.66015625,0.0,0.05,0.025,0.27499999999999997,0.05555555555555555,0.037037037037037035,0.12962962962962962,0.4500000000000001,0.5750000000000002,0.325,0.5000000000000001,0.46296296296296247,0.29629629629629606,0.444444444444444
0.25103305785123964,2.025390625,2.669921875,0.0,0.05,0.025,0.27499999999999997,0.05555555555555555,0.037037037037037035,0.12962962962962962,0.47500000000000014,0.5750000000000002,0.325,0.5000000000000001,0.46296296296296247,0.29629629629629606,0.444444444444444
0.2520661157024793,2.033203125,2.677734375,0.0,0.05,0.025,0.27499999999999997,0.05555555555555555,0.037037037037037035,0.12962962962962962,0.47500000000000014,0.5750000000000002,0.325,0.5000000000000001,0.46296296296296247,0.3055555555555553,0.444444444444444
0.2530991735537189,2.041015625,2.6875,0.0,0.05,0.025,0.27499999999999997,0.05555555555555555,0.037037037037037035,0.12962962962962962,0.47500000000000014,0.5750000000000002,0.35000000000000003,0.5000000000000001,0.46296296296296247,0.3055555555555553,0.444444444444444
0.2541322314049586,2.048828125,2.697265625,0.0,0.05,0.025,0.27499999999999997,0.05555555555555555,0.037037037037037035,0.12962962962962962,0.47500000000000014,0.5750000000000002,0.35000000000000003,0.5250000000000001,0.46296296296296247,0.3055555555555553,0.444444444444444
0.2551652892561983,2.056640625,2.70703125,0.0,0.05,0.025,0.27499999999999997,0.05555555555555555,0.037037037037037035,0.12962962962962962,0.47500000000000014,0.5750000000000002,0.35000000000000003,0.5250000000000001,0.46296296296296247,0.31481481481481455,0.444444444444444
0.25619834710743794,2.064453125,2.71875,0.0,0.05,0.025,0.3,0.05555555555555555,0.037037037037037035,0.12962962962962962,0.47500000000000014,0.5750000000000002,0.35000000000000003,0.5250000000000001,0.46296296296296247,0.31481481481481455,0.444444444444444
0.25723140495867763,2.072265625,2.7265625,0.0,0.05,0.025,0.3,0.05555555555555555,0.046296296296296294,0.12962962962962962,0.47500000000000014,0.5750000000000002,0.35000000000000003,0.5250000000000001,0.46296296296296247,0.31481481481481455,0.444444444444444
0.25826446280991733,2.080078125,2.732421875,0.0,0.05,0.025,0.3,0.05555555555555555,0.046296296296296294,0.1388888888888889,0.47500000000000014,0.5750000000000002,0.35000000000000003,0.5250000000000001,0.46296296296296247,0.31481481481481455,0.444444444444444
0.25929752066115697,2.087890625,2.74609375,0.0,0.05,0.025,0.3,0.05555555555555555,0.046296296296296294,0.1388888888888889,0.47500000000000014,0.5750000000000002,0.35000000000000003,0.5250000000000001,0.4722222222222217,0.31481481481481455,0.444444444444444
0.2603305785123966,2.095703125,2.75390625,0.0,0.05,0.025,0.3,0.05555555555555555,0.046296296296296294,0.1388888888888889,0.47500000000000014,0.5750000000000002,0.35000000000000003,0.5250000000000001,0.48148148148148096,0.31481481481481455,0.444444444444444
0.2613636363636363,2.103515625,2.76171875,0.0,0.05,0.025,0.3,0.05555555555555555,0.046296296296296294,0.14814814814814814,0.47500000000000014,0.5750000000000002,0.35000000000000003,0.5250000000000001,0.48148148148148096,0.31481481481481455,0.444444444444444
0.262396694214876,2.111328125,2.771484375,0.0,0.05,0.025,0.3,0.05555555555555555,0.046296296296296294,0.14814814814814814,0.5000000000000001,0.5750000000000002,0.35000000000000003,0.5250000000000001,0.48148148148148096,0.31481481481481455,0.444444444444444
0.2634297520661157,2.119140625,2.78125,0.0,0.05,0.025,0.3,0.05555555555555555,0.046296296296296294,0.14814814814814814,0.5000000000000001,0.5750000000000002,0.35000000000000003,0.5250000000000001,0.48148148148148096,0.3240740740740738,0.444444444444444
0.2644628099173554,2.126953125,2.79296875,0.0,0.05,0.025,0.3,0.05555555555555555,0.046296296296296294,0.14814814814814814,0.5000000000000001,0.5750000000000002,0.35000000000000003,0.5250000000000001,0.48148148148148096,0.33333333333333304,0.444444444444444
0.26549586776859496,2.134765625,2.80078125,0.0,0.05,0.025,0.3,0.05555555555555555,0.046296296296296294,0.14814814814814814,0.5000000000000001,0.6000000000000002,0.35000000000000003,0.5250000000000001,0.48148148148148096,0.33333333333333304,0.444444444444444
0.26652892561983466,2.142578125,2.80859375,0.0,0.05,0.025,0.3,0.05555555555555555,0.046296296296296294,0.14814814814814814,0.5000000000000001,0.6250000000000002,0.35000000000000003,0.5250000000000001,0.48148148148148096,0.33333333333333304,0.444444444444444
0.26756198347107435,2.150390625,2.8203125,0.0,0.05,0.025,0.3,0.05555555555555555,0.046296296296296294,0.14814814814814814,0.5000000000000001,0.6250000000000002,0.35000000000000003,0.5250000000000001,0.4907407407407402,0.33333333333333304,0.444444444444444
0.26859504132231393,2.158203125,2.828125,0.0,0.05,0.025,0.3,0.05555555555555555,0.046296296296296294,0.14814814814814814,0.5000000000000001,0.6250000000000002,0.35000000000000003,0.5250000000000001,0.4907407407407402,0.3425925925925923,0.444444444444444
0.2696280991735536,2.166015625,2.837890625,0.0,0.05,0.025,0.3,0.05555555555555555,0.046296296296296294,0.14814814814814814,0.5000000000000001,0.6250000000000002,0.35000000000000003,0.5250000000000001,0.49999999999999944,0.3425925925925923,0.444444444444444
0.2706611570247933,2.173828125,2.849609375,0.0,0.05,0.025,0.3,0.05555555555555555,0.046296296296296294,0.14814814814814814,0.5000000000000001,0.6250000000000002,0.35000000000000003,0.5250000000000001,0.5092592592592587,0.3425925925925923,0.444444444444444
0.271694214876033,2.181640625,2.857421875,0.0,0.05,0.025,0.325,0.05555555555555555,0.046296296296296294,0.14814814814814814,0.5000000000000001,0.6250000000000002,0.35000000000000003,0.5250000000000001,0.5092592592592587,0.3425925925925923,0.444444444444444
0.2727272727272727,2.189453125,2.865234375,0.0,0.05,0.025,0.325,0.05555555555555555,0.046296296296296294,0.14814814814814814,0.5000000000000001,0.6250000000000002,0.37500000000000006,0.5250000000000001,0.5092592592592587,0.3425925925925923,0.444444444444444
0.27376033057851235,2.197265625,2.876953125,0.0,0.05,0.025,0.325,0.05555555555555555,0.046296296296296294,0.14814814814814814,0.5000000000000001,0.6250000000000002,0.37500000000000006,0.5250000000000001,0.5092592592592587,0.3518518518518515,0.444444444444444
0.274793388429752,2.205078125,2.884765625,0.0,0.05,0.025,0.325,0.05555555555555555,0.046296296296296294,0.14814814814814814,0.5000000000000001,0.6250000000000002,0.37500000000000006,0.5250000000000001,0.518518518518518,0.3518518518518515,0.444444444444444
0.2758264462809917,2.212890625,2.892578125,0.0,0.05,0.025,0.325,0.05555555555555555,0.046296296296296294,0.14814814814814814,0.5000000000000001,0.6250000000000002,0.37500000000000006,0.5250000000000001,0.5277777777777773,0.3518518518518515,0.444444444444444
0.27685950413223137,2.220703125,2.904296875,0.0,0.07500000000000001,0.025,0.325,0.05555555555555555,0.046296296296296294,0.14814814814814814,0.5000000000000001,0.6250000000000002,0.37500000000000006,0.5250000000000001,0.5277777777777773,0.3518518518518515,0.444444444444444
0.277892561983471,2.228515625,2.912109375,0.0,0.07500000000000001,0.025,0.325,0.05555555555555555,0.046296296296296294,0.14814814814814814,0.5000000000000001,0.6250000000000002,0.37500000000000006,0.5250000000000001,0.5277777777777773,0.36111111111111077,0.444444444444444
0.2789256198347107,2.236328125,2.921875,0.0,0.07500000000000001,0.025,0.325,0.05555555555555555,0.046296296296296294,0.14814814814814814,0.5000000000000001,0.6250000000000002,0.37500000000000006,0.5250000000000001,0.5370370370370366,0.36111111111111077,0.444444444444444
0.2799586776859504,2.244140625,2.93359375,0.0,0.07500000000000001,0.025,0.325,0.05555555555555555,0.046296296296296294,0.14814814814814814,0.5000000000000001,0.6250000000000002,0.37500000000000006,0.5250000000000001,0.5370370370370366,0.37037037037037,0.444444444444444
0.28099173553719003,2.25,2.939453125,0.0,0.07500000000000001,0.025,0.325,0.05555555555555555,0.046296296296296294,0.14814814814814814,0.5000000000000001,0.6250000000000002,0.37500000000000006,0.5250000000000001,0.5370370370370366,0.37037037037037,0.4537037037037032
0.28202479338842973,2.2578125,2.951171875,0.0,0.07500000000000001,0.025,0.325,0.05555555555555555,0.046296296296296294,0.14814814814814814,0.5000000000000001,0.6250000000000002,0.37500000000000006,0.5250000000000001,0.5370370370370366,0.37962962962962926,0.4537037037037032
0.28305785123966937,2.265625,2.9609375,0.0,0.07500000000000001,0.025,0.325,0.05555555555555555,0.046296296296296294,0.14814814814814814,0.5000000000000001,0.6250000000000002,0.37500000000000006,0.5250000000000001,0.5370370370370366,0.3888888888888885,0.4537037037037032
0.28409090909090906,2.2734375,2.970703125,0.0,0.07500000000000001,0.025,0.325,0.05555555555555555,0.046296296296296294,0.14814814814814814,0.5000000000000001,0.6250000000000002,0.37500000000000006,0.5250000000000001,0.5370370370370366,0.3888888888888885,0.46296296296296247
0.2851239669421487,2.279296875,2.978515625,0.0,0.07500000000000001,0.025,0.325,0.05555555555555555,0.046296296296296294,0.14814814814814814,0.5000000000000001,0.6250000000000002,0.37500000000000006,0.5250000000000001,0.5370370370370366,0.3888888888888885,0.4722222222222217
0.2861570247933884,2.287109375,2.990234375,0.0,0.07500000000000001,0.025,0.325,0.05555555555555555,0.046296296296296294,0.14814814814814814,0.5000000000000001,0.6250000000000002,0.37500000000000006,0.5250000000000001,0.5370370370370366,0.39814814814814775,0.4722222222222217
0.28719008264462803,2.294921875,3.0,0.0,0.07500000000000001,0.025,0.325,0.05555555555555555,0.046296296296296294,0.14814814814814814,0.5000000000000001,0.6250000000000002,0.37500000000000006,0.5250000000000001,0.5370370370370366,0.407407407407407,0.4722222222222217
0.28822314049586767,2.302734375,3.0078125,0.0,0.07500000000000001,0.025,0.35000000000000003,0.05555555555555555,0.046296296296296294,0.14814814814814814,0.5000000000000001,0.6250000000000002,0.37500000000000006,0.5250000000000001,0.5370370370370366,0.407407407407407,0.4722222222222217
0.28925619834710736,2.310546875,3.01953125,0.0,0.07500000000000001,0.025,0.35000000000000003,0.05555555555555555,0.046296296296296294,0.14814814814814814,0.5000000000000001,0.6250000000000002,0.37500000000000006,0.5250000000000001,0.5370370370370366,0.407407407407407,0.48148148148148096
0.290289256198347,2.31640625,3.02734375,0.0,0.07500000000000001,0.025,0.35000000000000003,0.05555555555555555,0.046296296296296294,0.14814814814814814,0.5000000000000001,0.6250000000000002,0.37500000000000006,0.5250000000000001,0.5370370370370366,0.407407407407407,0.4907407407407402
0.2913223140495867,2.32421875,3.03515625,0.0,0.07500000000000001,0.025,0.35000000000000003,0.06481481481481481,0.046296296296296294,0.14814814814814814,0.5000000000000001,0.6250000000000002,0.37500000000000006,0.5250000000000001,0.5370370370370366,0.407407407407407,0.4907407407407402
0.2923553719008264,2.33203125,3.04296875,0.0,0.07500000000000001,0.025,0.35000000000000003,0.06481481481481481,0.046296296296296294,0.14814814814814814,0.5000000000000001,0.6250000000000002,0.37500000000000006,0.5250000000000001,0.5370370370370366,0.407407407407407,0.49999999999999944
0.2933884297520661,2.33984375,3.056640625,0.0,0.07500000000000001,0.05,0.35000000000000003,0.06481481481481481,0.046296296296296294,0.14814814814814814,0.5000000000000001,0.6250000000000002,0.37500000000000006,0.5250000000000001,0.5370370370370366,0.407407407407407,0.49999999999999944
0.2944214876033057,2.34765625,3.064453125,0.0,0.07500000000000001,0.07500000000000001,0.35000000000000003,0.06481481481481481,0.046296296296296294,0.14814814814814814,0.5000000000000001,0.6250000000000002,0.37500000000000006,0.5250000000000001,0.5370370370370366,0.407407407407407,0.49999999999999944
0.2954545454545454,2.35546875,3.072265625,0.0,0.07500000000000001,0.07500000000000001,0.35000000000000003,0.06481481481481481,0.046296296296296294,0.14814814814814814,0.5250000000000001,0.6250000000000002,0.37500000000000006,0.5250000000000001,0.5370370370370366,0.407407407407407,0.49999999999999944
0.2964876033057851,2.36328125,3.083984375,0.0,0.07500000000000001,0.07500000000000001,0.35000000000000003,0.06481481481481481,0.046296296296296294,0.14814814814814814,0.5500000000000002,0.6250000000000002,0.37500000000000006,0.5250000000000001,0.5370370370370366,0.407407407407407,0.49999999999999944
0.29752066115702475,2.37109375,3.091796875,0.0,0.07500000000000001,0.07500000000000001,0.35000000000000003,0.06481481481481481,0.046296296296296294,0.15740740740740738,0.5500000000000002,0.6250000000000002,0.37500000000000006,0.5250000000000001,0.5370370370370366,0.407407407407407,0.49999999999999944
0.29855371900826444,2.37890625,3.099609375,0.0,0.07500000000000001,0.07500000000000001,0.35000000000000003,0.06481481481481481,0.046296296296296294,0.15740740740740738,0.5500000000000002,0.6250000000000002,0.37500000000000006,0.5250000000000001,0.5370370370370366,0.407407407407407,0.5092592592592587
0.29958677685950413,2.38671875,3.111328125,0.0,0.07500000000000001,0.07500000000000001,0.35000000000000003,0.06481481481481481,0.046296296296296294,0.15740740740740738,0.5750000000000002,0.6250000000000002,0.37500000000000006,0.5250000000000001,0.5370370370370366,0.407407407407407,0.5092592592592587
0.3006198347107437,2.39453125,3.12109375,0.0,0.07500000000000001,0.07500000000000001,0.35000000000000003,0.06481481481481481,0.046296296296296294,0.15740740740740738,0.5750000000000002,0.6250000000000002,0.37500000000000006,0.5500000000000002,0.5370370370370366,0.407407407407407,0.5092592592592587
0.3016528925619834,2.40234375,3.12890625,0.0,0.07500000000000001,0.07500000000000001,0.35000000000000003,0.06481481481481481,0.046296296296296294,0.15740740740740738,0.5750000000000002,0.6250000000000002,0.37500000000000006,0.5500000000000002,0.546296296296296,0.407407407407407,0.5092592592592587
0.3026859504132231,2.41015625,3.13671875,0.0,0.07500000000000001,0.07500000000000001,0.35000000000000003,0.06481481481481481,0.046296296296296294,0.15740740740740738,0.5750000000000002,0.6250000000000002,0.37500000000000006,0.5500000000000002,0.5555555555555552,0.407407407407407,0.5092592592592587
0.3037190082644628,2.41796875,3.1484375,0.0,0.07500000000000001,0.07500000000000001,0.35000000000000003,0.06481481481481481,0.046296296296296294,0.15740740740740738,0.5750000000000002,0.6250000000000002,0.37500000000000006,0.5500000000000002,0.5648148148148145,0.407407407407407,0.5092592592592587
0.30475206611570244,2.42578125,3.15625,0.0,0.1,0.07500000000000001,0.35000000000000003,0.06481481481481481,0.046296296296296294,0.15740740740740738,0.5750000000000002,0.6250000000000002,0.37500000000000006,0.5500000000000002,0.5648148148148145,0.407407407407407,0.5092592592592587
0.3057851239669421,2.43359375,3.166015625,0.0,0.1,0.07500000000000001,0.35000000000000003,0.06481481481481481,0.046296296296296294,0.15740740740740738,0.5750000000000002,0.6250000000000002,0.37500000000000006,0.5500000000000002,0.5740740740740738,0.407407407407407,0.5092592592592587
0.30681818181818177,2.44140625,3.177734375,0.0,0.1,0.07500000000000001,0.35000000000000003,0.06481481481481481,0.046296296296296294,0.15740740740740738,0.5750000000000002,0.6250000000000002,0.37500000000000006,0.5500000000000002,0.5833333333333331,0.407407407407407,0.5092592592592587
0.30785123966942146,2.44921875,3.185546875,0.0,0.1,0.07500000000000001,0.35000000000000003,0.06481481481481481,0.046296296296296294,0.15740740740740738,0.5750000000000002,0.6250000000000002,0.37500000000000006,0.5500000000000002,0.5833333333333331,0.41666666666666624,0.5092592592592587
0.3088842975206611,2.45703125,3.193359375,0.0,0.1,0.07500000000000001,0.35000000000000003,0.06481481481481481,0.046296296296296294,0.15740740740740738,0.5750000000000002,0.6250000000000002,0.37500000000000006,0.5500000000000002,0.5833333333333331,0.4259259259259255,0.5092592592592587
0.3099173553719008,2.46484375,3.203125,0.0,0.1,0.07500000000000001,0.37500000000000006,0.06481481481481481,0.046296296296296294,0.15740740740740738,0.5750000000000002,0.6250000000000002,0.37500000000000006,0.5500000000000002,0.5833333333333331,0.4259259259259255,0.5092592592592587
0.31095041322314043,2.47265625,3.21484375,0.0,0.1,0.07500000000000001,0.37500000000000006,0.06481481481481481,0.046296296296296294,0.15740740740740738,0.5750000000000002,0.6500000000000002,0.37500000000000006,0.5500000000000002,0.5833333333333331,0.4259259259259255,0.5092592592592587
0.3119834710743801,2.48046875,3.22265625,0.0,0.1,0.07500000000000001,0.37500000000000006,0.06481481481481481,0.046296296296296294,0.15740740740740738,0.5750000000000002,0.6500000000000002,0.37500000000000006,0.5500000000000002,0.5833333333333331,0.4259259259259255,0.518518518518518
0.31301652892561976,2.48828125,3.23046875,0.0,0.1,0.1,0.37500000000000006,0.06481481481481481,0.046296296296296294,0.15740740740740738,0.5750000000000002,0.6500000000000002,0.37500000000000006,0.5500000000000002,0.5833333333333331,0.4259259259259255,0.518518518518518
0.31404958677685946,2.49609375,3.23828125,0.0,0.1,0.1,0.37500000000000006,0.06481481481481481,0.046296296296296294,0.15740740740740738,0.5750000000000002,0.6500000000000002,0.4000000000000001,0.5500000000000002,0.5833333333333331,0.4259259259259255,0.518518518518518
0.3150826446280991,2.50390625,3.251953125,0.0,0.1,0.1,0.37500000000000006,0.06481481481481481,0.046296296296296294,0.15740740740740738,0.5750000000000002,0.6500000000000002,0.4000000000000001,0.5500000000000002,0.5833333333333331,0.4259259259259255,0.5277777777777773
0.3161157024793388,2.51171875,3.2578125,0.0,0.1,0.1,0.37500000000000006,0.07407407407407407,0.046296296296296294,0.15740740740740738,0.5750000000000002,0.6500000000000002,0.4000000000000001,0.5500000000000002,0.5833333333333331,0.4259259259259255,0.5277777777777773
0.3171487603305785,2.51953125,3.26953125,0.0,0.1,0.1,0.37500000000000006,0.07407407407407407,0.05555555555555555,0.15740740740740738,0.5750000000000002,0.6500000000000002,0.4000000000000001,0.5500000000000002,0.5833333333333331,0.4259259259259255,0.5277777777777773
0.3181818181818182,2.52734375,3.275390625,0.0,0.1,0.1,0.37500000000000006,0.07407407407407407,0.05555555555555555,0.15740740740740738,0.5750000000000002,0.6500000000000002,0.4250000000000001,0.5500000000000002,0.5833333333333331,0.4259259259259255,0.5277777777777773
0.31921487603305787,2.53515625,3.2890625,0.0,0.1,0.1,0.37500000000000006,0.07407407407407407,0.05555555555555555,0.15740740740740738,0.5750000000000002,0.6500000000000002,0.4250000000000001,0.5500000000000002,0.5833333333333331,0.43518518518518473,0.5277777777777773
0.3202479338842975,2.54296875,3.296875,0.0,0.1,0.1,0.37500000000000006,0.07407407407407407,0.05555555555555555,0.15740740740740738,0.5750000000000002,0.6500000000000002,0.4250000000000001,0.5500000000000002,0.5833333333333331,0.444444444444444,0.5277777777777773
0.3212809917355372,2.548828125,3.3046875,0.0,0.1,0.1,0.37500000000000006,0.07407407407407407,0.05555555555555555,0.15740740740740738,0.5750000000000002,0.6500000000000002,0.4250000000000001,0.5500000000000002,0.5833333333333331,0.444444444444444,0.5370370370370366
0.3223140495867769,2.556640625,3.3125,0.0,0.1,0.1,0.37500000000000006,0.07407407407407407,0.05555555555555555,0.15740740740740738,0.5750000000000002,0.6500000000000002,0.4250000000000001,0.5500000000000002,0.5833333333333331,0.444444444444444,0.546296296296296
0.32334710743801653,2.564453125,3.32421875,0.0,0.1,0.1,0.37500000000000006,0.07407407407407407,0.05555555555555555,0.16666666666666663,0.5750000000000002,0.6500000000000002,0.4250000000000001,0.5500000000000002,0.5833333333333331,0.444444444444444,0.546296296296296
0.32438016528925623,2.572265625,3.333984375,0.0,0.1,0.1,0.37500000000000006,0.07407407407407407,0.05555555555555555,0.17592592592592587,0.5750000000000002,0.6500000000000002,0.4250000000000001,0.5500000000000002,0.5833333333333331,0.444444444444444,0.546296296296296
0.32541322314049587,2.580078125,3.341796875,0.0,0.1,0.1,0.37500000000000006,0.07407407407407407,0.05555555555555555,0.17592592592592587,0.5750000000000002,0.6500000000000002,0.4250000000000001,0.5500000000000002,0.5833333333333331,0.4537037037037032,0.546296296296296
0.32644628099173556,2.587890625,3.349609375,0.0,0.1,0.1,0.37500000000000006,0.07407407407407407,0.05555555555555555,0.17592592592592587,0.5750000000000002,0.6500000000000002,0.4250000000000001,0.5500000000000002,0.5833333333333331,0.46296296296296247,0.546296296296296
0.3274793388429752,2.595703125,3.361328125,0.0,0.1,0.1,0.37500000000000006,0.07407407407407407,0.05555555555555555,0.17592592592592587,0.6000000000000002,0.6500000000000002,0.4250000000000001,0.5500000000000002,0.5833333333333331,0.46296296296296247,0.546296296296296
0.3285123966942149,2.603515625,3.37109375,0.0,0.1,0.1,0.37500000000000006,0.07407407407407407,0.05555555555555555,0.17592592592592587,0.6000000000000002,0.6500000000000002,0.4250000000000001,0.5500000000000002,0.5833333333333331,0.46296296296296247,0.5555555555555552
0.32954545454545453,2.611328125,3.37890625,0.0,0.1,0.1,0.4000000000000001,0.07407407407407407,0.05555555555555555,0.17592592592592587,0.6000000000000002,0.6500000000000002,0.4250000000000001,0.5500000000000002,0.5833333333333331,0.46296296296296247,0.5555555555555552
0.3305785123966942,2.619140625,3.38671875,0.0,0.1,0.1,0.4000000000000001,0.07407407407407407,0.05555555555555555,0.17592592592592587,0.6000000000000002,0.6500000000000002,0.4250000000000001,0.5500000000000002,0.5833333333333331,0.4722222222222217,0.5555555555555552
0.33161157024793386,2.626953125,3.3984375,0.0,0.1,0.1,0.4000000000000001,0.07407407407407407,0.05555555555555555,0.17592592592592587,0.6000000000000002,0.6500000000000002,0.4250000000000001,0.5500000000000002,0.5833333333333331,0.48148148148148096,0.5555555555555552
0.33264462809917356,2.634765625,3.408203125,0.0,0.1,0.1,0.4000000000000001,0.07407407407407407,0.05555555555555555,0.17592592592592587,0.6000000000000002,0.6750000000000003,0.4250000000000001,0.5500000000000002,0.5833333333333331,0.48148148148148096,0.5555555555555552
0.33367768595041325,2.642578125,3.4140625,0.0,0.1,0.1,0.4000000000000001,0.07407407407407407,0.05555555555555555,0.17592592592592587,0.6000000000000002,0.6750000000000003,0.4250000000000001,0.5500000000000002,0.5833333333333331,0.48148148148148096,0.5648148148148145
0.3347107438016529,2.650390625,3.42578125,0.0,0.1,0.1,0.4000000000000001,0.08333333333333333,0.05555555555555555,0.17592592592592587,0.6000000000000002,0.6750000000000003,0.4250000000000001,0.5500000000000002,0.5833333333333331,0.48148148148148096,0.5648148148148145
0.33574380165289264,2.658203125,3.435546875,0.0,0.1,0.1,0.4000000000000001,0.08333333333333333,0.05555555555555555,0.17592592592592587,0.6000000000000002,0.7000000000000003,0.4250000000000001,0.5500000000000002,0.5833333333333331,0.48148148148148096,0.5648148148148145
0.3367768595041322,2.666015625,3.443359375,0.0,0.1,0.1,0.4000000000000001,0.08333333333333333,0.05555555555555555,0.17592592592592587,0.6000000000000002,0.7000000000000003,0.4250000000000001,0.5500000000000002,0.5833333333333331,0.48148148148148096,0.5740740740740738
0.3378099173553719,2.673828125,3.453125,0.0,0.1,0.1,0.4000000000000001,0.08333333333333333,0.06481481481481481,0.17592592592592587,0.6000000000000002,0.7000000000000003,0.4250000000000001,0.5500000000000002,0.5833333333333331,0.48148148148148096,0.5740740740740738
0.3388429752066116,2.681640625,3.4609375,0.0,0.1,0.1,0.4000000000000001,0.08333333333333333,0.06481481481481481,0.17592592592592587,0.6000000000000002,0.7000000000000003,0.4250000000000001,0.5500000000000002,0.5833333333333331,0.48148148148148096,0.5833333333333331
0.3398760330578513,2.689453125,3.474609375,0.0,0.1,0.1,0.4000000000000001,0.08333333333333333,0.06481481481481481,0.17592592592592587,0.6000000000000002,0.7000000000000003,0.4250000000000001,0.5750000000000002,0.5833333333333331,0.48148148148148096,0.5833333333333331
0.3409090909090909,2.697265625,3.482421875,0.0,0.1,0.1,0.4000000000000001,0.08333333333333333,0.06481481481481481,0.17592592592592587,0.6000000000000002,0.7000000000000003,0.4250000000000001,0.5750000000000002,0.5925925925925924,0.48148148148148096,0.5833333333333331
0.3419421487603306,2.705078125,3.490234375,0.0,0.1,0.1,0.4000000000000001,0.08333333333333333,0.06481481481481481,0.17592592592592587,0.6000000000000002,0.7000000000000003,0.4250000000000001,0.5750000000000002,0.6018518518518517,0.48148148148148096,0.5833333333333331
0.34297520661157027,2.712890625,3.5,0.0,0.1,0.1,0.4000000000000001,0.08333333333333333,0.06481481481481481,0.18518518518518512,0.6000000000000002,0.7000000000000003,0.4250000000000001,0.5750000000000002,0.6018518518518517,0.48148148148148096,0.5833333333333331
0.34400826446280997,2.720703125,3.5078125,0.0,0.1,0.1,0.4000000000000001,0.08333333333333333,0.06481481481481481,0.18518518518518512,0.6000000000000002,0.7000000000000003,0.4250000000000001,0.5750000000000002,0.611111111111111,0.48148148148148096,0.5833333333333331
0.34504132231404966,2.728515625,3.51953125,0.0,0.1,0.1,0.4000000000000001,0.08333333333333333,0.06481481481481481,0.19444444444444436,0.6000000000000002,0.7000000000000003,0.4250000000000001,0.5750000000000002,0.611111111111111,0.48148148148148096,0.5833333333333331
0.34607438016528924,2.736328125,3.52734375,0.0,0.1,0.1,0.4000000000000001,0.08333333333333333,0.06481481481481481,0.19444444444444436,0.6000000000000002,0.7000000000000003,0.4250000000000001,0.5750000000000002,0.611111111111111,0.4907407407407402,0.5833333333333331
0.34710743801652894,2.744140625,3.537109375,0.0,0.1,0.1,0.4000000000000001,0.08333333333333333,0.06481481481481481,0.19444444444444436,0.6000000000000002,0.7000000000000003,0.4250000000000001,0.5750000000000002,0.611111111111111,0.4907407407407402,0.5925925925925924
0.34814049586776863,2.751953125,3.544921875,0.0,0.1,0.1,0.4000000000000001,0.08333333333333333,0.06481481481481481,0.19444444444444436,0.6250000000000002,0.7000000000000003,0.4250000000000001,0.5750000000000002,0.611111111111111,0.4907407407407402,0.5925925925925924
0.3491735537190083,2.759765625,3.556640625,0.0,0.1,0.1,0.4000000000000001,0.08333333333333333,0.06481481481481481,0.19444444444444436,0.6250000000000002,0.7000000000000003,0.4250000000000001,0.5750000000000002,0.6203703703703703,0.4907407407407402,0.5925925925925924
0.3502066115702479,2.767578125,3.56640625,0.0,0.1,0.1,0.4000000000000001,0.08333333333333333,0.06481481481481481,0.19444444444444436,0.6250000000000002,0.7000000000000003,0.4250000000000001,0.5750000000000002,0.6296296296296297,0.4907407407407402,0.5925925925925924
0.35123966942148765,2.775390625,3.57421875,0.0,0.1,0.1,0.4000000000000001,0.08333333333333333,0.06481481481481481,0.19444444444444436,0.6250000000000002,0.7000000000000003,0.4250000000000001,0.5750000000000002,0.638888888888889,0.4907407407407402,0.5925925925925924
0.3522727272727273,2.783203125,3.58203125,0.0,0.1,0.1,0.4000000000000001,0.08333333333333333,0.06481481481481481,0.19444444444444436,0.6250000000000002,0.7000000000000003,0.4250000000000001,0.5750000000000002,0.6481481481481483,0.4907407407407402,0.5925925925925924
0.353305785123967,2.791015625,3.591796875,0.0,0.1,0.1,0.4000000000000001,0.08333333333333333,0.06481481481481481,0.2037037037037036,0.6250000000000002,0.7000000000000003,0.4250000000000001,0.5750000000000002,0.6481481481481483,0.4907407407407402,0.5925925925925924
0.3543388429752066,2.798828125,3.603515625,0.0,0.1,0.1,0.4000000000000001,0.08333333333333333,0.06481481481481481,0.2037037037037036,0.6250000000000002,0.7000000000000003,0.4250000000000001,0.5750000000000002,0.6481481481481483,0.4907407407407402,0.6018518518518517
0.3553719008264463,2.806640625,3.611328125,0.0,0.1,0.1,0.4000000000000001,0.09259259259259259,0.06481481481481481,0.2037037037037036,0.6250000000000002,0.7000000000000003,0.4250000000000001,0.5750000000000002,0.6481481481481483,0.4907407407407402,0.6018518518518517
0.356404958677686,2.814453125,3.619140625,0.0,0.1,0.1,0.4000000000000001,0.09259259259259259,0.06481481481481481,0.2037037037037036,0.6250000000000002,0.7000000000000003,0.4250000000000001,0.5750000000000002,0.6481481481481483,0.4907407407407402,0.611111111111111
0.3574380165289257,2.822265625,3.62890625,0.0,0.1,0.1,0.4000000000000001,0.09259259259259259,0.06481481481481481,0.2037037037037036,0.6250000000000002,0.7000000000000003,0.4250000000000001,0.5750000000000002,0.6574074074074076,0.4907407407407402,0.611111111111111
0.3584710743801654,2.830078125,3.638671875,0.0,0.1,0.1,0.4000000000000001,0.09259259259259259,0.06481481481481481,0.2037037037037036,0.6250000000000002,0.7000000000000003,0.4250000000000001,0.5750000000000002,0.6574074074074076,0.4907407407407402,0.6203703703703703
0.3595041322314051,2.837890625,3.6484375,0.0,0.1,0.1,0.4000000000000001,0.09259259259259259,0.06481481481481481,0.2037037037037036,0.6250000000000002,0.7250000000000003,0.4250000000000001,0.5750000000000002,0.6574074074074076,0.4907407407407402,0.6203703703703703
0.36053719008264473,2.845703125,3.65625,0.0,0.1,0.1,0.4000000000000001,0.09259259259259259,0.06481481481481481,0.2037037037037036,0.6250000000000002,0.7250000000000003,0.4250000000000001,0.5750000000000002,0.6574074074074076,0.49999999999999944,0.6203703703703703
0.36157024793388437,2.853515625,3.666015625,0.0,0.1,0.1,0.4000000000000001,0.09259259259259259,0.06481481481481481,0.2037037037037036,0.6250000000000002,0.7250000000000003,0.4500000000000001,0.5750000000000002,0.6574074074074076,0.49999999999999944,0.6203703703703703
0.36260330578512406,2.861328125,3.673828125,0.0,0.1,0.1,0.4000000000000001,0.09259259259259259,0.06481481481481481,0.2037037037037036,0.6250000000000002,0.7250000000000003,0.4500000000000001,0.5750000000000002,0.6574074074074076,0.5092592592592587,0.6203703703703703
0.36363636363636376,2.869140625,3.685546875,0.0,0.1,0.1,0.4000000000000001,0.09259259259259259,0.06481481481481481,0.2037037037037036,0.6250000000000002,0.7500000000000003,0.4500000000000001,0.5750000000000002,0.6574074074074076,0.5092592592592587,0.6203703703703703
0.3646694214876034,2.876953125,3.693359375,0.0,0.1,0.1,0.4000000000000001,0.09259259259259259,0.06481481481481481,0.2037037037037036,0.6250000000000002,0.7500000000000003,0.4500000000000001,0.5750000000000002,0.6666666666666669,0.5092592592592587,0.6203703703703703
0.3657024793388431,2.884765625,3.703125,0.0,0.1,0.1,0.4000000000000001,0.09259259259259259,0.06481481481481481,0.2037037037037036,0.6250000000000002,0.7500000000000003,0.4500000000000001,0.5750000000000002,0.6666666666666669,0.518518518518518,0.6203703703703703
0.3667355371900828,2.892578125,3.7109375,0.0,0.1,0.1,0.4000000000000001,0.09259259259259259,0.06481481481481481,0.2037037037037036,0.6250000000000002,0.7500000000000003,0.4500000000000001,0.5750000000000002,0.6666666666666669,0.5277777777777773,0.6203703703703703
0.36776859504132237,2.900390625,3.71875,0.0,0.1,0.1,0.4250000000000001,0.09259259259259259,0.06481481481481481,0.2037037037037036,0.6250000000000002,0.7500000000000003,0.4500000000000001,0.5750000000000002,0.6666666666666669,0.5277777777777773,0.6203703703703703
0.36880165289256206,2.908203125,3.732421875,0.0,0.1,0.1,0.4250000000000001,0.09259259259259259,0.06481481481481481,0.2037037037037036,0.6250000000000002,0.7500000000000003,0.4500000000000001,0.5750000000000002,0.6666666666666669,0.5370370370370366,0.6203703703703703
0.36983471074380175,2.916015625,3.740234375,0.0,0.1,0.1,0.4250000000000001,0.09259259259259259,0.06481481481481481,0.2037037037037036,0.6250000000000002,0.7500000000000003,0.4500000000000001,0.5750000000000002,0.6666666666666669,0.546296296296296,0.6203703703703703
0.37086776859504145,2.923828125,3.748046875,0.0,0.1,0.1,0.4250000000000001,0.09259259259259259,0.06481481481481481,0.2037037037037036,0.6250000000000002,0.7500000000000003,0.4500000000000001,0.5750000000000002,0.6666666666666669,0.5555555555555552,0.6203703703703703
0.37190082644628114,2.931640625,3.7578125,0.0,0.1,0.1,0.4250000000000001,0.09259259259259259,0.06481481481481481,0.2037037037037036,0.6250000000000002,0.7500000000000003,0.4500000000000001,0.5750000000000002,0.6666666666666669,0.5648148148148145,0.6203703703703703
0.3729338842975207,2.939453125,3.765625,0.0,0.1,0.1,0.4250000000000001,0.09259259259259259,0.06481481481481481,0.2037037037037036,0.6500000000000002,0.7500000000000003,0.4500000000000001,0.5750000000000002,0.6666666666666669,0.5648148148148145,0.6203703703703703
0.3739669421487604,2.947265625,3.77734375,0.0,0.1,0.1,0.4250000000000001,0.09259259259259259,0.06481481481481481,0.2037037037037036,0.6500000000000002,0.7500000000000003,0.4500000000000001,0.5750000000000002,0.6666666666666669,0.5648148148148145,0.6296296296296297
0.3750000000000001,2.955078125,3.78515625,0.0,0.1,0.1,0.4250000000000001,0.09259259259259259,0.06481481481481481,0.2037037037037036,0.6500000000000002,0.7500000000000003,0.47500000000000014,0.5750000000000002,0.6666666666666669,0.5648148148148145,0.6296296296296297
0.3760330578512398,2.962890625,3.79296875,0.0,0.1,0.1,0.4250000000000001,0.09259259259259259,0.06481481481481481,0.2037037037037036,0.6500000000000002,0.7500000000000003,0.47500000000000014,0.5750000000000002,0.6666666666666669,0.5740740740740738,0.6296296296296297
0.3770661157024794,2.970703125,3.802734375,0.0,0.1,0.1,0.4250000000000001,0.09259259259259259,0.06481481481481481,0.2037037037037036,0.6500000000000002,0.7500000000000003,0.47500000000000014,0.5750000000000002,0.6666666666666669,0.5833333333333331,0.6296296296296297
0.3780991735537191,2.978515625,3.810546875,0.0,0.1,0.1,0.4250000000000001,0.09259259259259259,0.06481481481481481,0.2037037037037036,0.6500000000000002,0.7500000000000003,0.47500000000000014,0.5750000000000002,0.6666666666666669,0.5833333333333331,0.638888888888889
0.3791322314049588,2.986328125,3.82421875,0.0,0.1,0.1,0.4250000000000001,0.09259259259259259,0.07407407407407407,0.2037037037037036,0.6500000000000002,0.7500000000000003,0.47500000000000014,0.5750000000000002,0.6666666666666669,0.5833333333333331,0.638888888888889
0.38016528925619847,2.994140625,3.830078125,0.0,0.1,0.1,0.4250000000000001,0.09259259259259259,0.07407407407407407,0.2037037037037036,0.6500000000000002,0.7500000000000003,0.47500000000000014,0.5750000000000002,0.6666666666666669,0.5833333333333331,0.6481481481481483
0.38119834710743816,3.001953125,3.83984375,0.0,0.1,0.1,0.4250000000000001,0.09259259259259259,0.07407407407407407,0.2037037037037036,0.6500000000000002,0.7500000000000003,0.5000000000000001,0.5750000000000002,0.6666666666666669,0.5833333333333331,0.6481481481481483
0.3822314049586778,3.009765625,3.84765625,0.0,0.1,0.1,0.4250000000000001,0.09259259259259259,0.07407407407407407,0.2037037037037036,0.6500000000000002,0.7500000000000003,0.5000000000000001,0.5750000000000002,0.6666666666666669,0.5833333333333331,0.6574074074074076
0.3832644628099175,3.017578125,3.85546875,0.0,0.1,0.1,0.4250000000000001,0.09259259259259259,0.07407407407407407,0.2037037037037036,0.6500000000000002,0.7500000000000003,0.5000000000000001,0.5750000000000002,0.6759259259259262,0.5833333333333331,0.6574074074074076
0.3842975206611572,3.025390625,3.8671875,0.0,0.1,0.1,0.4250000000000001,0.09259259259259259,0.07407407407407407,0.2037037037037036,0.6500000000000002,0.7500000000000003,0.5000000000000001,0.5750000000000002,0.6851851851851855,0.5833333333333331,0.6574074074074076
0.3853305785123968,3.033203125,3.876953125,0.0,0.1,0.1,0.4250000000000001,0.10185185185185185,0.07407407407407407,0.2037037037037036,0.6500000000000002,0.7500000000000003,0.5000000000000001,0.5750000000000002,0.6851851851851855,0.5833333333333331,0.6574074074074076
0.38636363636363646,3.041015625,3.884765625,0.0,0.1,0.1,0.4250000000000001,0.10185185185185185,0.07407407407407407,0.2037037037037036,0.6500000000000002,0.7500000000000003,0.5000000000000001,0.5750000000000002,0.6851851851851855,0.5833333333333331,0.6666666666666669
0.38739669421487616,3.048828125,3.892578125,0.0,0.1,0.1,0.4250000000000001,0.10185185185185185,0.07407407407407407,0.2037037037037036,0.6500000000000002,0.7500000000000003,0.5000000000000001,0.5750000000000002,0.6944444444444448,0.5833333333333331,0.6666666666666669
0.38842975206611585,3.056640625,3.90234375,0.0,0.1,0.1,0.4250000000000001,0.10185185185185185,0.07407407407407407,0.2037037037037036,0.6500000000000002,0.7500000000000003,0.5000000000000001,0.5750000000000002,0.703703703703704,0.5833333333333331,0.6666666666666669
0.38946280991735555,3.064453125,3.9140625,0.0,0.1,0.1,0.4250000000000001,0.10185185185185185,0.07407407407407407,0.2037037037037036,0.6500000000000002,0.7500000000000003,0.5000000000000001,0.5750000000000002,0.703703703703704,0.5833333333333331,0.6759259259259262
0.39049586776859524,3.072265625,3.921875,0.0,0.1,0.1,0.4250000000000001,0.10185185185185185,0.07407407407407407,0.2037037037037036,0.6500000000000002,0.7500000000000003,0.5000000000000001,0.5750000000000002,0.7129629629629634,0.5833333333333331,0.6759259259259262
0.3915289256198348,3.080078125,3.931640625,0.0,0.1,0.1,0.4250000000000001,0.10185185185185185,0.07407407407407407,0.2037037037037036,0.6500000000000002,0.7500000000000003,0.5000000000000001,0.5750000000000002,0.7222222222222227,0.5833333333333331,0.6759259259259262
0.3925619834710745,3.087890625,3.939453125,0.0,0.1,0.1,0.4250000000000001,0.10185185185185185,0.07407407407407407,0.2037037037037036,0.6500000000000002,0.7500000000000003,0.5000000000000001,0.5750000000000002,0.7222222222222227,0.5833333333333331,0.6851851851851855
0.3935950413223142,3.095703125,3.947265625,0.0,0.1,0.1,0.4250000000000001,0.10185185185185185,0.07407407407407407,0.2037037037037036,0.6750000000000003,0.7500000000000003,0.5000000000000001,0.5750000000000002,0.7222222222222227,0.5833333333333331,0.6851851851851855
0.3946280991735538,3.103515625,3.958984375,0.0,0.1,0.1,0.4250000000000001,0.10185185185185185,0.07407407407407407,0.2037037037037036,0.6750000000000003,0.7500000000000003,0.5000000000000001,0.5750000000000002,0.7222222222222227,0.5833333333333331,0.6944444444444448
0.3956611570247935,3.111328125,3.966796875,0.0,0.1,0.1,0.4250000000000001,0.10185185185185185,0.07407407407407407,0.2037037037037036,0.6750000000000003,0.7500000000000003,0.5000000000000001,0.5750000000000002,0.7222222222222227,0.5833333333333331,0.703703703703704
0.3966942148760332,3.119140625,3.9765625,0.0,0.1,0.1,0.4250000000000001,0.10185185185185185,0.07407407407407407,0.2037037037037036,0.6750000000000003,0.7500000000000003,0.5000000000000001,0.5750000000000002,0.7222222222222227,0.5833333333333331,0.7129629629629634
0.3977272727272729,3.126953125,3.984375,0.0,0.1,0.1,0.4250000000000001,0.10185185185185185,0.07407407407407407,0.2037037037037036,0.6750000000000003,0.7500000000000003,0.5000000000000001,0.5750000000000002,0.7222222222222227,0.5833333333333331,0.7222222222222227
0.39876033057851257,3.134765625,3.994140625,0.0,0.1,0.1,0.4250000000000001,0.10185185185185185,0.07407407407407407,0.2037037037037036,0.6750000000000003,0.7500000000000003,0.5000000000000001,0.5750000000000002,0.7222222222222227,0.5925925925925924,0.7222222222222227
0.39979338842975226,3.142578125,4.0078125,0.0,0.1,0.1,0.4250000000000001,0.10185185185185185,0.07407407407407407,0.2037037037037036,0.6750000000000003,0.7500000000000003,0.5000000000000001,0.5750000000000002,0.7222222222222227,0.6018518518518517,0.7222222222222227
0.4008264462809919,3.150390625,4.015625,0.0,0.1,0.1,0.4250000000000001,0.10185185185185185,0.07407407407407407,0.2037037037037036,0.6750000000000003,0.7500000000000003,0.5000000000000001,0.5750000000000002,0.7222222222222227,0.611111111111111,0.7222222222222227
0.4018595041322316,3.158203125,4.0234375,0.0,0.1,0.125,0.4250000000000001,0.10185185185185185,0.07407407407407407,0.2037037037037036,0.6750000000000003,0.7500000000000003,0.5000000000000001,0.5750000000000002,0.7222222222222227,0.611111111111111,0.7222222222222227
0.4028925619834713,3.16796875,4.03125,0.0,0.125,0.125,0.4250000000000001,0.10185185185185185,0.07407407407407407,0.2037037037037036,0.6750000000000003,0.7500000000000003,0.5000000000000001,0.5750000000000002,0.7222222222222227,0.611111111111111,0.7222222222222227
0.403925619834711,3.17578125,4.0390625,0.0,0.125,0.125,0.4500000000000001,0.10185185185185185,0.07407407407407407,0.2037037037037036,0.6750000000000003,0.7500000000000003,0.5000000000000001,0.5750000000000002,0.7222222222222227,0.611111111111111,0.7222222222222227
0.40495867768595056,3.185546875,4.046875,0.0,0.125,0.15,0.4500000000000001,0.10185185185185185,0.07407407407407407,0.2037037037037036,0.6750000000000003,0.7500000000000003,0.5000000000000001,0.5750000000000002,0.7222222222222227,0.611111111111111,0.7222222222222227
0.40599173553719026,3.193359375,4.05859375,0.0,0.125,0.15,0.4500000000000001,0.10185185185185185,0.08333333333333333,0.2037037037037036,0.6750000000000003,0.7500000000000003,0.5000000000000001,0.5750000000000002,0.7222222222222227,0.611111111111111,0.7222222222222227
0.40702479338842995,3.203125,4.0703125,0.0,0.125,0.15,0.4500000000000001,0.1111111111111111,0.08333333333333333,0.2037037037037036,0.6750000000000003,0.7500000000000003,0.5000000000000001,0.5750000000000002,0.7222222222222227,0.611111111111111,0.7222222222222227
0.40805785123966964,3.2109375,4.078125,0.0,0.125,0.15,0.4500000000000001,0.1111111111111111,0.08333333333333333,0.21296296296296285,0.6750000000000003,0.7500000000000003,0.5000000000000001,0.5750000000000002,0.7222222222222227,0.611111111111111,0.7222222222222227
0.40909090909090934,3.21875,4.08203125,0.0,0.125,0.15,0.4500000000000001,0.1111111111111111,0.08333333333333333,0.21296296296296285,0.7000000000000003,0.7500000000000003,0.5000000000000001,0.5750000000000002,0.7222222222222227,0.611111111111111,0.7222222222222227
0.41012396694214903,3.2265625,4.08984375,0.0,0.125,0.15,0.4500000000000001,0.1111111111111111,0.08333333333333333,0.21296296296296285,0.7000000000000003,0.7500000000000003,0.5000000000000001,0.5750000000000002,0.731481481481482,0.611111111111111,0.7222222222222227
0.4111570247933886,3.236328125,4.10546875,0.0,0.125,0.15,0.4500000000000001,0.12037037037037036,0.08333333333333333,0.21296296296296285,0.7000000000000003,0.7500000000000003,0.5000000000000001,0.5750000000000002,0.731481481481482,0.611111111111111,0.7222222222222227
0.4121900826446283,3.244140625,4.11328125,0.0,0.125,0.15,0.4500000000000001,0.12037037037037036,0.08333333333333333,0.21296296296296285,0.7000000000000003,0.7500000000000003,0.5000000000000001,0.5750000000000002,0.7407407407407413,0.611111111111111,0.7222222222222227
0.413223140495868,3.251953125,4.12109375,0.0,0.125,0.15,0.4500000000000001,0.12037037037037036,0.08333333333333333,0.21296296296296285,0.7000000000000003,0.7500000000000003,0.5000000000000001,0.5750000000000002,0.7500000000000006,0.611111111111111,0.7222222222222227
0.4142561983471077,3.259765625,4.12890625,0.0,0.125,0.15,0.4500000000000001,0.12037037037037036,0.08333333333333333,0.21296296296296285,0.7000000000000003,0.7500000000000003,0.5000000000000001,0.5750000000000002,0.7592592592592599,0.611111111111111,0.7222222222222227
0.41528925619834733,3.267578125,4.13671875,0.0,0.125,0.15,0.4500000000000001,0.12037037037037036,0.08333333333333333,0.21296296296296285,0.7000000000000003,0.7500000000000003,0.5000000000000001,0.5750000000000002,0.7592592592592599,0.6203703703703703,0.7222222222222227
0.41632231404958703,3.275390625,4.14453125,0.0,0.125,0.15,0.4500000000000001,0.12037037037037036,0.08333333333333333,0.21296296296296285,0.7000000000000003,0.7500000000000003,0.5000000000000001,0.5750000000000002,0.7592592592592599,0.6296296296296297,0.7222222222222227
0.41735537190082667,3.283203125,4.15625,0.0,0.125,0.15,0.4500000000000001,0.12037037037037036,0.08333333333333333,0.21296296296296285,0.7000000000000003,0.7500000000000003,0.5250000000000001,0.5750000000000002,0.7592592592592599,0.6296296296296297,0.7222222222222227
0.41838842975206636,3.291015625,4.1640625,0.0,0.125,0.15,0.4500000000000001,0.12037037037037036,0.08333333333333333,0.21296296296296285,0.7000000000000003,0.7500000000000003,0.5250000000000001,0.5750000000000002,0.7592592592592599,0.6296296296296297,0.731481481481482
0.419421487603306,3.298828125,4.17578125,0.0,0.125,0.15,0.4500000000000001,0.12037037037037036,0.08333333333333333,0.21296296296296285,0.7000000000000003,0.7500000000000003,0.5250000000000001,0.5750000000000002,0.7592592592592599,0.6296296296296297,0.7407407407407413
0.4204545454545457,3.306640625,4.18359375,0.0,0.125,0.15,0.4500000000000001,0.12037037037037036,0.08333333333333333,0.21296296296296285,0.7000000000000003,0.7500000000000003,0.5500000000000002,0.5750000000000002,0.7592592592592599,0.6296296296296297,0.7407407407407413
0.4214876033057854,3.31640625,4.19140625,0.0,0.125,0.15,0.4500000000000001,0.12962962962962962,0.08333333333333333,0.21296296296296285,0.7000000000000003,0.7500000000000003,0.5500000000000002,0.5750000000000002,0.7592592592592599,0.6296296296296297,0.7407407407407413
0.4225206611570251,3.32421875,4.203125,0.0,0.125,0.15,0.4500000000000001,0.12962962962962962,0.08333333333333333,0.2222222222222221,0.7000000000000003,0.7500000000000003,0.5500000000000002,0.5750000000000002,0.7592592592592599,0.6296296296296297,0.7407407407407413
0.4235537190082648,3.33203125,4.2109375,0.0,0.125,0.15,0.4500000000000001,0.12962962962962962,0.08333333333333333,0.2222222222222221,0.7000000000000003,0.7500000000000003,0.5500000000000002,0.5750000000000002,0.7592592592592599,0.638888888888889,0.7407407407407413
0.42458677685950447,3.33984375,4.21875,0.0,0.125,0.15,0.4500000000000001,0.12962962962962962,0.08333333333333333,0.2222222222222221,0.7000000000000003,0.7500000000000003,0.5500000000000002,0.5750000000000002,0.7592592592592599,0.6481481481481483,0.7407407407407413
0.42561983471074405,3.34765625,4.2265625,0.0,0.125,0.15,0.4500000000000001,0.12962962962962962,0.08333333333333333,0.2222222222222221,0.7250000000000003,0.7500000000000003,0.5500000000000002,0.5750000000000002,0.7592592592592599,0.6481481481481483,0.7407407407407413
0.42665289256198374,3.35546875,4.23828125,0.0,0.125,0.15,0.4500000000000001,0.12962962962962962,0.08333333333333333,0.2222222222222221,0.7250000000000003,0.7500000000000003,0.5500000000000002,0.5750000000000002,0.7592592592592599,0.6574074074074076,0.7407407407407413
0.42768595041322344,3.36328125,4.2421875,0.0,0.125,0.15,0.4500000000000001,0.12962962962962962,0.08333333333333333,0.2222222222222221,0.7250000000000003,0.7500000000000003,0.5500000000000002,0.6000000000000002,0.7592592592592599,0.6574074074074076,0.7407407407407413
0.42871900826446313,3.37109375,4.25390625,0.0,0.125,0.15,0.4500000000000001,0.12962962962962962,0.08333333333333333,0.2222222222222221,0.7250000000000003,0.7500000000000003,0.5500000000000002,0.6000000000000002,0.7592592592592599,0.6666666666666669,0.7407407407407413
0.42975206611570277,3.37890625,4.26171875,0.0,0.125,0.15,0.4500000000000001,0.12962962962962962,0.08333333333333333,0.2222222222222221,0.7250000000000003,0.7500000000000003,0.5500000000000002,0.6000000000000002,0.7592592592592599,0.6666666666666669,0.7500000000000006
0.43078512396694246,3.38671875,4.2734375,0.0,0.125,0.15,0.4500000000000001,0.12962962962962962,0.08333333333333333,0.2222222222222221,0.7250000000000003,0.7500000000000003,0.5500000000000002,0.6000000000000002,0.7685185185185192,0.6666666666666669,0.7500000000000006
0.43181818181818216,3.39453125,4.28125,0.0,0.125,0.15,0.4500000000000001,0.12962962962962962,0.08333333333333333,0.2222222222222221,0.7250000000000003,0.7500000000000003,0.5500000000000002,0.6000000000000002,0.7685185185185192,0.6666666666666669,0.7592592592592599
0.4328512396694218,3.40234375,4.2890625,0.0,0.125,0.15,0.4500000000000001,0.12962962962962962,0.08333333333333333,0.2222222222222221,0.7250000000000003,0.7500000000000003,0.5500000000000002,0.6000000000000002,0.7777777777777785,0.6666666666666669,0.7592592592592599
0.43388429752066154,3.41015625,4.296875,0.0,0.125,0.15,0.4500000000000001,0.12962962962962962,0.08333333333333333,0.2222222222222221,0.7250000000000003,0.7500000000000003,0.5500000000000002,0.6000000000000002,0.7777777777777785,0.6666666666666669,0.7685185185185192
0.4349173553719011,3.41796875,4.30859375,0.0,0.125,0.15,0.4500000000000001,0.12962962962962962,0.08333333333333333,0.2222222222222221,0.7250000000000003,0.7500000000000003,0.5500000000000002,0.6000000000000002,0.7777777777777785,0.6759259259259262,0.7685185185185192
0.4359504132231409,3.42578125,4.31640625,0.0,0.125,0.15,0.4500000000000001,0.12962962962962962,0.08333333333333333,0.2222222222222221,0.7250000000000003,0.7500000000000003,0.5500000000000002,0.6000000000000002,0.7777777777777785,0.6851851851851855,0.7685185185185192
0.4369834710743805,3.43359375,4.32421875,0.0,0.125,0.15,0.4500000000000001,0.12962962962962962,0.08333333333333333,0.2222222222222221,0.7250000000000003,0.7500000000000003,0.5500000000000002,0.6000000000000002,0.7777777777777785,0.6944444444444448,0.7685185185185192
0.4380165289256201,3.44140625,4.33203125,0.0,0.125,0.15,0.4500000000000001,0.12962962962962962,0.08333333333333333,0.2222222222222221,0.7250000000000003,0.7500000000000003,0.5500000000000002,0.6000000000000002,0.7777777777777785,0.6944444444444448,0.7777777777777785
0.4390495867768598,3.44921875,4.34375,0.0,0.125,0.15,0.4500000000000001,0.12962962962962962,0.08333333333333333,0.2222222222222221,0.7250000000000003,0.7500000000000003,0.5500000000000002,0.6000000000000002,0.7777777777777785,0.6944444444444448,0.7870370370370378
0.44008264462809954,3.458984375,4.3515625,0.0,0.15,0.15,0.4500000000000001,0.12962962962962962,0.08333333333333333,0.2222222222222221,0.7250000000000003,0.7500000000000003,0.5500000000000002,0.6000000000000002,0.7777777777777785,0.6944444444444448,0.7870370370370378
0.4411157024793392,3.466796875,4.359375,0.0,0.15,0.15,0.4500000000000001,0.12962962962962962,0.08333333333333333,0.2222222222222221,0.7250000000000003,0.7500000000000003,0.5500000000000002,0.6000000000000002,0.7870370370370378,0.6944444444444448,0.7870370370370378
0.44214876033057887,3.474609375,4.3671875,0.0,0.15,0.15,0.4500000000000001,0.12962962962962962,0.08333333333333333,0.2222222222222221,0.7250000000000003,0.7500000000000003,0.5500000000000002,0.6000000000000002,0.7870370370370378,0.6944444444444448,0.7962962962962971
0.44318181818181845,3.484375,4.375,0.0,0.15,0.175,0.4500000000000001,0.12962962962962962,0.08333333333333333,0.2222222222222221,0.7250000000000003,0.7500000000000003,0.5500000000000002,0.6000000000000002,0.7870370370370378,0.6944444444444448,0.7962962962962971
0.4442148760330582,3.4921875,4.38671875,0.0,0.15,0.175,0.4500000000000001,0.12962962962962962,0.09259259259259259,0.2222222222222221,0.7250000000000003,0.7500000000000003,0.5500000000000002,0.6000000000000002,0.7870370370370378,0.6944444444444448,0.7962962962962971
0.44524793388429784,3.5,4.39453125,0.0,0.15,0.175,0.4500000000000001,0.12962962962962962,0.09259259259259259,0.2222222222222221,0.7250000000000003,0.7500000000000003,0.5500000000000002,0.6000000000000002,0.7962962962962971,0.6944444444444448,0.7962962962962971
0.44628099173553754,3.5078125,4.40625,0.0,0.15,0.175,0.4500000000000001,0.12962962962962962,0.09259259259259259,0.2222222222222221,0.7250000000000003,0.7500000000000003,0.5500000000000002,0.6000000000000002,0.7962962962962971,0.703703703703704,0.7962962962962971
0.44731404958677723,3.515625,4.41015625,0.0,0.15,0.175,0.4500000000000001,0.12962962962962962,0.09259259259259259,0.2222222222222221,0.7250000000000003,0.7500000000000003,0.5500000000000002,0.6000000000000002,0.7962962962962971,0.7129629629629634,0.7962962962962971
0.44834710743801687,3.5234375,4.421875,0.0,0.15,0.175,0.4500000000000001,0.12962962962962962,0.09259259259259259,0.2222222222222221,0.7250000000000003,0.7500000000000003,0.5500000000000002,0.6000000000000002,0.7962962962962971,0.7222222222222227,0.7962962962962971
0.44938016528925656,3.53125,4.4296875,0.0,0.15,0.175,0.4500000000000001,0.12962962962962962,0.09259259259259259,0.2222222222222221,0.7500000000000003,0.7500000000000003,0.5500000000000002,0.6000000000000002,0.7962962962962971,0.7222222222222227,0.7962962962962971
0.45041322314049625,3.5390625,4.4375,0.0,0.15,0.175,0.4500000000000001,0.12962962962962962,0.09259259259259259,0.2222222222222221,0.7500000000000003,0.7500000000000003,0.5500000000000002,0.6000000000000002,0.7962962962962971,0.7222222222222227,0.8055555555555564
0.45144628099173595,3.548828125,4.4453125,0.0,0.175,0.175,0.4500000000000001,0.12962962962962962,0.09259259259259259,0.2222222222222221,0.7500000000000003,0.7500000000000003,0.5500000000000002,0.6000000000000002,0.7962962962962971,0.7222222222222227,0.8055555555555564
0.45247933884297564,3.55859375,4.45703125,0.0,0.175,0.19999999999999998,0.4500000000000001,0.12962962962962962,0.09259259259259259,0.2222222222222221,0.7500000000000003,0.7500000000000003,0.5500000000000002,0.6000000000000002,0.7962962962962971,0.7222222222222227,0.8055555555555564
0.4535123966942152,3.568359375,4.46484375,0.0,0.175,0.19999999999999998,0.47500000000000014,0.12962962962962962,0.09259259259259259,0.2222222222222221,0.7500000000000003,0.7500000000000003,0.5500000000000002,0.6000000000000002,0.7962962962962971,0.7222222222222227,0.8055555555555564
0.4545454545454549,3.576171875,4.47265625,0.0,0.175,0.19999999999999998,0.47500000000000014,0.12962962962962962,0.10185185185185185,0.2222222222222221,0.7500000000000003,0.7500000000000003,0.5500000000000002,0.6000000000000002,0.7962962962962971,0.7222222222222227,0.8055555555555564
0.4555785123966946,3.5859375,4.48046875,0.0,0.175,0.19999999999999998,0.47500000000000014,0.1388888888888889,0.10185185185185185,0.2222222222222221,0.7500000000000003,0.7500000000000003,0.5500000000000002,0.6000000000000002,0.7962962962962971,0.7222222222222227,0.8055555555555564
0.4566115702479343,3.59375,4.4921875,0.0,0.175,0.19999999999999998,0.47500000000000014,0.1388888888888889,0.10185185185185185,0.23148148148148134,0.7500000000000003,0.7500000000000003,0.5500000000000002,0.6000000000000002,0.7962962962962971,0.7222222222222227,0.8055555555555564
0.45764462809917394,3.6015625,4.5,0.0,0.175,0.19999999999999998,0.47500000000000014,0.1388888888888889,0.10185185185185185,0.23148148148148134,0.7500000000000003,0.7500000000000003,0.5500000000000002,0.6000000000000002,0.7962962962962971,0.7222222222222227,0.8148148148148157
0.4586776859504136,3.611328125,4.51171875,0.0,0.175,0.19999999999999998,0.47500000000000014,0.14814814814814814,0.10185185185185185,0.23148148148148134,0.7500000000000003,0.7500000000000003,0.5500000000000002,0.6000000000000002,0.7962962962962971,0.7222222222222227,0.8148148148148157
0.4597107438016533,3.619140625,4.515625,0.0,0.175,0.19999999999999998,0.47500000000000014,0.14814814814814814,0.1111111111111111,0.23148148148148134,0.7500000000000003,0.7500000000000003,0.5500000000000002,0.6000000000000002,0.7962962962962971,0.7222222222222227,0.8148148148148157
0.46074380165289297,3.62890625,4.52734375,0.0,0.175,0.19999999999999998,0.47500000000000014,0.15740740740740738,0.1111111111111111,0.23148148148148134,0.7500000000000003,0.7500000000000003,0.5500000000000002,0.6000000000000002,0.7962962962962971,0.7222222222222227,0.8148148148148157
0.4617768595041326,3.63671875,4.53515625,0.0,0.175,0.19999999999999998,0.47500000000000014,0.15740740740740738,0.1111111111111111,0.23148148148148134,0.7500000000000003,0.7500000000000003,0.5750000000000002,0.6000000000000002,0.7962962962962971,0.7222222222222227,0.8148148148148157
0.46280991735537225,3.64453125,4.54296875,0.0,0.175,0.19999999999999998,0.47500000000000014,0.15740740740740738,0.1111111111111111,0.23148148148148134,0.7500000000000003,0.7500000000000003,0.5750000000000002,0.6000000000000002,0.7962962962962971,0.731481481481482,0.8148148148148157
0.463842975206612,3.654296875,4.55078125,0.0,0.175,0.19999999999999998,0.47500000000000014,0.16666666666666663,0.1111111111111111,0.23148148148148134,0.7500000000000003,0.7500000000000003,0.5750000000000002,0.6000000000000002,0.7962962962962971,0.731481481481482,0.8148148148148157
0.46487603305785163,3.662109375,4.5625,0.0,0.175,0.19999999999999998,0.47500000000000014,0.16666666666666663,0.1111111111111111,0.23148148148148134,0.7500000000000003,0.7500000000000003,0.5750000000000002,0.6000000000000002,0.8055555555555564,0.731481481481482,0.8148148148148157
0.4659090909090913,3.669921875,4.5703125,0.0,0.175,0.19999999999999998,0.47500000000000014,0.16666666666666663,0.1111111111111111,0.23148148148148134,0.7500000000000003,0.7500000000000003,0.5750000000000002,0.6000000000000002,0.8148148148148157,0.731481481481482,0.8148148148148157
0.46694214876033097,3.677734375,4.578125,0.0,0.175,0.19999999999999998,0.47500000000000014,0.16666666666666663,0.1111111111111111,0.23148148148148134,0.7500000000000003,0.7500000000000003,0.5750000000000002,0.6000000000000002,0.8148148148148157,0.7407407407407413,0.8148148148148157
0.46797520661157066,3.685546875,4.5859375,0.0,0.175,0.19999999999999998,0.47500000000000014,0.16666666666666663,0.1111111111111111,0.23148148148148134,0.7500000000000003,0.7500000000000003,0.5750000000000002,0.6000000000000002,0.8148148148148157,0.7500000000000006,0.8148148148148157
0.46900826446281035,3.693359375,4.59375,0.0,0.175,0.19999999999999998,0.47500000000000014,0.16666666666666663,0.1111111111111111,0.23148148148148134,0.7500000000000003,0.7500000000000003,0.5750000000000002,0.6000000000000002,0.8148148148148157,0.7592592592592599,0.8148148148148157
0.47004132231404994,3.701171875,4.6015625,0.0,0.175,0.19999999999999998,0.47500000000000014,0.16666666666666663,0.1111111111111111,0.23148148148148134,0.7500000000000003,0.7500000000000003,0.5750000000000002,0.6000000000000002,0.824074074074075,0.7592592592592599,0.8148148148148157
0.47107438016528963,3.708984375,4.6171875,0.0,0.175,0.19999999999999998,0.47500000000000014,0.16666666666666663,0.1111111111111111,0.23148148148148134,0.7500000000000003,0.7500000000000003,0.5750000000000002,0.6000000000000002,0.824074074074075,0.7592592592592599,0.824074074074075
0.4721074380165294,3.716796875,4.62109375,0.0,0.175,0.19999999999999998,0.47500000000000014,0.16666666666666663,0.1111111111111111,0.23148148148148134,0.7500000000000003,0.7500000000000003,0.5750000000000002,0.6000000000000002,0.824074074074075,0.7685185185185192,0.824074074074075
0.4731404958677691,3.724609375,4.62890625,0.0,0.175,0.19999999999999998,0.47500000000000014,0.16666666666666663,0.1111111111111111,0.23148148148148134,0.7500000000000003,0.7500000000000003,0.5750000000000002,0.6000000000000002,0.824074074074075,0.7685185185185192,0.8333333333333343
0.4741735537190087,3.732421875,4.640625,0.0,0.175,0.19999999999999998,0.47500000000000014,0.16666666666666663,0.1111111111111111,0.23148148148148134,0.7750000000000004,0.7500000000000003,0.5750000000000002,0.6000000000000002,0.824074074074075,0.7685185185185192,0.8333333333333343
0.4752066115702483,3.740234375,4.6484375,0.0,0.175,0.19999999999999998,0.47500000000000014,0.16666666666666663,0.1111111111111111,0.23148148148148134,0.7750000000000004,0.7500000000000003,0.5750000000000002,0.6000000000000002,0.824074074074075,0.7777777777777785,0.8333333333333343
0.476239669421488,3.748046875,4.66015625,0.0,0.175,0.19999999999999998,0.47500000000000014,0.16666666666666663,0.1111111111111111,0.23148148148148134,0.7750000000000004,0.7500000000000003,0.5750000000000002,0.6000000000000002,0.824074074074075,0.7777777777777785,0.8425925925925936
0.4772727272727277,3.755859375,4.66796875,0.0,0.175,0.19999999999999998,0.47500000000000014,0.16666666666666663,0.1111111111111111,0.23148148148148134,0.7750000000000004,0.7500000000000003,0.5750000000000002,0.6000000000000002,0.8333333333333343,0.7777777777777785,0.8425925925925936
0.4783057851239674,3.763671875,4.671875,0.0,0.175,0.19999999999999998,0.47500000000000014,0.16666666666666663,0.1111111111111111,0.23148148148148134,0.7750000000000004,0.7500000000000003,0.5750000000000002,0.6000000000000002,0.8333333333333343,0.7777777777777785,0.8518518518518529
0.47933884297520707,3.771484375,4.68359375,0.0,0.175,0.19999999999999998,0.47500000000000014,0.16666666666666663,0.1111111111111111,0.23148148148148134,0.7750000000000004,0.7500000000000003,0.5750000000000002,0.6000000000000002,0.8333333333333343,0.7777777777777785,0.8611111111111122
0.4803719008264467,3.779296875,4.69140625,0.0,0.175,0.19999999999999998,0.47500000000000014,0.16666666666666663,0.1111111111111111,0.23148148148148134,0.7750000000000004,0.7500000000000003,0.5750000000000002,0.6000000000000002,0.8333333333333343,0.7870370370370378,0.8611111111111122
0.4814049586776864,3.7890625,4.69921875,0.025,0.175,0.19999999999999998,0.47500000000000014,0.16666666666666663,0.1111111111111111,0.23148148148148134,0.7750000000000004,0.7500000000000003,0.5750000000000002,0.6000000000000002,0.8333333333333343,0.7870370370370378,0.8611111111111122
0.4824380165289261,3.796875,4.7109375,0.025,0.175,0.19999999999999998,0.47500000000000014,0.16666666666666663,0.1111111111111111,0.23148148148148134,0.7750000000000004,0.7500000000000003,0.5750000000000002,0.6000000000000002,0.8333333333333343,0.7962962962962971,0.8611111111111122
0.4834710743801658,3.806640625,4.71875,0.025,0.175,0.22499999999999998,0.47500000000000014,0.16666666666666663,0.1111111111111111,0.23148148148148134,0.7750000000000004,0.7500000000000003,0.5750000000000002,0.6000000000000002,0.8333333333333343,0.7962962962962971,0.8611111111111122
0.48450413223140537,3.814453125,4.72265625,0.025,0.175,0.22499999999999998,0.47500000000000014,0.16666666666666663,0.1111111111111111,0.23148148148148134,0.7750000000000004,0.7750000000000004,0.5750000000000002,0.6000000000000002,0.8333333333333343,0.7962962962962971,0.8611111111111122
0.48553719008264506,3.822265625,4.734375,0.025,0.175,0.22499999999999998,0.47500000000000014,0.16666666666666663,0.1111111111111111,0.23148148148148134,0.7750000000000004,0.7750000000000004,0.5750000000000002,0.6000000000000002,0.8333333333333343,0.7962962962962971,0.8703703703703715
0.48657024793388476,3.83203125,4.7421875,0.025,0.175,0.22499999999999998,0.47500000000000014,0.17592592592592587,0.1111111111111111,0.23148148148148134,0.7750000000000004,0.7750000000000004,0.5750000000000002,0.6000000000000002,0.8333333333333343,0.7962962962962971,0.8703703703703715
0.48760330578512445,3.83984375,4.75390625,0.025,0.175,0.22499999999999998,0.47500000000000014,0.17592592592592587,0.1111111111111111,0.23148148148148134,0.7750000000000004,0.7750000000000004,0.5750000000000002,0.6000000000000002,0.8333333333333343,0.7962962962962971,0.8796296296296308
0.48863636363636415,3.849609375,4.76171875,0.025,0.175,0.22499999999999998,0.47500000000000014,0.18518518518518512,0.1111111111111111,0.23148148148148134,0.7750000000000004,0.7750000000000004,0.5750000000000002,0.6000000000000002,0.8333333333333343,0.7962962962962971,0.8796296296296308
0.48966942148760384,3.857421875,4.76953125,0.025,0.175,0.22499999999999998,0.47500000000000014,0.18518518518518512,0.1111111111111111,0.23148148148148134,0.7750000000000004,0.7750000000000004,0.5750000000000002,0.6000000000000002,0.8333333333333343,0.8055555555555564,0.8796296296296308
0.4907024793388435,3.865234375,4.77734375,0.025,0.175,0.22499999999999998,0.47500000000000014,0.18518518518518512,0.1111111111111111,0.23148148148148134,0.7750000000000004,0.7750000000000004,0.5750000000000002,0.6000000000000002,0.8333333333333343,0.8148148148148157,0.8796296296296308
0.4917355371900831,3.875,4.78515625,0.025,0.19999999999999998,0.22499999999999998,0.47500000000000014,0.18518518518518512,0.1111111111111111,0.23148148148148134,0.7750000000000004,0.7750000000000004,0.5750000000000002,0.6000000000000002,0.8333333333333343,0.8148148148148157,0.8796296296296308
0.4927685950413228,3.884765625,4.79296875,0.025,0.19999999999999998,0.22499999999999998,0.47500000000000014,0.19444444444444436,0.1111111111111111,0.23148148148148134,0.7750000000000004,0.7750000000000004,0.5750000000000002,0.6000000000000002,0.8333333333333343,0.8148148148148157,0.8796296296296308
0.4938016528925625,3.892578125,4.8046875,0.025,0.19999999999999998,0.22499999999999998,0.47500000000000014,0.19444444444444436,0.12037037037037036,0.23148148148148134,0.7750000000000004,0.7750000000000004,0.5750000000000002,0.6000000000000002,0.8333333333333343,0.8148148148148157,0.8796296296296308
0.49483471074380214,3.90234375,4.8125,0.025,0.19999999999999998,0.22499999999999998,0.5000000000000001,0.19444444444444436,0.12037037037037036,0.23148148148148134,0.7750000000000004,0.7750000000000004,0.5750000000000002,0.6000000000000002,0.8333333333333343,0.8148148148148157,0.8796296296296308
0.4958677685950418,3.912109375,4.8203125,0.025,0.19999999999999998,0.22499999999999998,0.5000000000000001,0.2037037037037036,0.12037037037037036,0.23148148148148134,0.7750000000000004,0.7750000000000004,0.5750000000000002,0.6000000000000002,0.8333333333333343,0.8148148148148157,0.8796296296296308
0.4969008264462815,3.919921875,4.828125,0.025,0.19999999999999998,0.22499999999999998,0.5000000000000001,0.2037037037037036,0.12037037037037036,0.23148148148148134,0.7750000000000004,0.7750000000000004,0.6000000000000002,0.6000000000000002,0.8333333333333343,0.8148148148148157,0.8796296296296308
0.49793388429752117,3.9296875,4.8359375,0.025,0.19999999999999998,0.22499999999999998,0.5000000000000001,0.2037037037037036,0.12962962962962962,0.23148148148148134,0.7750000000000004,0.7750000000000004,0.6000000000000002,0.6000000000000002,0.8333333333333343,0.8148148148148157,0.8796296296296308
0.4989669421487608,3.9375,4.84375,0.025,0.19999999999999998,0.22499999999999998,0.5000000000000001,0.2037037037037036,0.1388888888888889,0.23148148148148134,0.7750000000000004,0.7750000000000004,0.6000000000000002,0.6000000000000002,0.8333333333333343,0.8148148148148157,0.8796296296296308
0.5000000000000006,3.9453125,4.85546875,0.025,0.19999999999999998,0.22499999999999998,0.5000000000000001,0.2037037037037036,0.1388888888888889,0.2407407407407406,0.7750000000000004,0.7750000000000004,0.6000000000000002,0.6000000000000002,0.8333333333333343,0.8148148148148157,0.8796296296296308
0.5010330578512401,3.953125,4.86328125,0.025,0.19999999999999998,0.22499999999999998,0.5000000000000001,0.2037037037037036,0.1388888888888889,0.2407407407407406,0.8000000000000004,0.7750000000000004,0.6000000000000002,0.6000000000000002,0.8333333333333343,0.8148148148148157,0.8796296296296308
0.5020661157024798,3.962890625,4.87109375,0.025,0.19999999999999998,0.22499999999999998,0.5000000000000001,0.2037037037037036,0.14814814814814814,0.2407407407407406,0.8000000000000004,0.7750000000000004,0.6000000000000002,0.6000000000000002,0.8333333333333343,0.8148148148148157,0.8796296296296308
0.5030991735537195,3.970703125,4.87890625,0.025,0.19999999999999998,0.22499999999999998,0.5000000000000001,0.2037037037037036,0.14814814814814814,0.24999999999999983,0.8000000000000004,0.7750000000000004,0.6000000000000002,0.6000000000000002,0.8333333333333343,0.8148148148148157,0.8796296296296308
0.5041322314049592,3.978515625,4.88671875,0.025,0.19999999999999998,0.22499999999999998,0.5000000000000001,0.2037037037037036,0.14814814814814814,0.24999999999999983,0.8000000000000004,0.7750000000000004,0.6000000000000002,0.6000000000000002,0.8425925925925936,0.8148148148148157,0.8796296296296308
0.5051652892561989,3.986328125,4.89453125,0.025,0.19999999999999998,0.22499999999999998,0.5000000000000001,0.2037037037037036,0.14814814814814814,0.24999999999999983,0.8000000000000004,0.7750000000000004,0.6000000000000002,0.6000000000000002,0.8518518518518529,0.8148148148148157,0.8796296296296308
0.5061983471074385,3.994140625,4.90625,0.025,0.19999999999999998,0.22499999999999998,0.5000000000000001,0.2037037037037036,0.14814814814814814,0.24999999999999983,0.8000000000000004,0.7750000000000004,0.6250000000000002,0.6000000000000002,0.8518518518518529,0.8148148148148157,0.8796296296296308
0.5072314049586782,4.00390625,4.9140625,0.025,0.22499999999999998,0.22499999999999998,0.5000000000000001,0.2037037037037036,0.14814814814814814,0.24999999999999983,0.8000000000000004,0.7750000000000004,0.6250000000000002,0.6000000000000002,0.8518518518518529,0.8148148148148157,0.8796296296296308
0.5082644628099179,4.01171875,4.921875,0.025,0.22499999999999998,0.22499999999999998,0.5000000000000001,0.2037037037037036,0.14814814814814814,0.24999999999999983,0.8000000000000004,0.7750000000000004,0.6250000000000002,0.6000000000000002,0.8611111111111122,0.8148148148148157,0.8796296296296308
0.5092975206611574,4.01953125,4.93359375,0.025,0.22499999999999998,0.22499999999999998,0.5000000000000001,0.2037037037037036,0.14814814814814814,0.2592592592592591,0.8000000000000004,0.7750000000000004,0.6250000000000002,0.6000000000000002,0.8611111111111122,0.8148148148148157,0.8796296296296308
0.5103305785123972,4.02734375,4.9375,0.025,0.22499999999999998,0.22499999999999998,0.5000000000000001,0.2037037037037036,0.14814814814814814,0.2592592592592591,0.8000000000000004,0.7750000000000004,0.6250000000000002,0.6000000000000002,0.8611111111111122,0.824074074074075,0.8796296296296308
0.5113636363636368,4.03515625,4.94921875,0.025,0.22499999999999998,0.22499999999999998,0.5000000000000001,0.2037037037037036,0.14814814814814814,0.2592592592592591,0.8000000000000004,0.7750000000000004,0.6250000000000002,0.6000000000000002,0.8611111111111122,0.8333333333333343,0.8796296296296308
0.5123966942148765,4.04296875,4.95703125,0.025,0.22499999999999998,0.22499999999999998,0.5000000000000001,0.2037037037037036,0.14814814814814814,0.2592592592592591,0.8000000000000004,0.7750000000000004,0.6250000000000002,0.6000000000000002,0.8611111111111122,0.8333333333333343,0.8888888888888901
0.5134297520661161,4.05078125,4.96484375,0.025,0.22499999999999998,0.22499999999999998,0.5000000000000001,0.2037037037037036,0.14814814814814814,0.2592592592592591,0.8000000000000004,0.7750000000000004,0.6250000000000002,0.6000000000000002,0.8611111111111122,0.8333333333333343,0.8981481481481494
0.5144628099173558,4.05859375,4.97265625,0.025,0.22499999999999998,0.22499999999999998,0.5000000000000001,0.2037037037037036,0.14814814814814814,0.2592592592592591,0.8000000000000004,0.8000000000000004,0.6250000000000002,0.6000000000000002,0.8611111111111122,0.8333333333333343,0.8981481481481494
0.5154958677685955,4.06640625,4.98046875,0.025,0.22499999999999998,0.22499999999999998,0.5000000000000001,0.2037037037037036,0.14814814814814814,0.2592592592592591,0.8000000000000004,0.8000000000000004,0.6250000000000002,0.6000000000000002,0.8611111111111122,0.8333333333333343,0.9074074074074087
0.5165289256198352,4.07421875,4.98828125,0.025,0.22499999999999998,0.22499999999999998,0.5000000000000001,0.2037037037037036,0.14814814814814814,0.2592592592592591,0.8000000000000004,0.8000000000000004,0.6250000000000002,0.6000000000000002,0.8611111111111122,0.8333333333333343,0.916666666666668
0.5175619834710748,4.0859375,5.0,0.025,0.24999999999999997,0.22499999999999998,0.5000000000000001,0.2037037037037036,0.14814814814814814,0.2592592592592591,0.8000000000000004,0.8000000000000004,0.6250000000000002,0.6000000000000002,0.8611111111111122,0.8333333333333343,0.916666666666668
0.5185950413223145,4.09375,5.0078125,0.025,0.24999999999999997,0.22499999999999998,0.5000000000000001,0.2037037037037036,0.15740740740740738,0.2592592592592591,0.8000000000000004,0.8000000000000004,0.6250000000000002,0.6000000000000002,0.8611111111111122,0.8333333333333343,0.916666666666668
0.5196280991735541,4.10546875,5.015625,0.025,0.27499999999999997,0.22499999999999998,0.5000000000000001,0.2037037037037036,0.15740740740740738,0.2592592592592591,0.8000000000000004,0.8000000000000004,0.6250000000000002,0.6000000000000002,0.8611111111111122,0.8333333333333343,0.916666666666668
0.5206611570247939,4.1171875,5.0234375,0.025,0.27499999999999997,0.24999999999999997,0.5000000000000001,0.2037037037037036,0.15740740740740738,0.2592592592592591,0.8000000000000004,0.8000000000000004,0.6250000000000002,0.6000000000000002,0.8611111111111122,0.8333333333333343,0.916666666666668
0.5216942148760335,4.125,5.03125,0.025,0.27499999999999997,0.24999999999999997,0.5000000000000001,0.21296296296296285,0.15740740740740738,0.2592592592592591,0.8000000000000004,0.8000000000000004,0.6250000000000002,0.6000000000000002,0.8611111111111122,0.8333333333333343,0.916666666666668
0.5227272727272732,4.1328125,5.04296875,0.025,0.27499999999999997,0.24999999999999997,0.5000000000000001,0.21296296296296285,0.16666666666666663,0.2592592592592591,0.8000000000000004,0.8000000000000004,0.6250000000000002,0.6000000000000002,0.8611111111111122,0.8333333333333343,0.916666666666668
0.5237603305785129,4.14453125,5.05078125,0.05,0.27499999999999997,0.24999999999999997,0.5000000000000001,0.21296296296296285,0.16666666666666663,0.2592592592592591,0.8000000000000004,0.8000000000000004,0.6250000000000002,0.6000000000000002,0.8611111111111122,0.8333333333333343,0.916666666666668
0.5247933884297525,4.15234375,5.0546875,0.07500000000000001,0.27499999999999997,0.24999999999999997,0.5000000000000001,0.21296296296296285,0.16666666666666663,0.2592592592592591,0.8000000000000004,0.8000000000000004,0.6250000000000002,0.6000000000000002,0.8611111111111122,0.8333333333333343,0.916666666666668
0.5258264462809923,4.16015625,5.0625,0.07500000000000001,0.27499999999999997,0.24999999999999997,0.5000000000000001,0.21296296296296285,0.16666666666666663,0.2592592592592591,0.8000000000000004,0.8000000000000004,0.6250000000000002,0.6000000000000002,0.8703703703703715,0.8333333333333343,0.916666666666668
0.5268595041322318,4.16796875,5.0703125,0.07500000000000001,0.27499999999999997,0.24999999999999997,0.5000000000000001,0.21296296296296285,0.16666666666666663,0.2592592592592591,0.8000000000000004,0.8000000000000004,0.6250000000000002,0.6000000000000002,0.8796296296296308,0.8333333333333343,0.916666666666668
0.5278925619834715,4.17578125,5.08203125,0.1,0.27499999999999997,0.24999999999999997,0.5000000000000001,0.21296296296296285,0.16666666666666663,0.2592592592592591,0.8000000000000004,0.8000000000000004,0.6250000000000002,0.6000000000000002,0.8796296296296308,0.8333333333333343,0.916666666666668
0.5289256198347112,4.18359375,5.08984375,0.1,0.27499999999999997,0.24999999999999997,0.5000000000000001,0.21296296296296285,0.16666666666666663,0.2592592592592591,0.8000000000000004,0.8000000000000004,0.6500000000000002,0.6000000000000002,0.8796296296296308,0.8333333333333343,0.916666666666668
0.5299586776859508,4.19140625,5.1015625,0.1,0.27499999999999997,0.24999999999999997,0.5000000000000001,0.21296296296296285,0.16666666666666663,0.2592592592592591,0.8000000000000004,0.8000000000000004,0.6500000000000002,0.6000000000000002,0.8888888888888901,0.8333333333333343,0.916666666666668
0.5309917355371906,4.19921875,5.10546875,0.1,0.27499999999999997,0.24999999999999997,0.5000000000000001,0.21296296296296285,0.16666666666666663,0.2592592592592591,0.8000000000000004,0.8000000000000004,0.6500000000000002,0.6250000000000002,0.8888888888888901,0.8333333333333343,0.916666666666668
0.5320247933884302,4.20703125,5.11328125,0.1,0.27499999999999997,0.24999999999999997,0.5000000000000001,0.21296296296296285,0.16666666666666663,0.2592592592592591,0.8000000000000004,0.8000000000000004,0.6500000000000002,0.6250000000000002,0.8888888888888901,0.8425925925925936,0.916666666666668
0.5330578512396699,4.21484375,5.12109375,0.1,0.27499999999999997,0.24999999999999997,0.5000000000000001,0.21296296296296285,0.16666666666666663,0.2592592592592591,0.8000000000000004,0.8000000000000004,0.6500000000000002,0.6250000000000002,0.8981481481481494,0.8425925925925936,0.916666666666668
0.5340909090909096,4.22265625,5.1328125,0.1,0.27499999999999997,0.24999999999999997,0.5000000000000001,0.21296296296296285,0.16666666666666663,0.2592592592592591,0.8000000000000004,0.8000000000000004,0.6500000000000002,0.6250000000000002,0.9074074074074087,0.8425925925925936,0.916666666666668
0.5351239669421493,4.23046875,5.140625,0.1,0.27499999999999997,0.24999999999999997,0.5000000000000001,0.21296296296296285,0.16666666666666663,0.2592592592592591,0.8000000000000004,0.8000000000000004,0.6500000000000002,0.6250000000000002,0.9074074074074087,0.8518518518518529,0.916666666666668
0.5361570247933889,4.23828125,5.1484375,0.1,0.27499999999999997,0.24999999999999997,0.5000000000000001,0.21296296296296285,0.16666666666666663,0.2592592592592591,0.8000000000000004,0.8000000000000004,0.6750000000000003,0.6250000000000002,0.9074074074074087,0.8518518518518529,0.916666666666668
0.5371900826446285,4.24609375,5.15625,0.1,0.27499999999999997,0.24999999999999997,0.5000000000000001,0.21296296296296285,0.16666666666666663,0.2592592592592591,0.8000000000000004,0.8000000000000004,0.6750000000000003,0.6250000000000002,0.9074074074074087,0.8611111111111122,0.916666666666668
0.5382231404958683,4.25390625,5.16015625,0.1,0.27499999999999997,0.24999999999999997,0.5000000000000001,0.21296296296296285,0.16666666666666663,0.2592592592592591,0.8000000000000004,0.8000000000000004,0.6750000000000003,0.6250000000000002,0.916666666666668,0.8611111111111122,0.916666666666668
0.5392561983471079,4.26171875,5.171875,0.1,0.27499999999999997,0.24999999999999997,0.5000000000000001,0.21296296296296285,0.16666666666666663,0.2592592592592591,0.8000000000000004,0.8000000000000004,0.6750000000000003,0.6250000000000002,0.9259259259259273,0.8611111111111122,0.916666666666668
0.5402892561983477,4.26953125,5.1796875,0.1,0.27499999999999997,0.24999999999999997,0.5000000000000001,0.21296296296296285,0.16666666666666663,0.2592592592592591,0.8000000000000004,0.8000000000000004,0.6750000000000003,0.6250000000000002,0.9259259259259273,0.8611111111111122,0.9259259259259273
0.5413223140495873,4.27734375,5.1875,0.1,0.27499999999999997,0.24999999999999997,0.5000000000000001,0.21296296296296285,0.16666666666666663,0.2592592592592591,0.8000000000000004,0.8000000000000004,0.6750000000000003,0.6250000000000002,0.9259259259259273,0.8703703703703715,0.9259259259259273
0.5423553719008269,4.28515625,5.1953125,0.1,0.27499999999999997,0.24999999999999997,0.5000000000000001,0.21296296296296285,0.16666666666666663,0.2592592592592591,0.8000000000000004,0.8000000000000004,0.6750000000000003,0.6250000000000002,0.9259259259259273,0.8796296296296308,0.9259259259259273
0.5433884297520667,4.29296875,5.203125,0.1,0.27499999999999997,0.24999999999999997,0.5000000000000001,0.21296296296296285,0.17592592592592587,0.2592592592592591,0.8000000000000004,0.8000000000000004,0.6750000000000003,0.6250000000000002,0.9259259259259273,0.8796296296296308,0.9259259259259273
0.5444214876033063,4.30078125,5.21484375,0.1,0.27499999999999997,0.24999999999999997,0.5000000000000001,0.21296296296296285,0.17592592592592587,0.2592592592592591,0.8000000000000004,0.8000000000000004,0.6750000000000003,0.6250000000000002,0.9259259259259273,0.8796296296296308,0.9351851851851866
0.5454545454545461,4.30859375,5.21875,0.1,0.27499999999999997,0.24999999999999997,0.5000000000000001,0.21296296296296285,0.17592592592592587,0.2592592592592591,0.8000000000000004,0.8000000000000004,0.6750000000000003,0.6250000000000002,0.9259259259259273,0.8888888888888901,0.9351851851851866
0.5464876033057857,4.31640625,5.2265625,0.1,0.27499999999999997,0.24999999999999997,0.5000000000000001,0.21296296296296285,0.17592592592592587,0.2592592592592591,0.8000000000000004,0.8000000000000004,0.6750000000000003,0.6250000000000002,0.9259259259259273,0.8888888888888901,0.9444444444444459
0.5475206611570254,4.328125,5.234375,0.125,0.27499999999999997,0.24999999999999997,0.5000000000000001,0.21296296296296285,0.17592592592592587,0.2592592592592591,0.8000000000000004,0.8000000000000004,0.6750000000000003,0.6250000000000002,0.9259259259259273,0.8888888888888901,0.9444444444444459
0.548553719008265,4.3359375,5.2421875,0.15,0.27499999999999997,0.24999999999999997,0.5000000000000001,0.21296296296296285,0.17592592592592587,0.2592592592592591,0.8000000000000004,0.8000000000000004,0.6750000000000003,0.6250000000000002,0.9259259259259273,0.8888888888888901,0.9444444444444459
0.5495867768595047,4.34375,5.25390625,0.15,0.27499999999999997,0.24999999999999997,0.5000000000000001,0.21296296296296285,0.18518518518518512,0.2592592592592591,0.8000000000000004,0.8000000000000004,0.6750000000000003,0.6250000000000002,0.9259259259259273,0.8888888888888901,0.9444444444444459
0.5506198347107443,4.3515625,5.26171875,0.15,0.27499999999999997,0.24999999999999997,0.5000000000000001,0.21296296296296285,0.18518518518518512,0.2592592592592591,0.8000000000000004,0.8000000000000004,0.6750000000000003,0.6250000000000002,0.9259259259259273,0.8981481481481494,0.9444444444444459
0.551652892561984,4.359375,5.26953125,0.15,0.27499999999999997,0.24999999999999997,0.5000000000000001,0.21296296296296285,0.18518518518518512,0.2592592592592591,0.8000000000000004,0.8000000000000004,0.6750000000000003,0.6250000000000002,0.9259259259259273,0.9074074074074087,0.9444444444444459
0.5526859504132237,4.37109375,5.27734375,0.175,0.27499999999999997,0.24999999999999997,0.5000000000000001,0.21296296296296285,0.18518518518518512,0.2592592592592591,0.8000000000000004,0.8000000000000004,0.6750000000000003,0.6250000000000002,0.9259259259259273,0.9074074074074087,0.9444444444444459
0.5537190082644634,4.37890625,5.28125,0.175,0.27499999999999997,0.24999999999999997,0.5000000000000001,0.21296296296296285,0.19444444444444436,0.2592592592592591,0.8000000000000004,0.8000000000000004,0.6750000000000003,0.6250000000000002,0.9259259259259273,0.9074074074074087,0.9444444444444459
0.554752066115703,4.38671875,5.29296875,0.175,0.27499999999999997,0.24999999999999997,0.5000000000000001,0.21296296296296285,0.19444444444444436,0.2592592592592591,0.8000000000000004,0.8000000000000004,0.7000000000000003,0.6250000000000002,0.9259259259259273,0.9074074074074087,0.9444444444444459
0.5557851239669427,4.39453125,5.30078125,0.175,0.27499999999999997,0.24999999999999997,0.5000000000000001,0.21296296296296285,0.19444444444444436,0.2592592592592591,0.8000000000000004,0.8000000000000004,0.7000000000000003,0.6250000000000002,0.9351851851851866,0.9074074074074087,0.9444444444444459
0.5568181818181824,4.40625,5.30859375,0.19999999999999998,0.27499999999999997,0.24999999999999997,0.5000000000000001,0.21296296296296285,0.19444444444444436,0.2592592592592591,0.8000000000000004,0.8000000000000004,0.7000000000000003,0.6250000000000002,0.9351851851851866,0.9074074074074087,0.9444444444444459
0.5578512396694221,4.41796875,5.31640625,0.19999999999999998,0.27499999999999997,0.27499999999999997,0.5000000000000001,0.21296296296296285,0.19444444444444436,0.2592592592592591,0.8000000000000004,0.8000000000000004,0.7000000000000003,0.6250000000000002,0.9351851851851866,0.9074074074074087,0.9444444444444459
0.5588842975206618,4.42578125,5.328125,0.19999999999999998,0.27499999999999997,0.3,0.5000000000000001,0.21296296296296285,0.19444444444444436,0.2592592592592591,0.8000000000000004,0.8000000000000004,0.7000000000000003,0.6250000000000002,0.9351851851851866,0.9074074074074087,0.9444444444444459
0.5599173553719013,4.43359375,5.3359375,0.19999999999999998,0.27499999999999997,0.3,0.5000000000000001,0.21296296296296285,0.19444444444444436,0.2592592592592591,0.8000000000000004,0.8000000000000004,0.7000000000000003,0.6250000000000002,0.9444444444444459,0.9074074074074087,0.9444444444444459
0.5609504132231411,4.4453125,5.34375,0.19999999999999998,0.27499999999999997,0.325,0.5000000000000001,0.21296296296296285,0.19444444444444436,0.2592592592592591,0.8000000000000004,0.8000000000000004,0.7000000000000003,0.6250000000000002,0.9444444444444459,0.9074074074074087,0.9444444444444459
0.5619834710743807,4.453125,5.34765625,0.19999999999999998,0.27499999999999997,0.325,0.5000000000000001,0.2222222222222221,0.19444444444444436,0.2592592592592591,0.8000000000000004,0.8000000000000004,0.7000000000000003,0.6250000000000002,0.9444444444444459,0.9074074074074087,0.9444444444444459
0.5630165289256204,4.4609375,5.35546875,0.19999999999999998,0.27499999999999997,0.325,0.5000000000000001,0.2222222222222221,0.19444444444444436,0.2592592592592591,0.8000000000000004,0.8000000000000004,0.7000000000000003,0.6250000000000002,0.9444444444444459,0.916666666666668,0.9444444444444459
0.56404958677686,4.46875,5.3671875,0.19999999999999998,0.27499999999999997,0.325,0.5000000000000001,0.2222222222222221,0.19444444444444436,0.2592592592592591,0.8000000000000004,0.8000000000000004,0.7000000000000003,0.6250000000000002,0.9444444444444459,0.9259259259259273,0.9444444444444459
0.5650826446280998,4.4765625,5.37109375,0.19999999999999998,0.27499999999999997,0.325,0.5000000000000001,0.2222222222222221,0.19444444444444436,0.2592592592592591,0.8000000000000004,0.8000000000000004,0.7000000000000003,0.6250000000000002,0.9444444444444459,0.9259259259259273,0.9537037037037052
0.5661157024793394,4.484375,5.37890625,0.19999999999999998,0.27499999999999997,0.325,0.5000000000000001,0.2222222222222221,0.19444444444444436,0.2592592592592591,0.8000000000000004,0.8000000000000004,0.7000000000000003,0.6250000000000002,0.9537037037037052,0.9259259259259273,0.9537037037037052
0.5671487603305791,4.49609375,5.38671875,0.19999999999999998,0.27499999999999997,0.35000000000000003,0.5000000000000001,0.2222222222222221,0.19444444444444436,0.2592592592592591,0.8000000000000004,0.8000000000000004,0.7000000000000003,0.6250000000000002,0.9537037037037052,0.9259259259259273,0.9537037037037052
0.5681818181818188,4.50390625,5.39453125,0.19999999999999998,0.27499999999999997,0.35000000000000003,0.5000000000000001,0.2222222222222221,0.2037037037037036,0.2592592592592591,0.8000000000000004,0.8000000000000004,0.7000000000000003,0.6250000000000002,0.9537037037037052,0.9259259259259273,0.9537037037037052
0.5692148760330584,4.515625,5.40625,0.19999999999999998,0.27499999999999997,0.35000000000000003,0.5250000000000001,0.2222222222222221,0.2037037037037036,0.2592592592592591,0.8000000000000004,0.8000000000000004,0.7000000000000003,0.6250000000000002,0.9537037037037052,0.9259259259259273,0.9537037037037052
0.5702479338842982,4.5234375,5.41015625,0.19999999999999998,0.27499999999999997,0.35000000000000003,0.5250000000000001,0.23148148148148134,0.2037037037037036,0.2592592592592591,0.8000000000000004,0.8000000000000004,0.7000000000000003,0.6250000000000002,0.9537037037037052,0.9259259259259273,0.9537037037037052
0.5712809917355378,4.53515625,5.41796875,0.22499999999999998,0.27499999999999997,0.35000000000000003,0.5250000000000001,0.23148148148148134,0.2037037037037036,0.2592592592592591,0.8000000000000004,0.8000000000000004,0.7000000000000003,0.6250000000000002,0.9537037037037052,0.9259259259259273,0.9537037037037052
0.5723140495867775,4.546875,5.42578125,0.22499999999999998,0.27499999999999997,0.35000000000000003,0.5250000000000001,0.2407407407407406,0.2037037037037036,0.2592592592592591,0.8000000000000004,0.8000000000000004,0.7000000000000003,0.6250000000000002,0.9537037037037052,0.9259259259259273,0.9537037037037052
0.5733471074380171,4.5546875,5.43359375,0.22499999999999998,0.27499999999999997,0.35000000000000003,0.5250000000000001,0.24999999999999983,0.2037037037037036,0.2592592592592591,0.8000000000000004,0.8000000000000004,0.7000000000000003,0.6250000000000002,0.9537037037037052,0.9259259259259273,0.9537037037037052
0.5743801652892568,4.5625,5.44140625,0.22499999999999998,0.27499999999999997,0.35000000000000003,0.5250000000000001,0.2592592592592591,0.2037037037037036,0.2592592592592591,0.8000000000000004,0.8000000000000004,0.7000000000000003,0.6250000000000002,0.9537037037037052,0.9259259259259273,0.9537037037037052
0.5754132231404965,4.5703125,5.44921875,0.22499999999999998,0.27499999999999997,0.35000000000000003,0.5250000000000001,0.2685185185185183,0.2037037037037036,0.2592592592592591,0.8000000000000004,0.8000000000000004,0.7000000000000003,0.6250000000000002,0.9537037037037052,0.9259259259259273,0.9537037037037052
0.5764462809917362,4.578125,5.45703125,0.22499999999999998,0.27499999999999997,0.35000000000000003,0.5250000000000001,0.2685185185185183,0.21296296296296285,0.2592592592592591,0.8000000000000004,0.8000000000000004,0.7000000000000003,0.6250000000000002,0.9537037037037052,0.9259259259259273,0.9537037037037052
0.5774793388429758,4.5859375,5.46875,0.22499999999999998,0.27499999999999997,0.35000000000000003,0.5250000000000001,0.2685185185185183,0.21296296296296285,0.2592592592592591,0.8000000000000004,0.8000000000000004,0.7000000000000003,0.6250000000000002,0.9537037037037052,0.9259259259259273,0.9629629629629645
0.5785123966942156,4.59375,5.47265625,0.22499999999999998,0.27499999999999997,0.35000000000000003,0.5250000000000001,0.2685185185185183,0.21296296296296285,0.2592592592592591,0.8000000000000004,0.8000000000000004,0.7000000000000003,0.6250000000000002,0.9537037037037052,0.9351851851851866,0.9629629629629645
0.5795454545454551,4.6015625,5.4765625,0.22499999999999998,0.27499999999999997,0.35000000000000003,0.5250000000000001,0.2685185185185183,0.21296296296296285,0.2592592592592591,0.8000000000000004,0.8000000000000004,0.7000000000000003,0.6250000000000002,0.9537037037037052,0.9444444444444459,0.9629629629629645
0.5805785123966948,4.61328125,5.484375,0.22499999999999998,0.27499999999999997,0.35000000000000003,0.5250000000000001,0.27777777777777757,0.21296296296296285,0.2592592592592591,0.8000000000000004,0.8000000000000004,0.7000000000000003,0.6250000000000002,0.9537037037037052,0.9444444444444459,0.9629629629629645
0.5816115702479345,4.62109375,5.4921875,0.22499999999999998,0.27499999999999997,0.35000000000000003,0.5250000000000001,0.2870370370370368,0.21296296296296285,0.2592592592592591,0.8000000000000004,0.8000000000000004,0.7000000000000003,0.6250000000000002,0.9537037037037052,0.9444444444444459,0.9629629629629645
0.5826446280991742,4.62890625,5.5,0.22499999999999998,0.27499999999999997,0.35000000000000003,0.5250000000000001,0.29629629629629606,0.21296296296296285,0.2592592592592591,0.8000000000000004,0.8000000000000004,0.7000000000000003,0.6250000000000002,0.9537037037037052,0.9444444444444459,0.9629629629629645
0.5836776859504138,4.63671875,5.5078125,0.22499999999999998,0.27499999999999997,0.35000000000000003,0.5250000000000001,0.29629629629629606,0.21296296296296285,0.2592592592592591,0.8000000000000004,0.8250000000000004,0.7000000000000003,0.6250000000000002,0.9537037037037052,0.9444444444444459,0.9629629629629645
0.5847107438016536,4.64453125,5.515625,0.22499999999999998,0.27499999999999997,0.35000000000000003,0.5250000000000001,0.29629629629629606,0.21296296296296285,0.2592592592592591,0.8000000000000004,0.8250000000000004,0.7000000000000003,0.6250000000000002,0.9629629629629645,0.9444444444444459,0.9629629629629645
0.5857438016528931,4.65234375,5.5234375,0.22499999999999998,0.27499999999999997,0.35000000000000003,0.5250000000000001,0.29629629629629606,0.21296296296296285,0.2592592592592591,0.8000000000000004,0.8250000000000004,0.7000000000000003,0.6250000000000002,0.9629629629629645,0.9537037037037052,0.9629629629629645
0.5867768595041329,4.6640625,5.53125,0.22499999999999998,0.3,0.35000000000000003,0.5250000000000001,0.29629629629629606,0.21296296296296285,0.2592592592592591,0.8000000000000004,0.8250000000000004,0.7000000000000003,0.6250000000000002,0.9629629629629645,0.9537037037037052,0.9629629629629645
0.5878099173553725,4.67578125,5.5390625,0.22499999999999998,0.3,0.35000000000000003,0.5250000000000001,0.3055555555555553,0.21296296296296285,0.2592592592592591,0.8000000000000004,0.8250000000000004,0.7000000000000003,0.6250000000000002,0.9629629629629645,0.9537037037037052,0.9629629629629645
0.5888429752066121,4.68359375,5.54296875,0.22499999999999998,0.3,0.35000000000000003,0.5250000000000001,0.31481481481481455,0.21296296296296285,0.2592592592592591,0.8000000000000004,0.8250000000000004,0.7000000000000003,0.6250000000000002,0.9629629629629645,0.9537037037037052,0.9629629629629645
0.5898760330578519,4.69140625,5.55078125,0.22499999999999998,0.3,0.35000000000000003,0.5250000000000001,0.31481481481481455,0.2222222222222221,0.2592592592592591,0.8000000000000004,0.8250000000000004,0.7000000000000003,0.6250000000000002,0.9629629629629645,0.9537037037037052,0.9629629629629645
0.5909090909090915,4.69921875,5.55859375,0.22499999999999998,0.3,0.35000000000000003,0.5250000000000001,0.31481481481481455,0.23148148148148134,0.2592592592592591,0.8000000000000004,0.8250000000000004,0.7000000000000003,0.6250000000000002,0.9629629629629645,0.9537037037037052,0.9629629629629645
0.5919421487603312,4.70703125,5.56640625,0.22499999999999998,0.3,0.35000000000000003,0.5250000000000001,0.31481481481481455,0.23148148148148134,0.2592592592592591,0.8000000000000004,0.8250000000000004,0.7000000000000003,0.6250000000000002,0.9629629629629645,0.9537037037037052,0.9722222222222238
0.5929752066115709,4.71875,5.57421875,0.22499999999999998,0.325,0.35000000000000003,0.5250000000000001,0.31481481481481455,0.23148148148148134,0.2592592592592591,0.8000000000000004,0.8250000000000004,0.7000000000000003,0.6250000000000002,0.9629629629629645,0.9537037037037052,0.9722222222222238
0.5940082644628104,4.7265625,5.58203125,0.22499999999999998,0.325,0.35000000000000003,0.5250000000000001,0.31481481481481455,0.23148148148148134,0.2592592592592591,0.8000000000000004,0.8250000000000004,0.7000000000000003,0.6250000000000002,0.9629629629629645,0.9629629629629645,0.9722222222222238
0.5950413223140503,4.73828125,5.58984375,0.22499999999999998,0.325,0.37500000000000006,0.5250000000000001,0.31481481481481455,0.23148148148148134,0.2592592592592591,0.8000000000000004,0.8250000000000004,0.7000000000000003,0.6250000000000002,0.9629629629629645,0.9629629629629645,0.9722222222222238
0.5960743801652898,4.75,5.59765625,0.22499999999999998,0.325,0.37500000000000006,0.5250000000000001,0.3240740740740738,0.23148148148148134,0.2592592592592591,0.8000000000000004,0.8250000000000004,0.7000000000000003,0.6250000000000002,0.9629629629629645,0.9629629629629645,0.9722222222222238
0.5971074380165295,4.7578125,5.6015625,0.22499999999999998,0.325,0.37500000000000006,0.5250000000000001,0.33333333333333304,0.23148148148148134,0.2592592592592591,0.8000000000000004,0.8250000000000004,0.7000000000000003,0.6250000000000002,0.9629629629629645,0.9629629629629645,0.9722222222222238
0.5981404958677692,4.765625,5.60546875,0.22499999999999998,0.325,0.37500000000000006,0.5250000000000001,0.33333333333333304,0.2407407407407406,0.2592592592592591,0.8000000000000004,0.8250000000000004,0.7000000000000003,0.6250000000000002,0.9629629629629645,0.9629629629629645,0.9722222222222238
0.5991735537190088,4.7734375,5.6171875,0.22499999999999998,0.325,0.37500000000000006,0.5250000000000001,0.33333333333333304,0.24999999999999983,0.2592592592592591,0.8000000000000004,0.8250000000000004,0.7000000000000003,0.6250000000000002,0.9629629629629645,0.9629629629629645,0.9722222222222238
0.6002066115702486,4.78125,5.625,0.22499999999999998,0.325,0.37500000000000006,0.5250000000000001,0.33333333333333304,0.24999999999999983,0.2685185185185183,0.8000000000000004,0.8250000000000004,0.7000000000000003,0.6250000000000002,0.9629629629629645,0.9629629629629645,0.9722222222222238
